game num,round num,num_turns,duration (ms),winner,player1 pts,player2 pts,player3 pts,player4 pts,started on set,went out first
1,1,17,0.10816683061420918,player-3,4,4,7,7,player-3,player-3
1,2,19,0.091583002358675,player-2,5,5,11,8,player-4,player-2
1,3,17,0.07433397695422173,player-1,12,12,15,12,player-1,player-1
1,4,20,0.09033316746354103,player-1,16,14,16,19,player-2,player-1
1,5,17,0.07287506014108658,player-3,20,18,23,26,player-3,player-3
1,6,19,0.07825018838047981,player-2,21,19,27,27,player-4,player-2
1,7,17,0.07033394649624825,player-1,28,26,31,31,player-1,player-1
1,8,20,0.08645816706120968,player-1,32,28,32,38,player-2,player-1
1,9,17,0.06937514990568161,player-3,36,32,39,45,player-3,player-3
1,10,19,0.07491698488593102,player-2,37,33,43,46,player-4,player-2
1,11,17,0.06729201413691044,player-1,44,40,47,50,player-1,player-1
1,12,20,0.08458294905722141,player-1,48,42,48,57,player-2,player-1
1,13,17,0.06679189391434193,player-3,52,46,55,64,player-3,player-3
2,1,17,0.07849978283047676,player-1,6,5,7,1,player-1,player-1
2,2,17,0.07829186506569386,player-2,9,9,12,1,player-2,player-2
2,3,17,0.06462493911385536,player-3,18,14,16,5,player-3,player-3
2,4,17,0.07750000804662704,player-4,22,14,26,11,player-4,player-4
2,5,17,0.061166007071733475,player-1,30,18,28,15,player-1,player-1
2,6,20,0.07066596299409866,player-1,35,24,32,19,player-2,player-1
2,7,23,0.08104112930595875,player-1,45,25,38,24,player-3,player-1
2,8,18,0.07058284245431423,player-1,51,26,40,24,player-4,player-1
2,9,18,0.05729100666940212,player-2,52,39,40,25,player-1,player-2
2,10,17,0.07420801557600498,player-2,56,44,47,28,player-2,player-2
3,1,19,0.06512482650578022,player-1,6,3,0,1,player-3,player-1
3,2,17,0.07995800115168095,player-4,6,8,1,7,player-4,player-4
3,3,20,0.07154187187552452,player-4,8,11,1,16,player-1,player-4
3,4,17,0.07904181256890297,player-2,8,21,2,20,player-2,player-2
3,5,17,0.06104190833866596,player-3,10,21,5,23,player-3,player-3
3,6,18,0.07341685704886913,player-1,12,22,5,33,player-4,player-1
3,7,19,0.05295802839100361,none,13,22,6,36,player-1,none
3,8,17,0.073291826993227,player-2,15,26,7,40,player-2,player-2
3,9,19,0.06150011904537678,player-1,22,31,8,40,player-3,player-1
3,10,17,0.06833299994468689,player-4,31,32,13,47,player-4,player-4
3,11,30,0.09008287452161312,player-2,33,35,15,47,player-1,player-2
3,12,19,0.07204082794487476,player-4,35,42,16,53,player-2,player-4
3,13,17,0.07312512025237083,player-3,38,50,21,55,player-3,player-3
4,1,17,0.06737490184605122,player-3,5,2,8,1,player-3,player-3
4,2,18,0.06816699169576168,player-1,7,5,13,3,player-4,player-1
4,3,17,0.07149996235966682,player-1,13,7,20,4,player-1,player-1
4,4,17,0.05058315582573414,player-2,15,11,23,6,player-2,player-2
4,5,20,0.06304099224507809,player-2,17,14,26,7,player-3,player-2
4,6,17,0.07295818068087101,player-4,21,14,31,9,player-4,player-4
4,7,18,0.0724999699741602,player-2,21,20,31,13,player-1,player-2
4,8,17,0.06645801477134228,player-2,24,26,32,15,player-2,player-2
4,9,17,0.07616705261170864,player-3,34,37,37,16,player-3,player-3
4,10,17,0.07295887917280197,player-4,34,38,42,20,player-4,player-4
4,11,21,0.06566685624420643,player-1,38,42,44,26,player-1,player-1
4,12,17,0.07483409717679024,player-2,44,50,48,30,player-2,player-2
4,13,18,0.06779213435947895,player-4,46,50,48,37,player-3,player-4
4,14,18,0.08099991828203201,player-1,59,58,60,47,player-4,player-1
5,1,21,0.09012501686811447,player-3,5,0,9,0,player-3,player-3
5,2,18,0.0955839641392231,player-1,13,0,12,2,player-4,player-1
5,3,17,0.07208390161395073,player-1,17,2,14,7,player-1,player-1
5,4,17,0.07866602391004562,player-2,19,12,15,10,player-2,player-2
5,5,18,0.07045804522931576,player-4,25,16,24,15,player-3,player-4
5,6,17,0.06612483412027359,player-4,25,19,27,19,player-4,player-4
5,7,20,0.10591605678200722,player-4,32,25,39,26,player-1,player-4
5,8,17,0.06104190833866596,player-2,35,36,40,28,player-2,player-2
5,9,19,0.06362493149936199,player-1,44,42,40,31,player-3,player-1
5,10,17,0.07479102350771427,player-4,46,44,48,37,player-4,player-4
5,11,31,0.09774998761713505,player-3,52,50,52,39,player-1,player-3
6,1,17,0.11350004933774471,player-3,6,4,4,4,player-3,player-3
6,2,17,0.2874999772757292,player-4,6,5,7,10,player-4,player-4
6,3,18,0.08874991908669472,player-2,10,6,7,12,player-1,player-2
6,4,17,0.09062513709068298,player-2,13,18,7,18,player-2,player-2
6,5,17,0.05925004370510578,player-3,13,22,12,18,player-3,player-3
6,6,20,0.3896250855177641,player-3,17,24,17,23,player-4,player-3
6,7,18,0.07025012746453285,player-2,18,28,17,26,player-1,player-2
6,8,17,0.09145797230303288,player-2,19,31,20,30,player-2,player-2
6,9,18,0.12883287854492664,player-4,23,31,22,32,player-3,player-4
6,10,17,0.06545800715684891,player-4,23,34,27,35,player-4,player-4
6,11,17,0.07583317346870899,player-1,28,34,29,44,player-1,player-1
6,12,17,0.26237498968839645,player-2,32,35,40,44,player-2,player-2
6,13,18,0.08750008419156075,player-4,32,35,43,52,player-3,player-4
6,14,18,0.06895815022289753,player-1,38,40,46,58,player-4,player-1
6,15,17,0.06404193118214607,player-1,46,46,51,60,player-1,player-1
7,1,18,0.07545901462435722,player-2,8,1,2,1,player-1,player-2
7,2,17,0.059165991842746735,player-2,8,6,3,3,player-2,player-2
7,3,17,0.06954185664653778,player-3,12,8,5,8,player-3,player-3
7,4,17,0.056833960115909576,player-4,13,12,5,21,player-4,player-4
7,5,17,0.06758305244147778,player-1,24,13,14,25,player-1,player-1
7,6,17,0.07504201494157314,player-2,26,21,19,25,player-2,player-2
7,7,17,0.06975000724196434,player-3,28,25,24,27,player-3,player-3
7,8,18,0.08224998600780964,player-1,38,28,24,34,player-4,player-1
7,9,17,0.08520809933543205,player-1,42,33,24,37,player-1,player-1
7,10,17,0.06374996155500412,player-2,49,35,26,42,player-2,player-2
7,11,18,0.07208297029137611,player-4,51,35,29,49,player-3,player-4
7,12,17,0.07241708226501942,player-4,58,42,29,54,player-4,player-4
7,13,17,0.05679205060005188,player-1,61,44,30,57,player-1,player-1
8,1,17,0.06104190833866596,player-4,2,1,1,2,player-4,player-4
8,2,17,0.08095800876617432,player-1,8,3,6,10,player-1,player-1
8,3,20,0.0801661517471075,player-1,9,7,14,12,player-2,player-1
8,4,18,0.07520802319049835,player-4,16,12,18,23,player-3,player-4
8,5,17,0.07520895451307297,player-4,22,16,30,27,player-4,player-4
8,6,21,0.07758289575576782,player-1,30,18,30,31,player-1,player-1
8,7,17,0.07320800796151161,player-2,32,20,33,35,player-2,player-2
8,8,20,0.0819170381873846,player-2,38,25,36,35,player-3,player-2
8,9,17,0.0646661501377821,player-4,41,27,41,40,player-4,player-4
8,10,17,0.053625088185071945,player-1,47,29,43,43,player-1,player-1
8,11,17,0.08154194802045822,player-2,56,38,45,45,player-2,player-2
9,1,19,0.07133395411074162,player-1,8,8,1,0,player-3,player-1
9,2,26,0.08237501606345177,player-1,12,18,1,2,player-4,player-1
9,3,18,0.06645917892456055,player-2,15,24,1,6,player-1,player-2
9,4,18,0.06620911881327629,player-3,20,31,5,13,player-2,player-3
9,5,17,0.05266699008643627,player-3,26,31,7,16,player-3,player-3
9,6,17,0.06787502206861973,player-4,32,32,9,19,player-4,player-4
9,7,19,0.06620888598263264,player-3,34,37,17,19,player-1,player-3
9,8,22,0.08145812898874283,player-3,39,45,26,23,player-2,player-3
9,9,17,0.06829085759818554,player-3,48,45,30,26,player-3,player-3
9,10,20,0.07029203698039055,player-3,49,47,32,28,player-4,player-3
9,11,23,0.07283291779458523,player-3,50,54,34,30,player-1,player-3
9,12,18,0.07491698488593102,player-3,58,59,39,33,player-2,player-3
9,13,17,0.06695813499391079,player-3,58,71,45,39,player-3,player-3
10,1,18,0.05320785567164421,player-4,2,0,0,5,player-3,player-4
10,2,17,0.06879190914332867,player-4,3,4,3,10,player-4,player-4
10,3,19,0.07554097101092339,player-3,3,6,12,14,player-1,player-3
10,4,18,0.07258402183651924,player-3,4,14,16,17,player-2,player-3
10,5,17,0.06625009700655937,player-3,7,20,23,18,player-3,player-3
10,6,17,0.058542005717754364,player-4,8,21,25,19,player-4,player-4
10,7,20,0.06783287972211838,player-4,10,26,27,27,player-1,player-4
10,8,23,0.08233310654759407,player-4,14,33,30,27,player-2,player-4
10,9,20,0.07170788012444973,player-2,25,35,33,27,player-3,player-2
10,10,17,0.05287514068186283,player-4,29,35,33,31,player-4,player-4
10,11,20,0.06766710430383682,player-4,34,35,37,36,player-1,player-4
10,12,19,0.06729108281433582,player-4,36,39,39,41,player-2,player-4
10,13,18,0.07929210551083088,player-4,37,40,45,43,player-3,player-4
10,14,17,0.061583006754517555,player-4,39,40,45,53,player-4,player-4
10,15,18,0.07424992509186268,player-2,43,42,48,55,player-1,player-2
10,16,17,0.06595905870199203,player-2,49,53,48,57,player-2,player-2
11,1,19,0.06612506695091724,player-2,2,0,1,2,player-4,player-2
11,2,18,0.06629200652241707,player-2,6,3,6,7,player-1,player-2
11,3,17,0.06695790216326714,player-2,9,7,14,7,player-2,player-2
11,4,17,0.052625080570578575,player-3,14,7,24,7,player-3,player-3
11,5,17,0.060542020946741104,player-4,15,11,28,12,player-4,player-4
11,6,18,0.06991694681346416,player-2,19,16,29,12,player-1,player-2
11,7,17,0.062125036492943764,player-2,25,24,33,14,player-2,player-2
11,8,19,0.058582983911037445,player-1,31,25,39,17,player-3,player-1
11,9,18,0.07112487219274044,player-1,34,27,45,19,player-4,player-1
11,10,19,0.06312504410743713,player-3,36,30,50,23,player-1,player-3
11,11,18,0.06229197606444359,player-3,39,34,51,25,player-2,player-3
11,12,19,0.06541702896356583,player-1,40,39,58,34,player-3,player-1
11,13,18,0.0616670586168766,player-1,42,39,58,37,player-4,player-1
12,1,17,0.077791977673769,player-3,0,1,7,3,player-3,player-3
12,2,21,0.06562494672834873,player-4,10,7,13,8,player-4,player-4
12,3,17,0.06841588765382767,player-1,21,9,13,8,player-1,player-1
12,4,17,0.07079099304974079,player-2,24,17,15,17,player-2,player-2
12,5,23,0.09779189713299274,player-1,30,23,18,26,player-3,player-1
12,6,18,0.0602498184889555,player-1,33,28,22,30,player-4,player-1
12,7,17,0.06712507456541061,player-1,38,33,28,30,player-1,player-1
12,8,21,0.06824987940490246,player-2,41,36,29,33,player-2,player-2
12,9,17,0.07645809091627598,player-3,45,39,37,33,player-3,player-3
12,10,17,0.057625118643045425,player-4,48,43,39,39,player-4,player-4
12,11,17,0.048958929255604744,player-1,55,45,43,39,player-1,player-1
12,12,20,0.06612506695091724,player-1,61,47,46,43,player-2,player-1
13,1,19,0.08287490345537663,player-3,4,7,7,3,player-1,player-3
13,2,17,0.10120798833668232,player-2,5,13,7,6,player-2,player-2
13,3,23,0.08599995635449886,player-1,12,17,13,11,player-3,player-1
13,4,17,0.05370797589421272,player-4,12,18,13,18,player-4,player-4
13,5,18,0.0663751270622015,player-2,15,24,17,19,player-1,player-2
13,6,17,0.07587508298456669,player-2,17,33,18,20,player-2,player-2
13,7,17,0.10874983854591846,player-3,17,33,21,22,player-3,player-3
13,8,21,0.0779579859226942,player-4,21,34,27,24,player-4,player-4
13,9,18,0.07837498560547829,player-2,40,39,42,25,player-1,player-2
13,10,17,0.07533305324614048,player-2,40,43,42,31,player-2,player-2
13,11,18,0.06408290937542915,player-4,45,49,46,40,player-3,player-4
13,12,18,0.06737490184605122,player-1,46,53,50,44,player-4,player-1
13,13,18,0.06812508217990398,player-2,48,66,50,48,player-1,player-2
14,1,20,0.0647080596536398,player-3,0,2,5,3,player-4,player-3
14,2,17,0.10000006295740604,player-1,4,6,12,9,player-1,player-1
14,3,18,0.06320909596979618,player-3,4,9,18,11,player-2,player-3
14,4,17,0.06283284164965153,player-3,10,17,20,15,player-3,player-3
14,5,18,0.06395881064236164,player-1,13,25,25,20,player-4,player-1
14,6,25,0.09883311577141285,player-1,19,31,27,34,player-1,player-1
14,7,26,0.06287498399615288,none,20,31,29,36,player-2,none
14,8,18,0.07125013507902622,player-4,24,33,32,38,player-3,player-4
14,9,23,0.0874579418450594,player-2,25,33,45,39,player-4,player-2
14,10,17,0.07262500002980232,player-1,31,33,52,41,player-1,player-1
14,11,18,0.09612506255507469,player-3,34,36,57,44,player-2,player-3
14,12,17,0.0664170365780592,player-3,38,38,61,45,player-3,player-3
14,13,18,0.05583302117884159,player-1,42,40,64,48,player-4,player-1
15,1,19,0.06433296948671341,player-1,12,0,7,3,player-3,player-1
15,2,17,0.0699581578373909,player-4,15,7,12,3,player-4,player-4
15,3,17,0.08950009942054749,player-1,15,14,13,5,player-1,player-1
15,4,17,0.07991702295839787,player-2,19,18,15,6,player-2,player-2
15,5,18,0.05695805884897709,player-4,21,22,19,11,player-3,player-4
15,6,20,0.07316702976822853,player-3,27,22,23,11,player-4,player-3
15,7,18,0.07029203698039055,player-2,31,22,27,13,player-1,player-2
15,8,17,0.06445893086493015,player-2,38,23,31,15,player-2,player-2
15,9,17,0.06420793943107128,player-3,42,23,38,16,player-3,player-3
15,10,19,0.08695805445313454,player-2,51,35,40,23,player-4,player-2
15,11,18,0.06816699169576168,player-2,53,40,40,25,player-1,player-2
15,12,17,0.0617089681327343,player-2,56,45,40,27,player-2,player-2
15,13,17,0.06587500683963299,player-3,60,46,43,29,player-3,player-3
16,1,17,0.0838330015540123,player-3,6,2,6,1,player-3,player-3
16,2,17,0.07175002247095108,player-4,8,2,7,13,player-4,player-4
16,3,18,0.060959020629525185,player-2,15,8,9,13,player-1,player-2
16,4,18,0.06724987179040909,player-3,15,13,11,18,player-2,player-3
16,5,17,0.05808286368846893,player-3,17,15,15,18,player-3,player-3
16,6,21,0.05850009620189667,none,17,17,21,22,player-4,none
16,7,18,0.06045796908438206,player-2,17,21,29,22,player-1,player-2
16,8,17,0.07008295506238937,player-2,20,23,30,23,player-2,player-2
16,9,19,0.058125006034970284,player-1,28,23,34,26,player-3,player-1
16,10,17,0.06883405148983002,player-4,34,24,45,28,player-4,player-4
16,11,17,0.05716690793633461,player-1,42,26,45,29,player-1,player-1
16,12,17,0.062499893829226494,player-2,43,31,46,34,player-2,player-2
16,13,18,0.06829202175140381,player-4,44,34,52,40,player-3,player-4
16,14,19,0.06700004450976849,player-2,44,44,52,46,player-4,player-2
16,15,19,0.06920797750353813,player-3,49,54,63,46,player-1,player-3
17,1,17,0.06979214958846569,player-2,8,5,2,2,player-2,player-2
17,2,17,0.05904189310967922,player-3,11,7,8,3,player-3,player-3
17,3,17,0.06958306767046452,player-4,11,14,12,16,player-4,player-4
17,4,17,0.09229197166860104,player-1,17,19,22,16,player-1,player-1
17,5,17,0.0630419235676527,player-2,18,22,24,16,player-2,player-2
17,6,19,0.07895799353718758,player-1,35,22,30,27,player-3,player-1
17,7,17,0.06491690874099731,player-4,41,24,30,31,player-4,player-4
17,8,17,0.052999937906861305,player-1,42,27,36,34,player-1,player-1
17,9,22,0.06179208867251873,player-3,45,28,42,36,player-2,player-3
17,10,17,0.05487515591084957,player-3,47,28,48,38,player-3,player-3
17,11,17,0.06262515671551228,player-4,49,31,54,41,player-4,player-4
18,1,18,0.06437511183321476,player-3,3,6,5,0,player-2,player-3
18,2,17,0.04549999721348286,none,4,8,14,0,player-3,none
18,3,17,0.06574997678399086,player-4,7,9,15,4,player-4,player-4
18,4,17,0.05175010301172733,player-1,8,11,15,8,player-1,player-1
18,5,17,0.06724987179040909,player-2,8,13,20,12,player-2,player-2
18,6,22,0.08525000885128975,player-4,13,18,21,18,player-3,player-4
18,7,17,0.07487507537007332,player-4,15,22,24,27,player-4,player-4
18,8,17,0.05420786328613758,player-1,19,23,28,30,player-1,player-1
18,9,17,0.05250005051493645,player-2,19,31,29,31,player-2,player-2
18,10,17,0.05529215559363365,player-3,21,35,31,34,player-3,player-3
18,11,18,0.07337518036365509,player-1,25,38,37,35,player-4,player-1
18,12,17,0.058625126257538795,player-1,27,40,39,40,player-1,player-1
18,13,31,0.10008295066654682,player-4,27,47,43,43,player-2,player-4
18,14,17,0.06500002928078175,player-3,29,51,46,44,player-3,player-3
18,15,21,0.06766687147319317,player-4,32,57,53,52,player-4,player-4
19,1,20,0.07208413444459438,player-1,4,2,0,2,player-2,player-1
19,2,19,0.07870793342590332,player-1,12,9,10,12,player-3,player-1
19,3,17,0.07566600106656551,player-4,12,9,12,16,player-4,player-4
19,4,17,0.06362516433000565,player-1,20,11,14,16,player-1,player-1
19,5,17,0.060165999457240105,player-2,28,19,14,16,player-2,player-2
19,6,18,0.05979207344353199,player-4,32,22,18,21,player-3,player-4
19,7,17,0.06874999962747097,player-4,38,30,20,25,player-4,player-4
19,8,17,0.05937507376074791,player-1,51,34,25,25,player-1,player-1
19,9,19,0.059999991208314896,player-4,54,36,26,32,player-2,player-4
19,10,17,0.051042065024375916,player-3,56,36,31,35,player-3,player-3
19,11,19,0.07433397695422173,player-2,59,41,35,38,player-4,player-2
19,12,17,0.06958306767046452,player-1,71,46,37,42,player-1,player-1
20,1,17,0.07087504491209984,player-4,4,3,3,5,player-4,player-4
20,2,17,0.062417006120085716,player-1,12,5,5,8,player-1,player-1
20,3,17,0.06733299233019352,player-2,16,7,5,13,player-2,player-2
20,4,19,0.06574997678399086,player-1,25,13,9,13,player-3,player-1
20,5,25,0.07554097101092339,player-4,25,15,10,19,player-4,player-4
20,6,28,0.08175009861588478,player-4,28,21,10,23,player-1,player-4
20,7,20,0.09400001727044582,player-1,37,29,17,23,player-2,player-1
20,8,17,0.06558303721249104,player-3,44,34,25,26,player-3,player-3
20,9,19,0.08158385753631592,player-2,50,41,25,31,player-4,player-2
20,10,17,0.17045787535607815,player-1,57,41,25,34,player-1,player-1
20,11,20,0.08129188790917397,player-1,69,43,27,40,player-2,player-1
20,12,20,0.07087504491209984,player-2,71,47,30,40,player-3,player-2
21,1,17,0.0651658046990633,player-1,7,9,0,3,player-1,player-1
21,2,18,0.0744168646633625,player-3,7,22,12,13,player-2,player-3
21,3,18,0.056666089221835136,player-4,11,26,15,17,player-3,player-4
21,4,19,0.07679197005927563,player-2,11,31,20,25,player-4,player-2
21,5,18,0.07958407513797283,player-2,14,37,26,34,player-1,player-2
21,6,18,0.06854208186268806,player-3,16,38,29,40,player-2,player-3
21,7,17,0.06329198367893696,player-3,16,42,35,46,player-3,player-3
21,8,18,0.06612483412027359,player-1,22,47,35,49,player-4,player-1
21,9,18,0.06487499922513962,player-2,25,51,39,54,player-1,player-2
22,1,17,0.06529223173856735,player-3,5,3,9,1,player-3,player-3
22,2,17,0.06849993951618671,player-4,7,8,10,6,player-4,player-4
22,3,18,0.0741670373827219,player-2,17,14,19,9,player-1,player-2
22,4,17,0.0689169391989708,player-2,26,21,21,13,player-2,player-2
22,5,18,0.06350013427436352,player-4,29,25,22,16,player-3,player-4
22,6,19,0.07858406752347946,player-2,34,32,30,17,player-4,player-2
22,7,18,0.06562494672834873,player-2,40,36,34,23,player-1,player-2
22,8,17,0.06608315743505955,player-2,40,39,41,25,player-2,player-2
22,9,32,0.10737497359514236,player-2,46,42,42,40,player-3,player-2
22,10,18,0.061499886214733124,player-1,51,53,42,48,player-4,player-1
23,1,21,0.06566685624420643,player-1,6,3,6,3,player-1,player-1
23,2,17,0.062000006437301636,player-2,9,7,6,5,player-2,player-2
23,3,17,0.06516696885228157,player-3,18,10,14,7,player-3,player-3
23,4,17,0.062374863773584366,player-4,24,15,14,11,player-4,player-4
23,5,17,0.06891717202961445,player-1,28,24,24,12,player-1,player-1
23,6,21,0.073291826993227,player-2,30,31,37,19,player-2,player-2
23,7,17,0.057791126891970634,player-3,32,31,43,22,player-3,player-3
23,8,17,0.06629200652241707,player-4,43,31,47,26,player-4,player-4
23,9,17,0.05425000563263893,player-1,47,33,50,28,player-1,player-1
23,10,17,0.05224999040365219,player-2,47,42,52,33,player-2,player-2
23,11,20,0.07754191756248474,player-2,47,51,55,38,player-3,player-2
24,1,18,0.07400009781122208,player-4,0,0,9,2,player-3,player-4
24,2,17,0.05820905789732933,player-4,3,5,10,4,player-4,player-4
24,3,17,0.06391690112650394,player-1,7,9,15,5,player-1,player-1
24,4,17,0.09020906873047352,player-2,11,22,21,6,player-2,player-2
24,5,17,0.08658296428620815,player-3,16,25,25,6,player-3,player-3
24,6,18,0.06066705100238323,player-1,16,27,28,10,player-4,player-1
24,7,23,0.08116592653095722,player-3,17,30,31,14,player-1,player-3
24,8,17,0.07016584277153015,player-2,23,34,35,16,player-2,player-2
24,9,18,0.06908387877047062,player-4,24,36,39,26,player-3,player-4
24,10,17,0.0754999928176403,player-4,24,37,39,33,player-4,player-4
24,11,17,0.06450014188885689,player-1,26,41,44,36,player-1,player-1
24,12,17,0.06529106758534908,player-2,28,43,48,42,player-2,player-2
24,13,20,0.07916707545518875,player-2,36,47,52,47,player-3,player-2
24,14,32,0.0888751819729805,player-3,41,48,61,54,player-4,player-3
25,1,18,0.06708409637212753,player-4,0,3,1,3,player-3,player-4
25,2,18,0.06141583435237408,player-1,7,7,1,5,player-4,player-1
25,3,17,0.07433420978486538,player-1,16,7,7,6,player-1,player-1
25,4,18,0.06979214958846569,player-3,21,8,16,6,player-2,player-3
25,5,17,0.06733392365276814,player-3,22,10,19,8,player-3,player-3
25,6,17,0.05929195322096348,player-4,27,11,28,15,player-4,player-4
25,7,17,0.0766250304877758,player-1,32,14,32,16,player-1,player-1
25,8,17,0.07045804522931576,player-2,37,19,35,18,player-2,player-2
25,9,17,0.06245821714401245,player-3,38,21,40,25,player-3,player-3
25,10,17,0.0689169391989708,player-4,41,32,47,38,player-4,player-4
25,11,17,0.07420801557600498,player-1,48,39,49,43,player-1,player-1
25,12,17,0.10041682980954647,player-2,56,44,57,47,player-2,player-2
26,1,26,0.10562501847743988,player-2,3,4,2,5,player-1,player-2
26,2,18,0.0654999166727066,player-3,7,9,3,7,player-2,player-3
26,3,19,0.07591582834720612,player-1,10,10,5,10,player-3,player-1
26,4,18,0.08316617459058762,player-1,17,10,11,17,player-4,player-1
26,5,18,0.06766710430383682,player-2,28,13,11,17,player-1,player-2
26,6,17,0.06874999962747097,player-2,33,15,15,19,player-2,player-2
26,7,17,0.06729201413691044,player-3,34,21,19,22,player-3,player-3
26,8,18,0.06745802238583565,player-1,40,22,25,26,player-4,player-1
26,9,17,0.062417006120085716,player-1,43,24,26,27,player-1,player-1
26,10,20,0.0849580392241478,player-1,44,32,28,27,player-2,player-1
26,11,17,0.08512497879564762,player-3,52,32,44,29,player-3,player-3
26,12,17,0.06170803681015968,player-4,52,43,46,35,player-4,player-4
26,13,17,0.0616670586168766,player-1,58,46,48,36,player-1,player-1
27,1,19,0.07366714999079704,player-3,1,2,9,5,player-1,player-3
27,2,20,0.07691700011491776,player-1,9,3,11,7,player-2,player-1
27,3,17,0.0730419997125864,player-3,9,6,19,7,player-3,player-3
27,4,18,0.06566615775227547,player-1,12,7,20,9,player-4,player-1
27,5,17,0.05958392284810543,player-1,15,14,25,9,player-1,player-1
27,6,19,0.0682910904288292,player-4,20,19,28,16,player-2,player-4
27,7,17,0.05754106678068638,player-3,20,23,29,20,player-3,player-3
27,8,19,0.07224990986287594,player-2,23,35,29,21,player-4,player-2
27,9,17,0.07804087363183498,player-1,33,43,30,21,player-1,player-1
27,10,20,0.07037492468953133,player-1,40,45,34,22,player-2,player-1
27,11,17,0.05541602149605751,player-3,44,53,40,22,player-3,player-3
27,12,20,0.07591699250042439,player-3,44,64,47,32,player-4,player-3
27,13,17,0.09520887397229671,player-1,45,71,50,35,player-1,player-1
28,1,23,0.07691583596169949,player-3,3,3,9,4,player-1,player-3
28,2,18,0.054582953453063965,player-3,6,6,10,6,player-2,player-3
28,3,19,0.06520794704556465,player-1,14,14,13,6,player-3,player-1
28,4,18,0.0639590434730053,player-1,14,14,14,11,player-4,player-1
28,5,18,0.05945796146988869,player-2,18,20,15,11,player-1,player-2
28,6,18,0.08395896293222904,player-3,25,21,30,15,player-2,player-3
28,7,18,0.07099984213709831,player-4,28,23,34,23,player-3,player-4
28,8,17,0.05333311855792999,player-4,30,27,40,35,player-4,player-4
28,9,17,0.06808387115597725,player-1,39,30,40,38,player-1,player-1
28,10,17,0.06520887836813927,player-2,40,36,42,39,player-2,player-2
28,11,17,0.06587500683963299,player-3,43,40,50,39,player-3,player-3
28,12,18,0.08266698569059372,player-1,48,42,57,44,player-4,player-1
29,1,17,0.0902081374078989,player-3,4,0,1,1,player-3,player-3
29,2,20,0.06537511944770813,player-3,5,2,4,9,player-4,player-3
29,3,17,0.059540849179029465,player-1,8,4,7,12,player-1,player-1
29,4,19,0.07304106839001179,player-4,11,4,12,29,player-2,player-4
29,5,21,0.09395903907716274,player-3,11,8,16,30,player-3,player-3
29,6,17,0.08079106919467449,player-4,19,10,22,36,player-4,player-4
29,7,20,0.08699996396899223,player-4,19,12,30,41,player-1,player-4
29,8,19,0.0691248569637537,player-4,20,16,34,52,player-2,player-4
29,9,19,0.08062482811510563,player-1,25,16,43,61,player-3,player-1
29,10,17,0.05495804361999035,player-4,25,20,49,63,player-4,player-4
29,11,17,0.06254180334508419,player-1,27,20,51,66,player-1,player-1
29,12,15,0.04112487658858299,none,27,21,53,74,player-2,none
29,13,17,0.07370789535343647,player-3,31,28,65,74,player-3,player-3
30,1,17,0.07445807568728924,player-3,6,5,5,2,player-3,player-3
30,2,23,0.0588330440223217,none,6,12,6,7,player-4,none
30,3,17,0.059125013649463654,player-1,21,12,10,8,player-1,player-1
30,4,20,0.08033402264118195,player-1,24,16,13,14,player-2,player-1
30,5,18,0.05712499842047691,player-4,24,16,15,20,player-3,player-4
30,6,20,0.0654999166727066,player-3,25,22,27,22,player-4,player-3
30,7,17,0.059999991208314896,player-1,30,24,27,27,player-1,player-1
30,8,20,0.060999998822808266,player-1,34,29,27,31,player-2,player-1
30,9,19,0.07724994793534279,player-1,42,31,32,33,player-3,player-1
30,10,17,0.06262492388486862,player-4,42,35,36,44,player-4,player-4
30,11,18,0.06116693839430809,player-2,48,39,39,54,player-1,player-2
30,12,18,0.06366590969264507,player-3,54,40,40,58,player-2,player-3
30,13,23,0.07037515752017498,player-1,55,46,41,61,player-3,player-1
31,1,17,0.06758398376405239,player-1,7,5,7,6,player-1,player-1
31,2,17,0.06341701373457909,player-2,7,12,9,13,player-2,player-2
31,3,19,0.06295903585851192,player-1,8,16,11,14,player-3,player-1
31,4,17,0.06208312697708607,player-4,17,20,18,15,player-4,player-4
31,5,25,0.06400002166628838,none,20,21,20,16,player-1,none
31,6,17,0.06233295425772667,player-2,24,25,24,18,player-2,player-2
31,7,23,0.06487499922513962,player-1,29,28,26,20,player-3,player-1
31,8,17,0.06674998439848423,player-4,35,30,33,20,player-4,player-4
31,9,18,0.06779097020626068,player-2,42,32,38,30,player-1,player-2
31,10,18,0.05787494592368603,player-3,47,33,49,30,player-2,player-3
31,11,18,0.054459087550640106,player-4,50,37,50,33,player-3,player-4
32,1,17,0.05829101428389549,player-1,8,3,3,3,player-1,player-1
32,2,18,0.06620888598263264,player-3,11,8,11,6,player-2,player-3
32,3,20,0.06033293902873993,player-2,15,12,13,7,player-3,player-2
32,4,17,0.05987496115267277,player-4,16,16,13,11,player-4,player-4
32,5,17,0.056791817769408226,player-1,18,16,16,14,player-1,player-1
32,6,17,0.06016693077981472,player-2,18,23,16,18,player-2,player-2
32,7,17,0.04950002767145634,player-3,19,26,22,21,player-3,player-3
32,8,19,0.07579196244478226,player-2,19,36,27,29,player-4,player-2
32,9,18,0.061750179156661034,player-2,21,40,33,35,player-1,player-2
32,10,18,0.058459118008613586,player-3,22,46,37,36,player-2,player-3
32,11,17,0.0677499920129776,player-3,33,53,39,42,player-3,player-3
32,12,19,0.08062506094574928,player-2,36,65,43,53,player-4,player-2
33,1,20,0.0588330440223217,player-3,1,1,2,3,player-4,player-3
33,2,17,0.06833299994468689,player-1,17,1,2,4,player-1,player-1
33,3,17,0.06333296187222004,player-2,21,4,4,4,player-2,player-2
33,4,21,0.059999991208314896,player-3,23,11,5,7,player-3,player-3
33,5,17,0.06512505933642387,player-4,26,11,6,17,player-4,player-4
33,6,17,0.06312504410743713,player-1,34,13,9,20,player-1,player-1
33,7,17,0.05041598342359066,player-2,34,16,12,22,player-2,player-2
33,8,24,0.08241692557930946,player-2,40,22,18,22,player-3,player-2
33,9,18,0.07004197686910629,player-1,40,23,20,23,player-4,player-1
33,10,17,0.0666249543428421,player-1,44,27,25,26,player-1,player-1
33,11,22,0.06329198367893696,none,47,28,28,26,player-2,none
33,12,19,0.06562517955899239,player-1,51,33,32,29,player-3,player-1
33,13,17,0.07345806807279587,player-4,60,33,40,33,player-4,player-4
34,1,18,0.062000006437301636,player-4,1,5,6,5,player-3,player-4
34,2,18,0.06320816464722157,player-1,5,8,6,7,player-4,player-1
34,3,19,0.12337509542703629,player-3,16,12,17,7,player-1,player-3
34,4,17,0.08354196324944496,player-2,17,21,23,22,player-2,player-2
34,5,18,0.0819589477032423,player-4,31,21,27,31,player-3,player-4
34,6,19,0.0566248781979084,player-2,32,30,28,31,player-4,player-2
34,7,17,0.05966704338788986,player-1,39,34,31,36,player-1,player-1
34,8,17,0.07950002327561378,player-2,42,44,35,37,player-2,player-2
34,9,19,0.0827498733997345,player-1,47,51,37,42,player-3,player-1
34,10,18,0.06937514990568161,player-1,49,54,37,46,player-4,player-1
35,1,18,0.07758289575576782,player-3,1,4,9,4,player-2,player-3
35,2,18,0.05870801396667957,player-4,5,4,14,7,player-3,player-4
35,3,24,0.0639171339571476,player-3,5,7,19,10,player-4,player-3
35,4,22,0.06362493149936199,player-2,9,11,24,11,player-1,player-2
35,5,19,0.07841712795197964,player-4,11,18,31,17,player-2,player-4
35,6,27,0.06954208947718143,player-1,13,18,37,19,player-3,player-1
35,7,17,0.05874992348253727,player-4,13,22,38,25,player-4,player-4
35,8,18,0.06233295425772667,player-2,17,32,38,28,player-1,player-2
35,9,17,0.0742089468985796,player-2,20,37,40,32,player-2,player-2
35,10,18,0.049667200073599815,player-4,21,38,46,35,player-3,player-4
35,11,17,0.06137508898973465,player-4,27,42,46,48,player-4,player-4
35,12,19,0.06070802919566631,player-3,34,42,50,48,player-1,player-3
35,13,17,0.07345806807279587,player-2,41,49,51,50,player-2,player-2
35,14,17,0.05550007335841656,player-3,44,52,59,56,player-3,player-3
36,1,17,0.06975000724196434,player-1,6,0,4,2,player-1,player-1
36,2,17,0.0624160747975111,player-2,11,4,11,7,player-2,player-2
36,3,18,0.05875015631318092,player-4,14,4,13,13,player-3,player-4
36,4,17,0.060916878283023834,player-4,16,6,21,19,player-4,player-4
36,5,17,0.06195809692144394,player-1,17,6,24,21,player-1,player-1
36,6,17,0.057042110711336136,player-2,17,21,26,32,player-2,player-2
36,7,21,0.0535410363227129,none,20,23,32,33,player-3,none
36,8,17,0.07291720248758793,player-4,20,31,35,37,player-4,player-4
36,9,17,0.07529091089963913,player-1,33,34,46,39,player-1,player-1
36,10,17,0.08925003930926323,player-2,35,39,54,41,player-2,player-2
36,11,17,0.053625088185071945,player-3,35,40,58,43,player-3,player-3
36,12,19,0.05979207344353199,player-2,40,44,59,45,player-4,player-2
36,13,17,0.06524985656142235,player-1,47,46,63,45,player-1,player-1
37,1,17,0.06216694600880146,player-2,3,6,0,3,player-2,player-2
37,2,17,0.05541602149605751,player-3,3,10,3,4,player-3,player-3
37,3,17,0.06924988701939583,player-4,11,13,11,11,player-4,player-4
37,4,17,0.06812508217990398,player-1,15,17,13,13,player-1,player-1
37,5,18,0.0715409405529499,player-3,19,24,23,16,player-2,player-3
37,6,17,0.05591590888798237,player-3,19,26,36,19,player-3,player-3
37,7,20,0.09987480007112026,player-3,26,27,42,23,player-4,player-3
37,8,17,0.06566708907485008,player-1,32,30,42,23,player-1,player-1
37,9,17,0.0735411886125803,player-2,36,39,45,26,player-2,player-2
37,10,21,0.09220791980624199,player-3,36,43,48,30,player-3,player-3
37,11,17,0.062000006437301636,player-4,37,48,53,35,player-4,player-4
37,12,18,0.05741603672504425,player-2,37,54,55,39,player-1,player-2
37,13,18,0.06320909596979618,player-3,41,54,64,41,player-2,player-3
38,1,19,0.09170803241431713,player-2,5,11,3,2,player-4,player-2
38,2,17,0.06829202175140381,player-1,11,15,7,5,player-1,player-1
38,3,18,0.06258301436901093,player-3,14,17,10,7,player-2,player-3
38,4,18,0.06229197606444359,player-4,16,21,17,14,player-3,player-4
38,5,20,0.06183306686580181,player-3,17,22,21,17,player-4,player-3
38,6,17,0.08883397094905376,player-1,23,28,21,24,player-1,player-1
38,7,17,0.06204191595315933,player-2,28,33,28,26,player-2,player-2
38,8,20,0.06095808930695057,player-2,28,33,31,27,player-3,player-2
38,9,17,0.07150019519031048,player-4,38,36,42,31,player-4,player-4
38,10,18,0.07225014269351959,player-2,40,39,47,33,player-1,player-2
38,11,26,0.07733306847512722,player-3,41,41,51,33,player-2,player-3
38,12,19,0.05449983291327953,none,43,42,53,33,player-3,none
38,13,17,0.06458302959799767,player-4,46,45,60,38,player-4,player-4
39,1,17,0.06487499922513962,player-4,4,3,3,4,player-4,player-4
39,2,19,0.06795907393097878,player-3,8,6,11,7,player-1,player-3
39,3,17,0.06808387115597725,player-2,13,10,18,10,player-2,player-2
39,4,18,0.07445784285664558,player-4,21,19,20,18,player-3,player-4
39,5,17,0.08091679774224758,player-4,29,28,24,25,player-4,player-4
39,6,20,0.052042072638869286,none,29,28,26,25,player-1,none
39,7,17,0.0666249543428421,player-2,29,33,30,28,player-2,player-2
39,8,17,0.05870801396667957,player-3,32,35,34,31,player-3,player-3
39,9,18,0.06333412602543831,player-1,38,41,37,33,player-4,player-1
39,10,17,0.05850009620189667,player-1,41,46,41,35,player-1,player-1
39,11,18,0.0688750296831131,player-3,50,51,45,37,player-2,player-3
39,12,18,0.060542020946741104,player-4,50,56,46,42,player-3,player-4
39,13,17,0.06429105997085571,player-4,52,59,56,46,player-4,player-4
40,1,18,0.0766669400036335,player-4,3,0,2,7,player-3,player-4
40,2,17,0.0639171339571476,player-4,4,6,4,14,player-4,player-4
40,3,17,0.06562494672834873,player-1,7,8,8,17,player-1,player-1
40,4,18,0.054416945204138756,player-3,12,10,9,18,player-2,player-3
40,5,18,0.0577499158680439,player-4,12,17,9,25,player-3,player-4
40,6,17,0.06449990905821323,player-4,15,17,12,30,player-4,player-4
40,7,17,0.057499855756759644,player-1,18,20,18,31,player-1,player-1
40,8,17,0.06374996155500412,player-2,23,24,23,35,player-2,player-2
40,9,17,0.06229081191122532,player-3,23,27,27,37,player-3,player-3
40,10,19,0.07433397695422173,player-2,28,31,35,37,player-4,player-2
40,11,17,0.05766679532825947,player-1,30,33,36,37,player-1,player-1
40,12,17,0.06787502206861973,player-2,34,36,37,43,player-2,player-2
40,13,18,0.06920797750353813,player-4,36,39,38,49,player-3,player-4
40,14,17,0.0541249755769968,player-4,36,42,41,54,player-4,player-4
40,15,17,0.05308282561600208,player-1,44,47,41,57,player-1,player-1
41,1,18,0.05620787851512432,player-3,3,5,8,7,player-2,player-3
41,2,17,0.05587493069469929,player-3,7,5,11,9,player-3,player-3
41,3,17,0.06500002928078175,player-4,12,10,15,16,player-4,player-4
41,4,17,0.046999892219901085,player-1,16,11,16,18,player-1,player-1
41,5,17,0.06512505933642387,player-2,20,15,18,18,player-2,player-2
41,6,22,0.08179107680916786,player-4,23,17,19,27,player-3,player-4
41,7,18,0.05512521602213383,player-1,26,21,23,28,player-4,player-1
41,8,17,0.05904189310967922,player-1,32,24,26,30,player-1,player-1
41,9,20,0.052625080570578575,none,42,25,26,31,player-2,none
41,10,17,0.06125005893409252,player-3,43,33,32,32,player-3,player-3
41,11,17,0.07258309051394463,player-4,51,41,34,33,player-4,player-4
41,12,23,0.06304099224507809,player-3,55,42,38,33,player-1,player-3
41,13,17,0.05262484773993492,player-2,57,44,41,33,player-2,player-2
41,14,17,0.07008295506238937,player-3,57,53,43,35,player-3,player-3
42,1,20,0.06404099985957146,none,2,0,0,3,player-4,none
42,2,20,0.07104198448359966,player-4,8,5,0,13,player-1,player-4
42,3,17,0.10062498040497303,player-2,11,8,6,14,player-2,player-2
42,4,17,0.06504193879663944,player-3,18,12,17,18,player-3,player-3
42,5,18,0.09291688911616802,player-1,25,19,17,20,player-4,player-1
42,6,17,0.06633414886891842,player-1,33,22,21,20,player-1,player-1
42,7,18,0.07499987259507179,player-3,40,25,24,22,player-2,player-3
42,8,17,0.05312496796250343,player-3,44,26,28,25,player-3,player-3
42,9,17,0.059042125940322876,player-4,44,33,28,32,player-4,player-4
42,10,18,0.059916870668530464,player-2,45,38,30,38,player-1,player-2
42,11,18,0.06362493149936199,player-3,46,52,34,44,player-2,player-3
42,12,18,0.06770901381969452,player-4,61,58,36,54,player-3,player-4
43,1,17,0.071333022788167,player-2,6,7,1,11,player-2,player-2
43,2,18,0.07500010542571545,player-4,6,9,5,20,player-3,player-4
43,3,17,0.06854184903204441,player-4,10,11,5,24,player-4,player-4
43,4,17,0.06183399818837643,player-1,15,13,10,33,player-1,player-1
43,5,20,0.0704578123986721,player-1,21,14,12,37,player-2,player-1
43,6,17,0.06524985656142235,player-3,26,18,19,37,player-3,player-3
43,7,17,0.05687493830919266,player-4,26,26,22,40,player-4,player-4
43,8,17,0.07804203778505325,player-1,29,29,25,48,player-1,player-1
43,9,20,0.06741704419255257,player-1,37,31,26,51,player-2,player-1
43,10,17,0.051582930609583855,player-3,37,31,33,53,player-3,player-3
43,11,21,0.0744168646633625,player-4,44,32,38,56,player-4,player-4
43,12,18,0.07620779797434807,player-2,47,39,40,58,player-1,player-2
43,13,21,0.0527920201420784,none,51,40,43,58,player-2,none
43,14,17,0.09595905430614948,player-3,51,49,50,66,player-3,player-3
44,1,17,0.07433304563164711,player-1,13,3,9,0,player-1,player-1
44,2,17,0.08791708387434483,player-2,15,9,13,7,player-2,player-2
44,3,28,0.0788751058280468,player-2,16,13,15,10,player-3,player-2
44,4,17,0.060791848227381706,player-4,19,13,16,13,player-4,player-4
44,5,22,0.0778338871896267,player-2,22,20,17,17,player-1,player-2
44,6,18,0.06291712634265423,player-3,27,23,24,21,player-2,player-3
44,7,18,0.059499870985746384,player-4,30,30,31,22,player-3,player-4
44,8,17,0.06079208105802536,player-4,32,34,36,23,player-4,player-4
44,9,17,0.048083020374178886,player-1,36,37,38,25,player-1,player-1
44,10,17,0.05320785567164421,player-2,36,44,38,26,player-2,player-2
44,11,19,0.06366614252328873,player-1,40,45,40,31,player-3,player-1
44,12,19,0.05191587843000889,player-2,41,54,42,33,player-4,player-2
44,13,17,0.0737910158932209,player-1,51,60,45,33,player-1,player-1
44,14,22,0.0936251599341631,player-3,54,68,58,41,player-2,player-3
45,1,18,0.0972081907093525,player-4,8,0,2,9,player-3,player-4
45,2,30,0.11970894411206245,player-1,12,1,6,15,player-4,player-1
45,3,20,0.10066595859825611,player-4,15,4,7,20,player-1,player-4
45,4,20,0.07291696965694427,player-1,20,10,9,26,player-2,player-1
45,5,19,0.07204199209809303,player-1,26,13,12,27,player-3,player-1
45,6,17,0.06287498399615288,player-4,28,15,21,31,player-4,player-4
45,7,19,0.062333885580301285,player-3,29,19,29,31,player-1,player-3
45,8,17,0.058791832998394966,player-2,31,20,35,35,player-2,player-2
45,9,17,0.06449990905821323,player-3,34,24,37,35,player-3,player-3
45,10,20,0.05966587923467159,player-3,34,25,41,39,player-4,player-3
45,11,18,0.08287490345537663,player-2,44,34,46,41,player-1,player-2
45,12,19,0.0652919989079237,player-4,49,38,50,50,player-2,player-4
45,13,17,0.07433304563164711,player-3,59,38,55,52,player-3,player-3
46,1,17,0.062166014686226845,player-1,6,0,7,9,player-1,player-1
46,2,21,0.08099991828203201,player-2,9,8,8,14,player-2,player-2
46,3,19,0.06233295425772667,player-1,17,17,8,22,player-3,player-1
46,4,17,0.06924988701939583,player-4,21,19,11,30,player-4,player-4
46,5,18,0.06900005973875523,player-2,31,25,14,32,player-1,player-2
46,6,27,0.08108303882181644,none,33,27,15,34,player-2,none
46,7,18,0.07483316585421562,player-4,38,30,17,39,player-3,player-4
46,8,19,0.06874999962747097,player-2,48,39,21,40,player-4,player-2
46,9,21,0.0677499920129776,player-1,55,45,26,46,player-1,player-1
46,10,17,0.07070903666317463,player-2,58,51,29,49,player-2,player-2
47,1,22,0.06754114292562008,player-4,2,2,2,7,player-3,player-4
47,2,17,0.053625088185071945,player-4,9,2,11,13,player-4,player-4
47,3,17,0.06508291698992252,player-1,11,2,12,20,player-1,player-1
47,4,19,0.054666073992848396,player-4,13,6,13,22,player-2,player-4
47,5,18,0.05737505853176117,player-4,14,6,18,22,player-3,player-4
47,6,17,0.08454197086393833,player-4,17,16,18,28,player-4,player-4
47,7,18,0.051957787945866585,player-2,25,25,22,35,player-1,player-2
47,8,17,0.048165908083319664,player-2,27,30,23,38,player-2,player-2
47,9,18,0.06041605956852436,player-4,29,30,26,41,player-3,player-4
47,10,17,0.05929102189838886,player-4,34,32,26,44,player-4,player-4
47,11,26,0.07929094135761261,player-2,41,35,26,48,player-1,player-2
47,12,18,0.05654105916619301,player-3,44,40,28,49,player-2,player-3
47,13,20,0.05891616456210613,player-2,45,42,30,51,player-3,player-2
47,14,17,0.07470790296792984,player-4,54,44,32,56,player-4,player-4
48,1,17,0.07049995474517345,player-2,6,4,3,2,player-2,player-2
48,2,19,0.0599580816924572,player-1,9,7,5,8,player-3,player-1
48,3,17,0.08587492629885674,player-4,9,10,11,10,player-4,player-4
48,4,21,0.07858290337026119,player-1,16,10,21,12,player-1,player-1
48,5,18,0.07116678170859814,player-3,21,12,24,18,player-2,player-3
48,6,18,0.059582991525530815,player-4,23,12,31,21,player-3,player-4
48,7,20,0.07654214277863503,player-3,26,18,36,25,player-4,player-3
48,8,19,0.06429199129343033,player-3,27,22,40,25,player-1,player-3
48,9,19,0.06666709668934345,player-4,34,27,47,30,player-2,player-4
48,10,19,0.05666702054440975,player-1,39,29,48,32,player-3,player-1
48,11,19,0.05874992348253727,player-2,42,32,51,34,player-4,player-2
48,12,17,0.05358387716114521,player-1,47,37,53,38,player-1,player-1
49,1,18,0.05970895290374756,player-3,5,3,5,4,player-2,player-3
49,2,17,0.05445792339742184,player-3,5,6,8,7,player-3,player-3
49,3,17,0.05229189991950989,player-4,8,8,11,16,player-4,player-4
49,4,17,0.0524579081684351,player-1,15,9,20,19,player-1,player-1
49,5,18,0.06395811215043068,player-3,15,13,24,19,player-2,player-3
49,6,17,0.050333794206380844,player-3,20,17,31,21,player-3,player-3
49,7,19,0.08100015111267567,player-2,22,26,32,24,player-4,player-2
49,8,17,0.05087512545287609,player-1,33,26,40,24,player-1,player-1
49,9,18,0.06037508137524128,player-3,39,32,44,27,player-2,player-3
49,10,17,0.06566592492163181,player-3,45,36,54,32,player-3,player-3
49,11,23,0.0674158800393343,player-2,46,38,57,33,player-4,player-2
50,1,17,0.05037500523030758,player-4,3,0,1,4,player-4,player-4
50,2,17,0.06595905870199203,player-1,7,6,1,10,player-1,player-1
50,3,18,0.05495804361999035,player-3,8,7,3,10,player-2,player-3
50,4,17,0.04754215478897095,player-3,11,8,6,11,player-3,player-3
50,5,17,0.05408306606113911,player-4,12,10,8,17,player-4,player-4
50,6,20,0.06945803761482239,player-4,13,10,15,23,player-1,player-4
50,7,18,0.06345799192786217,player-3,17,15,17,23,player-2,player-3
50,8,17,0.05787494592368603,player-3,25,16,20,24,player-3,player-3
50,9,25,0.07679197005927563,none,28,26,20,30,player-4,none
50,10,19,0.057999975979328156,player-3,30,32,22,30,player-1,player-3
50,11,31,0.07333303801715374,none,30,32,22,33,player-2,none
50,12,19,0.07783295586705208,player-1,37,33,25,40,player-3,player-1
50,13,18,0.07179100066423416,player-1,43,38,25,42,player-4,player-1
50,14,17,0.059999991208314896,player-1,47,41,26,43,player-1,player-1
50,15,19,0.0691248569637537,player-4,47,48,28,55,player-2,player-4
51,1,17,0.05287514068186283,player-2,4,8,0,2,player-2,player-2
51,2,17,0.06424984894692898,player-3,4,10,10,10,player-3,player-3
51,3,18,0.06004190072417259,player-1,8,12,16,10,player-4,player-1
51,4,18,0.07004197686910629,player-2,14,14,20,11,player-1,player-2
51,5,17,0.06158393807709217,player-2,21,20,22,11,player-2,player-2
51,6,17,0.05495804361999035,player-3,24,20,30,14,player-3,player-3
51,7,27,0.08283299393951893,player-2,24,27,35,17,player-4,player-2
51,8,22,0.06912508979439735,player-2,25,32,40,25,player-1,player-2
51,9,17,0.04800013266503811,player-2,28,36,41,27,player-2,player-2
51,10,18,0.06762496195733547,player-4,30,39,45,29,player-3,player-4
51,11,17,0.057958997786045074,player-4,32,42,52,35,player-4,player-4
51,12,18,0.05795806646347046,player-2,32,51,53,40,player-1,player-2
51,13,19,0.07320800796151161,player-4,39,54,57,46,player-2,player-4
52,1,17,0.07879198528826237,player-4,0,6,0,8,player-4,player-4
52,2,19,0.07149996235966682,player-3,8,11,8,9,player-1,player-3
52,3,18,0.05454220809042454,player-3,8,12,15,14,player-2,player-3
52,4,17,0.05900021642446518,player-3,8,12,18,15,player-3,player-3
52,5,17,0.05570799112319946,player-4,10,14,23,22,player-4,player-4
52,6,20,0.07112487219274044,player-4,14,17,28,25,player-1,player-4
52,7,18,0.06600003689527512,player-3,15,26,34,28,player-2,player-3
52,8,17,0.06679189391434193,player-3,15,35,36,28,player-3,player-3
52,9,17,0.07962505333125591,player-4,24,39,44,36,player-4,player-4
52,10,20,0.0813330989331007,player-4,28,39,44,44,player-1,player-4
52,11,20,0.0819589477032423,player-1,32,39,48,52,player-2,player-1
52,12,17,0.05408399738371372,player-3,36,39,51,53,player-3,player-3
52,13,17,0.05700020119547844,player-4,40,41,51,64,player-4,player-4
53,1,18,0.049625057727098465,player-1,6,5,2,3,player-4,player-1
53,2,20,0.06729201413691044,player-4,8,11,2,6,player-1,player-4
53,3,18,0.0635830219835043,player-3,10,12,5,8,player-2,player-3
53,4,18,0.06712484173476696,player-4,12,14,10,13,player-3,player-4
53,5,18,0.07379194721579552,player-1,18,25,13,13,player-4,player-1
53,6,17,0.05450006574392319,player-1,25,27,13,17,player-1,player-1
53,7,19,0.07433304563164711,player-4,27,30,20,21,player-2,player-4
53,8,20,0.06987480446696281,player-2,31,35,22,28,player-3,player-2
53,9,21,0.07083290256559849,player-4,39,41,35,34,player-4,player-4
53,10,17,0.05825003609061241,player-1,41,45,35,35,player-1,player-1
53,11,18,0.06512505933642387,player-3,49,51,39,37,player-2,player-3
53,12,17,0.06779213435947895,player-3,52,56,44,37,player-3,player-3
53,13,17,0.08287513628602028,player-4,54,65,45,49,player-4,player-4
54,1,18,0.10462501086294651,player-1,6,0,0,1,player-4,player-1
54,2,18,0.07479102350771427,player-2,11,7,6,6,player-1,player-2
54,3,19,0.06545800715684891,player-4,17,12,11,17,player-2,player-4
54,4,17,0.07162499241530895,player-3,20,13,17,22,player-3,player-3
54,5,17,0.07899990305304527,player-4,20,17,19,29,player-4,player-4
54,6,18,0.07462501525878906,player-2,22,20,21,33,player-1,player-2
54,7,18,0.06754184141755104,player-3,27,22,28,35,player-2,player-3
54,8,17,0.051208073273301125,player-3,27,22,29,36,player-3,player-3
54,9,17,0.0868749339133501,player-4,31,25,36,43,player-4,player-4
54,10,26,0.08612498641014099,none,35,27,37,44,player-1,none
54,11,20,0.06674998439848423,player-1,41,28,37,46,player-2,player-1
54,12,17,0.06983289495110512,player-3,41,28,40,52,player-3,player-3
54,13,17,0.06266683340072632,player-4,43,28,40,55,player-4,player-4
54,14,17,0.0950000248849392,player-1,46,34,44,61,player-1,player-1
54,15,19,0.08199992589652538,player-4,50,40,51,64,player-2,player-4
55,1,20,0.08716690354049206,player-1,4,4,1,6,player-2,player-1
55,2,17,0.05350005812942982,player-3,4,4,6,7,player-3,player-3
55,3,17,0.07654097862541676,player-4,6,7,8,16,player-4,player-4
55,4,19,0.06949994713068008,player-3,9,10,11,17,player-1,player-3
55,5,19,0.08229189552366734,player-4,14,17,24,19,player-2,player-4
55,6,17,0.06929179653525352,player-3,18,29,27,27,player-3,player-3
55,7,17,0.06145797669887543,player-4,20,29,28,32,player-4,player-4
55,8,17,0.05570799112319946,player-1,26,34,32,32,player-1,player-1
55,9,17,0.07029203698039055,player-2,33,37,36,36,player-2,player-2
55,10,17,0.05987496115267277,player-3,33,40,42,38,player-3,player-3
55,11,25,0.0744168646633625,player-4,34,40,44,49,player-4,player-4
55,12,18,0.05079200491309166,player-2,37,51,46,52,player-1,player-2
56,1,17,0.05883281119167805,player-2,0,10,6,1,player-2,player-2
56,2,17,0.054833944886922836,player-3,9,12,15,6,player-3,player-3
56,3,17,0.06104190833866596,player-4,11,17,16,9,player-4,player-4
56,4,19,0.06833299994468689,player-3,16,19,24,10,player-1,player-3
56,5,17,0.05079200491309166,player-2,17,24,26,10,player-2,player-2
56,6,35,0.08729193359613419,player-1,22,26,31,10,player-3,player-1
56,7,25,0.09200000204145908,player-4,24,38,33,18,player-4,player-4
56,8,18,0.0624160747975111,player-2,26,45,35,21,player-1,player-2
56,9,25,0.06566592492163181,player-2,26,54,38,22,player-2,player-2
56,10,18,0.05174987018108368,player-4,28,57,38,22,player-3,player-4
56,11,22,0.08350005373358727,player-1,34,57,45,27,player-4,player-1
56,12,17,0.05208305083215237,player-1,37,57,45,31,player-1,player-1
56,13,19,0.07100007496774197,player-4,44,63,46,36,player-2,player-4
56,14,18,0.0730000901967287,player-4,52,68,51,42,player-3,player-4
57,1,17,0.06062490865588188,player-1,5,0,2,5,player-1,player-1
57,2,17,0.05479203537106514,player-2,6,2,4,7,player-2,player-2
57,3,17,0.05112495273351669,player-3,9,5,7,7,player-3,player-3
57,4,17,0.077791977673769,player-4,18,12,8,13,player-4,player-4
57,5,17,0.05308305844664574,player-1,25,13,11,13,player-1,player-1
57,6,17,0.054625095799565315,player-2,35,15,13,21,player-2,player-2
57,7,17,0.0630838330835104,player-3,41,17,16,26,player-3,player-3
57,8,18,0.0567091628909111,player-1,42,17,22,38,player-4,player-1
57,9,17,0.0700000673532486,player-1,45,19,25,40,player-1,player-1
57,10,17,0.07650000043213367,player-2,47,22,27,43,player-2,player-2
57,11,17,0.060165999457240105,player-3,49,22,36,45,player-3,player-3
57,12,21,0.06379210390150547,player-4,57,22,36,53,player-4,player-4
57,13,21,0.08849985897541046,player-1,69,27,41,56,player-1,player-1
58,1,17,0.07433304563164711,player-3,10,2,11,4,player-3,player-3
58,2,19,0.05979207344353199,player-2,14,5,16,4,player-4,player-2
58,3,18,0.060416990891098976,player-2,15,6,22,6,player-1,player-2
58,4,20,0.08116709068417549,player-1,19,10,25,7,player-2,player-1
58,5,23,0.0726659782230854,none,26,19,32,9,player-3,none
58,6,20,0.057999975979328156,player-3,26,23,42,9,player-4,player-3
58,7,18,0.049541937187314034,player-2,27,25,45,10,player-1,player-2
58,8,19,0.07629208266735077,player-4,27,32,48,18,player-2,player-4
58,9,17,0.05708402022719383,player-3,28,37,49,20,player-3,player-3
58,10,19,0.05087489262223244,none,29,38,53,22,player-4,none
58,11,21,0.06933393888175488,player-1,32,39,55,25,player-1,player-1
58,12,27,0.08208304643630981,player-4,39,43,61,31,player-2,player-4
59,1,20,0.08754082955420017,player-2,9,5,2,5,player-3,player-2
59,2,18,0.05095801316201687,player-1,14,6,4,5,player-4,player-1
59,3,17,0.06766710430383682,player-1,24,10,8,5,player-1,player-1
59,4,17,0.07391697727143764,player-2,31,15,8,10,player-2,player-2
59,5,18,0.057582976296544075,player-4,38,23,14,19,player-3,player-4
59,6,17,0.06366614252328873,player-4,44,28,19,28,player-4,player-4
59,7,17,0.06654183380305767,player-1,45,37,24,32,player-1,player-1
59,8,27,0.07762480527162552,player-4,49,41,24,39,player-2,player-4
59,9,17,0.07183291018009186,player-3,53,42,28,39,player-3,player-3
59,10,18,0.05133403465151787,player-1,53,44,30,42,player-4,player-1
59,11,17,0.07075001485645771,player-1,57,45,31,47,player-1,player-1
59,12,17,0.06474996916949749,player-2,59,50,31,56,player-2,player-2
60,1,22,0.06562494672834873,player-2,6,1,3,8,player-1,player-2
60,2,18,0.06637489423155785,player-3,6,2,7,13,player-2,player-3
60,3,18,0.06687501445412636,player-4,10,4,12,22,player-3,player-4
60,4,17,0.06166589446365833,player-4,13,9,21,28,player-4,player-4
60,5,17,0.07075001485645771,player-1,16,16,24,36,player-1,player-1
60,6,17,0.07458310574293137,player-2,22,21,25,36,player-2,player-2
60,7,19,0.0554998405277729,player-1,28,24,27,39,player-3,player-1
60,8,17,0.0642088707536459,player-4,31,25,32,54,player-4,player-4
60,9,18,0.06687501445412636,player-2,32,31,35,60,player-1,player-2
60,10,20,0.07224990986287594,player-1,32,34,38,64,player-2,player-1
60,11,21,0.06858282722532749,player-3,35,35,44,67,player-3,player-3
61,1,20,0.07320893928408623,player-1,7,3,4,6,player-2,player-1
61,2,20,0.06420793943107128,player-2,10,12,10,9,player-3,player-2
61,3,19,0.060582999140024185,player-2,12,14,14,14,player-4,player-2
61,4,18,0.05666702054440975,player-2,16,23,16,18,player-1,player-2
61,5,19,0.08012494072318077,player-4,18,32,21,27,player-2,player-4
61,6,19,0.08237501606345177,player-1,39,37,27,27,player-3,player-1
61,7,19,0.0649159774184227,player-2,40,41,31,28,player-4,player-2
61,8,18,0.06170803681015968,player-2,46,46,31,30,player-1,player-2
61,9,17,0.05929102189838886,player-2,48,53,31,34,player-2,player-2
61,10,18,0.05858391523361206,player-4,52,55,36,36,player-3,player-4
61,11,17,0.091583002358675,player-4,58,60,39,37,player-4,player-4
61,12,18,0.062499893829226494,player-2,65,63,44,39,player-1,player-2
62,1,19,0.08549983613193035,player-2,4,8,5,5,player-4,player-2
62,2,17,0.09949994273483753,player-1,24,11,19,9,player-1,player-1
62,3,40,0.15262491069734097,none,25,34,19,14,player-2,none
62,4,18,0.0742089468985796,player-4,29,35,23,16,player-3,player-4
62,5,19,0.06270804442465305,player-2,37,38,25,17,player-4,player-2
62,6,18,0.0785409938544035,player-2,39,41,32,22,player-1,player-2
62,7,23,0.10587507858872414,player-4,42,49,35,28,player-2,player-4
62,8,19,0.07862504571676254,player-1,47,54,35,32,player-3,player-1
62,9,18,0.06266683340072632,player-1,55,54,36,36,player-4,player-1
62,10,17,0.05833292379975319,player-1,60,60,41,37,player-1,player-1
63,1,17,0.067457789555192,player-3,1,1,9,2,player-3,player-3
63,2,22,0.10137492790818214,player-1,5,3,10,7,player-4,player-1
63,3,17,0.0802918802946806,player-1,10,6,12,8,player-1,player-1
63,4,17,0.08408399298787117,player-2,14,17,15,8,player-2,player-2
63,5,17,0.061957864090800285,player-3,14,22,21,13,player-3,player-3
63,6,24,0.09566592052578926,none,23,24,24,15,player-4,none
63,7,19,0.0610831193625927,player-3,25,28,30,15,player-1,player-3
63,8,17,0.05708308890461922,player-2,28,31,35,15,player-2,player-2
63,9,17,0.053958967328071594,player-3,30,33,40,16,player-3,player-3
63,10,17,0.06450014188885689,player-4,30,37,43,24,player-4,player-4
63,11,18,0.06891717202961445,player-2,30,39,49,35,player-1,player-2
63,12,18,0.06187497638165951,player-3,34,45,54,39,player-2,player-3
63,13,17,0.13520894572138786,player-3,36,48,59,39,player-3,player-3
63,14,18,0.07541594095528126,player-1,40,53,62,43,player-4,player-1
64,1,17,0.06312504410743713,player-1,2,0,4,9,player-1,player-1
64,2,17,0.06254087202250957,player-2,8,9,7,9,player-2,player-2
64,3,17,0.07349997758865356,player-3,13,15,11,13,player-3,player-3
64,4,18,0.06870809011161327,player-1,19,18,16,17,player-4,player-1
64,5,18,0.07920805364847183,player-2,21,24,25,18,player-1,player-2
64,6,18,0.07262500002980232,player-3,28,24,29,22,player-2,player-3
64,7,17,0.06691599264740944,player-3,30,26,32,25,player-3,player-3
64,8,18,0.0671660527586937,player-1,34,30,35,26,player-4,player-1
64,9,24,0.07766694761812687,player-4,34,31,42,32,player-1,player-4
64,10,17,0.07783412002027035,player-2,36,36,46,34,player-2,player-2
64,11,17,0.08054100908339024,player-3,39,37,50,41,player-3,player-3
64,12,17,0.06745802238583565,player-4,46,40,53,45,player-4,player-4
64,13,17,0.06425008177757263,player-1,50,40,57,53,player-1,player-1
65,1,17,0.06591691635549068,player-4,1,2,9,2,player-4,player-4
65,2,17,0.06291689351201057,player-1,4,6,9,4,player-1,player-1
65,3,17,0.0724580604583025,player-2,5,13,11,18,player-2,player-2
65,4,18,0.06691715680062771,player-4,7,17,13,22,player-3,player-4
65,5,19,0.07212487980723381,player-2,7,18,16,25,player-4,player-2
65,6,17,0.06008311174809933,player-1,15,21,17,28,player-1,player-1
65,7,19,0.09558303281664848,player-4,23,36,29,47,player-2,player-4
65,8,21,0.07970794104039669,player-3,27,38,32,48,player-3,player-3
65,9,17,0.08199992589652538,player-4,28,45,34,51,player-4,player-4
65,10,17,0.08925003930926323,player-1,33,47,34,55,player-1,player-1
66,1,18,0.07158308289945126,player-1,4,0,3,7,player-4,player-1
66,2,17,0.05345814861357212,player-1,7,1,8,10,player-1,player-1
66,3,17,0.0652081798762083,player-2,7,1,9,11,player-2,player-2
66,4,18,0.0862909946590662,player-4,14,5,18,13,player-3,player-4
66,5,24,0.07408298552036285,none,16,7,20,13,player-4,none
66,6,23,0.1054159365594387,player-3,22,17,23,13,player-1,player-3
66,7,18,0.07370905950665474,player-3,23,20,26,14,player-2,player-3
66,8,17,0.05974993109703064,player-3,26,24,28,18,player-3,player-3
66,9,17,0.06062490865588188,player-4,26,26,30,25,player-4,player-4
66,10,17,0.06374996155500412,player-1,28,30,34,29,player-1,player-1
66,11,17,0.06466708146035671,player-2,34,35,35,29,player-2,player-2
66,12,20,0.0719169620424509,player-2,38,42,36,31,player-3,player-2
66,13,17,0.0588330440223217,player-4,46,43,44,36,player-4,player-4
66,14,17,0.06987503729760647,player-1,49,48,48,36,player-1,player-1
66,15,17,0.06841588765382767,player-2,49,58,48,36,player-2,player-2
66,16,17,0.05129189230501652,player-3,52,62,53,36,player-3,player-3
67,1,17,0.10208389721810818,player-3,2,3,5,3,player-3,player-3
67,2,17,0.0696659553796053,player-4,6,3,12,12,player-4,player-4
67,3,19,0.0680841039866209,player-3,13,3,15,12,player-1,player-3
67,4,17,0.05916692316532135,player-2,16,4,20,16,player-2,player-2
67,5,17,0.05616620182991028,player-3,20,5,26,16,player-3,player-3
67,6,17,0.0588749535381794,player-4,23,11,34,19,player-4,player-4
67,7,17,0.06454088725149632,player-1,29,11,35,22,player-1,player-1
67,8,23,0.07583294063806534,player-4,35,16,35,24,player-2,player-4
67,9,19,0.07025012746453285,player-1,39,16,41,27,player-3,player-1
67,10,25,0.09108404628932476,player-4,39,20,47,35,player-4,player-4
67,11,17,0.06933393888175488,player-1,43,27,49,35,player-1,player-1
67,12,19,0.06254087202250957,player-4,47,30,53,36,player-2,player-4
68,1,18,0.06450014188885689,player-1,1,4,2,3,player-4,player-1
68,2,19,0.05683302879333496,player-3,5,7,12,3,player-1,player-3
68,3,16,0.04654191434383392,none,6,10,13,5,player-2,none
68,4,17,0.05437503568828106,player-3,8,13,15,7,player-3,player-3
68,5,18,0.05095801316201687,player-1,11,15,19,8,player-4,player-1
68,6,17,0.07316702976822853,player-1,13,16,26,16,player-1,player-1
68,7,17,0.08304114453494549,player-2,13,28,29,23,player-2,player-2
68,8,21,0.06441702134907246,player-3,14,29,35,24,player-3,player-3
68,9,30,0.08058315142989159,player-1,25,30,42,27,player-4,player-1
68,10,21,0.07149996235966682,player-1,31,31,46,31,player-1,player-1
68,11,17,0.06700004450976849,player-2,39,41,50,40,player-2,player-2
68,12,21,0.0665830448269844,player-3,43,44,54,40,player-3,player-3
68,13,18,0.05666702054440975,player-1,50,46,54,41,player-4,player-1
69,1,18,0.056958990171551704,player-3,3,2,7,2,player-2,player-3
69,2,17,0.05745794624090195,player-3,8,5,10,2,player-3,player-3
69,3,17,0.06620795466005802,player-4,16,5,12,10,player-4,player-4
69,4,20,0.0641669612377882,player-4,17,13,16,10,player-1,player-4
69,5,18,0.05112495273351669,player-3,21,13,18,13,player-2,player-3
69,6,17,0.05391589365899563,player-3,21,14,24,13,player-3,player-3
69,7,21,0.07637497037649155,player-4,22,19,24,22,player-4,player-4
69,8,18,0.05941721610724926,player-2,29,24,27,25,player-1,player-2
69,9,17,0.06816699169576168,player-2,32,26,27,27,player-2,player-2
69,10,17,0.05745794624090195,none,35,29,29,33,player-3,none
69,11,18,0.062125036492943764,player-1,38,36,32,43,player-4,player-1
69,12,18,0.0677080824971199,player-2,42,38,32,44,player-1,player-2
69,13,18,0.08487491868436337,player-3,46,44,36,49,player-2,player-3
69,14,17,0.05920790135860443,player-3,48,48,39,51,player-3,player-3
69,15,17,0.06679212674498558,player-4,48,51,42,54,player-4,player-4
70,1,20,0.06612506695091724,player-3,7,2,16,6,player-4,player-3
70,2,17,0.0727497972548008,player-1,9,7,17,10,player-1,player-1
70,3,18,0.07841689512133598,player-3,15,17,20,15,player-2,player-3
70,4,17,0.05608308129012585,player-3,20,19,29,16,player-3,player-3
70,5,20,0.05987496115267277,player-3,21,30,32,19,player-4,player-3
70,6,18,0.08733384311199188,player-2,25,30,32,29,player-1,player-2
70,7,17,0.05487492308020592,player-2,26,37,33,32,player-2,player-2
70,8,17,0.06666709668934345,player-3,29,40,38,35,player-3,player-3
70,9,17,0.06758305244147778,player-4,32,48,47,42,player-4,player-4
70,10,19,0.07824995554983616,player-3,33,52,52,48,player-1,player-3
71,1,19,0.07770908996462822,player-4,2,7,1,8,player-2,player-4
71,2,19,0.07475004531443119,player-1,5,10,3,9,player-3,player-1
71,3,17,0.09554112330079079,player-4,10,20,3,19,player-4,player-4
71,4,21,0.07079099304974079,player-1,14,22,3,23,player-1,player-1
71,5,17,0.07204199209809303,player-2,18,28,10,30,player-2,player-2
71,6,19,0.07283291779458523,player-1,24,31,11,32,player-3,player-1
71,7,17,0.06208405829966068,player-4,27,35,13,36,player-4,player-4
71,8,17,0.0702079851180315,player-1,28,35,17,44,player-1,player-1
71,9,17,0.05374988541007042,player-2,29,39,17,44,player-2,player-2
71,10,17,0.05762488581240177,player-3,34,43,23,45,player-3,player-3
71,11,17,0.06029102951288223,player-4,39,47,27,48,player-4,player-4
71,12,17,0.057374825701117516,player-1,42,51,27,50,player-1,player-1
72,1,17,0.06633414886891842,player-4,7,5,2,8,player-4,player-4
72,2,18,0.057833967730402946,player-2,10,7,4,8,player-1,player-2
72,3,20,0.06508314982056618,player-1,12,8,4,12,player-2,player-1
72,4,18,0.05870917811989784,player-4,18,10,12,19,player-3,player-4
72,5,17,0.07283291779458523,player-4,21,11,18,24,player-4,player-4
72,6,24,0.08212518878281116,none,21,20,19,25,player-1,none
72,7,17,0.058791134506464005,player-2,28,24,19,32,player-2,player-2
72,8,36,0.0786671880632639,player-2,34,33,19,34,player-3,player-2
72,9,32,0.07729209028184414,player-3,36,33,27,38,player-4,player-3
72,10,20,0.05708308890461922,player-4,39,34,29,46,player-1,player-4
72,11,20,0.09079207666218281,player-1,50,34,39,50,player-2,player-1
72,12,17,0.06291712634265423,player-3,51,38,44,53,player-3,player-3
72,13,17,0.06987503729760647,player-4,53,43,46,56,player-4,player-4
72,14,17,0.057833967730402946,player-1,61,45,50,64,player-1,player-1
73,1,18,0.06320909596979618,player-1,4,4,1,1,player-4,player-1
73,2,17,0.09541679173707962,player-1,17,15,7,15,player-1,player-1
73,3,17,0.06975000724196434,player-2,17,26,11,17,player-2,player-2
73,4,17,0.06683287210762501,player-3,19,29,17,21,player-3,player-3
73,5,17,0.0512909609824419,player-4,20,31,17,25,player-4,player-4
73,6,21,0.07658405229449272,player-1,24,32,21,28,player-1,player-1
73,7,17,0.06491690874099731,player-2,29,38,22,32,player-2,player-2
73,8,20,0.10970886796712875,player-2,34,43,25,32,player-3,player-2
73,9,18,0.08508306927978992,player-1,37,47,28,39,player-4,player-1
73,10,19,0.08662487380206585,player-3,43,53,33,42,player-1,player-3
73,11,19,0.08679181337356567,player-4,53,57,45,48,player-2,player-4
74,1,17,0.08716597221791744,player-4,3,3,8,3,player-4,player-4
74,2,17,0.07066596299409866,player-1,7,5,9,4,player-1,player-1
74,3,17,0.05729193799197674,player-2,9,10,10,6,player-2,player-2
74,4,18,0.058167148381471634,player-4,11,10,11,9,player-3,player-4
74,5,18,0.05450006574392319,player-1,15,12,17,9,player-4,player-1
74,6,17,0.061791157349944115,player-1,18,17,17,15,player-1,player-1
74,7,17,0.055165961384773254,player-2,19,20,18,15,player-2,player-2
74,8,17,0.06766594015061855,player-3,25,21,21,19,player-3,player-3
74,9,19,0.06816606037318707,player-2,28,26,22,21,player-4,player-2
74,10,19,0.05712499842047691,none,28,32,23,23,player-1,none
74,11,19,0.07629208266735077,player-4,30,32,26,26,player-2,player-4
74,12,19,0.07724994793534279,player-1,34,38,26,32,player-3,player-1
74,13,22,0.08654105477035046,player-1,35,47,29,39,player-4,player-1
74,14,21,0.08754199370741844,player-1,40,53,35,50,player-1,player-1
75,1,20,0.07033301517367363,player-1,14,4,2,8,player-2,player-1
75,2,18,0.06691599264740944,player-4,14,9,6,10,player-3,player-4
75,3,19,0.10508298873901367,player-2,16,12,8,16,player-4,player-2
75,4,25,0.08583301678299904,player-1,21,13,10,16,player-1,player-1
75,5,26,0.06800005212426186,player-3,21,15,15,16,player-2,player-3
75,6,18,0.05650008097290993,player-4,21,17,16,19,player-3,player-4
75,7,20,0.06345892325043678,player-3,22,17,22,23,player-4,player-3
75,8,17,0.08150003850460052,player-1,26,21,27,29,player-1,player-1
75,9,17,0.07920898497104645,player-2,29,26,31,30,player-2,player-2
75,10,18,0.07283291779458523,player-4,30,26,35,36,player-3,player-4
75,11,17,0.06304215639829636,player-4,31,28,37,41,player-4,player-4
75,12,17,0.051541952416300774,player-1,35,28,38,43,player-1,player-1
75,13,17,0.061416998505592346,player-2,38,34,39,45,player-2,player-2
75,14,20,0.18579186871647835,player-2,40,36,42,47,player-3,player-2
75,15,17,0.05487515591084957,player-4,40,43,46,57,player-4,player-4
76,1,17,0.07183407433331013,player-4,4,3,2,8,player-4,player-4
76,2,17,0.0713749323040247,player-1,6,8,6,11,player-1,player-1
76,3,17,0.07049995474517345,player-2,8,10,7,12,player-2,player-2
76,4,18,0.09662494994699955,player-4,8,14,14,19,player-3,player-4
76,5,17,0.06858399137854576,player-4,10,14,15,24,player-4,player-4
76,6,18,0.07658288814127445,player-2,16,18,16,28,player-1,player-2
76,7,17,0.06229104474186897,player-2,22,21,16,30,player-2,player-2
76,8,17,0.065250089392066,player-3,22,28,26,35,player-3,player-3
76,9,17,0.07508392445743084,player-4,27,34,26,42,player-4,player-4
76,10,17,0.07899990305304527,player-1,37,35,31,49,player-1,player-1
76,11,18,0.06845896132290363,player-3,38,37,35,53,player-2,player-3
76,12,21,0.07029087282717228,player-3,39,39,35,59,player-3,player-3
76,13,17,0.06391596980392933,player-4,43,43,39,63,player-4,player-4
77,1,17,0.05433405749499798,player-3,2,0,5,1,player-3,player-3
77,2,25,0.06654206663370132,none,4,2,9,3,player-4,none
77,3,17,0.06204098463058472,player-1,12,2,12,3,player-1,player-1
77,4,18,0.07924996316432953,player-3,14,4,16,9,player-2,player-3
77,5,19,0.08741696365177631,player-1,20,12,20,11,player-3,player-1
77,6,20,0.056374818086624146,none,23,16,22,13,player-4,none
77,7,18,0.06574997678399086,player-2,27,21,23,17,player-1,player-2
77,8,20,0.0702498946338892,player-1,30,23,23,18,player-2,player-1
77,9,18,0.0801661517471075,player-4,31,26,27,22,player-3,player-4
77,10,22,0.07370812818408012,player-1,33,28,29,26,player-4,player-1
77,11,19,0.06383308209478855,player-3,37,30,31,27,player-1,player-3
77,12,19,0.07204199209809303,player-4,45,35,36,30,player-2,player-4
77,13,17,0.0664170365780592,player-3,48,36,38,32,player-3,player-3
77,14,18,0.08354196324944496,player-1,51,38,49,37,player-4,player-1
78,1,18,0.08145906031131744,player-4,12,10,8,5,player-3,player-4
78,2,17,0.058582983911037445,player-4,16,12,10,14,player-4,player-4
78,3,17,0.06320816464722157,player-1,18,13,12,17,player-1,player-1
78,4,17,0.06825011223554611,player-2,22,21,22,19,player-2,player-2
78,5,17,0.06904196925461292,player-3,28,25,25,21,player-3,player-3
78,6,17,0.06062490865588188,player-4,30,30,25,23,player-4,player-4
78,7,17,0.063000014051795,player-1,37,36,28,23,player-1,player-1
78,8,17,0.05766702815890312,player-2,40,43,30,24,player-2,player-2
78,9,18,0.06604217924177647,player-4,47,49,39,26,player-3,player-4
78,10,17,0.06045796908438206,player-4,51,53,44,29,player-4,player-4
78,11,18,0.07229181937873363,player-2,54,60,50,32,player-1,player-2
79,1,17,0.07741618901491165,player-2,2,6,2,3,player-2,player-2
79,2,17,0.05429191514849663,player-3,5,6,7,4,player-3,player-3
79,3,18,0.08120806887745857,player-1,10,9,14,10,player-4,player-1
79,4,17,0.058125006034970284,player-1,13,9,17,11,player-1,player-1
79,5,19,0.0588749535381794,player-4,13,10,19,21,player-2,player-4
79,6,18,0.09554112330079079,player-4,25,11,33,22,player-3,player-4
79,7,17,0.06379210390150547,player-4,26,15,35,31,player-4,player-4
79,8,19,0.08224998600780964,player-3,28,17,39,38,player-1,player-3
79,9,17,0.059499870985746384,player-2,31,28,42,41,player-2,player-2
79,10,17,0.053042080253362656,player-3,31,30,47,42,player-3,player-3
79,11,17,0.0844169408082962,player-4,38,30,50,51,player-4,player-4
79,12,19,0.062417006120085716,player-3,42,30,55,52,player-1,player-3
79,13,17,0.07591699250042439,player-2,43,35,58,53,player-2,player-2
80,1,17,0.06704195402562618,player-3,2,2,6,0,player-3,player-3
80,2,20,0.09487499482929707,player-3,8,11,9,7,player-4,player-3
80,3,20,0.06612506695091724,player-4,11,16,11,8,player-1,player-4
80,4,17,0.06400002166628838,player-2,21,21,14,13,player-2,player-2
80,5,21,0.06879190914332867,player-3,27,26,18,17,player-3,player-3
80,6,21,0.07354095578193665,player-4,28,29,23,21,player-4,player-4
80,7,18,0.08333288133144379,player-2,32,29,31,22,player-1,player-2
80,8,17,0.06441702134907246,player-2,39,32,35,24,player-2,player-2
80,9,28,0.09016692638397217,player-2,43,35,40,24,player-3,player-2
80,10,19,0.09204214438796043,player-2,46,47,44,24,player-4,player-2
80,11,17,0.06283284164965153,player-1,48,49,50,24,player-1,player-1
80,12,17,0.07316679693758488,player-2,54,55,54,27,player-2,player-2
81,1,17,0.06558303721249104,player-3,0,1,5,1,player-3,player-3
81,2,17,0.06562494672834873,player-4,6,1,8,7,player-4,player-4
81,3,18,0.07124990224838257,player-2,10,11,9,12,player-1,player-2
81,4,17,0.07429183460772038,player-2,17,17,14,12,player-2,player-2
81,5,17,0.06595789454877377,player-3,18,17,17,14,player-3,player-3
81,6,19,0.06958283483982086,player-2,21,18,22,21,player-4,player-2
81,7,18,0.10675005614757538,player-2,23,24,26,24,player-1,player-2
81,8,17,0.06345799192786217,player-2,25,26,27,28,player-2,player-2
81,9,18,0.07066689431667328,player-4,30,28,29,28,player-3,player-4
81,10,19,0.07220916450023651,player-2,31,34,33,32,player-4,player-2
81,11,17,0.07187505252659321,player-1,37,34,34,37,player-1,player-1
81,12,34,0.09658397175371647,player-3,37,36,34,45,player-2,player-3
81,13,17,0.06812508217990398,player-3,43,39,38,49,player-3,player-3
81,14,17,0.07120799273252487,player-4,44,45,38,54,player-4,player-4
81,15,18,0.06433413363993168,player-2,47,45,41,61,player-1,player-2
82,1,18,0.09108288213610649,player-3,5,7,15,3,player-2,player-3
82,2,35,0.11070794425904751,player-1,16,12,17,3,player-3,player-1
82,3,20,0.1016249880194664,player-3,23,20,20,4,player-4,player-3
82,4,17,0.05124998278915882,player-1,29,20,21,5,player-1,player-1
82,5,18,0.0813750084489584,player-3,34,22,24,13,player-2,player-3
82,6,17,0.08674990385770798,player-3,36,26,29,13,player-3,player-3
82,7,17,0.07312488742172718,player-4,36,26,30,17,player-4,player-4
82,8,18,0.06958283483982086,player-2,44,29,35,22,player-1,player-2
82,9,17,0.06850017234683037,player-2,54,35,37,28,player-2,player-2
82,10,17,0.06045796908438206,player-3,62,36,41,28,player-3,player-3
83,1,17,0.06800005212426186,player-2,4,5,4,5,player-2,player-2
83,2,18,0.07591699250042439,player-4,14,8,9,12,player-3,player-4
83,3,23,0.08129188790917397,player-2,17,13,10,15,player-4,player-2
83,4,17,0.059459125623106956,player-1,26,17,15,20,player-1,player-1
83,5,18,0.06137508898973465,player-3,30,21,20,20,player-2,player-3
83,6,21,0.0882497988641262,player-3,35,28,30,25,player-3,player-3
83,7,19,0.08458388037979603,player-2,41,40,36,27,player-4,player-2
83,8,20,0.06904196925461292,player-4,46,42,46,29,player-1,player-4
83,9,23,0.08183298632502556,player-4,49,46,55,38,player-2,player-4
84,1,19,0.09062513709068298,player-4,3,2,0,11,player-2,player-4
84,2,24,0.08245906792581081,player-2,5,5,5,11,player-3,player-2
84,3,18,0.07879198528826237,player-1,7,14,5,20,player-4,player-1
84,4,17,0.053584109991788864,player-1,20,16,7,20,player-1,player-1
84,5,21,0.08124997839331627,player-2,29,21,11,28,player-2,player-2
84,6,17,0.058125006034970284,player-3,32,26,12,30,player-3,player-3
84,7,17,0.06208289414644241,player-4,37,27,14,36,player-4,player-4
84,8,17,0.05970895290374756,player-1,41,31,14,39,player-1,player-1
84,9,17,0.05174987018108368,player-2,42,40,15,43,player-2,player-2
84,10,18,0.0603341031819582,player-4,47,40,19,49,player-3,player-4
84,11,22,0.07341708987951279,none,55,40,20,49,player-4,none
84,12,17,0.07212511263787746,player-1,62,43,20,53,player-1,player-1
84,13,18,0.07212511263787746,player-3,64,47,24,57,player-2,player-3
85,1,23,0.10533398017287254,player-4,8,3,5,7,player-2,player-4
85,2,18,0.07758382707834244,player-4,11,6,9,12,player-3,player-4
85,3,17,0.06620795466005802,player-4,13,11,12,20,player-4,player-4
85,4,18,0.07366714999079704,player-2,19,16,19,22,player-1,player-2
85,5,17,0.06274995394051075,player-2,22,25,19,31,player-2,player-2
85,6,17,0.060999998822808266,player-3,24,33,22,33,player-3,player-3
85,7,17,0.06204191595315933,player-4,27,38,27,40,player-4,player-4
85,8,17,0.06250012665987015,player-1,39,45,31,40,player-1,player-1
85,9,18,0.05825003609061241,player-3,43,50,35,42,player-2,player-3
85,10,17,0.08587515912950039,player-3,54,51,40,49,player-3,player-3
86,1,18,0.06816582754254341,player-3,5,1,6,2,player-2,player-3
86,2,17,0.055582961067557335,player-3,8,2,9,2,player-3,player-3
86,3,17,0.05620904266834259,player-4,10,7,13,6,player-4,player-4
86,4,18,0.05920790135860443,player-2,11,13,13,6,player-1,player-2
86,5,17,0.06845803000032902,player-2,15,17,13,6,player-2,player-2
86,6,17,0.05424977280199528,player-3,15,18,16,10,player-3,player-3
86,7,17,0.07062498480081558,player-4,19,18,20,21,player-4,player-4
86,8,17,0.08025020360946655,player-1,23,18,25,27,player-1,player-1
86,9,18,0.07804203778505325,player-3,25,24,27,29,player-2,player-3
86,10,17,0.07083290256559849,player-3,30,26,37,29,player-3,player-3
86,11,18,0.07283291779458523,player-1,36,27,43,33,player-4,player-1
86,12,17,0.06087520159780979,player-1,42,28,45,35,player-1,player-1
86,13,17,0.07500010542571545,player-2,43,41,45,41,player-2,player-2
86,14,17,0.0567091628909111,player-3,44,41,51,44,player-3,player-3
86,15,18,0.058959005400538445,player-1,50,43,52,50,player-4,player-1
87,1,18,0.060042133554816246,player-1,2,2,3,2,player-4,player-1
87,2,18,0.058499863371253014,player-2,5,4,6,3,player-1,player-2
87,3,18,0.0707919243723154,player-3,8,11,8,3,player-2,player-3
87,4,18,0.06975000724196434,player-4,12,13,11,3,player-3,player-4
87,5,19,0.06537511944770813,player-2,13,20,14,4,player-4,player-2
87,6,25,0.08112494833767414,player-1,14,25,15,6,player-1,player-1
87,7,18,0.08683279156684875,player-3,16,27,19,6,player-2,player-3
87,8,17,0.07233303040266037,player-3,22,27,24,10,player-3,player-3
87,9,17,0.07950002327561378,player-4,24,27,29,12,player-4,player-4
87,10,17,0.07479102350771427,player-1,30,27,36,13,player-1,player-1
87,11,17,0.08029094897210598,player-2,32,30,45,18,player-2,player-2
87,12,17,0.06325007416307926,player-3,39,30,48,22,player-3,player-3
87,13,18,0.06758398376405239,player-1,47,34,54,22,player-4,player-1
88,1,18,0.06316602230072021,player-1,13,4,2,2,player-4,player-1
88,2,17,0.06737490184605122,player-1,27,9,2,3,player-1,player-1
88,3,17,0.07108296267688274,player-2,27,25,4,9,player-2,player-2
88,4,17,0.06025005131959915,player-3,31,31,7,16,player-3,player-3
88,5,20,0.06304099224507809,player-3,32,37,9,16,player-4,player-3
88,6,18,0.07724994793534279,player-2,36,40,15,18,player-1,player-2
88,7,17,0.06508384831249714,player-2,42,42,16,21,player-2,player-2
88,8,21,0.07037492468953133,player-3,42,45,20,24,player-3,player-3
88,9,17,0.0790830235928297,player-4,48,53,31,29,player-4,player-4
88,10,20,0.06266706623136997,player-4,49,58,35,29,player-1,player-4
88,11,17,0.05195802077651024,player-2,55,60,36,29,player-2,player-2
88,12,18,0.07654214277863503,player-4,62,60,40,30,player-3,player-4
89,1,17,0.051625072956085205,player-3,0,1,8,0,player-3,player-3
89,2,21,0.06745802238583565,player-4,4,6,12,4,player-4,player-4
89,3,17,0.05704187788069248,player-1,9,7,15,7,player-1,player-1
89,4,18,0.050541944801807404,player-3,11,8,21,7,player-2,player-3
89,5,18,0.05291705019772053,player-4,11,9,22,8,player-3,player-4
89,6,18,0.059542013332247734,player-1,17,11,27,12,player-4,player-1
89,7,21,0.06474996916949749,player-1,21,11,29,19,player-1,player-1
89,8,18,0.06316695362329483,player-3,21,12,34,21,player-2,player-3
89,9,18,0.05475012585520744,player-4,23,12,38,31,player-3,player-4
89,10,17,0.0715409405529499,player-4,25,15,43,32,player-4,player-4
89,11,18,0.08045881986618042,player-2,29,22,43,33,player-1,player-2
89,12,17,0.069082947447896,player-2,32,29,50,38,player-2,player-2
89,13,17,0.06541702896356583,player-3,36,35,53,38,player-3,player-3
89,14,19,0.07512513548135757,player-2,45,47,57,44,player-4,player-2
90,1,17,0.06420910358428955,player-1,3,2,9,2,player-1,player-1
90,2,17,0.06229104474186897,player-2,8,8,16,3,player-2,player-2
90,3,17,0.06625009700655937,player-3,8,8,23,4,player-3,player-3
90,4,17,0.08879206143319607,player-4,15,11,28,10,player-4,player-4
90,5,17,0.06954092532396317,player-1,17,11,34,14,player-1,player-1
90,6,20,0.06891600787639618,player-1,24,12,36,23,player-2,player-1
90,7,17,0.05687493830919266,player-3,26,14,42,26,player-3,player-3
90,8,23,0.07762503810226917,player-2,30,19,49,31,player-4,player-2
90,9,17,0.0696659553796053,player-1,32,22,50,34,player-1,player-1
90,10,25,0.08995900861918926,player-2,43,27,57,36,player-2,player-2
91,1,18,0.061542028561234474,player-2,5,3,3,4,player-1,player-2
91,2,18,0.05212519317865372,player-3,7,4,7,4,player-2,player-3
91,3,18,0.06695790216326714,player-4,7,6,11,7,player-3,player-4
91,4,17,0.07187505252659321,player-4,9,13,14,9,player-4,player-4
91,5,17,0.059374840930104256,player-1,16,16,17,9,player-1,player-1
91,6,18,0.06770784966647625,player-3,21,25,24,11,player-2,player-3
91,7,17,0.0624579843133688,player-3,21,28,33,14,player-3,player-3
91,8,18,0.0685409177094698,player-1,32,32,36,22,player-4,player-1
91,9,17,0.05433289334177971,player-1,34,35,40,25,player-1,player-1
91,10,20,0.07870816625654697,player-1,39,36,46,31,player-2,player-1
91,11,19,0.06612483412027359,player-1,47,37,49,35,player-3,player-1
91,12,17,0.0741670373827219,player-4,49,43,49,41,player-4,player-4
91,13,17,0.060959020629525185,player-1,56,43,50,50,player-1,player-1
92,1,18,0.06541586481034756,player-3,2,4,4,0,player-2,player-3
92,2,18,0.058542005717754364,player-4,5,4,4,5,player-3,player-4
92,3,21,0.059582991525530815,player-4,7,5,6,9,player-4,player-4
92,4,22,0.07137516513466835,player-2,12,6,10,12,player-1,player-2
92,5,19,0.058625126257538795,player-4,14,10,12,12,player-2,player-4
92,6,26,0.07333303801715374,player-4,17,12,14,17,player-3,player-4
92,7,17,0.06245891563594341,player-4,21,16,20,24,player-4,player-4
92,8,22,0.05850009620189667,none,22,18,24,25,player-1,none
92,9,17,0.07233303040266037,player-2,24,30,25,33,player-2,player-2
92,10,18,0.07720803841948509,player-4,29,31,36,35,player-3,player-4
92,11,20,0.06012478843331337,player-3,30,33,40,38,player-4,player-3
92,12,17,0.07187481969594955,player-1,38,36,45,38,player-1,player-1
92,13,19,0.11145789176225662,player-4,46,40,54,50,player-2,player-4
93,1,33,0.1141249667853117,player-2,5,4,5,0,player-2,player-2
93,2,17,0.05737505853176117,player-3,7,5,9,2,player-3,player-3
93,3,19,0.07737521082162857,player-2,9,10,12,5,player-4,player-2
93,4,17,0.09975000284612179,player-1,13,19,14,8,player-1,player-1
93,5,17,0.05733291618525982,player-2,15,21,14,10,player-2,player-2
93,6,17,0.07500010542571545,player-3,16,21,18,13,player-3,player-3
93,7,17,0.07499987259507179,player-4,18,26,22,19,player-4,player-4
93,8,19,0.07312488742172718,player-3,27,26,34,22,player-1,player-3
93,9,18,0.07291696965694427,player-3,30,28,34,24,player-2,player-3
93,10,17,0.0825000461190939,player-3,38,30,41,24,player-3,player-3
93,11,19,0.06158393807709217,player-2,42,34,44,27,player-4,player-2
93,12,17,0.09562517516314983,player-1,60,35,53,32,player-1,player-1
94,1,17,0.0754999928176403,player-4,5,1,11,6,player-4,player-4
94,2,19,0.06662518717348576,player-3,10,12,19,10,player-1,player-3
94,3,17,0.07304106839001179,player-2,18,17,22,13,player-2,player-2
94,4,17,0.06470782682299614,player-3,20,17,26,16,player-3,player-3
94,5,17,0.06145797669887543,player-4,22,20,28,21,player-4,player-4
94,6,18,0.0775421503931284,player-2,30,30,36,23,player-1,player-2
94,7,18,0.061374856159090996,player-3,30,31,38,26,player-2,player-3
94,8,17,0.05604117177426815,player-3,30,35,42,32,player-3,player-3
94,9,17,0.05137501284480095,player-4,32,38,42,40,player-4,player-4
94,10,20,0.07166690193116665,player-4,33,41,43,41,player-1,player-4
94,11,18,0.06674998439848423,player-3,35,44,44,41,player-2,player-3
94,12,18,0.058165984228253365,player-4,37,46,45,43,player-3,player-4
94,13,17,0.06849993951618671,player-4,42,50,48,48,player-4,player-4
94,14,18,0.06287498399615288,player-2,45,62,48,48,player-1,player-2
95,1,17,0.061916885897517204,player-1,4,3,0,0,player-1,player-1
95,2,24,0.07037515752017498,player-1,12,5,5,4,player-2,player-1
95,3,17,0.06558303721249104,player-3,20,13,11,8,player-3,player-3
95,4,20,0.08262507617473602,player-3,27,17,14,11,player-4,player-3
95,5,17,0.06341701373457909,player-1,33,18,17,11,player-1,player-1
95,6,17,0.06391690112650394,player-2,35,26,20,13,player-2,player-2
95,7,17,0.05929102189838886,player-3,37,28,26,16,player-3,player-3
95,8,19,0.07004104554653168,player-2,44,30,31,22,player-4,player-2
95,9,17,0.055958982557058334,player-1,51,32,31,22,player-1,player-1
95,10,20,0.05837506614625454,player-1,55,34,31,22,player-2,player-1
95,11,25,0.08466583676636219,none,58,35,37,23,player-3,none
95,12,19,0.06991694681346416,player-2,58,36,44,24,player-4,player-2
96,1,25,0.08275010623037815,player-4,10,2,2,2,player-4,player-4
96,2,17,0.05891709588468075,player-1,15,2,5,3,player-1,player-1
96,3,20,0.07804087363183498,player-1,18,6,9,7,player-2,player-1
96,4,17,0.059791142120957375,player-3,20,7,14,10,player-3,player-3
96,5,17,0.061167171224951744,player-4,22,7,17,15,player-4,player-4
96,6,20,0.06504100747406483,player-4,24,13,21,23,player-1,player-4
96,7,17,0.06524985656142235,player-2,32,21,23,27,player-2,player-2
96,8,17,0.046833883970975876,none,32,22,28,32,player-3,none
96,9,18,0.07637497037649155,player-1,35,22,33,35,player-4,player-1
96,10,17,0.08033402264118195,player-1,42,26,36,37,player-1,player-1
96,11,17,0.05675014108419418,player-2,49,33,36,40,player-2,player-2
96,12,18,0.06912508979439735,player-4,49,38,44,47,player-3,player-4
96,13,17,0.058416975662112236,player-4,52,39,48,51,player-4,player-4
97,1,20,0.0711251050233841,player-4,0,4,9,3,player-1,player-4
97,2,17,0.061583006754517555,player-2,7,8,9,7,player-2,player-2
97,3,17,0.06004190072417259,player-3,9,8,12,9,player-3,player-3
97,4,19,0.0639171339571476,player-2,9,12,12,12,player-4,player-2
97,5,17,0.06745802238583565,player-1,13,13,12,12,player-1,player-1
97,6,32,0.11508306488394737,player-1,15,20,26,12,player-2,player-1
97,7,17,0.05633290857076645,player-3,16,22,29,14,player-3,player-3
97,8,17,0.06462493911385536,player-4,20,26,29,18,player-4,player-4
97,9,18,0.06874999962747097,player-2,31,27,30,24,player-1,player-2
97,10,17,0.0719588715583086,player-2,32,36,30,30,player-2,player-2
97,11,19,0.06512505933642387,player-1,35,39,34,30,player-3,player-1
97,12,17,0.0754999928176403,player-4,42,39,38,37,player-4,player-4
97,13,18,0.059459125623106956,player-2,44,40,41,41,player-1,player-2
97,14,17,0.06845779716968536,player-2,47,48,43,41,player-2,player-2
97,15,17,0.06029196083545685,player-3,51,48,47,41,player-3,player-3
97,16,17,0.0605839304625988,player-4,52,54,48,44,player-4,player-4
98,1,17,0.08004088886082172,player-3,2,3,7,6,player-3,player-3
98,2,17,0.06583309732377529,player-4,5,3,11,12,player-4,player-4
98,3,17,0.06795907393097878,player-1,11,7,16,18,player-1,player-1
98,4,17,0.14229211956262589,player-2,17,16,19,28,player-2,player-2
98,5,17,0.06079208105802536,player-3,17,19,22,31,player-3,player-3
98,6,17,0.061959028244018555,player-4,19,27,30,33,player-4,player-4
98,7,17,0.06145797669887543,player-1,25,29,31,34,player-1,player-1
98,8,18,0.06537511944770813,player-3,26,32,34,35,player-2,player-3
98,9,18,0.06133317947387695,player-4,27,32,35,41,player-3,player-4
98,10,20,0.0696659553796053,player-3,34,36,41,42,player-4,player-3
98,11,17,0.06504193879663944,player-1,41,40,50,45,player-1,player-1
98,12,17,0.062166014686226845,player-2,46,52,56,55,player-2,player-2
99,1,21,0.08475012145936489,player-3,1,2,6,3,player-3,player-3
99,2,17,0.06262492388486862,player-4,6,9,10,11,player-4,player-4
99,3,17,0.06104190833866596,player-1,9,13,12,13,player-1,player-1
99,4,18,0.06595789454877377,player-3,11,15,24,16,player-2,player-3
99,5,19,0.07733306847512722,player-1,26,15,30,16,player-3,player-1
99,6,19,0.06820890121161938,player-2,28,17,35,18,player-4,player-2
99,7,17,0.052165938541293144,player-1,33,20,37,19,player-1,player-1
99,8,18,0.05908403545618057,player-3,35,23,39,22,player-2,player-3
99,9,17,0.07037492468953133,player-3,39,23,48,23,player-3,player-3
99,10,18,0.0741251278668642,player-1,42,24,49,29,player-4,player-1
99,11,17,0.058208126574754715,player-1,47,26,50,31,player-1,player-1
99,12,20,0.06958283483982086,player-1,53,27,52,34,player-2,player-1
100,1,17,0.0480839516967535,player-1,5,0,0,2,player-1,player-1
100,2,17,0.053833937272429466,player-2,7,17,8,11,player-2,player-2
100,3,17,0.05608401261270046,player-3,12,26,13,16,player-3,player-3
100,4,17,0.06170780397951603,player-4,19,26,18,18,player-4,player-4
100,5,22,0.06449990905821323,player-2,20,28,22,19,player-1,player-2
100,6,24,0.06704102270305157,none,28,36,26,21,player-2,none
100,7,17,0.065250089392066,player-3,29,39,32,21,player-3,player-3
100,8,17,0.05870801396667957,player-4,29,45,36,27,player-4,player-4
100,9,17,0.06849993951618671,player-1,34,45,41,27,player-1,player-1
100,10,17,0.06566708907485008,player-2,36,53,41,29,player-2,player-2
100,11,17,0.058999983593821526,player-3,41,54,46,33,player-3,player-3
100,12,19,0.06470899097621441,player-2,45,61,47,35,player-4,player-2
100,13,29,0.07337494753301144,player-1,54,62,47,37,player-1,player-1
101,1,18,0.0563750509172678,player-2,3,4,1,1,player-1,player-2
101,2,17,0.06691715680062771,player-2,9,8,6,1,player-2,player-2
101,3,22,0.09179208427667618,player-4,9,10,12,2,player-3,player-4
101,4,17,0.06391596980392933,player-4,12,10,19,9,player-4,player-4
101,5,19,0.08579110726714134,player-3,15,12,29,17,player-1,player-3
101,6,19,0.08237501606345177,player-4,17,13,33,20,player-2,player-4
101,7,17,0.06641610525548458,player-3,21,19,39,20,player-3,player-3
101,8,20,0.0754999928176403,player-3,24,26,40,26,player-4,player-3
101,9,18,0.07462501525878906,player-2,35,28,53,27,player-1,player-2
101,10,19,0.07537496276199818,player-4,38,30,61,35,player-2,player-4
101,11,17,0.09479210712015629,player-3,40,32,65,36,player-3,player-3
102,1,18,0.10245805606245995,player-2,2,5,1,1,player-1,player-2
102,2,17,0.08604093454778194,player-2,7,8,2,2,player-2,player-2
102,3,22,0.06849993951618671,none,7,8,4,2,player-3,none
102,4,17,0.07916614413261414,player-4,10,8,6,9,player-4,player-4
102,5,19,0.07199984975159168,player-3,10,9,12,14,player-1,player-3
102,6,19,0.0675420742481947,player-4,16,12,18,18,player-2,player-4
102,7,19,0.05833315663039684,none,16,14,20,19,player-3,none
102,8,21,0.0942908227443695,player-4,16,26,25,27,player-4,player-4
102,9,18,0.06866687908768654,player-2,19,31,26,27,player-1,player-2
102,10,19,0.07991702295839787,player-4,27,34,31,31,player-2,player-4
102,11,18,0.07150019519031048,player-4,28,39,35,38,player-3,player-4
102,12,17,0.08708308450877666,player-4,33,41,38,44,player-4,player-4
102,13,17,0.071333022788167,player-1,38,41,44,45,player-1,player-1
102,14,17,0.06779213435947895,player-2,38,46,48,45,player-2,player-2
102,15,29,0.10508298873901367,player-3,39,48,51,45,player-3,player-3
102,16,17,0.06912508979439735,player-4,45,50,56,51,player-4,player-4
103,1,20,0.07804203778505325,player-2,0,4,5,5,player-3,player-2
103,2,17,0.058499863371253014,player-4,3,4,7,15,player-4,player-4
103,3,17,0.05425000563263893,player-1,7,6,9,16,player-1,player-1
103,4,17,0.08850009180605412,player-2,10,11,18,17,player-2,player-2
103,5,18,0.06891717202961445,player-4,12,17,22,18,player-3,player-4
103,6,19,0.07654097862541676,player-2,17,20,30,21,player-4,player-2
103,7,20,0.06804103031754494,player-4,24,29,36,21,player-1,player-4
103,8,17,0.04854216240346432,player-2,26,33,36,22,player-2,player-2
103,9,17,0.07058307528495789,player-3,34,39,49,23,player-3,player-3
103,10,18,0.07650000043213367,player-1,37,45,49,28,player-4,player-1
103,11,17,0.06245891563594341,player-1,45,48,60,28,player-1,player-1
104,1,19,0.06570899859070778,player-2,6,9,0,4,player-4,player-2
104,2,19,0.06687501445412636,player-3,8,11,2,12,player-1,player-3
104,3,18,0.08466700091958046,player-3,14,15,13,23,player-2,player-3
104,4,17,0.051167095080018044,player-3,15,16,15,24,player-3,player-3
104,5,17,0.0541249755769968,player-4,18,19,20,29,player-4,player-4
104,6,20,0.06866711191833019,player-4,19,24,26,31,player-1,player-4
104,7,19,0.07212487980723381,player-4,19,24,31,45,player-2,player-4
104,8,19,0.09716697968542576,player-1,33,33,38,57,player-3,player-1
104,9,17,0.05691708065569401,player-4,36,37,43,60,player-4,player-4
104,10,17,0.05287514068186283,player-1,43,37,45,68,player-1,player-1
105,1,17,0.04924996756017208,player-1,6,0,2,5,player-1,player-1
105,2,18,0.06591714918613434,player-3,9,5,10,10,player-2,player-3
105,3,17,0.0588749535381794,player-3,11,13,21,10,player-3,player-3
105,4,17,0.07687509059906006,player-4,17,19,32,13,player-4,player-4
105,5,17,0.05441717803478241,player-1,26,25,39,15,player-1,player-1
105,6,20,0.07787509821355343,player-1,32,33,40,29,player-2,player-1
105,7,18,0.0647080596536398,player-4,34,38,46,29,player-3,player-4
105,8,18,0.06204121746122837,player-1,40,43,49,31,player-4,player-1
105,9,20,0.0677080824971199,player-4,43,43,54,39,player-1,player-4
105,10,17,0.06245914846658707,player-2,44,52,57,43,player-2,player-2
106,1,18,0.06408314220607281,player-4,2,0,1,4,player-3,player-4
106,2,17,0.0649159774184227,player-4,3,0,4,6,player-4,player-4
106,3,19,0.06962497718632221,player-3,11,2,9,14,player-1,player-3
106,4,17,0.06704195402562618,player-2,16,10,12,20,player-2,player-2
106,5,17,0.04941597580909729,player-3,19,10,16,23,player-3,player-3
106,6,20,0.06391690112650394,player-3,22,14,17,26,player-4,player-3
106,7,17,0.049083027988672256,player-1,31,15,20,28,player-1,player-1
106,8,17,0.05837506614625454,player-2,37,17,20,29,player-2,player-2
106,9,17,0.07108296267688274,player-3,43,21,31,32,player-3,player-3
106,10,17,0.06691692396998405,player-4,45,22,37,40,player-4,player-4
106,11,17,0.05974993109703064,player-1,50,28,43,47,player-1,player-1
106,12,18,0.07237517274916172,player-3,53,37,47,50,player-2,player-3
107,1,18,0.08183298632502556,player-2,4,4,2,2,player-1,player-2
107,2,17,0.06387499161064625,player-2,6,10,4,8,player-2,player-2
107,3,18,0.06625009700655937,player-4,12,15,10,14,player-3,player-4
107,4,18,0.06741704419255257,player-1,16,20,10,16,player-4,player-1
107,5,18,0.06274995394051075,player-2,20,26,12,22,player-1,player-2
107,6,20,0.07179100066423416,player-1,23,32,18,25,player-2,player-1
107,7,26,0.0794590450823307,player-4,25,33,27,29,player-3,player-4
107,8,17,0.06616604514420033,player-4,31,37,32,31,player-4,player-4
107,9,21,0.071333022788167,player-1,36,38,37,35,player-1,player-1
107,10,17,0.06374996155500412,player-2,42,40,38,36,player-2,player-2
107,11,17,0.06841681897640228,player-3,45,43,41,40,player-3,player-3
107,12,17,0.05725002847611904,player-4,45,47,44,45,player-4,player-4
107,13,17,0.06841705180704594,player-1,55,49,47,50,player-1,player-1
108,1,17,0.05925004370510578,player-4,1,1,3,11,player-4,player-4
108,2,17,0.08583301678299904,player-1,8,2,4,14,player-1,player-1
108,3,17,0.062499893829226494,player-2,12,12,4,14,player-2,player-2
108,4,17,0.06637489423155785,player-3,14,14,7,19,player-3,player-3
108,5,17,0.06420793943107128,player-4,15,16,11,23,player-4,player-4
108,6,17,0.05729100666940212,player-1,17,16,14,23,player-1,player-1
108,7,17,0.07216678932309151,player-2,22,18,17,24,player-2,player-2
108,8,18,0.06479187868535519,player-4,28,18,17,34,player-3,player-4
108,9,18,0.07175002247095108,player-1,30,22,23,36,player-4,player-1
108,10,26,0.0830001663416624,player-2,34,26,34,40,player-1,player-2
108,11,18,0.06129196844995022,player-3,44,30,38,43,player-2,player-3
108,12,17,0.07516704499721527,player-3,46,33,45,51,player-3,player-3
108,13,17,0.057916855439543724,player-4,48,33,49,54,player-4,player-4
108,14,18,0.053541967645287514,player-2,48,38,51,57,player-1,player-2
108,15,17,0.06749993190169334,player-2,51,42,52,57,player-2,player-2
109,1,17,0.061542028561234474,player-2,2,3,1,5,player-2,player-2
109,2,17,0.056416960433125496,player-3,7,3,4,6,player-3,player-3
109,3,17,0.07629208266735077,player-4,18,13,14,16,player-4,player-4
109,4,24,0.08354196324944496,player-4,29,14,26,16,player-1,player-4
109,5,17,0.12949993833899498,player-2,29,30,30,28,player-2,player-2
109,6,17,0.07920898497104645,player-3,41,32,36,36,player-3,player-3
109,7,17,0.08591590449213982,player-4,45,37,46,43,player-4,player-4
109,8,17,0.06091594696044922,player-1,55,37,46,47,player-1,player-1
110,1,17,0.06849993951618671,player-2,3,8,1,2,player-2,player-2
110,2,17,0.06316695362329483,player-3,3,15,4,5,player-3,player-3
110,3,20,0.08341693319380283,player-3,3,17,15,8,player-4,player-3
110,4,17,0.06825011223554611,player-1,13,17,19,11,player-1,player-1
110,5,17,0.04974985495209694,player-2,15,18,21,12,player-2,player-2
110,6,18,0.063000014051795,player-4,20,25,25,19,player-3,player-4
110,7,20,0.07254187949001789,player-3,20,30,32,20,player-4,player-3
110,8,19,0.06295787170529366,player-3,21,30,35,20,player-1,player-3
110,9,22,0.08883303962647915,player-3,21,38,37,27,player-2,player-3
110,10,17,0.07504201494157314,player-3,29,42,43,32,player-3,player-3
110,11,18,0.06900005973875523,player-1,32,44,44,33,player-4,player-1
110,12,18,0.06624986417591572,player-2,41,55,51,37,player-1,player-2
110,13,17,0.061125028878450394,player-2,42,64,51,40,player-2,player-2
111,1,17,0.06304215639829636,player-2,8,7,0,8,player-2,player-2
111,2,22,0.05695805884897709,none,8,9,1,10,player-3,none
111,3,18,0.05675014108419418,player-1,9,11,8,15,player-4,player-1
111,4,17,0.07195910438895226,player-1,12,14,19,17,player-1,player-1
111,5,17,0.07850001566112041,player-2,17,21,23,25,player-2,player-2
111,6,16,0.049666035920381546,none,17,21,25,27,player-3,none
111,7,17,0.06520887836813927,player-4,25,24,29,30,player-4,player-4
111,8,17,0.06804079748690128,player-1,36,24,29,35,player-1,player-1
111,9,17,0.07783412002027035,player-2,36,29,31,43,player-2,player-2
111,10,17,0.06670900620520115,player-3,39,36,34,48,player-3,player-3
111,11,17,0.05400017835199833,player-4,45,36,36,49,player-4,player-4
111,12,17,0.07004197686910629,player-1,51,38,40,52,player-1,player-1
111,13,20,0.09525008499622345,player-1,63,42,53,52,player-2,player-1
112,1,17,0.07670791819691658,player-1,11,7,0,4,player-1,player-1
112,2,17,0.05870917811989784,player-2,11,13,0,8,player-2,player-2
112,3,17,0.09195785969495773,player-3,13,15,3,11,player-3,player-3
112,4,17,0.06241584196686745,player-4,18,16,5,12,player-4,player-4
112,5,21,0.09829201735556126,player-1,18,16,5,19,player-1,player-1
112,6,17,0.09041605517268181,player-2,27,16,8,23,player-2,player-2
112,7,17,0.06904220208525658,player-3,27,16,14,28,player-3,player-3
112,8,17,0.05691708065569401,player-4,29,17,22,36,player-4,player-4
112,9,17,0.05962490104138851,player-1,33,19,24,42,player-1,player-1
112,10,17,0.0738748349249363,player-2,37,33,26,52,player-2,player-2
112,11,17,0.11204183101654053,player-3,48,36,33,54,player-3,player-3
112,12,22,0.09879190474748611,player-1,50,39,41,60,player-4,player-1
112,13,17,0.06145797669887543,player-1,66,39,41,62,player-1,player-1
113,1,18,0.08308305405080318,player-4,9,1,0,10,player-3,player-4
113,2,17,0.06787502206861973,player-4,14,3,5,12,player-4,player-4
113,3,21,0.07991702295839787,player-1,21,6,12,17,player-1,player-1
113,4,17,0.09179185144603252,player-2,21,24,14,30,player-2,player-2
113,5,24,0.07058307528495789,player-2,22,27,20,33,player-3,player-2
113,6,18,0.07758289575576782,player-1,23,29,24,39,player-4,player-1
113,7,17,0.06312504410743713,player-1,25,33,28,42,player-1,player-1
113,8,18,0.07012486457824707,player-3,30,35,30,47,player-2,player-3
113,9,24,0.06250012665987015,none,30,37,31,47,player-3,none
113,10,18,0.055625103414058685,player-1,34,39,33,49,player-4,player-1
113,11,19,0.06837490946054459,player-3,37,44,38,49,player-1,player-3
113,12,18,0.0577499158680439,player-3,39,50,38,53,player-2,player-3
114,1,26,0.09074993431568146,player-2,3,10,2,5,player-1,player-2
114,2,18,0.0552500132471323,player-3,4,13,5,7,player-2,player-3
114,3,19,0.06329198367893696,player-1,10,16,6,8,player-3,player-1
114,4,17,0.06245914846658707,player-4,13,22,6,10,player-4,player-4
114,5,18,0.06500002928078175,player-2,19,26,10,10,player-1,player-2
114,6,17,0.07774983532726765,player-2,25,32,14,13,player-2,player-2
114,7,17,0.10495912283658981,player-3,25,35,19,16,player-3,player-3
114,8,17,0.07020891644060612,player-4,29,38,19,19,player-4,player-4
114,9,17,0.06533297710120678,player-1,32,41,22,19,player-1,player-1
114,10,17,0.06700004450976849,player-2,37,43,22,19,player-2,player-2
114,11,19,0.07512513548135757,player-1,41,51,25,28,player-3,player-1
114,12,19,0.0610831193625927,player-2,42,61,27,29,player-4,player-2
114,13,18,0.05708308890461922,player-2,44,67,28,29,player-1,player-2
114,14,17,0.056040938943624496,player-2,46,70,35,36,player-2,player-2
115,1,23,0.07370812818408012,player-2,1,4,1,0,player-4,player-2
115,2,18,0.06374996155500412,player-2,7,6,5,5,player-1,player-2
115,3,18,0.05687493830919266,player-3,7,6,9,7,player-2,player-3
115,4,21,0.05862489342689514,player-3,10,9,11,9,player-3,player-3
115,5,22,0.06600003689527512,none,12,13,13,11,player-4,none
115,6,20,0.06758305244147778,player-4,14,16,14,17,player-1,player-4
115,7,17,0.0742089468985796,player-2,16,23,16,19,player-2,player-2
115,8,19,0.0835831742733717,player-1,23,35,20,21,player-3,player-1
115,9,17,0.06595789454877377,player-4,30,40,20,27,player-4,player-4
115,10,18,0.06366684101521969,player-2,38,44,26,29,player-1,player-2
115,11,17,0.06287498399615288,player-2,42,45,32,33,player-2,player-2
115,12,25,0.06366707384586334,none,42,46,35,33,player-3,none
115,13,18,0.059582991525530815,player-1,48,47,37,37,player-4,player-1
115,14,17,0.05629216320812702,player-1,54,47,38,37,player-1,player-1
115,15,17,0.06470782682299614,player-2,57,49,44,41,player-2,player-2
116,1,18,0.08037500083446503,player-3,5,3,1,2,player-2,player-3
116,2,17,0.06495905108749866,player-3,5,6,6,4,player-3,player-3
116,3,22,0.07841712795197964,player-1,12,8,9,4,player-4,player-1
116,4,17,0.07079215720295906,player-1,17,9,9,6,player-1,player-1
116,5,18,0.07624994032084942,player-3,22,14,24,13,player-2,player-3
116,6,19,0.06045796908438206,player-1,25,18,27,13,player-3,player-1
116,7,18,0.06924988701939583,player-1,28,23,32,14,player-4,player-1
116,8,26,0.08804094977676868,player-2,30,29,33,19,player-1,player-2
116,9,27,0.08566607721149921,player-4,34,30,34,27,player-2,player-4
116,10,17,0.0588749535381794,player-3,34,33,38,27,player-3,player-3
116,11,19,0.05124998278915882,player-2,38,36,38,29,player-4,player-2
116,12,19,0.05866587162017822,player-3,39,37,46,31,player-1,player-3
116,13,18,0.0655418261885643,player-3,46,43,49,32,player-2,player-3
116,14,17,0.05191587843000889,player-3,46,44,51,36,player-3,player-3
116,15,17,0.05241716280579567,player-4,46,44,52,41,player-4,player-4
116,16,17,0.048459041863679886,player-1,50,45,58,41,player-1,player-1
117,1,20,0.06341701373457909,player-2,6,5,2,0,player-3,player-2
117,2,21,0.11479179374873638,none,10,5,8,2,player-4,none
117,3,17,0.0685409177094698,player-1,17,7,11,10,player-1,player-1
117,4,17,0.0841671135276556,player-2,22,17,13,15,player-2,player-2
117,5,17,0.07241684943437576,player-3,23,21,18,15,player-3,player-3
117,6,18,0.07212487980723381,player-1,27,22,20,21,player-4,player-1
117,7,18,0.07120915688574314,player-2,37,35,27,25,player-1,player-2
117,8,18,0.05808309651911259,player-3,42,35,37,27,player-2,player-3
117,9,18,0.04841596819460392,player-4,42,35,43,28,player-3,player-4
117,10,17,0.06225006654858589,player-4,42,39,49,33,player-4,player-4
117,11,17,0.06545800715684891,player-1,47,43,54,33,player-1,player-1
118,1,18,0.07054093293845654,player-3,2,8,8,6,player-2,player-3
118,2,22,0.07929094135761261,player-4,4,10,9,8,player-3,player-4
118,3,17,0.05654105916619301,player-4,4,13,10,12,player-4,player-4
118,4,17,0.04787510260939598,player-1,5,16,15,13,player-1,player-1
118,5,18,0.06487499922513962,player-3,9,16,17,15,player-2,player-3
118,6,28,0.07120799273252487,none,9,17,20,17,player-3,none
118,7,17,0.05208305083215237,player-4,9,21,20,20,player-4,player-4
118,8,17,0.057499855756759644,player-1,13,23,20,21,player-1,player-1
118,9,17,0.07299985736608505,player-2,18,26,20,22,player-2,player-2
118,10,17,0.05775014869868755,player-3,20,27,25,25,player-3,player-3
118,11,19,0.06858399137854576,player-2,29,28,31,29,player-4,player-2
118,12,19,0.06554205901920795,player-3,32,31,33,34,player-1,player-3
118,13,18,0.07245899178087711,player-3,37,38,36,44,player-2,player-3
118,14,19,0.07691700011491776,player-1,43,40,36,48,player-3,player-1
118,15,17,0.06466591730713844,player-4,44,45,37,53,player-4,player-4
118,16,20,0.0677499920129776,player-4,47,45,37,57,player-1,player-4
119,1,22,0.06729201413691044,player-2,4,1,0,2,player-1,player-2
119,2,17,0.06870785728096962,player-2,11,5,0,7,player-2,player-2
119,3,17,0.0728340819478035,player-3,13,6,8,10,player-3,player-3
119,4,17,0.06208289414644241,player-4,16,8,11,13,player-4,player-4
119,5,17,0.061208149418234825,player-1,18,9,11,13,player-1,player-1
119,6,20,0.0677499920129776,player-1,24,10,15,16,player-2,player-1
119,7,20,0.05183299072086811,none,26,10,19,16,player-3,none
119,8,17,0.07729185745120049,player-4,29,17,21,21,player-4,player-4
119,9,17,0.04941597580909729,player-1,32,18,21,22,player-1,player-1
119,10,19,0.059416983276605606,player-4,32,19,22,27,player-2,player-4
119,11,19,0.05758390761911869,player-1,32,20,25,33,player-3,player-1
119,12,28,0.07950002327561378,player-3,37,22,30,40,player-4,player-3
119,13,18,0.06187497638165951,player-2,43,23,30,43,player-1,player-2
119,14,17,0.06233295425772667,player-2,45,26,34,43,player-2,player-2
119,15,23,0.06474996916949749,player-1,49,30,37,45,player-3,player-1
119,16,18,0.07120892405509949,player-1,56,34,43,48,player-4,player-1
119,17,17,0.06429105997085571,player-1,58,40,45,52,player-1,player-1
120,1,27,0.08366699330508709,none,7,0,6,9,player-2,none
120,2,18,0.0577080063521862,player-4,12,0,11,18,player-3,player-4
120,3,18,0.06208289414644241,player-1,17,3,15,18,player-4,player-1
120,4,19,0.07512513548135757,player-3,22,20,23,30,player-1,player-3
120,5,17,0.0683339312672615,player-2,25,23,26,32,player-2,player-2
120,6,19,0.062000006437301636,player-1,29,24,30,33,player-3,player-1
120,7,17,0.06362493149936199,player-4,32,24,39,40,player-4,player-4
120,8,22,0.06900005973875523,player-2,36,35,42,46,player-1,player-2
120,9,23,0.07837498560547829,player-4,36,37,52,49,player-2,player-4
120,10,17,0.06079091690480709,player-3,38,41,58,49,player-3,player-3
120,11,18,0.06595812737941742,player-1,44,46,65,50,player-4,player-1
121,1,18,0.07754098623991013,player-3,4,4,1,4,player-2,player-3
121,2,17,0.05091587081551552,player-3,8,8,5,5,player-3,player-3
121,3,17,0.05562487058341503,player-4,12,12,12,10,player-4,player-4
121,4,21,0.06137508898973465,player-1,14,12,17,11,player-1,player-1
121,5,18,0.07345783524215221,player-3,18,16,22,11,player-2,player-3
121,6,18,0.05616690032184124,player-4,21,18,25,17,player-3,player-4
121,7,17,0.049042049795389175,player-4,23,21,29,20,player-4,player-4
121,8,17,0.054165953770279884,player-1,26,26,31,21,player-1,player-1
121,9,17,0.062374863773584366,player-2,30,30,39,23,player-2,player-2
121,10,18,0.06354204379022121,player-4,30,37,41,26,player-3,player-4
121,11,24,0.07275003008544445,player-3,30,40,41,30,player-4,player-3
121,12,20,0.06170803681015968,player-4,31,40,46,33,player-1,player-4
121,13,21,0.06858306005597115,player-2,33,47,49,41,player-2,player-2
121,14,19,0.09345798753201962,player-1,35,51,50,43,player-3,player-1
121,15,17,0.07370789535343647,player-4,39,51,52,46,player-4,player-4
121,16,17,0.07116701453924179,player-1,47,52,55,46,player-1,player-1
122,1,18,0.07012509740889072,player-3,1,0,2,7,player-2,player-3
122,2,17,0.06595905870199203,player-3,4,4,12,10,player-3,player-3
122,3,19,0.08208281360566616,player-2,15,11,16,15,player-4,player-2
122,4,17,0.06595789454877377,player-1,22,13,26,15,player-1,player-1
122,5,18,0.07566600106656551,player-3,25,18,31,15,player-2,player-3
122,6,17,0.07212511263787746,player-3,27,21,37,15,player-3,player-3
122,7,17,0.09129196405410767,player-4,30,32,43,28,player-4,player-4
122,8,18,0.06287498399615288,player-2,35,35,50,32,player-1,player-2
122,9,17,0.05716690793633461,player-2,37,38,52,32,player-2,player-2
122,10,17,0.06229104474186897,player-3,40,41,57,34,player-3,player-3
122,11,18,0.06254087202250957,player-1,52,43,58,37,player-4,player-1
123,1,34,0.09491690434515476,player-1,0,0,0,9,player-4,player-1
123,2,17,0.05741603672504425,player-1,9,0,0,12,player-1,player-1
123,3,17,0.07741688750684261,player-2,19,7,8,12,player-2,player-2
123,4,25,0.09091710671782494,player-3,31,9,16,13,player-3,player-3
123,5,18,0.0713749323040247,player-1,35,13,18,13,player-4,player-1
123,6,17,0.06287498399615288,player-1,39,17,18,21,player-1,player-1
123,7,17,0.07154187187552452,player-2,39,25,23,25,player-2,player-2
123,8,18,0.06070802919566631,player-4,39,29,30,30,player-3,player-4
123,9,17,0.10175001807510853,player-4,47,33,30,38,player-4,player-4
123,10,19,0.06845919415354729,player-3,48,34,34,38,player-1,player-3
123,11,18,0.05762488581240177,player-3,49,38,46,40,player-2,player-3
123,12,19,0.05962490104138851,player-1,51,38,50,43,player-3,player-1
124,1,17,0.05437503568828106,player-3,0,2,6,3,player-3,player-3
124,2,19,0.07937499321997166,player-2,8,7,11,3,player-4,player-2
124,3,19,0.08862488903105259,player-3,20,16,30,9,player-1,player-3
124,4,18,0.060042133554816246,player-3,22,18,34,16,player-2,player-3
124,5,18,0.07520802319049835,player-4,22,24,40,19,player-3,player-4
124,6,19,0.06537488661706448,player-2,25,32,42,21,player-4,player-2
124,7,17,0.05895807407796383,player-1,28,37,44,30,player-1,player-1
124,8,17,0.07699988782405853,player-2,30,49,44,37,player-2,player-2
124,9,19,0.06224983371794224,player-1,33,49,51,39,player-3,player-1
124,10,17,0.062374863773584366,player-4,37,50,57,48,player-4,player-4
124,11,18,0.07279100827872753,player-2,40,54,60,50,player-1,player-2
125,1,18,0.07025012746453285,player-1,0,5,8,0,player-4,player-1
125,2,19,0.06225006654858589,player-3,1,9,15,0,player-1,player-3
125,3,18,0.07062498480081558,player-3,4,19,18,4,player-2,player-3
125,4,17,0.06558303721249104,player-3,10,24,26,8,player-3,player-3
125,5,31,0.08145812898874283,none,13,24,26,9,player-4,none
125,6,17,0.05045812577009201,player-1,15,26,28,9,player-1,player-1
125,7,20,0.06933417171239853,player-1,18,29,28,16,player-2,player-1
125,8,17,0.07120799273252487,player-3,25,33,32,20,player-3,player-3
125,9,19,0.08508306927978992,player-2,28,46,34,25,player-4,player-2
125,10,19,0.06725010462105274,player-3,30,52,40,25,player-1,player-3
125,11,18,0.06650015711784363,player-3,30,54,47,28,player-2,player-3
125,12,18,0.06841705180704594,player-4,39,54,50,29,player-3,player-4
125,13,18,0.05158316344022751,player-1,41,56,53,30,player-4,player-1
125,14,17,0.06579211913049221,player-1,53,58,57,35,player-1,player-1
126,1,18,0.0665830448269844,player-4,2,5,3,12,player-3,player-4
126,2,18,0.06029196083545685,player-1,8,5,5,16,player-4,player-1
126,3,19,0.06495905108749866,player-3,12,11,9,23,player-1,player-3
126,4,17,0.06741704419255257,player-2,17,14,11,28,player-2,player-2
126,5,20,0.09091594256460667,player-2,24,19,15,36,player-3,player-2
126,6,17,0.05879206582903862,player-4,27,20,19,44,player-4,player-4
126,7,17,0.060791848227381706,player-1,32,26,27,46,player-1,player-1
126,8,20,0.07345899939537048,player-1,37,31,28,46,player-2,player-1
126,9,17,0.05620904266834259,player-3,40,33,30,50,player-3,player-3
126,10,17,0.07170811295509338,player-4,45,33,37,53,player-4,player-4
126,11,18,0.07208297029137611,player-2,49,39,40,55,player-1,player-2
126,12,19,0.0685409177094698,player-4,51,43,42,61,player-2,player-4
127,1,17,0.060540856793522835,player-2,4,2,0,3,player-2,player-2
127,2,27,0.09258300997316837,player-1,16,9,14,10,player-3,player-1
127,3,18,0.06349990144371986,player-1,32,11,21,10,player-4,player-1
127,4,20,0.06433296948671341,player-4,34,19,21,15,player-1,player-4
127,5,17,0.08141598664224148,player-2,39,34,27,24,player-2,player-2
127,6,21,0.09758281521499157,player-3,41,39,36,29,player-3,player-3
127,7,20,0.07004197686910629,player-3,42,44,38,31,player-4,player-3
127,8,17,0.0716671347618103,player-1,44,47,43,38,player-1,player-1
127,9,17,0.059625133872032166,player-2,46,54,44,42,player-2,player-2
127,10,17,0.05591707304120064,player-3,48,56,51,46,player-3,player-3
128,1,17,0.09487499482929707,player-4,8,3,3,5,player-4,player-4
128,2,17,0.06574997678399086,player-1,11,6,6,5,player-1,player-1
128,3,17,0.0704578123986721,player-2,17,9,6,8,player-2,player-2
128,4,19,0.06795884110033512,player-1,20,14,10,14,player-3,player-1
128,5,17,0.06741704419255257,player-4,23,14,13,22,player-4,player-4
128,6,17,0.05904096178710461,player-1,28,20,15,22,player-1,player-1
128,7,18,0.06224983371794224,player-3,29,22,20,22,player-2,player-3
128,8,17,0.059957848861813545,player-3,31,25,25,22,player-3,player-3
128,9,17,0.06370805203914642,player-4,35,29,25,24,player-4,player-4
128,10,19,0.07545901462435722,player-3,44,30,32,28,player-1,player-3
128,11,18,0.07241708226501942,player-3,49,37,34,33,player-2,player-3
128,12,18,0.0577499158680439,player-4,50,37,35,39,player-3,player-4
128,13,17,0.05233287811279297,player-4,51,41,37,42,player-4,player-4
128,14,18,0.05862489342689514,player-2,53,47,40,43,player-1,player-2
128,15,20,0.06108381785452366,player-1,56,48,44,43,player-2,player-1
129,1,19,0.06570806726813316,player-4,1,4,0,9,player-2,player-4
129,2,17,0.07616612128913403,player-3,5,9,7,12,player-3,player-3
129,3,20,0.06537511944770813,player-3,8,17,9,12,player-4,player-3
129,4,24,0.06370805203914642,player-4,10,20,9,15,player-1,player-4
129,5,19,0.06595905870199203,player-4,13,23,9,20,player-2,player-4
129,6,19,0.06633391603827477,player-1,15,26,13,27,player-3,player-1
129,7,18,0.08458294905722141,player-1,25,27,21,33,player-4,player-1
129,8,17,0.06716698408126831,player-1,30,31,24,34,player-1,player-1
129,9,17,0.052582938224077225,player-2,34,38,26,36,player-2,player-2
129,10,21,0.06858282722532749,player-3,40,42,30,40,player-3,player-3
129,11,19,0.07983297109603882,player-2,44,51,33,45,player-4,player-2
129,12,23,0.09262515231966972,player-3,50,56,40,46,player-1,player-3
130,1,20,0.047958921641111374,none,5,3,2,0,player-3,none
130,2,19,0.06070802919566631,player-2,7,8,7,3,player-4,player-2
130,3,17,0.04979199729859829,player-1,9,10,10,4,player-1,player-1
130,4,17,0.06208312697708607,player-2,12,26,10,7,player-2,player-2
130,5,17,0.05345884710550308,player-3,12,29,16,8,player-3,player-3
130,6,18,0.06791693158447742,player-1,22,32,25,10,player-4,player-1
130,7,17,0.05150004290044308,player-1,29,33,27,10,player-1,player-1
130,8,17,0.049666035920381546,player-2,33,36,27,13,player-2,player-2
130,9,17,0.08533289656043053,player-3,42,38,29,13,player-3,player-3
130,10,17,0.062000006437301636,player-4,43,42,31,20,player-4,player-4
130,11,20,0.06191595457494259,player-4,47,44,35,27,player-1,player-4
130,12,19,0.0575000885874033,player-4,48,46,38,33,player-2,player-4
130,13,17,0.05833315663039684,player-3,50,47,45,33,player-3,player-3
130,14,17,0.07191719487309456,player-4,52,49,53,45,player-4,player-4
131,1,17,0.06345799192786217,player-3,3,3,6,0,player-3,player-3
131,2,19,0.07170811295509338,player-2,11,10,11,1,player-4,player-2
131,3,17,0.056625111028552055,player-1,16,12,14,6,player-1,player-1
131,4,18,0.060999998822808266,player-3,17,17,20,8,player-2,player-3
131,5,17,0.061916885897517204,player-3,23,24,26,8,player-3,player-3
131,6,18,0.06954115815460682,player-1,26,26,29,14,player-4,player-1
131,7,24,0.0752920750528574,player-4,30,26,30,20,player-1,player-4
131,8,17,0.0680841039866209,player-2,32,31,30,22,player-2,player-2
131,9,17,0.05908403545618057,player-3,33,37,32,24,player-3,player-3
131,10,20,0.05908310413360596,none,33,46,40,30,player-4,none
131,11,17,0.06320909596979618,player-1,38,48,41,33,player-1,player-1
131,12,19,0.06683403626084328,player-4,40,51,45,41,player-2,player-4
131,13,17,0.09733391925692558,player-3,44,55,48,41,player-3,player-3
131,14,17,0.061916885897517204,player-4,53,57,54,46,player-4,player-4
132,1,18,0.06554205901920795,player-2,1,3,3,5,player-1,player-2
132,2,17,0.07375003769993782,player-2,3,9,6,7,player-2,player-2
132,3,18,0.05250005051493645,player-4,3,9,9,13,player-3,player-4
132,4,17,0.06566708907485008,player-4,6,13,11,20,player-4,player-4
132,5,17,0.07291696965694427,player-1,7,15,17,22,player-1,player-1
132,6,18,0.06895908154547215,player-3,10,22,23,22,player-2,player-3
132,7,17,0.05170796066522598,player-3,13,22,29,25,player-3,player-3
132,8,18,0.07124990224838257,player-1,14,25,36,28,player-4,player-1
132,9,17,0.058042118325829506,player-1,19,31,36,31,player-1,player-1
132,10,17,0.06083305925130844,player-2,21,35,39,33,player-2,player-2
132,11,18,0.05845818668603897,player-4,24,37,44,34,player-3,player-4
132,12,26,0.10700011625885963,player-1,34,37,49,35,player-4,player-1
132,13,17,0.11712498962879181,player-1,36,37,49,38,player-1,player-1
132,14,18,0.07187481969594955,player-3,41,42,53,40,player-2,player-3
132,15,18,0.0775421503931284,player-4,43,44,60,45,player-3,player-4
133,1,20,0.07100007496774197,player-2,1,13,2,10,player-3,player-2
133,2,19,0.06479187868535519,player-2,4,16,4,12,player-4,player-2
133,3,21,0.06274995394051075,player-1,11,18,7,17,player-1,player-1
133,4,17,0.0815829262137413,player-2,11,27,8,24,player-2,player-2
133,5,18,0.060540856793522835,player-4,13,29,14,33,player-3,player-4
133,6,17,0.06591691635549068,player-4,13,32,14,38,player-4,player-4
133,7,31,0.09645801037549973,player-3,16,38,16,41,player-1,player-3
133,8,17,0.07175002247095108,player-2,16,41,21,53,player-2,player-2
133,9,18,0.0563750509172678,player-4,18,44,21,59,player-3,player-4
134,1,22,0.07708393968641758,player-1,1,2,6,6,player-4,player-1
134,2,19,0.07708393968641758,player-3,4,4,13,9,player-1,player-3
134,3,17,0.06958399899303913,player-2,10,6,19,12,player-2,player-2
134,4,19,0.07412489503622055,player-1,18,6,23,15,player-3,player-1
134,5,24,0.07070903666317463,player-3,18,8,27,16,player-4,player-3
134,6,18,0.05987496115267277,player-2,19,16,30,20,player-1,player-2
134,7,19,0.0844169408082962,player-4,25,29,33,23,player-2,player-4
134,8,17,0.05533290095627308,player-3,27,33,42,23,player-3,player-3
134,9,21,0.06975000724196434,player-4,31,37,55,28,player-4,player-4
134,10,17,0.06237509660422802,player-1,39,39,60,29,player-1,player-1
134,11,22,0.06329081952571869,player-3,47,43,62,29,player-2,player-3
135,1,17,0.07400009781122208,player-3,3,2,1,0,player-3,player-3
135,2,17,0.0719588715583086,player-4,8,3,3,9,player-4,player-4
135,3,17,0.07387506775557995,player-1,16,12,9,14,player-1,player-1
135,4,18,0.07595913484692574,player-3,22,19,13,17,player-2,player-3
135,5,17,0.06254180334508419,player-3,30,21,16,23,player-3,player-3
135,6,17,0.05841604433953762,player-4,31,21,17,32,player-4,player-4
135,7,18,0.05966587923467159,player-2,31,26,25,33,player-1,player-2
135,8,21,0.09041698649525642,player-2,33,29,25,37,player-2,player-2
135,9,18,0.05075009539723396,player-4,35,29,28,40,player-3,player-4
135,10,18,0.05470798350870609,player-1,40,29,28,44,player-4,player-1
135,11,17,0.05487492308020592,player-1,44,30,28,46,player-1,player-1
135,12,20,0.06862496957182884,player-1,56,33,36,50,player-2,player-1
135,13,17,0.07241591811180115,player-3,58,40,38,50,player-3,player-3
135,14,17,0.1027919352054596,player-4,69,47,51,54,player-4,player-4
136,1,33,0.09033386595547199,player-3,1,7,3,0,player-3,player-3
136,2,17,0.06691715680062771,player-4,3,11,7,3,player-4,player-4
136,3,17,0.09729200974106789,player-1,10,13,9,5,player-1,player-1
136,4,18,0.06741611286997795,player-3,12,20,14,12,player-2,player-3
136,5,18,0.056791817769408226,player-4,13,27,15,14,player-3,player-4
136,6,17,0.05879206582903862,player-4,17,30,19,17,player-4,player-4
136,7,17,0.0637909397482872,player-1,27,40,19,17,player-1,player-1
136,8,17,0.07208390161395073,player-2,32,49,19,20,player-2,player-2
136,9,17,0.0683339312672615,player-3,34,50,31,20,player-3,player-3
136,10,17,0.060125021263957024,player-4,34,52,37,22,player-4,player-4
136,11,20,0.0949581153690815,player-4,38,55,49,27,player-1,player-4
136,12,18,0.09154202416539192,player-3,40,57,54,31,player-2,player-3
136,13,17,0.07262500002980232,player-3,44,60,61,32,player-3,player-3
137,1,17,0.0713749323040247,player-2,7,9,7,4,player-2,player-2
137,2,17,0.062000006437301636,player-3,10,14,13,9,player-3,player-3
137,3,17,0.08508283644914627,player-4,10,23,16,22,player-4,player-4
137,4,18,0.07650000043213367,player-2,18,26,16,27,player-1,player-2
137,5,17,0.06308290176093578,player-2,21,30,16,33,player-2,player-2
137,6,17,0.0616670586168766,player-3,28,30,28,34,player-3,player-3
137,7,18,0.06370781920850277,player-1,30,34,28,35,player-4,player-1
137,8,18,0.07345899939537048,player-2,32,36,28,39,player-1,player-2
137,9,18,0.057541998103260994,player-3,33,40,36,45,player-2,player-3
137,10,18,0.07166690193116665,player-4,36,47,43,49,player-3,player-4
137,11,19,0.048708170652389526,none,39,49,46,50,player-4,none
137,12,17,0.08508306927978992,player-1,45,56,51,56,player-1,player-1
138,1,18,0.07916591130197048,player-1,5,7,6,7,player-4,player-1
138,2,17,0.054040923714637756,player-1,7,8,6,12,player-1,player-1
138,3,17,0.06120791658759117,player-2,13,11,8,15,player-2,player-2
138,4,22,0.07983320392668247,player-4,20,13,15,22,player-3,player-4
138,5,19,0.05633290857076645,none,20,16,22,23,player-4,none
138,6,21,0.07708300836384296,player-1,26,20,25,26,player-1,player-1
138,7,20,0.059542013332247734,player-1,30,23,28,29,player-2,player-1
138,8,17,0.08083297871053219,player-3,38,28,33,32,player-3,player-3
138,9,17,0.08374988101422787,player-4,39,33,38,43,player-4,player-4
138,10,17,0.0691248569637537,player-1,47,38,41,48,player-1,player-1
138,11,17,0.06858282722532749,player-2,49,52,46,53,player-2,player-2
139,1,17,0.06712484173476696,player-4,2,2,2,5,player-4,player-4
139,2,17,0.08045812137424946,player-1,9,4,2,5,player-1,player-1
139,3,17,0.06862496957182884,player-2,23,14,13,11,player-2,player-2
139,4,17,0.07670908235013485,player-3,26,22,16,16,player-3,player-3
139,5,17,0.05641602911055088,player-4,29,27,20,19,player-4,player-4
139,6,17,0.05854107439517975,player-1,33,27,20,22,player-1,player-1
139,7,17,0.07774983532726765,player-2,43,41,20,25,player-2,player-2
139,8,19,0.0715409405529499,player-1,50,45,26,28,player-3,player-1
139,9,18,0.06558303721249104,player-1,55,47,28,30,player-4,player-1
139,10,17,0.0726659782230854,player-1,57,49,31,38,player-1,player-1
139,11,17,0.08583301678299904,player-2,66,52,37,39,player-2,player-2
140,1,17,0.05845795385539532,player-1,8,1,0,3,player-1,player-1
140,2,18,0.07029087282717228,player-3,9,7,2,3,player-2,player-3
140,3,17,0.07875007577240467,player-3,20,9,9,5,player-3,player-3
140,4,17,0.0527501106262207,player-4,21,14,9,20,player-4,player-4
140,5,17,0.06187497638165951,player-1,32,18,19,20,player-1,player-1
140,6,19,0.07400009781122208,player-4,33,21,24,31,player-2,player-4
140,7,19,0.077415956184268,player-1,36,29,33,37,player-3,player-1
140,8,18,0.06712507456541061,player-1,37,29,34,43,player-4,player-1
140,9,18,0.08641695603728294,player-2,41,31,39,47,player-1,player-2
140,10,17,0.059499870985746384,player-2,47,35,40,49,player-2,player-2
140,11,18,0.08283392526209354,player-4,48,38,43,54,player-3,player-4
140,12,17,0.06841681897640228,player-4,48,48,44,61,player-4,player-4
141,1,20,0.11775013990700245,player-1,9,4,2,2,player-2,player-1
141,2,17,0.07058284245431423,player-3,16,8,12,4,player-3,player-3
141,3,18,0.08525000885128975,player-1,17,16,16,6,player-4,player-1
141,4,17,0.10233302600681782,player-1,22,18,21,8,player-1,player-1
141,5,18,0.07237517274916172,player-3,24,21,23,11,player-2,player-3
141,6,19,0.06741704419255257,player-1,29,23,30,16,player-3,player-1
141,7,18,0.08224998600780964,player-1,32,26,31,22,player-4,player-1
141,8,17,0.130208907648921,player-1,38,27,32,27,player-1,player-1
141,9,18,0.1801669131964445,player-3,38,32,35,32,player-2,player-3
141,10,18,0.06404193118214607,player-4,39,32,38,38,player-3,player-4
141,11,17,0.0788751058280468,player-4,41,41,45,46,player-4,player-4
141,12,17,0.05820789374411106,player-1,43,43,47,49,player-1,player-1
141,13,17,0.19279192201793194,player-2,45,52,53,59,player-2,player-2
142,1,17,0.1091670710593462,player-4,5,0,1,7,player-4,player-4
142,2,20,0.08254195563495159,player-4,15,4,6,11,player-1,player-4
142,3,17,0.07037492468953133,player-2,15,8,8,16,player-2,player-2
142,4,24,0.08874991908669472,player-2,21,12,16,26,player-3,player-2
142,5,17,0.05870917811989784,player-4,21,20,20,30,player-4,player-4
142,6,17,0.05187490023672581,player-1,25,24,20,32,player-1,player-1
142,7,17,0.09600003249943256,player-2,34,29,26,37,player-2,player-2
142,8,25,0.09229104034602642,none,34,30,26,40,player-3,none
142,9,19,0.0730419997125864,player-2,34,34,35,42,player-4,player-2
142,10,22,0.08174986578524113,player-2,39,40,35,43,player-1,player-2
142,11,17,0.06491690874099731,player-2,39,49,38,51,player-2,player-2
143,1,17,0.06770901381969452,player-4,1,3,4,2,player-4,player-4
143,2,17,0.07645809091627598,player-1,8,5,6,5,player-1,player-1
143,3,20,0.08525000885128975,player-1,11,9,8,12,player-2,player-1
143,4,21,0.2145830076187849,player-3,13,10,18,12,player-3,player-3
143,5,17,0.20454195328056812,player-4,15,10,21,16,player-4,player-4
143,6,20,0.07075001485645771,player-4,18,10,23,22,player-1,player-4
143,7,18,0.061916885897517204,player-3,24,13,28,24,player-2,player-3
143,8,21,0.10004197247326374,player-3,36,16,37,24,player-3,player-3
143,9,17,0.12245913967490196,player-4,36,19,38,30,player-4,player-4
143,10,17,0.0991669949144125,player-1,43,21,46,30,player-1,player-1
143,11,20,0.07791700772941113,player-1,50,27,50,31,player-2,player-1
144,1,22,0.13745902106165886,player-2,8,2,8,0,player-1,player-2
144,2,17,0.1568750012665987,player-2,15,5,13,2,player-2,player-2
144,3,17,0.17987494356930256,player-3,22,7,15,7,player-3,player-3
144,4,18,0.07312512025237083,player-1,26,8,21,9,player-4,player-1
144,5,18,0.06320793181657791,player-2,29,11,22,9,player-1,player-2
144,6,24,0.08083321154117584,player-1,38,17,28,10,player-2,player-1
144,7,17,0.05650008097290993,player-3,39,18,33,12,player-3,player-3
144,8,18,0.08333404548466206,player-1,46,22,38,20,player-4,player-1
144,9,17,0.05387491546571255,player-1,52,27,38,20,player-1,player-1
144,10,20,0.0837910920381546,player-1,56,28,44,22,player-2,player-1
145,1,17,0.05937507376074791,player-2,3,6,2,7,player-2,player-2
145,2,20,0.06837490946054459,player-2,5,13,9,7,player-3,player-2
145,3,17,0.07420917972922325,player-4,10,19,13,12,player-4,player-4
145,4,17,0.07191603071987629,player-1,20,20,15,17,player-1,player-1
145,5,19,0.08237501606345177,player-4,20,25,27,24,player-2,player-4
145,6,19,0.059582991525530815,player-1,23,27,29,24,player-3,player-1
145,7,19,0.06733299233019352,player-2,25,34,29,28,player-4,player-2
145,8,18,0.05433312617242336,player-2,25,42,29,31,player-1,player-2
145,9,17,0.05162484012544155,player-2,27,53,32,31,player-2,player-2
145,10,17,0.06545800715684891,player-3,27,62,38,35,player-3,player-3
145,11,23,0.0762909185141325,player-2,28,68,41,46,player-4,player-2
146,1,19,0.07924996316432953,player-1,4,5,6,1,player-3,player-1
146,2,17,0.05249981768429279,player-4,5,9,11,1,player-4,player-4
146,3,17,0.07245899178087711,player-1,16,10,17,1,player-1,player-1
146,4,17,0.07220800034701824,player-2,19,15,26,4,player-2,player-2
146,5,17,0.06358278915286064,player-3,24,17,33,4,player-3,player-3
146,6,21,0.06183283403515816,player-4,24,28,33,9,player-4,player-4
146,7,18,0.06508291698992252,player-2,30,34,34,9,player-1,player-2
146,8,17,0.048084184527397156,player-2,30,38,35,10,player-2,player-2
146,9,19,0.05520787090063095,player-1,37,41,38,10,player-3,player-1
146,10,20,0.06929086521267891,player-3,42,43,40,15,player-4,player-3
146,11,18,0.07012486457824707,player-2,45,50,40,18,player-1,player-2
146,12,17,0.06762496195733547,player-2,51,56,41,24,player-2,player-2
146,13,17,0.06400002166628838,player-3,51,58,47,24,player-3,player-3
146,14,19,0.06816699169576168,player-2,54,64,48,27,player-4,player-2
147,1,17,0.06004096940159798,player-1,3,6,2,3,player-1,player-1
147,2,23,0.0577080063521862,none,7,8,2,9,player-2,none
147,3,19,0.07108389399945736,player-1,13,10,8,9,player-3,player-1
147,4,19,0.07049995474517345,player-2,25,10,12,10,player-4,player-2
147,5,17,0.05541602149605751,player-1,33,14,15,10,player-1,player-1
147,6,20,0.07724994793534279,player-1,38,20,18,14,player-2,player-1
147,7,17,0.07404200732707977,player-3,44,24,28,14,player-3,player-3
147,8,17,0.07941713556647301,player-4,46,27,29,19,player-4,player-4
147,9,18,0.07433281280100346,player-2,48,34,33,21,player-1,player-2
147,10,17,0.07099984213709831,player-2,49,38,39,27,player-2,player-2
147,11,20,0.11291704140603542,player-2,52,40,39,29,player-3,player-2
147,12,18,0.061041209846735,player-1,57,44,41,29,player-4,player-1
147,13,17,0.0778338871896267,player-1,64,50,48,37,player-1,player-1
148,1,23,0.07399986498057842,player-1,12,8,2,0,player-3,player-1
148,2,17,0.07766694761812687,player-4,15,9,2,5,player-4,player-4
148,3,18,0.3894160035997629,player-2,19,13,2,7,player-1,player-2
148,4,28,0.0775421503931284,none,22,17,2,13,player-2,none
148,5,23,0.10499986819922924,player-1,27,17,4,14,player-3,player-1
148,6,20,0.07712515071034431,player-3,28,19,11,17,player-4,player-3
148,7,18,0.05979090929031372,player-2,32,26,11,20,player-1,player-2
148,8,17,0.056499848142266273,player-2,32,28,14,28,player-2,player-2
148,9,18,0.07579196244478226,player-4,34,29,19,31,player-3,player-4
148,10,18,0.0613329466432333,player-1,34,30,24,35,player-4,player-1
148,11,17,0.07633399218320847,player-1,42,30,30,49,player-1,player-1
148,12,19,0.06666709668934345,player-4,44,32,34,54,player-2,player-4
148,13,17,0.06349990144371986,player-3,50,34,37,55,player-3,player-3
148,14,22,0.07100007496774197,player-1,57,36,39,55,player-4,player-1
148,15,18,0.0652081798762083,player-2,63,38,41,57,player-1,player-2
149,1,17,0.09245914407074451,player-4,2,4,5,5,player-4,player-4
149,2,17,0.06683310493826866,player-1,6,6,8,5,player-1,player-1
149,3,17,0.1497080083936453,player-2,17,15,19,10,player-2,player-2
149,4,17,0.13316702097654343,player-3,21,21,20,12,player-3,player-3
149,5,26,0.0927499495446682,none,34,26,23,17,player-4,none
149,6,17,0.0641669612377882,player-1,39,28,30,17,player-1,player-1
149,7,20,0.07666600868105888,player-1,45,33,33,24,player-2,player-1
149,8,17,0.06437511183321476,player-3,45,34,38,27,player-3,player-3
149,9,17,0.08020899258553982,player-4,49,37,39,34,player-4,player-4
149,10,17,0.07854192517697811,player-1,54,39,43,38,player-1,player-1
149,11,17,0.056167133152484894,player-2,55,43,45,40,player-2,player-2
150,1,18,0.06316602230072021,player-1,8,0,1,4,player-4,player-1
150,2,20,0.650458037853241,player-4,13,3,7,13,player-1,player-4
150,3,18,0.43112505227327347,player-3,18,8,11,13,player-2,player-3
150,4,20,0.2899169921875,player-2,25,14,18,13,player-3,player-2
150,5,17,0.11058384552598,player-4,28,16,22,17,player-4,player-4
150,6,18,0.09941705502569675,player-2,31,19,23,17,player-1,player-2
150,7,28,0.2752079162746668,none,39,22,23,19,player-2,none
150,8,19,0.25937496684491634,player-1,44,23,28,20,player-3,player-1
150,9,17,0.1202079001814127,player-4,49,30,33,30,player-4,player-4
150,10,21,0.08999998681247234,player-1,51,30,33,32,player-1,player-1
150,11,17,0.09395903907716274,player-2,56,34,36,36,player-2,player-2
150,12,17,0.0679579097777605,player-3,59,40,42,36,player-3,player-3
151,1,17,0.13912515714764595,player-4,5,4,4,8,player-4,player-4
151,2,22,0.1843329519033432,player-2,9,9,4,11,player-1,player-2
151,3,18,0.08999998681247234,player-3,9,13,15,14,player-2,player-3
151,4,23,0.08262507617473602,player-1,14,13,16,16,player-3,player-1
151,5,19,0.08237501606345177,player-2,15,21,18,19,player-4,player-2
151,6,18,0.07062498480081558,player-2,19,24,21,21,player-1,player-2
151,7,18,0.062125036492943764,player-3,20,28,23,26,player-2,player-3
151,8,17,0.0641669612377882,player-3,26,34,26,26,player-3,player-3
151,9,19,0.1252500806003809,player-2,29,43,29,29,player-4,player-2
151,10,17,0.06245914846658707,player-1,31,45,29,34,player-1,player-1
151,11,17,0.06725010462105274,player-2,33,47,33,36,player-2,player-2
151,12,19,0.06954185664653778,player-1,37,55,33,48,player-3,player-1
152,1,18,0.08562509901821613,player-1,11,2,6,4,player-4,player-1
152,2,19,0.06408314220607281,player-3,17,3,10,5,player-1,player-3
152,3,18,0.05841720849275589,player-3,17,6,12,11,player-2,player-3
152,4,20,0.09145797230303288,player-2,23,14,21,12,player-3,player-2
152,5,20,0.13470789417624474,player-3,29,17,24,14,player-4,player-3
152,6,22,0.0863748136907816,player-2,33,18,24,15,player-1,player-2
152,7,17,0.0868749339133501,player-2,42,20,24,23,player-2,player-2
152,8,17,0.06587500683963299,player-3,45,21,29,23,player-3,player-3
152,9,17,0.09208405390381813,player-4,52,24,31,30,player-4,player-4
152,10,23,0.10462501086294651,none,58,26,32,30,player-1,none
152,11,20,0.442249933257699,player-1,62,26,39,35,player-2,player-1
153,1,22,0.45974995009601116,player-1,10,0,3,0,player-4,player-1
153,2,17,0.15662494115531445,player-1,13,4,5,2,player-1,player-1
153,3,22,0.2387920394539833,player-3,16,6,10,6,player-2,player-3
153,4,17,0.08604209870100021,player-3,16,8,18,8,player-3,player-3
153,5,18,0.07129204459488392,player-1,22,12,24,12,player-4,player-1
153,6,19,0.12833299115300179,player-3,24,13,34,20,player-1,player-3
153,7,17,0.06195809692144394,player-2,26,16,37,22,player-2,player-2
153,8,25,0.0927499495446682,player-3,29,18,45,23,player-3,player-3
153,9,23,0.0985830556601286,player-2,35,26,51,27,player-4,player-2
153,10,17,0.06349990144371986,player-1,38,31,54,30,player-1,player-1
153,11,18,0.08879206143319607,player-3,42,32,64,38,player-2,player-3
154,1,17,0.06729108281433582,player-3,6,0,1,1,player-3,player-3
154,2,17,0.06441609002649784,player-4,8,6,4,6,player-4,player-4
154,3,18,0.05841720849275589,player-2,9,10,4,6,player-1,player-2
154,4,17,0.06683403626084328,player-2,13,17,13,10,player-2,player-2
154,5,27,0.08387514390051365,player-1,17,19,14,13,player-3,player-1
154,6,23,0.08541601710021496,player-2,19,27,14,13,player-4,player-2
154,7,17,0.06741704419255257,player-1,22,31,19,13,player-1,player-1
154,8,17,0.05629193037748337,player-2,22,42,19,14,player-2,player-2
154,9,17,0.07349997758865356,player-3,22,44,22,21,player-3,player-3
154,10,17,0.07508299313485622,player-4,25,48,31,25,player-4,player-4
154,11,19,0.07762503810226917,player-3,27,55,32,28,player-1,player-3
154,12,22,0.0902081374078989,player-3,39,63,37,35,player-2,player-3
154,13,20,0.07966696284711361,player-2,40,69,39,35,player-3,player-2
155,1,22,0.16587483696639538,player-2,3,7,0,2,player-1,player-2
155,2,17,0.08066697046160698,player-2,8,8,4,7,player-2,player-2
155,3,17,0.07312488742172718,player-3,15,9,12,8,player-3,player-3
155,4,17,0.06491690874099731,player-4,15,10,12,15,player-4,player-4
155,5,17,0.06729201413691044,player-1,18,10,18,16,player-1,player-1
155,6,17,0.06345799192786217,player-2,18,12,25,19,player-2,player-2
155,7,17,0.07299985736608505,player-3,18,12,34,22,player-3,player-3
155,8,18,0.10416703298687935,player-1,22,13,34,25,player-4,player-1
155,9,18,0.093833077698946,player-2,24,23,34,30,player-1,player-2
155,10,26,0.11520786210894585,player-3,26,26,42,36,player-2,player-3
155,11,20,0.10325014591217041,player-2,29,32,47,36,player-3,player-2
155,12,17,0.08445791900157928,player-4,29,38,49,40,player-4,player-4
155,13,18,0.0819170381873846,player-2,32,45,50,43,player-1,player-2
155,14,18,0.07929187268018723,player-3,39,54,51,49,player-2,player-3
156,1,20,0.09050010703504086,player-1,4,3,8,2,player-2,player-1
156,2,17,0.06958283483982086,player-3,6,6,12,6,player-3,player-3
156,3,17,0.0929159577935934,player-4,10,8,23,18,player-4,player-4
156,4,20,0.08237501606345177,player-4,13,11,27,21,player-1,player-4
156,5,17,0.053957803174853325,player-2,16,12,33,23,player-2,player-2
156,6,19,0.06925011985003948,player-1,17,20,39,25,player-3,player-1
156,7,17,0.05966704338788986,player-4,21,23,43,26,player-4,player-4
156,8,21,0.07904204539954662,player-1,24,25,51,41,player-1,player-1
156,9,19,0.06162491627037525,player-4,24,28,52,49,player-2,player-4
156,10,17,0.05570799112319946,player-3,28,31,60,49,player-3,player-3
156,11,17,0.05545793101191521,player-4,29,40,67,59,player-4,player-4
156,12,17,0.07445807568728924,player-1,34,49,74,71,player-1,player-1
157,1,17,0.06262492388486862,player-1,2,0,1,3,player-1,player-1
157,2,19,0.060542020946741104,player-4,3,2,1,9,player-2,player-4
157,3,17,0.06804103031754494,player-3,9,2,7,15,player-3,player-3
157,4,25,0.062208157032728195,none,10,4,9,19,player-4,none
157,5,22,0.08112494833767414,player-2,16,12,12,20,player-1,player-2
157,6,17,0.06108288653194904,player-2,21,22,15,24,player-2,player-2
157,7,17,0.1004580408334732,player-3,24,27,22,28,player-3,player-3
157,8,18,0.057999975979328156,player-1,30,27,22,30,player-4,player-1
157,9,18,0.06791716441512108,player-2,32,35,27,32,player-1,player-2
157,10,17,0.05391589365899563,player-2,35,41,28,32,player-2,player-2
157,11,18,0.07741688750684261,player-4,44,52,32,38,player-3,player-4
157,12,17,0.06833299994468689,player-4,49,54,44,42,player-4,player-4
157,13,18,0.051541952416300774,player-2,53,54,46,45,player-1,player-2
157,14,18,0.0802080612629652,player-3,56,56,52,47,player-2,player-3
158,1,25,0.07950002327561378,player-1,1,3,3,4,player-1,player-1
158,2,23,0.07816683501005173,none,4,4,12,11,player-2,none
158,3,17,0.06150011904537678,player-3,12,4,21,13,player-3,player-3
158,4,20,0.07820897735655308,player-3,23,9,29,24,player-4,player-3
158,5,19,0.06583309732377529,player-3,26,12,34,28,player-1,player-3
158,6,19,0.07579196244478226,player-4,33,14,39,31,player-2,player-4
158,7,19,0.06720796227455139,player-1,46,19,40,33,player-3,player-1
158,8,17,0.05900021642446518,player-4,48,25,45,36,player-4,player-4
158,9,17,0.0683339312672615,player-1,61,29,51,40,player-1,player-1
159,1,18,0.0879999715834856,player-1,7,2,10,2,player-4,player-1
159,2,17,0.07183314301073551,player-1,10,5,12,5,player-1,player-1
159,3,24,0.0738748349249363,player-1,26,11,15,5,player-2,player-1
159,4,18,0.06766594015061855,player-4,29,15,22,14,player-3,player-4
159,5,25,0.08445791900157928,player-4,31,17,25,23,player-4,player-4
159,6,25,0.09058392606675625,player-1,34,25,35,23,player-1,player-1
159,7,17,0.06737513467669487,player-2,38,32,39,24,player-2,player-2
159,8,17,0.06987503729760647,player-3,42,34,43,27,player-3,player-3
159,9,17,0.057625118643045425,player-4,43,37,49,30,player-4,player-4
159,10,17,0.06945780478417873,player-1,49,45,59,30,player-1,player-1
160,1,18,0.06645801477134228,player-3,10,0,2,7,player-2,player-3
160,2,19,0.0743749551475048,player-1,13,2,7,9,player-3,player-1
160,3,17,0.055958982557058334,player-4,18,4,11,18,player-4,player-4
160,4,18,0.059999991208314896,player-2,21,6,15,20,player-1,player-2
160,5,20,0.09058392606675625,player-1,32,11,18,30,player-2,player-1
160,6,17,0.08841697126626968,player-3,37,14,24,32,player-3,player-3
160,7,17,0.07533305324614048,player-4,41,19,24,40,player-4,player-4
160,8,18,0.08629192598164082,player-2,45,20,30,47,player-1,player-2
160,9,18,0.08533289656043053,player-3,53,20,40,48,player-2,player-3
160,10,17,0.07104105316102505,player-3,53,24,45,55,player-3,player-3
160,11,17,0.05570892244577408,player-4,53,29,48,60,player-4,player-4
161,1,18,0.06987503729760647,player-4,2,5,6,2,player-3,player-4
161,2,24,0.06066705100238323,none,2,5,11,6,player-4,none
161,3,17,0.058499863371253014,player-1,9,7,12,9,player-1,player-1
161,4,17,0.06833299994468689,player-2,16,13,14,12,player-2,player-2
161,5,17,0.0707919243723154,player-3,27,17,24,16,player-3,player-3
161,6,17,0.063000014051795,player-4,29,18,27,19,player-4,player-4
161,7,17,0.06179208867251873,player-1,38,18,29,24,player-1,player-1
161,8,19,0.07112487219274044,player-4,54,33,34,27,player-2,player-4
161,9,18,0.05808286368846893,player-4,58,33,41,35,player-3,player-4
161,10,17,0.06870809011161327,player-4,61,37,48,37,player-4,player-4
162,1,19,0.06437511183321476,player-3,2,3,3,0,player-1,player-3
162,2,18,0.05837506614625454,player-3,4,4,9,3,player-2,player-3
162,3,17,0.07283384911715984,player-3,8,8,19,6,player-3,player-3
162,4,19,0.06874999962747097,player-2,8,14,26,6,player-4,player-2
162,5,18,0.07875007577240467,player-2,10,27,29,14,player-1,player-2
162,6,18,0.07924996316432953,player-3,17,29,34,16,player-2,player-3
162,7,17,0.056791817769408226,player-3,17,29,41,16,player-3,player-3
162,8,19,0.07004104554653168,player-2,24,34,43,18,player-4,player-2
162,9,20,0.06712507456541061,player-4,27,36,44,18,player-1,player-4
162,10,18,0.0762909185141325,player-3,27,36,47,24,player-2,player-3
162,11,17,0.06895815022289753,player-3,30,36,52,26,player-3,player-3
162,12,17,0.06445893086493015,player-4,37,41,52,30,player-4,player-4
162,13,21,0.05487492308020592,none,38,41,56,30,player-1,none
162,14,17,0.07208297029137611,player-2,41,54,64,30,player-2,player-2
163,1,17,0.05054101347923279,player-4,0,2,3,2,player-4,player-4
163,2,18,0.06937491707503796,player-2,5,8,8,13,player-1,player-2
163,3,17,0.07162499241530895,player-2,11,12,18,16,player-2,player-2
163,4,18,0.041624996811151505,none,13,14,20,21,player-3,none
163,5,17,0.06854208186268806,player-4,15,18,20,31,player-4,player-4
163,6,19,0.08216686546802521,player-3,24,23,25,33,player-1,player-3
163,7,17,0.06466708146035671,player-2,30,26,33,35,player-2,player-2
163,8,19,0.0712911132723093,player-1,42,29,39,37,player-3,player-1
163,9,22,0.06854184903204441,none,42,32,40,37,player-4,none
163,10,18,0.07383315823972225,player-2,47,38,40,37,player-1,player-2
163,11,18,0.06429199129343033,player-3,52,39,44,37,player-2,player-3
163,12,22,0.07995800115168095,player-4,60,41,48,42,player-3,player-4
164,1,18,0.07820897735655308,player-2,7,7,5,4,player-1,player-2
164,2,18,0.06166589446365833,player-3,12,15,6,7,player-2,player-3
164,3,17,0.0663751270622015,player-3,14,16,14,10,player-3,player-3
164,4,17,0.0577080063521862,player-4,14,20,20,11,player-4,player-4
164,5,18,0.06325007416307926,player-2,16,28,23,20,player-1,player-2
164,6,20,0.07475004531443119,player-1,17,30,25,23,player-2,player-1
164,7,17,0.065250089392066,player-3,24,31,28,26,player-3,player-3
164,8,17,0.07512513548135757,player-4,29,31,34,31,player-4,player-4
164,9,18,0.06987480446696281,player-2,33,32,39,34,player-1,player-2
164,10,17,0.07879105396568775,player-2,36,38,43,35,player-2,player-2
164,11,18,0.055459095165133476,player-4,37,40,47,40,player-3,player-4
164,12,17,0.06933393888175488,player-4,40,41,49,45,player-4,player-4
164,13,20,0.05445885471999645,player-4,43,42,54,52,player-1,player-4
164,14,17,0.057833967730402946,player-2,51,47,57,52,player-2,player-2
165,1,17,0.06362516433000565,player-3,3,4,5,3,player-3,player-3
165,2,17,0.07070787250995636,player-4,9,6,7,8,player-4,player-4
165,3,17,0.05974993109703064,player-1,22,6,10,12,player-1,player-1
165,4,17,0.05979207344353199,player-2,22,19,13,14,player-2,player-2
165,5,17,0.06920797750353813,player-3,31,22,19,16,player-3,player-3
165,6,17,0.05850009620189667,player-4,31,25,20,19,player-4,player-4
165,7,18,0.06591598503291607,player-2,35,28,23,23,player-1,player-2
165,8,17,0.08183415047824383,player-2,39,31,27,28,player-2,player-2
165,9,20,0.08558318950235844,player-2,47,38,30,30,player-3,player-2
165,10,20,0.07699988782405853,player-3,49,40,31,39,player-4,player-3
165,11,21,0.08237478323280811,player-1,52,43,31,40,player-1,player-1
165,12,20,0.06395811215043068,player-1,60,47,33,42,player-2,player-1
165,13,21,0.07291696965694427,player-3,62,47,37,45,player-3,player-3
165,14,26,0.07508392445743084,player-1,67,49,40,46,player-4,player-1
166,1,21,0.07370789535343647,player-3,2,2,5,3,player-3,player-3
166,2,18,0.07704203017055988,player-1,5,4,14,3,player-4,player-1
166,3,17,0.06420817226171494,player-1,10,5,14,4,player-1,player-1
166,4,17,0.06604194641113281,player-2,14,11,18,6,player-2,player-2
166,5,17,0.05083298310637474,player-3,15,14,23,6,player-3,player-3
166,6,18,0.05087489262223244,player-1,18,15,24,7,player-4,player-1
166,7,17,0.0841671135276556,player-1,29,23,27,9,player-1,player-1
166,8,17,0.06879190914332867,player-2,31,28,29,13,player-2,player-2
166,9,18,0.05908310413360596,player-4,34,33,34,18,player-3,player-4
166,10,17,0.06291712634265423,player-4,36,37,38,21,player-4,player-4
166,11,19,0.060167163610458374,player-3,38,41,48,23,player-1,player-3
166,12,24,0.08487491868436337,player-1,42,47,51,25,player-2,player-1
166,13,18,0.07366598583757877,player-4,44,50,57,27,player-3,player-4
167,1,24,0.0737910158932209,none,2,8,2,2,player-3,none
167,2,19,0.07629115134477615,player-2,8,12,4,3,player-4,player-2
167,3,18,0.06145797669887543,player-2,12,23,11,4,player-1,player-2
167,4,20,0.06629200652241707,player-1,16,25,13,4,player-2,player-1
167,5,18,0.04516611807048321,none,16,26,13,9,player-3,none
167,6,17,0.07104198448359966,player-4,22,26,23,13,player-4,player-4
167,7,20,0.05924981087446213,player-4,25,27,23,18,player-1,player-4
167,8,22,0.06958399899303913,player-3,25,29,23,19,player-2,player-3
167,9,19,0.060125021263957024,player-1,27,30,25,24,player-3,player-1
167,10,30,0.08379202336072922,player-1,31,31,27,31,player-4,player-1
167,11,18,0.05762488581240177,player-2,31,33,28,32,player-1,player-2
167,12,17,0.07154210470616817,player-2,35,41,32,35,player-2,player-2
167,13,18,0.05470798350870609,player-4,39,42,33,37,player-3,player-4
167,14,17,0.07579196244478226,player-4,44,47,33,46,player-4,player-4
167,15,19,0.058499863371253014,player-3,49,53,36,47,player-1,player-3
168,1,17,0.06074993871152401,player-3,4,3,6,0,player-3,player-3
168,2,18,0.06354181095957756,player-1,7,5,12,4,player-4,player-1
168,3,17,0.05587516352534294,player-1,13,6,12,7,player-1,player-1
168,4,18,0.06874999962747097,player-3,15,13,15,10,player-2,player-3
168,5,17,0.06762496195733547,player-3,22,18,20,15,player-3,player-3
168,6,20,0.0783340074121952,player-3,36,18,35,22,player-4,player-3
168,7,17,0.04733284004032612,player-1,41,18,36,24,player-1,player-1
168,8,20,0.06233295425772667,player-1,48,24,38,31,player-2,player-1
168,9,20,0.08633313700556755,player-2,54,31,42,31,player-3,player-2
168,10,17,0.062166014686226845,player-4,54,31,42,36,player-4,player-4
168,11,18,0.07820897735655308,player-2,56,42,50,39,player-1,player-2
169,1,17,0.06091711111366749,player-4,2,5,7,4,player-4,player-4
169,2,17,0.059125013649463654,player-1,4,9,8,6,player-1,player-1
169,3,18,0.06487499922513962,player-3,10,20,20,7,player-2,player-3
169,4,18,0.06554205901920795,player-4,14,26,28,8,player-3,player-4
169,5,18,0.06358395330607891,player-1,22,29,33,13,player-4,player-1
169,6,17,0.0791249331086874,player-1,28,32,43,21,player-1,player-1
169,7,22,0.07091695442795753,player-3,29,35,47,25,player-2,player-3
169,8,17,0.07566693238914013,player-3,36,40,58,25,player-3,player-3
169,9,17,0.05474989302456379,player-4,39,44,63,31,player-4,player-4
170,1,18,0.06645917892456055,player-3,2,0,6,5,player-2,player-3
170,2,17,0.06029196083545685,player-3,5,4,8,7,player-3,player-3
170,3,17,0.05991593934595585,player-4,10,11,18,8,player-4,player-4
170,4,17,0.05429098382592201,player-1,15,11,18,8,player-1,player-1
170,5,20,0.057208118960261345,player-1,18,15,20,9,player-2,player-1
170,6,17,0.05729193799197674,player-3,19,18,24,11,player-3,player-3
170,7,22,0.06937514990568161,none,24,20,31,15,player-4,none
170,8,20,0.08599995635449886,player-4,26,25,34,25,player-1,player-4
170,9,17,0.06708409637212753,player-2,29,26,36,28,player-2,player-2
170,10,17,0.09429198689758778,player-3,29,28,38,32,player-3,player-3
170,11,24,0.08104206062853336,player-3,32,32,41,37,player-4,player-3
170,12,17,0.07633306086063385,player-1,34,34,42,38,player-1,player-1
170,13,17,0.06900005973875523,player-2,34,38,45,40,player-2,player-2
170,14,18,0.06837514229118824,player-4,41,45,46,49,player-3,player-4
170,15,31,0.08116592653095722,none,42,48,49,51,player-4,none
170,16,19,0.0702918041497469,player-3,42,54,56,56,player-1,player-3
171,1,18,0.07387506775557995,player-1,5,5,3,2,player-4,player-1
171,2,20,0.09300000965595245,player-4,8,9,3,14,player-1,player-4
171,3,17,0.10895798914134502,player-2,11,15,7,18,player-2,player-2
171,4,17,0.08129095658659935,player-3,14,22,10,24,player-3,player-3
171,5,17,0.0625841785222292,player-4,17,22,16,26,player-4,player-4
171,6,18,0.0724580604583025,player-2,18,30,20,29,player-1,player-2
171,7,18,0.06254087202250957,player-3,20,34,27,29,player-2,player-3
171,8,19,0.09212503209710121,player-1,31,39,32,31,player-3,player-1
171,9,17,0.06674998439848423,player-4,36,43,37,40,player-4,player-4
171,10,19,0.0789170153439045,player-3,37,43,48,54,player-1,player-3
171,11,20,0.07733306847512722,player-1,44,51,50,54,player-2,player-1
172,1,17,0.07512513548135757,player-4,4,4,6,0,player-4,player-4
172,2,17,0.0475000124424696,player-1,12,5,9,0,player-1,player-1
172,3,17,0.0616670586168766,player-2,20,12,13,2,player-2,player-2
172,4,18,0.05508307367563248,none,21,20,13,12,player-3,none
172,5,19,0.06712507456541061,player-2,26,28,15,21,player-4,player-2
172,6,19,0.07570884190499783,player-3,37,38,22,26,player-1,player-3
172,7,17,0.08179200813174248,player-2,41,49,26,41,player-2,player-2
172,8,17,0.06891600787639618,player-3,46,49,36,44,player-3,player-3
172,9,17,0.07566600106656551,player-4,53,56,39,50,player-4,player-4
173,1,17,0.06600003689527512,player-3,4,2,12,0,player-3,player-3
173,2,18,0.06812484934926033,player-1,9,4,12,6,player-4,player-1
173,3,20,0.07124990224838257,player-4,14,4,16,11,player-1,player-4
173,4,22,0.09587500244379044,player-3,16,8,19,11,player-2,player-3
173,5,18,0.05233311094343662,player-4,16,8,21,17,player-3,player-4
173,6,15,0.0410410575568676,none,19,8,22,23,player-4,none
173,7,19,0.07195794023573399,player-3,23,9,28,26,player-1,player-3
173,8,17,0.07149996235966682,player-2,25,15,29,28,player-2,player-2
173,9,19,0.07445900700986385,player-1,27,24,32,31,player-3,player-1
173,10,17,0.05804188549518585,player-4,29,29,34,38,player-4,player-4
173,11,29,0.10954099707305431,player-1,30,29,36,49,player-1,player-1
173,12,17,0.05745887756347656,player-2,32,29,39,55,player-2,player-2
173,13,21,0.08262507617473602,player-3,39,33,50,60,player-3,player-3
173,14,20,0.09470805525779724,player-3,43,33,60,62,player-4,player-3
174,1,18,0.07208297029137611,player-2,6,9,4,9,player-1,player-2
174,2,19,0.07741712033748627,player-4,10,11,4,22,player-2,player-4
174,3,18,0.07062498480081558,player-4,21,13,6,34,player-3,player-4
174,4,20,0.07566716521978378,player-3,25,19,13,37,player-4,player-3
174,5,17,0.06504193879663944,player-1,31,26,17,38,player-1,player-1
174,6,17,0.09070779196918011,player-2,39,30,24,43,player-2,player-2
174,7,18,0.06420793943107128,player-4,42,33,28,47,player-3,player-4
174,8,19,0.06354204379022121,player-2,43,40,30,52,player-4,player-2
174,9,23,0.10787509381771088,player-3,43,42,37,54,player-1,player-3
174,10,19,0.06183306686580181,player-4,43,43,47,62,player-2,player-4
175,1,18,0.06837490946054459,player-1,8,0,3,8,player-4,player-1
175,2,18,0.06308313459157944,player-2,15,7,3,8,player-1,player-2
175,3,17,0.06400002166628838,player-2,19,18,9,8,player-2,player-2
175,4,17,0.06970786489546299,player-3,21,23,21,14,player-3,player-3
175,5,18,0.07500010542571545,player-1,24,28,25,19,player-4,player-1
175,6,21,0.07562502287328243,player-1,31,39,32,27,player-1,player-1
175,7,19,0.06987503729760647,player-4,44,41,34,28,player-2,player-4
175,8,17,0.05087489262223244,player-3,44,43,41,28,player-3,player-3
175,9,24,0.09912485256791115,player-3,44,45,43,30,player-4,player-3
175,10,18,0.07104198448359966,player-2,47,52,46,31,player-1,player-2
175,11,17,0.08041597902774811,player-2,52,66,53,34,player-2,player-2
176,1,20,0.09549991227686405,player-4,2,5,2,4,player-1,player-4
176,2,17,0.06383401341736317,player-2,5,13,2,9,player-2,player-2
176,3,17,0.0653339084237814,player-3,10,22,15,12,player-3,player-3
176,4,17,0.053625088185071945,player-4,14,23,15,15,player-4,player-4
176,5,20,0.06279093213379383,player-4,14,24,17,21,player-1,player-4
176,6,17,0.06183306686580181,player-2,16,27,20,22,player-2,player-2
176,7,20,0.08695898577570915,player-2,18,37,22,24,player-3,player-2
176,8,17,0.06862496957182884,player-4,20,41,35,28,player-4,player-4
176,9,19,0.09333295747637749,player-3,25,48,41,31,player-1,player-3
176,10,17,0.07545808330178261,player-2,31,55,46,36,player-2,player-2
176,11,19,0.19729090854525566,player-1,35,60,48,43,player-3,player-1
177,1,19,0.06958306767046452,player-1,0,2,3,3,player-3,player-1
177,2,22,0.0827498733997345,player-1,7,7,3,13,player-4,player-1
177,3,26,0.07600011304020882,player-2,8,7,5,13,player-1,player-2
177,4,28,0.08375011384487152,player-1,19,8,17,16,player-2,player-1
177,5,18,0.06975000724196434,player-4,19,13,22,18,player-3,player-4
177,6,17,0.06070896051824093,player-4,22,13,29,22,player-4,player-4
177,7,17,0.062166014686226845,player-1,26,17,34,25,player-1,player-1
177,8,24,0.06229104474186897,player-1,33,18,35,26,player-2,player-1
177,9,19,0.060542020946741104,player-1,38,23,35,29,player-3,player-1
177,10,17,0.07179100066423416,player-4,40,26,37,39,player-4,player-4
177,11,18,0.05587493069469929,player-2,42,30,39,39,player-1,player-2
177,12,18,0.10320800356566906,player-3,49,31,60,46,player-2,player-3
178,1,18,0.06749993190169334,player-3,2,6,0,0,player-2,player-3
178,2,17,0.08437503129243851,player-3,3,8,9,2,player-3,player-3
178,3,20,0.07712491787970066,player-3,9,13,10,5,player-4,player-3
178,4,17,0.06033293902873993,player-1,14,18,15,8,player-1,player-1
178,5,17,0.06341701373457909,player-2,17,21,20,19,player-2,player-2
178,6,17,0.06279186345636845,player-3,22,29,29,21,player-3,player-3
178,7,17,0.07587508298456669,player-4,24,37,33,23,player-4,player-4
178,8,17,0.05725002847611904,player-1,31,41,37,23,player-1,player-1
178,9,22,0.07458310574293137,player-3,32,43,38,27,player-2,player-3
178,10,21,0.08333311416208744,player-3,32,49,44,35,player-3,player-3
178,11,25,0.07612491026520729,player-4,33,51,48,41,player-4,player-4
178,12,17,0.06066611967980862,player-1,34,55,52,50,player-1,player-1
179,1,17,0.06737490184605122,player-1,3,4,2,0,player-1,player-1
179,2,17,0.05650008097290993,player-2,3,7,6,4,player-2,player-2
179,3,18,0.06933300755918026,player-4,3,9,7,7,player-3,player-4
179,4,18,0.07025012746453285,player-1,9,16,18,8,player-4,player-1
179,5,18,0.08375011384487152,player-2,16,20,22,13,player-1,player-2
179,6,17,0.06595812737941742,player-2,24,27,22,16,player-2,player-2
179,7,19,0.08216686546802521,player-1,28,31,24,20,player-3,player-1
179,8,17,0.07291696965694427,player-4,29,32,29,22,player-4,player-4
179,9,17,0.06308313459157944,player-1,30,32,31,23,player-1,player-1
179,10,18,0.10320800356566906,player-3,35,33,36,29,player-2,player-3
179,11,18,0.0877920538187027,player-4,38,37,37,38,player-3,player-4
179,12,17,0.063000014051795,player-4,39,39,39,41,player-4,player-4
179,13,18,0.07370882667601109,player-2,46,44,46,42,player-1,player-2
179,14,20,0.0865831971168518,player-1,49,50,53,42,player-2,player-1
180,1,17,0.06429199129343033,player-1,7,2,1,0,player-1,player-1
180,2,17,0.0666249543428421,player-2,7,6,4,0,player-2,player-2
180,3,18,0.07845787331461906,player-4,7,7,5,7,player-3,player-4
180,4,17,0.07045897655189037,player-4,9,7,8,10,player-4,player-4
180,5,17,0.0616670586168766,player-1,13,15,13,10,player-1,player-1
180,6,17,0.0577499158680439,player-2,19,19,15,12,player-2,player-2
180,7,17,0.10316702537238598,player-3,23,23,19,12,player-3,player-3
180,8,20,0.08183298632502556,player-3,24,30,20,17,player-4,player-3
180,9,19,0.07737497799098492,player-3,27,33,25,18,player-1,player-3
180,10,19,0.08787494152784348,player-4,38,36,35,23,player-2,player-4
180,11,19,0.07579079829156399,player-1,41,42,41,26,player-3,player-1
180,12,17,0.05337502807378769,player-4,46,42,51,31,player-4,player-4
180,13,17,0.07100007496774197,player-1,48,43,55,35,player-1,player-1
181,1,17,0.06337510421872139,player-4,5,5,0,7,player-4,player-4
181,2,18,0.07979199290275574,player-2,9,12,3,11,player-1,player-2
181,3,17,0.10862504132091999,player-2,13,17,7,18,player-2,player-2
181,4,18,0.05791708827018738,player-4,15,23,8,23,player-3,player-4
181,5,17,0.0849999487400055,player-4,15,25,12,26,player-4,player-4
181,6,22,0.07279100827872753,player-2,19,36,12,26,player-1,player-2
181,7,22,0.08704210631549358,none,20,37,14,28,player-2,none
181,8,17,0.056625111028552055,player-3,25,38,15,30,player-3,player-3
181,9,19,0.09774998761713505,player-2,28,41,18,36,player-4,player-2
181,10,18,0.09495788253843784,player-2,35,43,23,40,player-1,player-2
181,11,17,0.08433288894593716,player-2,37,49,24,43,player-2,player-2
181,12,18,0.0666249543428421,player-4,38,50,25,48,player-3,player-4
181,13,17,0.08679111488163471,player-4,42,51,29,50,player-4,player-4
182,1,19,0.09112502448260784,player-1,6,4,2,6,player-3,player-1
182,2,17,0.08395896293222904,player-4,7,7,4,9,player-4,player-4
182,3,20,0.0793328508734703,player-4,11,9,5,15,player-1,player-4
182,4,19,0.07454189471900463,player-4,11,14,11,20,player-2,player-4
182,5,18,0.05933409556746483,player-4,14,15,13,22,player-3,player-4
182,6,17,0.07666600868105888,player-4,14,22,13,24,player-4,player-4
182,7,18,0.06966711953282356,player-2,23,28,19,27,player-1,player-2
182,8,17,0.09545800276100636,player-2,24,38,20,32,player-2,player-2
182,9,17,0.08770800195634365,player-3,30,41,26,32,player-3,player-3
182,10,19,0.06866594776511192,player-2,35,44,30,33,player-4,player-2
182,11,17,0.06916583515703678,player-1,43,49,36,33,player-1,player-1
182,12,17,0.05120900459587574,player-2,44,55,41,36,player-2,player-2
182,13,17,0.08341693319380283,player-3,48,55,49,43,player-3,player-3
182,14,17,0.06649992428719997,player-4,49,57,55,46,player-4,player-4
183,1,17,0.0610831193625927,player-2,3,3,10,0,player-2,player-2
183,2,17,0.05600019358098507,player-3,4,6,13,2,player-3,player-3
183,3,17,0.06708293221890926,player-4,11,8,23,4,player-4,player-4
183,4,17,0.06924988701939583,player-1,14,8,26,9,player-1,player-1
183,5,17,0.0788751058280468,player-2,19,13,27,14,player-2,player-2
183,6,19,0.059167155995965004,player-1,27,14,29,16,player-3,player-1
183,7,17,0.05295802839100361,player-4,37,19,36,20,player-4,player-4
183,8,21,0.0691248569637537,player-1,38,26,44,23,player-1,player-1
183,9,18,0.0614591408520937,player-3,40,30,49,23,player-2,player-3
183,10,18,0.08229096420109272,player-4,42,31,53,34,player-3,player-4
183,11,19,0.057999975979328156,player-2,45,35,56,36,player-4,player-2
184,1,17,0.06704102270305157,player-2,8,7,0,3,player-2,player-2
184,2,20,0.06720796227455139,player-2,13,14,4,6,player-3,player-2
184,3,18,0.06725010462105274,player-1,16,19,11,15,player-4,player-1
184,4,17,0.05766586400568485,player-1,23,19,17,16,player-1,player-1
184,5,17,0.07483293302357197,player-2,27,30,21,22,player-2,player-2
184,6,17,0.05741603672504425,player-3,30,32,23,25,player-3,player-3
184,7,19,0.06262492388486862,player-2,35,34,26,33,player-4,player-2
184,8,20,0.0791249331086874,player-4,37,35,30,34,player-1,player-4
184,9,18,0.059416983276605606,player-3,37,35,33,34,player-2,player-3
184,10,18,0.05833408795297146,player-4,37,37,37,37,player-3,player-4
184,11,20,0.08679204620420933,player-3,44,43,43,43,player-4,player-3
184,12,20,0.07233396172523499,player-4,46,46,45,48,player-1,player-4
184,13,23,0.08949986658990383,player-4,50,50,47,52,player-2,player-4
185,1,17,0.05274987779557705,player-2,3,2,1,4,player-2,player-2
185,2,18,0.06466684862971306,player-4,5,3,1,8,player-3,player-4
185,3,19,0.06349990144371986,player-2,8,11,4,12,player-4,player-2
185,4,17,0.056042103096842766,player-1,15,13,5,14,player-1,player-1
185,5,17,0.06724987179040909,player-2,17,19,16,18,player-2,player-2
185,6,17,0.0612910371273756,player-3,17,22,23,20,player-3,player-3
185,7,18,0.05387491546571255,player-1,22,22,26,21,player-4,player-1
185,8,18,0.07041590288281441,player-2,29,27,26,25,player-1,player-2
185,9,20,0.07087481208145618,player-1,39,28,28,32,player-2,player-1
185,10,17,0.0686252024024725,player-3,40,34,35,32,player-3,player-3
185,11,18,0.06066588684916496,player-1,40,37,39,33,player-4,player-1
185,12,20,0.07133395411074162,player-4,43,43,41,37,player-1,player-4
185,13,17,0.06925011985003948,player-2,45,46,44,41,player-2,player-2
185,14,20,0.08408399298787117,player-2,45,53,50,41,player-3,player-2
185,15,18,0.08850009180605412,player-1,51,60,51,43,player-4,player-1
186,1,17,0.11158408597111702,player-4,10,2,2,5,player-4,player-4
186,2,17,0.05791708827018738,player-1,14,5,3,11,player-1,player-1
186,3,19,0.07499987259507179,player-4,18,7,4,14,player-2,player-4
186,4,21,0.07545808330178261,player-3,18,8,9,17,player-3,player-3
186,5,17,0.08324999362230301,player-4,21,12,20,23,player-4,player-4
186,6,18,0.08450006134808064,player-2,23,22,24,28,player-1,player-2
186,7,17,0.08958298712968826,player-2,29,28,27,31,player-2,player-2
186,8,17,0.10233419016003609,player-3,31,33,30,32,player-3,player-3
186,9,19,0.07837498560547829,player-2,34,37,30,34,player-4,player-2
186,10,18,0.07700012065470219,player-2,37,46,34,34,player-1,player-2
186,11,17,0.08266698569059372,player-2,44,48,34,35,player-2,player-2
186,12,17,0.06487499922513962,player-3,45,48,36,38,player-3,player-3
186,13,19,0.08758297190070152,player-2,49,52,40,42,player-4,player-2
186,14,17,0.06862496957182884,player-1,55,52,43,42,player-1,player-1
186,15,17,0.09612482972443104,player-2,60,71,45,42,player-2,player-2
187,1,19,0.07287506014108658,player-4,1,1,6,3,player-2,player-4
187,2,18,0.07416610606014729,player-4,6,3,8,8,player-3,player-4
187,3,17,0.0577499158680439,player-4,6,5,10,13,player-4,player-4
187,4,24,0.1154579222202301,player-4,10,10,13,27,player-1,player-4
187,5,17,0.08199992589652538,player-2,15,14,18,30,player-2,player-2
187,6,17,0.08320785127580166,player-3,15,16,22,34,player-3,player-3
187,7,17,0.08375011384487152,player-4,15,17,30,38,player-4,player-4
187,8,17,0.07575005292892456,player-1,19,17,37,40,player-1,player-1
187,9,18,0.08395803160965443,player-3,29,17,46,48,player-2,player-3
187,10,17,0.09374995715916157,player-3,34,19,49,48,player-3,player-3
187,11,18,0.08299993351101875,player-1,44,24,56,53,player-4,player-1
188,1,18,0.07112487219274044,player-1,2,10,3,1,player-4,player-1
188,2,17,0.08145812898874283,player-1,4,14,8,8,player-1,player-1
188,3,17,0.09704101830720901,player-2,4,24,9,13,player-2,player-2
188,4,18,0.06108288653194904,player-4,7,26,15,17,player-3,player-4
188,5,18,0.05825003609061241,player-1,10,28,18,18,player-4,player-1
188,6,17,0.06895908154547215,player-1,17,32,21,20,player-1,player-1
188,7,17,0.07587508298456669,player-2,20,35,27,31,player-2,player-2
188,8,17,0.09749992750585079,player-3,28,42,30,37,player-3,player-3
188,9,23,0.09729084558784962,player-2,29,50,34,43,player-4,player-2
188,10,20,0.07341592572629452,player-4,32,50,38,49,player-1,player-4
188,11,17,0.059042125940322876,player-2,38,61,40,58,player-2,player-2
189,1,18,0.06400002166628838,player-2,3,7,6,6,player-1,player-2
189,2,18,0.061042141169309616,player-3,4,8,6,6,player-2,player-3
189,3,17,0.05745887756347656,player-3,8,14,8,9,player-3,player-3
189,4,17,0.061625149101018906,player-4,15,16,12,14,player-4,player-4
189,5,18,0.05470798350870609,player-2,16,29,13,15,player-1,player-2
189,6,25,0.10741711594164371,player-2,21,30,17,15,player-2,player-2
189,7,17,0.0801661517471075,player-3,28,33,20,17,player-3,player-3
189,8,18,0.08120900020003319,player-1,31,35,22,22,player-4,player-1
189,9,17,0.0879999715834856,player-1,34,37,24,24,player-1,player-1
189,10,19,0.06854184903204441,player-4,36,39,25,28,player-2,player-4
189,11,19,0.07041683420538902,player-1,37,40,25,31,player-3,player-1
189,12,18,0.0738329254090786,player-1,43,43,25,35,player-4,player-1
189,13,17,0.0965408980846405,player-1,44,44,29,35,player-1,player-1
189,14,18,0.10208319872617722,player-3,46,48,34,36,player-2,player-3
189,15,18,0.09820796549320221,player-4,46,49,36,41,player-3,player-4
189,16,22,0.09233294986188412,player-1,51,56,45,44,player-4,player-1
190,1,19,0.0752920750528574,player-2,2,8,3,7,player-4,player-2
190,2,17,0.07316702976822853,player-1,12,10,10,11,player-1,player-1
190,3,17,0.07075001485645771,player-2,14,13,10,16,player-2,player-2
190,4,20,0.09529199451208115,player-2,15,20,17,23,player-3,player-2
190,5,18,0.07733306847512722,player-1,22,20,20,29,player-4,player-1
190,6,18,0.06999983452260494,player-2,25,29,20,34,player-1,player-2
190,7,18,0.07991609163582325,player-3,29,31,22,38,player-2,player-3
190,8,17,0.07254094816744328,player-3,38,31,23,44,player-3,player-3
190,9,17,0.1027500256896019,player-4,45,33,27,49,player-4,player-4
190,10,18,0.0588749535381794,none,46,37,29,49,player-1,none
190,11,15,0.052459072321653366,none,49,39,29,54,player-2,none
190,12,21,0.11212518438696861,player-3,51,43,32,58,player-3,player-3
191,1,17,0.09774998761713505,player-1,5,5,1,4,player-1,player-1
191,2,17,0.06504193879663944,player-2,10,11,6,4,player-2,player-2
191,3,23,0.07212511263787746,player-1,12,14,8,4,player-3,player-1
191,4,17,0.05766586400568485,player-4,15,14,10,8,player-4,player-4
191,5,17,0.07824995554983616,player-1,20,21,12,12,player-1,player-1
191,6,17,0.08379202336072922,player-2,21,24,14,17,player-2,player-2
191,7,17,0.06308313459157944,player-3,21,24,24,20,player-3,player-3
191,8,17,0.05174987018108368,player-4,22,24,24,25,player-4,player-4
191,9,19,0.06779097020626068,player-3,23,29,35,32,player-1,player-3
191,10,19,0.07624994032084942,player-4,23,37,47,40,player-2,player-4
191,11,19,0.07866695523262024,player-1,26,38,51,44,player-3,player-1
191,12,17,0.05745794624090195,player-4,27,45,53,49,player-4,player-4
191,13,17,0.05508284084498882,player-1,32,48,59,54,player-1,player-1
192,1,18,0.08737505413591862,player-3,6,8,7,10,player-2,player-3
192,2,24,0.07716706022620201,player-2,10,10,10,12,player-3,player-2
192,3,17,0.06141583435237408,player-4,14,13,14,15,player-4,player-4
192,4,17,0.06716698408126831,player-1,21,13,21,18,player-1,player-1
192,5,17,0.054625095799565315,player-2,28,16,24,20,player-2,player-2
192,6,18,0.07545901462435722,player-4,29,18,28,27,player-3,player-4
192,7,17,0.05479203537106514,player-4,29,21,35,37,player-4,player-4
192,8,17,0.052999937906861305,player-1,30,21,35,41,player-1,player-1
192,9,17,0.05341600626707077,player-2,30,31,35,41,player-2,player-2
192,10,17,0.07599988020956516,player-3,37,33,55,41,player-3,player-3
192,11,19,0.09041582234203815,player-2,39,37,58,47,player-4,player-2
192,12,18,0.08754199370741844,player-2,43,47,75,57,player-1,player-2
193,1,20,0.07216702215373516,player-1,8,3,2,3,player-2,player-1
193,2,19,0.07545901462435722,player-1,11,6,7,3,player-3,player-1
193,3,29,0.10125013068318367,player-4,17,11,9,20,player-4,player-4
193,4,25,0.07704203017055988,player-1,18,11,13,20,player-1,player-1
193,5,18,0.06800005212426186,player-3,20,11,13,20,player-2,player-3
193,6,21,0.06391690112650394,player-3,25,14,20,24,player-3,player-3
193,7,18,0.061499886214733124,player-1,27,17,20,26,player-4,player-1
193,8,16,0.05266699008643627,none,31,18,20,30,player-1,none
193,9,17,0.06333412602543831,player-2,36,20,23,31,player-2,player-2
193,10,17,0.07187505252659321,player-3,43,24,28,36,player-3,player-3
193,11,20,0.08087512105703354,player-3,52,24,30,37,player-4,player-3
193,12,17,0.08258409798145294,player-1,55,30,39,38,player-1,player-1
193,13,17,0.05250005051493645,player-2,58,33,40,38,player-2,player-2
193,14,17,0.05687493830919266,player-3,61,39,41,39,player-3,player-3
194,1,17,0.08712499402463436,player-3,7,5,8,5,player-3,player-3
194,2,17,0.059167155995965004,player-4,12,6,14,7,player-4,player-4
194,3,17,0.07754191756248474,player-1,20,12,17,10,player-1,player-1
194,4,22,0.07879198528826237,player-3,25,19,20,10,player-2,player-3
194,5,24,0.09787501767277718,player-2,28,19,31,13,player-3,player-2
194,6,17,0.062499893829226494,player-4,34,19,34,18,player-4,player-4
194,7,18,0.06704102270305157,player-2,36,24,34,18,player-1,player-2
194,8,17,0.06695790216326714,player-2,36,25,38,22,player-2,player-2
194,9,18,0.075541902333498,player-4,42,30,40,31,player-3,player-4
194,10,18,0.0677080824971199,player-1,45,33,43,36,player-4,player-1
194,11,17,0.09191688150167465,player-1,51,35,49,41,player-1,player-1
195,1,17,0.06870809011161327,player-3,7,1,11,0,player-3,player-3
195,2,18,0.07479195483028889,player-1,12,2,14,4,player-4,player-1
195,3,17,0.06237509660422802,player-1,12,2,22,9,player-1,player-1
195,4,20,0.06083305925130844,player-1,17,4,24,9,player-2,player-1
195,5,17,0.06620888598263264,player-3,21,11,26,11,player-3,player-3
195,6,20,0.060999998822808266,player-3,22,14,30,15,player-4,player-3
195,7,24,0.06587500683963299,player-4,23,17,30,21,player-1,player-4
195,8,19,0.06079208105802536,player-4,23,20,37,22,player-2,player-4
195,9,18,0.059999991208314896,player-4,23,23,38,24,player-3,player-4
195,10,18,0.0627920962870121,player-1,30,23,40,27,player-4,player-1
195,11,17,0.05679205060005188,player-1,36,24,41,30,player-1,player-1
195,12,17,0.0741670373827219,player-2,36,26,43,31,player-2,player-2
195,13,19,0.0793328508734703,player-1,40,32,46,35,player-3,player-1
195,14,17,0.058625126257538795,player-4,42,33,52,41,player-4,player-4
195,15,18,0.07629208266735077,player-2,44,41,54,50,player-1,player-2
195,16,17,0.06737513467669487,player-2,47,53,55,59,player-2,player-2
196,1,28,0.08333404548466206,none,1,3,1,2,player-1,none
196,2,23,0.07637497037649155,player-4,7,6,6,7,player-2,player-4
196,3,23,0.06625009700655937,player-1,8,9,10,7,player-3,player-1
196,4,20,0.073583098128438,player-3,10,11,17,16,player-4,player-3
196,5,22,0.07345899939537048,player-2,11,17,18,23,player-1,player-2
196,6,19,0.061208149418234825,player-4,15,24,24,27,player-2,player-4
196,7,17,0.05345791578292847,player-3,21,27,33,27,player-3,player-3
196,8,17,0.06050011143088341,player-4,25,34,39,33,player-4,player-4
196,9,18,0.07070903666317463,player-2,30,37,41,36,player-1,player-2
196,10,17,0.06862496957182884,player-2,32,42,47,43,player-2,player-2
196,11,18,0.06545800715684891,player-4,32,51,48,52,player-3,player-4
197,1,20,0.071709044277668,player-3,3,0,1,3,player-4,player-3
197,2,17,0.0724999699741602,player-1,12,0,4,8,player-1,player-1
197,3,24,0.06720796227455139,player-1,16,0,6,10,player-2,player-1
197,4,17,0.07595890201628208,player-3,26,0,15,12,player-3,player-3
197,5,17,0.05341600626707077,player-4,29,1,17,16,player-4,player-4
197,6,17,0.05124998278915882,player-1,35,2,22,20,player-1,player-1
197,7,17,0.06554112769663334,player-2,42,9,22,29,player-2,player-2
197,8,17,0.06491690874099731,player-3,49,10,34,30,player-3,player-3
197,9,17,0.06954115815460682,player-4,49,11,35,33,player-4,player-4
197,10,17,0.057833967730402946,player-1,52,11,36,35,player-1,player-1
197,11,19,0.06458279676735401,player-4,59,13,37,46,player-2,player-4
197,12,17,0.05070911720395088,player-3,59,16,44,46,player-3,player-3
198,1,17,0.07008295506238937,player-4,12,15,6,2,player-4,player-4
198,2,17,0.05933316424489021,player-1,23,15,12,7,player-1,player-1
198,3,17,0.06825011223554611,player-2,28,21,12,17,player-2,player-2
198,4,17,0.05529192276299,player-3,28,26,18,20,player-3,player-3
198,5,18,0.06829202175140381,player-1,32,26,19,23,player-4,player-1
198,6,17,0.07120799273252487,player-1,37,28,27,26,player-1,player-1
198,7,17,0.06833299994468689,player-2,37,35,28,33,player-2,player-2
198,8,18,0.07533305324614048,player-4,37,43,33,39,player-3,player-4
198,9,18,0.06500002928078175,player-1,49,43,35,43,player-4,player-1
198,10,17,0.09695906192064285,player-1,54,45,38,46,player-1,player-1
198,11,19,0.07512513548135757,player-4,59,46,44,49,player-2,player-4
199,1,17,0.0879999715834856,player-3,0,0,6,6,player-3,player-3
199,2,19,0.05641602911055088,player-2,1,1,7,9,player-4,player-2
199,3,18,0.06195809692144394,player-2,4,3,7,9,player-1,player-2
199,4,19,0.06929109804332256,player-4,5,4,9,13,player-2,player-4
199,5,20,0.11424999684095383,player-2,7,12,18,24,player-3,player-2
199,6,18,0.0743749551475048,player-1,14,17,27,30,player-4,player-1
199,7,19,0.05933409556746483,player-3,16,20,30,31,player-1,player-3
199,8,17,0.07616705261170864,player-2,27,28,38,33,player-2,player-2
199,9,18,0.08133403025567532,player-4,34,30,40,39,player-3,player-4
199,10,27,0.10675005614757538,player-2,53,39,40,40,player-4,player-2
199,11,17,0.054999953135848045,player-1,61,42,40,42,player-1,player-1
200,1,29,0.08074985817074776,none,2,1,2,2,player-3,none
200,2,18,0.07145782001316547,player-1,4,7,7,5,player-4,player-1
200,3,20,0.06749993190169334,player-4,8,11,12,15,player-1,player-4
200,4,22,0.07195794023573399,player-3,14,17,19,16,player-2,player-3
200,5,17,0.061125028878450394,player-3,15,20,22,17,player-3,player-3
200,6,17,0.07304106839001179,player-4,15,27,27,26,player-4,player-4
200,7,19,0.05770917050540447,player-3,18,34,31,31,player-1,player-3
200,8,18,0.07175002247095108,player-3,24,34,37,35,player-2,player-3
200,9,17,0.06441585719585419,player-3,25,37,39,37,player-3,player-3
200,10,19,0.06566592492163181,player-2,26,41,41,40,player-4,player-2
200,11,17,0.06208312697708607,player-1,28,47,41,43,player-1,player-1
200,12,19,0.08020899258553982,player-4,29,52,42,50,player-2,player-4
201,1,20,0.0712911132723093,player-2,3,7,6,2,player-3,player-2
201,2,17,0.05274987779557705,player-4,5,9,8,14,player-4,player-4
201,3,20,0.07529184222221375,player-4,6,11,11,17,player-1,player-4
201,4,20,0.06679119542241096,player-1,10,12,11,23,player-2,player-1
201,5,20,0.08045905269682407,player-2,14,21,12,25,player-3,player-2
201,6,17,0.05837506614625454,player-4,17,28,17,35,player-4,player-4
201,7,17,0.0575000885874033,player-1,20,30,19,35,player-1,player-1
201,8,17,0.07570791058242321,player-2,27,42,27,40,player-2,player-2
201,9,18,0.06804196164011955,player-4,28,53,27,45,player-3,player-4
201,10,17,0.08149980567395687,player-4,32,59,32,52,player-4,player-4
202,1,17,0.06629200652241707,player-1,10,2,3,0,player-1,player-1
202,2,17,0.05758390761911869,player-2,14,5,3,3,player-2,player-2
202,3,18,0.06083305925130844,player-4,16,9,4,7,player-3,player-4
202,4,18,0.07504085078835487,player-1,22,12,10,17,player-4,player-1
202,5,17,0.06545800715684891,player-1,28,16,14,20,player-1,player-1
202,6,18,0.05787494592368603,player-3,34,18,19,23,player-2,player-3
202,7,20,0.09924988262355328,player-2,41,25,24,31,player-3,player-2
202,8,17,0.049625057727098465,player-4,48,27,27,37,player-4,player-4
202,9,20,0.05954108200967312,player-4,53,31,30,40,player-1,player-4
202,10,18,0.05854107439517975,player-3,54,37,38,42,player-2,player-3
202,11,18,0.05625002086162567,player-4,54,40,39,46,player-3,player-4
202,12,18,0.07224990986287594,player-1,62,41,44,49,player-4,player-1
203,1,22,0.07291603833436966,player-3,0,3,7,0,player-2,player-3
203,2,19,0.07204106077551842,player-1,3,10,12,6,player-3,player-1
203,3,19,0.06416579708456993,player-2,10,15,13,7,player-4,player-2
203,4,20,0.06558303721249104,player-4,15,23,15,10,player-1,player-4
203,5,17,0.07779104635119438,player-2,20,25,20,18,player-2,player-2
203,6,18,0.06820796988904476,player-4,25,31,28,22,player-3,player-4
203,7,17,0.062125036492943764,player-4,27,34,31,28,player-4,player-4
203,8,17,0.05833315663039684,player-1,39,37,31,32,player-1,player-1
203,9,18,0.05629193037748337,player-3,40,40,33,32,player-2,player-3
203,10,25,0.06441702134907246,player-3,43,42,36,35,player-3,player-3
203,11,17,0.05608401261270046,player-4,46,49,38,40,player-4,player-4
203,12,17,0.05612499080598354,player-1,49,53,40,46,player-1,player-1
203,13,17,0.06500002928078175,player-2,54,53,44,49,player-2,player-2
204,1,17,0.07666717283427715,player-3,5,2,8,4,player-3,player-3
204,2,17,0.05137501284480095,player-4,5,3,10,7,player-4,player-4
204,3,18,0.06579188629984856,player-2,12,6,17,7,player-1,player-2
204,4,19,0.06516603752970695,player-4,18,8,20,9,player-2,player-4
204,5,17,0.06162491627037525,player-3,19,9,25,10,player-3,player-3
204,6,17,0.06670784205198288,player-4,21,14,29,12,player-4,player-4
204,7,19,0.07295794785022736,player-3,22,16,37,19,player-1,player-3
204,8,19,0.07191603071987629,player-4,25,28,37,20,player-2,player-4
204,9,18,0.062125036492943764,player-4,29,30,41,23,player-3,player-4
204,10,29,0.09325006976723671,player-4,29,35,49,28,player-4,player-4
204,11,19,0.07370789535343647,player-3,33,44,55,30,player-1,player-3
204,12,18,0.0516669824719429,player-3,35,48,57,31,player-2,player-3
204,13,19,0.04766695201396942,none,42,48,57,33,player-3,none
204,14,18,0.05933316424489021,player-1,46,48,63,37,player-4,player-1
205,1,17,0.06737490184605122,player-3,8,5,6,6,player-3,player-3
205,2,17,0.05670799873769283,player-4,8,9,6,13,player-4,player-4
205,3,17,0.05845795385539532,player-1,10,12,8,19,player-1,player-1
205,4,17,0.07475004531443119,player-2,10,19,11,29,player-2,player-2
205,5,17,0.0677080824971199,player-3,15,21,14,34,player-3,player-3
205,6,17,0.05737505853176117,player-4,18,23,15,41,player-4,player-4
205,7,19,0.06162491627037525,player-3,21,26,26,41,player-1,player-3
205,8,18,0.061125028878450394,player-3,25,30,28,43,player-2,player-3
205,9,17,0.07720896974205971,player-3,27,33,31,45,player-3,player-3
205,10,17,0.08374988101422787,player-4,30,38,39,55,player-4,player-4
205,11,19,0.053584109991788864,player-3,33,41,39,57,player-1,player-3
205,12,19,0.07724994793534279,player-4,37,43,45,60,player-2,player-4
206,1,37,0.10995892807841301,player-1,8,24,0,6,player-1,player-1
206,2,20,0.06345799192786217,none,8,27,0,8,player-2,none
206,3,17,0.05137501284480095,player-3,10,29,6,8,player-3,player-3
206,4,20,0.07158308289945126,player-3,10,33,10,22,player-4,player-3
206,5,17,0.0660829246044159,player-1,16,37,15,27,player-1,player-1
206,6,18,0.05274987779557705,player-3,17,41,18,28,player-2,player-3
206,7,17,0.05645793862640858,player-3,17,41,23,30,player-3,player-3
206,8,22,0.06854115054011345,player-1,24,43,26,32,player-4,player-1
206,9,19,0.05904119461774826,player-3,29,48,29,33,player-1,player-3
206,10,17,0.06262492388486862,player-2,29,55,30,37,player-2,player-2
206,11,18,0.06874999962747097,player-4,33,63,34,47,player-3,player-4
207,1,18,0.10124989785254002,player-4,6,5,10,6,player-3,player-4
207,2,18,0.07008295506238937,player-1,9,8,15,12,player-4,player-1
207,3,17,0.06204098463058472,player-1,12,10,18,12,player-1,player-1
207,4,17,0.059333862736821175,player-2,21,16,24,13,player-2,player-2
207,5,17,0.06825011223554611,player-3,24,18,26,17,player-3,player-3
207,6,17,0.07870793342590332,player-4,26,25,30,31,player-4,player-4
207,7,19,0.055582961067557335,player-3,29,25,38,33,player-1,player-3
207,8,18,0.05879206582903862,player-3,35,34,39,36,player-2,player-3
207,9,22,0.08070794865489006,player-4,37,37,45,37,player-3,player-4
207,10,19,0.062374863773584366,player-2,38,38,49,40,player-4,player-2
207,11,17,0.06916606798768044,player-1,44,40,53,43,player-1,player-1
207,12,18,0.06095808930695057,player-3,46,43,57,46,player-2,player-3
208,1,19,0.08137477561831474,player-1,3,5,2,3,player-3,player-1
208,2,17,0.07287506014108658,player-4,6,7,6,6,player-4,player-4
208,3,18,0.06116693839430809,player-2,15,7,7,6,player-1,player-2
208,4,17,0.05733291618525982,player-2,18,14,10,9,player-2,player-2
208,5,18,0.06670900620520115,player-4,18,16,10,26,player-3,player-4
208,6,30,0.08054100908339024,player-1,19,19,13,28,player-4,player-1
208,7,22,0.07824995554983616,player-2,19,28,13,30,player-1,player-2
208,8,17,0.059165991842746735,player-2,19,35,15,32,player-2,player-2
208,9,28,0.0902500469237566,none,23,40,23,39,player-3,none
208,10,19,0.07141684181988239,player-2,26,44,28,42,player-4,player-2
208,11,21,0.07579079829156399,player-1,34,45,31,46,player-1,player-1
208,12,17,0.07087504491209984,player-2,40,48,36,48,player-2,player-2
208,13,18,0.06558303721249104,player-4,49,56,45,54,player-3,player-4
209,1,19,0.057416968047618866,player-2,3,2,3,1,player-4,player-2
209,2,17,0.07200008258223534,player-1,7,3,9,1,player-1,player-1
209,3,17,0.0691248569637537,player-2,15,10,14,1,player-2,player-2
209,4,18,0.0908339861780405,player-4,16,10,16,2,player-3,player-4
209,5,17,0.07308297790586948,player-4,18,14,16,3,player-4,player-4
209,6,24,0.0789170153439045,player-4,19,18,19,7,player-1,player-4
209,7,17,0.05575013346970081,player-2,21,26,20,7,player-2,player-2
209,8,17,0.06725010462105274,player-3,27,26,28,9,player-3,player-3
209,9,18,0.06829202175140381,player-1,33,34,37,9,player-4,player-1
209,10,17,0.08812500163912773,player-1,46,35,44,9,player-1,player-1
209,11,17,0.07066689431667328,player-2,47,37,53,13,player-2,player-2
210,1,17,0.07824995554983616,player-4,3,2,3,10,player-4,player-4
210,2,20,0.07370789535343647,player-4,5,4,6,16,player-1,player-4
210,3,17,0.05012494511902332,player-2,10,6,7,21,player-2,player-2
210,4,17,0.06658397614955902,player-3,17,14,12,23,player-3,player-3
210,5,18,0.06795814260840416,player-1,23,14,14,28,player-4,player-1
210,6,17,0.07937499321997166,player-1,26,15,20,41,player-1,player-1
210,7,19,0.06754091009497643,player-4,27,15,23,46,player-2,player-4
210,8,18,0.07708300836384296,player-4,27,22,24,57,player-3,player-4
210,9,17,0.07087504491209984,player-4,29,25,26,62,player-4,player-4
210,10,17,0.06454088725149632,player-1,32,28,30,67,player-1,player-1
210,11,17,0.05441717803478241,player-2,34,28,35,76,player-2,player-2
211,1,19,0.07979199290275574,player-3,5,6,4,5,player-1,player-3
211,2,18,0.07158308289945126,player-3,7,9,9,8,player-2,player-3
211,3,19,0.07941690273582935,player-1,9,11,11,13,player-3,player-1
211,4,17,0.06462493911385536,player-4,19,11,19,16,player-4,player-4
211,5,17,0.07058284245431423,player-1,28,15,19,16,player-1,player-1
211,6,18,0.06070919334888458,player-3,30,21,24,21,player-2,player-3
211,7,20,0.05604187026619911,player-2,32,25,26,23,player-3,player-2
211,8,17,0.0599580816924572,player-4,34,25,31,31,player-4,player-4
211,9,17,0.063000014051795,player-1,38,27,35,34,player-1,player-1
211,10,17,0.07658288814127445,player-2,39,40,42,42,player-2,player-2
211,11,22,0.07212487980723381,player-4,42,41,43,48,player-3,player-4
211,12,20,0.13345899060368538,player-3,42,45,51,55,player-4,player-3
212,1,17,0.058208126574754715,player-2,5,2,1,5,player-2,player-2
212,2,17,0.06541702896356583,player-3,7,3,12,8,player-3,player-3
212,3,18,0.0779998954385519,player-1,15,3,17,10,player-4,player-1
212,4,17,0.07345806807279587,player-1,16,6,22,11,player-1,player-1
212,5,18,0.05791592411696911,player-3,17,8,24,16,player-2,player-3
212,6,18,0.07479195483028889,player-4,27,15,30,26,player-3,player-4
212,7,17,0.07162499241530895,player-4,29,17,33,33,player-4,player-4
212,8,22,0.08629192598164082,player-2,36,23,38,41,player-1,player-2
212,9,18,0.05212519317865372,player-3,37,26,40,44,player-2,player-3
212,10,19,0.06050011143088341,player-1,42,30,42,44,player-3,player-1
212,11,28,0.08870917372405529,player-3,43,47,42,45,player-4,player-3
212,12,17,0.06712507456541061,player-1,47,48,44,52,player-1,player-1
213,1,18,0.06824987940490246,player-3,0,3,1,3,player-2,player-3
213,2,17,0.06941682659089565,player-3,4,9,7,9,player-3,player-3
213,3,17,0.05058315582573414,player-4,5,13,8,11,player-4,player-4
213,4,17,0.051167095080018044,player-1,7,16,13,15,player-1,player-1
213,5,18,0.07175002247095108,player-3,9,20,21,16,player-2,player-3
213,6,20,0.08266698569059372,player-2,9,24,25,22,player-3,player-2
213,7,18,0.06308313459157944,none,16,24,29,23,player-4,none
213,8,20,0.07275003008544445,player-4,26,30,35,28,player-1,player-4
213,9,17,0.06874999962747097,player-2,31,33,37,30,player-2,player-2
213,10,19,0.06899982690811157,player-1,37,35,39,32,player-3,player-1
213,11,17,0.04824995994567871,none,39,40,41,40,player-4,none
213,12,17,0.06545800715684891,player-1,47,41,47,40,player-1,player-1
213,13,19,0.06425008177757263,player-4,51,44,47,45,player-2,player-4
213,14,22,0.0679579097777605,player-4,62,47,56,46,player-3,player-4
214,1,17,0.06308290176093578,player-3,3,0,6,0,player-3,player-3
214,2,19,0.08450006134808064,player-2,10,1,14,7,player-4,player-2
214,3,17,0.056540826335549355,player-1,13,2,16,8,player-1,player-1
214,4,21,0.06758398376405239,player-2,15,5,21,14,player-2,player-2
214,5,17,0.09087496437132359,player-3,23,7,27,22,player-3,player-3
214,6,22,0.08108303882181644,player-1,31,7,30,24,player-4,player-1
214,7,17,0.054915901273489,player-1,37,7,33,24,player-1,player-1
214,8,17,0.08237501606345177,player-2,44,12,40,26,player-2,player-2
214,9,18,0.05866680294275284,player-4,45,14,41,28,player-3,player-4
214,10,17,0.06695813499391079,player-4,45,17,48,31,player-4,player-4
214,11,18,0.055625103414058685,player-2,47,19,53,35,player-1,player-2
215,1,17,0.06179208867251873,player-3,1,2,4,6,player-3,player-3
215,2,18,0.07933401502668858,player-1,5,6,9,14,player-4,player-1
215,3,17,0.049999915063381195,player-1,15,9,11,17,player-1,player-1
215,4,20,0.06304099224507809,player-1,15,13,12,19,player-2,player-1
215,5,19,0.06604217924177647,player-1,20,19,15,19,player-3,player-1
215,6,17,0.06591714918613434,player-4,23,22,19,22,player-4,player-4
215,7,28,0.06787502206861973,player-4,26,23,20,25,player-1,player-4
215,8,17,0.0689169391989708,player-2,26,29,22,25,player-2,player-2
215,9,17,0.05787494592368603,player-3,27,32,30,29,player-3,player-3
215,10,17,0.04987488500773907,player-4,27,38,36,33,player-4,player-4
215,11,19,0.07041683420538902,player-3,31,39,49,36,player-1,player-3
215,12,17,0.04983413964509964,player-2,35,42,53,39,player-2,player-2
215,13,18,0.07420801557600498,player-4,39,48,56,46,player-3,player-4
215,14,17,0.05879206582903862,player-4,44,60,57,50,player-4,player-4
216,1,17,0.07062498480081558,player-4,2,2,5,7,player-4,player-4
216,2,18,0.08320878259837627,player-2,7,4,7,8,player-1,player-2
216,3,17,0.06591598503291607,player-2,7,14,11,8,player-2,player-2
216,4,17,0.05270889960229397,player-3,8,19,14,14,player-3,player-3
216,5,18,0.05783303640782833,player-1,14,22,14,17,player-4,player-1
216,6,18,0.06083305925130844,player-2,16,31,15,20,player-1,player-2
216,7,17,0.0524579081684351,player-2,17,35,17,20,player-2,player-2
216,8,17,0.048832967877388,player-3,19,35,23,21,player-3,player-3
216,9,17,0.06441702134907246,player-4,19,35,27,25,player-4,player-4
216,10,18,0.06204098463058472,player-2,22,39,34,26,player-1,player-2
216,11,18,0.05879206582903862,player-3,24,39,36,27,player-2,player-3
216,12,17,0.05508307367563248,player-3,28,39,41,27,player-3,player-3
216,13,27,0.09587500244379044,none,28,48,43,33,player-4,none
216,14,17,0.0680841039866209,player-1,42,48,52,35,player-1,player-1
216,15,17,0.05895807407796383,player-2,42,57,55,40,player-2,player-2
216,16,17,0.05641602911055088,player-3,46,66,65,47,player-3,player-3
217,1,17,0.06045913323760033,player-1,9,1,0,0,player-1,player-1
217,2,20,0.08937506936490536,player-1,20,7,13,10,player-2,player-1
217,3,21,0.06174994632601738,player-3,21,8,19,11,player-3,player-3
217,4,17,0.05733291618525982,player-4,23,10,23,16,player-4,player-4
217,5,20,0.0702079851180315,player-4,27,10,27,28,player-1,player-4
217,6,26,0.0888751819729805,player-3,29,16,40,29,player-2,player-3
217,7,17,0.06229104474186897,player-3,31,20,42,30,player-3,player-3
217,8,18,0.06008287891745567,player-1,35,24,46,34,player-4,player-1
217,9,17,0.05541602149605751,player-1,38,25,51,37,player-1,player-1
217,10,17,0.05929195322096348,player-2,42,29,53,45,player-2,player-2
217,11,22,0.06600003689527512,player-4,45,35,54,48,player-3,player-4
217,12,21,0.07449998520314693,player-4,52,46,60,52,player-4,player-4
218,1,17,0.07095816545188427,player-2,6,3,5,6,player-2,player-2
218,2,17,0.06862496957182884,player-3,12,3,7,9,player-3,player-3
218,3,17,0.07141707465052605,player-4,19,7,11,15,player-4,player-4
218,4,19,0.06233318708837032,player-3,21,11,16,15,player-1,player-3
218,5,17,0.06266706623136997,player-2,32,24,19,25,player-2,player-2
218,6,17,0.05666702054440975,player-3,37,27,28,26,player-3,player-3
218,7,18,0.061166007071733475,player-1,45,33,30,35,player-4,player-1
218,8,19,0.05937507376074791,player-3,50,35,31,35,player-1,player-3
218,9,17,0.056791817769408226,player-2,52,38,34,38,player-2,player-2
218,10,19,0.06129196844995022,player-1,59,39,39,44,player-3,player-1
218,11,17,0.05625002086162567,player-4,64,39,44,54,player-4,player-4
219,1,21,0.07387506775557995,player-2,6,3,6,0,player-2,player-2
219,2,20,0.06987480446696281,player-2,7,12,8,0,player-3,player-2
219,3,21,0.060999998822808266,player-4,12,12,11,8,player-4,player-4
219,4,18,0.07058307528495789,player-2,14,14,13,10,player-1,player-2
219,5,17,0.06374996155500412,player-2,18,21,16,12,player-2,player-2
219,6,19,0.05795806646347046,player-1,20,26,18,12,player-3,player-1
219,7,18,0.09595789015293121,player-1,23,34,19,13,player-4,player-1
219,8,17,0.06891717202961445,player-1,27,36,21,13,player-1,player-1
219,9,18,0.07512513548135757,player-3,29,38,31,17,player-2,player-3
219,10,17,0.07408414967358112,player-3,30,40,33,21,player-3,player-3
219,11,31,0.08379085920751095,none,33,45,33,24,player-4,none
219,12,17,0.06495905108749866,player-1,43,48,40,29,player-1,player-1
219,13,18,0.055208103731274605,player-3,45,50,41,30,player-2,player-3
219,14,17,0.07512490265071392,player-3,49,52,52,34,player-3,player-3
220,1,17,0.07008388638496399,player-3,5,3,11,3,player-3,player-3
220,2,18,0.11000013910233974,player-1,8,8,11,6,player-4,player-1
220,3,17,0.0766669400036335,player-1,12,13,11,8,player-1,player-1
220,4,17,0.07041706703603268,player-2,14,20,14,8,player-2,player-2
220,5,18,0.07737497799098492,player-4,20,25,17,18,player-3,player-4
220,6,17,0.0719169620424509,player-4,25,27,17,24,player-4,player-4
220,7,17,0.05425000563263893,player-1,30,29,18,25,player-1,player-1
220,8,17,0.0577499158680439,player-2,34,35,22,32,player-2,player-2
220,9,17,0.07258285768330097,player-3,41,35,31,32,player-3,player-3
220,10,17,0.06533297710120678,player-4,45,36,42,35,player-4,player-4
220,11,18,0.07408298552036285,player-2,49,42,50,45,player-1,player-2
220,12,17,0.06433320231735706,player-2,53,45,54,48,player-2,player-2
221,1,17,0.07941690273582935,player-1,18,0,11,11,player-1,player-1
221,2,19,0.05570892244577408,player-4,22,5,11,19,player-2,player-4
221,3,19,0.09724986739456654,player-1,25,12,13,28,player-3,player-1
221,4,22,0.06508408114314079,player-1,31,13,16,34,player-4,player-1
221,5,17,0.07099984213709831,player-1,47,20,26,48,player-1,player-1
221,6,17,0.06570806726813316,player-2,52,21,28,48,player-2,player-2
221,7,18,0.055625103414058685,player-4,57,23,31,62,player-3,player-4
221,8,17,0.07754098623991013,player-4,57,32,33,67,player-4,player-4
221,9,17,0.06287498399615288,player-1,64,37,36,69,player-1,player-1
222,1,18,0.0660410150885582,player-3,3,5,1,1,player-2,player-3
222,2,18,0.06425008177757263,player-4,6,6,2,4,player-3,player-4
222,3,19,0.0602498184889555,player-2,11,11,6,8,player-4,player-2
222,4,20,0.053999945521354675,player-4,13,13,8,12,player-1,player-4
222,5,17,0.05908310413360596,player-2,13,15,9,15,player-2,player-2
222,6,17,0.07441709749400616,player-3,23,20,14,15,player-3,player-3
222,7,18,0.06604194641113281,player-1,28,20,17,19,player-4,player-1
222,8,17,0.06625009700655937,player-1,39,23,27,21,player-1,player-1
222,9,17,0.06208289414644241,player-2,42,24,27,30,player-2,player-2
222,10,18,0.06429199129343033,player-4,42,27,29,36,player-3,player-4
222,11,17,0.07650000043213367,player-4,45,28,31,37,player-4,player-4
222,12,17,0.06062490865588188,player-1,50,28,33,39,player-1,player-1
222,13,23,0.09174994193017483,player-4,52,30,39,43,player-2,player-4
222,14,18,0.060625141486525536,player-4,55,34,41,45,player-3,player-4
222,15,20,0.07370905950665474,player-3,59,41,47,48,player-4,player-3
223,1,17,0.06554205901920795,player-3,6,7,16,12,player-3,player-3
223,2,19,0.06737490184605122,player-2,11,22,20,19,player-4,player-2
223,3,17,0.06995885632932186,player-1,19,24,28,20,player-1,player-1
223,4,17,0.06108288653194904,player-2,19,33,28,25,player-2,player-2
223,5,17,0.06087496876716614,player-3,21,38,35,29,player-3,player-3
223,6,17,0.08662487380206585,player-4,27,41,38,32,player-4,player-4
223,7,19,0.0677499920129776,player-3,27,41,46,39,player-1,player-3
223,8,17,0.049999915063381195,player-2,32,45,46,42,player-2,player-2
223,9,17,0.06087496876716614,player-3,37,46,54,46,player-3,player-3
223,10,18,0.061916885897517204,player-1,49,49,54,54,player-4,player-1
224,1,17,0.07066712714731693,player-2,6,7,1,5,player-2,player-2
224,2,21,0.06574997678399086,player-3,8,10,3,5,player-3,player-3
224,3,17,0.05508400499820709,player-4,9,12,7,10,player-4,player-4
224,4,18,0.07745809853076935,player-2,14,13,12,13,player-1,player-2
224,5,17,0.06274995394051075,player-2,19,21,16,15,player-2,player-2
224,6,18,0.07924996316432953,player-4,21,21,23,20,player-3,player-4
224,7,19,0.06337510421872139,player-2,24,25,25,24,player-4,player-2
224,8,17,0.06337510421872139,player-1,31,25,28,27,player-1,player-1
224,9,18,0.06675021722912788,player-3,31,29,31,32,player-2,player-3
224,10,17,0.06816699169576168,player-3,36,31,31,37,player-3,player-3
224,11,17,0.07541687227785587,player-4,36,43,39,52,player-4,player-4
224,12,17,0.051541952416300774,player-1,37,49,41,52,player-1,player-1
225,1,17,0.04979199729859829,player-3,0,1,4,0,player-3,player-3
225,2,22,0.08483300916850567,player-1,3,3,5,6,player-4,player-1
225,3,18,0.05379202775657177,player-2,7,6,6,8,player-1,player-2
225,4,18,0.0849999487400055,player-3,9,11,8,10,player-2,player-3
225,5,18,0.06270920857787132,player-4,12,11,9,23,player-3,player-4
225,6,18,0.06858282722532749,player-1,16,11,10,30,player-4,player-1
225,7,19,0.058167148381471634,player-3,24,12,15,35,player-1,player-3
225,8,19,0.07758289575576782,player-4,26,15,15,42,player-2,player-4
225,9,26,0.09412504732608795,player-4,31,15,26,47,player-3,player-4
225,10,18,0.07058307528495789,player-1,33,21,34,55,player-4,player-1
225,11,18,0.05045789293944836,player-2,34,24,35,57,player-1,player-2
225,12,17,0.07433397695422173,player-2,38,28,37,59,player-2,player-2
225,13,17,0.0730000901967287,player-3,47,29,50,61,player-3,player-3
225,14,21,0.09183399379253387,player-4,50,33,53,63,player-4,player-4
226,1,17,0.05983305163681507,player-4,0,5,3,2,player-4,player-4
226,2,18,0.061208149418234825,player-2,5,19,3,6,player-1,player-2
226,3,17,0.062000006437301636,player-2,10,21,3,8,player-2,player-2
226,4,17,0.060165999457240105,player-3,11,23,7,11,player-3,player-3
226,5,22,0.07645785808563232,player-1,20,23,10,14,player-4,player-1
226,6,20,0.069458968937397,player-4,22,26,14,17,player-1,player-4
226,7,17,0.07520895451307297,player-2,22,39,17,21,player-2,player-2
226,8,18,0.0663751270622015,player-4,22,43,24,24,player-3,player-4
226,9,18,0.05787494592368603,player-1,30,43,26,27,player-4,player-1
226,10,17,0.07237517274916172,player-1,38,43,31,27,player-1,player-1
226,11,25,0.1290829386562109,player-2,44,47,47,33,player-2,player-2
226,12,17,0.056791817769408226,player-3,44,52,49,34,player-3,player-3
226,13,19,0.04987511783838272,player-2,46,56,49,39,player-4,player-2
226,14,18,0.07083406671881676,player-2,51,57,60,42,player-1,player-2
227,1,17,0.07604202255606651,player-1,4,1,3,1,player-1,player-1
227,2,17,0.06462493911385536,player-2,7,4,6,8,player-2,player-2
227,3,17,0.07791700772941113,player-3,14,12,12,12,player-3,player-3
227,4,17,0.0677499920129776,player-4,20,15,16,20,player-4,player-4
227,5,19,0.06454205140471458,player-3,22,19,23,23,player-1,player-3
227,6,20,0.08612498641014099,player-1,31,22,34,28,player-2,player-1
227,7,18,0.05420786328613758,player-4,33,22,37,32,player-3,player-4
227,8,18,0.058999983593821526,player-1,36,26,37,35,player-4,player-1
227,9,20,0.06400002166628838,player-4,38,26,39,45,player-1,player-4
227,10,19,0.06833299994468689,player-4,39,31,39,53,player-2,player-4
227,11,17,0.059582991525530815,player-3,42,31,42,57,player-3,player-3
227,12,20,0.08283299393951893,player-3,43,33,48,62,player-4,player-3
227,13,19,0.06233411841094494,player-3,46,35,53,68,player-1,player-3
228,1,17,0.06320793181657791,player-3,2,3,6,0,player-3,player-3
228,2,17,0.06216694600880146,player-4,5,8,13,4,player-4,player-4
228,3,17,0.07491698488593102,player-1,27,8,25,11,player-1,player-1
228,4,20,0.0666249543428421,player-1,33,10,25,13,player-2,player-1
228,5,17,0.05008280277252197,player-3,36,11,28,14,player-3,player-3
228,6,17,0.05270796827971935,player-4,40,12,30,17,player-4,player-4
228,7,21,0.09424984455108643,player-1,51,12,40,19,player-1,player-1
228,8,17,0.09733298793435097,player-2,54,28,42,21,player-2,player-2
228,9,17,0.057499855756759644,player-3,58,28,52,21,player-3,player-3
229,1,17,0.05991710349917412,player-1,6,3,1,1,player-1,player-1
229,2,18,0.05570892244577408,player-3,9,4,10,3,player-2,player-3
229,3,19,0.06366707384586334,player-1,18,7,10,6,player-3,player-1
229,4,17,0.056459102779626846,player-4,23,7,10,13,player-4,player-4
229,5,19,0.06858306005597115,player-3,26,9,18,21,player-1,player-3
229,6,19,0.06920797750353813,player-4,34,18,26,31,player-2,player-4
229,7,18,0.05483301356434822,player-4,35,21,27,36,player-3,player-4
229,8,18,0.06616697646677494,player-1,37,29,31,38,player-4,player-1
229,9,20,0.08899997919797897,player-4,39,34,36,46,player-1,player-4
229,10,19,0.08999998681247234,player-4,41,39,40,55,player-2,player-4
229,11,17,0.06787502206861973,player-3,48,39,43,56,player-3,player-3
229,12,17,0.07554213516414165,player-4,54,46,52,69,player-4,player-4
230,1,29,0.08979183621704578,player-1,3,8,0,7,player-1,player-1
230,2,19,0.06554205901920795,player-4,6,12,3,8,player-2,player-4
230,3,20,0.06983289495110512,player-2,9,17,5,16,player-3,player-2
230,4,18,0.060999998822808266,player-1,14,18,8,20,player-4,player-1
230,5,19,0.06579211913049221,player-3,15,24,11,25,player-1,player-3
230,6,17,0.05566701292991638,player-2,19,31,11,26,player-2,player-2
230,7,22,0.07637497037649155,player-4,29,40,15,32,player-3,player-4
230,8,19,0.08324999362230301,player-2,41,49,25,39,player-4,player-2
230,9,18,0.06320909596979618,player-2,42,52,29,39,player-1,player-2
230,10,18,0.07262500002980232,player-3,42,59,34,47,player-2,player-3
231,1,19,0.06920797750353813,player-2,2,8,5,2,player-4,player-2
231,2,18,0.07579219527542591,player-2,7,12,8,2,player-1,player-2
231,3,17,0.06604194641113281,player-2,7,19,9,2,player-2,player-2
231,4,17,0.05987519398331642,player-3,12,24,24,2,player-3,player-3
231,5,20,0.08462509140372276,player-3,17,33,42,9,player-4,player-3
231,6,20,0.0590828713029623,player-4,19,34,45,11,player-1,player-4
231,7,20,0.06445799954235554,player-1,20,39,48,13,player-2,player-1
231,8,17,0.052208080887794495,player-3,22,39,54,13,player-3,player-3
231,9,20,0.07483293302357197,player-3,22,40,54,20,player-4,player-3
231,10,17,0.05816691555082798,player-1,29,40,56,23,player-1,player-1
231,11,17,0.053416937589645386,player-2,33,47,56,23,player-2,player-2
231,12,17,0.07629184983670712,player-3,33,50,65,29,player-3,player-3
231,13,17,0.05087512545287609,player-4,35,52,72,31,player-4,player-4
232,1,17,0.05212519317865372,player-2,3,2,3,2,player-2,player-2
232,2,17,0.07641687989234924,player-3,7,10,7,6,player-3,player-3
232,3,28,0.10562501847743988,player-3,20,10,15,15,player-4,player-3
232,4,17,0.06733392365276814,player-1,23,10,15,19,player-1,player-1
232,5,21,0.10016700252890587,player-2,27,16,20,19,player-2,player-2
232,6,18,0.060374848544597626,player-4,30,20,24,20,player-3,player-4
232,7,17,0.0711251050233841,player-4,31,26,29,21,player-4,player-4
232,8,17,0.06816582754254341,player-1,37,28,36,21,player-1,player-1
232,9,17,0.07200008258223534,player-2,41,34,38,30,player-2,player-2
232,10,17,0.08625001646578312,player-3,43,40,43,33,player-3,player-3
232,11,17,0.05908310413360596,player-4,47,43,46,35,player-4,player-4
232,12,18,0.08937506936490536,player-2,58,56,51,42,player-1,player-2
233,1,17,0.06724987179040909,player-2,2,8,4,3,player-2,player-2
233,2,18,0.06045796908438206,player-4,2,10,6,6,player-3,player-4
233,3,17,0.061959028244018555,player-4,5,10,13,7,player-4,player-4
233,4,17,0.05820905789732933,player-1,9,13,16,10,player-1,player-1
233,5,18,0.05937507376074791,player-3,11,19,23,16,player-2,player-3
233,6,18,0.07200008258223534,player-4,11,28,35,19,player-3,player-4
233,7,17,0.05708402022719383,player-4,11,29,40,21,player-4,player-4
233,8,18,0.05829194560647011,player-2,16,32,40,23,player-1,player-2
233,9,20,0.07287506014108658,player-1,19,34,40,23,player-2,player-1
233,10,18,0.05579204298555851,player-4,24,37,41,25,player-3,player-4
233,11,18,0.0804578885436058,player-1,31,46,43,32,player-4,player-1
233,12,21,0.06741704419255257,player-1,39,50,46,36,player-1,player-1
233,13,17,0.05024997517466545,player-2,43,55,48,41,player-2,player-2
233,14,20,0.0630419235676527,player-2,45,61,49,43,player-3,player-2
234,1,18,0.07945788092911243,player-1,5,5,2,7,player-4,player-1
234,2,17,0.06941589526832104,player-1,11,9,3,13,player-1,player-1
234,3,17,0.06274995394051075,player-2,17,15,5,20,player-2,player-2
234,4,17,0.07020891644060612,player-3,24,19,11,26,player-3,player-3
234,5,17,0.05950010381639004,player-4,32,19,16,32,player-4,player-4
234,6,17,0.07808301597833633,player-1,35,22,21,40,player-1,player-1
234,7,21,0.0849580392241478,player-2,37,29,34,44,player-2,player-2
234,8,17,0.05295802839100361,player-3,41,29,37,44,player-3,player-3
234,9,18,0.06866594776511192,player-1,41,31,43,50,player-4,player-1
234,10,19,0.07025012746453285,player-3,42,35,56,59,player-1,player-3
234,11,17,0.06283307448029518,player-2,45,45,58,61,player-2,player-2
235,1,17,0.06437511183321476,player-3,4,2,3,2,player-3,player-3
235,2,18,0.07241684943437576,player-1,8,6,4,4,player-4,player-1
235,3,17,0.048083020374178886,player-1,12,6,8,8,player-1,player-1
235,4,18,0.053416937589645386,player-3,14,10,10,10,player-2,player-3
235,5,17,0.05329190753400326,player-3,16,13,10,14,player-3,player-3
235,6,18,0.08483300916850567,player-1,21,16,17,21,player-4,player-1
235,7,18,0.061542028561234474,player-2,22,22,22,24,player-1,player-2
235,8,17,0.09008403867483139,player-2,32,22,30,26,player-2,player-2
235,9,17,0.052459072321653366,player-3,32,24,32,29,player-3,player-3
235,10,31,0.09495788253843784,player-2,34,28,39,31,player-4,player-2
235,11,17,0.061499886214733124,player-1,40,31,39,32,player-1,player-1
235,12,17,0.07145805284380913,player-2,45,37,41,41,player-2,player-2
235,13,18,0.06370781920850277,player-4,45,39,41,41,player-3,player-4
235,14,17,0.06683403626084328,player-4,45,40,45,50,player-4,player-4
235,15,18,0.06033293902873993,player-2,49,46,50,59,player-1,player-2
236,1,18,0.0727078877389431,player-3,0,4,2,1,player-2,player-3
236,2,17,0.0614591408520937,player-3,1,8,3,3,player-3,player-3
236,3,17,0.05929218605160713,player-4,4,12,4,6,player-4,player-4
236,4,17,0.07304106839001179,player-1,7,12,8,6,player-1,player-1
236,5,17,0.06066705100238323,player-2,11,16,8,9,player-2,player-2
236,6,20,0.07787509821355343,player-2,16,17,12,14,player-3,player-2
236,7,18,0.06845896132290363,player-1,21,18,14,16,player-4,player-1
236,8,19,0.06812484934926033,player-3,25,28,24,21,player-1,player-3
236,9,17,0.06387499161064625,player-2,31,29,27,26,player-2,player-2
236,10,20,0.07712491787970066,player-2,36,39,29,28,player-3,player-2
236,11,17,0.054957810789346695,player-4,38,41,32,32,player-4,player-4
236,12,17,0.04924996756017208,player-1,46,41,32,34,player-1,player-1
236,13,17,0.06266613490879536,player-2,55,44,35,40,player-2,player-2
236,14,17,0.059999991208314896,player-3,60,48,42,45,player-3,player-3
237,1,17,0.07008295506238937,player-2,0,5,1,2,player-2,player-2
237,2,18,0.07316702976822853,player-4,10,8,4,5,player-3,player-4
237,3,19,0.06170780397951603,player-2,12,16,10,7,player-4,player-2
237,4,17,0.06254203617572784,player-1,17,19,13,13,player-1,player-1
237,5,19,0.06079208105802536,player-4,20,27,18,21,player-2,player-4
237,6,17,0.09012501686811447,player-3,25,32,27,22,player-3,player-3
237,7,17,0.0655418261885643,player-4,28,34,36,25,player-4,player-4
237,8,17,0.05187513306736946,player-1,36,42,37,28,player-1,player-1
237,9,17,0.06237509660422802,player-2,43,51,39,28,player-2,player-2
237,10,20,0.06699981167912483,player-2,43,56,45,33,player-3,player-2
237,11,18,0.06908411160111427,player-1,51,56,50,36,player-4,player-1
238,1,19,0.07387506775557995,player-3,5,2,7,1,player-1,player-3
238,2,18,0.06029196083545685,player-3,5,4,11,7,player-2,player-3
238,3,17,0.05970802158117294,player-3,6,8,13,8,player-3,player-3
238,4,17,0.05966681055724621,player-4,8,12,13,11,player-4,player-4
238,5,17,0.05679088644683361,player-1,11,13,17,12,player-1,player-1
238,6,17,0.06604194641113281,player-2,15,18,20,12,player-2,player-2
238,7,18,0.07029110565781593,player-4,21,18,25,19,player-3,player-4
238,8,19,0.08208304643630981,player-2,28,25,32,26,player-4,player-2
238,9,17,0.06208289414644241,player-1,33,29,35,28,player-1,player-1
238,10,17,0.07412489503622055,player-2,33,35,37,33,player-2,player-2
238,11,17,0.06379210390150547,player-3,33,36,48,35,player-3,player-3
238,12,24,0.08008303120732307,player-3,37,42,56,36,player-4,player-3
238,13,18,0.07550022564828396,player-2,42,47,61,38,player-1,player-2
239,1,17,0.07245899178087711,player-3,2,2,7,1,player-3,player-3
239,2,18,0.05450006574392319,player-1,11,5,9,3,player-4,player-1
239,3,19,0.07233419455587864,player-3,16,13,24,3,player-1,player-3
239,4,17,0.05679205060005188,player-2,17,21,28,3,player-2,player-2
239,5,19,0.056416960433125496,player-1,20,21,32,3,player-3,player-1
239,6,18,0.06504193879663944,player-1,27,22,33,6,player-4,player-1
239,7,19,0.06620795466005802,player-3,29,24,35,10,player-1,player-3
239,8,17,0.06983289495110512,player-2,37,30,39,16,player-2,player-2
239,9,17,0.05887518636882305,player-3,37,37,47,16,player-3,player-3
239,10,19,0.06370898336172104,player-2,37,39,49,23,player-4,player-2
239,11,17,0.06054108962416649,player-1,50,39,52,23,player-1,player-1
240,1,17,0.09708385914564133,player-4,2,3,9,3,player-4,player-4
240,2,18,0.07579079829156399,player-2,3,3,16,11,player-1,player-2
240,3,19,0.08470797911286354,player-4,11,9,29,15,player-2,player-4
240,4,17,0.06254110485315323,player-3,13,13,32,16,player-3,player-3
240,5,17,0.07733306847512722,player-4,18,19,37,17,player-4,player-4
240,6,29,0.09079207666218281,player-1,21,24,38,19,player-1,player-1
240,7,22,0.10537495836615562,player-3,27,36,40,22,player-2,player-3
240,8,18,0.0955420546233654,player-4,34,39,47,32,player-3,player-4
240,9,20,0.07325015030801296,player-3,36,43,53,35,player-4,player-3
240,10,18,0.0696659553796053,player-2,47,50,62,39,player-1,player-2
241,1,18,0.08449982851743698,player-3,3,7,2,2,player-2,player-3
241,2,17,0.060499878600239754,player-3,5,8,5,3,player-3,player-3
241,3,17,0.05825003609061241,player-4,7,11,8,5,player-4,player-4
241,4,17,0.08762488141655922,player-1,14,16,9,6,player-1,player-1
241,5,18,0.0696659553796053,player-3,17,18,16,10,player-2,player-3
241,6,17,0.07820897735655308,player-3,20,22,23,10,player-3,player-3
241,7,17,0.08850009180605412,player-4,22,26,27,15,player-4,player-4
241,8,18,0.06458419375121593,player-2,26,35,27,17,player-1,player-2
241,9,17,0.07441616617143154,player-2,28,39,32,19,player-2,player-2
241,10,18,0.0666249543428421,player-4,32,39,37,25,player-3,player-4
241,11,18,0.060999998822808266,player-1,39,45,40,26,player-4,player-1
241,12,18,0.06783311255276203,player-2,41,49,41,33,player-1,player-2
241,13,19,0.08816691115498543,player-4,45,56,44,45,player-2,player-4
242,1,17,0.07654097862541676,player-2,3,13,5,0,player-2,player-2
242,2,18,0.06629107519984245,player-4,7,16,7,4,player-3,player-4
242,3,17,0.0677919015288353,player-4,9,20,11,9,player-4,player-4
242,4,20,0.062166014686226845,player-4,10,20,11,15,player-1,player-4
242,5,17,0.05387491546571255,player-2,15,24,11,17,player-2,player-2
242,6,17,0.058333855122327805,player-3,16,25,17,22,player-3,player-3
242,7,20,0.05866703577339649,none,18,25,18,24,player-4,none
242,8,25,0.12329197488725185,player-1,27,29,35,29,player-1,player-1
242,9,18,0.06137508898973465,player-3,29,35,40,31,player-2,player-3
242,10,17,0.06633298471570015,player-3,44,35,40,37,player-3,player-3
242,11,24,0.07562502287328243,player-3,52,41,43,37,player-4,player-3
242,12,18,0.055916840210556984,player-2,52,44,45,42,player-1,player-2
242,13,17,0.0802080612629652,player-2,56,50,52,44,player-2,player-2
243,1,17,0.07454212754964828,player-4,7,8,4,4,player-4,player-4
243,2,17,0.05787494592368603,player-1,16,8,6,5,player-1,player-1
243,3,18,0.07154210470616817,player-3,28,9,7,11,player-2,player-3
243,4,18,0.05787494592368603,player-4,30,12,10,13,player-3,player-4
243,5,17,0.06479211151599884,player-4,32,14,18,16,player-4,player-4
243,6,17,0.10008388198912144,player-1,37,18,27,26,player-1,player-1
243,7,18,0.08537503890693188,player-3,44,21,33,28,player-2,player-3
243,8,19,0.075165880843997,player-1,49,29,34,28,player-3,player-1
243,9,17,0.07091602310538292,player-4,50,29,42,31,player-4,player-4
243,10,17,0.055999960750341415,player-1,53,29,45,31,player-1,player-1
243,11,18,0.05679088644683361,player-3,57,31,48,32,player-2,player-3
244,1,20,0.06945803761482239,player-4,1,3,5,12,player-1,player-4
244,2,19,0.05737505853176117,player-4,4,3,6,14,player-2,player-4
244,3,17,0.0849999487400055,player-3,14,3,16,19,player-3,player-3
244,4,17,0.07041590288281441,player-4,19,7,20,27,player-4,player-4
244,5,20,0.07425015792250633,player-4,25,10,26,31,player-1,player-4
244,6,17,0.07812492549419403,player-2,27,16,28,38,player-2,player-2
244,7,17,0.07683411240577698,player-3,33,23,32,41,player-3,player-3
244,8,20,0.07012509740889072,player-3,36,23,38,46,player-4,player-3
244,9,17,0.0603341031819582,player-1,46,30,42,54,player-1,player-1
244,10,18,0.058416975662112236,player-3,49,33,47,55,player-2,player-3
244,11,19,0.0675420742481947,player-1,62,41,50,57,player-3,player-1
245,1,19,0.08754082955420017,player-1,7,5,7,3,player-3,player-1
245,2,17,0.05991710349917412,player-4,7,5,11,12,player-4,player-4
245,3,26,0.0841671135276556,player-2,15,6,15,16,player-1,player-2
245,4,18,0.07120799273252487,player-3,15,9,21,21,player-2,player-3
245,5,21,0.0849161297082901,player-3,16,12,29,23,player-3,player-3
245,6,19,0.07108296267688274,player-2,18,16,37,25,player-4,player-2
245,7,17,0.05108397454023361,player-1,22,17,38,28,player-1,player-1
245,8,17,0.06874999962747097,player-2,24,22,41,28,player-2,player-2
245,9,18,0.08366699330508709,player-4,28,32,41,33,player-3,player-4
245,10,18,0.0675420742481947,player-1,42,36,49,35,player-4,player-1
245,11,17,0.07199984975159168,player-1,51,38,50,37,player-1,player-1
246,1,19,0.059165991842746735,player-3,4,2,1,4,player-1,player-3
246,2,19,0.04875008016824722,none,7,4,1,9,player-2,none
246,3,17,0.05629216320812702,player-3,7,6,10,10,player-3,player-3
246,4,18,0.05870801396667957,player-1,14,7,14,13,player-4,player-1
246,5,18,0.05612499080598354,player-2,20,10,16,21,player-1,player-2
246,6,17,0.06416602991521358,player-2,27,13,18,24,player-2,player-2
246,7,20,0.054625095799565315,player-2,30,18,20,25,player-3,player-2
246,8,22,0.07708300836384296,player-1,35,19,22,27,player-4,player-1
246,9,17,0.05974993109703064,player-1,40,21,26,29,player-1,player-1
246,10,24,0.0802499707788229,player-1,43,24,26,37,player-2,player-1
246,11,18,0.07045897655189037,player-4,50,27,34,39,player-3,player-4
246,12,20,0.07541594095528126,player-3,53,31,37,41,player-4,player-3
246,13,19,0.07591699250042439,player-3,53,38,47,46,player-1,player-3
247,1,17,0.062166014686226845,player-1,6,1,4,3,player-1,player-1
247,2,17,0.07945811375975609,player-2,11,14,6,8,player-2,player-2
247,3,17,0.07299985736608505,player-3,16,17,15,10,player-3,player-3
247,4,21,0.07558288052678108,player-4,17,18,15,14,player-4,player-4
247,5,18,0.06541609764099121,player-2,22,25,15,17,player-1,player-2
247,6,21,0.06887479685246944,player-2,33,29,15,17,player-2,player-2
247,7,17,0.05491613410413265,player-3,36,30,19,20,player-3,player-3
247,8,19,0.05629193037748337,player-2,40,38,22,22,player-4,player-2
247,9,18,0.05462486296892166,player-2,45,41,25,22,player-1,player-2
247,10,17,0.05316687747836113,player-2,46,47,25,26,player-2,player-2
247,11,17,0.07924996316432953,player-3,51,52,35,31,player-3,player-3
247,12,17,0.0730000901967287,player-4,58,52,46,39,player-4,player-4
248,1,17,0.0605839304625988,player-2,2,5,2,3,player-2,player-2
248,2,18,0.06204191595315933,player-4,2,9,12,13,player-3,player-4
248,3,19,0.06874999962747097,player-2,7,17,14,13,player-4,player-2
248,4,17,0.06025005131959915,player-1,19,22,19,14,player-1,player-1
248,5,18,0.06375019438564777,player-3,21,23,23,16,player-2,player-3
248,6,19,0.06070802919566631,player-1,25,25,26,19,player-3,player-1
248,7,20,0.073583098128438,player-3,33,26,35,21,player-4,player-3
248,8,17,0.059167155995965004,player-1,40,31,37,21,player-1,player-1
248,9,18,0.07950002327561378,player-3,46,41,46,29,player-2,player-3
248,10,18,0.06420817226171494,player-4,53,46,50,38,player-3,player-4
249,1,17,0.05474989302456379,player-3,1,1,5,0,player-3,player-3
249,2,17,0.05133403465151787,player-4,5,1,5,2,player-4,player-4
249,3,19,0.06683287210762501,player-3,10,5,7,4,player-1,player-3
249,4,23,0.0819170381873846,player-4,13,10,9,10,player-2,player-4
249,5,17,0.06941589526832104,player-3,18,13,14,10,player-3,player-3
249,6,20,0.06450014188885689,player-3,22,14,14,15,player-4,player-3
249,7,17,0.061916885897517204,player-1,27,15,18,19,player-1,player-1
249,8,17,0.07104198448359966,player-2,35,21,23,19,player-2,player-2
249,9,18,0.06179092451930046,player-4,39,23,27,19,player-3,player-4
249,10,19,0.06808293983340263,player-2,43,27,30,21,player-4,player-2
249,11,17,0.0813750084489584,player-1,51,31,33,26,player-1,player-1
249,12,18,0.05566701292991638,player-3,52,33,34,29,player-2,player-3
249,13,20,0.06737490184605122,player-2,57,36,38,31,player-3,player-2
249,14,20,0.07466599345207214,player-3,63,44,44,40,player-4,player-3
250,1,17,0.07570907473564148,player-4,4,6,11,8,player-4,player-4
250,2,23,0.08075009100139141,player-3,4,7,16,13,player-1,player-3
250,3,19,0.0654999166727066,player-4,8,8,18,16,player-2,player-4
250,4,17,0.05254102870821953,player-3,8,10,28,18,player-3,player-3
250,5,20,0.06704102270305157,player-3,10,13,35,21,player-4,player-3
250,6,17,0.05629099905490875,player-1,13,15,39,23,player-1,player-1
250,7,17,0.09837490506470203,player-2,13,20,49,32,player-2,player-2
250,8,19,0.07666600868105888,player-1,22,21,52,36,player-3,player-1
250,9,18,0.09900005534291267,player-1,26,24,60,37,player-4,player-1
250,10,17,0.07404107600450516,player-1,32,24,61,37,player-1,player-1
250,11,17,0.056833960115909576,player-2,37,31,65,41,player-2,player-2
251,1,20,0.10124989785254002,player-4,2,5,2,10,player-1,player-4
251,2,18,0.07862481288611889,player-3,7,10,3,12,player-2,player-3
251,3,22,0.0952498521655798,player-4,7,12,10,21,player-3,player-4
251,4,18,0.06920797750353813,player-1,13,16,14,28,player-4,player-1
251,5,19,0.07170811295509338,player-3,19,17,22,30,player-1,player-3
251,6,17,0.06362516433000565,player-2,21,30,24,31,player-2,player-2
251,7,20,0.06962521001696587,player-2,25,39,30,37,player-3,player-2
251,8,32,0.08841603994369507,player-3,37,44,31,41,player-4,player-3
251,9,17,0.06766710430383682,player-1,50,47,40,43,player-1,player-1
251,10,18,0.06666709668934345,player-3,53,51,43,49,player-2,player-3
252,1,20,0.07620896212756634,player-4,2,0,6,4,player-1,player-4
252,2,17,0.056582968682050705,player-2,5,2,14,4,player-2,player-2
252,3,18,0.05229096859693527,player-4,5,3,20,6,player-3,player-4
252,4,17,0.06133411079645157,player-4,9,6,20,14,player-4,player-4
252,5,17,0.049416208639740944,player-1,13,7,20,16,player-1,player-1
252,6,19,0.07108296267688274,player-4,20,7,28,25,player-2,player-4
252,7,18,0.06545800715684891,player-4,33,16,35,34,player-3,player-4
252,8,19,0.06329198367893696,player-2,42,16,42,38,player-4,player-2
252,9,29,0.0866670161485672,player-1,48,19,45,40,player-1,player-1
252,10,17,0.06591691635549068,player-2,54,25,48,42,player-2,player-2
253,1,17,0.05787494592368603,player-3,1,2,5,4,player-3,player-3
253,2,21,0.07070903666317463,player-4,3,9,8,9,player-4,player-4
253,3,17,0.07487507537007332,player-1,8,9,10,13,player-1,player-1
253,4,20,0.09058299474418163,player-1,13,18,15,19,player-2,player-1
253,5,17,0.06820796988904476,player-3,20,31,19,21,player-3,player-3
253,6,19,0.08508400060236454,player-2,29,31,27,24,player-4,player-2
253,7,27,0.07591699250042439,player-3,32,32,35,24,player-1,player-3
253,8,17,0.06087520159780979,player-2,32,35,37,24,player-2,player-2
253,9,17,0.06716698408126831,player-3,38,37,44,31,player-3,player-3
253,10,17,0.06187497638165951,player-4,38,38,51,33,player-4,player-4
253,11,18,0.060416990891098976,player-2,40,45,53,39,player-1,player-2
253,12,23,0.07183314301073551,none,40,49,60,40,player-2,none
254,1,28,0.07970910519361496,player-3,3,1,2,5,player-4,player-3
254,2,17,0.06512505933642387,player-1,6,3,11,10,player-1,player-1
254,3,19,0.06229197606444359,player-4,11,4,13,19,player-2,player-4
254,4,17,0.07174978964030743,player-3,13,4,19,23,player-3,player-3
254,5,18,0.0716671347618103,player-1,17,9,24,25,player-4,player-1
254,6,17,0.0652919989079237,player-1,21,13,24,30,player-1,player-1
254,7,17,0.04945811815559864,player-2,24,14,24,31,player-2,player-2
254,8,17,0.04654214717447758,player-3,24,14,28,33,player-3,player-3
254,9,18,0.059584155678749084,player-1,29,14,32,39,player-4,player-1
254,10,19,0.07395888678729534,player-3,32,18,37,43,player-1,player-3
254,11,17,0.06670807488262653,player-2,32,24,40,51,player-2,player-2
254,12,18,0.06449990905821323,player-4,32,28,42,57,player-3,player-4
254,13,20,0.06666709668934345,player-3,32,34,45,57,player-4,player-3
254,14,22,0.07312512025237083,player-2,36,42,48,59,player-1,player-2
255,1,17,0.06454112008213997,player-4,0,5,2,5,player-4,player-4
255,2,26,0.06270897574722767,none,5,10,3,5,player-1,none
255,3,17,0.06824987940490246,player-2,10,12,11,8,player-2,player-2
255,4,17,0.062374863773584366,player-3,12,17,16,9,player-3,player-3
255,5,18,0.051584094762802124,player-1,15,19,17,13,player-4,player-1
255,6,17,0.04912517033517361,player-1,22,23,22,19,player-1,player-1
255,7,18,0.06987503729760647,player-3,28,31,24,19,player-2,player-3
255,8,17,0.0624160747975111,player-3,31,33,36,22,player-3,player-3
255,9,18,0.05204183980822563,player-1,34,33,37,26,player-4,player-1
255,10,17,0.06329105235636234,player-1,40,34,41,28,player-1,player-1
255,11,25,0.07187505252659321,player-2,43,36,44,29,player-2,player-2
255,12,17,0.0599580816924572,player-3,48,37,53,31,player-3,player-3
256,1,18,0.0891250092536211,player-2,6,0,7,5,player-1,player-2
256,2,18,0.06537488661706448,player-3,9,2,9,7,player-2,player-3
256,3,17,0.06620888598263264,player-3,12,8,17,9,player-3,player-3
256,4,19,0.051625072956085205,player-2,14,10,17,12,player-4,player-2
256,5,19,0.05504186265170574,player-3,15,12,20,15,player-1,player-3
256,6,22,0.06991694681346416,player-3,17,13,24,19,player-2,player-3
256,7,18,0.06741681136190891,player-4,17,14,30,21,player-3,player-4
256,8,18,0.060042133554816246,player-1,20,14,32,22,player-4,player-1
256,9,17,0.061333877965807915,player-1,33,15,36,22,player-1,player-1
256,10,17,0.07766601629555225,player-2,36,17,38,26,player-2,player-2
256,11,17,0.06962497718632221,player-3,39,22,45,34,player-3,player-3
256,12,20,0.1038750633597374,player-3,48,30,56,37,player-4,player-3
257,1,18,0.061042141169309616,player-2,4,2,9,2,player-1,player-2
257,2,19,0.05979207344353199,player-4,12,8,16,3,player-2,player-4
257,3,19,0.06037508137524128,player-1,16,10,21,3,player-3,player-1
257,4,18,0.05987496115267277,player-1,20,16,22,6,player-4,player-1
257,5,17,0.05758390761911869,player-1,32,18,22,9,player-1,player-1
257,6,20,0.06324984133243561,player-1,36,20,25,9,player-2,player-1
257,7,17,0.06312504410743713,player-3,38,23,37,9,player-3,player-3
257,8,17,0.06575020961463451,player-4,38,26,39,12,player-4,player-4
257,9,17,0.07287506014108658,player-1,47,29,50,14,player-1,player-1
257,10,18,0.05816691555082798,player-3,47,30,51,19,player-2,player-3
257,11,18,0.05845888517796993,player-4,47,33,54,23,player-3,player-4
258,1,21,0.07433281280100346,player-2,3,5,1,1,player-2,player-2
258,2,17,0.07154210470616817,player-3,8,7,7,2,player-3,player-3
258,3,17,0.07241591811180115,player-4,12,13,18,4,player-4,player-4
258,4,18,0.056999968364834785,player-2,17,13,27,11,player-1,player-2
258,5,17,0.05675014108419418,player-2,20,16,29,14,player-2,player-2
258,6,19,0.07049995474517345,player-1,22,20,31,14,player-3,player-1
258,7,18,0.05845795385539532,player-1,29,24,31,16,player-4,player-1
258,8,17,0.07091602310538292,player-1,41,25,33,18,player-1,player-1
258,9,17,0.08120806887745857,player-2,44,33,36,23,player-2,player-2
258,10,18,0.07424992509186268,player-4,46,34,43,24,player-3,player-4
258,11,25,0.07637497037649155,player-4,47,39,43,25,player-4,player-4
258,12,17,0.06841681897640228,player-1,53,41,44,26,player-1,player-1
258,13,18,0.06787502206861973,player-3,55,43,49,33,player-2,player-3
259,1,17,0.08295895531773567,player-3,11,2,7,3,player-3,player-3
259,2,15,0.04041707143187523,none,13,7,12,4,player-4,none
259,3,17,0.09370804764330387,player-1,19,15,20,6,player-1,player-1
259,4,17,0.06029196083545685,player-2,28,20,24,10,player-2,player-2
259,5,17,0.04629185423254967,player-3,30,20,27,12,player-3,player-3
259,6,20,0.06579211913049221,player-3,32,23,32,13,player-4,player-3
259,7,18,0.06983289495110512,player-2,36,26,34,19,player-1,player-2
259,8,17,0.07954193279147148,player-2,46,33,36,27,player-2,player-2
259,9,17,0.06787502206861973,player-3,48,37,43,27,player-3,player-3
259,10,25,0.09566592052578926,player-4,51,44,58,46,player-4,player-4
260,1,20,0.0741251278668642,player-3,4,0,10,3,player-4,player-3
260,2,18,0.060791848227381706,player-2,6,8,13,6,player-1,player-2
260,3,19,0.07212487980723381,player-4,9,16,14,8,player-2,player-4
260,4,17,0.05587493069469929,player-3,12,16,20,8,player-3,player-3
260,5,18,0.06841705180704594,player-1,14,22,20,14,player-4,player-1
260,6,18,0.07124990224838257,player-2,24,37,24,18,player-1,player-2
260,7,17,0.0616670586168766,player-2,35,43,27,25,player-2,player-2
260,8,18,0.06349990144371986,player-4,42,43,35,27,player-3,player-4
260,9,18,0.05770917050540447,player-1,47,44,40,35,player-4,player-1
260,10,17,0.06091711111366749,player-1,54,45,47,38,player-1,player-1
261,1,19,0.07774983532726765,player-3,6,4,9,5,player-1,player-3
261,2,19,0.07329205982387066,player-4,14,8,15,6,player-2,player-4
261,3,21,0.07400009781122208,player-3,16,11,20,9,player-3,player-3
261,4,18,0.0688331201672554,player-1,20,19,23,11,player-4,player-1
261,5,18,0.0754999928176403,player-2,26,28,28,14,player-1,player-2
261,6,17,0.06712484173476696,player-2,31,35,28,21,player-2,player-2
261,7,18,0.10287505574524403,player-4,38,38,28,31,player-3,player-4
261,8,17,0.06649992428719997,player-4,40,38,30,35,player-4,player-4
261,9,18,0.05175010301172733,player-2,43,42,33,36,player-1,player-2
261,10,26,0.07208413444459438,player-3,46,44,36,43,player-2,player-3
261,11,18,0.06833299994468689,player-4,55,47,42,55,player-3,player-4
262,1,20,0.0527501106262207,none,1,0,0,0,player-1,none
262,2,17,0.05374988541007042,player-2,2,3,0,5,player-2,player-2
262,3,17,0.05933316424489021,player-3,4,9,3,5,player-3,player-3
262,4,18,0.06220792420208454,player-1,6,11,7,7,player-4,player-1
262,5,20,0.06374996155500412,player-4,8,15,14,9,player-1,player-4
262,6,17,0.06600003689527512,player-2,16,19,17,19,player-2,player-2
262,7,17,0.05604187026619911,player-3,22,23,19,19,player-3,player-3
262,8,18,0.07908395491540432,player-1,22,30,21,32,player-4,player-1
262,9,19,0.08091586641967297,player-3,24,37,28,32,player-1,player-3
262,10,17,0.05716690793633461,player-2,25,41,31,37,player-2,player-2
262,11,17,0.06487499922513962,player-3,26,45,37,40,player-3,player-3
262,12,17,0.06187497638165951,player-4,27,48,38,43,player-4,player-4
262,13,22,0.07554097101092339,player-2,33,48,39,45,player-1,player-2
262,14,17,0.062417006120085716,player-2,35,50,40,48,player-2,player-2
262,15,17,0.06079208105802536,player-3,38,53,44,52,player-3,player-3
263,1,17,0.07637497037649155,player-3,6,6,8,2,player-3,player-3
263,2,18,0.06504100747406483,player-1,6,7,14,3,player-4,player-1
263,3,20,0.08412497118115425,player-4,12,7,16,7,player-1,player-4
263,4,21,0.06916583515703678,player-2,14,16,21,12,player-2,player-2
263,5,17,0.057666096836328506,player-3,22,21,25,12,player-3,player-3
263,6,17,0.05833408795297146,player-4,27,21,32,22,player-4,player-4
263,7,20,0.07091602310538292,player-4,31,25,32,28,player-1,player-4
263,8,19,0.06808293983340263,player-4,38,31,35,37,player-2,player-4
263,9,18,0.07512490265071392,player-4,40,35,39,41,player-3,player-4
263,10,17,0.08058291859924793,player-4,41,39,42,43,player-4,player-4
263,11,20,0.10591698810458183,player-4,45,39,44,49,player-1,player-4
263,12,18,0.07141591049730778,player-3,47,41,50,53,player-2,player-3
263,13,17,0.08574989624321461,player-3,49,44,54,53,player-3,player-3
264,1,17,0.06495811976492405,player-1,8,1,6,5,player-1,player-1
264,2,25,0.07312512025237083,player-2,15,7,8,7,player-2,player-2
264,3,18,0.06445893086493015,player-4,16,12,9,8,player-3,player-4
264,4,18,0.06866711191833019,player-1,19,16,12,11,player-4,player-1
264,5,19,0.06737490184605122,player-3,23,23,16,17,player-1,player-3
264,6,17,0.06720796227455139,player-2,30,27,20,21,player-2,player-2
264,7,19,0.07458287291228771,player-1,41,30,26,21,player-3,player-1
264,8,17,0.057582976296544075,player-4,41,33,31,23,player-4,player-4
264,9,17,0.06308290176093578,player-1,48,35,35,23,player-1,player-1
264,10,17,0.06291689351201057,player-2,52,41,41,27,player-2,player-2
264,11,20,0.063000014051795,player-2,54,49,44,28,player-3,player-2
264,12,18,0.06133411079645157,player-1,59,50,44,30,player-4,player-1
265,1,19,0.07758405990898609,player-4,4,4,0,2,player-2,player-4
265,2,17,0.05870801396667957,player-3,6,8,8,4,player-3,player-3
265,3,17,0.05579204298555851,player-4,7,10,9,11,player-4,player-4
265,4,22,0.06912508979439735,player-2,11,14,12,14,player-1,player-2
265,5,18,0.06904196925461292,player-3,15,15,23,14,player-2,player-3
265,6,20,0.07633306086063385,player-2,27,24,25,25,player-3,player-2
265,7,17,0.0666249543428421,player-4,31,30,31,28,player-4,player-4
265,8,17,0.0477498397231102,player-1,36,31,31,28,player-1,player-1
265,9,18,0.07858290337026119,player-3,44,36,34,31,player-2,player-3
265,10,17,0.0624579843133688,player-3,53,38,45,31,player-3,player-3
265,11,17,0.05608308129012585,player-4,56,40,50,35,player-4,player-4
266,1,17,0.056958990171551704,player-1,6,4,3,4,player-1,player-1
266,2,17,0.05079200491309166,player-2,11,7,4,6,player-2,player-2
266,3,20,0.0691248569637537,player-2,13,13,7,6,player-3,player-2
266,4,18,0.06137508898973465,player-1,17,14,14,12,player-4,player-1
266,5,23,0.07870793342590332,player-3,23,14,16,12,player-1,player-3
266,6,18,0.06579188629984856,player-3,25,16,19,15,player-2,player-3
266,7,17,0.05270913243293762,player-3,27,17,21,17,player-3,player-3
266,8,21,0.06220908835530281,player-4,28,21,21,23,player-4,player-4
266,9,17,0.06487499922513962,player-1,32,24,25,23,player-1,player-1
266,10,17,0.06541679613292217,player-2,35,27,29,27,player-2,player-2
266,11,18,0.05729100666940212,player-4,40,29,31,30,player-3,player-4
266,12,18,0.05770893767476082,player-1,50,34,34,32,player-4,player-1
266,13,17,0.06508291698992252,player-1,54,38,34,36,player-1,player-1
266,14,17,0.06125005893409252,player-2,61,45,38,41,player-2,player-2
266,15,23,0.05429098382592201,none,64,48,39,41,player-3,none
267,1,18,0.07254187949001789,player-4,4,4,10,8,player-3,player-4
267,2,29,0.07108412683010101,none,4,7,10,12,player-4,none
267,3,17,0.05845795385539532,player-1,7,7,16,17,player-1,player-1
267,4,19,0.05829194560647011,player-4,9,13,17,18,player-2,player-4
267,5,17,0.06466591730713844,player-3,12,15,27,19,player-3,player-3
267,6,19,0.07741712033748627,player-2,21,22,27,21,player-4,player-2
267,7,19,0.06683310493826866,player-3,27,26,35,23,player-1,player-3
267,8,17,0.05420786328613758,player-2,31,30,36,29,player-2,player-2
267,9,17,0.05804118700325489,player-3,35,37,44,36,player-3,player-3
267,10,17,0.06162491627037525,player-4,35,40,48,41,player-4,player-4
267,11,17,0.05479203537106514,player-1,43,41,50,42,player-1,player-1
267,12,21,0.05433405749499798,player-2,45,45,51,42,player-2,player-2
267,13,18,0.0728340819478035,player-4,50,48,55,45,player-3,player-4
268,1,17,0.05804188549518585,player-1,4,1,4,1,player-1,player-1
268,2,17,0.059542013332247734,player-2,11,4,9,3,player-2,player-2
268,3,21,0.08208304643630981,player-3,26,9,13,7,player-3,player-3
268,4,17,0.05766586400568485,player-4,26,11,15,17,player-4,player-4
268,5,17,0.06341701373457909,player-1,39,13,18,20,player-1,player-1
268,6,17,0.05370890721678734,player-2,47,17,18,20,player-2,player-2
268,7,18,0.06362493149936199,player-4,47,23,22,28,player-3,player-4
268,8,17,0.06820890121161938,player-4,50,23,27,30,player-4,player-4
268,9,19,0.06320793181657791,player-3,51,28,27,38,player-1,player-3
268,10,17,0.056416960433125496,player-2,52,36,30,42,player-2,player-2
268,11,17,0.0563750509172678,player-3,61,45,40,46,player-3,player-3
269,1,17,0.05512498319149017,player-2,7,4,3,2,player-2,player-2
269,2,17,0.06504193879663944,player-3,10,7,10,10,player-3,player-3
269,3,17,0.061166007071733475,player-4,13,7,20,17,player-4,player-4
269,4,17,0.059542013332247734,player-1,16,8,22,22,player-1,player-1
269,5,18,0.06516603752970695,player-3,17,8,30,24,player-2,player-3
269,6,19,0.0649578869342804,player-1,26,8,32,29,player-3,player-1
269,7,17,0.05625002086162567,player-4,26,12,32,36,player-4,player-4
269,8,17,0.06825011223554611,player-1,34,13,34,43,player-1,player-1
269,9,17,0.05716690793633461,player-2,39,14,37,43,player-2,player-2
269,10,19,0.0580840278416872,player-1,44,14,38,46,player-3,player-1
269,11,17,0.05574990063905716,player-4,48,21,38,54,player-4,player-4
269,12,17,0.07858290337026119,player-1,55,23,43,57,player-1,player-1
269,13,17,0.05483301356434822,player-2,58,29,46,57,player-2,player-2
270,1,17,0.06120908074080944,player-3,2,1,5,3,player-3,player-3
270,2,17,0.057208118960261345,player-4,5,6,7,12,player-4,player-4
270,3,17,0.057999975979328156,player-1,10,15,15,17,player-1,player-1
270,4,17,0.07299985736608505,player-2,16,19,21,23,player-2,player-2
270,5,19,0.10858406312763691,player-1,24,29,29,37,player-3,player-1
270,6,17,0.07700012065470219,player-4,29,34,29,44,player-4,player-4
270,7,18,0.06349990144371986,player-2,32,34,31,48,player-1,player-2
270,8,18,0.06741704419255257,player-3,36,36,32,57,player-2,player-3
270,9,17,0.06762496195733547,player-3,42,38,38,59,player-3,player-3
270,10,19,0.06400002166628838,player-2,47,41,40,60,player-4,player-2
271,1,19,0.06729201413691044,player-4,3,0,5,6,player-2,player-4
271,2,17,0.06208312697708607,player-3,3,2,15,7,player-3,player-3
271,3,17,0.059542013332247734,player-4,8,5,15,17,player-4,player-4
271,4,17,0.057416968047618866,player-1,14,8,19,19,player-1,player-1
271,5,17,0.05370797589421272,player-2,19,11,21,22,player-2,player-2
271,6,18,0.0527920201420784,player-4,20,11,23,25,player-3,player-4
271,7,18,0.08033309131860733,player-1,28,15,26,28,player-4,player-1
271,8,19,0.056416960433125496,player-3,29,18,39,30,player-1,player-3
271,9,15,0.03962521441280842,none,30,19,41,33,player-2,none
271,10,17,0.06574997678399086,player-3,33,19,47,34,player-3,player-3
271,11,25,0.07233279757201672,none,34,20,47,35,player-4,none
271,12,18,0.052541960030794144,player-2,36,22,50,39,player-1,player-2
271,13,17,0.06270804442465305,player-2,42,24,52,44,player-2,player-2
271,14,18,0.06845803000032902,player-4,42,32,52,52,player-3,player-4
271,15,17,0.10445783846080303,player-4,43,37,53,61,player-4,player-4
271,16,20,0.0701660756021738,player-4,53,44,64,63,player-1,player-4
272,1,17,0.057791825383901596,player-2,7,2,2,0,player-2,player-2
272,2,17,0.049083027988672256,player-3,12,2,6,1,player-3,player-3
272,3,17,0.07320800796151161,player-4,18,4,14,6,player-4,player-4
272,4,17,0.0713749323040247,player-1,25,6,15,11,player-1,player-1
272,5,18,0.06995792500674725,player-3,32,16,18,14,player-2,player-3
272,6,17,0.104124890640378,player-3,35,20,21,18,player-3,player-3
272,7,19,0.09137485176324844,player-2,38,21,23,23,player-4,player-2
272,8,20,0.07937499321997166,player-4,38,26,25,31,player-1,player-4
272,9,17,0.065250089392066,player-2,38,35,30,36,player-2,player-2
272,10,18,0.06870809011161327,player-4,39,39,32,43,player-3,player-4
272,11,19,0.06404099985957146,player-2,44,45,33,47,player-4,player-2
272,12,17,0.06179208867251873,player-1,56,46,39,48,player-1,player-1
272,13,17,0.06720889359712601,player-2,64,51,41,51,player-2,player-2
273,1,17,0.061583006754517555,player-2,4,4,1,5,player-2,player-2
273,2,22,0.07087504491209984,none,8,7,1,7,player-3,none
273,3,19,0.07445784285664558,player-2,10,15,4,9,player-4,player-2
273,4,17,0.07124990224838257,player-1,11,18,7,16,player-1,player-1
273,5,18,0.06224983371794224,player-3,11,22,10,20,player-2,player-3
273,6,18,0.057791825383901596,player-4,11,23,13,22,player-3,player-4
273,7,17,0.07349997758865356,player-4,15,23,20,27,player-4,player-4
273,8,17,0.07458310574293137,player-1,19,26,25,27,player-1,player-1
273,9,17,0.04991702735424042,player-2,27,29,26,29,player-2,player-2
273,10,26,0.07345783524215221,player-4,31,32,29,32,player-3,player-4
273,11,19,0.06566708907485008,player-2,32,41,33,41,player-4,player-2
273,12,17,0.07500010542571545,player-1,42,43,39,41,player-1,player-1
273,13,18,0.06316695362329483,player-3,44,48,46,45,player-2,player-3
273,14,19,0.07841596379876137,player-1,49,57,50,51,player-3,player-1
274,1,18,0.060916878283023834,player-4,3,2,1,3,player-3,player-4
274,2,18,0.05204183980822563,player-1,14,3,1,3,player-4,player-1
274,3,18,0.07558404467999935,player-2,20,14,2,10,player-1,player-2
274,4,39,0.11058291420340538,player-4,20,14,12,13,player-2,player-4
274,5,17,0.06204098463058472,player-3,25,15,20,15,player-3,player-3
274,6,17,0.0550001859664917,player-4,26,17,20,22,player-4,player-4
274,7,18,0.060999998822808266,player-2,30,22,20,25,player-1,player-2
274,8,17,0.05575013346970081,player-2,35,26,24,27,player-2,player-2
274,9,18,0.058416975662112236,player-4,38,29,28,28,player-3,player-4
274,10,17,0.07145898416638374,player-4,44,37,28,37,player-4,player-4
274,11,19,0.06445799954235554,player-3,44,41,37,42,player-1,player-3
274,12,24,0.06512505933642387,player-1,45,42,42,45,player-2,player-1
274,13,17,0.06741704419255257,player-3,45,45,45,46,player-3,player-3
274,14,17,0.05887518636882305,player-4,45,49,47,48,player-4,player-4
274,15,17,0.08275010623037815,player-1,55,54,62,48,player-1,player-1
275,1,17,0.05925004370510578,player-3,2,1,3,3,player-3,player-3
275,2,18,0.0838330015540123,player-1,12,10,15,5,player-4,player-1
275,3,20,0.06604194641113281,player-4,12,12,15,8,player-1,player-4
275,4,17,0.06924988701939583,player-2,14,25,24,8,player-2,player-2
275,5,17,0.06337487138807774,player-3,18,31,28,12,player-3,player-3
275,6,17,0.07295887917280197,player-4,18,31,40,18,player-4,player-4
275,7,17,0.06145797669887543,player-1,23,33,46,20,player-1,player-1
275,8,17,0.06566685624420643,player-2,33,37,53,25,player-2,player-2
275,9,22,0.07183291018009186,player-4,36,41,57,29,player-3,player-4
275,10,17,0.05604187026619911,player-4,36,49,57,33,player-4,player-4
275,11,18,0.05387491546571255,player-2,40,55,57,35,player-1,player-2
275,12,17,0.05012494511902332,player-2,40,59,57,37,player-2,player-2
275,13,19,0.059625133872032166,player-1,43,63,57,37,player-3,player-1
276,1,17,0.08358294144272804,player-4,0,5,5,12,player-4,player-4
276,2,18,0.06537511944770813,player-2,2,15,5,16,player-1,player-2
276,3,17,0.04983297549188137,player-2,8,20,8,19,player-2,player-2
276,4,19,0.0802918802946806,player-1,11,24,10,22,player-3,player-1
276,5,18,0.07408391684293747,player-1,12,31,15,26,player-4,player-1
276,6,18,0.05950010381639004,player-2,12,34,22,33,player-1,player-2
276,7,22,0.05341717042028904,none,18,37,26,34,player-2,none
276,8,17,0.06587477400898933,player-3,20,40,28,38,player-3,player-3
276,9,22,0.06833299994468689,player-1,21,40,29,39,player-4,player-1
276,10,20,0.06962497718632221,player-4,29,42,32,50,player-1,player-4
276,11,18,0.08391682058572769,player-3,37,49,41,58,player-2,player-3
277,1,17,0.07233303040266037,player-1,5,0,5,2,player-1,player-1
277,2,19,0.07624994032084942,player-4,5,4,5,10,player-2,player-4
277,3,19,0.05891593173146248,player-1,12,8,8,11,player-3,player-1
277,4,21,0.0766250304877758,player-4,14,13,14,24,player-4,player-4
277,5,17,0.06520794704556465,player-1,23,13,25,30,player-1,player-1
277,6,18,0.06625009700655937,player-3,26,15,36,33,player-2,player-3
277,7,17,0.056459102779626846,player-3,28,19,38,34,player-3,player-3
277,8,17,0.05970802158117294,player-4,33,21,44,35,player-4,player-4
277,9,18,0.053042080253362656,player-2,39,28,44,35,player-1,player-2
277,10,20,0.07149996235966682,player-1,43,30,44,41,player-2,player-1
277,11,17,0.06729201413691044,player-3,45,31,50,41,player-3,player-3
277,12,17,0.0630419235676527,player-4,48,44,52,57,player-4,player-4
278,1,20,0.09895814582705498,player-3,7,3,4,0,player-4,player-3
278,2,18,0.057416968047618866,player-2,10,4,9,2,player-1,player-2
278,3,18,0.05908310413360596,player-3,11,8,13,2,player-2,player-3
278,4,18,0.06620795466005802,player-4,11,15,22,5,player-3,player-4
278,5,18,0.06870785728096962,player-1,17,16,27,7,player-4,player-1
278,6,17,0.05862489342689514,player-1,27,16,29,8,player-1,player-1
278,7,17,0.06625009700655937,player-2,34,23,35,12,player-2,player-2
278,8,19,0.06291596218943596,player-1,39,23,38,12,player-3,player-1
278,9,17,0.059959013015031815,player-4,39,28,38,20,player-4,player-4
278,10,19,0.0743749551475048,player-3,44,32,46,22,player-1,player-3
278,11,17,0.060959020629525185,player-2,48,35,54,25,player-2,player-2
279,1,19,0.07008295506238937,player-2,7,4,0,2,player-4,player-2
279,2,20,0.06870785728096962,player-4,9,10,1,5,player-1,player-4
279,3,17,0.06925011985003948,player-2,13,14,1,9,player-2,player-2
279,4,19,0.06216578185558319,player-1,15,14,2,11,player-3,player-1
279,5,18,0.057666096836328506,player-1,16,16,5,16,player-4,player-1
279,6,17,0.049083027988672256,player-1,22,17,5,19,player-1,player-1
279,7,18,0.061542028561234474,player-3,26,19,6,22,player-2,player-3
279,8,17,0.053541967645287514,player-3,28,19,13,24,player-3,player-3
279,9,23,0.10483292862772942,player-2,31,27,15,30,player-4,player-2
279,10,17,0.05737505853176117,player-1,36,29,22,30,player-1,player-1
279,11,17,0.060957856476306915,player-2,40,29,23,34,player-2,player-2
279,12,19,0.07145782001316547,player-1,46,30,24,37,player-3,player-1
279,13,34,0.1010410487651825,player-1,52,32,25,50,player-4,player-1
279,14,20,0.06650015711784363,player-4,56,34,25,54,player-1,player-4
279,15,19,0.06791600026190281,player-4,56,39,27,61,player-2,player-4
280,1,20,0.0613329466432333,player-4,3,3,4,5,player-1,player-4
280,2,22,0.07845810614526272,player-3,9,4,9,5,player-2,player-3
280,3,20,0.06591691635549068,player-2,14,9,16,10,player-3,player-2
280,4,17,0.07674982771277428,player-4,19,16,22,15,player-4,player-4
280,5,21,0.07187505252659321,player-1,24,18,29,21,player-1,player-1
280,6,17,0.06254203617572784,player-2,29,22,29,23,player-2,player-2
280,7,17,0.07333396933972836,player-3,37,26,32,25,player-3,player-3
280,8,17,0.0762909185141325,player-4,40,29,32,28,player-4,player-4
280,9,19,0.06912508979439735,player-3,45,29,40,31,player-1,player-3
280,10,24,0.08295895531773567,player-1,52,37,50,34,player-2,player-1
281,1,17,0.06595789454877377,player-1,6,3,7,7,player-1,player-1
281,2,17,0.06662518717348576,player-2,14,9,9,7,player-2,player-2
281,3,17,0.059625133872032166,player-3,18,14,18,8,player-3,player-3
281,4,19,0.06458396092057228,player-2,25,19,28,10,player-4,player-2
281,5,17,0.06033293902873993,player-1,30,19,28,13,player-1,player-1
281,6,17,0.059125013649463654,player-2,34,21,34,14,player-2,player-2
281,7,17,0.05337502807378769,player-3,40,23,40,15,player-3,player-3
281,8,17,0.06883288733661175,player-4,43,30,46,25,player-4,player-4
281,9,17,0.06570806726813316,player-1,51,33,50,27,player-1,player-1
282,1,18,0.06566685624420643,player-2,2,5,3,1,player-1,player-2
282,2,18,0.058499863371253014,player-3,7,8,4,1,player-2,player-3
282,3,26,0.11954200454056263,player-4,7,11,13,7,player-3,player-4
282,4,18,0.07299985736608505,player-1,12,14,13,8,player-4,player-1
282,5,17,0.07770792581140995,player-1,21,15,16,9,player-1,player-1
282,6,18,0.059999991208314896,player-3,21,16,18,15,player-2,player-3
282,7,18,0.04616705700755119,none,25,18,20,15,player-3,none
282,8,17,0.07216702215373516,player-4,27,20,22,24,player-4,player-4
282,9,17,0.05725002847611904,player-1,29,20,24,28,player-1,player-1
282,10,17,0.06562517955899239,player-2,32,24,27,33,player-2,player-2
282,11,18,0.056541990488767624,player-4,32,25,32,38,player-3,player-4
282,12,20,0.08033309131860733,player-3,33,26,36,38,player-4,player-3
282,13,17,0.0516669824719429,player-1,39,28,36,40,player-1,player-1
282,14,19,0.06170803681015968,player-4,41,35,37,40,player-2,player-4
282,15,17,0.050541944801807404,player-3,41,38,40,40,player-3,player-3
282,16,26,0.08170795626938343,player-1,44,42,40,43,player-4,player-1
282,17,21,0.0830420758575201,player-1,45,48,46,47,player-1,player-1
282,18,18,0.058374833315610886,player-3,47,49,48,49,player-2,player-3
282,19,17,0.07383408956229687,player-3,49,57,53,58,player-3,player-3
283,1,17,0.0625841785222292,player-3,5,7,8,6,player-3,player-3
283,2,17,0.055957818403840065,player-4,9,10,8,9,player-4,player-4
283,3,17,0.053833937272429466,player-1,16,12,8,18,player-1,player-1
283,4,17,0.057374825701117516,player-2,19,18,8,24,player-2,player-2
283,5,18,0.06454205140471458,player-4,21,22,12,28,player-3,player-4
283,6,18,0.06870902143418789,player-1,31,26,13,33,player-4,player-1
283,7,25,0.06724987179040909,player-1,33,28,16,34,player-1,player-1
283,8,17,0.06120908074080944,player-2,35,33,16,34,player-2,player-2
283,9,17,0.06820796988904476,player-3,38,34,20,35,player-3,player-3
283,10,18,0.05629193037748337,player-1,40,36,22,36,player-4,player-1
283,11,17,0.06041605956852436,player-1,45,39,22,36,player-1,player-1
283,12,17,0.08712499402463436,player-2,56,41,28,36,player-2,player-2
283,13,17,0.0652919989079237,player-3,56,43,33,39,player-3,player-3
283,14,17,0.05974993109703064,player-4,63,43,37,42,player-4,player-4
284,1,19,0.08170795626938343,player-2,3,8,4,5,player-4,player-2
284,2,17,0.0754999928176403,player-1,4,16,8,7,player-1,player-1
284,3,18,0.06474996916949749,player-3,6,21,8,10,player-2,player-3
284,4,18,0.07733399979770184,player-4,6,21,11,12,player-3,player-4
284,5,18,0.07845787331461906,player-1,12,21,23,16,player-4,player-1
284,6,18,0.07179216481745243,player-2,16,24,31,18,player-1,player-2
284,7,20,0.05633290857076645,player-1,18,25,31,21,player-2,player-1
284,8,17,0.07033301517367363,player-3,25,29,41,21,player-3,player-3
284,9,17,0.07275003008544445,player-4,27,36,41,22,player-4,player-4
284,10,17,0.06420793943107128,player-1,31,38,44,26,player-1,player-1
284,11,20,0.0689169391989708,player-1,38,41,47,30,player-2,player-1
284,12,17,0.06429105997085571,player-3,46,41,53,31,player-3,player-3
284,13,19,0.06541586481034756,player-2,46,45,58,32,player-4,player-2
285,1,18,0.05950010381639004,player-2,7,6,3,3,player-1,player-2
285,2,17,0.07766694761812687,player-2,10,14,8,9,player-2,player-2
285,3,17,0.07724994793534279,player-3,14,15,18,16,player-3,player-3
285,4,20,0.060959020629525185,player-3,16,16,25,19,player-4,player-3
285,5,17,0.05174987018108368,player-1,22,20,28,19,player-1,player-1
285,6,17,0.06562517955899239,player-2,24,21,28,25,player-2,player-2
285,7,17,0.07254187949001789,player-3,26,22,35,29,player-3,player-3
285,8,17,0.06141606718301773,player-4,28,30,35,30,player-4,player-4
285,9,17,0.05475012585520744,player-1,30,30,39,34,player-1,player-1
285,10,17,0.06237509660422802,player-2,32,33,44,36,player-2,player-2
285,11,22,0.07725018076598644,player-4,37,34,46,41,player-3,player-4
285,12,18,0.06745802238583565,player-1,44,34,49,42,player-4,player-1
285,13,18,0.06429105997085571,player-2,47,37,49,44,player-1,player-2
285,14,17,0.06570783443748951,player-2,48,39,54,44,player-2,player-2
286,1,19,0.07779104635119438,player-2,7,9,5,5,player-4,player-2
286,2,18,0.06316718645393848,player-2,8,13,5,8,player-1,player-2
286,3,18,0.05862489342689514,player-3,13,18,8,8,player-2,player-3
286,4,17,0.05187490023672581,player-3,14,21,16,9,player-3,player-3
286,5,17,0.06670900620520115,player-4,15,21,17,12,player-4,player-4
286,6,17,0.0710831955075264,player-1,18,24,22,16,player-1,player-1
286,7,17,0.06558303721249104,player-2,30,29,25,20,player-2,player-2
286,8,17,0.06404099985957146,player-3,33,29,30,22,player-3,player-3
286,9,17,0.06933300755918026,player-4,36,34,32,25,player-4,player-4
286,10,17,0.06037508137524128,player-1,39,36,36,31,player-1,player-1
286,11,22,0.07049995474517345,player-3,40,36,40,38,player-2,player-3
286,12,17,0.06329198367893696,player-3,43,39,48,42,player-3,player-3
286,13,17,0.05791708827018738,player-4,50,42,54,44,player-4,player-4
287,1,18,0.056167133152484894,player-4,6,3,1,4,player-3,player-4
287,2,18,0.06620888598263264,player-1,16,7,1,6,player-4,player-1
287,3,17,0.06079208105802536,player-1,19,10,7,6,player-1,player-1
287,4,17,0.0630419235676527,player-2,19,13,9,13,player-2,player-2
287,5,18,0.06866711191833019,player-4,20,14,15,18,player-3,player-4
287,6,20,0.062000006437301636,player-3,28,20,26,21,player-4,player-3
287,7,19,0.07641594856977463,player-3,36,26,32,26,player-1,player-3
287,8,17,0.05466700531542301,player-2,37,34,36,28,player-2,player-2
287,9,18,0.09341677650809288,player-4,37,37,40,33,player-3,player-4
287,10,17,0.054582953453063965,player-4,39,40,47,37,player-4,player-4
287,11,27,0.06654090248048306,none,45,41,51,41,player-1,none
287,12,18,0.04837499000132084,player-3,48,44,52,42,player-2,player-3
288,1,31,0.09683403186500072,none,10,5,2,4,player-3,none
288,2,20,0.07616588845849037,player-3,14,10,6,12,player-4,player-3
288,3,17,0.048999907448887825,player-1,19,11,10,15,player-1,player-1
288,4,18,0.0679579097777605,player-3,29,17,21,20,player-2,player-3
288,5,19,0.057916855439543724,player-1,34,22,21,22,player-3,player-1
288,6,19,0.06820796988904476,player-2,34,34,22,27,player-4,player-2
288,7,19,0.0802499707788229,player-3,39,39,29,29,player-1,player-3
288,8,17,0.08316594175994396,player-2,39,52,33,38,player-2,player-2
288,9,19,0.07495819590985775,player-1,48,55,40,41,player-3,player-1
288,10,20,0.08874991908669472,player-3,48,66,41,43,player-4,player-3
289,1,18,0.08741696365177631,player-1,5,6,8,3,player-4,player-1
289,2,17,0.0691248569637537,player-1,14,9,13,5,player-1,player-1
289,3,17,0.05716690793633461,player-2,18,15,16,7,player-2,player-2
289,4,19,0.061416998505592346,player-1,23,17,19,8,player-3,player-1
289,5,18,0.060791149735450745,player-1,25,21,24,11,player-4,player-1
289,6,19,0.05012494511902332,player-3,28,23,30,11,player-1,player-3
289,7,17,0.05837506614625454,player-2,28,27,35,14,player-2,player-2
289,8,17,0.05808309651911259,player-3,37,31,47,19,player-3,player-3
289,9,29,0.07241708226501942,none,42,34,51,19,player-4,none
289,10,21,0.07429090328514576,player-1,48,39,52,28,player-1,player-1
290,1,17,0.07266690954566002,player-1,8,1,6,0,player-1,player-1
290,2,18,0.0862909946590662,player-3,10,5,18,12,player-2,player-3
290,3,17,0.0647080596536398,player-3,16,9,26,15,player-3,player-3
290,4,37,0.12091710232198238,player-4,34,15,30,18,player-4,player-4
290,5,17,0.06533297710120678,player-1,37,15,33,18,player-1,player-1
290,6,17,0.05287514068186283,player-2,41,17,36,21,player-2,player-2
290,7,20,0.05445792339742184,player-2,42,19,36,22,player-3,player-2
290,8,18,0.06833299994468689,player-1,49,24,38,26,player-4,player-1
290,9,17,0.060584163293242455,player-1,53,26,44,27,player-1,player-1
290,10,17,0.07470790296792984,player-2,53,37,44,31,player-2,player-2
290,11,17,0.07962482050061226,player-3,59,39,55,33,player-3,player-3
291,1,17,0.055582961067557335,player-4,2,1,6,8,player-4,player-4
291,2,18,0.05808309651911259,player-2,4,1,7,13,player-1,player-2
291,3,17,0.06474996916949749,player-2,4,5,14,18,player-2,player-2
291,4,20,0.05941605195403099,player-2,8,10,15,19,player-3,player-2
291,5,17,0.04837522283196449,player-4,8,11,19,20,player-4,player-4
291,6,17,0.054040923714637756,player-1,15,11,20,20,player-1,player-1
291,7,17,0.059916870668530464,player-2,23,15,28,30,player-2,player-2
291,8,17,0.059625133872032166,player-3,24,15,36,30,player-3,player-3
291,9,17,0.06150011904537678,player-4,31,15,44,35,player-4,player-4
291,10,17,0.06545893847942352,player-1,34,19,46,42,player-1,player-1
291,11,18,0.05725002847611904,player-3,36,23,47,46,player-2,player-3
291,12,21,0.06679189391434193,player-3,43,28,55,46,player-3,player-3
291,13,17,0.05141599103808403,player-4,44,33,56,48,player-4,player-4
292,1,17,0.06895791739225388,player-4,2,0,5,3,player-4,player-4
292,2,17,0.08929194882512093,player-1,2,2,7,6,player-1,player-1
292,3,20,0.07800012826919556,player-1,7,8,10,10,player-2,player-1
292,4,18,0.05137501284480095,player-4,7,9,14,13,player-3,player-4
292,5,18,0.08179200813174248,player-1,7,14,18,16,player-4,player-1
292,6,17,0.07866695523262024,player-1,15,20,18,20,player-1,player-1
292,7,18,0.07479102350771427,player-3,21,22,23,22,player-2,player-3
292,8,18,0.065250089392066,player-4,22,23,30,30,player-3,player-4
292,9,17,0.05825003609061241,player-4,22,28,30,37,player-4,player-4
292,10,17,0.06620795466005802,player-1,30,30,33,40,player-1,player-1
292,11,17,0.06800005212426186,player-2,32,38,33,40,player-2,player-2
292,12,17,0.06808293983340263,player-3,32,41,41,44,player-3,player-3
292,13,17,0.06400002166628838,player-4,35,41,41,48,player-4,player-4
292,14,17,0.05845818668603897,player-1,39,44,43,56,player-1,player-1
293,1,17,0.06070896051824093,player-3,5,3,9,2,player-3,player-3
293,2,17,0.06504100747406483,player-4,9,7,12,2,player-4,player-4
293,3,24,0.06837490946054459,player-4,14,8,13,5,player-1,player-4
293,4,20,0.07195910438895226,player-1,15,18,15,13,player-2,player-1
293,5,17,0.06145797669887543,player-3,20,22,18,19,player-3,player-3
293,6,19,0.06920797750353813,player-2,23,27,23,22,player-4,player-2
293,7,18,0.06291712634265423,player-2,24,35,27,22,player-1,player-2
293,8,19,0.0863329041749239,player-4,30,43,32,31,player-2,player-4
293,9,17,0.05037500523030758,player-3,30,47,37,31,player-3,player-3
293,10,17,0.07445900700986385,player-4,31,54,41,36,player-4,player-4
293,11,17,0.05866703577339649,player-1,34,59,42,43,player-1,player-1
294,1,17,0.04950002767145634,player-3,1,2,2,0,player-3,player-3
294,2,17,0.06745895370841026,player-4,4,9,6,7,player-4,player-4
294,3,18,0.05270796827971935,player-2,8,18,9,8,player-1,player-2
294,4,17,0.06733299233019352,player-2,13,23,9,10,player-2,player-2
294,5,19,0.05979207344353199,player-1,13,23,16,11,player-3,player-1
294,6,17,0.05358317866921425,player-4,17,27,16,16,player-4,player-4
294,7,20,0.06570783443748951,player-4,18,41,22,21,player-1,player-4
294,8,17,0.0679579097777605,player-2,25,54,22,25,player-2,player-2
294,9,18,0.06500002928078175,player-4,28,61,32,33,player-3,player-4
294,10,23,0.06870809011161327,player-2,29,66,38,34,player-4,player-2
295,1,17,0.06454205140471458,player-1,4,1,5,0,player-1,player-1
295,2,22,0.05095801316201687,none,5,3,10,2,player-2,none
295,3,21,0.0664170365780592,player-3,10,4,12,6,player-3,player-3
295,4,17,0.05387491546571255,player-4,10,6,12,14,player-4,player-4
295,5,17,0.055541982874274254,player-1,16,7,16,14,player-1,player-1
295,6,17,0.06183399818837643,player-2,19,12,21,16,player-2,player-2
295,7,17,0.055042095482349396,player-3,25,18,26,16,player-3,player-3
295,8,17,0.05395803600549698,player-4,27,23,30,18,player-4,player-4
295,9,18,0.06574997678399086,player-2,30,26,34,22,player-1,player-2
295,10,20,0.0719169620424509,player-1,45,34,36,28,player-2,player-1
295,11,18,0.06195809692144394,player-4,50,38,46,35,player-3,player-4
295,12,17,0.07345899939537048,player-4,54,38,51,42,player-4,player-4
296,1,23,0.06612506695091724,player-4,2,2,2,1,player-2,player-4
296,2,17,0.06666616536676884,player-3,8,4,6,4,player-3,player-3
296,3,18,0.060540856793522835,player-1,12,5,6,6,player-4,player-1
296,4,19,0.08387514390051365,player-3,16,12,9,12,player-1,player-3
296,5,17,0.07762503810226917,player-2,19,15,11,14,player-2,player-2
296,6,17,0.06541702896356583,player-3,19,17,23,15,player-3,player-3
296,7,20,0.07895892485976219,player-3,22,21,30,21,player-4,player-3
296,8,19,0.07516704499721527,player-3,28,27,38,23,player-1,player-3
296,9,20,0.06929086521267891,player-1,34,30,39,24,player-2,player-1
296,10,17,0.0592090655118227,player-3,39,32,42,29,player-3,player-3
296,11,21,0.09004189632833004,player-4,42,43,50,35,player-4,player-4
296,12,17,0.05350005812942982,player-1,47,45,50,36,player-1,player-1
296,13,17,0.055042095482349396,player-2,55,46,55,36,player-2,player-2
297,1,26,0.07662479765713215,none,6,5,4,10,player-3,none
297,2,18,0.08545909076929092,player-1,9,7,6,10,player-4,player-1
297,3,26,0.11562509462237358,player-2,9,21,12,17,player-1,player-2
297,4,19,0.07066689431667328,player-4,13,21,15,20,player-2,player-4
297,5,19,0.06866687908768654,player-1,20,23,22,21,player-3,player-1
297,6,17,0.06925011985003948,player-4,20,32,26,37,player-4,player-4
297,7,17,0.06174994632601738,player-1,23,34,30,44,player-1,player-1
297,8,17,0.05708308890461922,player-2,28,40,32,45,player-2,player-2
297,9,19,0.0902500469237566,player-1,42,43,43,46,player-3,player-1
297,10,17,0.056625111028552055,player-4,44,43,45,46,player-4,player-4
297,11,17,0.07025012746453285,player-1,49,50,47,52,player-1,player-1
298,1,17,0.06170920096337795,player-4,1,2,4,3,player-4,player-4
298,2,22,0.055042095482349396,none,3,9,6,3,player-1,none
298,3,17,0.06712507456541061,player-2,3,12,9,14,player-2,player-2
298,4,19,0.06441702134907246,player-1,10,22,12,22,player-3,player-1
298,5,17,0.06370898336172104,player-4,11,25,13,25,player-4,player-4
298,6,21,0.08537503890693188,player-1,20,28,17,39,player-1,player-1
298,7,18,0.059999991208314896,player-3,21,30,20,40,player-2,player-3
298,8,17,0.07100007496774197,player-3,27,31,25,46,player-3,player-3
298,9,19,0.06037508137524128,player-2,27,33,28,50,player-4,player-2
298,10,17,0.06600003689527512,player-1,34,33,28,52,player-1,player-1
298,11,17,0.06995792500674725,player-2,37,38,28,59,player-2,player-2
298,12,17,0.0627920962870121,player-3,37,39,31,62,player-3,player-3
299,1,17,0.06225006654858589,player-3,1,5,2,2,player-3,player-3
299,2,17,0.05983305163681507,player-4,8,11,9,5,player-4,player-4
299,3,19,0.06008311174809933,player-3,8,18,9,7,player-1,player-3
299,4,17,0.07933308370411396,player-2,9,23,11,7,player-2,player-2
299,5,20,0.05733314901590347,player-2,10,29,12,9,player-3,player-2
299,6,17,0.05666702054440975,player-4,14,33,12,13,player-4,player-4
299,7,17,0.07695797830820084,player-1,26,38,15,18,player-1,player-1
299,8,20,0.0791249331086874,player-1,31,40,15,27,player-2,player-1
299,9,20,0.07699988782405853,player-2,43,49,24,31,player-3,player-2
299,10,19,0.05679205060005188,player-2,45,50,25,33,player-4,player-2
299,11,20,0.06204098463058472,player-4,48,54,29,37,player-1,player-4
299,12,19,0.07608393207192421,player-4,62,55,37,41,player-2,player-4
299,13,19,0.0683339312672615,player-1,66,55,44,45,player-3,player-1
300,1,19,0.06737490184605122,player-1,8,1,2,3,player-3,player-1
300,2,17,0.06670807488262653,player-4,19,15,7,8,player-4,player-4
300,3,19,0.07766601629555225,player-3,25,18,19,11,player-1,player-3
300,4,17,0.07149996235966682,player-2,28,21,22,11,player-2,player-2
300,5,18,0.06333389319479465,player-4,30,29,24,19,player-3,player-4
300,6,21,0.0766669400036335,player-4,32,33,24,24,player-4,player-4
300,7,17,0.04979199729859829,player-1,34,33,27,25,player-1,player-1
300,8,18,0.06208312697708607,player-3,37,36,31,29,player-2,player-3
300,9,17,0.06474996916949749,player-3,41,40,38,30,player-3,player-3
300,10,19,0.10149995796382427,player-2,48,42,42,38,player-4,player-2
300,11,17,0.05458388477563858,player-1,50,48,51,43,player-1,player-1
301,1,17,0.0932919792830944,player-3,3,4,6,11,player-3,player-3
301,2,17,0.05933316424489021,player-4,11,4,14,20,player-4,player-4
301,3,17,0.05175010301172733,player-1,20,5,16,21,player-1,player-1
301,4,17,0.06008381024003029,player-2,21,6,16,24,player-2,player-2
301,5,17,0.08316594175994396,player-3,23,10,18,31,player-3,player-3
301,6,17,0.08379202336072922,player-4,27,16,24,34,player-4,player-4
301,7,17,0.07787486538290977,player-1,31,19,34,38,player-1,player-1
301,8,18,0.0647080596536398,player-3,33,25,42,38,player-2,player-3
301,9,17,0.05333404988050461,player-3,35,25,50,40,player-3,player-3
301,10,29,0.08079200051724911,player-4,35,28,57,43,player-4,player-4
301,11,17,0.05729100666940212,player-1,37,29,60,45,player-1,player-1
301,12,18,0.06658397614955902,player-3,40,38,63,47,player-2,player-3
302,1,17,0.07587485015392303,player-3,1,4,4,5,player-3,player-3
302,2,17,0.08166697807610035,player-4,1,4,4,15,player-4,player-4
302,3,17,0.059499870985746384,player-1,6,7,6,18,player-1,player-1
302,4,18,0.05545816384255886,player-3,8,9,7,22,player-2,player-3
302,5,17,0.051541952416300774,player-3,12,11,14,23,player-3,player-3
302,6,17,0.06645894609391689,player-4,12,13,17,28,player-4,player-4
302,7,18,0.06649992428719997,player-2,16,17,21,33,player-1,player-2
302,8,18,0.06574997678399086,player-3,16,22,24,41,player-2,player-3
302,9,17,0.06291689351201057,player-3,19,23,25,48,player-3,player-3
302,10,18,0.0677080824971199,player-1,24,28,28,51,player-4,player-1
302,11,19,0.10379217565059662,player-3,25,32,34,52,player-1,player-3
302,12,17,0.09820796549320221,player-2,25,34,39,58,player-2,player-2
302,13,17,0.061042141169309616,player-3,31,39,45,58,player-3,player-3
302,14,17,0.05070911720395088,player-4,31,42,45,65,player-4,player-4
303,1,19,0.053999945521354675,player-2,3,1,1,3,player-4,player-2
303,2,17,0.06429105997085571,player-1,8,3,8,8,player-1,player-1
303,3,17,0.060959020629525185,player-2,13,11,9,10,player-2,player-2
303,4,21,0.06179208867251873,none,13,11,14,14,player-3,none
303,5,20,0.08620787411928177,player-3,15,21,19,20,player-4,player-3
303,6,17,0.06354087963700294,player-1,28,28,21,23,player-1,player-1
303,7,18,0.06658397614955902,player-3,31,29,25,26,player-2,player-3
303,8,17,0.06133317947387695,player-3,33,31,27,28,player-3,player-3
303,9,17,0.06954208947718143,player-4,33,35,27,38,player-4,player-4
303,10,17,0.05816691555082798,player-1,38,39,29,43,player-1,player-1
303,11,17,0.0521661713719368,player-2,44,41,31,47,player-2,player-2
303,12,18,0.07216702215373516,player-4,44,41,35,51,player-3,player-4
303,13,17,0.06050011143088341,player-4,44,44,38,51,player-4,player-4
303,14,25,0.07800012826919556,player-1,46,49,42,53,player-1,player-1
304,1,20,0.08512497879564762,player-1,13,5,0,4,player-2,player-1
304,2,17,0.06304215639829636,player-3,15,6,0,4,player-3,player-3
304,3,19,0.06266706623136997,player-2,18,12,1,7,player-4,player-2
304,4,19,0.07858290337026119,player-3,20,13,7,9,player-1,player-3
304,5,17,0.07158308289945126,player-2,24,26,7,9,player-2,player-2
304,6,17,0.06679189391434193,player-3,26,26,12,13,player-3,player-3
304,7,17,0.06287498399615288,player-4,26,28,17,16,player-4,player-4
304,8,17,0.06462493911385536,player-1,32,30,20,18,player-1,player-1
304,9,19,0.061916885897517204,player-4,36,31,23,23,player-2,player-4
304,10,19,0.06220792420208454,player-1,41,36,23,24,player-3,player-1
304,11,17,0.0683339312672615,player-4,45,48,27,36,player-4,player-4
304,12,17,0.06591598503291607,player-1,47,53,30,41,player-1,player-1
304,13,18,0.06654206663370132,player-3,48,55,36,42,player-2,player-3
304,14,17,0.06487499922513962,player-3,48,60,38,50,player-3,player-3
305,1,17,0.06312504410743713,player-3,5,1,4,3,player-3,player-3
305,2,18,0.06433390080928802,player-1,9,2,10,6,player-4,player-1
305,3,24,0.06604194641113281,player-4,9,3,12,8,player-1,player-4
305,4,18,0.059582991525530815,player-3,14,7,14,8,player-2,player-3
305,5,17,0.05874992348253727,player-3,18,12,22,14,player-3,player-3
305,6,17,0.06858306005597115,player-4,22,12,23,19,player-4,player-4
305,7,17,0.0910409726202488,player-1,29,17,27,21,player-1,player-1
305,8,17,0.07837498560547829,player-2,36,21,32,26,player-2,player-2
305,9,18,0.05287490785121918,player-4,39,21,34,32,player-3,player-4
305,10,17,0.06658397614955902,player-4,39,23,36,38,player-4,player-4
305,11,20,0.0719169620424509,player-4,41,23,41,48,player-1,player-4
305,12,18,0.07091602310538292,player-3,43,24,49,50,player-2,player-3
305,13,17,0.06783287972211838,player-3,48,32,55,53,player-3,player-3
306,1,17,0.07491698488593102,player-4,9,1,5,5,player-4,player-4
306,2,30,0.08629192598164082,player-2,10,7,9,7,player-1,player-2
306,3,20,0.06220885552465916,player-1,19,10,9,13,player-2,player-1
306,4,23,0.0724580604583025,player-1,25,12,11,13,player-3,player-1
306,5,17,0.08062506094574928,player-4,33,12,19,19,player-4,player-4
306,6,21,0.0727497972548008,player-1,40,13,22,23,player-1,player-1
306,7,17,0.07595820352435112,player-2,46,15,27,28,player-2,player-2
306,8,18,0.061416998505592346,player-4,52,15,31,32,player-3,player-4
306,9,17,0.06033317185938358,player-4,52,17,34,37,player-4,player-4
306,10,19,0.061374856159090996,player-3,56,20,38,40,player-1,player-3
306,11,14,0.040125101804733276,none,56,21,43,45,player-2,none
306,12,22,0.0646661501377821,player-4,58,24,45,47,player-3,player-4
307,1,17,0.06295903585851192,player-4,1,2,3,4,player-4,player-4
307,2,18,0.06187520921230316,player-2,3,5,9,13,player-1,player-2
307,3,27,0.08958391845226288,player-4,5,6,30,20,player-2,player-4
307,4,18,0.06870809011161327,player-4,11,6,35,26,player-3,player-4
307,5,17,0.06420793943107128,player-4,13,6,36,30,player-4,player-4
307,6,31,0.07404200732707977,player-3,15,10,42,32,player-1,player-3
307,7,17,0.06762496195733547,player-2,16,17,47,37,player-2,player-2
307,8,20,0.06508384831249714,player-2,16,27,53,37,player-3,player-2
307,9,17,0.06600003689527512,player-4,17,29,56,40,player-4,player-4
307,10,17,0.06616697646677494,player-1,24,31,63,44,player-1,player-1
307,11,18,0.055791111662983894,player-3,24,34,71,48,player-2,player-3
307,12,17,0.05874992348253727,player-3,26,37,73,50,player-3,player-3
307,13,17,0.0822087749838829,player-4,36,41,80,58,player-4,player-4
308,1,19,0.07191603071987629,player-4,10,3,6,4,player-2,player-4
308,2,19,0.06520794704556465,player-1,15,9,8,10,player-3,player-1
308,3,17,0.06587500683963299,player-4,16,12,10,16,player-4,player-4
308,4,17,0.07062498480081558,player-1,22,12,14,22,player-1,player-1
308,5,17,0.06383308209478855,player-2,28,19,14,24,player-2,player-2
308,6,17,0.06466684862971306,player-3,32,25,27,24,player-3,player-3
308,7,23,0.07404200732707977,player-2,35,30,27,31,player-4,player-2
308,8,17,0.07962505333125591,player-1,41,33,31,32,player-1,player-1
308,9,19,0.07829093374311924,player-4,43,36,45,44,player-2,player-4
308,10,17,0.06491690874099731,player-3,45,44,53,44,player-3,player-3
308,11,17,0.049791065976023674,player-4,46,45,56,52,player-4,player-4
309,1,17,0.060542020946741104,player-2,5,4,2,2,player-2,player-2
309,2,18,0.06904196925461292,player-4,6,5,5,6,player-3,player-4
309,3,17,0.055833952501416206,player-4,6,13,13,13,player-4,player-4
309,4,17,0.05904096178710461,player-1,10,14,18,13,player-1,player-1
309,5,17,0.07683318108320236,player-2,14,20,20,19,player-2,player-2
309,6,25,0.09745894931256771,player-3,19,22,25,19,player-3,player-3
309,7,17,0.06187497638165951,player-4,20,27,28,20,player-4,player-4
309,8,17,0.05804188549518585,player-1,22,30,31,26,player-1,player-1
309,9,17,0.05570799112319946,player-2,24,33,33,27,player-2,player-2
309,10,17,0.06620795466005802,player-3,30,40,42,28,player-3,player-3
309,11,17,0.06700004450976849,player-4,33,45,44,30,player-4,player-4
309,12,18,0.05579204298555851,player-2,36,50,46,30,player-1,player-2
309,13,21,0.04929187707602978,none,38,53,47,34,player-2,none
309,14,20,0.059999991208314896,player-2,40,58,51,34,player-3,player-2
309,15,18,0.06458396092057228,player-1,47,61,56,41,player-4,player-1
310,1,17,0.06312481127679348,player-4,2,0,4,6,player-4,player-4
310,2,18,0.053040916100144386,player-2,5,8,6,7,player-1,player-2
310,3,17,0.06649992428719997,player-2,9,12,6,12,player-2,player-2
310,4,18,0.06862496957182884,player-4,9,14,12,19,player-3,player-4
310,5,17,0.06566592492163181,player-4,11,19,17,25,player-4,player-4
310,6,19,0.05970802158117294,player-3,18,24,20,27,player-1,player-3
310,7,28,0.09679212234914303,player-1,23,28,21,30,player-2,player-1
310,8,17,0.07320893928408623,player-3,23,32,31,30,player-3,player-3
310,9,18,0.05087512545287609,player-1,29,39,37,34,player-4,player-1
310,10,17,0.06825011223554611,player-1,30,42,39,38,player-1,player-1
310,11,18,0.0577080063521862,player-3,35,45,44,44,player-2,player-3
310,12,17,0.05233311094343662,player-3,37,48,50,44,player-3,player-3
310,13,22,0.09812507778406143,player-1,41,52,54,50,player-4,player-1
311,1,17,0.07104198448359966,player-1,4,3,4,7,player-1,player-1
311,2,17,0.058916863054037094,player-2,5,4,5,9,player-2,player-2
311,3,17,0.06841705180704594,player-3,16,9,17,15,player-3,player-3
311,4,17,0.053582945838570595,player-4,18,13,18,20,player-4,player-4
311,5,19,0.053584109991788864,player-3,20,13,25,22,player-1,player-3
311,6,18,0.07545785047113895,player-3,20,15,32,26,player-2,player-3
311,7,19,0.06533297710120678,player-1,24,16,34,26,player-3,player-1
311,8,19,0.06458302959799767,player-2,29,23,34,32,player-4,player-2
311,9,20,0.057582976296544075,player-4,33,23,37,35,player-1,player-4
311,10,22,0.06400002166628838,player-3,33,29,38,39,player-2,player-3
311,11,17,0.07229205220937729,player-3,40,35,42,42,player-3,player-3
311,12,17,0.0779998954385519,player-4,42,44,45,52,player-4,player-4
311,13,17,0.04874984733760357,player-1,44,46,46,52,player-1,player-1
311,14,17,0.07516704499721527,player-2,55,56,54,60,player-2,player-2
312,1,17,0.057999975979328156,player-4,2,1,4,5,player-4,player-4
312,2,19,0.0814169179648161,player-3,5,6,11,7,player-1,player-3
312,3,17,0.067500164732337,player-2,9,13,17,9,player-2,player-2
312,4,20,0.06616604514420033,player-2,10,18,20,14,player-3,player-2
312,5,20,0.07233396172523499,player-3,11,18,25,18,player-4,player-3
312,6,20,0.11891592293977737,player-4,13,22,31,22,player-1,player-4
312,7,17,0.06558396853506565,player-2,16,24,39,24,player-2,player-2
312,8,17,0.06658420898020267,player-3,16,25,41,27,player-3,player-3
312,9,18,0.07675006054341793,player-1,22,28,47,30,player-4,player-1
312,10,19,0.08433288894593716,player-3,30,35,55,30,player-1,player-3
312,11,18,0.07183314301073551,player-3,37,42,56,36,player-2,player-3
312,12,24,0.08116592653095722,player-2,41,48,57,43,player-3,player-2
312,13,19,0.0965408980846405,player-2,49,58,68,47,player-4,player-2
313,1,19,0.0647080596536398,player-4,1,4,5,9,player-2,player-4
313,2,17,0.06145797669887543,player-3,3,6,11,10,player-3,player-3
313,3,21,0.06274995394051075,player-4,4,7,11,18,player-4,player-4
313,4,18,0.06995792500674725,player-2,8,7,17,18,player-1,player-2
313,5,17,0.06104190833866596,player-2,8,12,18,20,player-2,player-2
313,6,21,0.08241599425673485,player-3,15,13,24,22,player-3,player-3
313,7,18,0.07783295586705208,player-1,16,15,26,23,player-4,player-1
313,8,19,0.06274995394051075,player-3,19,16,33,25,player-1,player-3
313,9,17,0.08466606959700584,player-2,21,25,37,29,player-2,player-2
313,10,18,0.06537511944770813,player-4,24,29,40,33,player-3,player-4
313,11,17,0.06262492388486862,player-4,25,39,43,36,player-4,player-4
313,12,17,0.06462493911385536,player-1,34,47,46,42,player-1,player-1
313,13,18,0.05791708827018738,player-3,39,51,49,42,player-2,player-3
313,14,17,0.0810408964753151,player-3,49,64,56,50,player-3,player-3
314,1,18,0.06404099985957146,player-4,8,3,3,5,player-3,player-4
314,2,17,0.06649992428719997,player-4,13,6,13,9,player-4,player-4
314,3,20,0.07454119622707367,player-4,19,11,13,18,player-1,player-4
314,4,17,0.08633313700556755,player-2,26,14,16,27,player-2,player-2
314,5,18,0.08870894089341164,player-4,27,18,23,31,player-3,player-4
314,6,20,0.07675006054341793,player-3,27,22,27,34,player-4,player-3
314,7,26,0.07470790296792984,player-2,28,30,28,34,player-1,player-2
314,8,18,0.05608401261270046,player-3,28,34,30,34,player-2,player-3
314,9,17,0.0791249331086874,player-3,28,43,44,34,player-3,player-3
314,10,17,0.06324984133243561,player-4,39,43,52,35,player-4,player-4
314,11,25,0.10395911522209644,player-1,54,51,61,35,player-1,player-1
315,1,17,0.04850002005696297,none,0,8,0,0,player-2,none
315,2,17,0.07758312858641148,player-3,3,8,0,3,player-3,player-3
315,3,17,0.06900005973875523,player-4,11,16,5,13,player-4,player-4
315,4,18,0.06166589446365833,player-2,14,28,5,17,player-1,player-2
315,5,17,0.06695790216326714,player-2,16,33,8,24,player-2,player-2
315,6,24,0.08145789615809917,player-2,21,34,11,33,player-3,player-2
315,7,34,0.08691707625985146,player-1,28,39,12,36,player-4,player-1
315,8,19,0.0650421716272831,player-3,36,40,18,42,player-1,player-3
315,9,20,0.06558396853506565,player-1,39,42,20,45,player-2,player-1
315,10,17,0.06220792420208454,player-3,41,45,24,49,player-3,player-3
315,11,18,0.07187481969594955,player-1,45,51,24,53,player-4,player-1
316,1,16,0.04483410157263279,none,2,0,2,2,player-4,none
316,2,17,0.06316602230072021,player-1,11,2,2,3,player-1,player-1
316,3,22,0.06458396092057228,player-3,11,3,2,9,player-2,player-3
316,4,17,0.07008295506238937,player-3,11,6,4,11,player-3,player-3
316,5,17,0.07212511263787746,player-4,11,8,6,21,player-4,player-4
316,6,17,0.06454112008213997,player-1,18,11,9,25,player-1,player-1
316,7,17,0.06829202175140381,player-2,24,15,11,27,player-2,player-2
316,8,20,0.06045820191502571,player-2,24,22,12,27,player-3,player-2
316,9,17,0.06649992428719997,player-4,34,24,19,35,player-4,player-4
316,10,17,0.060333870351314545,player-1,40,27,22,37,player-1,player-1
316,11,18,0.051625072956085205,player-3,41,32,24,41,player-2,player-3
316,12,27,0.07445784285664558,none,44,36,25,43,player-3,none
316,13,17,0.0760830007493496,player-4,53,36,33,48,player-4,player-4
316,14,18,0.07895799353718758,player-2,57,40,37,52,player-1,player-2
316,15,17,0.05958392284810543,player-2,59,44,38,52,player-2,player-2
316,16,17,0.05545793101191521,player-3,61,47,43,54,player-3,player-3
317,1,17,0.07841596379876137,player-4,4,8,10,7,player-4,player-4
317,2,18,0.06125005893409252,player-2,4,13,16,13,player-1,player-2
317,3,17,0.06737490184605122,player-2,6,16,19,17,player-2,player-2
317,4,17,0.0738329254090786,player-3,8,22,21,20,player-3,player-3
317,5,18,0.06545800715684891,player-1,16,32,24,24,player-4,player-1
317,6,19,0.07704109884798527,player-3,18,32,26,28,player-1,player-3
317,7,17,0.09924988262355328,player-2,24,34,30,28,player-2,player-2
317,8,17,0.05433405749499798,player-3,26,35,32,28,player-3,player-3
317,9,19,0.049042049795389175,none,26,36,35,31,player-4,none
317,10,17,0.05304114893078804,player-1,27,38,37,32,player-1,player-1
317,11,17,0.06749993190169334,player-2,31,46,38,36,player-2,player-2
317,12,17,0.06341608241200447,player-3,38,51,42,42,player-3,player-3
317,13,17,0.05845795385539532,player-4,39,51,46,49,player-4,player-4
318,1,17,0.06037508137524128,player-4,2,6,5,3,player-4,player-4
318,2,20,0.0724999699741602,player-4,4,10,9,11,player-1,player-4
318,3,17,0.08508376777172089,player-2,13,11,13,18,player-2,player-2
318,4,17,0.061416998505592346,player-3,14,15,14,21,player-3,player-3
318,5,20,0.07279193960130215,player-3,14,24,18,24,player-4,player-3
318,6,17,0.0624579843133688,player-1,15,25,20,28,player-1,player-1
318,7,17,0.06066705100238323,player-2,20,34,20,35,player-2,player-2
318,8,17,0.058165984228253365,player-3,26,38,30,43,player-3,player-3
318,9,17,0.05066697485744953,player-4,26,45,30,49,player-4,player-4
318,10,18,0.06570899859070778,player-2,27,47,34,50,player-1,player-2
318,11,19,0.06516696885228157,player-4,29,54,35,56,player-2,player-4
319,1,17,0.062000006437301636,player-4,3,1,1,2,player-4,player-4
319,2,19,0.07695797830820084,player-3,4,6,4,2,player-1,player-3
319,3,19,0.0707919243723154,player-4,5,11,12,9,player-2,player-4
319,4,18,0.05037500523030758,player-4,8,13,14,11,player-3,player-4
319,5,19,0.06508291698992252,player-2,14,21,25,15,player-4,player-2
319,6,17,0.08408306166529655,player-1,24,29,31,23,player-1,player-1
319,7,18,0.06283284164965153,player-3,26,32,36,24,player-2,player-3
319,8,17,0.06383401341736317,player-3,28,32,46,28,player-3,player-3
319,9,20,0.060999998822808266,player-3,32,34,48,29,player-4,player-3
319,10,17,0.05908310413360596,player-1,37,35,53,31,player-1,player-1
319,11,17,0.06483285687863827,player-2,41,40,57,35,player-2,player-2
319,12,18,0.07862504571676254,player-4,44,47,57,38,player-3,player-4
320,1,19,0.08058291859924793,player-3,9,4,10,4,player-1,player-3
320,2,17,0.0683339312672615,player-2,11,7,10,14,player-2,player-2
320,3,17,0.05441601388156414,player-3,13,8,17,14,player-3,player-3
320,4,17,0.06383308209478855,player-4,15,8,21,22,player-4,player-4
320,5,18,0.05979090929031372,player-2,17,16,24,25,player-1,player-2
320,6,17,0.06600003689527512,player-2,25,19,31,26,player-2,player-2
320,7,17,0.08220900781452656,player-3,30,22,39,30,player-3,player-3
320,8,18,0.07025012746453285,player-1,33,22,42,40,player-4,player-1
320,9,18,0.07504201494157314,player-2,34,23,44,41,player-1,player-2
320,10,19,0.06129196844995022,player-4,40,27,46,43,player-2,player-4
320,11,17,0.05716690793633461,player-3,40,29,49,46,player-3,player-3
320,12,18,0.07033394649624825,player-1,45,33,50,48,player-4,player-1
320,13,17,0.07737497799098492,player-1,51,37,61,52,player-1,player-1
321,1,17,0.07379218004643917,player-3,0,10,9,6,player-3,player-3
321,2,22,0.05883281119167805,player-1,4,13,13,8,player-4,player-1
321,3,18,0.0647080596536398,player-2,6,17,15,14,player-1,player-2
321,4,18,0.06454205140471458,player-3,10,22,17,16,player-2,player-3
321,5,17,0.054416945204138756,player-3,13,24,22,21,player-3,player-3
321,6,21,0.08725002408027649,player-4,17,24,25,28,player-4,player-4
321,7,17,0.06225006654858589,player-1,34,28,37,31,player-1,player-1
321,8,17,0.07404200732707977,player-2,34,32,39,37,player-2,player-2
321,9,21,0.07483293302357197,player-3,35,32,47,40,player-3,player-3
321,10,17,0.0577499158680439,player-4,36,34,47,46,player-4,player-4
321,11,18,0.08237501606345177,player-2,40,41,51,50,player-1,player-2
321,12,17,0.06266613490879536,player-2,46,42,51,50,player-2,player-2
321,13,18,0.06033293902873993,player-4,46,45,55,57,player-3,player-4
322,1,17,0.0702498946338892,player-3,0,5,3,4,player-3,player-3
322,2,17,0.05762488581240177,player-4,0,11,8,5,player-4,player-4
322,3,17,0.07391697727143764,player-1,5,15,8,10,player-1,player-1
322,4,17,0.10283407755196095,player-2,15,18,13,11,player-2,player-2
322,5,17,0.06883288733661175,player-3,16,19,16,16,player-3,player-3
322,6,17,0.06450014188885689,player-4,17,21,21,18,player-4,player-4
322,7,21,0.07841619662940502,player-1,21,26,21,25,player-1,player-1
322,8,19,0.07258402183651924,player-4,24,28,22,37,player-2,player-4
322,9,18,0.11970917694270611,player-4,31,30,26,40,player-3,player-4
322,10,18,0.07191719487309456,player-1,39,31,29,40,player-4,player-1
322,11,17,0.07183291018009186,player-1,42,34,37,45,player-1,player-1
322,12,17,0.058582983911037445,player-2,42,45,37,53,player-2,player-2
322,13,17,0.058125006034970284,player-3,45,46,45,55,player-3,player-3
323,1,20,0.0590828713029623,player-1,6,1,1,0,player-2,player-1
323,2,17,0.06120791658759117,player-3,7,5,3,3,player-3,player-3
323,3,17,0.05170796066522598,player-4,10,7,4,4,player-4,player-4
323,4,20,0.09204214438796043,player-4,16,11,11,12,player-1,player-4
323,5,21,0.07275003008544445,player-2,21,19,14,18,player-2,player-2
323,6,18,0.05633290857076645,player-4,23,24,16,20,player-3,player-4
323,7,17,0.05408399738371372,player-4,24,24,18,21,player-4,player-4
323,8,19,0.06766617298126221,player-3,36,27,23,23,player-1,player-3
323,9,20,0.06462493911385536,player-1,39,31,27,25,player-2,player-1
323,10,17,0.06187497638165951,player-3,48,34,31,26,player-3,player-3
323,11,17,0.05875015631318092,player-4,50,41,31,31,player-4,player-4
323,12,17,0.053541967645287514,player-1,56,42,34,31,player-1,player-1
323,13,17,0.0613329466432333,player-2,61,46,37,33,player-2,player-2
323,14,18,0.07333303801715374,player-4,61,50,37,37,player-3,player-4
323,15,17,0.05483278073370457,player-4,61,52,37,42,player-4,player-4
323,16,17,0.0689169391989708,player-1,62,52,39,46,player-1,player-1
324,1,20,0.06800005212426186,player-1,8,2,1,8,player-2,player-1
324,2,18,0.05054217763245106,player-4,9,5,2,9,player-3,player-4
324,3,17,0.057582976296544075,player-4,10,12,5,12,player-4,player-4
324,4,17,0.06787502206861973,player-1,11,17,9,17,player-1,player-1
324,5,17,0.06162491627037525,player-2,18,21,10,21,player-2,player-2
324,6,17,0.05024997517466545,player-3,24,21,16,25,player-3,player-3
324,7,18,0.05070888437330723,player-1,30,22,16,29,player-4,player-1
324,8,19,0.05983305163681507,player-3,31,25,24,29,player-1,player-3
324,9,18,0.05837506614625454,player-3,40,30,34,32,player-2,player-3
324,10,17,0.07975008338689804,player-3,51,35,44,34,player-3,player-3
324,11,17,0.05483301356434822,player-4,52,36,47,38,player-4,player-4
324,12,17,0.07570907473564148,player-1,61,36,51,38,player-1,player-1
325,1,22,0.05625002086162567,none,1,4,1,4,player-3,none
325,2,17,0.07637497037649155,player-4,4,9,8,8,player-4,player-4
325,3,20,0.0764590222388506,player-4,9,15,15,15,player-1,player-4
325,4,17,0.06462493911385536,player-2,16,19,22,18,player-2,player-2
325,5,17,0.054833944886922836,player-3,16,26,26,18,player-3,player-3
325,6,17,0.07954216562211514,player-4,24,28,29,22,player-4,player-4
325,7,17,0.0740408431738615,player-1,31,36,29,33,player-1,player-1
325,8,17,0.06508291698992252,player-2,34,42,32,39,player-2,player-2
325,9,17,0.060999998822808266,player-3,35,45,32,43,player-3,player-3
325,10,17,0.0588749535381794,player-4,38,45,33,49,player-4,player-4
325,11,20,0.07283291779458523,player-4,44,47,40,58,player-1,player-4
326,1,18,0.0692091416567564,player-1,4,3,1,5,player-4,player-1
326,2,17,0.07391697727143764,player-1,12,5,3,10,player-1,player-1
326,3,17,0.05966704338788986,player-2,13,12,5,14,player-2,player-2
326,4,17,0.06962497718632221,player-3,23,18,9,15,player-3,player-3
326,5,20,0.06449990905821323,player-3,30,18,17,21,player-4,player-3
326,6,17,0.47450000420212746,player-1,38,26,17,24,player-1,player-1
326,7,20,0.07458310574293137,player-1,46,26,25,30,player-2,player-1
326,8,17,0.05204183980822563,player-3,48,27,31,31,player-3,player-3
326,9,19,0.06683287210762501,player-2,48,34,32,38,player-4,player-2
326,10,18,0.09349989704787731,player-2,51,43,35,48,player-1,player-2
326,11,17,0.07533282041549683,player-2,56,45,39,48,player-2,player-2
326,12,35,0.11787516996264458,player-1,58,47,39,57,player-3,player-1
327,1,18,0.05429214797914028,player-4,1,6,4,6,player-3,player-4
327,2,20,0.0664170365780592,player-3,3,8,12,8,player-4,player-3
327,3,18,0.06333389319479465,player-2,8,9,14,15,player-1,player-2
327,4,17,0.08041597902774811,player-2,8,18,21,15,player-2,player-2
327,5,17,0.05204183980822563,player-3,12,20,24,19,player-3,player-3
327,6,19,0.0797088723629713,player-2,18,29,30,21,player-4,player-2
327,7,18,0.06758305244147778,player-2,24,33,38,21,player-1,player-2
327,8,21,0.062125036492943764,player-2,26,38,41,23,player-2,player-2
327,9,17,0.058416975662112236,player-3,26,43,47,25,player-3,player-3
327,10,24,0.06874999962747097,none,26,49,49,30,player-4,none
327,11,17,0.07049995474517345,player-1,27,53,54,30,player-1,player-1
327,12,17,0.08095800876617432,player-2,29,55,54,35,player-2,player-2
327,13,18,0.055625103414058685,player-4,30,55,57,42,player-3,player-4
327,14,17,0.06975000724196434,player-4,32,61,66,47,player-4,player-4
328,1,18,0.054208096116781235,player-2,1,4,1,2,player-1,player-2
328,2,17,0.05937507376074791,player-2,7,6,1,8,player-2,player-2
328,3,24,0.06466591730713844,player-2,9,11,2,11,player-3,player-2
328,4,17,0.07462501525878906,player-4,12,14,6,18,player-4,player-4
328,5,24,0.06179208867251873,none,13,17,6,21,player-1,none
328,6,18,0.07029087282717228,player-3,20,19,11,23,player-2,player-3
328,7,19,0.07491698488593102,player-1,26,23,15,27,player-3,player-1
328,8,19,0.07675006054341793,player-2,29,34,17,31,player-4,player-2
328,9,17,0.07329205982387066,player-1,37,34,18,38,player-1,player-1
328,10,17,0.06199977360665798,player-2,39,39,22,39,player-2,player-2
328,11,17,0.04875008016824722,player-3,39,40,27,39,player-3,player-3
328,12,20,0.07162499241530895,player-3,47,44,31,51,player-4,player-3
328,13,18,0.062166014686226845,player-2,55,49,36,55,player-1,player-2
329,1,20,0.08345814421772957,player-4,1,2,0,4,player-1,player-4
329,2,17,0.055208103731274605,player-2,8,3,2,8,player-2,player-2
329,3,20,0.07383315823972225,player-2,11,19,9,13,player-3,player-2
329,4,17,0.05937507376074791,player-4,16,23,9,15,player-4,player-4
329,5,19,0.06383308209478855,player-3,18,26,13,15,player-1,player-3
329,6,17,0.06866711191833019,player-2,24,34,15,19,player-2,player-2
329,7,27,0.09337486699223518,player-1,25,36,24,25,player-3,player-1
329,8,21,0.06649992428719997,player-4,30,42,29,33,player-4,player-4
329,9,19,0.060582999140024185,player-3,30,45,30,36,player-1,player-3
329,10,18,0.06274995394051075,player-3,34,46,33,38,player-2,player-3
329,11,17,0.05487492308020592,player-3,37,46,36,38,player-3,player-3
329,12,17,0.06999983452260494,player-4,43,48,40,44,player-4,player-4
329,13,19,0.06312504410743713,player-3,43,58,44,47,player-1,player-3
330,1,19,0.07400009781122208,player-3,6,6,4,3,player-1,player-3
330,2,18,0.060582999140024185,player-3,6,8,9,16,player-2,player-3
330,3,20,0.06629200652241707,player-2,10,12,11,18,player-3,player-2
330,4,17,0.057584140449762344,player-4,10,17,14,26,player-4,player-4
330,5,24,0.06329198367893696,player-4,13,18,16,36,player-1,player-4
330,6,17,0.0666249543428421,player-2,13,21,16,43,player-2,player-2
330,7,18,0.07154210470616817,player-4,17,21,21,49,player-3,player-4
330,8,17,0.04470790736377239,player-4,18,25,21,54,player-4,player-4
330,9,17,0.06262492388486862,player-1,20,27,28,61,player-1,player-1
330,10,17,0.060208141803741455,player-2,27,31,34,64,player-2,player-2
330,11,17,0.06304099224507809,player-3,27,34,37,70,player-3,player-3
331,1,17,0.057167140766978264,player-1,5,3,2,6,player-1,player-1
331,2,17,0.07679197005927563,player-2,10,16,4,9,player-2,player-2
331,3,17,0.054541975259780884,player-3,12,22,9,15,player-3,player-3
331,4,21,0.06129196844995022,player-4,14,26,10,22,player-4,player-4
331,5,17,0.06429105997085571,player-1,21,26,18,26,player-1,player-1
331,6,18,0.07370812818408012,player-3,27,30,25,32,player-2,player-3
331,7,20,0.07033301517367363,player-2,29,35,28,34,player-3,player-2
331,8,20,0.08829194121062756,player-3,41,37,38,35,player-4,player-3
331,9,19,0.06625009700655937,player-3,47,41,43,39,player-1,player-3
331,10,18,0.06587500683963299,player-3,55,42,49,46,player-2,player-3
332,1,17,0.10237493552267551,player-3,2,3,5,0,player-3,player-3
332,2,17,0.060540856793522835,player-4,3,3,9,3,player-4,player-4
332,3,21,0.08437503129243851,player-1,17,6,14,9,player-1,player-1
332,4,20,0.08512497879564762,player-1,22,10,22,10,player-2,player-1
332,5,18,0.059750163927674294,player-4,24,14,22,16,player-3,player-4
332,6,19,0.05920883268117905,player-2,25,27,27,19,player-4,player-2
332,7,17,0.08216593414545059,player-1,30,31,27,20,player-1,player-1
332,8,18,0.07558311335742474,player-3,37,32,40,22,player-2,player-3
332,9,18,0.0671660527586937,player-4,42,33,41,28,player-3,player-4
332,10,17,0.06645801477134228,player-4,43,34,46,31,player-4,player-4
332,11,17,0.060542020946741104,player-1,47,36,46,34,player-1,player-1
332,12,18,0.0747081357985735,player-3,52,44,51,37,player-2,player-3
333,1,19,0.07808301597833633,player-4,3,4,2,3,player-2,player-4
333,2,18,0.07070810534060001,player-4,5,9,5,10,player-3,player-4
333,3,18,0.0699157826602459,player-1,15,11,15,13,player-4,player-1
333,4,17,0.07862504571676254,player-1,19,11,21,18,player-1,player-1
333,5,19,0.08866703137755394,player-4,27,16,24,26,player-2,player-4
333,6,17,0.058833975344896317,player-3,27,19,30,28,player-3,player-3
333,7,20,0.058499863371253014,player-3,29,23,35,34,player-4,player-3
333,8,17,0.05308398976922035,player-1,33,25,35,36,player-1,player-1
333,9,17,0.07012509740889072,player-2,36,28,37,39,player-2,player-2
333,10,17,0.04958314821124077,player-3,39,28,40,39,player-3,player-3
333,11,30,0.07412489503622055,none,41,28,42,42,player-4,none
333,12,17,0.051291193813085556,player-1,42,32,46,46,player-1,player-1
333,13,17,0.06374996155500412,player-2,42,39,46,52,player-2,player-2
333,14,18,0.08179200813174248,player-4,43,45,52,53,player-3,player-4
333,15,22,0.055625103414058685,none,43,47,52,53,player-4,none
334,1,17,0.06395787931978703,player-3,6,2,6,3,player-3,player-3
334,2,17,0.08229212835431099,player-4,8,9,15,5,player-4,player-4
334,3,19,0.06674998439848423,player-3,11,13,23,5,player-1,player-3
334,4,18,0.07166690193116665,player-3,18,14,32,8,player-2,player-3
334,5,18,0.06370805203914642,player-4,19,15,36,18,player-3,player-4
334,6,17,0.056040938943624496,player-4,19,18,36,19,player-4,player-4
334,7,17,0.06537488661706448,player-1,24,23,38,22,player-1,player-1
334,8,17,0.09541702456772327,player-2,26,30,51,32,player-2,player-2
334,9,18,0.07337494753301144,player-4,28,36,51,33,player-3,player-4
334,10,17,0.06129196844995022,player-4,31,45,62,36,player-4,player-4
334,11,17,0.050999922677874565,player-1,38,46,69,38,player-1,player-1
335,1,20,0.069082947447896,player-3,3,2,7,2,player-4,player-3
335,2,17,0.0577080063521862,player-1,11,4,8,3,player-1,player-1
335,3,18,0.05874992348253727,player-3,12,6,11,6,player-2,player-3
335,4,17,0.06700004450976849,player-3,20,7,14,6,player-3,player-3
335,5,18,0.05504186265170574,player-1,24,9,14,8,player-4,player-1
335,6,19,0.05420902743935585,player-3,25,10,22,9,player-1,player-3
335,7,19,0.07237493991851807,player-4,29,13,32,20,player-2,player-4
335,8,19,0.06929202936589718,player-1,32,14,38,20,player-3,player-1
335,9,17,0.05695805884897709,player-4,32,19,39,26,player-4,player-4
335,10,17,0.07495889440178871,player-1,35,24,48,30,player-1,player-1
335,11,21,0.06629107519984245,player-2,40,31,57,33,player-2,player-2
335,12,17,0.048625050112605095,none,46,34,65,38,player-3,none
336,1,17,0.06270897574722767,player-1,4,0,2,2,player-1,player-1
336,2,17,0.07245782762765884,player-2,12,3,2,4,player-2,player-2
336,3,20,0.1127920113503933,player-2,12,18,13,14,player-3,player-2
336,4,20,0.06520911119878292,player-3,12,18,17,16,player-4,player-3
336,5,17,0.07054186426103115,player-1,20,18,22,18,player-1,player-1
336,6,17,0.06545800715684891,player-2,23,27,29,21,player-2,player-2
336,7,18,0.06762496195733547,player-4,25,35,35,29,player-3,player-4
336,8,20,0.05970802158117294,player-3,27,37,40,29,player-4,player-3
336,9,18,0.05783280357718468,player-2,32,40,40,33,player-1,player-2
336,10,17,0.0691248569637537,player-2,33,47,41,35,player-2,player-2
336,11,18,0.06208405829966068,player-4,35,48,45,41,player-3,player-4
336,12,18,0.06045890040695667,player-1,38,59,47,46,player-4,player-1
337,1,17,0.05458388477563858,player-3,0,1,2,0,player-3,player-3
337,2,18,0.06587500683963299,player-1,3,11,7,6,player-4,player-1
337,3,17,0.07837498560547829,player-1,7,18,17,9,player-1,player-1
337,4,17,0.05895807407796383,player-2,11,19,17,9,player-2,player-2
337,5,17,0.07454212754964828,player-3,17,21,23,12,player-3,player-3
337,6,18,0.06962497718632221,player-1,21,28,23,16,player-4,player-1
337,7,17,0.06987480446696281,player-1,26,34,27,19,player-1,player-1
337,8,18,0.06524985656142235,player-3,28,40,35,23,player-2,player-3
337,9,17,0.06458302959799767,player-3,31,44,43,25,player-3,player-3
337,10,27,0.07029110565781593,player-2,32,49,46,31,player-4,player-2
337,11,23,0.0930421520024538,player-3,35,50,47,32,player-1,player-3
337,12,17,0.055625103414058685,player-2,36,53,48,35,player-2,player-2
337,13,18,0.0541668850928545,player-4,39,54,53,43,player-3,player-4
337,14,20,0.06425008177757263,player-3,39,62,56,47,player-4,player-3
338,1,17,0.050416914746165276,player-3,0,0,3,2,player-3,player-3
338,2,18,0.07070787250995636,player-1,3,3,5,4,player-4,player-1
338,3,20,0.04854192957282066,none,4,6,5,10,player-1,none
338,4,18,0.07075001485645771,player-3,6,10,10,13,player-2,player-3
338,5,17,0.0730000901967287,player-3,7,14,19,15,player-3,player-3
338,6,19,0.06299978122115135,player-2,11,27,22,18,player-4,player-2
338,7,18,0.05808286368846893,player-2,16,30,24,22,player-1,player-2
338,8,37,0.099916011095047,none,20,43,32,26,player-2,none
338,9,19,0.07195817306637764,player-1,21,46,32,31,player-3,player-1
338,10,17,0.06070896051824093,player-4,21,48,32,37,player-4,player-4
338,11,17,0.06833299994468689,player-1,24,49,37,41,player-1,player-1
338,12,17,0.05587493069469929,player-2,32,51,40,48,player-2,player-2
338,13,20,0.07599988020956516,player-2,40,58,44,51,player-3,player-2
339,1,18,0.0683339312672615,player-4,0,4,2,10,player-3,player-4
339,2,17,0.057333847507834435,player-4,2,7,6,14,player-4,player-4
339,3,18,0.06783311255276203,player-2,4,13,7,14,player-1,player-2
339,4,18,0.08950009942054749,player-3,9,15,21,19,player-2,player-3
339,5,17,0.05725002847611904,player-3,11,20,24,23,player-3,player-3
339,6,17,0.05037500523030758,player-4,15,25,24,28,player-4,player-4
339,7,17,0.06983312778174877,player-1,20,25,27,32,player-1,player-1
339,8,19,0.07087504491209984,player-4,20,30,35,38,player-2,player-4
339,9,17,0.05537504330277443,player-3,21,32,38,41,player-3,player-3
339,10,18,0.06687501445412636,player-1,25,35,43,45,player-4,player-1
339,11,18,0.06466684862971306,player-2,36,43,47,50,player-1,player-2
339,12,17,0.07241684943437576,player-2,39,50,48,52,player-2,player-2
340,1,17,0.053999945521354675,player-3,3,0,1,1,player-3,player-3
340,2,18,0.061041209846735,player-1,11,3,3,4,player-4,player-1
340,3,23,0.08983281441032887,player-3,15,14,13,6,player-1,player-3
340,4,17,0.07487507537007332,player-2,16,24,21,12,player-2,player-2
340,5,17,0.05858391523361206,player-3,16,26,25,12,player-3,player-3
340,6,19,0.05208305083215237,player-2,16,32,25,12,player-4,player-2
340,7,19,0.07358402945101261,player-3,18,34,32,18,player-1,player-3
340,8,18,0.052208080887794495,player-3,18,39,39,18,player-2,player-3
340,9,18,0.06895908154547215,player-4,18,42,40,26,player-3,player-4
340,10,17,0.06966688670217991,player-4,24,49,51,32,player-4,player-4
340,11,18,0.05674990825355053,player-2,28,52,55,36,player-1,player-2
340,12,17,0.050625065341591835,player-2,30,56,57,38,player-2,player-2
340,13,20,0.06004190072417259,player-2,33,59,59,42,player-3,player-2
341,1,19,0.055374810472130775,player-1,5,0,2,2,player-3,player-1
341,2,17,0.05745794624090195,player-4,5,4,10,7,player-4,player-4
341,3,17,0.0713749323040247,player-1,14,10,14,12,player-1,player-1
341,4,17,0.06937491707503796,player-2,18,25,20,12,player-2,player-2
341,5,20,0.0605839304625988,player-2,18,29,22,12,player-3,player-2
341,6,17,0.07308297790586948,player-4,30,32,37,14,player-4,player-4
341,7,17,0.057999975979328156,player-1,35,34,43,19,player-1,player-1
341,8,17,0.06366707384586334,player-2,38,36,45,20,player-2,player-2
341,9,17,0.05966611206531525,player-3,38,36,46,24,player-3,player-3
341,10,18,0.05574990063905716,player-1,41,38,50,28,player-4,player-1
341,11,19,0.06629200652241707,player-3,49,43,58,37,player-1,player-3
342,1,17,0.07208390161395073,player-4,6,2,3,6,player-4,player-4
342,2,17,0.058625126257538795,player-1,12,9,6,10,player-1,player-1
342,3,18,0.08379202336072922,player-3,13,13,17,10,player-2,player-3
342,4,19,0.10554096661508083,player-1,15,17,19,12,player-3,player-1
342,5,18,0.06979191675782204,player-1,21,20,20,16,player-4,player-1
342,6,17,0.07533305324614048,player-1,29,24,24,16,player-1,player-1
342,7,17,0.06904196925461292,player-2,34,38,34,20,player-2,player-2
342,8,19,0.055625103414058685,player-1,35,38,36,22,player-3,player-1
342,9,18,0.08145882748067379,player-1,38,40,38,25,player-4,player-1
342,10,18,0.06987503729760647,player-2,38,49,41,25,player-1,player-2
342,11,17,0.06858399137854576,player-2,38,54,45,32,player-2,player-2
342,12,18,0.06708293221890926,player-4,39,58,47,35,player-3,player-4
342,13,18,0.07125013507902622,player-1,49,59,50,41,player-4,player-1
343,1,18,0.07683387957513332,player-2,3,5,3,5,player-1,player-2
343,2,17,0.06804196164011955,player-2,4,13,3,7,player-2,player-2
343,3,20,0.08124997839331627,player-2,4,17,8,11,player-3,player-2
343,4,17,0.06108405068516731,player-4,7,18,11,15,player-4,player-4
343,5,17,0.08462485857307911,player-1,16,20,21,22,player-1,player-1
343,6,19,0.07874984294176102,player-4,22,38,21,28,player-2,player-4
343,7,19,0.057584140449762344,player-1,30,41,23,28,player-3,player-1
343,8,18,0.06962521001696587,player-1,35,43,28,33,player-4,player-1
343,9,18,0.05537504330277443,player-2,36,47,28,35,player-1,player-2
343,10,17,0.07179216481745243,player-2,41,53,30,35,player-2,player-2
343,11,19,0.09337486699223518,player-1,53,54,34,41,player-3,player-1
343,12,18,0.07095793262124062,player-1,61,55,39,42,player-4,player-1
344,1,18,0.05966704338788986,player-3,0,2,6,0,player-2,player-3
344,2,19,0.06949994713068008,player-1,7,7,10,2,player-3,player-1
344,3,17,0.054625095799565315,player-4,9,7,11,5,player-4,player-4
344,4,18,0.06354204379022121,player-2,13,18,11,5,player-1,player-2
344,5,17,0.06337487138807774,player-2,17,20,11,8,player-2,player-2
344,6,18,0.06712507456541061,player-4,26,20,18,10,player-3,player-4
344,7,26,0.07175002247095108,none,30,20,20,14,player-4,none
344,8,17,0.04891701973974705,player-1,37,20,20,14,player-1,player-1
344,9,18,0.07970910519361496,player-3,37,22,24,21,player-2,player-3
344,10,17,0.0641669612377882,player-3,46,24,28,24,player-3,player-3
344,11,18,0.06208289414644241,player-1,47,24,33,27,player-4,player-1
344,12,18,0.06574997678399086,player-2,51,34,35,31,player-1,player-2
344,13,17,0.056374818086624146,player-2,55,40,38,37,player-2,player-2
344,14,23,0.06429199129343033,player-1,60,41,40,37,player-3,player-1
345,1,17,0.06466684862971306,player-3,0,0,8,4,player-3,player-3
345,2,17,0.0765831209719181,player-4,7,4,13,8,player-4,player-4
345,3,17,0.10291696526110172,player-1,20,9,18,10,player-1,player-1
345,4,18,0.0777081586420536,player-3,23,11,19,12,player-2,player-3
345,5,22,0.0677499920129776,player-4,27,16,22,17,player-3,player-4
345,6,19,0.05791708827018738,player-2,30,19,22,19,player-4,player-2
345,7,18,0.05050003528594971,player-2,32,24,24,19,player-1,player-2
345,8,17,0.07141684181988239,player-2,38,26,28,20,player-2,player-2
345,9,17,0.07212487980723381,player-3,46,29,34,22,player-3,player-3
345,10,17,0.04874984733760357,player-4,47,31,35,28,player-4,player-4
345,11,17,0.055333832278847694,player-1,54,34,36,28,player-1,player-1
345,12,17,0.058999983593821526,player-2,57,36,43,28,player-2,player-2
346,1,17,0.07704203017055988,player-3,2,6,6,6,player-3,player-3
346,2,17,0.046416884288191795,player-4,3,6,9,9,player-4,player-4
346,3,19,0.07770792581140995,player-3,11,11,21,14,player-1,player-3
346,4,17,0.06433413363993168,player-2,22,15,28,23,player-2,player-2
346,5,17,0.05491613410413265,player-3,22,20,39,27,player-3,player-3
346,6,23,0.08162506856024265,player-2,25,31,42,31,player-4,player-2
346,7,17,0.06137508898973465,player-1,33,32,47,35,player-1,player-1
346,8,18,0.07770792581140995,player-3,41,36,48,40,player-2,player-3
346,9,17,0.062000006437301636,player-3,44,41,57,41,player-3,player-3
347,1,19,0.06987503729760647,player-3,6,0,5,4,player-1,player-3
347,2,17,0.06537488661706448,player-2,9,10,7,4,player-2,player-2
347,3,17,0.07737497799098492,player-3,12,12,13,7,player-3,player-3
347,4,17,0.05425000563263893,player-4,13,13,16,15,player-4,player-4
347,5,17,0.06187497638165951,player-1,15,20,18,18,player-1,player-1
347,6,17,0.058625126257538795,player-2,16,25,22,26,player-2,player-2
347,7,18,0.05633290857076645,player-4,21,27,22,30,player-3,player-4
347,8,17,0.08637504652142525,player-4,22,33,25,41,player-4,player-4
347,9,17,0.06383308209478855,player-1,28,39,26,47,player-1,player-1
347,10,17,0.06954185664653778,player-2,37,43,26,51,player-2,player-2
347,11,17,0.09087496437132359,player-3,37,48,34,57,player-3,player-3
348,1,18,0.0914169941097498,player-1,4,2,0,4,player-4,player-1
348,2,20,0.08079083636403084,player-4,9,7,1,8,player-1,player-4
348,3,17,0.07399986498057842,player-2,12,17,7,8,player-2,player-2
348,4,17,0.06312481127679348,player-3,14,22,11,13,player-3,player-3
348,5,17,0.07583294063806534,player-4,16,24,19,16,player-4,player-4
348,6,17,0.07458380423486233,player-1,22,25,23,18,player-1,player-1
348,7,17,0.06120791658759117,player-2,23,29,26,21,player-2,player-2
348,8,17,0.056833960115909576,player-3,29,32,34,22,player-3,player-3
348,9,18,0.06079208105802536,player-1,31,38,37,24,player-4,player-1
348,10,17,0.062333885580301285,player-1,39,38,40,31,player-1,player-1
348,11,18,0.06712484173476696,player-3,43,40,42,31,player-2,player-3
348,12,17,0.05512498319149017,player-3,45,47,46,31,player-3,player-3
348,13,17,0.05950010381639004,player-4,48,51,49,34,player-4,player-4
348,14,18,0.059165991842746735,player-2,54,52,53,39,player-1,player-2
349,1,17,0.05574990063905716,player-4,2,2,0,3,player-4,player-4
349,2,18,0.0724999699741602,player-2,7,7,8,4,player-1,player-2
349,3,18,0.0626659020781517,player-3,10,7,16,7,player-2,player-3
349,4,18,0.08841697126626968,player-4,14,11,21,19,player-3,player-4
349,5,17,0.06800005212426186,player-4,16,17,22,27,player-4,player-4
349,6,17,0.0563750509172678,player-1,24,17,23,30,player-1,player-1
349,7,17,0.05725002847611904,player-2,24,25,23,33,player-2,player-2
349,8,17,0.04929210990667343,player-3,24,28,24,35,player-3,player-3
349,9,18,0.06958283483982086,player-1,30,30,31,37,player-4,player-1
349,10,18,0.05095801316201687,player-2,33,33,32,41,player-1,player-2
349,11,20,0.05795806646347046,player-1,38,38,35,45,player-2,player-1
349,12,17,0.059167155995965004,player-3,40,41,43,48,player-3,player-3
349,13,19,0.0779579859226942,player-2,44,52,48,53,player-4,player-2
350,1,17,0.06316718645393848,player-2,2,9,0,0,player-2,player-2
350,2,17,0.060584163293242455,player-3,7,12,13,3,player-3,player-3
350,3,18,0.06583286449313164,player-1,21,16,19,10,player-4,player-1
350,4,17,0.0666249543428421,player-1,26,18,20,19,player-1,player-1
350,5,22,0.055958982557058334,none,29,20,21,20,player-2,none
350,6,21,0.0602498184889555,player-3,35,34,21,29,player-3,player-3
350,7,30,0.09412504732608795,player-1,48,39,23,29,player-4,player-1
350,8,21,0.07229088805615902,player-1,53,46,29,35,player-1,player-1
350,9,24,0.06991717964410782,none,54,47,29,39,player-2,none
350,10,13,0.03479095175862312,none,59,47,30,41,player-3,none
350,11,17,0.05879206582903862,player-4,61,49,33,47,player-4,player-4
350,12,18,0.05429214797914028,player-2,64,54,34,48,player-1,player-2
351,1,17,0.09312503971159458,player-2,4,6,3,1,player-2,player-2
351,2,17,0.07208297029137611,player-3,6,12,6,3,player-3,player-3
351,3,17,0.06866711191833019,player-4,13,12,13,7,player-4,player-4
351,4,20,0.08662487380206585,player-4,20,17,13,13,player-1,player-4
351,5,17,0.07870793342590332,player-2,26,23,15,18,player-2,player-2
351,6,18,0.05579204298555851,player-4,27,28,25,29,player-3,player-4
351,7,17,0.06129196844995022,player-4,29,35,28,31,player-4,player-4
351,8,17,0.05433405749499798,player-1,35,36,35,31,player-1,player-1
351,9,17,0.06374996155500412,player-2,37,44,38,37,player-2,player-2
351,10,17,0.05550007335841656,player-3,37,47,45,38,player-3,player-3
351,11,17,0.05429214797914028,player-4,43,49,45,41,player-4,player-4
351,12,17,0.05137501284480095,player-1,48,50,45,42,player-1,player-1
351,13,18,0.07520802319049835,player-3,51,50,52,47,player-2,player-3
352,1,17,0.06091711111366749,player-1,6,4,0,10,player-1,player-1
352,2,20,0.07220800034701824,player-1,16,6,8,15,player-2,player-1
352,3,19,0.059999991208314896,player-1,24,6,13,19,player-3,player-1
352,4,17,0.0719169620424509,player-4,27,11,17,22,player-4,player-4
352,5,17,0.07516704499721527,player-1,33,14,21,23,player-1,player-1
352,6,19,0.06904196925461292,player-4,35,15,26,28,player-2,player-4
352,7,20,0.061125028878450394,player-2,37,22,32,31,player-3,player-2
352,8,18,0.07083290256559849,player-1,50,26,39,39,player-4,player-1
352,9,20,0.1116669736802578,player-4,52,27,39,44,player-1,player-4
352,10,19,0.10037492029368877,player-4,63,30,43,48,player-2,player-4
353,1,20,0.07808301597833633,player-4,1,6,3,3,player-1,player-4
353,2,20,0.0800001434981823,player-1,10,11,10,3,player-2,player-1
353,3,17,0.05233404226601124,player-3,11,13,16,3,player-3,player-3
353,4,19,0.08704187348484993,player-2,21,17,18,4,player-4,player-2
353,5,19,0.05533290095627308,player-3,23,17,26,6,player-1,player-3
353,6,18,0.061208149418234825,player-3,23,21,30,14,player-2,player-3
353,7,17,0.0789170153439045,player-3,29,27,37,14,player-3,player-3
353,8,18,0.06808293983340263,player-1,41,27,40,14,player-4,player-1
353,9,17,0.07016584277153015,player-1,49,27,45,17,player-1,player-1
353,10,18,0.09287497960031033,player-3,56,30,55,19,player-2,player-3
354,1,17,0.08233403787016869,player-4,4,6,5,4,player-4,player-4
354,2,17,0.0791249331086874,player-1,13,10,7,7,player-1,player-1
354,3,17,0.06700004450976849,player-2,17,18,9,13,player-2,player-2
354,4,20,0.06762496195733547,player-2,17,30,16,17,player-3,player-2
354,5,19,0.10904180817306042,player-2,27,33,19,19,player-4,player-2
354,6,19,0.07316702976822853,player-3,28,41,28,19,player-1,player-3
354,7,17,0.0624579843133688,player-2,28,42,34,21,player-2,player-2
354,8,17,0.059999991208314896,player-3,33,45,46,24,player-3,player-3
354,9,18,0.06445799954235554,player-1,39,45,56,25,player-4,player-1
354,10,18,0.07562502287328243,player-2,44,51,57,25,player-1,player-2
355,1,17,0.06316602230072021,player-3,1,2,4,2,player-3,player-3
355,2,20,0.0813750084489584,player-3,5,11,16,7,player-4,player-3
355,3,17,0.06233295425772667,player-1,11,15,18,12,player-1,player-1
355,4,17,0.05512498319149017,player-2,14,19,20,16,player-2,player-2
355,5,19,0.0857918057590723,player-1,22,22,24,16,player-3,player-1
355,6,19,0.06766710430383682,player-2,24,25,24,19,player-4,player-2
355,7,20,0.0675420742481947,player-4,28,25,30,27,player-1,player-4
355,8,17,0.05837506614625454,player-2,34,31,33,31,player-2,player-2
355,9,17,0.07241708226501942,player-3,43,37,39,34,player-3,player-3
355,10,17,0.0753339845687151,player-4,50,48,44,45,player-4,player-4
355,11,17,0.05904096178710461,player-1,56,53,47,50,player-1,player-1
356,1,18,0.08112494833767414,player-4,3,4,2,6,player-3,player-4
356,2,18,0.06066611967980862,player-1,7,6,5,8,player-4,player-1
356,3,17,0.0949581153690815,player-1,10,7,5,12,player-1,player-1
356,4,18,0.06395811215043068,player-3,10,13,8,17,player-2,player-3
356,5,25,0.065250089392066,none,12,17,11,18,player-3,none
356,6,18,0.0696659553796053,player-1,22,17,14,19,player-4,player-1
356,7,17,0.05150004290044308,player-1,26,17,16,22,player-1,player-1
356,8,20,0.07829209789633751,player-1,37,33,25,30,player-2,player-1
356,9,17,0.06900005973875523,player-3,43,39,30,30,player-3,player-3
356,10,17,0.0705840066075325,player-4,49,45,32,36,player-4,player-4
356,11,17,0.07129181176424026,player-1,53,47,35,41,player-1,player-1
356,12,17,0.07675006054341793,player-2,57,52,40,44,player-2,player-2
356,13,17,0.07433304563164711,player-3,61,55,48,50,player-3,player-3
357,1,17,0.08975015953183174,player-3,4,1,3,3,player-3,player-3
357,2,17,0.05266699008643627,player-4,4,2,8,6,player-4,player-4
357,3,17,0.061125028878450394,player-1,18,9,19,12,player-1,player-1
357,4,18,0.060791149735450745,player-3,22,14,21,14,player-2,player-3
357,5,17,0.05937507376074791,player-3,24,17,29,15,player-3,player-3
357,6,17,0.05862489342689514,player-4,28,17,33,19,player-4,player-4
357,7,20,0.07675006054341793,player-4,39,21,49,26,player-1,player-4
357,8,19,0.061125028878450394,player-4,42,21,58,38,player-2,player-4
358,1,18,0.060791848227381706,player-4,5,5,4,4,player-3,player-4
358,2,18,0.06541702896356583,player-1,7,9,7,4,player-4,player-1
358,3,17,0.08558295667171478,player-1,17,11,9,5,player-1,player-1
358,4,18,0.06737490184605122,player-3,20,17,12,9,player-2,player-3
358,5,18,0.0577080063521862,player-4,24,19,13,14,player-3,player-4
358,6,24,0.07229112088680267,none,26,23,13,16,player-4,none
358,7,18,0.07229112088680267,player-2,28,29,16,28,player-1,player-2
358,8,17,0.06425008177757263,player-2,30,31,17,30,player-2,player-2
358,9,17,0.06629200652241707,player-3,32,33,18,35,player-3,player-3
358,10,18,0.054541975259780884,player-1,35,34,20,36,player-4,player-1
358,11,17,0.05474989302456379,player-1,46,40,22,36,player-1,player-1
358,12,18,0.06729201413691044,player-3,48,43,25,39,player-2,player-3
358,13,17,0.07358402945101261,player-3,55,45,27,46,player-3,player-3
358,14,17,0.07575005292892456,player-4,60,50,33,48,player-4,player-4
358,15,17,0.07612491026520729,player-1,73,56,33,50,player-1,player-1
359,1,17,0.059999991208314896,player-3,3,2,6,3,player-3,player-3
359,2,17,0.06208382546901703,player-4,3,4,10,12,player-4,player-4
359,3,19,0.05679205060005188,player-3,5,5,10,13,player-1,player-3
359,4,18,0.06979191675782204,player-3,15,6,18,17,player-2,player-3
359,5,17,0.06062490865588188,player-3,18,9,25,18,player-3,player-3
359,6,18,0.07170811295509338,player-1,24,9,26,19,player-4,player-1
359,7,17,0.05825003609061241,player-1,25,10,32,22,player-1,player-1
359,8,19,0.06187497638165951,player-4,27,16,37,23,player-2,player-4
359,9,23,0.07691700011491776,player-1,30,17,42,25,player-3,player-1
359,10,17,0.0727921724319458,player-4,35,25,42,30,player-4,player-4
359,11,19,0.06350013427436352,player-3,48,25,46,37,player-1,player-3
359,12,17,0.059959013015031815,player-2,51,31,47,40,player-2,player-2
359,13,20,0.059125013649463654,player-2,52,36,49,42,player-3,player-2
360,1,17,0.0702079851180315,player-1,6,2,2,1,player-1,player-1
360,2,18,0.06466708146035671,player-3,8,3,13,3,player-2,player-3
360,3,17,0.06458302959799767,player-3,10,11,18,6,player-3,player-3
360,4,17,0.06391690112650394,player-4,11,13,19,17,player-4,player-4
360,5,17,0.06879097782075405,player-1,23,23,19,21,player-1,player-1
360,6,19,0.06500002928078175,player-4,24,27,22,33,player-2,player-4
360,7,18,0.06233295425772667,player-4,24,32,26,39,player-3,player-4
360,8,20,0.06854184903204441,player-3,29,32,30,41,player-4,player-3
360,9,19,0.06216694600880146,player-3,32,37,33,48,player-1,player-3
360,10,18,0.060499878600239754,player-3,39,41,42,48,player-2,player-3
360,11,17,0.0666668638586998,player-3,44,41,48,49,player-3,player-3
360,12,18,0.06704102270305157,player-1,46,45,50,56,player-4,player-1
361,1,17,0.056666089221835136,player-3,3,5,3,0,player-3,player-3
361,2,17,0.04991702735424042,player-4,4,5,9,4,player-4,player-4
361,3,17,0.06858282722532749,player-1,8,8,13,10,player-1,player-1
361,4,18,0.069458968937397,player-3,9,12,17,19,player-2,player-3
361,5,17,0.06066611967980862,player-3,9,18,21,27,player-3,player-3
361,6,18,0.05950010381639004,player-1,15,21,32,27,player-4,player-1
361,7,18,0.06945803761482239,player-2,16,29,35,29,player-1,player-2
361,8,17,0.07150019519031048,player-2,18,29,38,40,player-2,player-2
361,9,17,0.06354204379022121,player-3,21,34,45,41,player-3,player-3
361,10,17,0.06262515671551228,player-4,22,40,47,45,player-4,player-4
361,11,20,0.0664170365780592,player-4,24,40,49,49,player-1,player-4
361,12,17,0.062125036492943764,player-2,26,46,53,51,player-2,player-2
361,13,17,0.07120799273252487,player-3,32,46,61,54,player-3,player-3
362,1,17,0.06004096940159798,player-4,3,8,6,9,player-4,player-4
362,2,18,0.05395803600549698,player-2,4,19,7,11,player-1,player-2
362,3,17,0.06329105235636234,player-2,8,24,11,13,player-2,player-2
362,4,17,0.07241708226501942,player-3,14,27,15,21,player-3,player-3
362,5,17,0.05554105155169964,player-4,17,38,19,22,player-4,player-4
362,6,17,0.06174994632601738,player-1,29,39,27,25,player-1,player-1
362,7,17,0.06579211913049221,player-2,34,49,31,25,player-2,player-2
362,8,28,0.08837506175041199,player-2,42,54,36,28,player-3,player-2
362,9,17,0.05341717042028904,player-4,43,54,40,33,player-4,player-4
362,10,17,0.05791592411696911,player-1,48,55,42,33,player-1,player-1
362,11,18,0.06166682578623295,player-3,50,58,49,38,player-2,player-3
362,12,17,0.056208111345767975,player-3,53,58,52,43,player-3,player-3
363,1,18,0.0699581578373909,player-3,5,11,6,11,player-2,player-3
363,2,17,0.05074986256659031,player-3,6,11,13,14,player-3,player-3
363,3,17,0.07270905189216137,player-4,6,14,15,17,player-4,player-4
363,4,27,0.09433412924408913,player-3,12,14,21,21,player-1,player-3
363,5,17,0.06379210390150547,player-2,25,19,27,28,player-2,player-2
363,6,17,0.06033293902873993,player-3,26,23,31,31,player-3,player-3
363,7,17,0.06400002166628838,player-4,30,31,31,33,player-4,player-4
363,8,18,0.09954208508133888,player-2,33,35,33,35,player-1,player-2
363,9,18,0.0754999928176403,player-3,35,45,38,38,player-2,player-3
363,10,17,0.05124998278915882,player-3,35,48,40,38,player-3,player-3
363,11,18,0.09374995715916157,player-1,37,49,40,39,player-4,player-1
363,12,19,0.08099991828203201,player-3,37,55,45,39,player-1,player-3
363,13,18,0.06583309732377529,player-3,51,57,52,39,player-2,player-3
364,1,21,0.08612498641014099,player-3,0,4,8,5,player-3,player-3
364,2,18,0.0502078328281641,player-1,2,11,12,10,player-4,player-1
364,3,19,0.07899990305304527,player-3,5,12,14,10,player-1,player-3
364,4,19,0.06670807488262653,player-4,7,18,16,18,player-2,player-4
364,5,17,0.05933293141424656,player-3,9,22,19,18,player-3,player-3
364,6,17,0.08625001646578312,player-4,16,24,24,26,player-4,player-4
364,7,17,0.06654206663370132,player-1,23,28,27,30,player-1,player-1
364,8,17,0.08008303120732307,player-2,33,38,27,30,player-2,player-2
364,9,19,0.0635830219835043,player-1,33,38,32,34,player-3,player-1
364,10,20,0.08091609925031662,player-3,43,43,40,43,player-4,player-3
364,11,28,0.08066697046160698,none,46,44,42,51,player-1,none
364,12,18,0.08633313700556755,player-3,46,45,49,55,player-2,player-3
365,1,17,0.06749993190169334,player-1,4,2,8,4,player-1,player-1
365,2,17,0.06424984894692898,player-2,6,8,14,9,player-2,player-2
365,3,17,0.062125036492943764,player-3,12,14,23,13,player-3,player-3
365,4,19,0.07291696965694427,player-2,18,24,30,17,player-4,player-2
365,5,24,0.07950002327561378,none,21,24,32,19,player-1,none
365,6,17,0.07129204459488392,player-2,23,29,33,19,player-2,player-2
365,7,19,0.06508314982056618,player-1,25,32,33,19,player-3,player-1
365,8,17,0.07833307608962059,player-4,27,32,39,21,player-4,player-4
365,9,26,0.07958291098475456,player-2,29,38,39,22,player-1,player-2
365,10,17,0.06724987179040909,player-2,35,54,42,27,player-2,player-2
365,11,17,0.05483301356434822,player-3,37,54,51,27,player-3,player-3
365,12,18,0.06429199129343033,player-1,43,58,51,30,player-4,player-1
365,13,17,0.060125021263957024,player-1,45,58,53,34,player-1,player-1
365,14,17,0.07433304563164711,player-2,48,61,53,40,player-2,player-2
366,1,21,0.06462493911385536,player-1,1,0,8,4,player-1,player-1
366,2,17,0.04979199729859829,player-2,1,1,10,5,player-2,player-2
366,3,17,0.0541668850928545,player-3,3,8,15,10,player-3,player-3
366,4,17,0.065250089392066,player-4,5,11,17,19,player-4,player-4
366,5,19,0.06162491627037525,player-3,10,12,21,23,player-1,player-3
366,6,17,0.07183291018009186,player-2,16,18,23,31,player-2,player-2
366,7,18,0.06741704419255257,player-4,23,18,25,38,player-3,player-4
366,8,17,0.0627920962870121,player-4,29,18,33,44,player-4,player-4
366,9,25,0.087750144302845,none,29,22,36,53,player-1,none
366,10,18,0.0535410363227129,player-3,32,23,38,56,player-2,player-3
366,11,17,0.04612491466104984,player-3,34,25,43,58,player-3,player-3
366,12,17,0.0844169408082962,player-4,39,26,46,66,player-4,player-4
366,13,18,0.05295802839100361,player-2,42,29,51,67,player-1,player-2
366,14,17,0.07349997758865356,player-2,48,38,55,72,player-2,player-2
367,1,17,0.06154109723865986,player-1,6,1,1,0,player-1,player-1
367,2,17,0.05337502807378769,player-2,7,4,8,4,player-2,player-2
367,3,17,0.06062490865588188,player-3,8,11,9,4,player-3,player-3
367,4,17,0.06391596980392933,player-4,14,12,13,6,player-4,player-4
367,5,17,0.07854215800762177,player-1,16,14,19,10,player-1,player-1
367,6,17,0.06070802919566631,player-2,20,24,24,10,player-2,player-2
367,7,17,0.05533313378691673,player-3,20,27,29,12,player-3,player-3
367,8,18,0.06083305925130844,player-1,20,35,34,19,player-4,player-1
367,9,17,0.0691248569637537,player-1,30,37,40,21,player-1,player-1
367,10,18,0.0719169620424509,player-3,32,39,50,23,player-2,player-3
367,11,17,0.0797088723629713,player-3,34,42,58,29,player-3,player-3
367,12,29,0.06287498399615288,none,34,42,65,34,player-4,none
367,13,17,0.05091587081551552,player-1,40,46,65,37,player-1,player-1
368,1,17,0.08337502367794514,player-4,1,5,0,9,player-4,player-4
368,2,17,0.06941612809896469,player-1,5,8,2,9,player-1,player-1
368,3,19,0.04966580308973789,none,5,9,5,10,player-2,none
368,4,17,0.058584148064255714,player-3,7,13,11,10,player-3,player-3
368,5,17,0.04891701973974705,player-4,11,15,18,13,player-4,player-4
368,6,20,0.05579204298555851,player-4,12,17,23,19,player-1,player-4
368,7,18,0.07154187187552452,player-3,17,24,32,21,player-2,player-3
368,8,18,0.0802080612629652,player-4,23,26,41,27,player-3,player-4
368,9,18,0.05687493830919266,player-1,26,29,44,32,player-4,player-1
368,10,17,0.04533305764198303,player-1,28,31,47,37,player-1,player-1
368,11,18,0.06487499922513962,player-3,31,32,49,49,player-2,player-3
368,12,17,0.0485831405967474,player-3,35,32,52,54,player-3,player-3
368,13,18,0.057666096836328506,player-1,41,32,58,59,player-4,player-1
368,14,21,0.06941682659089565,player-1,51,37,60,60,player-1,player-1
369,1,18,0.07354188710451126,player-1,10,0,6,3,player-4,player-1
369,2,17,0.0613329466432333,player-1,14,3,11,5,player-1,player-1
369,3,22,0.0711251050233841,player-3,20,4,20,12,player-2,player-3
369,4,17,0.06945803761482239,player-3,23,7,29,18,player-3,player-3
369,5,19,0.06512505933642387,player-2,26,10,35,20,player-4,player-2
369,6,18,0.06366707384586334,player-2,32,17,43,24,player-1,player-2
369,7,20,0.06954208947718143,player-1,40,23,45,31,player-2,player-1
369,8,21,0.06949994713068008,player-3,41,26,50,31,player-3,player-3
369,9,18,0.07158308289945126,player-1,43,30,53,32,player-4,player-1
369,10,18,0.048083020374178886,player-2,46,30,54,33,player-1,player-2
370,1,18,0.0652919989079237,player-3,4,2,4,3,player-2,player-3
370,2,20,0.09170896373689175,player-2,6,9,5,8,player-3,player-2
370,3,17,0.05470821633934975,player-4,7,9,7,15,player-4,player-4
370,4,18,0.07995800115168095,player-2,12,10,13,16,player-1,player-2
370,5,19,0.06320886313915253,player-4,14,14,15,19,player-2,player-4
370,6,17,0.06479211151599884,player-3,15,16,16,22,player-3,player-3
370,7,18,0.06574997678399086,player-1,16,19,24,24,player-4,player-1
370,8,17,0.05862489342689514,player-1,20,19,26,26,player-1,player-1
370,9,18,0.07616705261170864,player-3,24,23,34,28,player-2,player-3
370,10,20,0.06325007416307926,player-2,27,31,35,32,player-3,player-2
370,11,17,0.08704094216227531,player-4,32,33,39,35,player-4,player-4
370,12,18,0.0605839304625988,player-2,37,36,42,38,player-1,player-2
370,13,17,0.05720788612961769,player-2,42,41,46,39,player-2,player-2
370,14,17,0.062125036492943764,player-3,47,43,50,40,player-3,player-3
370,15,22,0.07704109884798527,none,49,46,50,42,player-4,none
370,16,18,0.0685409177094698,player-2,53,53,55,49,player-1,player-2
371,1,18,0.05570799112319946,player-4,3,5,3,3,player-3,player-4
371,2,17,0.06758398376405239,player-4,4,10,3,9,player-4,player-4
371,3,17,0.06725010462105274,player-1,14,11,5,10,player-1,player-1
371,4,17,0.07987488061189651,player-2,17,22,5,19,player-2,player-2
371,5,17,0.05566701292991638,player-3,22,25,13,21,player-3,player-3
371,6,17,0.057042110711336136,player-4,25,25,17,22,player-4,player-4
371,7,23,0.0879999715834856,player-3,27,33,17,25,player-1,player-3
371,8,17,0.0700000673532486,player-2,28,42,20,33,player-2,player-2
371,9,17,0.06033293902873993,player-3,31,44,25,33,player-3,player-3
371,10,20,0.0649159774184227,player-3,35,44,32,33,player-4,player-3
371,11,17,0.050916802138090134,player-1,37,47,36,42,player-1,player-1
371,12,18,0.062499893829226494,player-3,38,48,39,47,player-2,player-3
371,13,19,0.060957856476306915,player-1,40,50,39,48,player-3,player-1
371,14,19,0.0738329254090786,player-2,41,56,45,52,player-4,player-2
372,1,17,0.07324991747736931,player-2,1,5,0,7,player-2,player-2
372,2,18,0.06170803681015968,player-4,5,5,4,13,player-3,player-4
372,3,19,0.08191587403416634,player-2,12,6,11,17,player-4,player-2
372,4,18,0.057499855756759644,player-2,12,8,11,20,player-1,player-2
372,5,17,0.058791832998394966,player-2,13,14,14,25,player-2,player-2
372,6,17,0.059416983276605606,player-3,19,17,19,26,player-3,player-3
372,7,17,0.06508314982056618,player-4,22,19,26,26,player-4,player-4
372,8,18,0.0688750296831131,player-2,24,22,30,29,player-1,player-2
372,9,17,0.06025005131959915,player-2,26,30,33,32,player-2,player-2
372,10,17,0.05783303640782833,player-3,27,33,34,32,player-3,player-3
372,11,17,0.059499870985746384,player-4,30,37,38,37,player-4,player-4
372,12,18,0.04879222251474857,player-2,32,42,38,39,player-1,player-2
372,13,23,0.06270804442465305,player-4,38,42,44,42,player-2,player-4
372,14,18,0.056374818086624146,player-4,38,45,48,46,player-3,player-4
372,15,22,0.07208413444459438,player-1,42,46,53,52,player-4,player-1
372,16,18,0.08208397775888443,player-2,44,52,56,55,player-1,player-2
373,1,19,0.08970801718533039,player-3,5,2,5,4,player-1,player-3
373,2,20,0.0918328296393156,player-1,5,5,7,9,player-2,player-1
373,3,17,0.06262492388486862,player-3,7,9,12,9,player-3,player-3
373,4,22,0.12229196727275848,player-1,13,12,15,15,player-4,player-1
373,5,17,0.05641602911055088,player-1,17,13,16,18,player-1,player-1
373,6,20,0.07116701453924179,player-1,26,18,17,24,player-2,player-1
373,7,17,0.05862489342689514,player-3,26,23,23,26,player-3,player-3
373,8,17,0.04962482489645481,player-4,29,25,28,31,player-4,player-4
373,9,17,0.05974993109703064,player-1,33,28,32,35,player-1,player-1
373,10,17,0.07079099304974079,player-2,36,45,34,43,player-2,player-2
373,11,19,0.06162491627037525,player-1,41,48,35,45,player-3,player-1
373,12,20,0.05508284084498882,none,42,49,36,46,player-4,none
373,13,19,0.07524993270635605,player-3,48,55,44,49,player-1,player-3
374,1,17,0.08204183541238308,player-2,6,3,6,3,player-2,player-2
374,2,17,0.08512497879564762,player-3,16,4,15,5,player-3,player-3
374,3,18,0.06166612729430199,player-1,20,4,15,6,player-4,player-1
374,4,18,0.06354204379022121,player-2,24,4,17,10,player-1,player-2
374,5,17,0.06583286449313164,player-2,33,8,19,12,player-2,player-2
374,6,24,0.06804103031754494,player-2,38,17,19,18,player-3,player-2
374,7,17,0.07958314381539822,player-4,39,22,21,25,player-4,player-4
374,8,17,0.05891593173146248,player-1,40,22,30,32,player-1,player-1
374,9,19,0.06025005131959915,player-4,41,24,33,34,player-2,player-4
374,10,17,0.06183283403515816,player-3,49,26,38,39,player-3,player-3
374,11,17,0.0535410363227129,player-4,49,29,38,48,player-4,player-4
374,12,17,0.06083305925130844,player-1,59,31,40,48,player-1,player-1
374,13,22,0.07029203698039055,player-3,63,34,46,49,player-2,player-3
375,1,19,0.08712499402463436,player-3,4,2,6,1,player-1,player-3
375,2,30,0.08229189552366734,player-3,6,6,11,2,player-2,player-3
375,3,17,0.06362493149936199,player-3,7,10,14,7,player-3,player-3
375,4,17,0.06437511183321476,player-4,7,15,20,11,player-4,player-4
375,5,18,0.05850009620189667,player-2,10,15,20,16,player-1,player-2
375,6,20,0.08404208347201347,player-1,12,20,24,18,player-2,player-1
375,7,17,0.06929202936589718,player-3,17,20,33,20,player-3,player-3
375,8,18,0.05983398295938969,player-1,18,22,33,21,player-4,player-1
375,9,18,0.06233295425772667,player-2,21,36,36,24,player-1,player-2
375,10,20,0.0641250517219305,player-1,31,36,39,26,player-2,player-1
375,11,17,0.0742089468985796,player-3,34,39,44,31,player-3,player-3
375,12,18,0.06479094736278057,player-1,36,42,48,41,player-4,player-1
375,13,17,0.05141599103808403,player-1,42,42,55,42,player-1,player-1
375,14,17,0.052666058763861656,player-2,45,47,58,44,player-2,player-2
376,1,18,0.06791693158447742,player-2,4,3,3,3,player-1,player-2
376,2,17,0.05983398295938969,player-2,10,9,5,4,player-2,player-2
376,3,17,0.05433405749499798,player-3,14,10,10,6,player-3,player-3
376,4,17,0.05570799112319946,player-4,16,13,15,10,player-4,player-4
376,5,20,0.07433420978486538,player-4,23,14,18,16,player-1,player-4
376,6,20,0.07312488742172718,player-1,26,17,18,23,player-2,player-1
376,7,26,0.07349997758865356,player-4,28,18,18,33,player-3,player-4
376,8,19,0.07170788012444973,player-2,32,28,18,34,player-4,player-2
376,9,21,0.06654183380305767,player-1,38,28,24,37,player-1,player-1
376,10,19,0.07070903666317463,player-4,44,30,29,39,player-2,player-4
376,11,17,0.06145890802145004,player-3,46,34,33,39,player-3,player-3
376,12,17,0.05670893006026745,player-4,55,34,34,48,player-4,player-4
376,13,17,0.06333389319479465,player-1,57,40,42,51,player-1,player-1
376,14,17,0.05608284845948219,player-2,58,40,42,56,player-2,player-2
377,1,17,0.06954185664653778,player-2,2,10,2,5,player-2,player-2
377,2,18,0.05233287811279297,player-4,4,12,4,5,player-3,player-4
377,3,27,0.08754199370741844,none,10,12,9,17,player-4,none
377,4,19,0.06370898336172104,player-3,16,12,11,23,player-1,player-3
377,5,17,0.059165991842746735,player-2,19,18,11,23,player-2,player-2
377,6,18,0.06920797750353813,player-4,23,19,13,33,player-3,player-4
377,7,17,0.06233295425772667,player-4,28,21,19,42,player-4,player-4
377,8,17,0.05870894528925419,player-1,30,23,22,52,player-1,player-1
377,9,17,0.04758313298225403,player-2,34,25,24,60,player-2,player-2
377,10,17,0.07566600106656551,player-3,39,25,26,64,player-3,player-3
377,11,19,0.06541702896356583,player-2,40,35,34,66,player-4,player-2
378,1,18,0.07270881906151772,player-4,0,3,0,4,player-3,player-4
378,2,17,0.0760830007493496,player-4,0,12,7,12,player-4,player-4
378,3,17,0.05324999801814556,player-1,2,12,7,14,player-1,player-1
378,4,17,0.08749985136091709,player-2,8,17,11,22,player-2,player-2
378,5,18,0.06645801477134228,player-4,8,22,13,24,player-3,player-4
378,6,17,0.06404099985957146,player-4,10,24,14,26,player-4,player-4
378,7,18,0.06450014188885689,player-2,12,31,17,32,player-1,player-2
378,8,17,0.06654183380305767,player-2,19,39,17,40,player-2,player-2
378,9,17,0.05925004370510578,player-3,20,41,21,40,player-3,player-3
378,10,24,0.08537503890693188,player-3,24,42,24,43,player-4,player-3
378,11,18,0.056957826018333435,player-2,26,48,24,47,player-1,player-2
378,12,17,0.0643748790025711,player-2,30,54,34,52,player-2,player-2
379,1,17,0.06820890121161938,player-4,1,1,0,4,player-4,player-4
379,2,23,0.07162499241530895,player-3,1,4,1,5,player-1,player-3
379,3,17,0.057165976613759995,player-2,2,8,3,5,player-2,player-2
379,4,18,0.06037508137524128,player-4,6,11,5,11,player-3,player-4
379,5,19,0.08854200132191181,player-2,16,14,14,18,player-4,player-2
379,6,17,0.06295903585851192,player-1,20,19,14,21,player-1,player-1
379,7,19,0.08258409798145294,player-4,21,20,18,23,player-2,player-4
379,8,17,0.05433312617242336,player-3,24,20,22,24,player-3,player-3
379,9,17,0.0552500132471323,player-4,27,23,22,28,player-4,player-4
379,10,17,0.06570783443748951,player-1,37,28,22,32,player-1,player-1
379,11,17,0.05658320151269436,player-2,39,35,25,32,player-2,player-2
379,12,17,0.06929202936589718,player-3,45,41,33,35,player-3,player-3
379,13,19,0.07345806807279587,player-2,51,44,39,35,player-4,player-2
379,14,18,0.07229112088680267,player-2,60,52,48,37,player-1,player-2
380,1,18,0.06583309732377529,player-1,1,0,6,3,player-4,player-1
380,2,19,0.08429214358329773,player-3,5,4,11,6,player-1,player-3
380,3,21,0.08116709068417549,player-2,10,9,12,11,player-2,player-2
380,4,17,0.071333022788167,player-3,15,11,16,11,player-3,player-3
380,5,18,0.049957772716879845,player-1,18,12,16,12,player-4,player-1
380,6,20,0.060208141803741455,player-4,19,14,17,19,player-1,player-4
380,7,17,0.06904103793203831,player-2,20,18,21,20,player-2,player-2
380,8,17,0.06537488661706448,player-3,21,23,24,22,player-3,player-3
380,9,17,0.05870894528925419,player-4,23,28,24,22,player-4,player-4
380,10,17,0.055208103731274605,player-1,27,32,24,22,player-1,player-1
380,11,22,0.07070903666317463,player-3,33,37,29,23,player-2,player-3
380,12,17,0.06516603752970695,player-3,37,40,35,26,player-3,player-3
380,13,17,0.05845888517796993,player-4,37,47,37,35,player-4,player-4
380,14,17,0.0691248569637537,player-1,40,49,42,36,player-1,player-1
380,15,17,0.06224983371794224,player-2,43,54,42,47,player-2,player-2
381,1,18,0.06783311255276203,player-4,3,9,2,0,player-3,player-4
381,2,17,0.06595905870199203,player-4,3,14,11,5,player-4,player-4
381,3,18,0.07229205220937729,player-2,4,17,16,11,player-1,player-2
381,4,17,0.0677919015288353,player-2,8,24,17,14,player-2,player-2
381,5,18,0.05862489342689514,player-4,12,29,22,19,player-3,player-4
381,6,17,0.06516696885228157,player-4,13,29,25,24,player-4,player-4
381,7,18,0.060582999140024185,player-2,13,40,25,25,player-1,player-2
381,8,17,0.07958314381539822,player-2,17,41,33,31,player-2,player-2
381,9,17,0.055040931329131126,player-3,17,45,36,33,player-3,player-3
381,10,22,6.09262497164309,none,21,49,40,35,player-4,none
381,11,23,0.0913750845938921,player-3,27,54,46,36,player-1,player-3
381,12,17,0.07933308370411396,player-2,33,57,53,45,player-2,player-2
382,1,18,0.06737513467669487,player-1,8,0,3,2,player-4,player-1
382,2,18,0.0694170594215393,player-2,16,1,3,2,player-1,player-2
382,3,19,0.06579211913049221,player-4,18,3,8,10,player-2,player-4
382,4,18,0.06437511183321476,player-4,19,4,10,14,player-3,player-4
382,5,18,0.07054093293845654,player-1,24,6,14,18,player-4,player-1
382,6,17,0.08429214358329773,player-1,34,10,16,26,player-1,player-1
382,7,17,0.07475004531443119,player-2,38,22,22,37,player-2,player-2
382,8,20,0.06429105997085571,player-2,39,26,24,42,player-3,player-2
382,9,18,0.08762488141655922,player-1,43,33,26,46,player-4,player-1
382,10,19,0.0777500681579113,player-3,50,36,30,51,player-1,player-3
382,11,19,0.11579087004065514,player-4,52,41,36,59,player-2,player-4
383,1,17,0.05529099144041538,player-3,1,2,3,3,player-3,player-3
383,2,18,0.058208126574754715,player-1,3,3,7,4,player-4,player-1
383,3,20,0.054958974942564964,player-4,5,7,7,10,player-1,player-4
383,4,17,0.060042133554816246,player-2,8,7,11,15,player-2,player-2
383,5,17,0.07099984213709831,player-3,10,9,15,17,player-3,player-3
383,6,18,0.05874992348253727,player-1,11,13,18,20,player-4,player-1
383,7,19,0.0658340286463499,player-3,15,16,26,23,player-1,player-3
383,8,17,0.05666702054440975,player-2,20,19,28,26,player-2,player-2
383,9,27,0.10758289135992527,player-1,24,33,46,26,player-3,player-1
383,10,19,0.059542013332247734,player-2,25,39,49,26,player-4,player-2
383,11,17,0.06433320231735706,player-1,27,44,57,26,player-1,player-1
383,12,17,0.06716698408126831,player-2,27,50,62,30,player-2,player-2
383,13,18,0.05795806646347046,player-4,27,52,67,31,player-3,player-4
383,14,18,0.07333396933972836,player-1,32,54,71,34,player-4,player-1
384,1,17,0.06433296948671341,player-4,4,3,3,4,player-4,player-4
384,2,17,0.065250089392066,player-1,14,3,7,7,player-1,player-1
384,3,17,0.059791840612888336,player-2,19,7,13,12,player-2,player-2
384,4,19,0.0630838330835104,player-1,25,12,13,16,player-3,player-1
384,5,22,0.07816706784069538,player-1,32,21,21,21,player-4,player-1
384,6,17,0.05474989302456379,player-1,36,27,26,27,player-1,player-1
384,7,17,0.062000006437301636,player-2,38,37,27,29,player-2,player-2
384,8,17,0.0603341031819582,player-3,38,41,28,34,player-3,player-3
384,9,26,0.0932919792830944,player-1,54,44,36,40,player-4,player-1
384,10,17,0.061542028561234474,player-1,59,44,41,44,player-1,player-1
385,1,19,0.08025020360946655,player-4,3,4,0,5,player-2,player-4
385,2,17,0.053040916100144386,player-3,3,8,1,5,player-3,player-3
385,3,18,0.06341701373457909,player-1,6,8,4,8,player-4,player-1
385,4,17,0.07941713556647301,player-1,8,8,8,10,player-1,player-1
385,5,29,0.09283307008445263,player-2,19,9,13,11,player-2,player-2
385,6,26,0.09908294305205345,player-4,27,12,14,19,player-3,player-4
385,7,17,0.06325007416307926,player-4,27,16,19,24,player-4,player-4
385,8,17,0.06120908074080944,player-1,34,16,23,26,player-1,player-1
385,9,18,0.06683403626084328,player-3,34,18,26,30,player-2,player-3
385,10,19,0.07341592572629452,player-1,42,25,28,33,player-3,player-1
385,11,20,0.08341716602444649,player-3,48,30,34,37,player-4,player-3
385,12,17,0.06616697646677494,player-1,52,35,40,42,player-1,player-1
385,13,18,0.08012494072318077,player-3,52,38,41,55,player-2,player-3
385,14,22,0.09366683661937714,player-4,55,51,58,66,player-3,player-4
386,1,17,0.06524985656142235,player-1,12,4,3,3,player-1,player-1
386,2,17,0.06787502206861973,player-2,13,10,5,4,player-2,player-2
386,3,17,0.07145805284380913,player-3,19,10,12,6,player-3,player-3
386,4,19,0.06670807488262653,player-2,23,10,14,11,player-4,player-2
386,5,17,0.05216686986386776,player-1,32,12,16,12,player-1,player-1
386,6,18,0.07750000804662704,player-3,36,25,27,16,player-2,player-3
386,7,20,0.09008403867483139,player-2,45,32,34,19,player-3,player-2
386,8,17,0.09520887397229671,player-4,45,33,37,21,player-4,player-4
386,9,17,0.09358394891023636,player-1,55,35,39,27,player-1,player-1
386,10,18,0.0804997980594635,player-3,61,36,40,28,player-2,player-3
387,1,19,0.09137485176324844,player-1,10,0,6,2,player-3,player-1
387,2,17,0.060542020946741104,player-4,11,2,6,6,player-4,player-4
387,3,18,0.06962497718632221,player-2,20,4,10,8,player-1,player-2
387,4,17,0.07325015030801296,player-2,26,7,10,13,player-2,player-2
387,5,20,0.07975008338689804,player-2,28,11,12,16,player-3,player-2
387,6,24,0.10958313941955566,player-3,31,18,15,17,player-4,player-3
387,7,18,0.06708409637212753,player-2,33,21,16,20,player-1,player-2
387,8,17,0.059167155995965004,player-2,35,24,17,23,player-2,player-2
387,9,17,0.06733299233019352,player-3,38,24,23,26,player-3,player-3
387,10,19,0.06462493911385536,player-2,40,30,24,26,player-4,player-2
387,11,19,0.0588749535381794,player-3,43,33,28,26,player-1,player-3
387,12,22,0.06641587242484093,player-3,43,36,41,28,player-2,player-3
387,13,17,0.06224983371794224,player-3,45,36,49,29,player-3,player-3
387,14,18,0.06274995394051075,player-1,54,40,56,34,player-4,player-1
388,1,17,0.07804203778505325,player-3,5,5,13,5,player-3,player-3
388,2,18,0.07233303040266037,player-1,14,8,16,9,player-4,player-1
388,3,17,0.06695813499391079,player-1,21,9,18,9,player-1,player-1
388,4,17,0.08291704580187798,player-2,23,14,24,17,player-2,player-2
388,5,30,0.08549983613193035,none,23,22,28,18,player-3,none
388,6,17,0.06120884791016579,player-4,25,22,31,25,player-4,player-4
388,7,18,0.06725010462105274,player-2,33,32,40,31,player-1,player-2
388,8,20,0.0877920538187027,player-1,40,38,40,34,player-2,player-1
388,9,17,0.05462486296892166,player-3,40,38,46,36,player-3,player-3
388,10,33,0.10745786130428314,none,53,43,52,43,player-4,none
389,1,17,0.07987511344254017,player-1,6,5,6,3,player-1,player-1
389,2,17,0.06329198367893696,player-2,8,6,8,8,player-2,player-2
389,3,26,0.06795814260840416,player-4,13,7,13,10,player-3,player-4
389,4,20,0.06074993871152401,player-3,15,7,14,17,player-4,player-3
389,5,20,0.05612499080598354,none,17,9,16,22,player-1,none
389,6,17,0.07858290337026119,player-2,18,10,16,25,player-2,player-2
389,7,17,0.05874992348253727,player-3,21,12,24,26,player-3,player-3
389,8,22,0.05958392284810543,player-1,26,16,24,29,player-4,player-1
389,9,17,0.05862489342689514,player-1,30,16,24,32,player-1,player-1
389,10,17,0.06345799192786217,player-2,33,17,27,39,player-2,player-2
389,11,17,0.05433312617242336,player-3,36,24,29,43,player-3,player-3
389,12,19,0.07679197005927563,player-2,46,29,34,44,player-4,player-2
389,13,18,0.0677080824971199,player-2,52,35,34,47,player-1,player-2
389,14,19,0.07845810614526272,player-4,56,39,37,52,player-2,player-4
389,15,17,0.059750163927674294,player-3,60,41,45,57,player-3,player-3
390,1,18,0.06045796908438206,player-2,1,3,2,4,player-1,player-2
390,2,17,0.07016700692474842,player-2,6,9,7,6,player-2,player-2
390,3,17,0.07229205220937729,player-3,8,15,16,6,player-3,player-3
390,4,17,0.0630838330835104,player-4,9,15,21,8,player-4,player-4
390,5,22,0.08337502367794514,player-2,13,20,26,10,player-1,player-2
390,6,17,0.06574997678399086,player-2,14,26,27,14,player-2,player-2
390,7,17,0.05595805123448372,player-3,16,30,37,14,player-3,player-3
390,8,18,0.07045804522931576,player-1,25,31,43,17,player-4,player-1
390,9,18,0.06820913404226303,player-2,30,36,51,27,player-1,player-2
390,10,19,0.0677499920129776,player-4,31,40,53,33,player-2,player-4
390,11,17,0.08216709829866886,player-3,41,43,67,35,player-3,player-3
391,1,18,0.06604194641113281,player-2,9,1,6,2,player-1,player-2
391,2,19,0.07283291779458523,player-4,13,9,9,5,player-2,player-4
391,3,17,0.0661672092974186,player-3,16,11,17,8,player-3,player-3
391,4,20,0.0699581578373909,player-3,19,15,26,10,player-4,player-3
391,5,17,0.06400002166628838,player-1,23,20,31,14,player-1,player-1
391,6,17,0.09200000204145908,player-2,30,23,38,15,player-2,player-2
391,7,20,0.06524985656142235,player-2,31,33,39,20,player-3,player-2
391,8,19,0.06849993951618671,player-2,31,35,45,24,player-4,player-2
391,9,20,0.10100007057189941,player-4,41,40,48,33,player-1,player-4
391,10,18,0.0688750296831131,player-3,43,46,51,36,player-2,player-3
391,11,18,0.07054093293845654,player-4,47,52,51,43,player-3,player-4
391,12,17,0.05966611206531525,player-4,51,52,51,48,player-4,player-4
392,1,18,0.06433296948671341,player-1,1,2,5,7,player-4,player-1
392,2,17,0.058959005400538445,player-1,5,3,9,9,player-1,player-1
392,3,17,0.08720788173377514,player-2,7,9,14,16,player-2,player-2
392,4,27,0.08162506856024265,player-1,11,11,21,17,player-3,player-1
392,5,17,0.05966704338788986,player-4,14,12,21,20,player-4,player-4
392,6,19,0.08995807729661465,player-3,16,19,28,29,player-1,player-3
392,7,19,0.06804196164011955,player-4,19,21,30,31,player-2,player-4
392,8,20,0.07562502287328243,player-2,24,28,33,33,player-3,player-2
392,9,17,0.06499979645013809,player-4,24,33,41,41,player-4,player-4
392,10,17,0.06408407352864742,player-1,30,34,44,43,player-1,player-1
392,11,17,0.06704195402562618,player-2,30,44,48,49,player-2,player-2
392,12,17,0.062166014686226845,player-3,30,47,54,55,player-3,player-3
393,1,24,0.10054209269583225,player-4,1,9,5,4,player-1,player-4
393,2,18,0.0647080596536398,player-3,9,11,12,8,player-2,player-3
393,3,17,0.061499886214733124,player-3,11,12,18,8,player-3,player-3
393,4,18,0.06383308209478855,player-1,17,12,21,8,player-4,player-1
393,5,17,0.06966688670217991,player-1,19,15,23,13,player-1,player-1
393,6,18,0.059999991208314896,player-3,22,17,28,17,player-2,player-3
393,7,17,0.06650015711784363,player-3,25,20,31,20,player-3,player-3
393,8,26,0.08349982090294361,player-1,32,20,35,27,player-4,player-1
393,9,18,0.06500002928078175,player-2,34,33,41,27,player-1,player-2
393,10,17,0.06033293902873993,player-2,37,34,46,28,player-2,player-2
393,11,18,0.0727497972548008,player-4,39,37,49,32,player-3,player-4
393,12,17,0.07420801557600498,player-4,42,44,53,32,player-4,player-4
393,13,18,0.052042072638869286,player-2,46,51,57,36,player-1,player-2
394,1,17,0.05450006574392319,player-1,2,0,4,6,player-1,player-1
394,2,17,0.07095909677445889,player-2,8,7,10,9,player-2,player-2
394,3,18,0.07504178211092949,player-4,9,9,12,13,player-3,player-4
394,4,20,0.06704102270305157,player-3,13,14,13,15,player-4,player-3
394,5,17,0.061750179156661034,player-1,19,19,14,15,player-1,player-1
394,6,18,0.06649992428719997,player-3,23,23,19,16,player-2,player-3
394,7,17,0.059125013649463654,player-3,25,30,23,20,player-3,player-3
394,8,17,0.06595812737941742,player-4,27,33,27,23,player-4,player-4
394,9,17,0.06766594015061855,player-1,36,36,29,24,player-1,player-1
394,10,17,0.07562502287328243,player-2,40,52,31,29,player-2,player-2
394,11,18,0.05712499842047691,player-4,43,52,34,34,player-3,player-4
394,12,18,0.07941597141325474,player-1,49,60,37,37,player-4,player-1
394,13,17,0.0664170365780592,player-1,58,62,40,38,player-1,player-1
395,1,17,0.07029087282717228,player-2,2,9,2,2,player-2,player-2
395,2,17,0.07262500002980232,player-3,3,13,7,2,player-3,player-3
395,3,17,0.07924996316432953,player-4,3,22,19,4,player-4,player-4
395,4,25,0.08358387276530266,none,9,24,19,7,player-1,none
395,5,17,0.06066705100238323,player-2,12,35,20,9,player-2,player-2
395,6,17,0.06995908915996552,player-3,19,38,22,11,player-3,player-3
395,7,17,0.06166682578623295,player-4,20,40,24,17,player-4,player-4
395,8,24,0.06495905108749866,player-4,27,42,29,18,player-1,player-4
395,9,18,0.06904196925461292,player-3,29,48,32,19,player-2,player-3
395,10,20,0.07466692477464676,player-2,31,51,36,19,player-3,player-2
395,11,17,0.07670815102756023,player-4,31,53,44,33,player-4,player-4
395,12,18,0.06037508137524128,player-2,34,65,46,35,player-1,player-2
396,1,17,0.0760830007493496,player-3,1,0,6,10,player-3,player-3
396,2,18,0.06812508217990398,player-1,5,8,8,15,player-4,player-1
396,3,17,0.05462486296892166,player-1,7,10,8,19,player-1,player-1
396,4,17,0.06649992428719997,player-2,7,16,14,22,player-2,player-2
396,5,17,0.07745902985334396,player-3,12,16,21,28,player-3,player-3
396,6,17,0.05833315663039684,player-4,12,23,25,32,player-4,player-4
396,7,17,0.05829101428389549,player-1,17,30,25,32,player-1,player-1
396,8,17,0.06012478843331337,player-2,21,33,27,38,player-2,player-2
396,9,17,0.09162514470517635,player-3,25,33,29,42,player-3,player-3
396,10,17,0.1068750862032175,player-4,25,37,32,43,player-4,player-4
396,11,17,0.06120791658759117,player-1,34,37,32,43,player-1,player-1
396,12,19,0.06904196925461292,player-4,36,39,35,48,player-2,player-4
396,13,19,0.06450014188885689,player-1,39,45,39,49,player-3,player-1
396,14,17,0.06308290176093578,player-4,39,48,46,57,player-4,player-4
397,1,19,0.07808301597833633,player-4,2,2,3,4,player-2,player-4
397,2,18,0.08145812898874283,player-4,7,4,10,5,player-3,player-4
397,3,19,0.06166589446365833,player-2,7,7,13,8,player-4,player-2
397,4,18,0.07295794785022736,player-2,12,10,15,10,player-1,player-2
397,5,20,0.0841252040117979,player-1,29,13,32,17,player-2,player-1
397,6,18,0.05704187788069248,player-4,30,14,32,19,player-3,player-4
397,7,25,0.08337502367794514,player-4,31,20,32,30,player-4,player-4
397,8,17,0.07512513548135757,player-1,34,23,34,30,player-1,player-1
397,9,17,0.07691700011491776,player-2,35,26,36,32,player-2,player-2
397,10,18,0.0802918802946806,player-4,41,27,38,39,player-3,player-4
397,11,17,0.07899990305304527,player-4,47,31,41,51,player-4,player-4
397,12,23,0.07845903746783733,player-3,49,33,45,55,player-1,player-3
397,13,17,0.0641669612377882,player-2,54,37,45,62,player-2,player-2
397,14,19,0.0658340286463499,player-1,58,40,48,65,player-3,player-1
398,1,18,0.06633391603827477,player-3,4,1,4,2,player-2,player-3
398,2,18,0.08675013668835163,player-4,7,6,14,9,player-3,player-4
398,3,21,0.058499863371253014,none,8,9,16,14,player-4,none
398,4,19,0.06791600026190281,player-3,13,10,26,14,player-1,player-3
398,5,17,0.06695790216326714,player-2,18,17,28,19,player-2,player-2
398,6,17,0.06458302959799767,player-3,24,17,34,19,player-3,player-3
398,7,17,0.0616670586168766,player-4,29,25,46,30,player-4,player-4
398,8,19,0.06862496957182884,player-3,35,27,47,34,player-1,player-3
398,9,17,0.05533290095627308,player-2,47,30,51,34,player-2,player-2
398,10,17,0.07216702215373516,player-3,50,30,65,34,player-3,player-3
399,1,17,0.0538751482963562,player-1,4,1,4,1,player-1,player-1
399,2,18,0.05937507376074791,player-3,9,1,13,2,player-2,player-3
399,3,17,0.07737497799098492,player-3,19,4,16,4,player-3,player-3
399,4,17,0.06187520921230316,player-4,20,5,21,9,player-4,player-4
399,5,17,0.0661672092974186,player-1,21,5,26,11,player-1,player-1
399,6,17,0.05874992348253727,player-2,23,12,29,15,player-2,player-2
399,7,17,0.06649992428719997,player-3,30,15,39,15,player-3,player-3
399,8,17,0.06420793943107128,player-4,31,19,39,21,player-4,player-4
399,9,18,0.06208312697708607,player-2,34,21,39,22,player-1,player-2
399,10,18,0.06025005131959915,player-3,34,23,47,24,player-2,player-3
399,11,18,0.05579204298555851,player-4,37,24,48,32,player-3,player-4
399,12,18,0.07691700011491776,player-1,43,26,48,34,player-4,player-1
399,13,19,0.08750008419156075,player-3,53,36,51,42,player-1,player-3
400,1,17,0.0689169391989708,player-1,6,1,1,4,player-1,player-1
400,2,19,0.08562509901821613,player-4,13,5,8,7,player-2,player-4
400,3,18,0.06879097782075405,player-4,14,7,25,8,player-3,player-4
400,4,17,0.0715828500688076,player-4,17,10,28,11,player-4,player-4
400,5,17,0.08591683581471443,player-1,33,12,29,12,player-1,player-1
400,6,17,0.07387506775557995,player-2,33,20,36,16,player-2,player-2
400,7,17,0.055625103414058685,player-3,34,23,39,18,player-3,player-3
400,8,18,0.06866687908768654,player-1,40,26,43,24,player-4,player-1
400,9,19,0.08120806887745857,player-3,40,29,49,28,player-1,player-3
400,10,18,0.06066705100238323,player-3,43,33,52,29,player-2,player-3
400,11,19,0.07629115134477615,player-1,52,36,54,34,player-3,player-1
401,1,17,0.05174987018108368,player-3,1,4,3,1,player-3,player-3
401,2,17,0.06858399137854576,player-4,3,14,9,7,player-4,player-4
401,3,19,0.07716706022620201,player-3,8,16,13,12,player-1,player-3
401,4,17,0.06975000724196434,player-2,12,24,15,16,player-2,player-2
401,5,17,0.08920906111598015,player-3,20,30,21,16,player-3,player-3
401,6,18,0.13954192399978638,player-1,21,32,24,27,player-4,player-1
401,7,17,0.08316594175994396,player-1,33,36,27,30,player-1,player-1
401,8,17,0.07399986498057842,player-2,38,40,29,32,player-2,player-2
401,9,18,0.0838330015540123,player-4,38,43,38,37,player-3,player-4
401,10,24,0.08358294144272804,player-3,41,43,42,38,player-4,player-3
401,11,20,0.06291596218943596,player-4,43,46,44,46,player-1,player-4
401,12,18,0.0813750084489584,player-3,43,55,51,51,player-2,player-3
402,1,17,0.06737490184605122,player-2,6,4,2,4,player-2,player-2
402,2,18,0.06929202936589718,player-4,13,8,5,9,player-3,player-4
402,3,17,0.06170780397951603,player-4,13,10,7,10,player-4,player-4
402,4,18,0.06687501445412636,player-2,17,16,10,16,player-1,player-2
402,5,17,0.055999960750341415,player-2,20,18,14,20,player-2,player-2
402,6,21,0.06733392365276814,player-3,23,19,19,24,player-3,player-3
402,7,23,0.08004205301404,player-2,23,25,23,33,player-4,player-2
402,8,21,0.0702918041497469,player-1,30,29,26,39,player-1,player-1
402,9,17,0.05387491546571255,player-2,32,39,30,41,player-2,player-2
402,10,19,0.06595789454877377,player-1,34,40,35,47,player-3,player-1
402,11,17,0.07591699250042439,player-4,36,43,36,57,player-4,player-4
403,1,17,0.07466599345207214,player-2,4,8,10,0,player-2,player-2
403,2,17,0.07858313620090485,player-3,7,14,14,4,player-3,player-3
403,3,18,0.07120892405509949,player-1,16,15,23,13,player-4,player-1
403,4,17,0.08112494833767414,player-1,27,17,27,14,player-1,player-1
403,5,17,0.06254110485315323,player-2,29,25,32,20,player-2,player-2
403,6,17,0.05629193037748337,player-3,30,26,39,22,player-3,player-3
403,7,17,0.0602921936661005,player-4,36,28,39,30,player-4,player-4
403,8,17,0.08816621266305447,player-1,45,28,46,38,player-1,player-1
403,9,17,0.0711251050233841,player-2,50,32,46,46,player-2,player-2
403,10,19,0.07174978964030743,player-1,55,35,54,50,player-3,player-1
404,1,17,0.06225006654858589,player-1,5,3,4,4,player-1,player-1
404,2,19,0.10912492871284485,player-4,10,11,15,8,player-2,player-4
404,3,20,0.060416990891098976,player-2,12,17,15,8,player-3,player-2
404,4,18,0.06762496195733547,player-1,16,23,16,13,player-4,player-1
404,5,17,0.06616697646677494,player-1,26,29,19,14,player-1,player-1
404,6,20,0.07075001485645771,player-1,36,35,23,22,player-2,player-1
404,7,18,0.07395795546472073,player-4,41,35,28,29,player-3,player-4
404,8,19,0.06404099985957146,player-2,44,39,33,36,player-4,player-2
404,9,19,0.06045796908438206,player-3,45,39,38,41,player-1,player-3
404,10,17,0.09129196405410767,player-2,51,43,45,52,player-2,player-2
404,11,22,0.06087496876716614,none,53,43,47,54,player-3,none
405,1,18,0.08570891804993153,player-4,1,1,3,8,player-3,player-4
405,2,18,0.09433412924408913,player-1,11,15,19,14,player-4,player-1
405,3,18,0.059542013332247734,player-2,14,17,23,16,player-1,player-2
405,4,18,0.0652919989079237,player-3,14,22,32,20,player-2,player-3
405,5,17,0.049042049795389175,player-3,15,24,37,21,player-3,player-3
405,6,18,0.06991694681346416,player-1,21,26,42,24,player-4,player-1
405,7,18,0.06433296948671341,player-2,23,29,47,28,player-1,player-2
405,8,19,0.07504201494157314,player-4,23,34,47,30,player-2,player-4
405,9,20,0.06812508217990398,player-2,23,37,48,32,player-3,player-2
405,10,17,0.05324999801814556,player-4,25,40,49,34,player-4,player-4
405,11,20,0.06079208105802536,player-4,28,43,56,36,player-1,player-4
405,12,17,0.07675006054341793,player-2,29,49,65,36,player-2,player-2
405,13,26,0.077415956184268,player-4,34,50,74,45,player-3,player-4
406,1,20,0.08870800957083702,player-1,12,2,9,0,player-2,player-1
406,2,18,0.06670807488262653,player-4,14,2,14,8,player-3,player-4
406,3,17,0.07708417251706123,player-4,17,5,14,14,player-4,player-4
406,4,17,0.07233396172523499,player-1,22,8,18,27,player-1,player-1
406,5,19,0.07320800796151161,player-4,22,20,18,29,player-2,player-4
406,6,17,0.06591691635549068,player-3,23,22,21,32,player-3,player-3
406,7,17,0.06087496876716614,player-4,25,24,23,38,player-4,player-4
406,8,17,0.06858399137854576,player-1,28,25,25,43,player-1,player-1
406,9,18,0.0666249543428421,player-3,38,30,26,43,player-2,player-3
406,10,17,0.052666058763861656,player-3,40,33,33,43,player-3,player-3
406,11,18,0.09145797230303288,player-1,46,38,36,47,player-4,player-1
406,12,17,0.056499848142266273,player-1,50,41,36,52,player-1,player-1
406,13,17,0.05220901221036911,player-2,52,44,36,53,player-2,player-2
406,14,17,0.06362493149936199,player-3,52,45,40,55,player-3,player-3
407,1,18,0.0813750084489584,player-3,7,5,2,2,player-2,player-3
407,2,18,0.05845795385539532,player-4,8,5,3,8,player-3,player-4
407,3,17,0.07258309051394463,player-4,14,7,11,11,player-4,player-4
407,4,17,0.06454181857407093,player-1,24,8,16,15,player-1,player-1
407,5,17,0.08475012145936489,player-2,25,21,21,27,player-2,player-2
407,6,19,0.07320800796151161,player-1,29,25,25,32,player-3,player-1
407,7,17,0.05962490104138851,player-4,29,31,29,35,player-4,player-4
407,8,31,0.09291688911616802,player-3,36,33,40,37,player-1,player-3
407,9,23,0.0925001222640276,player-4,42,33,40,45,player-2,player-4
407,10,17,0.0715409405529499,player-3,47,33,47,47,player-3,player-3
407,11,17,0.05966704338788986,player-4,48,37,49,56,player-4,player-4
407,12,26,0.07633399218320847,player-2,48,45,51,59,player-1,player-2
408,1,17,0.053541967645287514,player-1,2,2,4,0,player-1,player-1
408,2,18,0.04970887675881386,none,2,6,12,1,player-2,none
408,3,25,0.08429191075265408,player-3,2,7,19,5,player-3,player-3
408,4,18,0.0730000901967287,player-1,10,9,19,7,player-4,player-1
408,5,17,0.056374818086624146,player-1,12,10,25,9,player-1,player-1
408,6,20,0.06191595457494259,none,14,11,25,12,player-2,none
408,7,17,0.10308390483260155,player-3,16,16,32,16,player-3,player-3
408,8,18,0.059042125940322876,player-1,20,16,33,18,player-4,player-1
408,9,17,0.07808394730091095,player-1,25,18,36,25,player-1,player-1
408,10,18,0.14262506738305092,player-3,31,23,42,29,player-2,player-3
408,11,18,0.08141715079545975,player-4,34,24,45,33,player-3,player-4
408,12,18,0.06987480446696281,player-1,36,24,50,35,player-4,player-1
408,13,17,0.10837498120963573,player-1,47,35,50,43,player-1,player-1
408,14,21,0.09200000204145908,player-2,49,41,58,43,player-2,player-2
409,1,19,0.06837514229118824,player-4,3,0,1,8,player-2,player-4
409,2,20,0.08029094897210598,player-2,7,6,6,11,player-3,player-2
409,3,21,0.07320800796151161,player-4,14,8,12,14,player-4,player-4
409,4,17,0.05395803600549698,player-1,15,10,12,17,player-1,player-1
409,5,20,0.09366683661937714,player-1,22,12,17,24,player-2,player-1
409,6,17,0.08099991828203201,player-3,25,16,22,26,player-3,player-3
409,7,17,0.07220800034701824,player-4,25,17,22,37,player-4,player-4
409,8,18,0.058833975344896317,player-2,26,22,23,40,player-1,player-2
409,9,17,0.05645793862640858,player-2,32,24,26,40,player-2,player-2
409,10,17,0.0724999699741602,player-3,37,27,33,44,player-3,player-3
409,11,17,0.0762909185141325,player-4,41,28,37,46,player-4,player-4
409,12,17,0.07474981248378754,player-1,49,32,37,50,player-1,player-1
409,13,17,0.07304106839001179,player-2,55,37,42,54,player-2,player-2
409,14,18,0.07483409717679024,player-4,59,42,43,60,player-3,player-4
410,1,17,0.08095800876617432,player-2,4,10,6,13,player-2,player-2
410,2,17,0.06558303721249104,player-3,5,10,10,15,player-3,player-3
410,3,21,0.07312512025237083,player-4,10,12,15,20,player-4,player-4
410,4,17,0.06083305925130844,player-1,13,12,20,21,player-1,player-1
410,5,19,0.0580840278416872,player-4,13,13,22,22,player-2,player-4
410,6,19,0.07966719567775726,player-1,18,16,27,26,player-3,player-1
410,7,20,0.07391697727143764,player-3,25,19,30,29,player-4,player-3
410,8,18,0.07208297029137611,player-2,29,23,35,32,player-1,player-2
410,9,17,0.07129181176424026,player-2,35,27,42,36,player-2,player-2
410,10,18,0.06737490184605122,player-4,39,29,46,45,player-3,player-4
410,11,17,0.08595804683864117,player-4,44,40,51,49,player-4,player-4
410,12,17,0.0675420742481947,player-1,48,43,54,51,player-1,player-1
411,1,20,0.0610831193625927,player-1,8,4,2,4,player-2,player-1
411,2,17,0.06470899097621441,player-3,10,7,5,7,player-3,player-3
411,3,18,0.05962490104138851,player-1,14,7,8,9,player-4,player-1
411,4,20,0.07304106839001179,player-4,18,14,20,9,player-1,player-4
411,5,18,0.061916885897517204,player-3,18,20,27,13,player-2,player-3
411,6,18,0.04824995994567871,none,24,20,29,19,player-3,none
411,7,17,0.07362500764429569,player-4,26,27,31,23,player-4,player-4
411,8,18,0.057584140449762344,player-2,27,36,32,23,player-1,player-2
411,9,18,0.07295818068087101,player-3,31,36,40,24,player-2,player-3
411,10,21,0.08895806968212128,player-3,36,45,41,35,player-3,player-3
411,11,19,0.08345791138708591,player-2,39,49,45,47,player-4,player-2
411,12,20,0.08475012145936489,player-4,49,50,48,56,player-1,player-4
412,1,17,0.07049995474517345,player-3,6,3,7,6,player-3,player-3
412,2,20,0.06958399899303913,player-3,6,5,11,11,player-4,player-3
412,3,19,0.05737505853176117,player-3,9,7,17,12,player-1,player-3
412,4,17,0.062125036492943764,player-2,14,15,22,13,player-2,player-2
412,5,17,0.06074993871152401,player-3,16,20,32,16,player-3,player-3
412,6,17,0.060791149735450745,player-4,21,26,39,18,player-4,player-4
412,7,17,0.05187490023672581,player-1,25,27,40,18,player-1,player-1
412,8,19,0.08633406832814217,player-4,34,29,47,21,player-2,player-4
412,9,18,0.07700012065470219,player-4,45,44,57,26,player-3,player-4
413,1,17,0.07237493991851807,player-2,7,6,0,1,player-2,player-2
413,2,17,0.06262492388486862,player-3,8,12,8,1,player-3,player-3
413,3,17,0.06704195402562618,player-4,9,17,10,4,player-4,player-4
413,4,17,0.06324984133243561,player-1,15,21,15,6,player-1,player-1
413,5,19,0.067500164732337,player-4,15,31,19,14,player-2,player-4
413,6,17,0.07604202255606651,player-3,20,32,26,17,player-3,player-3
413,7,17,0.06387499161064625,player-4,25,34,32,17,player-4,player-4
413,8,19,0.09570806287229061,player-3,25,43,39,24,player-1,player-3
413,9,17,0.06470899097621441,player-2,25,49,41,25,player-2,player-2
413,10,17,0.057582976296544075,player-3,28,49,48,29,player-3,player-3
413,11,17,0.05825003609061241,player-4,30,51,50,31,player-4,player-4
413,12,17,0.075541902333498,player-1,37,56,52,38,player-1,player-1
413,13,18,0.07424992509186268,player-3,37,65,52,43,player-2,player-3
414,1,17,0.0824581366032362,player-2,4,8,5,3,player-2,player-2
414,2,17,0.06074993871152401,player-3,7,8,8,4,player-3,player-3
414,3,27,0.08525000885128975,none,13,10,10,11,player-4,none
414,4,17,0.07491698488593102,player-1,15,15,14,18,player-1,player-1
414,5,17,0.06908387877047062,player-2,19,29,17,21,player-2,player-2
414,6,20,0.08395896293222904,player-2,23,32,22,23,player-3,player-2
414,7,18,0.07920898497104645,player-1,29,32,24,27,player-4,player-1
414,8,20,0.0766250304877758,player-4,29,33,24,31,player-1,player-4
414,9,17,0.09654113091528416,player-2,44,52,29,44,player-2,player-2
414,10,19,0.09591598063707352,player-1,51,56,30,51,player-3,player-1
415,1,18,0.07183384150266647,player-2,0,0,2,3,player-1,player-2
415,2,18,0.0639590434730053,player-3,6,1,9,5,player-2,player-3
415,3,19,0.06362493149936199,player-1,9,9,11,5,player-3,player-1
415,4,19,0.06495811976492405,player-2,11,15,12,10,player-4,player-2
415,5,17,0.07016584277153015,player-1,19,17,15,12,player-1,player-1
415,6,18,0.06908411160111427,player-3,22,21,17,12,player-2,player-3
415,7,18,0.05850009620189667,player-4,25,22,19,14,player-3,player-4
415,8,17,0.07812515832483768,player-4,29,30,20,20,player-4,player-4
415,9,17,0.05312496796250343,player-1,32,30,24,21,player-1,player-1
415,10,17,0.07704203017055988,player-2,42,36,24,27,player-2,player-2
415,11,19,0.06500002928078175,player-1,53,42,34,27,player-3,player-1
415,12,18,0.07770908996462822,player-1,55,44,36,29,player-4,player-1
415,13,17,0.05266699008643627,player-1,60,46,37,32,player-1,player-1
415,14,17,0.08529191836714745,player-2,62,56,44,33,player-2,player-2
416,1,18,0.06325007416307926,player-4,0,7,9,1,player-3,player-4
416,2,20,0.055791111662983894,none,2,8,11,2,player-4,none
416,3,17,0.06724987179040909,player-1,6,9,13,4,player-1,player-1
416,4,20,0.07687509059906006,player-1,7,10,25,9,player-2,player-1
416,5,18,0.07475004531443119,player-4,11,14,28,15,player-3,player-4
416,6,18,0.08666608482599258,player-1,14,23,30,20,player-4,player-1
416,7,17,0.11499994434416294,player-1,18,32,32,23,player-1,player-1
416,8,21,0.07704086601734161,player-2,23,38,34,31,player-2,player-2
416,9,19,0.10145804844796658,player-1,34,48,35,34,player-3,player-1
416,10,17,0.12629199773073196,player-4,36,50,38,39,player-4,player-4
416,11,17,0.10249996557831764,player-1,43,54,40,42,player-1,player-1
416,12,18,0.07499987259507179,player-3,46,62,47,46,player-2,player-3
417,1,19,0.08116685785353184,player-3,2,7,3,2,player-1,player-3
417,2,17,0.10787509381771088,player-2,15,12,8,9,player-2,player-2
417,3,19,0.07333303801715374,player-1,21,18,10,16,player-3,player-1
417,4,19,0.06516696885228157,player-2,23,20,10,16,player-4,player-2
417,5,18,0.06591714918613434,player-2,26,24,16,16,player-1,player-2
417,6,18,0.08062506094574928,player-3,28,27,18,18,player-2,player-3
417,7,17,0.09208405390381813,player-3,28,30,25,26,player-3,player-3
417,8,18,0.07012509740889072,player-1,38,41,35,26,player-4,player-1
417,9,27,0.08533312939107418,player-3,40,43,35,27,player-1,player-3
417,10,18,0.07108296267688274,player-3,43,48,40,31,player-2,player-3
417,11,17,0.07654214277863503,player-3,45,49,46,35,player-3,player-3
417,12,17,0.060374848544597626,player-4,46,51,48,46,player-4,player-4
417,13,17,0.053625088185071945,player-1,48,53,52,46,player-1,player-1
418,1,19,0.06770901381969452,player-3,6,5,14,0,player-1,player-3
418,2,19,0.07087504491209984,player-4,6,16,19,12,player-2,player-4
418,3,18,0.06274995394051075,player-4,9,17,20,18,player-3,player-4
418,4,17,0.06341701373457909,player-4,12,21,20,29,player-4,player-4
418,5,22,0.0890830997377634,player-2,17,24,23,34,player-1,player-2
418,6,17,0.05987496115267277,player-2,22,27,29,45,player-2,player-2
418,7,17,0.05729100666940212,player-3,25,30,33,45,player-3,player-3
418,8,20,0.07716706022620201,player-3,27,41,38,50,player-4,player-3
418,9,18,0.06287498399615288,player-2,35,48,44,54,player-1,player-2
419,1,17,0.07129204459488392,player-1,6,5,7,2,player-1,player-1
419,2,18,0.060625141486525536,player-3,6,9,11,3,player-2,player-3
419,3,17,0.07524993270635605,player-3,9,12,19,4,player-3,player-3
419,4,28,0.09783287532627583,none,11,16,23,7,player-4,none
419,5,17,0.065250089392066,player-1,18,21,32,10,player-1,player-1
419,6,19,0.08054194040596485,player-4,18,39,33,20,player-2,player-4
419,7,17,0.07691700011491776,player-3,22,44,41,24,player-3,player-3
419,8,18,0.0619587954133749,player-1,23,44,44,26,player-4,player-1
419,9,21,0.08554104715585709,player-1,27,53,49,31,player-1,player-1
419,10,17,0.06800005212426186,player-2,29,54,53,41,player-2,player-2
419,11,17,0.08866679854691029,player-3,35,60,62,42,player-3,player-3
420,1,18,0.08720811456441879,player-4,9,0,10,3,player-3,player-4
420,2,21,0.06179208867251873,player-4,11,1,14,6,player-4,player-4
420,3,18,0.060582999140024185,player-2,14,8,18,11,player-1,player-2
420,4,17,0.06508291698992252,player-2,18,11,24,13,player-2,player-2
420,5,18,0.0741670373827219,player-4,24,21,27,18,player-3,player-4
420,6,17,0.05808309651911259,player-4,25,21,27,24,player-4,player-4
420,7,20,0.0696659553796053,player-4,28,24,29,31,player-1,player-4
420,8,17,0.05341600626707077,player-2,29,26,31,35,player-2,player-2
420,9,17,0.06104190833866596,player-3,33,27,36,36,player-3,player-3
420,10,18,0.06729108281433582,player-1,34,27,43,37,player-4,player-1
420,11,17,0.07566693238914013,player-1,48,29,51,40,player-1,player-1
420,12,23,0.08041714318096638,player-4,48,36,54,46,player-2,player-4
421,1,17,0.0677919015288353,player-3,2,0,7,2,player-3,player-3
421,2,18,0.07083290256559849,player-1,7,2,12,6,player-4,player-1
421,3,20,0.09154086001217365,player-4,13,7,12,13,player-1,player-4
421,4,21,0.06645801477134228,player-2,15,8,16,17,player-2,player-2
421,5,17,0.06179208867251873,player-3,20,12,18,22,player-3,player-3
421,6,18,0.061499886214733124,player-1,24,16,21,23,player-4,player-1
421,7,17,0.06125005893409252,player-1,31,17,23,25,player-1,player-1
421,8,17,0.07141684181988239,player-2,35,28,29,31,player-2,player-2
421,9,17,0.06987503729760647,player-3,45,29,35,37,player-3,player-3
421,10,17,0.08012494072318077,player-4,47,36,35,41,player-4,player-4
421,11,22,0.09425007738173008,player-2,49,41,46,42,player-1,player-2
421,12,18,0.08429097943007946,player-3,60,43,54,43,player-2,player-3
422,1,20,0.06287498399615288,player-2,1,8,0,4,player-3,player-2
422,2,19,0.06600003689527512,player-2,4,12,2,12,player-4,player-2
422,3,17,0.09099999442696571,player-1,10,14,3,17,player-1,player-1
422,4,18,0.0630419235676527,player-3,15,15,7,17,player-2,player-3
422,5,17,0.07520802319049835,player-3,22,15,16,19,player-3,player-3
422,6,18,0.07562502287328243,player-1,25,19,19,20,player-4,player-1
422,7,17,0.06779213435947895,player-1,33,19,26,24,player-1,player-1
422,8,17,0.07283291779458523,player-2,35,31,27,28,player-2,player-2
422,9,17,0.06537511944770813,player-3,38,40,28,29,player-3,player-3
422,10,20,0.10483316145837307,player-3,38,49,28,41,player-4,player-3
422,11,19,0.06825011223554611,player-3,44,53,32,46,player-1,player-3
422,12,17,0.05983305163681507,player-2,48,59,35,52,player-2,player-2
423,1,20,0.07587485015392303,none,1,3,4,3,player-3,none
423,2,17,0.06424984894692898,player-4,3,4,7,5,player-4,player-4
423,3,19,0.08633406832814217,player-3,6,9,11,10,player-1,player-3
423,4,17,0.06654206663370132,player-2,8,15,16,13,player-2,player-2
423,5,17,0.06825011223554611,player-3,11,20,21,15,player-3,player-3
423,6,24,0.0993749126791954,player-3,21,26,28,19,player-4,player-3
423,7,17,0.05929078906774521,player-1,28,29,31,22,player-1,player-1
423,8,18,0.07479218766093254,player-3,32,32,36,24,player-2,player-3
423,9,20,0.0704578123986721,player-2,38,40,38,24,player-3,player-2
423,10,30,0.07341685704886913,none,39,41,39,26,player-4,none
423,11,19,0.07770885713398457,player-3,41,41,45,27,player-1,player-3
423,12,21,0.07408298552036285,player-2,43,46,51,27,player-2,player-2
423,13,17,0.06612506695091724,player-3,45,46,53,29,player-3,player-3
423,14,18,0.07212511263787746,player-1,48,51,62,33,player-4,player-1
424,1,17,0.06170803681015968,player-3,4,3,8,0,player-3,player-3
424,2,18,0.08245790377259254,player-1,13,11,19,2,player-4,player-1
424,3,20,0.0679998192936182,player-4,14,15,21,9,player-1,player-4
424,4,17,0.0613329466432333,player-2,14,21,24,17,player-2,player-2
424,5,17,0.05704187788069248,player-3,17,21,27,17,player-3,player-3
424,6,17,0.05983281880617142,player-4,19,23,27,22,player-4,player-4
424,7,17,0.055999960750341415,player-1,22,23,27,22,player-1,player-1
424,8,18,0.07441709749400616,player-3,23,25,29,28,player-2,player-3
424,9,18,0.0766250304877758,player-4,23,30,32,35,player-3,player-4
424,10,17,0.06066681817173958,player-4,24,30,34,37,player-4,player-4
424,11,17,0.06837490946054459,player-1,28,34,34,37,player-1,player-1
424,12,17,0.07216585800051689,player-2,30,38,35,42,player-2,player-2
424,13,17,0.11058407835662365,player-3,37,40,38,42,player-3,player-3
424,14,17,0.0641669612377882,player-4,40,42,42,45,player-4,player-4
424,15,19,0.07262500002980232,player-3,41,45,44,49,player-1,player-3
424,16,19,0.07508299313485622,player-4,45,59,47,57,player-2,player-4
425,1,17,0.0768748577684164,player-1,4,3,2,5,player-1,player-1
425,2,22,0.060125021263957024,player-3,4,8,11,7,player-2,player-3
425,3,17,0.0837910920381546,player-3,14,11,15,7,player-3,player-3
425,4,23,0.10512489825487137,player-2,16,12,15,10,player-4,player-2
425,5,17,0.06491714157164097,player-1,18,12,18,10,player-1,player-1
425,6,18,0.060999998822808266,player-3,19,18,19,13,player-2,player-3
425,7,17,0.060165999457240105,player-3,22,24,25,13,player-3,player-3
425,8,19,0.06954115815460682,player-2,29,25,27,18,player-4,player-2
425,9,20,0.07212487980723381,player-4,31,26,30,23,player-1,player-4
425,10,21,0.08808402344584465,player-2,35,38,36,31,player-2,player-2
425,11,19,0.06520794704556465,player-1,44,40,41,32,player-3,player-1
425,12,18,0.05595805123448372,player-1,54,42,46,33,player-4,player-1
426,1,17,0.09887502528727055,player-2,12,9,4,1,player-2,player-2
426,2,18,0.08108303882181644,player-4,18,17,15,2,player-3,player-4
426,3,36,0.09595812298357487,player-3,21,17,19,12,player-4,player-3
426,4,17,0.07400009781122208,player-1,27,24,19,13,player-1,player-1
426,5,27,0.077791977673769,player-4,27,26,21,15,player-2,player-4
426,6,17,0.05237502045929432,player-3,29,30,22,17,player-3,player-3
426,7,20,0.08058291859924793,player-3,35,30,28,21,player-4,player-3
426,8,17,0.06487499922513962,player-1,38,32,31,23,player-1,player-1
426,9,19,0.12625008821487427,player-4,46,49,37,26,player-2,player-4
426,10,18,0.07229112088680267,player-4,55,51,37,26,player-3,player-4
426,11,17,0.0697087962180376,player-4,57,55,37,32,player-4,player-4
426,12,17,0.05045789293944836,player-1,61,55,41,33,player-1,player-1
427,1,18,0.05550007335841656,player-2,2,9,1,1,player-1,player-2
427,2,17,0.06283307448029518,player-2,9,16,4,1,player-2,player-2
427,3,24,0.09454088285565376,none,9,18,8,4,player-3,none
427,4,17,0.06295810453593731,player-4,18,18,12,11,player-4,player-4
427,5,27,0.08320808410644531,player-3,19,19,18,15,player-1,player-3
427,6,17,0.05187513306736946,player-2,21,23,26,15,player-2,player-2
427,7,20,0.06087496876716614,player-2,27,29,29,15,player-3,player-2
427,8,17,0.06020907312631607,player-4,27,31,31,21,player-4,player-4
427,9,17,0.05404185503721237,player-1,29,33,33,22,player-1,player-1
427,10,17,0.11954200454056263,player-2,37,45,34,27,player-2,player-2
427,11,18,0.07337518036365509,player-4,44,48,36,28,player-3,player-4
427,12,17,0.06620795466005802,player-4,46,53,37,31,player-4,player-4
427,13,17,0.07275003008544445,player-1,52,56,42,32,player-1,player-1
427,14,17,0.08124997839331627,player-2,56,68,44,41,player-2,player-2
428,1,17,0.09337486699223518,player-3,5,4,7,0,player-3,player-3
428,2,17,0.09441608563065529,player-4,14,4,16,6,player-4,player-4
428,3,21,0.07220800034701824,player-1,21,6,16,6,player-1,player-1
428,4,20,0.07820897735655308,player-1,34,9,24,8,player-2,player-1
428,5,17,0.06566592492163181,player-3,39,11,28,12,player-3,player-3
428,6,18,0.08099991828203201,player-1,45,13,31,16,player-4,player-1
428,7,17,0.06433296948671341,player-1,45,15,33,18,player-1,player-1
428,8,17,0.07066596299409866,player-2,53,27,39,30,player-2,player-2
428,9,17,0.0783340074121952,player-3,57,32,44,36,player-3,player-3
429,1,17,0.06458302959799767,player-3,4,2,2,1,player-3,player-3
429,2,17,0.05412520840764046,player-4,8,2,2,4,player-4,player-4
429,3,19,0.09366706945002079,player-3,13,5,4,10,player-1,player-3
429,4,17,0.05608308129012585,player-2,13,7,8,14,player-2,player-2
429,5,17,0.06862496957182884,player-3,14,7,13,17,player-3,player-3
429,6,18,0.0713749323040247,player-1,20,13,13,19,player-4,player-1
429,7,18,0.06629107519984245,player-2,23,19,15,20,player-1,player-2
429,8,19,0.06683403626084328,player-4,23,23,16,23,player-2,player-4
429,9,17,0.0527920201420784,player-3,24,23,21,25,player-3,player-3
429,10,17,0.05445792339742184,player-4,25,26,21,27,player-4,player-4
429,11,18,0.11104205623269081,player-2,31,27,28,30,player-1,player-2
429,12,20,0.06516720168292522,player-1,39,37,35,30,player-2,player-1
429,13,17,0.0635830219835043,player-3,42,38,45,31,player-3,player-3
429,14,18,0.06220908835530281,player-1,43,38,51,37,player-4,player-1
429,15,17,0.06866711191833019,player-1,45,39,56,46,player-1,player-1
430,1,18,0.07379194721579552,player-1,2,1,2,1,player-4,player-1
430,2,21,0.07987488061189651,player-1,9,1,10,2,player-1,player-1
430,3,17,0.07316702976822853,player-2,10,4,16,8,player-2,player-2
430,4,17,0.06633298471570015,player-3,14,6,21,10,player-3,player-3
430,5,18,0.07658405229449272,player-1,20,9,21,16,player-4,player-1
430,6,18,0.06562494672834873,player-2,24,17,22,19,player-1,player-2
430,7,19,0.0742089468985796,player-4,24,23,25,30,player-2,player-4
430,8,17,0.057459110394120216,player-3,28,23,32,31,player-3,player-3
430,9,18,0.07241708226501942,player-1,30,26,35,32,player-4,player-1
430,10,17,0.07129088044166565,player-1,36,27,37,32,player-1,player-1
430,11,17,0.05487492308020592,player-2,38,38,41,34,player-2,player-2
430,12,20,0.09262491948902607,player-2,44,39,45,45,player-3,player-2
430,13,25,0.09975000284612179,player-4,49,47,51,64,player-4,player-4
431,1,17,0.05487492308020592,player-3,4,1,5,0,player-3,player-3
431,2,19,0.07700012065470219,player-2,10,6,10,2,player-4,player-2
431,3,17,0.05658390000462532,player-1,10,12,14,12,player-1,player-1
431,4,18,0.061959028244018555,player-3,12,12,19,12,player-2,player-3
431,5,18,0.0719169620424509,player-4,13,13,22,19,player-3,player-4
431,6,21,0.06437511183321476,player-4,15,16,23,25,player-4,player-4
431,7,17,0.0649159774184227,player-1,26,20,27,25,player-1,player-1
431,8,18,0.07899990305304527,player-3,31,21,38,25,player-2,player-3
431,9,17,0.0749579630792141,player-3,34,23,41,29,player-3,player-3
431,10,19,0.07916707545518875,player-2,36,26,47,36,player-4,player-2
431,11,18,0.058416975662112236,player-2,38,31,49,43,player-1,player-2
431,12,18,0.255499966442585,player-3,41,33,57,47,player-2,player-3
431,13,17,0.4005830269306898,player-3,44,35,60,48,player-3,player-3
432,1,18,0.10954099707305431,player-2,5,4,4,6,player-1,player-2
432,2,17,0.08008396252989769,player-2,9,17,8,10,player-2,player-2
432,3,17,0.10175001807510853,player-3,12,17,16,11,player-3,player-3
432,4,17,0.07787509821355343,player-4,19,21,16,24,player-4,player-4
432,5,17,0.07254187949001789,player-1,22,22,18,24,player-1,player-1
432,6,20,0.07441709749400616,player-1,28,26,18,24,player-2,player-1
432,7,17,0.07450021803379059,player-3,30,30,24,26,player-3,player-3
432,8,18,0.06354204379022121,player-1,38,32,26,35,player-4,player-1
432,9,17,0.06816606037318707,player-1,43,32,31,39,player-1,player-1
432,10,17,0.06870785728096962,player-2,43,38,36,47,player-2,player-2
432,11,17,0.06591691635549068,player-3,45,43,40,47,player-3,player-3
432,12,23,0.07683387957513332,player-2,47,46,44,48,player-4,player-2
432,13,19,0.07933308370411396,player-3,49,48,53,54,player-1,player-3
433,1,18,0.07216678932309151,player-2,2,14,0,0,player-1,player-2
433,2,18,0.07508299313485622,player-3,4,22,5,4,player-2,player-3
433,3,24,0.06408407352864742,none,4,25,6,9,player-3,none
433,4,18,0.055833952501416206,player-1,9,27,9,14,player-4,player-1
433,5,17,0.07754098623991013,player-1,16,31,13,21,player-1,player-1
433,6,17,0.05708308890461922,player-2,18,34,15,28,player-2,player-2
433,7,19,0.07462501525878906,player-1,20,42,19,33,player-3,player-1
433,8,19,0.06970809772610664,player-2,21,50,19,33,player-4,player-2
433,9,24,0.06283284164965153,none,23,52,22,37,player-1,none
433,10,17,0.05725002847611904,player-2,27,59,24,41,player-2,player-2
434,1,17,0.07254211232066154,player-2,6,8,2,5,player-2,player-2
434,2,19,0.06987503729760647,player-1,13,12,5,6,player-3,player-1
434,3,17,0.06645801477134228,player-4,13,13,5,9,player-4,player-4
434,4,17,0.06937514990568161,player-1,17,15,9,14,player-1,player-1
434,5,19,0.07379218004643917,player-4,23,17,15,19,player-2,player-4
434,6,17,0.06949994713068008,player-3,28,17,20,24,player-3,player-3
434,7,23,0.0730000901967287,player-2,32,20,20,30,player-4,player-2
434,8,17,0.06508291698992252,player-1,39,23,20,34,player-1,player-1
434,9,18,0.07312512025237083,player-3,39,26,25,34,player-2,player-3
434,10,17,0.07862504571676254,player-3,46,30,37,38,player-3,player-3
434,11,19,0.07441709749400616,player-2,48,43,39,42,player-4,player-2
434,12,17,0.06504193879663944,player-1,57,48,43,48,player-1,player-1
435,1,21,0.07008318789303303,player-1,11,6,10,5,player-1,player-1
435,2,22,0.08058291859924793,player-3,16,14,15,10,player-2,player-3
435,3,18,0.07679103873670101,player-4,20,15,19,17,player-3,player-4
435,4,18,0.07087481208145618,player-1,25,17,22,22,player-4,player-1
435,5,17,0.08004182018339634,player-1,29,18,22,25,player-1,player-1
435,6,21,0.09924988262355328,player-2,37,21,22,26,player-2,player-2
435,7,17,0.07512490265071392,player-3,40,29,25,28,player-3,player-3
435,8,18,0.07829186506569386,player-1,45,33,37,29,player-4,player-1
435,9,17,0.05337502807378769,player-1,54,33,39,31,player-1,player-1
435,10,17,0.07379194721579552,player-2,56,39,43,40,player-2,player-2
435,11,17,0.07508299313485622,player-3,60,44,47,45,player-3,player-3
436,1,17,0.06962497718632221,player-2,3,1,1,4,player-2,player-2
436,2,17,0.18379208631813526,player-3,7,5,8,4,player-3,player-3
436,3,17,0.07299985736608505,player-4,10,5,14,9,player-4,player-4
436,4,17,0.09829085320234299,player-1,12,6,14,13,player-1,player-1
436,5,17,0.09654206223785877,player-2,20,11,26,14,player-2,player-2
436,6,17,0.0715828500688076,player-3,25,11,31,21,player-3,player-3
436,7,18,0.0749579630792141,player-1,29,12,35,23,player-4,player-1
436,8,18,0.06770901381969452,player-2,33,20,35,28,player-1,player-2
436,9,19,0.07820804603397846,player-4,38,24,39,29,player-2,player-4
436,10,17,0.05633290857076645,player-3,41,26,43,29,player-3,player-3
436,11,18,0.060791848227381706,player-1,45,28,47,34,player-4,player-1
436,12,17,0.07108389399945736,player-1,51,31,47,35,player-1,player-1
436,13,18,0.05633290857076645,player-3,54,33,55,35,player-2,player-3
437,1,17,0.06679189391434193,player-4,4,1,0,7,player-4,player-4
437,2,22,0.07962505333125591,player-2,14,6,2,13,player-1,player-2
437,3,17,0.06745802238583565,player-2,16,11,6,13,player-2,player-2
437,4,21,0.06737490184605122,player-3,19,17,10,17,player-3,player-3
437,5,17,0.061125028878450394,player-4,19,24,12,20,player-4,player-4
437,6,17,0.05933316424489021,player-1,24,28,18,22,player-1,player-1
437,7,18,0.06587500683963299,player-3,27,30,23,22,player-2,player-3
437,8,17,0.05429098382592201,player-3,32,33,25,22,player-3,player-3
437,9,17,0.07545808330178261,player-4,32,37,30,30,player-4,player-4
437,10,17,0.060125021263957024,player-1,35,41,32,35,player-1,player-1
437,11,18,0.06541702896356583,player-3,36,46,45,37,player-2,player-3
437,12,17,0.06929202936589718,player-3,40,48,47,37,player-3,player-3
437,13,20,0.07591606117784977,player-3,45,51,54,39,player-4,player-3
437,14,17,0.06208405829966068,player-1,47,51,58,40,player-1,player-1
438,1,17,0.058125006034970284,player-1,5,0,4,4,player-1,player-1
438,2,18,0.06654206663370132,player-3,6,1,7,8,player-2,player-3
438,3,21,0.06820796988904476,player-3,9,1,14,10,player-3,player-3
438,4,18,0.05324999801814556,player-1,13,2,18,10,player-4,player-1
438,5,17,0.06574997678399086,player-1,24,2,24,15,player-1,player-1
438,6,19,0.07091695442795753,player-4,29,4,26,22,player-2,player-4
438,7,18,0.0669590663164854,player-4,33,4,36,22,player-3,player-4
438,8,18,0.16608298756182194,player-1,37,6,44,29,player-4,player-1
438,9,20,0.21425005979835987,player-4,39,9,46,32,player-1,player-4
438,10,17,0.08587492629885674,player-2,47,19,46,41,player-2,player-2
438,11,18,0.07179100066423416,player-4,49,23,52,43,player-3,player-4
439,1,18,0.069082947447896,player-3,5,1,4,2,player-2,player-3
439,2,18,0.08450006134808064,player-4,9,6,19,13,player-3,player-4
439,3,17,0.07612491026520729,player-4,13,12,19,18,player-4,player-4
439,4,18,0.06570899859070778,player-2,16,19,19,24,player-1,player-2
439,5,17,0.16087503172457218,player-2,19,26,22,26,player-2,player-2
439,6,17,0.05716690793633461,player-3,22,26,25,26,player-3,player-3
439,7,18,0.07620896212756634,player-1,31,34,26,31,player-4,player-1
439,8,18,0.061166007071733475,player-2,32,43,26,32,player-1,player-2
439,9,17,0.06137508898973465,player-2,35,47,27,36,player-2,player-2
439,10,17,0.0804578885436058,player-3,39,51,29,36,player-3,player-3
439,11,17,0.24595786817371845,player-4,44,57,33,43,player-4,player-4
440,1,22,0.5475420039147139,player-4,0,1,2,9,player-3,player-4
440,2,18,0.22679194808006287,player-1,4,5,6,13,player-4,player-1
440,3,18,0.33487495966255665,player-2,11,7,11,16,player-1,player-2
440,4,17,0.1805420033633709,player-2,20,12,12,20,player-2,player-2
440,5,17,0.20366697572171688,player-3,24,13,14,22,player-3,player-3
440,6,17,0.23833289742469788,player-4,30,16,16,26,player-4,player-4
440,7,17,0.1860419288277626,player-1,32,16,20,28,player-1,player-1
440,8,18,0.2523751463741064,player-3,37,21,20,30,player-2,player-3
440,9,17,0.09700004011392593,player-3,38,25,26,30,player-3,player-3
440,10,17,0.08350005373358727,player-4,41,28,27,33,player-4,player-4
440,11,17,0.07445807568728924,player-1,47,33,29,36,player-1,player-1
440,12,17,0.08341716602444649,player-2,55,36,29,36,player-2,player-2
440,13,17,0.0791668426245451,player-3,58,40,32,38,player-3,player-3
440,14,24,0.10412512347102165,player-3,62,42,42,44,player-4,player-3
441,1,19,0.07241684943437576,player-1,2,1,3,2,player-3,player-1
441,2,32,0.13733305968344212,player-3,19,2,10,7,player-4,player-3
441,3,18,0.07758289575576782,player-2,22,7,12,9,player-1,player-2
441,4,18,0.07508299313485622,player-3,27,13,18,14,player-2,player-3
441,5,19,0.08741696365177631,player-1,34,22,19,27,player-3,player-1
441,6,17,0.07329089567065239,player-4,35,22,22,35,player-4,player-4
441,7,16,0.048625050112605095,none,39,22,23,40,player-1,none
441,8,17,0.08120900020003319,player-2,41,29,32,42,player-2,player-2
441,9,18,0.06704195402562618,player-4,44,32,38,47,player-3,player-4
441,10,17,0.07595797069370747,player-4,48,38,43,53,player-4,player-4
441,11,19,0.08220807649195194,player-3,52,38,51,59,player-1,player-3
442,1,17,0.0671660527586937,player-1,5,1,3,5,player-1,player-1
442,2,17,0.07058284245431423,player-2,9,9,6,5,player-2,player-2
442,3,17,0.05270796827971935,none,9,9,10,6,player-3,none
442,4,17,0.06612506695091724,player-4,14,9,16,10,player-4,player-4
442,5,17,0.11591613292694092,player-1,16,17,18,11,player-1,player-1
442,6,18,0.07487484253942966,player-3,23,21,19,17,player-2,player-3
442,7,17,0.10195886716246605,player-3,28,24,27,17,player-3,player-3
442,8,18,0.06629200652241707,player-1,36,26,27,18,player-4,player-1
442,9,17,0.07612491026520729,player-1,42,28,29,19,player-1,player-1
442,10,17,0.08291704580187798,player-2,45,29,29,26,player-2,player-2
442,11,17,0.23195822723209858,player-3,49,34,32,28,player-3,player-3
442,12,17,0.07066689431667328,player-4,51,39,36,30,player-4,player-4
442,13,17,0.05870778113603592,player-1,55,39,37,32,player-1,player-1
442,14,20,0.07320800796151161,player-1,65,41,43,39,player-2,player-1
443,1,17,0.10387483052909374,player-1,4,2,7,3,player-1,player-1
443,2,18,0.09866687469184399,player-3,6,4,9,12,player-2,player-3
443,3,38,0.13808393850922585,player-4,6,21,12,23,player-3,player-4
443,4,17,0.08849985897541046,player-4,12,23,12,26,player-4,player-4
443,5,18,0.08716690354049206,player-2,20,23,16,27,player-1,player-2
443,6,17,0.07337494753301144,player-2,30,25,19,30,player-2,player-2
443,7,18,0.07820804603397846,player-4,35,27,26,38,player-3,player-4
443,8,19,0.07179193198680878,player-2,35,32,30,40,player-4,player-2
443,9,18,0.06116693839430809,player-2,38,38,31,40,player-1,player-2
443,10,21,0.08212495595216751,player-2,46,42,33,48,player-2,player-2
443,11,17,0.06512482650578022,player-3,49,45,42,49,player-3,player-3
443,12,17,0.0788331963121891,player-4,49,45,45,55,player-4,player-4
444,1,18,0.07733399979770184,player-3,4,7,3,3,player-2,player-3
444,2,17,0.06408314220607281,player-3,5,12,7,5,player-3,player-3
444,3,18,0.09283283725380898,player-1,10,18,9,7,player-4,player-1
444,4,18,0.08737505413591862,player-2,20,22,9,7,player-1,player-2
444,5,18,0.07062498480081558,player-3,23,22,14,9,player-2,player-3
444,6,17,0.06924988701939583,player-3,24,25,14,13,player-3,player-3
444,7,20,0.06500002928078175,player-3,25,29,18,19,player-4,player-3
444,8,17,0.07608416490256786,player-1,26,36,20,22,player-1,player-1
444,9,19,0.07787486538290977,player-4,38,37,22,26,player-2,player-4
444,10,18,0.05929195322096348,player-4,39,37,24,30,player-3,player-4
444,11,20,0.07637497037649155,player-3,39,38,26,33,player-4,player-3
444,12,19,0.10191695764660835,player-3,44,42,28,41,player-1,player-3
444,13,17,0.08233310654759407,player-2,50,62,36,49,player-2,player-2
445,1,19,0.10616681538522243,player-3,2,0,8,2,player-1,player-3
445,2,17,0.08075009100139141,player-2,7,6,19,2,player-2,player-2
445,3,18,0.19637495279312134,player-4,14,9,23,8,player-3,player-4
445,4,17,0.1105000264942646,player-4,19,14,29,16,player-4,player-4
445,5,17,0.1614170614629984,player-1,25,18,32,19,player-1,player-1
445,6,17,0.0688750296831131,player-2,26,21,32,23,player-2,player-2
445,7,17,0.18420815467834473,player-3,28,26,35,29,player-3,player-3
445,8,17,0.06274995394051075,player-4,33,26,38,36,player-4,player-4
445,9,21,0.09108404628932476,player-1,45,28,45,40,player-1,player-1
445,10,18,0.06983289495110512,player-3,47,30,45,41,player-2,player-3
445,11,17,0.05879206582903862,player-3,51,35,49,43,player-3,player-3
446,1,17,0.06925011985003948,player-2,1,7,0,0,player-2,player-2
446,2,17,0.1040829811245203,player-3,4,13,6,2,player-3,player-3
446,3,18,0.07487507537007332,player-1,11,14,6,7,player-4,player-1
446,4,19,0.07791700772941113,player-3,12,15,13,11,player-1,player-3
446,5,20,0.0916249118745327,player-1,29,28,28,11,player-2,player-1
446,6,25,0.07283315062522888,player-3,30,30,32,15,player-3,player-3
446,7,20,0.071333022788167,player-3,31,34,34,21,player-4,player-3
446,8,19,0.07504201494157314,player-3,33,43,42,24,player-1,player-3
446,9,17,0.07729115895926952,player-2,36,55,51,24,player-2,player-2
446,10,17,0.06800005212426186,player-3,42,63,59,25,player-3,player-3
447,1,18,0.07345806807279587,player-1,3,2,4,3,player-4,player-1
447,2,19,0.0679579097777605,player-3,3,4,6,3,player-1,player-3
447,3,17,0.06445799954235554,player-2,6,11,8,6,player-2,player-2
447,4,17,0.07345806807279587,player-3,12,11,12,9,player-3,player-3
447,5,18,0.05929102189838886,player-1,16,12,16,12,player-4,player-1
447,6,18,0.07091602310538292,player-2,22,17,19,16,player-1,player-2
447,7,18,0.05058315582573414,player-3,25,21,25,17,player-2,player-3
447,8,17,0.10516704060137272,player-3,31,31,32,17,player-3,player-3
447,9,17,0.06400002166628838,player-4,32,35,37,24,player-4,player-4
447,10,17,0.05833292379975319,player-1,35,35,38,29,player-1,player-1
447,11,17,0.06295787170529366,player-2,46,41,46,35,player-2,player-2
447,12,17,0.07125013507902622,player-3,52,45,50,40,player-3,player-3
448,1,19,0.0702079851180315,player-3,0,4,6,1,player-1,player-3
448,2,17,0.07254118099808693,player-2,7,6,8,4,player-2,player-2
448,3,18,0.0577499158680439,player-4,10,9,9,7,player-3,player-4
448,4,18,0.06420793943107128,player-1,16,18,12,11,player-4,player-1
448,5,25,0.0815829262137413,player-1,17,20,16,11,player-1,player-1
448,6,24,0.07170788012444973,player-1,20,25,20,13,player-2,player-1
448,7,17,0.07762503810226917,player-3,26,33,24,16,player-3,player-3
448,8,22,0.06933393888175488,player-1,34,40,24,17,player-4,player-1
448,9,26,0.07333303801715374,player-2,36,43,24,20,player-1,player-2
448,10,17,0.08324999362230301,player-2,36,53,28,27,player-2,player-2
448,11,17,0.07729209028184414,player-3,36,58,35,36,player-3,player-3
448,12,18,0.07100007496774197,player-1,42,60,35,38,player-4,player-1
448,13,17,0.07187505252659321,player-1,51,62,43,38,player-1,player-1
449,1,17,0.05729193799197674,player-3,1,2,6,0,player-3,player-3
449,2,17,0.05650008097290993,player-4,3,2,12,1,player-4,player-4
449,3,17,0.07558404467999935,player-1,7,6,14,5,player-1,player-1
449,4,17,0.05112495273351669,player-2,12,8,16,9,player-2,player-2
449,5,17,0.05829101428389549,player-3,20,9,19,9,player-3,player-3
449,6,17,0.05916692316532135,player-4,23,12,25,12,player-4,player-4
449,7,18,0.05191587843000889,player-2,25,15,28,12,player-1,player-2
449,8,17,0.05879206582903862,player-2,27,20,33,12,player-2,player-2
449,9,17,0.059542013332247734,player-3,34,20,40,14,player-3,player-3
449,10,25,0.05887518636882305,none,34,22,41,19,player-4,none
449,11,17,0.053540803492069244,player-1,41,27,41,21,player-1,player-1
449,12,17,0.08279108442366123,player-2,43,30,48,30,player-2,player-2
449,13,17,0.06766710430383682,player-3,45,40,48,38,player-3,player-3
449,14,18,0.05929078906774521,player-1,50,45,52,40,player-4,player-1
450,1,19,0.062166014686226845,player-4,3,8,2,6,player-2,player-4
450,2,20,0.07720780558884144,player-2,6,16,3,9,player-3,player-2
450,3,17,0.07225014269351959,player-4,8,17,5,16,player-4,player-4
450,4,17,0.06720796227455139,player-1,12,19,12,18,player-1,player-1
450,5,17,0.0577080063521862,player-2,13,22,14,20,player-2,player-2
450,6,17,0.05095801316201687,player-3,14,22,16,20,player-3,player-3
450,7,19,0.06570899859070778,player-2,20,25,20,25,player-4,player-2
450,8,20,0.06716698408126831,player-4,26,27,22,29,player-1,player-4
450,9,20,0.06595812737941742,player-1,30,31,23,33,player-2,player-1
450,10,21,0.07458310574293137,player-3,32,31,34,36,player-3,player-3
450,11,17,0.0783340074121952,player-4,41,37,36,42,player-4,player-4
450,12,18,0.06529083475470543,player-2,46,47,39,46,player-1,player-2
450,13,17,0.07708417251706123,player-2,46,53,42,50,player-2,player-2
451,1,18,0.06187497638165951,player-2,2,1,4,3,player-1,player-2
451,2,19,0.0710408203303814,player-4,2,5,10,7,player-2,player-4
451,3,17,0.052165938541293144,player-3,5,8,11,7,player-3,player-3
451,4,19,0.06329105235636234,player-2,11,11,16,7,player-4,player-2
451,5,18,0.08208304643630981,player-2,21,22,20,14,player-1,player-2
451,6,17,0.0689169391989708,player-2,25,25,21,18,player-2,player-2
451,7,22,0.06583286449313164,player-4,31,29,23,27,player-3,player-4
451,8,18,0.0760830007493496,player-1,36,29,25,31,player-4,player-1
451,9,17,0.05670893006026745,player-1,40,29,25,34,player-1,player-1
451,10,17,0.06708293221890926,player-2,42,34,30,39,player-2,player-2
451,11,17,0.07104198448359966,player-3,44,39,37,39,player-3,player-3
451,12,17,0.055999960750341415,player-4,47,39,38,45,player-4,player-4
451,13,19,0.08220807649195194,player-3,50,44,41,48,player-1,player-3
451,14,24,0.07920805364847183,player-1,59,47,46,50,player-2,player-1
452,1,17,0.06233411841094494,player-1,8,2,3,2,player-1,player-1
452,2,17,0.06383401341736317,player-2,21,13,12,2,player-2,player-2
452,3,25,0.09924988262355328,player-3,21,15,16,5,player-3,player-3
452,4,17,0.07791700772941113,player-4,24,16,22,9,player-4,player-4
452,5,17,0.09079091250896454,player-1,31,18,23,12,player-1,player-1
452,6,19,0.08462485857307911,player-4,32,18,25,14,player-2,player-4
452,7,17,0.08279201574623585,player-3,43,18,36,16,player-3,player-3
452,8,17,0.060582999140024185,player-4,45,18,40,21,player-4,player-4
452,9,19,0.06849993951618671,player-3,47,18,41,25,player-1,player-3
452,10,17,0.07383408956229687,player-2,49,23,41,27,player-2,player-2
452,11,17,0.08533312939107418,player-3,55,23,49,32,player-3,player-3
453,1,19,0.09220791980624199,player-1,1,2,4,2,player-3,player-1
453,2,17,0.06754184141755104,player-4,2,5,4,7,player-4,player-4
453,3,17,0.13458309695124626,player-1,6,10,6,7,player-1,player-1
453,4,18,0.06866711191833019,player-3,10,16,12,7,player-2,player-3
453,5,18,0.06812508217990398,player-4,11,17,16,15,player-3,player-4
453,6,17,0.0711251050233841,player-4,13,24,16,20,player-4,player-4
453,7,17,0.06612483412027359,player-1,17,24,18,20,player-1,player-1
453,8,19,0.11054100468754768,player-4,24,26,30,23,player-2,player-4
453,9,17,0.0766250304877758,player-3,28,40,35,32,player-3,player-3
453,10,17,0.057833967730402946,player-4,28,42,35,34,player-4,player-4
453,11,19,0.07579196244478226,player-3,36,45,36,43,player-1,player-3
453,12,17,0.0575000885874033,player-2,43,50,38,45,player-2,player-2
453,13,17,0.05620904266834259,player-3,45,53,44,47,player-3,player-3
454,1,18,0.06333296187222004,player-1,1,7,0,4,player-4,player-1
454,2,17,0.05837506614625454,player-1,4,7,0,6,player-1,player-1
454,3,31,0.07512513548135757,none,7,9,1,9,player-2,none
454,4,18,0.06245914846658707,player-4,12,12,3,12,player-3,player-4
454,5,17,0.05983398295938969,player-4,16,15,6,16,player-4,player-4
454,6,17,0.06187497638165951,player-1,20,15,9,18,player-1,player-1
454,7,21,0.07974985055625439,player-2,21,18,11,21,player-2,player-2
454,8,17,0.05966704338788986,player-3,27,21,18,23,player-3,player-3
454,9,17,0.060584163293242455,player-4,31,21,24,28,player-4,player-4
454,10,17,0.07041590288281441,player-1,40,21,25,31,player-1,player-1
454,11,21,0.06570899859070778,player-2,40,30,27,33,player-2,player-2
454,12,17,0.05350005812942982,player-3,41,30,30,35,player-3,player-3
454,13,17,0.055791810154914856,player-4,45,31,31,37,player-4,player-4
454,14,20,0.08345884270966053,player-4,47,42,31,45,player-1,player-4
454,15,17,0.07200008258223534,player-2,50,50,32,45,player-2,player-2
454,16,18,0.06395811215043068,player-4,57,50,43,49,player-3,player-4
455,1,17,0.06320816464722157,player-1,4,1,4,1,player-1,player-1
455,2,18,0.07133395411074162,player-3,7,6,13,8,player-2,player-3
455,3,17,0.08999998681247234,player-3,10,7,18,11,player-3,player-3
455,4,17,0.0588749535381794,player-4,10,7,20,18,player-4,player-4
455,5,18,0.05845795385539532,player-2,13,9,20,19,player-1,player-2
455,6,17,0.051625072956085205,player-2,16,12,23,19,player-2,player-2
455,7,17,0.07491721771657467,player-3,18,17,37,20,player-3,player-3
455,8,19,0.0657911878079176,player-2,23,26,38,22,player-4,player-2
455,9,17,0.05708402022719383,player-1,31,28,44,31,player-1,player-1
455,10,18,0.07345806807279587,player-3,41,41,51,37,player-2,player-3
455,11,19,0.05466700531542301,player-1,47,43,53,38,player-3,player-1
456,1,17,0.07345783524215221,player-4,5,4,6,2,player-4,player-4
456,2,18,0.08237501606345177,player-2,9,7,11,7,player-1,player-2
456,3,18,0.05562487058341503,player-3,9,8,17,11,player-2,player-3
456,4,17,0.05337502807378769,player-3,12,11,19,15,player-3,player-3
456,5,17,0.05579204298555851,player-4,13,13,23,21,player-4,player-4
456,6,18,0.051459064707159996,player-2,15,17,25,23,player-1,player-2
456,7,18,0.06025005131959915,player-3,17,19,26,24,player-2,player-3
456,8,17,0.05904189310967922,player-3,20,23,39,25,player-3,player-3
456,9,18,0.059542013332247734,player-1,22,26,42,26,player-4,player-1
456,10,17,0.052999937906861305,player-1,24,28,48,27,player-1,player-1
456,11,18,0.0741251278668642,player-3,28,30,51,31,player-2,player-3
456,12,19,0.05433289334177971,player-1,33,30,55,33,player-3,player-1
456,13,17,0.05783303640782833,player-4,34,33,55,36,player-4,player-4
456,14,32,0.10437495075166225,player-4,37,38,56,41,player-1,player-4
456,15,19,0.06929202936589718,player-4,39,44,60,45,player-2,player-4
456,16,25,0.06962497718632221,player-3,41,46,65,46,player-3,player-3
457,1,17,0.08262507617473602,player-4,0,4,8,8,player-4,player-4
457,2,17,0.05950010381639004,player-1,2,6,11,8,player-1,player-1
457,3,17,0.06841705180704594,player-2,10,8,15,10,player-2,player-2
457,4,17,0.05566701292991638,player-3,10,8,19,12,player-3,player-3
457,5,20,0.06820796988904476,player-3,13,10,30,16,player-4,player-3
457,6,17,0.07570907473564148,player-1,18,15,33,19,player-1,player-1
457,7,18,0.05858391523361206,player-3,23,17,36,21,player-2,player-3
457,8,17,0.06854208186268806,player-3,24,17,40,22,player-3,player-3
457,9,23,0.06637489423155785,player-2,24,20,45,27,player-4,player-2
457,10,17,0.07091718725860119,player-1,30,22,51,30,player-1,player-1
457,11,18,0.057541998103260994,player-3,31,26,54,33,player-2,player-3
457,12,18,0.08845794945955276,player-4,34,30,63,35,player-3,player-4
457,13,18,0.06841705180704594,player-1,39,30,67,35,player-4,player-1
458,1,18,0.06420793943107128,player-3,1,4,4,5,player-2,player-3
458,2,20,0.0778338871896267,player-2,3,10,8,9,player-3,player-2
458,3,17,0.055833952501416206,player-4,5,12,19,11,player-4,player-4
458,4,23,0.07587508298456669,player-3,8,13,25,13,player-1,player-3
458,5,19,0.07033394649624825,player-4,15,14,31,27,player-2,player-4
458,6,17,0.06404193118214607,player-3,19,14,36,31,player-3,player-3
458,7,18,0.06233411841094494,player-1,22,21,39,37,player-4,player-1
458,8,18,0.05712499842047691,player-2,25,28,41,38,player-1,player-2
458,9,19,0.06612483412027359,player-4,28,32,43,42,player-2,player-4
458,10,18,0.06524985656142235,player-4,32,32,53,50,player-3,player-4
458,11,17,0.04650000482797623,player-4,32,35,53,57,player-4,player-4
458,12,17,0.07483293302357197,player-1,40,35,54,60,player-1,player-1
458,13,19,0.06712507456541061,player-4,46,39,59,69,player-2,player-4
459,1,17,0.06516696885228157,player-3,6,2,3,2,player-3,player-3
459,2,20,0.05979207344353199,player-3,8,3,5,5,player-4,player-3
459,3,17,0.08754082955420017,player-1,11,9,11,11,player-1,player-1
459,4,17,0.06212480366230011,player-2,14,18,16,18,player-2,player-2
459,5,19,0.06770784966647625,player-1,23,18,20,21,player-3,player-1
459,6,18,0.07612514309585094,player-1,26,24,20,23,player-4,player-1
459,7,17,0.0499160960316658,player-1,35,26,23,24,player-1,player-1
459,8,17,0.056582968682050705,player-2,39,28,23,27,player-2,player-2
459,9,18,0.07183314301073551,player-4,49,29,27,34,player-3,player-4
459,10,17,0.0689169391989708,player-4,50,32,27,38,player-4,player-4
459,11,17,0.06866687908768654,player-1,62,35,32,40,player-1,player-1
459,12,18,0.05283299833536148,player-3,66,38,34,42,player-2,player-3
460,1,18,0.07920898497104645,player-4,9,0,3,8,player-3,player-4
460,2,17,0.07204082794487476,player-4,14,4,7,13,player-4,player-4
460,3,18,0.07987488061189651,player-2,22,4,9,14,player-1,player-2
460,4,18,0.07620896212756634,player-3,24,4,10,16,player-2,player-3
460,5,18,0.06224983371794224,player-4,26,5,17,20,player-3,player-4
460,6,20,0.06420793943107128,player-3,32,14,18,28,player-4,player-3
460,7,17,0.058459118008613586,player-1,41,16,18,36,player-1,player-1
460,8,19,0.07237493991851807,player-4,44,19,21,45,player-2,player-4
460,9,17,0.06008311174809933,player-3,49,23,24,50,player-3,player-3
460,10,18,0.08433288894593716,player-1,64,23,33,52,player-4,player-1
460,11,20,0.0630419235676527,player-4,66,25,41,55,player-1,player-4
461,1,17,0.07112487219274044,player-4,6,5,8,3,player-4,player-4
461,2,19,0.13820803724229336,player-3,11,9,18,5,player-1,player-3
461,3,17,0.07741688750684261,player-2,13,12,21,11,player-2,player-2
461,4,17,0.05966704338788986,player-3,13,14,27,12,player-3,player-3
461,5,17,0.08062506094574928,player-4,18,14,32,19,player-4,player-4
461,6,24,0.07991702295839787,none,22,17,32,28,player-1,none
461,7,20,0.07083290256559849,player-1,22,20,45,30,player-2,player-1
461,8,17,0.07445900700986385,player-3,22,24,51,34,player-3,player-3
461,9,19,0.06654183380305767,player-2,29,28,55,38,player-4,player-2
461,10,17,0.06737513467669487,player-1,35,34,59,44,player-1,player-1
461,11,17,0.08545815944671631,player-2,35,45,64,50,player-2,player-2
461,12,17,0.06025005131959915,player-3,38,48,70,51,player-3,player-3
462,1,18,0.07358402945101261,player-1,6,3,7,10,player-4,player-1
462,2,18,0.08841697126626968,player-2,7,5,9,13,player-1,player-2
462,3,17,0.08320901542901993,player-2,13,9,16,21,player-2,player-2
462,4,18,0.06291689351201057,player-4,16,10,20,27,player-3,player-4
462,5,17,0.058374833315610886,player-4,20,12,24,32,player-4,player-4
462,6,19,0.07133395411074162,player-3,22,17,30,35,player-1,player-3
462,7,17,0.06587500683963299,player-2,28,19,33,39,player-2,player-2
462,8,17,0.07262500002980232,player-3,32,19,41,39,player-3,player-3
462,9,22,0.0849999487400055,player-1,34,24,47,40,player-4,player-1
462,10,19,0.0805421732366085,player-3,37,26,51,45,player-1,player-3
462,11,18,0.06379210390150547,player-3,40,29,55,48,player-2,player-3
462,12,17,0.06895815022289753,player-3,47,29,62,56,player-3,player-3
463,1,18,0.08650007657706738,player-3,5,12,1,0,player-2,player-3
463,2,19,0.08041714318096638,player-1,10,21,6,7,player-3,player-1
463,3,17,0.056374818086624146,player-4,10,21,7,15,player-4,player-4
463,4,17,0.05870778113603592,player-1,14,23,13,22,player-1,player-1
463,5,17,0.07783295586705208,player-2,22,32,19,29,player-2,player-2
463,6,20,0.07058284245431423,player-2,23,34,22,35,player-3,player-2
463,7,17,0.06620911881327629,player-4,23,36,32,38,player-4,player-4
463,8,17,0.0666249543428421,player-1,28,39,32,38,player-1,player-1
463,9,17,0.06291689351201057,player-2,28,44,33,41,player-2,player-2
463,10,20,0.07037515752017498,player-2,32,49,37,41,player-3,player-2
463,11,18,0.05175010301172733,player-1,33,52,38,42,player-4,player-1
463,12,21,0.0738748349249363,player-1,40,53,38,46,player-1,player-1
463,13,17,0.07604085840284824,player-2,42,56,41,47,player-2,player-2
464,1,17,0.06874999962747097,player-2,1,4,5,6,player-2,player-2
464,2,17,0.09749992750585079,player-3,11,7,17,10,player-3,player-3
464,3,17,0.0825000461190939,player-4,11,9,22,17,player-4,player-4
464,4,24,0.08199992589652538,player-4,12,14,30,19,player-1,player-4
464,5,18,0.07287506014108658,player-3,16,18,36,21,player-2,player-3
464,6,18,0.08212495595216751,player-4,21,20,38,29,player-3,player-4
464,7,19,0.06845803000032902,player-2,26,22,38,35,player-4,player-2
464,8,17,0.08379202336072922,player-1,28,27,40,42,player-1,player-1
464,9,17,0.07562502287328243,player-2,28,33,47,51,player-2,player-2
464,10,17,0.09337486699223518,player-3,31,35,55,55,player-3,player-3
464,11,18,0.07808301597833633,player-1,35,38,55,57,player-4,player-1
464,12,23,0.08254195563495159,player-3,43,44,62,65,player-1,player-3
465,1,17,0.07070810534060001,player-1,2,1,4,2,player-1,player-1
465,2,18,0.06570899859070778,player-3,3,7,10,6,player-2,player-3
465,3,18,0.07266690954566002,player-4,11,11,18,16,player-3,player-4
465,4,20,0.08620787411928177,player-3,15,13,27,19,player-4,player-3
465,5,17,0.05291705019772053,player-1,18,13,29,23,player-1,player-1
465,6,17,0.06274995394051075,player-2,21,18,33,23,player-2,player-2
465,7,20,0.07733306847512722,player-2,30,19,37,30,player-3,player-2
465,8,19,0.09033316746354103,player-2,31,23,41,32,player-4,player-2
465,9,17,0.06695790216326714,player-1,33,26,43,34,player-1,player-1
465,10,19,0.09283307008445263,player-4,36,35,47,44,player-2,player-4
465,11,18,0.0655418261885643,player-4,39,38,51,48,player-3,player-4
465,12,17,0.05933316424489021,player-4,41,42,54,51,player-4,player-4
465,13,18,0.06970809772610664,player-2,50,53,62,56,player-1,player-2
466,1,18,0.0777500681579113,player-2,3,4,7,8,player-1,player-2
466,2,18,0.057999975979328156,player-3,8,6,7,14,player-2,player-3
466,3,18,0.05175010301172733,player-4,13,8,9,20,player-3,player-4
466,4,18,0.06562494672834873,player-1,14,13,13,22,player-4,player-1
466,5,18,0.06816582754254341,player-2,18,19,17,22,player-1,player-2
466,6,17,0.06125005893409252,player-2,21,22,19,24,player-2,player-2
466,7,21,0.08616596460342407,player-3,23,24,30,24,player-3,player-3
466,8,17,0.07837498560547829,player-4,25,27,32,32,player-4,player-4
466,9,18,0.056833960115909576,player-2,28,36,32,34,player-1,player-2
466,10,17,0.06329105235636234,player-2,32,42,36,37,player-2,player-2
466,11,17,0.06450014188885689,player-3,35,42,43,40,player-3,player-3
466,12,17,0.07466692477464676,player-4,39,48,53,42,player-4,player-4
466,13,17,0.077791977673769,player-1,48,60,62,42,player-1,player-1
467,1,17,0.0594588927924633,player-1,16,4,5,0,player-1,player-1
467,2,18,0.061542028561234474,player-3,18,8,9,3,player-2,player-3
467,3,17,0.08679181337356567,player-3,22,16,15,9,player-3,player-3
467,4,17,0.05829217843711376,player-4,28,19,21,15,player-4,player-4
467,5,21,0.06699981167912483,player-1,35,21,27,20,player-1,player-1
467,6,17,0.07554213516414165,player-2,40,26,30,26,player-2,player-2
467,7,20,0.07375003769993782,player-2,48,29,35,27,player-3,player-2
467,8,17,0.050833914428949356,player-4,50,33,35,33,player-4,player-4
467,9,17,0.06479211151599884,player-1,57,33,35,36,player-1,player-1
467,10,17,0.07362500764429569,player-2,60,37,42,39,player-2,player-2
468,1,17,0.06920797750353813,player-3,4,6,6,3,player-3,player-3
468,2,18,0.06612506695091724,player-1,9,12,19,5,player-4,player-1
468,3,18,0.06020907312631607,player-2,11,18,23,11,player-1,player-2
468,4,17,0.07412489503622055,player-2,19,23,25,15,player-2,player-2
468,5,17,0.05050003528594971,player-3,21,23,32,15,player-3,player-3
468,6,18,0.05733291618525982,player-1,28,26,37,21,player-4,player-1
468,7,17,0.07612491026520729,player-1,38,28,45,22,player-1,player-1
468,8,18,0.056459102779626846,player-3,38,33,51,23,player-2,player-3
468,9,17,0.06487499922513962,player-3,42,37,55,26,player-3,player-3
468,10,19,0.05904189310967922,player-2,46,47,60,29,player-4,player-2
469,1,20,0.06179208867251873,player-4,1,2,3,4,player-1,player-4
469,2,24,0.0913750845938921,player-1,4,4,3,10,player-2,player-1
469,3,17,0.06295810453593731,player-3,10,4,9,11,player-3,player-3
469,4,18,0.06829202175140381,player-1,16,4,11,15,player-4,player-1
469,5,17,0.08987495675683022,player-1,24,6,14,19,player-1,player-1
469,6,18,0.13616704382002354,player-3,34,6,18,26,player-2,player-3
469,7,19,0.07408391684293747,player-1,43,15,21,27,player-3,player-1
469,8,17,0.06274995394051075,player-4,45,19,22,29,player-4,player-4
469,9,17,0.06895908154547215,player-1,49,22,24,30,player-1,player-1
469,10,17,0.05891593173146248,player-2,55,22,30,31,player-2,player-2
469,11,22,0.06225006654858589,none,58,24,31,34,player-3,none
469,12,17,0.06879097782075405,player-4,58,29,41,44,player-4,player-4
469,13,17,0.06824987940490246,player-1,61,31,43,44,player-1,player-1
470,1,26,0.10458286851644516,player-1,0,5,2,6,player-4,player-1
470,2,17,0.05820789374411106,player-1,4,7,2,6,player-1,player-1
470,3,18,0.07770792581140995,player-3,6,12,5,7,player-2,player-3
470,4,18,0.06791693158447742,player-4,11,16,7,10,player-3,player-4
470,5,26,0.06654183380305767,none,11,17,9,13,player-4,none
470,6,17,0.06337510421872139,player-1,14,21,11,17,player-1,player-1
470,7,18,0.09979191236197948,player-3,22,25,13,20,player-2,player-3
470,8,17,0.05850009620189667,player-3,27,30,19,20,player-3,player-3
470,9,17,0.06229197606444359,player-4,33,31,23,24,player-4,player-4
470,10,19,0.0719169620424509,player-3,41,35,27,26,player-1,player-3
470,11,18,0.063000014051795,player-3,42,39,29,30,player-2,player-3
470,12,18,0.051999930292367935,player-4,43,41,33,36,player-3,player-4
470,13,20,0.08083297871053219,player-3,46,51,44,36,player-4,player-3
470,14,18,0.07124990224838257,player-2,46,52,45,40,player-1,player-2
470,15,20,0.06816699169576168,player-1,50,54,48,40,player-2,player-1
470,16,17,0.05712499842047691,player-3,50,56,52,43,player-3,player-3
471,1,18,0.06975000724196434,player-1,5,2,3,0,player-4,player-1
471,2,18,0.07750000804662704,player-2,17,3,12,0,player-1,player-2
471,3,17,0.05445792339742184,player-2,21,11,15,0,player-2,player-2
471,4,18,0.06791716441512108,player-4,23,15,16,11,player-3,player-4
471,5,19,0.07370882667601109,player-2,27,18,26,18,player-4,player-2
471,6,20,0.05991593934595585,player-4,31,20,26,20,player-1,player-4
471,7,19,0.07904088124632835,player-4,32,22,31,31,player-2,player-4
471,8,18,0.06483308970928192,player-4,35,23,34,36,player-3,player-4
471,9,17,0.061791855841875076,player-4,38,26,38,43,player-4,player-4
471,10,22,0.0762909185141325,player-2,48,32,42,47,player-1,player-2
471,11,18,0.07262500002980232,player-3,51,39,43,50,player-2,player-3
471,12,32,0.12554205022752285,player-2,52,44,48,50,player-3,player-2
472,1,17,0.08450006134808064,player-1,3,3,1,0,player-1,player-1
472,2,17,0.07104198448359966,player-2,6,5,1,3,player-2,player-2
472,3,19,0.07150019519031048,player-1,11,9,8,5,player-3,player-1
472,4,18,0.06954208947718143,player-1,14,9,13,8,player-4,player-1
472,5,17,0.07629184983670712,player-1,22,12,13,9,player-1,player-1
472,6,25,0.07508299313485622,none,24,19,15,11,player-2,none
472,7,18,0.060999998822808266,player-4,24,20,18,15,player-3,player-4
472,8,17,0.0788751058280468,player-4,31,29,19,16,player-4,player-4
472,9,18,0.06858306005597115,player-2,35,30,19,19,player-1,player-2
472,10,17,0.07750000804662704,player-2,44,39,21,20,player-2,player-2
472,11,17,0.08095800876617432,player-3,51,41,29,24,player-3,player-3
472,12,20,0.0666249543428421,player-3,52,42,32,26,player-4,player-3
472,13,17,0.07291603833436966,player-1,56,43,40,26,player-1,player-1
472,14,26,0.0815829262137413,player-3,57,46,51,29,player-2,player-3
473,1,17,0.059499870985746384,player-3,0,4,6,4,player-3,player-3
473,2,18,0.07837498560547829,player-1,6,4,16,5,player-4,player-1
473,3,17,0.07858290337026119,player-1,10,9,18,7,player-1,player-1
473,4,17,0.06354087963700294,player-2,13,11,20,12,player-2,player-2
473,5,19,0.06158393807709217,player-1,20,11,29,18,player-3,player-1
473,6,17,0.06033293902873993,player-4,20,11,32,26,player-4,player-4
473,7,17,0.12424984015524387,player-1,25,17,37,34,player-1,player-1
473,8,17,0.06654206663370132,player-2,34,19,42,34,player-2,player-2
473,9,20,0.08479203097522259,player-2,40,25,44,44,player-3,player-2
473,10,17,0.07125013507902622,player-4,40,36,49,45,player-4,player-4
473,11,22,0.07704203017055988,player-2,43,45,53,48,player-1,player-2
473,12,37,0.11095893569290638,player-2,47,51,54,52,player-2,player-2
474,1,18,0.06758305244147778,player-1,3,0,0,10,player-4,player-1
474,2,21,0.07395888678729534,player-1,7,0,4,15,player-1,player-1
474,3,19,0.06574997678399086,player-4,10,0,8,18,player-2,player-4
474,4,22,0.07704179733991623,player-4,13,2,11,23,player-3,player-4
474,5,18,0.06445799954235554,player-1,17,8,18,27,player-4,player-1
474,6,20,0.07470883429050446,player-4,19,10,20,30,player-1,player-4
474,7,17,0.07449998520314693,player-2,21,16,23,34,player-2,player-2
474,8,18,0.05916692316532135,player-4,21,20,28,38,player-3,player-4
474,9,17,0.05425000563263893,player-4,23,20,32,41,player-4,player-4
474,10,17,0.05250005051493645,player-1,28,22,33,43,player-1,player-1
474,11,17,0.07016700692474842,player-2,28,27,37,43,player-2,player-2
474,12,17,0.05712499842047691,player-3,28,28,43,47,player-3,player-3
474,13,17,0.05362485535442829,player-4,31,31,43,47,player-4,player-4
474,14,19,0.0702498946338892,player-3,35,33,49,51,player-1,player-3
474,15,18,0.06050011143088341,player-3,39,34,50,53,player-2,player-3
474,16,17,0.06512505933642387,player-3,47,35,58,53,player-3,player-3
475,1,19,0.11108280159533024,player-4,4,0,13,4,player-2,player-4
475,2,24,0.0726659782230854,player-2,6,3,13,5,player-3,player-2
475,3,18,0.0590828713029623,player-1,12,10,13,10,player-4,player-1
475,4,23,0.10037492029368877,player-3,20,17,17,11,player-1,player-3
475,5,20,0.07745902985334396,player-1,24,20,24,15,player-2,player-1
475,6,18,0.0819170381873846,player-4,31,25,34,18,player-3,player-4
475,7,17,0.06270897574722767,player-4,34,30,44,21,player-4,player-4
475,8,17,0.08825003169476986,player-1,36,32,50,23,player-1,player-1
475,9,24,0.09212503209710121,player-1,45,34,52,28,player-2,player-1
475,10,17,0.06041605956852436,player-3,45,34,57,28,player-3,player-3
476,1,20,0.060999998822808266,player-3,5,1,5,2,player-4,player-3
476,2,17,0.05133310332894325,player-1,8,3,7,4,player-1,player-1
476,3,17,0.06908318027853966,player-2,15,9,9,7,player-2,player-2
476,4,19,0.07720780558884144,player-1,25,19,14,15,player-3,player-1
476,5,18,0.07191603071987629,player-1,29,25,15,19,player-4,player-1
476,6,18,0.0754999928176403,player-2,33,35,19,21,player-1,player-2
476,7,17,0.06133317947387695,player-2,41,41,28,21,player-2,player-2
476,8,18,0.05583302117884159,player-4,41,44,34,27,player-3,player-4
476,9,17,0.06287498399615288,player-4,46,44,42,35,player-4,player-4
476,10,17,0.06933300755918026,player-1,51,47,46,36,player-1,player-1
476,11,20,0.06970809772610664,player-1,62,48,46,39,player-2,player-1
477,1,19,0.069082947447896,player-1,1,0,2,5,player-3,player-1
477,2,18,0.06258301436901093,player-1,4,2,3,6,player-4,player-1
477,3,17,0.05666585639119148,player-1,5,2,6,6,player-1,player-1
477,4,19,0.06858282722532749,player-4,5,4,9,12,player-2,player-4
477,5,17,0.07233396172523499,player-3,14,4,16,16,player-3,player-3
477,6,18,0.06224983371794224,player-1,24,9,25,17,player-4,player-1
477,7,18,0.05874992348253727,player-2,29,12,25,18,player-1,player-2
477,8,21,0.05587493069469929,none,34,16,25,18,player-2,none
477,9,18,0.05174987018108368,player-4,36,16,25,28,player-3,player-4
477,10,17,0.07870816625654697,player-4,40,24,25,29,player-4,player-4
477,11,26,0.07208297029137611,none,41,30,29,31,player-1,none
477,12,17,0.08533289656043053,player-2,48,43,34,33,player-2,player-2
477,13,17,0.05433405749499798,player-3,48,44,40,33,player-3,player-3
477,14,17,0.06225006654858589,player-4,51,52,42,42,player-4,player-4
477,15,17,0.058125006034970284,player-1,59,54,43,42,player-1,player-1
478,1,17,0.05987519398331642,player-2,3,6,4,7,player-2,player-2
478,2,17,0.05316687747836113,player-3,5,7,15,7,player-3,player-3
478,3,27,0.06995792500674725,none,5,13,19,7,player-4,none
478,4,18,0.06308313459157944,player-2,14,18,26,12,player-1,player-2
478,5,17,0.05574990063905716,player-2,14,25,28,16,player-2,player-2
478,6,16,0.0425002072006464,none,21,27,28,16,player-3,none
478,7,28,0.0665830448269844,none,21,27,28,17,player-4,none
478,8,18,0.055165961384773254,player-2,22,27,34,18,player-1,player-2
478,9,18,0.06516696885228157,player-3,25,32,34,20,player-2,player-3
478,10,27,0.09479210712015629,none,29,38,43,23,player-3,none
478,11,17,0.07870793342590332,player-4,37,46,52,29,player-4,player-4
478,12,19,0.07520895451307297,player-3,39,47,53,34,player-1,player-3
478,13,17,0.07745809853076935,player-2,44,53,55,41,player-2,player-2
478,14,17,0.05470798350870609,player-3,48,53,56,44,player-3,player-3
479,1,20,0.05833292379975319,player-3,0,4,0,4,player-4,player-3
479,2,17,0.06520911119878292,player-1,7,6,3,7,player-1,player-1
479,3,17,0.05783303640782833,player-2,12,8,3,10,player-2,player-2
479,4,17,0.06325007416307926,player-3,15,12,13,10,player-3,player-3
479,5,18,0.05791708827018738,player-1,19,12,15,16,player-4,player-1
479,6,18,0.06779213435947895,player-2,26,15,19,21,player-1,player-2
479,7,18,0.07333303801715374,player-3,36,15,20,25,player-2,player-3
479,8,18,0.06437511183321476,player-4,40,26,21,27,player-3,player-4
479,9,17,0.06124982610344887,player-4,43,26,22,36,player-4,player-4
479,10,18,0.04970794543623924,player-2,44,31,26,37,player-1,player-2
479,11,17,0.06779097020626068,player-2,49,40,27,44,player-2,player-2
479,12,18,0.07562502287328243,player-4,50,40,32,50,player-3,player-4
479,13,17,0.08241599425673485,player-4,50,48,34,59,player-4,player-4
480,1,17,0.053167110309004784,player-2,2,6,2,0,player-2,player-2
480,2,17,0.08320785127580166,player-3,8,7,11,0,player-3,player-3
480,3,17,0.069458968937397,player-4,11,9,20,12,player-4,player-4
480,4,17,0.053625088185071945,player-1,14,9,21,13,player-1,player-1
480,5,18,0.07720896974205971,player-3,18,20,21,21,player-2,player-3
480,6,17,0.08041597902774811,player-3,26,23,25,24,player-3,player-3
480,7,27,0.08241599425673485,player-2,35,27,29,28,player-4,player-2
480,8,17,0.06429199129343033,player-1,39,31,32,28,player-1,player-1
480,9,21,0.06674998439848423,player-2,40,36,34,34,player-2,player-2
480,10,17,0.05954108200967312,player-3,45,36,42,35,player-3,player-3
480,11,17,0.055666081607341766,player-4,53,41,44,41,player-4,player-4
480,12,17,0.057416968047618866,player-1,58,41,46,43,player-1,player-1
481,1,17,0.06295787170529366,player-3,0,1,2,4,player-3,player-3
481,2,18,0.06795884110033512,player-1,1,3,4,12,player-4,player-1
481,3,19,0.07641687989234924,player-3,5,7,9,14,player-1,player-3
481,4,20,0.07395795546472073,player-1,12,10,9,14,player-2,player-1
481,5,30,0.10295910760760307,player-4,18,31,14,18,player-3,player-4
481,6,17,0.0863329041749239,player-4,18,34,15,25,player-4,player-4
481,7,17,0.07554097101092339,player-1,32,34,18,25,player-1,player-1
481,8,20,0.13287481851875782,player-1,36,39,27,25,player-2,player-1
481,9,17,0.063000014051795,player-3,37,41,32,26,player-3,player-3
481,10,21,0.07754098623991013,player-4,40,47,37,31,player-4,player-4
481,11,17,0.060125021263957024,player-1,48,49,39,31,player-1,player-1
481,12,18,0.06425008177757263,player-3,48,52,39,36,player-2,player-3
481,13,17,0.061374856159090996,player-3,48,57,46,36,player-3,player-3
481,14,24,0.08254195563495159,none,48,62,48,41,player-4,none
482,1,18,0.06658281199634075,player-3,6,3,4,0,player-2,player-3
482,2,17,0.06562494672834873,player-3,9,6,8,4,player-3,player-3
482,3,17,0.07125013507902622,player-4,14,13,10,9,player-4,player-4
482,4,17,0.05587493069469929,player-1,21,13,15,15,player-1,player-1
482,5,17,0.06345799192786217,player-2,28,19,17,15,player-2,player-2
482,6,17,0.07800012826919556,player-3,28,26,21,15,player-3,player-3
482,7,17,0.0707919243723154,player-4,29,26,25,17,player-4,player-4
482,8,21,0.07633306086063385,none,31,26,32,17,player-1,none
482,9,17,0.07191603071987629,player-2,36,34,39,27,player-2,player-2
482,10,18,0.07979199290275574,player-4,36,35,43,37,player-3,player-4
482,11,18,0.07087504491209984,player-1,37,45,49,38,player-4,player-1
482,12,20,0.10062498040497303,player-4,37,46,52,47,player-1,player-4
482,13,17,0.0639590434730053,player-2,40,48,54,49,player-2,player-2
482,14,17,0.07099984213709831,player-3,40,54,65,50,player-3,player-3
483,1,17,0.0654999166727066,player-4,4,0,0,15,player-4,player-4
483,2,27,0.07433397695422173,none,5,2,6,18,player-1,none
483,3,17,0.054582953453063965,player-2,8,5,11,21,player-2,player-2
483,4,18,0.06929179653525352,player-4,10,7,13,21,player-3,player-4
483,5,17,0.10704179294407368,player-4,23,15,21,28,player-4,player-4
483,6,17,0.06129196844995022,player-1,30,17,26,30,player-1,player-1
483,7,17,0.0702079851180315,player-2,31,24,31,36,player-2,player-2
483,8,18,0.06637489423155785,player-4,32,25,34,36,player-3,player-4
483,9,18,0.07379194721579552,player-1,39,27,35,39,player-4,player-1
483,10,17,0.0707919243723154,player-1,43,29,36,41,player-1,player-1
483,11,17,0.06629200652241707,player-2,45,38,36,41,player-2,player-2
483,12,17,0.06733415648341179,player-3,51,43,39,45,player-3,player-3
483,13,17,0.08487491868436337,player-4,61,46,49,48,player-4,player-4
484,1,18,0.07554213516414165,player-1,3,0,2,4,player-4,player-1
484,2,20,0.09200000204145908,player-4,3,0,8,13,player-1,player-4
484,3,18,0.07062498480081558,player-3,3,3,10,19,player-2,player-3
484,4,19,0.12724986299872398,player-1,12,5,15,24,player-3,player-1
484,5,18,0.06258278153836727,player-1,22,12,15,30,player-4,player-1
484,6,18,0.05779205821454525,player-2,26,19,18,34,player-1,player-2
484,7,20,0.07383385673165321,player-1,33,19,23,35,player-2,player-1
484,8,22,0.09508314542472363,player-4,39,23,30,41,player-3,player-4
484,9,17,0.09470805525779724,player-4,41,27,42,43,player-4,player-4
484,10,17,0.06037508137524128,player-1,42,27,44,47,player-1,player-1
484,11,19,0.08154218085110188,player-4,47,32,48,59,player-2,player-4
484,12,17,0.06291689351201057,player-3,50,35,52,60,player-3,player-3
485,1,17,0.07237493991851807,player-1,1,3,0,0,player-1,player-1
485,2,18,0.06874999962747097,player-3,7,11,1,0,player-2,player-3
485,3,18,0.054042087867856026,player-4,10,13,3,2,player-3,player-4
485,4,17,0.07837498560547829,player-4,11,17,5,11,player-4,player-4
485,5,18,0.05645793862640858,player-2,19,22,7,11,player-1,player-2
485,6,17,0.058542005717754364,player-2,21,24,8,15,player-2,player-2
485,7,17,0.05854107439517975,player-3,22,24,11,18,player-3,player-3
485,8,17,0.07229205220937729,player-4,25,26,15,20,player-4,player-4
485,9,19,0.06541679613292217,player-3,27,26,22,25,player-1,player-3
485,10,18,0.06983312778174877,player-3,34,27,29,25,player-2,player-3
485,11,18,0.06083282642066479,player-4,34,29,33,31,player-3,player-4
485,12,17,0.09741680696606636,player-4,44,31,36,39,player-4,player-4
485,13,17,0.06662518717348576,player-1,57,31,42,41,player-1,player-1
485,14,17,0.06466708146035671,player-2,59,34,44,42,player-2,player-2
486,1,17,0.06670900620520115,player-3,3,1,18,0,player-3,player-3
486,2,17,0.06733392365276814,player-4,4,8,20,2,player-4,player-4
486,3,17,0.05250005051493645,player-1,5,10,22,2,player-1,player-1
486,4,18,0.06087496876716614,player-3,12,11,31,2,player-2,player-3
486,5,19,0.05829101428389549,player-1,15,13,32,3,player-3,player-1
486,6,18,0.054208096116781235,player-1,21,13,34,5,player-4,player-1
486,7,19,0.06370805203914642,player-3,21,16,40,6,player-1,player-3
486,8,19,0.06620795466005802,player-4,26,18,45,9,player-2,player-4
486,9,17,0.05391589365899563,player-3,27,21,49,13,player-3,player-3
486,10,25,0.07666600868105888,player-4,29,28,52,18,player-4,player-4
486,11,18,0.0766669400036335,player-2,31,36,55,21,player-1,player-2
486,12,17,0.0730419997125864,player-2,42,38,63,22,player-2,player-2
487,1,17,0.062208157032728195,player-4,4,0,0,3,player-4,player-4
487,2,20,0.07941690273582935,player-4,9,1,2,12,player-1,player-4
487,3,26,0.0777081586420536,player-3,14,7,5,13,player-2,player-3
487,4,17,0.07366691716015339,player-3,14,8,11,15,player-3,player-3
487,5,19,0.07354188710451126,player-2,16,16,13,18,player-4,player-2
487,6,17,0.06975000724196434,player-1,23,25,17,20,player-1,player-1
487,7,18,0.0666249543428421,player-3,23,27,21,28,player-2,player-3
487,8,18,0.06683403626084328,player-4,29,29,25,31,player-3,player-4
487,9,24,0.05870801396667957,none,29,34,26,33,player-4,none
487,10,19,0.0627501867711544,player-3,33,41,30,39,player-1,player-3
487,11,21,0.08004205301404,player-2,37,43,33,43,player-2,player-2
487,12,23,0.0747081357985735,player-1,42,46,41,46,player-3,player-1
487,13,21,0.07587508298456669,player-4,51,48,43,52,player-4,player-4
488,1,17,0.08124997839331627,player-1,10,0,6,4,player-1,player-1
488,2,18,0.06870809011161327,player-3,15,1,10,10,player-2,player-3
488,3,23,0.06554205901920795,none,15,4,11,12,player-3,none
488,4,17,0.05829194560647011,player-4,16,4,13,18,player-4,player-4
488,5,20,0.06070802919566631,player-4,22,5,19,19,player-1,player-4
488,6,17,0.06458419375121593,player-2,27,10,22,23,player-2,player-2
488,7,21,0.06504100747406483,player-3,30,11,28,23,player-3,player-3
488,8,19,0.07204199209809303,player-2,31,18,30,24,player-4,player-2
488,9,18,0.06074993871152401,player-2,37,26,38,26,player-1,player-2
488,10,18,0.06541702896356583,player-3,44,27,40,28,player-2,player-3
488,11,17,0.051791081205010414,player-3,44,31,47,31,player-3,player-3
488,12,17,0.06870785728096962,player-4,46,33,51,38,player-4,player-4
488,13,17,0.06562494672834873,player-1,57,40,60,48,player-1,player-1
489,1,17,0.06937514990568161,player-3,3,5,3,0,player-3,player-3
489,2,17,0.07704109884798527,player-4,5,11,8,1,player-4,player-4
489,3,17,0.05908403545618057,player-1,13,14,9,1,player-1,player-1
489,4,20,0.06587477400898933,player-1,17,18,9,3,player-2,player-1
489,5,17,0.06758398376405239,player-3,18,19,15,5,player-3,player-3
489,6,18,0.063000014051795,player-1,26,23,21,8,player-4,player-1
489,7,17,0.05604187026619911,player-1,31,23,21,10,player-1,player-1
489,8,19,0.0666249543428421,player-4,35,29,27,15,player-2,player-4
489,9,19,0.06808293983340263,player-1,46,33,31,19,player-3,player-1
489,10,17,0.05874992348253727,player-4,55,36,35,21,player-4,player-4
489,11,24,0.07341592572629452,player-4,57,38,37,22,player-1,player-4
489,12,17,0.09474996477365494,player-2,63,54,41,25,player-2,player-2
490,1,17,0.05875015631318092,player-3,4,3,5,0,player-3,player-3
490,2,29,0.08058315142989159,player-4,4,11,8,4,player-4,player-4
490,3,17,0.08437503129243851,player-1,14,13,15,5,player-1,player-1
490,4,18,0.07570907473564148,player-3,15,17,20,10,player-2,player-3
490,5,17,0.07095793262124062,player-3,18,22,27,10,player-3,player-3
490,6,17,0.07166690193116665,player-4,19,22,35,19,player-4,player-4
490,7,17,0.0664170365780592,player-1,23,22,41,19,player-1,player-1
490,8,21,0.061750179156661034,player-2,23,36,45,24,player-2,player-2
490,9,17,0.07691700011491776,player-3,31,41,49,28,player-3,player-3
490,10,17,0.07100007496774197,player-4,34,46,56,32,player-4,player-4
490,11,17,0.053791794925928116,player-1,42,49,57,33,player-1,player-1
490,12,33,0.10829116217792034,none,43,54,59,36,player-2,none
491,1,17,0.08637504652142525,player-1,5,1,4,1,player-1,player-1
491,2,17,0.06779120303690434,player-2,6,5,4,8,player-2,player-2
491,3,18,0.08229096420109272,player-4,8,9,8,9,player-3,player-4
491,4,18,0.05437503568828106,player-1,10,10,9,9,player-4,player-1
491,5,19,0.0668747816234827,player-3,12,10,9,11,player-1,player-3
491,6,17,0.07387506775557995,player-2,13,19,11,15,player-2,player-2
491,7,23,0.07204199209809303,none,18,21,12,20,player-3,none
491,8,19,0.06125005893409252,player-2,20,24,16,21,player-4,player-2
491,9,23,0.07345899939537048,player-3,21,29,21,23,player-1,player-3
491,10,18,0.07687509059906006,player-3,25,38,25,27,player-2,player-3
491,11,17,0.07845810614526272,player-3,25,41,34,30,player-3,player-3
491,12,18,0.07916614413261414,player-1,32,44,37,34,player-4,player-1
491,13,20,0.06687501445412636,player-4,32,51,45,35,player-1,player-4
491,14,17,0.06016693077981472,player-2,35,52,49,37,player-2,player-2
491,15,18,0.07149996235966682,player-4,36,53,51,43,player-3,player-4
491,16,19,0.07683411240577698,player-2,37,57,53,51,player-4,player-2
492,1,18,0.08237501606345177,player-2,0,4,2,0,player-1,player-2
492,2,17,0.07275003008544445,player-2,2,19,6,4,player-2,player-2
492,3,17,0.06458396092057228,player-3,3,28,7,4,player-3,player-3
492,4,17,0.06762496195733547,player-4,9,31,16,7,player-4,player-4
492,5,17,0.061208149418234825,player-1,19,31,24,10,player-1,player-1
492,6,23,0.08416688069701195,player-4,23,34,26,16,player-2,player-4
492,7,17,0.11474988423287868,player-3,29,38,39,21,player-3,player-3
492,8,20,0.09545800276100636,player-3,35,45,48,24,player-4,player-3
492,9,17,0.05250005051493645,player-1,37,48,50,25,player-1,player-1
492,10,18,0.07929187268018723,player-3,50,54,62,25,player-2,player-3
493,1,18,0.08437479846179485,player-4,2,7,6,7,player-3,player-4
493,2,21,0.06754091009497643,player-4,4,9,8,10,player-4,player-4
493,3,18,0.07445784285664558,player-2,5,15,15,17,player-1,player-2
493,4,20,0.06579211913049221,player-1,19,19,16,19,player-2,player-1
493,5,17,0.05775014869868755,player-3,22,22,21,23,player-3,player-3
493,6,19,0.062499893829226494,player-2,23,25,28,24,player-4,player-2
493,7,17,0.05687493830919266,player-1,28,27,33,31,player-1,player-1
493,8,17,0.07908418774604797,player-2,32,30,35,36,player-2,player-2
493,9,17,0.06016693077981472,player-3,34,34,41,36,player-3,player-3
493,10,19,0.06295787170529366,player-2,34,35,43,38,player-4,player-2
493,11,19,0.08312496356666088,player-3,40,40,49,45,player-1,player-3
493,12,20,0.09724986739456654,player-1,58,43,53,46,player-2,player-1
494,1,17,0.07391697727143764,player-1,13,2,3,2,player-1,player-1
494,2,17,0.06741611286997795,player-2,13,7,6,2,player-2,player-2
494,3,19,0.06741704419255257,player-1,15,14,10,2,player-3,player-1
494,4,18,0.058999983593821526,player-1,23,18,10,3,player-4,player-1
494,5,19,0.06083305925130844,player-3,26,18,15,5,player-1,player-3
494,6,17,0.09345798753201962,player-2,32,24,20,7,player-2,player-2
494,7,18,0.07320893928408623,player-4,40,25,30,10,player-3,player-4
494,8,17,0.06474996916949749,player-4,46,30,37,19,player-4,player-4
494,9,18,0.05725002847611904,player-2,49,30,40,23,player-1,player-2
494,10,18,0.06454181857407093,player-3,52,33,47,25,player-2,player-3
494,11,18,0.06987503729760647,player-4,52,36,51,31,player-3,player-4
495,1,17,0.06433296948671341,player-2,0,10,3,1,player-2,player-2
495,2,17,0.06350013427436352,player-3,4,12,10,3,player-3,player-3
495,3,18,0.0666249543428421,player-1,5,15,15,5,player-4,player-1
495,4,17,0.07554120384156704,player-1,9,18,17,7,player-1,player-1
495,5,18,0.06570806726813316,player-3,12,20,23,7,player-2,player-3
495,6,19,0.10724994353950024,player-1,20,25,35,13,player-3,player-1
495,7,19,0.06895815022289753,player-2,22,30,43,14,player-4,player-2
495,8,21,0.06933393888175488,player-1,23,36,43,22,player-1,player-1
495,9,22,0.0689169391989708,player-3,24,41,49,24,player-2,player-3
495,10,21,0.07258309051394463,player-3,24,42,58,26,player-3,player-3
495,11,17,0.04945811815559864,player-4,26,42,58,32,player-4,player-4
495,12,19,0.058165984228253365,player-3,26,42,61,43,player-1,player-3
495,13,17,0.08033309131860733,player-2,29,47,64,45,player-2,player-2
495,14,17,0.056625111028552055,player-3,36,47,70,48,player-3,player-3
496,1,17,0.0590828713029623,player-2,1,10,5,0,player-2,player-2
496,2,28,0.10599987581372261,player-2,12,23,12,3,player-3,player-2
496,3,17,0.07083313539624214,player-4,20,30,14,8,player-4,player-4
496,4,20,0.0616670586168766,player-4,26,30,16,19,player-1,player-4
496,5,17,0.0802499707788229,player-2,28,38,24,27,player-2,player-2
496,6,17,0.06337510421872139,player-3,32,46,32,34,player-3,player-3
496,7,17,0.055208103731274605,player-4,35,48,32,39,player-4,player-4
496,8,17,0.07087504491209984,player-1,44,52,32,42,player-1,player-1
496,9,20,0.08412497118115425,player-1,50,57,32,43,player-2,player-1
497,1,20,0.0713749323040247,player-2,3,3,1,4,player-3,player-2
497,2,19,0.0602079089730978,player-2,4,11,3,6,player-4,player-2
497,3,17,0.06429199129343033,player-1,9,12,3,6,player-1,player-1
497,4,18,0.053416937589645386,player-3,11,14,8,10,player-2,player-3
497,5,17,0.05141599103808403,player-3,11,14,13,10,player-3,player-3
497,6,18,0.060165999457240105,player-1,15,18,14,15,player-4,player-1
497,7,20,0.07354188710451126,player-4,17,19,16,24,player-1,player-4
497,8,19,0.07937499321997166,player-4,20,28,23,33,player-2,player-4
497,9,17,0.06937491707503796,player-3,23,30,28,37,player-3,player-3
497,10,21,0.07058307528495789,player-4,29,32,34,40,player-4,player-4
497,11,18,0.06004096940159798,player-2,39,36,34,43,player-1,player-2
497,12,17,0.07229205220937729,player-2,41,38,42,48,player-2,player-2
497,13,17,0.06699981167912483,player-3,45,43,54,51,player-3,player-3
497,14,22,0.08950009942054749,player-1,50,48,56,58,player-4,player-1
498,1,19,0.06949994713068008,player-2,0,10,3,10,player-4,player-2
498,2,17,0.06054108962416649,player-1,7,12,3,10,player-1,player-1
498,3,17,0.07220893166959286,player-2,7,20,8,18,player-2,player-2
498,4,17,0.06920797750353813,player-3,12,27,13,20,player-3,player-3
498,5,19,0.05925004370510578,player-2,14,29,19,24,player-4,player-2
498,6,18,0.05683302879333496,player-2,18,35,22,27,player-1,player-2
498,7,18,0.07162499241530895,player-3,18,42,27,31,player-2,player-3
498,8,17,0.06533414125442505,player-3,21,51,28,32,player-3,player-3
498,9,23,0.0908339861780405,player-2,24,59,33,34,player-4,player-2
498,10,18,0.06775022484362125,player-2,28,62,34,39,player-1,player-2
499,1,20,0.06229104474186897,player-4,0,5,2,5,player-1,player-4
499,2,18,0.07625017315149307,player-3,4,13,7,9,player-2,player-3
499,3,18,0.06183306686580181,player-4,4,19,10,22,player-3,player-4
499,4,17,0.07387506775557995,player-4,7,28,13,30,player-4,player-4
499,5,25,0.07516681216657162,none,9,29,15,33,player-1,none
499,6,19,0.059042125940322876,player-4,14,31,18,42,player-2,player-4
499,7,17,0.0754999928176403,player-3,20,32,20,47,player-3,player-3
499,8,18,0.07904204539954662,player-1,26,37,25,51,player-4,player-1
499,9,19,0.08099991828203201,player-3,31,40,27,51,player-1,player-3
499,10,18,0.06879190914332867,player-3,36,40,35,56,player-2,player-3
499,11,17,0.07487484253942966,player-3,36,52,41,61,player-3,player-3
500,1,17,0.07291696965694427,player-4,10,0,4,6,player-4,player-4
500,2,18,0.0617089681327343,player-2,11,7,6,8,player-1,player-2
500,3,21,0.08224998600780964,player-2,14,13,8,8,player-2,player-2
500,4,17,0.05783303640782833,player-3,16,17,13,12,player-3,player-3
500,5,20,0.07158308289945126,player-3,21,21,25,13,player-4,player-3
500,6,18,0.08175009861588478,player-2,27,24,30,13,player-1,player-2
500,7,17,0.08187512867152691,player-2,28,32,33,21,player-2,player-2
500,8,22,0.08345791138708591,player-4,28,35,41,29,player-3,player-4
500,9,19,0.06929202936589718,player-2,32,38,46,34,player-4,player-2
500,10,18,0.07408391684293747,player-2,36,40,46,37,player-1,player-2
500,11,18,0.0635830219835043,player-3,43,46,51,38,player-2,player-3
500,12,18,0.07533305324614048,player-4,46,49,51,41,player-3,player-4
500,13,18,0.1954999752342701,player-1,48,53,54,42,player-4,player-1
