game num,round num,num_turns,duration (ms),winner,player1 pts,player2 pts,player3 pts,player4 pts
1,1,18,0.08937506936490536,player-4,4,0,2,4
1,2,20,0.07266621105372906,player-3,4,7,6,5
1,3,20,0.06795907393097878,player-4,5,7,13,9
1,4,20,0.063000014051795,player-1,9,8,13,16
1,5,20,0.061540864408016205,player-2,16,12,14,16
1,6,20,0.06208312697708607,player-3,16,19,18,17
1,7,20,0.06083305925130844,player-4,17,19,25,21
1,8,20,0.060999998822808266,player-1,21,20,25,28
1,9,20,0.05866703577339649,player-2,28,24,26,28
1,10,20,0.06229197606444359,player-3,28,31,30,29
1,11,20,0.05991593934595585,player-4,29,31,37,33
1,12,20,0.060165999457240105,player-1,33,32,37,40
1,13,20,0.059750163927674294,player-2,40,36,38,40
1,14,20,0.08820788934826851,player-3,40,43,42,41
1,15,20,0.07116608321666718,player-4,41,43,49,45
1,16,20,0.06487499922513962,player-1,45,44,49,52
1,17,20,0.06245821714401245,player-2,52,48,50,52
2,1,17,0.06874999962747097,player-1,7,3,6,1
2,2,18,0.05833315663039684,player-3,7,5,14,1
2,3,18,0.05174987018108368,player-4,9,8,15,8
2,4,21,0.07583294063806534,player-4,16,8,19,14
2,5,17,0.06316695362329483,player-1,29,12,22,16
2,6,17,0.04779198206961155,player-2,30,16,24,20
2,7,17,0.05433289334177971,player-3,34,17,31,25
2,8,17,0.0669590663164854,player-4,36,20,37,27
2,9,17,0.04404108040034771,player-1,40,25,37,30
2,10,19,0.061583006754517555,player-4,40,25,42,37
2,11,19,0.05825003609061241,player-1,41,30,48,40
2,12,17,0.06254087202250957,player-4,45,34,53,54
2,13,22,0.08129212073981762,player-2,52,42,57,60
3,1,23,0.08095917291939259,player-1,3,8,9,2
3,2,17,0.05966611206531525,player-4,3,13,12,8
3,3,27,0.06545800715684891,player-3,4,22,26,11
3,4,21,0.08600018918514252,player-2,6,33,27,15
3,5,18,0.04833284765481949,player-4,7,33,28,22
3,6,18,0.06658397614955902,player-1,7,36,37,28
3,7,19,0.051250215619802475,player-3,8,38,38,28
3,8,17,0.05833315663039684,player-2,14,41,43,30
3,9,17,0.0510411337018013,player-3,19,42,45,30
3,10,17,0.06583286449313164,player-4,20,44,47,35
3,11,17,0.051625072956085205,player-1,23,45,49,37
3,12,17,0.05250005051493645,player-2,29,49,50,38
3,13,19,0.05608308129012585,player-1,30,60,52,51
4,1,18,0.05758390761911869,player-4,6,7,11,4
4,2,18,0.051541952416300774,player-1,13,10,14,6
4,3,22,0.06691692396998405,player-2,17,21,16,11
4,4,17,0.039624981582164764,player-2,19,25,19,13
4,5,17,0.05291705019772053,player-3,23,31,23,13
4,6,17,0.06516696885228157,player-4,30,31,25,13
4,7,18,0.07516704499721527,player-2,33,36,27,17
4,8,19,0.06483308970928192,player-4,36,41,32,20
4,9,17,0.07062498480081558,player-3,38,49,34,24
4,10,17,0.06487499922513962,player-4,41,50,39,28
4,11,20,0.052582938224077225,player-4,42,51,39,33
4,12,18,0.06429105997085571,player-3,47,58,51,33
4,13,19,0.05862489342689514,player-1,53,62,54,39
5,1,17,0.053582945838570595,player-3,2,1,6,2
5,2,17,0.050999922677874565,player-4,7,5,14,4
5,3,17,0.043625012040138245,player-1,10,8,14,7
5,4,17,0.06124982610344887,player-2,15,14,15,10
5,5,17,0.05558319389820099,player-3,17,19,21,10
5,6,17,0.054999953135848045,player-4,17,22,22,13
5,7,24,0.0994591973721981,player-4,25,36,28,28
5,8,17,0.04845811054110527,player-2,28,46,29,30
5,9,20,0.052541960030794144,player-2,28,50,36,32
5,10,18,0.05408306606113911,player-1,29,52,45,38
5,11,26,0.0592090655118227,none,35,56,49,40
5,12,17,0.05866587162017822,player-2,38,60,50,46
6,1,17,0.06345799192786217,player-3,4,3,2,0
6,2,17,0.04829210229218006,player-4,5,8,2,1
6,3,18,0.053541967645287514,player-2,8,12,3,3
6,4,17,0.07312488742172718,player-2,11,24,3,9
6,5,18,0.06550014950335026,player-4,13,27,9,9
6,6,24,0.05575013346970081,player-3,22,27,10,11
6,7,19,0.06333389319479465,player-3,26,27,17,22
6,8,17,0.06587500683963299,player-2,28,33,22,24
6,9,17,0.054208096116781235,player-3,32,39,28,27
6,10,17,0.05033309571444988,player-4,34,39,31,29
6,11,17,0.06279186345636845,player-1,38,41,35,29
6,12,17,0.05112495273351669,player-2,50,42,39,29
6,13,18,0.07075001485645771,player-4,57,47,45,34
7,1,17,0.045459019020199776,player-1,5,1,2,3
7,2,17,0.04366692155599594,player-2,5,6,3,5
7,3,17,0.047582900151610374,player-3,11,7,5,5
7,4,17,0.04549999721348286,player-4,13,8,11,8
7,5,17,0.052416929975152016,player-1,22,8,19,9
7,6,17,0.05495804361999035,player-2,27,13,29,13
7,7,18,0.058042118325829506,player-4,30,17,32,17
7,8,22,0.06425008177757263,player-1,30,17,36,26
7,9,17,0.061416998505592346,player-1,33,22,39,30
7,10,19,0.05375011824071407,none,35,22,43,33
7,11,17,0.06066705100238323,player-3,41,24,47,33
7,12,17,0.05625002086162567,player-4,52,31,47,36
7,13,17,0.05395803600549698,player-1,52,32,49,38
8,1,18,0.06295903585851192,player-1,13,0,3,4
8,2,17,0.06462517194449902,player-1,18,7,8,10
8,3,18,0.05537504330277443,player-3,18,7,11,12
8,4,20,0.06554089486598969,player-2,22,15,14,17
8,5,18,0.05787494592368603,player-1,27,16,17,21
8,6,17,0.05883281119167805,player-1,27,17,17,21
8,7,18,0.05695805884897709,player-3,29,21,18,23
8,8,17,0.05091703496873379,player-3,29,23,27,24
8,9,18,0.05224999040365219,player-1,36,26,27,25
8,10,18,0.05366699770092964,player-2,40,40,27,28
8,11,17,0.06204191595315933,player-2,44,46,29,31
8,12,17,0.04445877857506275,player-3,51,46,38,35
8,13,18,0.06400002166628838,player-1,59,52,39,40
8,14,17,0.058791832998394966,player-1,60,55,40,45
9,1,22,0.06045796908438206,none,3,8,11,3
9,2,18,0.04491698928177357,player-1,12,12,12,8
9,3,17,0.05837506614625454,player-1,13,14,15,11
9,4,18,0.054167117923498154,player-3,18,20,20,17
9,5,17,0.04195817746222019,player-3,21,24,25,19
9,6,17,0.06279186345636845,player-4,28,25,29,23
9,7,19,0.057499855756759644,player-3,30,30,36,23
9,8,19,0.05929195322096348,player-4,41,36,43,25
9,9,17,0.05641602911055088,player-3,50,36,47,28
9,10,20,0.05675014108419418,player-3,51,38,49,30
10,1,17,0.050040893256664276,player-3,6,0,4,4
10,2,17,0.056499848142266273,player-4,7,3,7,12
10,3,18,0.06124982610344887,player-2,10,13,9,12
10,4,18,0.06287498399615288,player-3,11,18,14,19
10,5,17,0.0424159225076437,player-3,15,23,18,21
10,6,17,0.05229096859693527,player-4,18,28,19,30
10,7,33,0.05808286368846893,none,20,29,20,30
10,8,18,0.05766679532825947,player-3,27,31,21,30
10,9,17,0.05175010301172733,player-3,29,33,25,34
10,10,18,0.05850009620189667,player-1,32,37,27,34
10,11,20,0.0602921936661005,player-4,37,37,31,39
10,12,18,0.05291705019772053,player-3,38,43,31,44
10,13,18,0.06174994632601738,player-4,42,51,36,48
10,14,24,0.06708293221890926,none,44,60,42,52
11,1,17,0.05829101428389549,player-4,3,0,1,8
11,2,20,0.060499878600239754,player-4,4,0,10,9
11,3,17,0.061625149101018906,player-2,10,3,12,11
11,4,19,0.05562487058341503,player-1,16,7,14,14
11,5,17,0.04924996756017208,player-4,16,8,15,19
11,6,17,0.06920797750353813,player-1,20,15,16,27
11,7,17,0.05266699008643627,player-2,26,23,20,29
11,8,24,0.06312504410743713,player-2,35,26,30,32
11,9,18,0.05612499080598354,player-1,38,32,33,34
11,10,21,0.052625080570578575,player-1,45,32,35,36
11,11,19,0.04812492989003658,player-4,47,33,35,37
11,12,18,0.04824995994567871,player-4,47,33,40,38
11,13,19,0.05437503568828106,player-2,52,39,42,40
11,14,17,0.05241716280579567,player-1,55,41,45,42
12,1,17,0.05945796146988869,player-3,10,10,8,0
12,2,20,0.04887511022388935,player-3,17,18,14,4
12,3,30,0.07824995554983616,none,20,24,18,4
12,4,17,0.060999998822808266,player-2,23,32,20,13
12,5,19,0.05954108200967312,player-1,33,35,26,25
12,6,19,0.0627920962870121,player-2,38,40,30,30
12,7,20,0.06841705180704594,player-4,41,47,31,35
12,8,17,0.05012517794966698,player-2,44,56,34,41
12,9,19,0.08066697046160698,player-1,64,68,44,44
13,1,17,0.06462493911385536,player-1,4,8,4,2
13,2,17,0.06458396092057228,player-2,8,11,6,2
13,3,19,0.06966688670217991,player-1,16,15,11,4
13,4,20,0.05608308129012585,player-3,16,15,16,10
13,5,17,0.05070795305073261,player-1,18,26,27,20
13,6,17,0.06608408875763416,player-2,20,35,28,22
13,7,17,0.05220901221036911,player-3,22,36,30,27
13,8,19,0.059582991525530815,player-2,26,39,31,27
13,9,18,0.061540864408016205,player-2,36,42,47,28
13,10,17,0.06649992428719997,player-2,39,45,47,32
13,11,18,0.05079200491309166,player-4,39,47,48,37
13,12,17,0.06337487138807774,player-4,41,50,49,41
13,13,21,0.06687501445412636,player-1,51,54,49,49
14,1,17,0.06350013427436352,player-4,4,0,2,8
14,2,19,0.0700000673532486,player-3,4,5,8,16
14,3,19,0.05270913243293762,player-4,4,8,13,18
14,4,17,0.055541982874274254,player-3,9,18,14,19
14,5,18,0.05233311094343662,player-1,12,26,19,24
14,6,17,0.04183407872915268,player-1,15,30,19,29
14,7,19,0.04512513987720013,player-4,16,30,20,34
14,8,18,0.050084199756383896,player-4,23,30,23,34
14,9,17,0.03574998117983341,player-4,23,30,23,37
14,10,22,0.052167102694511414,player-2,26,35,23,39
14,11,18,0.06983312778174877,player-3,29,38,26,44
14,12,17,0.04924996756017208,player-3,37,40,31,44
14,13,17,0.04812492989003658,player-4,42,41,33,46
14,14,17,0.057208118960261345,player-1,44,46,34,47
14,15,17,0.05033286288380623,player-2,44,49,36,50
14,16,18,0.04345807246863842,player-4,44,54,36,58
15,1,22,0.06141606718301773,player-4,1,4,6,2
15,2,17,0.049625057727098465,player-4,1,12,11,5
15,3,17,0.0614591408520937,player-1,3,16,12,7
15,4,17,0.05287490785121918,player-2,7,23,13,10
15,5,18,0.049208058044314384,player-4,9,27,15,16
15,6,17,0.06829085759818554,player-4,13,32,17,20
15,7,19,0.06066681817173958,player-3,17,41,17,28
15,8,21,0.07983297109603882,player-2,25,46,20,29
15,9,17,0.07070787250995636,player-3,33,49,27,29
15,10,19,0.0838330015540123,player-2,38,55,29,38
15,11,17,0.052791088819503784,player-1,48,59,30,42
16,1,20,0.07199984975159168,player-2,9,4,4,4
16,2,17,0.05270796827971935,player-4,11,7,11,9
16,3,21,0.09749992750585079,player-1,14,7,11,13
16,4,20,0.07716706022620201,player-1,17,14,15,26
16,5,17,0.05175010301172733,player-3,17,22,19,26
16,6,21,0.047042034566402435,none,17,24,24,30
16,7,18,0.051999930292367935,player-2,18,26,28,30
16,8,17,0.05270889960229397,player-2,21,28,29,31
16,9,20,0.047708163037896156,player-2,22,30,32,32
16,10,17,0.05787494592368603,player-4,27,31,37,34
16,11,17,0.05229213275015354,player-1,27,37,38,39
16,12,17,0.049208058044314384,player-2,32,42,38,39
16,13,19,0.05004112608730793,player-1,38,43,40,41
16,14,16,0.03520911559462547,none,39,43,45,42
16,15,18,0.06070896051824093,player-2,44,46,46,49
16,16,17,0.05091587081551552,player-2,45,55,50,55
17,1,17,0.05650008097290993,player-2,2,5,2,2
17,2,19,0.06174994632601738,player-1,10,6,5,13
17,3,17,0.05804188549518585,player-4,10,13,9,26
17,4,17,0.0779998954385519,player-1,16,18,16,26
17,5,27,0.06754114292562008,player-4,20,20,17,27
17,6,19,0.054208096116781235,player-1,33,20,19,40
17,7,18,0.050582922995090485,player-1,34,22,22,46
17,8,20,0.053916824981570244,player-4,34,23,24,56
17,9,22,0.050416914746165276,player-3,37,24,30,58
17,10,17,0.04716706462204456,player-3,37,25,36,60
17,11,17,0.05333311855792999,player-4,39,28,42,63
17,12,19,0.04583294503390789,player-3,43,29,49,63
17,13,20,0.06762496195733547,player-1,50,35,53,71
18,1,17,0.053459079936146736,player-2,3,2,1,3
18,2,17,0.049833906814455986,player-3,7,4,8,3
18,3,17,0.05508284084498882,player-4,10,10,9,9
18,4,17,0.04312512464821339,player-1,12,12,9,10
18,5,17,0.062125036492943764,player-2,12,14,14,18
18,6,17,0.04795799031853676,player-3,15,14,21,22
18,7,21,0.0743749551475048,player-4,19,25,33,26
18,8,17,0.05287514068186283,player-1,23,28,37,31
18,9,17,0.043625012040138245,player-2,23,36,38,32
18,10,19,0.05016685463488102,player-1,25,37,39,32
18,11,19,0.06462493911385536,player-2,32,46,48,39
18,12,20,0.05187513306736946,player-4,37,47,52,45
18,13,24,0.06745802238583565,player-1,37,50,54,48
18,14,18,0.05170796066522598,player-4,39,52,58,53
19,1,20,0.06208289414644241,player-1,4,2,0,2
19,2,19,0.06975000724196434,player-1,5,4,6,10
19,3,19,0.05570892244577408,player-2,7,9,6,19
19,4,22,0.0675420742481947,player-2,10,15,10,19
19,5,17,0.050999922677874565,player-2,14,21,10,19
19,6,20,0.058999983593821526,player-2,18,24,14,24
19,7,17,0.06762496195733547,player-4,18,28,16,25
19,8,17,0.05150004290044308,player-1,26,32,29,25
19,9,19,0.05004182457923889,player-4,29,34,30,34
19,10,17,0.05370797589421272,player-3,33,37,37,38
19,11,19,0.05358387716114521,player-2,35,44,39,40
19,12,17,0.06737490184605122,player-1,36,46,46,40
19,13,17,0.04966696724295616,player-2,36,54,49,45
19,14,19,0.06625009700655937,player-1,43,56,52,47
20,1,18,0.053625088185071945,player-1,4,3,1,5
20,2,17,0.04912493750452995,player-1,6,7,6,6
20,3,20,0.06812484934926033,player-1,11,10,6,10
20,4,20,0.05020899698138237,player-2,12,16,9,10
20,5,19,0.05804095417261124,player-2,14,16,17,14
20,6,18,0.05124998278915882,player-2,19,16,21,16
20,7,30,0.091583002358675,player-3,26,22,24,27
20,8,17,0.05425000563263893,player-3,32,27,32,28
20,9,17,0.05441601388156414,player-4,33,34,32,31
20,10,18,0.047625042498111725,player-2,37,39,32,36
20,11,17,0.06595905870199203,player-2,46,43,42,39
20,12,20,0.06345799192786217,player-2,46,47,47,40
20,13,23,0.10166713036596775,player-2,68,58,70,42
21,1,17,0.06141606718301773,player-1,6,10,0,4
21,2,19,0.06420793943107128,player-4,12,17,6,10
21,3,17,0.05179201252758503,player-3,13,21,10,11
21,4,18,0.05620904266834259,player-1,17,24,11,13
21,5,18,0.06687501445412636,player-2,20,28,21,22
21,6,18,0.06304099224507809,player-3,24,29,26,27
21,7,17,0.06500002928078175,player-3,28,29,38,37
21,8,17,0.05116686224937439,player-4,28,33,40,42
21,9,17,0.06591691635549068,player-1,32,38,44,45
21,10,17,0.06004190072417259,player-2,39,41,44,47
21,11,17,0.040999846532940865,player-3,39,42,51,49
21,12,25,0.06087496876716614,player-4,39,44,52,54
21,13,18,0.04529091529548168,player-2,41,50,57,60
22,1,17,0.07158308289945126,player-3,10,2,7,5
22,2,17,0.053958967328071594,player-4,13,4,7,12
22,3,18,0.05495804361999035,player-2,17,7,11,12
22,4,17,0.056040938943624496,player-2,26,17,13,16
22,5,17,0.04970794543623924,player-3,30,18,18,20
22,6,19,0.06449990905821323,player-2,30,25,21,21
22,7,17,0.0499580055475235,player-1,33,25,25,26
22,8,17,0.05324999801814556,player-2,35,32,33,28
22,9,19,0.04937499761581421,player-1,36,33,34,37
22,10,18,0.050083035603165627,player-1,46,37,34,38
22,11,18,0.06429199129343033,player-2,50,49,40,43
22,12,17,0.05737505853176117,player-2,52,56,40,46
23,1,20,0.05250005051493645,player-4,2,2,2,5
23,2,17,0.04366692155599594,player-2,5,4,2,6
23,3,18,0.05395803600549698,player-4,8,5,6,10
23,4,17,0.05108281038701534,player-4,13,7,6,14
23,5,17,0.05295802839100361,player-1,18,11,14,14
23,6,17,0.06570783443748951,player-2,20,17,22,14
23,7,17,0.04770909436047077,player-3,20,17,24,15
23,8,19,0.06308290176093578,player-2,36,17,24,16
23,9,17,0.0427919439971447,player-1,40,19,26,16
23,10,19,0.05124998278915882,player-4,43,22,27,20
23,11,17,0.053999945521354675,player-3,45,23,29,25
23,12,21,0.08541601710021496,player-4,46,26,33,30
23,13,19,0.07475004531443119,player-3,49,31,36,37
23,14,20,0.05466700531542301,player-1,57,34,37,38
23,15,20,0.07929187268018723,player-2,57,39,45,48
24,1,19,0.07366598583757877,player-1,14,1,8,11
24,2,19,0.05687493830919266,player-2,15,7,11,13
24,3,17,0.05933316424489021,player-1,23,11,19,14
24,4,18,0.05674990825355053,player-3,23,15,24,15
24,5,17,0.05945796146988869,player-3,27,15,32,24
24,6,18,0.048083020374178886,player-1,27,17,35,28
24,7,17,0.05454104393720627,player-1,33,21,37,29
24,8,17,0.060542020946741104,player-2,39,25,41,31
24,9,18,0.05154102109372616,player-4,40,28,43,38
24,10,20,0.060499878600239754,player-3,44,31,49,44
24,11,22,0.07295794785022736,player-2,46,36,60,59
25,1,19,0.08208397775888443,player-1,13,11,7,3
25,2,22,0.06333412602543831,player-1,17,12,7,4
25,3,17,0.05079200491309166,player-1,26,12,11,5
25,4,18,0.062042148783802986,player-3,26,13,18,9
25,5,23,0.06787478923797607,player-1,35,19,20,13
25,6,17,0.05029188469052315,player-4,39,20,20,19
25,7,18,0.0647080596536398,player-2,42,24,22,20
25,8,17,0.061499886214733124,player-2,47,29,25,22
25,9,20,0.07099984213709831,player-2,50,35,31,28
25,10,18,0.06370898336172104,player-1,51,40,33,34
25,11,17,0.07987488061189651,player-1,58,51,42,38
26,1,26,0.07158308289945126,player-2,4,4,3,5
26,2,18,0.0649159774184227,player-3,10,11,4,10
26,3,18,0.06587500683963299,player-4,11,16,10,11
26,4,17,0.06233295425772667,player-4,15,23,16,18
26,5,17,0.05587493069469929,player-1,17,23,24,24
26,6,17,0.05608308129012585,player-2,24,24,25,26
26,7,17,0.05925004370510578,player-3,25,30,29,29
26,8,18,0.05450006574392319,player-1,28,31,37,33
26,9,18,0.0554998405277729,player-2,31,38,39,35
26,10,19,0.054666073992848396,player-4,33,44,39,38
26,11,17,0.07041683420538902,player-3,39,47,48,40
26,12,18,0.057999975979328156,player-1,48,47,52,47
27,1,20,0.0654999166727066,player-4,4,4,10,10
27,2,20,0.06854208186268806,player-1,14,12,10,14
27,3,18,0.057042110711336136,player-4,17,17,15,16
27,4,18,0.0660829246044159,player-1,25,17,15,28
27,5,17,0.05674990825355053,player-1,28,17,17,29
27,6,21,0.054958974942564964,player-2,36,26,22,31
27,7,18,0.06712507456541061,player-4,38,29,29,34
27,8,19,0.046584056690335274,player-2,38,32,29,37
27,9,23,0.07033301517367363,player-3,49,32,35,41
27,10,20,0.060750171542167664,player-1,55,35,38,43
27,11,31,0.07545901462435722,player-1,56,40,49,43
28,1,19,0.06462517194449902,player-3,1,8,6,9
28,2,18,0.04249997437000275,player-3,2,11,9,11
28,3,19,0.04987488500773907,player-1,6,12,10,14
28,4,17,0.04654191434383392,player-4,6,12,11,20
28,5,19,0.052665825933218,player-3,9,15,14,25
28,6,18,0.07470790296792984,player-3,19,17,28,32
28,7,22,0.057416968047618866,player-4,19,19,30,35
28,8,17,0.05854107439517975,player-4,26,30,42,41
28,9,17,0.06562494672834873,player-1,31,33,45,47
28,10,17,0.0630419235676527,player-2,31,39,46,52
28,11,23,0.053958967328071594,none,36,39,48,54
28,12,18,0.09562494233250618,player-1,42,39,60,59
29,1,17,0.04854216240346432,player-3,1,3,0,2
29,2,17,0.04716706462204456,player-4,5,5,0,10
29,3,17,0.04833308048546314,player-1,8,9,5,13
29,4,19,0.05587493069469929,player-4,10,12,11,19
29,5,18,0.1044590026140213,player-4,11,17,16,20
29,6,17,0.05816691555082798,player-4,16,20,16,30
29,7,17,0.057582976296544075,player-1,19,22,18,31
29,8,19,0.05391612648963928,player-4,20,26,22,42
29,9,18,0.05087489262223244,player-4,22,27,25,46
29,10,18,0.04737498238682747,player-1,28,28,28,47
29,11,19,0.0580840278416872,player-3,30,28,32,53
29,12,15,0.03229198046028614,none,30,29,34,61
29,13,17,0.06287498399615288,player-3,30,33,37,66
29,14,17,0.05874992348253727,player-4,36,33,40,68
30,1,18,0.05066697485744953,player-4,0,4,3,2
30,2,23,0.044584041461348534,none,0,11,4,7
30,3,17,0.05224999040365219,player-1,3,14,10,11
30,4,17,0.053416937589645386,player-2,3,17,14,16
30,5,19,0.058416975662112236,player-1,4,19,18,19
30,6,26,0.05787494592368603,none,8,21,23,21
30,7,17,0.06266706623136997,player-1,18,30,28,21
30,8,20,0.04924996756017208,player-1,19,35,28,25
30,9,18,0.06183283403515816,player-4,23,41,34,33
30,10,21,0.0682910904288292,player-4,26,47,39,40
30,11,19,0.048083020374178886,player-3,28,51,44,40
30,12,18,0.04866695962846279,player-3,33,51,48,44
30,13,18,0.04908395931124687,player-4,43,52,59,50
31,1,19,0.05425000563263893,player-3,7,11,2,2
31,2,17,0.059165991842746735,player-2,7,16,2,7
31,3,19,0.05787494592368603,player-1,19,21,11,10
31,4,17,0.05545816384255886,player-4,24,25,19,11
31,5,17,0.05825003609061241,player-1,28,27,23,15
31,6,18,0.05237502045929432,player-3,29,30,27,17
31,7,19,0.056167133152484894,player-1,30,32,28,22
31,8,20,0.06449990905821323,player-3,30,34,32,26
31,9,18,0.06620818749070168,player-2,37,45,37,34
31,10,18,0.04804111085832119,player-3,42,46,48,34
31,11,17,0.050416914746165276,player-3,43,49,52,36
31,12,18,0.049208989366889,player-1,49,53,54,37
32,1,18,0.047833891585469246,player-2,5,2,0,2
32,2,17,0.052416929975152016,player-2,8,4,2,3
32,3,27,0.06504193879663944,none,14,4,4,3
32,4,17,0.04187505692243576,player-4,17,4,4,10
32,5,17,0.050291186198592186,player-1,18,8,10,12
32,6,17,0.04758313298225403,player-2,23,18,10,14
32,7,17,0.04837499000132084,player-3,27,19,14,19
32,8,18,0.053582945838570595,player-1,28,25,20,23
32,9,17,0.050541944801807404,player-1,36,25,21,25
32,10,17,0.047999899834394455,player-2,36,36,21,26
32,11,17,0.056625111028552055,player-3,36,46,22,30
32,12,19,0.07008388638496399,player-2,39,58,26,41
32,13,17,0.05545816384255886,player-1,44,62,28,42
33,1,17,0.04191696643829346,player-4,1,1,1,7
33,2,20,0.08020922541618347,player-4,8,5,7,13
33,3,17,0.060959020629525185,player-2,13,10,10,13
33,4,21,0.04891701973974705,player-3,15,17,11,16
33,5,21,0.054459087550640106,player-4,16,28,23,17
33,6,17,0.053208088502287865,player-1,19,30,23,19
33,7,17,0.05124998278915882,player-2,21,36,30,20
33,8,20,0.05987496115267277,player-2,21,42,34,22
33,9,18,0.050625065341591835,player-1,23,43,38,23
33,10,18,0.057582976296544075,player-2,27,49,41,24
33,11,23,0.05329097621142864,none,29,50,41,25
33,12,18,0.05070795305073261,player-4,29,52,43,38
33,13,20,0.06795907393097878,player-3,36,52,50,43
33,14,17,0.05775014869868755,player-1,45,52,53,43
33,15,17,0.03479211591184139,none,45,56,55,47
34,1,18,0.05154218524694443,player-4,1,5,6,5
34,2,18,0.04733400419354439,player-1,5,6,9,7
34,3,19,0.062000006437301636,player-3,16,10,20,7
34,4,17,0.0680421944707632,player-2,17,19,26,22
34,5,17,0.060416990891098976,player-3,23,19,30,25
34,6,26,0.06954208947718143,player-1,27,22,32,28
34,7,18,0.055374810472130775,player-2,33,27,38,33
34,8,23,0.07929094135761261,player-4,38,31,45,36
34,9,17,0.06958306767046452,player-3,41,36,50,40
34,10,18,0.04258309490978718,player-1,47,38,52,42
34,11,17,0.05075009539723396,player-1,54,40,52,46
35,1,29,0.06812508217990398,none,3,5,5,3
35,2,18,0.05387491546571255,player-4,12,8,6,11
35,3,19,0.04724995233118534,player-2,16,17,10,16
35,4,20,0.054042087867856026,player-4,17,26,17,17
35,5,18,0.055459095165133476,player-3,25,30,20,24
35,6,19,0.10195793583989143,player-1,30,37,26,24
35,7,17,0.050625065341591835,player-4,32,37,27,27
35,8,17,0.0702918041497469,player-1,35,37,31,31
35,9,17,0.04775007255375385,player-2,37,43,34,33
35,10,19,0.05545816384255886,player-1,40,51,37,37
35,11,17,0.05320901982486248,player-4,46,55,37,50
36,1,20,0.06745802238583565,player-4,4,5,7,3
36,2,17,0.05387491546571255,player-2,9,9,14,8
36,3,22,0.06104190833866596,player-4,13,9,14,11
36,4,17,0.05033309571444988,player-4,13,9,16,15
36,5,29,0.09091710671782494,player-1,15,11,18,23
36,6,17,0.0588749535381794,player-2,15,26,20,34
36,7,21,0.04974985495209694,player-3,16,30,24,35
36,8,17,0.05437503568828106,player-4,19,38,26,36
36,9,19,0.060165999457240105,player-3,19,46,36,42
36,10,17,0.07633399218320847,player-2,21,51,44,44
36,11,18,0.05337502807378769,player-4,21,53,46,47
37,1,17,0.053165946155786514,player-2,4,2,2,1
37,2,18,0.05537504330277443,player-4,6,5,4,8
37,3,17,0.06104097701609135,player-4,11,8,4,17
37,4,17,0.06995885632932186,player-1,13,10,7,17
37,5,18,0.07075001485645771,player-3,17,17,17,20
37,6,19,0.06537511944770813,player-1,20,23,23,21
37,7,17,0.042750034481287,player-4,21,24,25,24
37,8,22,0.07437518797814846,player-2,24,31,26,33
37,9,17,0.06229197606444359,player-2,30,41,27,36
37,10,19,0.06683380343019962,player-1,30,48,30,40
37,11,17,0.06566592492163181,player-4,36,56,36,42
37,12,18,0.051833922043442726,player-2,36,61,39,49
38,1,19,0.0724999699741602,player-2,0,6,0,12
38,2,17,0.050541944801807404,player-1,2,13,0,19
38,3,17,0.048416899517178535,player-2,6,21,4,22
38,4,25,0.06395811215043068,player-3,9,27,8,24
38,5,17,0.05250005051493645,player-4,9,29,12,34
38,6,17,0.07095793262124062,player-1,12,40,12,47
38,7,18,0.06491714157164097,player-3,12,48,18,53
39,1,17,0.10783295147120953,player-4,0,7,8,6
39,2,20,0.09099999442696571,player-4,6,7,8,15
39,3,18,0.04987511783838272,player-3,9,15,16,16
39,4,20,0.060167163610458374,player-2,13,17,24,20
39,5,17,0.06504100747406483,player-4,20,30,31,29
39,6,17,0.048958929255604744,player-1,23,31,33,34
39,7,21,0.07691700011491776,player-2,23,39,37,37
39,8,19,0.05779205821454525,player-1,29,43,45,39
39,9,17,0.05183415487408638,player-4,33,51,51,51
40,1,17,0.06341701373457909,player-3,3,1,9,2
40,2,17,0.05133310332894325,player-4,5,6,12,6
40,3,17,0.05216686986386776,player-1,6,8,12,12
40,4,18,0.04437495954334736,player-3,11,10,13,13
40,5,26,0.07424992509186268,player-4,16,15,15,15
40,6,18,0.06225006654858589,player-1,19,18,17,21
40,7,17,0.04533398896455765,player-1,21,20,17,21
40,8,17,0.05129189230501652,player-2,30,26,22,24
40,9,17,0.05820789374411106,player-3,33,29,22,29
40,10,17,0.06274995394051075,player-4,35,32,25,31
40,11,18,0.04933308809995651,player-2,39,35,25,33
40,12,17,0.06466708146035671,player-2,45,37,31,39
40,13,17,0.06183306686580181,player-3,45,40,34,48
40,14,17,0.045582884922623634,player-4,45,43,37,51
40,15,17,0.06766594015061855,player-1,49,47,41,56
41,1,17,0.04687486216425896,player-2,2,6,6,0
41,2,17,0.06754091009497643,player-3,4,9,8,2
41,3,19,0.055165961384773254,player-2,10,13,12,7
41,4,17,0.049040885642170906,player-1,18,15,13,12
41,5,17,0.04175002686679363,player-2,20,16,13,12
41,6,17,0.0577499158680439,player-3,24,16,19,13
41,7,33,0.06079208105802536,player-4,29,19,22,20
41,8,17,0.04666694439947605,player-1,36,19,30,22
41,9,20,0.04195794463157654,none,46,20,30,23
41,10,17,0.05337502807378769,player-3,47,26,36,24
41,11,17,0.06508384831249714,player-4,52,35,36,25
41,12,17,0.04804111085832119,player-1,55,36,36,25
41,13,17,0.041833845898509026,player-2,55,40,39,25
41,14,17,0.06583309732377529,player-3,61,47,46,25
42,1,18,0.052582938224077225,player-1,7,2,0,5
42,2,17,0.07012486457824707,player-1,10,9,0,13
42,3,20,0.09924988262355328,player-1,23,11,7,14
42,4,20,0.06416602991521358,player-2,25,18,12,14
42,5,18,0.08599995635449886,player-1,28,25,14,25
42,6,17,0.0467090867459774,player-1,30,26,19,25
42,7,20,0.06979214958846569,player-1,36,27,23,27
42,8,17,0.0524159986525774,player-3,41,30,31,32
42,9,17,0.04937499761581421,player-4,41,38,31,36
42,10,19,0.05458388477563858,player-3,47,39,31,39
42,11,20,0.060125021263957024,player-1,53,41,35,43
42,12,20,0.059167155995965004,player-2,59,51,45,47
43,1,18,0.06345799192786217,player-3,2,4,4,10
43,2,17,0.061125028878450394,player-3,14,4,8,12
43,3,18,0.058999983593821526,player-1,18,4,8,23
43,4,17,0.05979207344353199,player-1,20,6,14,28
43,5,22,0.06370805203914642,player-3,24,10,23,32
43,6,17,0.05129189230501652,player-3,24,15,28,33
43,7,18,0.06066588684916496,player-1,29,17,33,38
43,8,19,0.06158393807709217,player-3,31,17,38,43
43,9,20,0.06554205901920795,player-1,37,22,38,51
43,10,22,0.06433390080928802,player-4,40,26,47,61
43,11,17,0.07270812056958675,player-4,52,30,54,69
44,1,19,0.06316602230072021,player-3,3,10,10,0
44,2,23,0.09616697207093239,player-4,8,15,14,7
44,3,17,0.05387491546571255,player-3,8,21,18,7
44,4,17,0.04345807246863842,player-4,15,21,19,9
44,5,30,0.07633399218320847,player-2,22,32,32,13
44,6,18,0.05229189991950989,player-3,24,33,37,15
44,7,17,0.06570899859070778,player-3,27,39,47,16
44,8,17,0.06383401341736317,player-4,33,43,50,19
44,9,20,0.05129189230501652,player-4,40,47,51,19
44,10,20,0.053040916100144386,player-1,45,56,51,25
44,11,20,0.05425000563263893,player-2,50,60,53,28
45,1,20,0.07025012746453285,player-2,3,6,4,0
45,2,17,0.04679220728576183,player-4,3,8,8,3
45,3,20,0.05958392284810543,player-4,4,11,8,12
45,4,20,0.06029102951288223,player-1,12,17,10,18
45,5,17,0.050291186198592186,player-3,21,29,11,19
45,6,17,0.05341600626707077,player-4,22,31,17,22
45,7,21,0.06391596980392933,player-1,26,39,20,24
45,8,17,0.057541998103260994,player-2,30,42,26,31
45,9,19,0.049666035920381546,player-1,33,45,27,31
45,10,26,0.058125006034970284,none,35,49,31,36
45,11,17,0.05587493069469929,player-1,41,52,35,50
46,1,17,0.05112495273351669,player-1,10,0,7,5
46,2,18,0.05420786328613758,player-3,14,3,10,12
46,3,19,0.050083035603165627,player-1,22,12,10,20
46,4,17,0.06441702134907246,player-4,26,20,14,32
46,5,19,0.06395787931978703,player-3,31,29,21,37
46,6,17,0.040458980947732925,player-2,31,40,22,40
46,7,17,0.053374795243144035,player-3,40,42,31,43
46,8,17,0.05150004290044308,player-4,47,45,34,51
46,9,19,0.04854192957282066,player-3,49,47,36,54
47,1,36,0.07520802319049835,player-2,2,6,6,0
47,2,18,0.045416876673698425,player-1,15,6,16,5
47,3,17,0.05220901221036911,player-1,19,11,17,11
47,4,19,0.044665997847914696,player-4,21,14,19,12
47,5,17,0.05270796827971935,player-3,26,20,27,14
47,6,17,0.07104105316102505,player-4,26,29,29,17
47,7,18,0.051625072956085205,player-2,32,33,29,19
47,8,21,0.04575005732476711,player-2,35,37,30,21
47,9,17,0.04949979484081268,player-3,36,37,35,22
47,10,18,0.059416983276605606,player-1,46,43,46,25
47,11,19,0.042582862079143524,none,48,43,47,25
47,12,18,0.047208042815327644,player-3,49,46,47,29
47,13,17,0.04850002005696297,player-3,50,49,49,36
47,14,17,0.05708308890461922,player-4,53,53,50,40
48,1,18,0.07824995554983616,player-3,2,4,4,0
48,2,17,0.054833944886922836,player-3,6,5,11,2
48,3,18,0.053374795243144035,player-1,12,10,19,8
48,4,17,0.06125005893409252,player-1,21,13,21,11
48,5,19,0.06958306767046452,player-4,26,18,21,17
48,6,17,0.053625088185071945,player-3,33,24,22,26
48,7,17,0.052667222917079926,player-4,36,26,24,34
48,8,17,0.050042057409882545,player-1,42,27,27,34
48,9,17,0.04624994471669197,player-2,46,30,29,34
48,10,18,0.053416937589645386,player-4,47,39,30,38
48,11,19,0.043665990233421326,none,49,44,32,39
48,12,21,0.06616697646677494,none,51,46,37,43
48,13,17,0.055416952818632126,player-2,54,48,37,47
48,14,19,0.07720896974205971,player-1,56,48,47,54
49,1,18,0.07820804603397846,player-3,4,3,6,4
49,2,18,0.05137501284480095,player-4,4,5,9,7
49,3,21,0.056499848142266273,player-4,9,10,19,15
49,4,20,0.05508400499820709,player-4,11,10,21,22
49,5,17,0.055582961067557335,player-2,16,14,25,28
49,6,17,0.0427919439971447,player-3,21,18,32,30
49,7,19,0.056833960115909576,player-2,28,24,41,34
49,8,17,0.059957848861813545,player-1,39,24,44,39
49,9,18,0.05625002086162567,player-3,43,28,47,43
49,10,21,0.08870800957083702,player-3,43,34,60,51
50,1,18,0.07458310574293137,player-1,5,2,0,0
50,2,17,0.07141707465052605,player-1,7,9,0,9
50,3,18,0.044625019654631615,player-3,8,10,2,9
50,4,18,0.05312496796250343,player-4,12,13,7,13
50,5,17,0.04595797508955002,player-4,13,15,9,19
50,6,19,0.06654206663370132,player-3,19,20,17,27
50,7,20,0.05479203537106514,player-1,25,25,17,31
50,8,17,0.06545893847942352,player-3,36,28,19,32
50,9,17,0.04687509499490261,player-4,39,34,19,37
50,10,19,0.046416884288191795,player-3,42,39,21,39
50,11,17,0.0413751695305109,player-2,44,46,21,41
50,12,19,0.06308290176093578,player-1,52,48,27,47
50,13,18,0.05558389239013195,player-1,57,48,29,52
51,1,17,0.04479195922613144,player-2,4,4,0,2
51,2,17,0.053165946155786514,player-3,4,9,14,8
51,3,17,0.05408306606113911,player-4,8,10,19,10
51,4,18,0.06474996916949749,player-2,14,11,21,13
51,5,19,0.06733299233019352,player-4,15,15,21,19
51,6,17,0.04179216921329498,player-3,20,19,24,20
51,7,21,0.06691692396998405,player-4,21,22,33,28
51,8,19,0.05333288572728634,player-3,24,23,35,30
51,9,17,0.04000007174909115,player-2,27,27,36,32
51,10,19,0.05529192276299,player-1,31,29,39,38
51,11,18,0.06383401341736317,player-1,39,31,45,39
51,12,17,0.03800005652010441,none,40,32,45,42
51,13,17,0.05270796827971935,player-2,42,40,47,50
51,14,17,0.04937499761581421,player-3,42,40,50,52
51,15,17,0.04954100586473942,player-4,42,48,54,58
52,1,17,0.05837506614625454,player-4,0,5,0,12
52,2,17,0.06379187107086182,player-1,1,5,8,14
52,3,19,0.048040878027677536,player-4,1,6,10,21
52,4,17,0.057167140766978264,player-3,10,9,18,21
52,5,17,0.04654191434383392,player-4,12,11,23,28
52,6,18,0.05575013346970081,player-2,19,13,29,28
52,7,18,0.05687517113983631,player-3,27,15,38,35
52,8,17,0.05533290095627308,player-3,33,23,44,39
52,9,17,0.07237493991851807,player-4,42,27,48,47
52,10,18,0.05516689270734787,player-2,47,38,51,53
52,11,20,0.07183314301073551,player-1,51,38,55,61
53,1,24,0.06945780478417873,player-3,4,1,2,8
53,2,19,0.04741712473332882,player-3,6,10,12,14
53,3,26,0.07341708987951279,player-3,11,19,16,22
53,4,20,0.05966704338788986,player-2,13,22,21,25
53,5,18,0.06425008177757263,player-1,19,29,30,25
53,6,21,0.05833315663039684,player-1,24,30,32,32
53,7,17,0.05641719326376915,player-2,26,33,38,37
53,8,17,0.053459079936146736,player-3,31,33,41,41
53,9,17,0.05475012585520744,player-4,40,33,48,42
53,10,18,0.06220792420208454,player-2,41,36,50,46
53,11,18,0.055999960750341415,player-3,42,41,51,48
53,12,18,0.04295795224606991,player-4,44,41,55,49
53,13,18,0.06420793943107128,player-1,50,49,56,55
54,1,22,0.054541975259780884,player-1,5,0,3,1
54,2,17,0.06383308209478855,player-1,9,4,5,10
54,3,17,0.050208065658807755,player-2,15,6,9,10
54,4,19,0.05570799112319946,player-1,20,6,15,16
54,5,19,0.0764171127229929,player-2,22,11,21,21
54,6,17,0.056833960115909576,player-1,28,13,23,23
54,7,22,0.06333296187222004,player-3,34,13,32,26
54,8,17,0.04787510260939598,player-3,36,18,33,27
54,9,19,0.06741704419255257,player-2,40,19,38,32
54,10,20,0.07262500002980232,player-4,49,21,38,43
54,11,21,0.06433320231735706,player-2,54,30,38,43
54,12,17,0.04795799031853676,player-3,58,32,40,45
54,13,18,0.05779205821454525,player-1,61,32,40,49
55,1,20,0.06849993951618671,player-1,4,4,1,6
55,2,18,0.04787510260939598,player-4,8,9,8,16
55,3,20,0.05050003528594971,player-3,8,11,13,16
55,4,17,0.052999937906861305,player-1,16,15,15,18
55,5,17,0.06949994713068008,player-2,20,22,17,23
55,6,18,0.056416960433125496,player-4,21,22,26,30
55,7,17,0.05691708065569401,player-4,21,26,28,34
55,8,19,0.048208050429821014,player-3,27,28,31,36
55,9,17,0.059416983276605606,player-2,30,30,32,40
55,10,17,0.05433405749499798,player-3,32,32,38,41
55,11,18,0.04891701973974705,player-1,44,37,41,42
55,12,19,0.048250192776322365,player-3,48,40,50,43
55,13,21,0.054958974942564964,player-2,48,50,50,48
55,14,18,0.0502921175211668,player-4,52,53,51,51
56,1,20,0.05495804361999035,player-1,0,6,1,1
56,2,17,0.05016708746552467,player-3,7,8,6,2
56,3,17,0.06462493911385536,player-4,10,12,14,6
56,4,18,0.04816707223653793,player-2,14,21,21,12
56,5,20,0.04870910197496414,player-1,19,22,26,12
56,6,18,0.06133317947387695,player-4,24,31,34,16
56,7,28,0.0805421732366085,none,26,38,39,20
56,8,19,0.05570892244577408,player-3,26,41,44,23
56,9,25,0.05195802077651024,player-2,26,50,47,24
56,10,18,0.04216702654957771,player-4,28,53,47,24
56,11,18,0.03954209387302399,player-1,32,55,47,26
56,12,17,0.06220792420208454,player-1,39,59,55,32
56,13,19,0.05900021642446518,player-4,39,69,59,39
57,1,17,0.05733291618525982,player-1,4,2,0,3
57,2,32,0.07354188710451126,none,4,7,2,5
57,3,17,0.044999876990914345,player-3,4,17,10,7
57,4,17,0.050999922677874565,player-4,9,17,13,8
57,5,18,0.047291163355112076,player-2,16,18,13,9
57,6,17,0.046625034883618355,player-2,26,20,15,17
57,7,17,0.060999998822808266,player-3,26,23,21,22
57,8,17,0.04512490704655647,player-4,30,25,25,24
57,9,17,0.05833292379975319,player-1,35,28,28,31
57,10,17,0.06758305244147778,player-2,37,31,30,33
57,11,17,0.0535410363227129,player-3,46,33,36,34
57,12,19,0.052916817367076874,player-2,51,35,37,39
57,13,26,0.06941682659089565,none,57,40,40,45
57,14,17,0.05437503568828106,player-2,57,44,42,48
57,15,17,0.06066611967980862,player-3,60,51,48,48
58,1,17,0.05212496034801006,player-3,0,4,5,3
58,2,19,0.22812490351498127,player-2,4,7,10,3
58,3,17,0.08579203858971596,player-1,11,10,11,6
58,4,19,0.08179107680916786,player-4,14,15,14,7
58,5,17,0.05379202775657177,player-3,15,17,17,11
58,6,22,0.05274987779557705,player-1,16,22,19,12
58,7,23,0.07929094135761261,player-3,24,27,25,16
58,8,19,0.06808317266404629,player-4,24,36,29,28
58,9,17,0.05037500523030758,player-3,25,37,33,30
58,10,18,0.057042110711336136,player-1,30,39,34,33
58,11,18,0.11808285489678383,player-2,37,47,36,33
58,12,19,0.052208080887794495,player-4,40,51,37,41
58,13,19,0.0702079851180315,player-1,46,55,43,49
59,1,18,0.0790830235928297,player-4,7,2,2,10
59,2,21,0.05770893767476082,player-4,10,4,4,11
59,3,19,0.06608385592699051,player-3,18,9,4,15
59,4,17,0.06666709668934345,player-2,25,19,9,15
59,5,20,0.05487492308020592,player-2,26,24,11,19
59,6,17,0.0567091628909111,player-4,32,29,16,26
59,7,19,0.06641587242484093,player-3,41,38,21,30
59,8,19,0.04841596819460392,player-4,42,43,21,34
59,9,17,0.06583379581570625,player-3,49,46,26,37
59,10,17,0.042458996176719666,player-4,51,49,32,38
59,11,17,0.059125013649463654,player-1,54,52,34,44
59,12,17,0.07475004531443119,player-2,56,60,34,56
60,1,21,0.0707919243723154,player-1,4,0,2,3
60,2,18,0.05508307367563248,player-3,4,1,4,8
60,3,17,0.05016708746552467,player-3,7,3,10,12
60,4,18,0.05150004290044308,player-1,10,10,13,18
60,5,23,0.08654198609292507,player-3,12,18,17,24
60,6,21,0.0738329254090786,player-2,15,24,21,24
60,7,27,0.08637504652142525,player-1,17,28,24,31
60,8,17,0.05120784044265747,player-4,21,29,24,40
60,9,18,0.04691607318818569,player-2,24,31,24,40
60,10,20,0.06433296948671341,player-1,24,34,27,45
60,11,17,0.04904181696474552,player-3,29,34,31,49
60,12,20,0.0704578123986721,player-3,35,37,42,54
60,13,17,0.05479203537106514,player-1,39,40,42,56
60,14,22,0.06612483412027359,player-3,44,47,43,66
61,1,19,0.08062506094574928,player-4,4,0,7,5
61,2,17,0.049042049795389175,player-3,9,3,11,8
61,3,18,0.04924996756017208,player-1,14,8,15,14
61,4,19,0.054916832596063614,player-3,20,11,19,15
61,5,20,0.07124990224838257,player-1,29,18,24,17
61,6,19,0.06337510421872139,player-1,46,23,29,17
61,7,18,0.05175010301172733,player-1,48,25,34,21
61,8,19,0.05587516352534294,player-3,54,29,39,30
61,9,19,0.04624994471669197,none,58,34,42,35
62,1,19,0.0639590434730053,player-2,4,9,5,6
62,2,30,0.08741719648241997,player-2,8,11,19,8
62,3,39,0.07983297109603882,player-4,8,20,19,12
62,4,20,0.06387499161064625,player-2,12,26,26,15
62,5,28,0.0825000461190939,player-3,21,33,28,19
62,6,18,0.05708378739655018,player-2,22,33,32,26
62,7,18,0.05170796066522598,player-3,26,37,35,29
62,8,17,0.056791817769408226,player-3,26,39,41,30
62,9,17,0.05054101347923279,player-4,26,44,43,35
62,10,17,0.04962482489645481,player-1,29,46,43,39
62,11,19,0.055541982874274254,player-4,32,49,47,43
62,12,22,0.06849993951618671,player-4,40,50,47,49
62,13,19,0.05249981768429279,player-2,45,59,54,55
63,1,24,0.06612506695091724,none,5,1,3,0
63,2,20,0.09700004011392593,player-3,13,1,4,8
63,3,16,0.03333413042128086,none,14,3,5,9
63,4,17,0.04349998198449612,player-2,16,7,7,9
63,5,17,0.04724995233118534,player-3,16,11,9,9
63,6,20,0.08120900020003319,player-3,22,13,14,17
63,7,25,0.049958936870098114,none,24,16,14,18
63,8,17,0.05866587162017822,player-2,24,21,17,21
63,9,17,0.04595797508955002,player-3,26,21,25,25
63,10,17,0.0525421928614378,player-4,28,21,30,32
63,11,18,0.04624994471669197,player-2,28,24,32,38
63,12,18,0.050625065341591835,player-3,32,30,37,42
63,13,19,0.06237509660422802,player-1,32,35,43,42
63,14,18,0.05254102870821953,player-1,35,40,47,46
63,15,19,0.06729178130626678,player-3,42,45,55,47
63,16,17,0.055208103731274605,player-2,44,49,60,54
64,1,18,0.04437519237399101,player-2,2,6,5,1
64,2,17,0.051582930609583855,player-2,6,11,8,2
64,3,17,0.056208111345767975,player-3,10,17,10,2
64,4,17,0.05870801396667957,player-4,18,25,16,9
64,5,17,0.05620787851512432,player-1,26,29,18,13
64,6,20,0.06541702896356583,player-1,35,29,26,20
64,7,19,0.043040839955210686,player-1,37,31,28,24
64,8,22,0.0580840278416872,player-1,46,35,36,25
64,9,24,0.05854107439517975,player-4,46,36,43,31
64,10,19,0.06558303721249104,player-4,54,38,50,31
65,1,17,0.05291705019772053,player-4,2,4,5,3
65,2,17,0.07862504571676254,player-1,7,5,6,5
65,3,17,0.048625050112605095,player-2,11,7,7,5
65,4,18,0.0627920962870121,player-4,18,9,15,12
65,5,17,0.04424992948770523,player-4,18,10,15,14
65,6,18,0.04924996756017208,player-2,19,15,18,14
65,7,20,0.075541902333498,player-1,24,23,30,16
65,8,20,0.06791600026190281,player-2,29,28,31,22
65,9,19,0.0605839304625988,player-2,29,31,33,22
65,10,20,0.05024997517466545,player-4,32,40,38,28
65,11,19,0.06508314982056618,player-4,32,49,53,33
65,12,17,0.052999937906861305,player-3,37,51,59,37
65,13,18,0.08575012907385826,player-1,48,62,59,40
66,1,18,0.06283307448029518,player-1,7,2,5,7
66,2,18,0.05349982529878616,player-2,11,6,8,8
66,3,17,0.045999884605407715,player-2,11,6,9,9
66,4,18,0.06879214197397232,player-4,18,10,19,9
66,5,27,0.07929094135761261,player-2,26,21,24,16
66,6,23,0.07295887917280197,player-3,29,29,28,18
66,7,25,0.07199984975159168,player-2,32,39,31,19
66,8,18,0.05212496034801006,player-4,34,43,32,26
66,9,21,0.05708308890461922,player-4,36,46,38,34
66,10,21,0.059499870985746384,player-1,42,51,45,36
66,11,20,0.0563750509172678,player-1,48,51,47,40
66,12,18,0.05733291618525982,player-4,52,56,50,44
67,1,17,0.06008404307067394,player-3,2,0,6,4
67,2,20,0.053041847422719,player-3,8,1,17,9
67,3,17,0.042625004425644875,player-1,15,1,19,9
67,4,17,0.05083298310637474,player-2,15,3,19,12
67,5,24,0.05254102870821953,none,18,3,23,15
67,6,17,0.05516689270734787,player-4,22,4,25,22
67,7,21,0.06683403626084328,player-1,27,8,34,24
67,8,31,0.06679212674498558,none,31,10,34,35
67,9,18,0.06654206663370132,player-4,32,13,38,44
67,10,17,0.06062490865588188,player-4,33,17,41,48
67,11,21,0.07533305324614048,player-1,38,23,43,51
67,12,18,0.06516696885228157,player-3,45,31,43,54
67,13,18,0.062042148783802986,player-4,51,39,49,58
68,1,17,0.061374856159090996,player-4,6,8,4,9
68,2,19,0.045582884922623634,player-3,11,10,15,9
68,3,17,0.06108288653194904,player-2,15,14,18,11
68,4,21,0.06320793181657791,player-3,15,14,21,13
68,5,18,0.04287506453692913,player-1,18,16,25,14
68,6,17,0.05170796066522598,player-1,21,16,28,22
68,7,20,0.07750000804662704,player-1,33,29,36,27
68,8,19,0.045457854866981506,player-1,35,30,39,28
68,9,18,0.05491613410413265,player-1,43,31,48,32
68,10,21,0.06441609002649784,player-1,49,36,53,41
69,1,17,0.04675006493926048,player-2,3,4,2,2
69,2,21,0.05879090167582035,player-3,3,7,8,4
69,3,17,0.05816691555082798,player-4,13,7,13,12
69,4,17,0.04216702654957771,player-1,17,8,15,15
69,5,18,0.04233280196785927,player-3,21,8,17,18
69,6,19,0.06841705180704594,player-1,26,10,22,22
69,7,21,0.06495811976492405,player-4,27,15,22,31
69,8,18,0.057916855439543724,player-2,33,19,22,34
69,9,17,0.04983413964509964,player-2,37,21,27,34
69,10,18,0.06041582673788071,player-4,40,29,29,39
69,11,17,0.05375011824071407,player-4,42,38,32,44
69,12,17,0.04595797508955002,player-1,45,38,35,47
69,13,19,0.05791708827018738,player-4,49,40,39,50
69,14,17,0.056374818086624146,player-3,55,44,45,51
70,1,20,0.05254102870821953,player-3,4,0,3,5
70,2,19,0.05816691555082798,player-3,8,7,14,8
70,3,18,0.06395811215043068,player-3,18,12,18,9
70,4,18,0.04629208706319332,player-4,20,16,20,13
70,5,20,0.048832967877388,player-3,21,27,23,16
70,6,17,0.05775014869868755,player-1,24,27,23,20
70,7,17,0.06700004450976849,player-2,25,34,24,23
70,8,17,0.06600003689527512,player-3,31,38,28,23
70,9,17,0.07083290256559849,player-4,34,46,37,30
70,10,19,0.05983398295938969,player-3,35,48,42,34
70,11,22,0.08045905269682407,player-3,36,50,43,37
70,12,17,0.05466700531542301,player-3,39,53,44,41
70,13,17,0.08795899339020252,player-4,44,60,53,41
71,1,20,0.10070786811411381,player-1,5,5,1,5
71,2,19,0.10495795868337154,player-1,8,7,8,7
71,3,17,0.09754183702170849,player-4,13,17,8,17
71,4,18,0.06358395330607891,player-2,17,17,11,20
71,5,17,0.08641602471470833,player-2,21,23,13,27
71,6,19,0.05725002847611904,player-1,27,27,17,31
71,7,17,0.058416975662112236,player-4,30,31,20,36
71,8,20,0.0686252024024725,player-4,34,31,26,38
71,9,17,0.04954100586473942,player-2,37,37,28,38
71,10,17,0.043582869693636894,player-3,37,37,33,41
71,11,17,0.04854192957282066,player-4,40,40,37,44
71,12,18,0.06575020961463451,player-2,43,44,41,51
71,13,19,0.06266706623136997,player-4,48,50,42,54
72,1,21,0.07700012065470219,player-4,3,14,2,3
72,2,17,0.05483301356434822,player-1,4,21,2,7
72,3,20,0.05708402022719383,player-1,5,22,2,12
72,4,19,0.05283299833536148,player-1,5,22,3,18
72,5,17,0.05666702054440975,player-4,9,24,11,22
72,6,27,0.07133395411074162,none,9,32,18,27
72,7,17,0.05675014108419418,player-2,16,36,18,34
72,8,36,0.06487499922513962,player-2,22,45,18,36
72,9,25,0.04691700451076031,none,24,45,24,43
72,10,18,0.06733299233019352,player-2,32,48,31,46
72,11,17,0.06291689351201057,player-2,33,52,34,46
72,12,17,0.058459118008613586,player-3,34,60,38,49
73,1,19,0.05783303640782833,player-2,4,10,3,3
73,2,17,0.05870801396667957,player-1,6,13,7,5
73,3,17,0.0641669612377882,player-2,6,24,11,7
73,4,17,0.059957848861813545,player-3,10,25,20,10
73,5,17,0.06037508137524128,player-4,10,25,22,13
73,6,18,0.04937499761581421,player-2,12,31,24,15
73,7,23,0.06654206663370132,player-4,14,36,35,16
73,8,23,0.06737513467669487,player-1,20,38,44,23
73,9,21,0.08154194802045822,player-4,20,42,55,31
73,10,19,0.0639171339571476,player-3,24,46,60,34
73,11,19,0.07629208266735077,player-4,32,54,64,42
73,12,19,0.04979083314538002,player-1,39,54,64,51
74,1,17,0.06491621024906635,player-4,3,3,8,3
74,2,19,0.06316602230072021,player-3,5,14,17,7
74,3,17,0.05075009539723396,player-2,5,20,19,9
74,4,18,0.04395795986056328,player-4,7,20,21,9
74,5,18,0.04691700451076031,player-1,10,25,24,14
74,6,23,0.058542005717754364,player-3,11,33,28,20
74,7,19,0.04733284004032612,player-4,12,41,29,21
74,8,17,0.06312504410743713,player-3,16,44,31,24
74,9,17,0.05091703496873379,player-4,18,49,32,28
74,10,18,0.05000014789402485,player-2,25,51,34,31
74,11,18,0.055666081607341766,player-3,27,54,39,36
74,12,21,0.06062490865588188,player-3,30,58,48,41
74,13,18,0.05112495273351669,player-1,35,61,49,47
75,1,30,0.0782911665737629,player-3,10,4,2,8
75,2,19,0.06925011985003948,player-1,18,4,12,8
75,3,19,0.062417006120085716,player-2,26,7,12,10
75,4,20,0.0577499158680439,player-4,29,11,15,14
75,5,18,0.046040862798690796,player-3,29,15,18,15
75,6,17,0.04933308809995651,player-3,33,20,22,17
75,7,17,0.046165892854332924,player-4,37,23,25,21
75,8,19,0.06379187107086182,player-3,44,27,38,21
75,9,17,0.060542020946741104,player-2,50,29,45,21
75,10,18,0.04741596058011055,player-4,50,29,48,23
75,11,18,0.051083043217659,player-1,51,33,50,30
76,1,17,0.055999960750341415,player-4,1,2,3,6
76,2,18,0.05937507376074791,player-2,9,9,5,9
76,3,17,0.05925004370510578,player-2,11,11,6,10
76,4,18,0.07854215800762177,player-4,11,13,13,18
76,5,18,0.051250215619802475,player-1,14,14,13,22
76,6,18,0.06345799192786217,player-2,20,15,14,26
76,7,18,0.051042065024375916,player-3,20,15,17,28
76,8,18,0.06112479604780674,player-4,21,17,28,32
76,9,17,0.062374863773584366,player-4,21,19,34,40
76,10,17,0.05529099144041538,player-1,27,23,40,44
76,11,18,0.05762488581240177,player-3,29,28,43,53
76,12,17,0.05087512545287609,player-3,29,28,47,58
76,13,20,0.06554205901920795,player-3,34,31,59,59
76,14,17,0.0452499371021986,player-1,39,31,63,63
77,1,20,0.06320793181657791,player-2,7,2,4,0
77,2,17,0.058791134506464005,player-4,8,5,9,4
77,3,17,0.05362485535442829,player-1,10,7,12,6
77,4,18,0.06612483412027359,player-3,12,9,20,13
77,5,18,0.05454220809042454,player-4,13,11,22,20
77,6,17,0.052040908485651016,player-4,13,15,30,23
77,7,17,0.05370797589421272,player-1,25,19,35,25
77,8,21,0.0566248781979084,player-2,27,28,35,32
77,9,18,0.05508400499820709,player-4,36,28,38,36
77,10,29,0.0637909397482872,player-4,36,30,40,38
77,11,28,0.059999991208314896,none,41,35,45,41
77,12,19,0.056416960433125496,player-4,44,38,49,44
77,13,17,0.06283307448029518,player-3,48,40,58,50
78,1,21,0.06925011985003948,player-3,4,0,15,1
78,2,17,0.05187513306736946,player-4,8,2,22,6
78,3,21,0.05845795385539532,player-1,9,3,26,13
78,4,17,0.05708308890461922,player-2,15,10,30,16
78,5,18,0.06329198367893696,player-4,22,13,36,17
78,6,20,0.044665997847914696,player-3,24,15,39,20
78,7,17,0.055374810472130775,player-1,33,19,42,28
78,8,18,0.049459049478173256,player-3,39,25,47,29
78,9,20,0.05483417771756649,player-2,40,34,48,31
78,10,17,0.04379195161163807,player-4,46,37,49,33
78,11,17,0.06341701373457909,player-1,50,41,52,39
79,1,19,0.0747081357985735,player-4,5,8,4,5
79,2,17,0.05295802839100361,player-3,9,14,12,6
79,3,24,0.07587508298456669,player-3,20,14,28,7
79,4,20,0.058125006034970284,player-4,23,14,29,13
79,5,24,0.056499848142266273,player-1,28,15,29,15
79,6,18,0.07737497799098492,player-4,42,16,33,17
79,7,20,0.058167148381471634,player-3,42,22,35,18
79,8,17,0.04874984733760357,player-1,45,22,36,19
79,9,18,0.05541602149605751,player-3,45,32,37,22
79,10,17,0.050958944484591484,player-3,60,32,46,24
80,1,17,0.05695805884897709,player-3,4,2,5,3
80,2,20,0.07712491787970066,player-3,7,15,8,10
80,3,17,0.042625004425644875,player-1,12,18,10,12
80,4,17,0.04837499000132084,player-2,17,22,10,13
80,5,25,0.07216702215373516,player-3,23,27,13,13
80,6,20,0.0577080063521862,player-3,32,29,25,16
80,7,17,0.05620904266834259,player-1,37,31,29,16
80,8,18,0.06141606718301773,player-3,45,33,31,23
80,9,19,0.06520911119878292,player-1,51,35,37,23
80,10,17,0.0541668850928545,player-4,55,42,41,23
80,11,17,0.06037508137524128,player-1,57,45,43,29
81,1,23,0.07349997758865356,player-1,13,9,10,2
81,2,17,0.060999998822808266,player-4,20,18,10,5
81,3,20,0.0675420742481947,player-4,27,18,15,8
81,4,19,0.06129196844995022,player-4,31,19,17,10
81,5,19,0.04133395850658417,none,31,20,19,11
81,6,18,0.050791073590517044,player-1,32,20,21,19
81,7,18,0.048582907766103745,player-2,33,24,21,26
81,8,17,0.0588749535381794,player-2,38,24,21,30
81,9,27,0.07637497037649155,player-1,49,27,22,38
81,10,19,0.054999953135848045,player-2,53,32,27,39
81,11,18,0.06829085759818554,player-2,57,36,34,39
81,12,29,0.06395787931978703,player-2,61,40,34,42
81,13,17,0.0802499707788229,player-3,64,40,39,44
82,1,18,0.0644167885184288,player-3,5,4,3,11
82,2,19,0.06762496195733547,player-1,18,10,5,11
82,3,17,0.06533297710120678,player-4,22,13,10,16
82,4,17,0.04620896652340889,player-1,29,17,10,19
82,5,18,0.06941682659089565,player-3,34,19,13,27
82,6,17,0.05433312617242336,player-3,36,27,15,29
82,7,17,0.07079099304974079,player-4,36,27,17,30
82,8,17,0.07287506014108658,player-1,46,30,22,33
82,9,17,0.07316586561501026,player-2,58,36,25,43
82,10,17,0.051333801820874214,player-3,60,38,27,43
82,11,18,0.06516696885228157,player-1,71,42,32,50
83,1,17,0.07349997758865356,player-2,8,7,3,6
83,2,18,0.06470782682299614,player-4,18,15,6,9
83,3,21,0.06258394569158554,player-4,18,21,8,17
83,4,19,0.08104206062853336,player-3,19,26,8,19
83,5,18,0.05429191514849663,player-3,21,38,15,19
83,6,17,0.05033286288380623,player-3,22,40,19,19
83,7,17,0.06008287891745567,player-4,24,44,22,22
83,8,19,0.05395803600549698,player-3,26,50,25,30
83,9,21,0.055582961067557335,player-2,26,54,28,36
83,10,27,0.06162491627037525,none,36,59,30,39
83,11,19,0.05108397454023361,player-2,36,64,30,41
84,1,19,0.07008295506238937,player-4,2,2,0,11
84,2,17,0.04945811815559864,player-3,6,5,8,14
84,3,18,0.0627078115940094,player-1,10,11,8,19
84,4,19,0.049791065976023674,player-3,14,19,9,27
84,5,17,0.04366692155599594,player-2,15,21,13,29
84,6,21,0.05037500523030758,player-3,19,23,19,29
84,7,17,0.0488748773932457,player-4,21,23,24,38
84,8,18,0.05316687747836113,player-2,23,32,26,38
84,9,17,0.040250131860375404,player-2,24,41,27,42
84,10,18,0.04837499000132084,player-4,29,41,31,47
84,11,19,0.06670807488262653,player-2,34,45,31,50
84,12,20,0.060959020629525185,player-4,38,51,37,55
85,1,22,0.05916692316532135,none,4,3,5,2
85,2,18,0.05529099144041538,player-4,6,13,6,4
85,3,17,0.048625050112605095,player-4,9,18,7,12
85,4,21,0.056791119277477264,player-1,13,18,7,14
85,5,17,0.05241716280579567,player-2,15,21,8,15
85,6,17,0.048208050429821014,player-3,25,25,14,15
85,7,17,0.04820781759917736,player-4,26,28,14,18
85,8,18,0.04624994471669197,player-2,27,36,14,20
85,9,18,0.04729186184704304,player-3,31,41,19,22
85,10,17,0.06795884110033512,player-3,37,49,30,31
85,11,17,0.05175010301172733,player-4,38,51,30,34
85,12,18,0.05920790135860443,player-2,44,58,33,37
85,13,18,0.06512505933642387,player-3,47,59,42,41
86,1,20,0.07145805284380913,player-1,1,1,4,0
86,2,21,0.055999960750341415,player-3,4,10,13,7
86,3,29,0.06083305925130844,none,4,12,16,11
86,4,18,0.06066588684916496,player-2,9,20,18,14
86,5,17,0.0627920962870121,player-2,22,31,21,18
86,6,21,0.0641250517219305,player-3,24,34,31,33
86,7,19,0.08204206824302673,player-2,33,34,33,35
86,8,18,0.05295802839100361,player-2,36,39,36,38
86,9,18,0.05550007335841656,player-3,37,41,38,41
86,10,17,0.05550007335841656,player-3,42,45,46,41
86,11,18,0.06649992428719997,player-1,51,47,48,45
86,12,18,0.05508307367563248,player-2,53,51,52,49
87,1,18,0.045457854866981506,player-1,10,2,0,4
87,2,19,0.07162499241530895,player-3,25,2,4,7
87,3,17,0.053958967328071594,player-2,31,8,4,7
87,4,19,0.06012478843331337,player-1,36,10,13,9
87,5,19,0.047416891902685165,player-2,38,14,14,15
87,6,17,0.043459003791213036,player-1,41,14,15,15
87,7,19,0.0563750509172678,player-4,47,18,23,22
87,8,18,0.051833922043442726,player-4,53,18,27,26
87,9,17,0.1058338675647974,player-4,56,20,31,29
87,10,17,0.10133301839232445,player-1,60,24,34,34
87,11,18,0.07404200732707977,player-3,64,26,46,39
88,1,18,0.08354196324944496,player-1,2,4,0,4
88,2,19,0.07533305324614048,player-3,15,4,5,8
88,3,17,0.07266714237630367,player-2,15,20,7,14
88,4,17,0.062000006437301636,player-3,19,20,14,18
88,5,19,0.06220792420208454,player-2,20,20,17,21
88,6,17,0.05391589365899563,player-1,26,20,20,21
88,7,21,0.2043750137090683,player-2,38,30,30,25
88,8,17,0.0527920201420784,player-3,43,30,35,27
88,9,19,0.09962497279047966,player-2,45,40,35,31
88,10,17,0.0849580392241478,player-1,53,48,39,35
88,11,17,0.044208019971847534,player-2,57,49,40,35
88,12,18,0.055833952501416206,player-4,57,52,42,38
88,13,20,0.05729100666940212,player-3,57,52,49,39
89,1,19,0.04512490704655647,player-1,1,1,4,0
89,2,20,0.0494588166475296,player-3,3,6,14,1
89,3,21,0.04533398896455765,none,5,6,14,6
89,4,22,0.07133278995752335,player-3,14,14,16,10
89,5,17,0.05729217082262039,player-3,16,14,24,15
89,6,19,0.06658397614955902,player-2,21,17,26,22
89,7,28,0.05845795385539532,player-4,26,19,26,30
89,8,19,0.0541249755769968,player-4,29,24,32,39
89,9,18,0.046165892854332924,player-4,31,28,35,41
89,10,18,0.06479118019342422,player-1,39,32,41,44
89,11,18,0.06104097701609135,player-2,46,43,45,45
89,12,18,0.06050011143088341,player-3,49,46,51,45
90,1,18,0.05212496034801006,player-2,4,8,3,3
90,2,18,0.06341701373457909,player-3,11,14,10,4
90,3,17,0.060042133554816246,player-3,14,21,20,5
90,4,17,0.06854208186268806,player-4,23,25,29,15
90,5,17,0.05987496115267277,player-1,31,36,34,31
90,6,27,0.07420801557600498,player-4,39,42,51,46
90,7,18,0.04595820792019367,player-4,39,45,53,49
90,8,22,0.06349990144371986,player-1,41,49,56,50
90,9,17,0.06679212674498558,player-1,45,58,59,54
91,1,17,0.06687501445412636,player-1,7,3,12,9
91,2,17,0.04083290696144104,player-2,10,7,12,9
91,3,18,0.05191704258322716,player-4,22,10,14,17
91,4,20,0.06174994632601738,player-3,26,17,21,19
91,5,29,0.07916707545518875,player-1,32,18,23,21
91,6,18,0.05208398215472698,player-3,32,22,36,21
91,7,18,0.056499848142266273,player-4,32,24,43,22
91,8,17,0.06429105997085571,player-4,38,24,48,24
91,9,17,0.04670792259275913,player-1,45,29,49,27
91,10,20,0.05950010381639004,player-1,50,30,55,33
92,1,19,0.053625088185071945,player-4,5,5,4,1
92,2,18,0.07095909677445889,player-4,8,8,11,5
92,3,19,0.04458311013877392,player-2,12,12,13,6
92,4,21,0.05795806646347046,player-1,15,15,19,16
92,5,17,0.04258309490978718,player-2,18,19,25,16
92,6,18,0.05574990063905716,player-4,22,25,32,16
92,7,17,0.06320909596979618,player-4,27,29,45,21
92,8,18,0.04495796747505665,player-2,28,30,45,29
92,9,17,0.06420817226171494,player-2,35,35,49,33
92,10,18,0.0650421716272831,player-4,42,36,57,35
92,11,20,0.05974993109703064,player-3,42,40,62,43
93,1,18,0.05645793862640858,player-3,0,5,1,5
93,2,17,0.03958400338888168,player-3,2,6,5,7
93,3,19,0.05591614171862602,player-2,11,10,8,8
93,4,17,0.06087496876716614,player-1,22,15,13,8
93,5,17,0.04233303479850292,player-2,24,17,13,10
93,6,20,0.06679189391434193,player-2,29,22,13,20
93,7,17,0.05304114893078804,player-4,33,28,13,26
93,8,17,0.043584033846855164,player-1,38,28,15,31
93,9,19,0.05970778875052929,player-4,46,30,18,34
93,10,17,0.06845896132290363,player-3,54,32,25,34
93,11,18,0.0524579081684351,player-1,55,32,26,36
93,12,17,0.09787501767277718,player-1,58,38,32,45
93,13,17,0.0711251050233841,player-2,62,45,35,45
93,14,17,0.05825003609061241,player-3,64,50,51,47
94,1,17,0.06012478843331337,player-4,2,2,3,3
94,2,22,0.07770792581140995,none,7,3,4,9
94,3,20,0.06712484173476696,player-1,13,5,12,13
94,4,17,0.07604178972542286,player-3,16,13,19,14
94,5,17,0.0527501106262207,player-4,16,19,22,24
94,6,24,0.05483301356434822,none,18,21,24,31
94,7,18,0.05150004290044308,player-3,21,21,26,34
94,8,18,0.04800013266503811,player-4,21,24,27,38
94,9,17,0.04845811054110527,player-4,24,25,29,40
94,10,17,0.055916840210556984,player-1,28,29,31,45
94,11,17,0.05016708746552467,player-2,29,34,31,47
94,12,20,0.05362485535442829,player-2,31,38,32,48
94,13,17,0.06258394569158554,player-4,37,47,38,58
95,1,17,0.03866688348352909,none,2,2,0,1
95,2,26,0.06837514229118824,none,4,5,6,8
95,3,17,0.054042087867856026,player-3,6,7,8,9
95,4,18,0.05737505853176117,player-1,9,11,10,11
95,5,18,0.058791832998394966,player-2,17,17,13,11
95,6,17,0.059125013649463654,player-2,22,25,17,13
95,7,17,0.05566701292991638,player-3,24,32,24,15
95,8,18,0.12783287093043327,player-1,26,32,24,18
95,9,18,0.053208088502287865,player-2,31,34,25,24
95,10,20,0.05929195322096348,player-1,36,35,25,27
95,11,17,0.0605839304625988,player-3,36,42,26,27
95,12,19,0.048042042180895805,none,39,42,27,27
95,13,21,0.07200008258223534,player-1,45,44,32,31
95,14,17,0.06395811215043068,player-2,50,47,36,31
95,15,17,0.057416968047618866,player-3,56,50,45,34
96,1,17,0.07650000043213367,player-4,0,2,1,2
96,2,26,0.08729193359613419,player-2,3,9,13,17
96,3,20,0.08108397014439106,player-1,6,13,17,21
96,4,17,0.06229197606444359,player-3,8,16,20,24
96,5,17,0.0654999166727066,player-4,12,16,27,25
96,6,19,0.07037515752017498,player-3,21,19,32,29
96,7,17,0.22300006821751595,player-2,29,27,34,33
96,8,17,1.4441250823438168,none,29,28,40,38
96,9,17,0.06262492388486862,player-4,34,28,44,44
96,10,17,0.2579160500317812,player-1,45,34,47,46
96,11,17,0.0641669612377882,player-2,46,37,48,47
96,12,18,0.17529097385704517,player-4,49,41,49,56
96,13,17,0.5337090697139502,player-4,53,44,51,61
97,1,18,0.06312504410743713,player-2,5,1,2,2
97,2,17,0.07800012826919556,player-2,13,5,2,5
97,3,17,0.24037505500018597,player-3,15,9,5,6
97,4,18,0.16491697169840336,player-1,19,10,5,6
97,5,17,0.12262514792382717,player-1,26,12,7,8
97,6,25,0.8577499538660049,none,27,16,13,14
97,7,18,0.46983291395008564,player-4,29,17,20,19
97,8,21,0.2617498394101858,player-4,33,22,22,23
97,9,19,0.1849168911576271,player-3,45,24,27,29
97,10,17,0.25062495842576027,player-2,49,32,28,34
97,11,18,0.1843329519033432,player-4,52,34,36,39
97,12,17,0.1905420795083046,player-4,55,36,36,42
97,13,18,0.13591698370873928,player-2,56,39,37,43
97,14,17,0.2363750245422125,player-2,64,47,41,43
98,1,17,0.12479186989367008,player-3,2,4,6,6
98,2,18,0.16695912927389145,player-1,6,6,9,10
98,3,17,0.17324998043477535,player-1,10,10,19,18
98,4,17,0.23704208433628082,player-2,15,20,22,21
98,5,17,0.16850000247359276,player-3,24,27,30,21
98,6,18,0.09945896454155445,player-1,31,31,33,22
98,7,17,0.3799579571932554,player-1,37,33,34,26
98,8,17,0.10379194281995296,player-2,41,38,39,28
98,9,20,0.18516601994633675,player-2,47,44,40,30
98,10,30,0.21254201419651508,none,51,52,48,44
98,11,18,0.20812498405575752,player-2,58,60,54,47
99,1,17,0.1661251299083233,player-3,0,11,14,3
99,2,17,0.2572499215602875,player-4,5,18,18,11
99,3,36,0.10862504132091999,player-4,8,33,21,12
99,4,24,0.10437495075166225,player-1,19,34,23,14
99,5,18,0.2693329006433487,player-4,21,37,30,15
99,6,19,0.3977499436587095,player-2,24,41,33,21
99,7,17,0.20462507382035255,player-1,26,45,36,26
99,8,18,0.05216686986386776,player-3,28,49,40,27
99,9,17,0.06649992428719997,player-3,37,49,50,27
99,10,17,0.06520794704556465,player-4,38,50,50,34
99,11,23,0.2910410985350609,player-3,40,60,57,35
99,12,22,0.212125014513731,player-3,45,61,63,41
100,1,17,0.04795799031853676,player-1,5,0,0,2
100,2,17,0.05270796827971935,player-2,7,17,8,11
100,3,18,0.061125028878450394,player-4,9,19,9,16
100,4,21,0.07345806807279587,player-4,13,30,14,24
100,5,18,0.05075009539723396,player-2,15,37,14,26
100,6,24,0.058582983911037445,none,17,40,18,28
100,7,17,0.06654206663370132,player-3,25,40,21,31
100,8,19,0.05987519398331642,player-2,28,49,26,39
100,9,17,0.04958314821124077,player-1,32,49,27,42
100,10,17,0.060957856476306915,player-2,39,57,27,42
100,11,17,0.043582869693636894,player-3,42,60,30,44
101,1,18,0.05324999801814556,player-2,3,5,1,1
101,2,17,0.06029196083545685,player-2,6,13,3,5
101,3,21,0.05124998278915882,none,8,15,13,5
101,4,22,0.06170803681015968,player-1,9,18,17,6
101,5,19,0.06570806726813316,player-3,17,22,20,11
101,6,19,0.07341592572629452,player-4,19,23,26,15
101,7,17,0.07616705261170864,player-3,19,25,29,17
101,8,17,0.057541998103260994,player-4,23,27,32,20
101,9,17,0.07875007577240467,player-1,27,35,45,21
101,10,19,0.06737490184605122,player-4,30,37,53,27
101,11,19,0.10770815424621105,player-1,35,45,55,28
101,12,19,0.05512498319149017,player-2,38,52,55,30
101,13,18,0.09179208427667618,player-2,40,55,60,38
102,1,17,0.07116608321666718,player-1,3,0,2,3
102,2,19,0.17970800399780273,player-4,5,3,3,5
102,3,24,0.054584117606282234,none,7,5,4,7
102,4,17,0.18554204143583775,player-4,7,8,7,12
102,5,17,0.3173749428242445,player-1,12,9,7,13
102,6,17,0.05962490104138851,player-2,18,15,16,16
102,7,18,0.05866703577339649,player-4,22,17,16,18
102,8,19,0.11433381587266922,player-2,22,31,21,19
102,9,17,0.2866671420633793,player-1,28,33,21,23
102,10,19,0.20745908841490746,player-4,34,36,29,23
102,11,17,0.06145797669887543,player-3,41,44,35,25
102,12,17,0.7043750956654549,player-4,46,44,35,28
102,13,18,0.07845787331461906,player-2,48,48,37,32
102,14,17,0.4244579467922449,player-2,51,53,38,34
102,15,18,0.42874994687736034,player-4,52,53,47,41
102,16,17,0.16212486661970615,player-4,53,61,49,48
103,1,17,0.1902079675346613,player-3,2,3,6,2
103,2,17,0.09612506255507469,player-4,5,3,8,12
103,3,24,0.07750000804662704,player-4,9,6,8,22
103,4,17,0.1890829298645258,player-2,12,13,13,23
103,5,18,0.5053330678492785,player-4,13,17,17,28
103,6,17,0.059999991208314896,player-4,16,18,20,35
103,7,17,0.07729209028184414,player-1,21,24,25,36
103,8,24,0.05620904266834259,player-1,26,26,28,36
103,9,19,0.1437920145690441,player-1,29,26,30,45
103,10,17,0.200208043679595,player-4,33,33,33,55
103,11,17,0.06775022484362125,player-1,40,33,44,55
103,12,22,0.09983405470848083,player-3,43,34,50,57
103,13,20,0.08450006134808064,player-2,45,38,51,57
103,14,17,0.16016699373722076,player-4,45,41,56,62
104,1,17,0.3569589462131262,player-4,3,2,2,5
104,2,17,0.12316601350903511,player-1,10,8,7,11
104,3,17,0.29645790345966816,player-2,18,19,13,16
104,4,17,0.059959013015031815,player-3,21,23,16,19
104,5,17,0.30720909126102924,player-4,24,26,19,23
104,6,19,0.2739580813795328,player-3,25,30,19,31
104,7,19,0.11041597463190556,player-4,25,30,24,45
104,8,19,0.08416594937443733,player-1,29,39,24,56
104,9,18,0.07458310574293137,player-1,34,42,26,58
105,1,17,0.14895806089043617,player-1,10,0,5,12
105,2,18,0.05983305163681507,player-3,12,10,13,17
105,3,18,0.07916591130197048,player-4,17,20,18,22
105,4,20,0.13308296911418438,player-3,25,32,30,27
105,5,17,0.09904196485877037,player-1,29,32,38,29
105,6,20,0.12675020843744278,player-1,35,40,39,43
105,7,18,0.8354592137038708,player-4,38,41,40,46
105,8,20,1.1909999884665012,player-3,38,46,41,51
105,9,18,0.059165991842746735,player-2,43,50,44,53
106,1,18,0.06220908835530281,player-4,2,3,1,3
106,2,19,0.6535830907523632,player-2,2,7,1,6
106,3,17,0.06345892325043678,player-1,13,7,2,8
106,4,18,0.05566701292991638,player-3,16,8,2,11
106,5,17,0.06795884110033512,player-3,24,10,5,15
106,6,17,0.05625002086162567,player-4,24,11,10,18
106,7,17,0.054582953453063965,player-1,30,11,17,21
106,8,17,0.2477499656379223,player-2,31,13,17,22
106,9,17,0.26958389207720757,player-3,37,14,19,24
106,10,20,0.10075001046061516,none,38,15,20,24
106,11,24,0.152957858517766,player-4,41,23,26,33
106,12,27,0.3523330669850111,player-4,42,35,31,38
106,13,17,0.3082500770688057,player-3,44,42,35,45
106,14,17,0.15054200775921345,player-4,44,51,41,51
107,1,18,0.44049997813999653,player-2,4,6,1,4
107,2,19,0.28962502256035805,player-4,6,6,2,22
107,3,27,0.08833291940391064,player-1,25,11,9,29
107,4,18,0.058165984228253365,player-1,26,12,13,30
107,5,21,0.06674998439848423,player-1,26,14,18,33
107,6,17,0.05837506614625454,player-2,31,24,18,38
107,7,26,0.06204098463058472,player-4,31,25,21,42
107,8,17,0.07516704499721527,player-4,36,28,23,48
107,9,17,0.06704195402562618,player-1,40,33,27,57
107,10,19,1.124874921515584,player-4,49,33,31,65
107,11,19,0.2367917913943529,player-1,53,40,34,75
108,1,17,0.1934159081429243,player-4,4,4,1,5
108,2,17,0.14150002971291542,player-1,11,6,4,7
108,3,17,0.05170796066522598,player-2,17,9,10,7
108,4,27,0.33074989914894104,none,24,14,20,8
108,5,18,0.13995799235999584,player-1,25,16,27,12
108,6,17,0.055416952818632126,player-1,28,19,28,12
108,7,20,0.2002499531954527,player-1,32,20,29,19
108,8,18,0.2905000001192093,player-4,38,27,34,29
108,9,18,0.0830839853733778,player-1,43,29,36,29
108,10,17,0.2727499231696129,player-1,54,34,44,29
108,11,17,0.18149986863136292,player-2,63,36,45,34
109,1,17,0.15829107724130154,player-2,6,7,2,2
109,2,17,0.17966586165130138,player-3,8,7,3,9
109,3,17,0.9895828552544117,player-4,11,16,8,13
109,4,18,0.2897500526160002,player-2,18,20,12,20
109,5,20,0.08287490345537663,player-1,23,27,13,32
109,6,17,0.0955420546233654,player-3,35,29,19,40
109,7,17,0.07979199290275574,player-4,39,34,29,47
109,8,17,0.060999998822808266,player-1,46,34,29,52
109,9,17,0.10645901784300804,player-2,55,37,37,54
109,10,19,0.06800005212426186,player-1,59,37,37,57
109,11,17,0.05541602149605751,player-4,63,42,39,66
110,1,17,0.06087496876716614,player-2,0,12,1,0
110,2,17,0.06008287891745567,player-3,0,15,6,6
110,3,29,0.08454103954136372,none,0,17,11,11
110,4,17,0.058916863054037094,player-1,4,17,13,19
110,5,17,0.04529207944869995,player-2,7,17,17,21
110,6,19,0.06716698408126831,player-1,12,24,19,25
110,7,20,0.060999998822808266,player-3,17,37,27,27
110,8,17,0.05387491546571255,player-1,27,37,27,31
110,9,18,0.07416587322950363,player-3,27,43,27,36
110,10,18,0.07791584357619286,player-4,32,53,33,40
110,11,20,0.06970809772610664,player-3,32,56,41,44
111,1,18,0.06712507456541061,player-3,4,7,1,4
111,2,17,0.046208035200834274,player-3,4,10,6,6
111,3,17,0.06379210390150547,player-4,11,14,10,13
111,4,19,0.07987488061189651,player-3,13,19,20,13
111,5,17,0.0741670373827219,player-2,17,22,24,22
111,6,18,0.051042065024375916,player-4,17,25,29,27
111,7,18,0.14825002290308475,player-1,22,33,36,35
111,8,17,0.06674998439848423,player-1,30,36,36,37
111,9,20,0.22429204545915127,player-1,30,40,38,45
111,10,27,0.06104097701609135,player-1,38,43,40,47
111,11,19,0.06087496876716614,player-2,40,48,40,49
111,12,18,0.06762496195733547,player-2,46,49,41,53
112,1,17,0.08108397014439106,player-1,7,5,0,5
112,2,17,0.052584102377295494,player-2,7,8,3,7
112,3,17,0.06908318027853966,player-3,14,14,6,10
112,4,17,0.06229197606444359,player-4,14,17,7,12
112,5,17,0.05224999040365219,player-1,16,17,7,12
112,6,29,0.11916598305106163,player-2,40,17,10,23
112,7,17,0.0577499158680439,player-3,40,24,15,25
112,8,18,0.05420786328613758,player-1,42,25,15,28
112,9,17,0.06079091690480709,player-1,53,27,18,32
112,10,21,0.0866670161485672,player-2,64,35,20,38
112,11,17,0.07420801557600498,player-3,71,41,26,44
112,12,18,0.06508408114314079,player-1,82,41,30,48
113,1,18,0.7504168897867203,player-4,2,2,2,4
113,2,17,0.17720903269946575,player-4,3,5,7,7
113,3,21,1.5117090661078691,player-1,13,8,14,12
113,4,17,0.16820896416902542,player-2,13,26,16,25
113,5,17,0.057958997786045074,player-3,15,32,19,25
113,6,17,0.2736251335591078,player-4,15,34,26,32
113,7,17,0.06645801477134228,player-1,19,36,28,38
113,8,17,0.06758305244147778,player-2,20,42,29,41
113,9,23,0.06833299994468689,none,21,47,31,46
113,10,17,0.3076661378145218,player-4,22,49,33,53
114,1,29,0.09624985978007317,player-1,5,6,3,2
114,2,18,0.09120884351432323,player-3,6,9,6,4
114,3,19,0.3436671104282141,player-1,11,12,8,4
114,4,18,0.0610831193625927,player-1,17,14,10,5
114,5,17,0.22670882754027843,player-1,21,14,12,11
114,6,17,0.2647498622536659,player-2,27,20,16,14
114,7,17,0.2024162095040083,player-3,27,28,19,21
114,8,30,0.09087496437132359,player-1,31,32,20,23
114,9,21,0.1949160359799862,player-1,40,32,23,23
114,10,17,0.06325007416307926,player-2,42,35,27,28
114,11,17,0.06545800715684891,player-3,44,38,33,32
114,12,18,0.06116693839430809,player-1,48,38,36,38
114,13,18,0.05645817145705223,player-2,52,49,36,40
114,14,17,0.0512909609824419,player-2,54,52,43,47
114,15,17,0.22033299319446087,player-3,54,53,44,47
115,1,18,0.1634580548852682,player-1,0,4,0,2
115,2,18,0.06020884029567242,player-2,2,10,4,9
115,3,18,0.04737498238682747,player-3,5,10,7,11
115,4,20,0.05541602149605751,player-2,9,11,8,13
115,5,18,0.06400002166628838,player-1,17,15,10,15
115,6,18,0.0663751270622015,player-2,17,22,10,22
115,7,17,0.10750000365078449,player-2,19,32,10,26
115,8,17,0.29095797799527645,player-3,23,38,18,28
115,9,25,0.16816589049994946,player-4,25,44,23,31
115,10,19,0.07149996235966682,player-3,33,53,34,36
115,11,17,0.1324580516666174,player-2,35,54,42,40
115,12,20,0.061540864408016205,player-2,36,60,47,41
116,1,20,0.2837921492755413,player-1,5,0,2,6
116,2,19,0.849749892950058,player-1,7,1,6,8
116,3,19,0.18391595222055912,player-2,12,9,17,8
116,4,17,0.14195800758898258,player-1,15,9,19,14
116,5,17,0.07741618901491165,player-2,23,17,22,14
116,6,20,0.1205839216709137,player-2,24,18,23,14
116,7,17,0.06029102951288223,player-4,33,18,26,17
116,8,19,0.06429105997085571,player-3,41,20,39,17
116,9,20,0.04554213955998421,none,45,23,40,17
116,10,23,0.06999983452260494,player-1,50,24,41,19
116,11,19,0.23199990391731262,player-2,54,27,41,21
116,12,19,0.40279095992445946,player-3,54,28,42,22
116,13,18,0.1837499439716339,player-3,56,36,44,23
117,1,19,0.0754999928176403,player-1,2,8,6,6
117,2,21,0.05862489342689514,none,6,8,12,8
117,3,17,0.7166250143200159,player-1,15,15,14,12
117,4,17,0.47791702672839165,player-2,15,21,22,17
117,5,17,1.4820420183241367,player-3,16,28,24,21
117,6,17,0.5572079680860043,player-4,17,28,24,23
117,7,26,0.4922908265143633,player-2,21,30,26,23
117,8,17,0.0616670586168766,player-2,30,32,27,25
117,9,18,0.1114171463996172,player-4,32,34,34,27
117,10,20,0.0802080612629652,player-3,36,36,39,27
117,11,17,0.10595889762043953,player-1,39,38,41,27
117,12,18,0.06749993190169334,player-3,40,42,45,29
117,13,18,0.06229197606444359,player-4,45,44,48,29
117,14,17,0.07687509059906006,player-4,51,50,54,38
118,1,18,0.06400002166628838,player-3,2,8,8,6
118,2,18,0.059416983276605606,player-4,3,12,12,11
118,3,23,0.06020907312631607,none,3,19,12,13
118,4,18,0.06595905870199203,player-2,5,23,12,15
118,5,18,0.0637909397482872,player-3,11,27,19,17
118,6,20,0.10412512347102165,player-2,12,33,22,19
118,7,17,0.0463330652564764,player-4,12,37,24,21
118,8,19,0.05804118700325489,player-3,14,45,34,31
118,9,18,0.07212487980723381,player-3,18,50,42,34
118,10,19,0.06087520159780979,player-1,30,53,45,34
118,11,17,0.08416688069701195,player-4,33,55,49,36
118,12,17,0.0502921175211668,player-1,39,57,52,38
118,13,17,0.0968750100582838,player-2,44,68,52,46
119,1,17,0.06133317947387695,player-1,1,7,4,6
119,2,17,0.09483285248279572,player-2,8,13,8,9
119,3,17,0.20066602155566216,player-3,12,21,10,11
119,4,17,0.11754198931157589,player-4,15,23,12,14
119,5,22,0.15145819634199142,player-2,22,24,19,14
119,6,22,0.2719159238040447,player-3,26,30,23,18
119,7,17,0.05187513306736946,player-3,31,30,29,18
119,8,18,0.09258300997316837,player-1,36,40,31,25
119,9,17,0.08516688831150532,player-1,40,40,34,28
119,10,17,0.08404115214943886,player-2,45,51,39,28
119,11,20,0.1230000052601099,player-2,47,59,39,30
119,12,29,0.12904196046292782,none,49,62,44,40
120,1,27,0.10924995876848698,none,7,0,6,9
120,2,21,0.1404578797519207,player-3,10,7,9,15
120,3,25,0.06979098543524742,none,12,11,17,23
120,4,22,0.1047088298946619,player-2,14,19,20,29
120,5,17,0.09233294986188412,player-2,22,22,20,35
120,6,17,0.09370897896587849,player-3,26,28,25,35
120,7,17,0.1016668975353241,player-4,33,28,30,51
120,8,22,0.23491587489843369,player-2,36,39,32,54
120,9,17,0.07791700772941113,player-2,37,42,38,57
120,10,17,0.13508298434317112,player-3,40,43,44,58
121,1,17,0.19041611813008785,player-2,10,2,0,4
121,2,23,0.13562501408159733,none,15,11,1,6
121,3,17,0.1069169957190752,player-4,17,17,8,6
121,4,17,0.13166596181690693,player-1,20,21,11,15
121,5,18,0.20162505097687244,player-3,21,24,15,21
121,6,18,0.07179100066423416,player-4,23,30,17,26
121,7,17,0.06820913404226303,player-4,25,31,21,28
121,8,17,0.14145812019705772,player-1,32,33,22,32
121,9,18,0.08512497879564762,player-3,42,33,26,34
121,10,18,0.063000014051795,player-4,43,34,27,39
121,11,21,0.06616697646677494,player-4,43,36,32,42
121,12,19,0.05458318628370762,player-3,44,37,38,43
121,13,21,0.07337494753301144,player-2,46,44,41,51
121,14,17,0.058582983911037445,player-3,48,46,43,53
121,15,17,0.04870793782174587,player-4,48,48,45,55
122,1,18,0.12679211795330048,player-3,1,0,2,7
122,2,17,0.06516696885228157,player-3,4,4,12,10
122,3,22,0.08829194121062756,player-1,15,13,17,13
122,4,20,0.1557918731123209,player-4,16,17,23,16
122,5,17,0.12191594578325748,player-2,22,19,29,20
122,6,21,0.36170799285173416,player-3,24,34,32,23
122,7,17,0.1776660792529583,player-4,30,38,36,31
122,8,18,0.09466614574193954,player-2,35,41,38,32
122,9,17,0.05866680294275284,player-2,36,47,41,32
122,10,17,0.10795891284942627,player-3,39,50,42,38
122,11,22,0.09583402425050735,player-1,42,54,43,45
122,12,23,0.272874953225255,player-3,43,57,47,48
123,1,17,0.04870793782174587,player-4,0,4,3,3
123,2,17,0.047083012759685516,player-1,4,7,11,3
123,3,18,0.05729193799197674,player-3,14,16,19,8
123,4,29,0.09995908476412296,player-3,26,18,33,9
123,5,18,0.05037500523030758,player-1,27,22,37,13
123,6,18,0.05483301356434822,player-2,29,25,38,18
123,7,18,0.0610831193625927,player-3,29,29,47,22
123,8,17,0.05495804361999035,player-3,42,33,57,30
123,9,18,0.05250005051493645,player-1,57,35,62,37
124,1,18,0.05654105916619301,player-4,7,9,6,4
124,2,19,0.06675021722912788,player-2,15,14,11,4
124,3,17,0.057625118643045425,player-1,19,20,14,11
124,4,17,0.05308305844664574,player-2,28,25,19,13
124,5,18,0.08849985897541046,player-4,28,36,27,17
124,6,19,0.13316702097654343,player-2,31,44,29,21
124,7,17,0.08833315223455429,player-1,35,44,31,29
124,8,17,0.08029118180274963,player-2,37,56,31,36
124,9,21,0.10720896534621716,player-3,38,56,38,39
124,10,19,0.0779579859226942,player-2,40,60,44,44
125,1,18,0.07845810614526272,player-1,0,5,8,0
125,2,17,0.06441585719585419,player-1,1,12,9,5
125,3,25,0.07479195483028889,player-2,7,21,14,19
125,4,20,0.059582991525530815,player-2,9,23,14,27
125,5,17,0.07504201494157314,player-4,10,23,16,34
125,6,23,0.23979204706847668,player-3,12,23,23,44
125,7,20,0.07837498560547829,player-1,15,26,23,51
125,8,17,0.12683309614658356,player-3,21,31,26,54
125,9,17,0.5854999180883169,player-4,23,36,29,58
125,10,17,0.06712484173476696,player-1,30,43,34,60
126,1,17,0.11504208669066429,player-3,0,8,0,3
126,2,21,0.07516611367464066,player-4,16,8,2,5
126,3,17,0.06329221650958061,player-1,20,14,5,9
126,4,17,0.06854115054011345,player-2,23,17,7,13
126,5,21,0.09758397936820984,player-3,30,25,19,15
126,6,19,0.07183291018009186,player-2,37,33,22,19
126,7,20,0.054625095799565315,player-4,39,35,28,22
126,8,17,0.05679205060005188,player-2,44,48,36,28
126,9,17,0.05137501284480095,player-3,47,50,38,32
126,10,17,0.060416990891098976,player-4,51,51,42,37
126,11,17,0.06258301436901093,player-1,53,58,46,43
127,1,17,0.2884159330278635,player-2,2,1,2,1
127,2,17,0.15862495638430119,player-3,10,5,15,1
127,3,17,0.06516603752970695,player-4,14,7,18,5
127,4,21,0.056999968364834785,player-1,20,12,19,7
127,5,17,0.42004091665148735,player-2,25,23,21,16
127,6,17,0.09125005453824997,player-3,25,25,27,18
127,7,20,0.06558280438184738,player-3,26,30,29,20
127,8,18,0.19229203462600708,player-2,26,45,29,23
127,9,17,0.0980000477284193,player-2,29,48,30,27
127,10,18,0.0524579081684351,player-4,29,54,34,35
127,11,17,0.12195808812975883,player-4,31,62,43,37
127,12,17,0.3873750101774931,player-1,37,67,50,41
128,1,19,0.09512482210993767,player-2,5,8,1,4
128,2,18,0.06683310493826866,player-2,6,14,5,4
128,3,17,0.06350013427436352,player-2,14,14,8,7
128,4,17,0.05820789374411106,player-3,23,17,16,11
128,5,18,0.16070809215307236,player-1,26,17,19,13
128,6,19,0.1313749235123396,player-3,31,23,29,15
128,7,18,0.06537511944770813,player-3,39,28,36,19
128,8,17,0.08466700091958046,player-3,40,30,38,21
128,9,17,0.06716698408126831,player-4,40,36,44,38
128,10,19,0.1335830893367529,player-3,45,47,47,44
128,11,18,0.18779211677610874,player-3,58,60,48,49
129,1,19,0.16066688112914562,player-4,5,4,3,11
129,2,19,0.05766586400568485,player-1,5,5,6,13
129,3,17,0.06454112008213997,player-4,5,9,8,17
129,4,17,0.0588330440223217,player-1,8,11,17,23
129,5,20,0.06129196844995022,player-1,12,14,20,25
129,6,17,0.06104097701609135,player-3,17,16,21,27
129,7,17,0.0666249543428421,player-4,19,19,26,39
129,8,19,0.13091601431369781,player-3,20,23,33,44
129,9,17,0.048999907448887825,player-2,24,30,35,46
129,10,17,0.08816691115498543,player-3,27,37,39,48
129,11,21,0.056374818086624146,player-4,29,42,40,49
129,12,17,0.06862496957182884,player-1,38,44,42,51
129,13,17,0.04583294503390789,player-2,43,48,42,52
130,1,17,0.058167148381471634,player-3,4,7,1,0
130,2,19,0.06874999962747097,player-2,6,12,6,3
130,3,18,0.05095801316201687,player-2,7,23,7,6
130,4,18,0.0612910371273756,player-3,11,32,8,6
130,5,17,0.06150011904537678,player-3,11,38,10,11
130,6,21,0.10729208588600159,player-4,15,42,10,23
130,7,17,0.061540864408016205,player-1,19,43,12,23
130,8,28,0.09583309292793274,player-1,24,48,13,25
130,9,17,0.18845894373953342,player-3,36,48,19,30
130,10,17,0.06845803000032902,player-4,37,52,21,37
130,11,19,0.0521661713719368,player-3,40,53,30,38
130,12,18,0.04533305764198303,player-3,41,55,32,40
130,13,17,0.05766702815890312,player-3,41,67,34,40
131,1,22,0.08729193359613419,player-4,3,6,7,0
131,2,17,0.19462499767541885,player-4,10,7,12,3
131,3,20,0.1829999964684248,player-4,11,20,12,3
131,4,22,0.08520809933543205,player-3,18,24,14,12
131,5,17,0.12358301319181919,player-3,25,29,23,13
131,6,20,0.08820788934826851,player-3,30,31,27,19
131,7,24,0.060167163610458374,player-4,36,31,28,21
131,8,17,0.0763752032071352,player-2,38,36,28,23
131,9,18,0.06812508217990398,player-4,44,41,31,40
131,10,20,0.059999991208314896,none,44,50,39,46
131,11,17,0.06516696885228157,player-1,49,52,39,53
132,1,18,0.05612499080598354,player-2,1,7,0,6
132,2,18,0.04758313298225403,player-3,4,11,5,6
132,3,17,0.058542005717754364,player-3,8,16,6,9
132,4,18,0.06470899097621441,player-1,15,19,8,15
132,5,20,0.07175002247095108,player-4,20,20,11,20
132,6,17,1.1042500846087933,player-2,21,28,18,23
132,7,19,0.499082962051034,player-1,32,32,18,25
132,8,18,0.14025019481778145,player-1,33,35,25,28
132,9,19,0.31816703267395496,player-3,36,43,27,33
132,10,17,0.05962490104138851,player-2,38,47,30,35
132,11,19,0.05295802839100361,player-1,43,49,32,36
132,12,18,0.18116692081093788,player-1,50,49,34,36
132,13,17,0.08625001646578312,player-1,52,49,36,42
132,14,18,0.06670807488262653,player-3,57,54,40,44
132,15,17,0.05133403465151787,player-3,59,58,44,44
133,1,20,0.08929194882512093,player-2,1,13,2,10
133,2,18,0.06174994632601738,player-1,5,14,5,12
133,3,17,0.048584071919322014,player-1,12,14,8,17
133,4,20,0.08479203097522259,player-1,12,16,11,23
133,5,19,0.05383300594985485,player-1,14,16,14,25
133,6,18,0.04895799793303013,player-1,20,18,16,28
133,7,38,0.11999998241662979,none,25,32,18,28
133,8,17,0.08933292701840401,player-2,25,35,23,40
133,9,18,0.047666020691394806,player-4,25,35,24,46
133,10,18,0.07595797069370747,player-1,28,36,25,54
133,11,17,0.19529089331626892,player-1,36,39,29,54
133,12,17,0.10062498040497303,player-2,36,44,30,58
134,1,20,0.07716706022620201,player-3,4,6,4,2
134,2,19,0.07283384911715984,player-3,6,11,9,4
134,3,17,0.06325007416307926,player-2,10,18,9,11
134,4,17,0.06383308209478855,player-3,14,20,14,11
134,5,18,0.10583316907286644,player-1,16,22,16,12
134,6,18,0.05925004370510578,player-2,21,25,20,15
134,7,20,0.07220800034701824,player-1,25,31,25,17
134,8,17,0.06295787170529366,player-3,26,38,33,18
134,9,20,0.057541998103260994,player-3,26,40,40,26
134,10,19,0.0641250517219305,player-3,29,51,42,27
134,11,21,0.09220791980624199,player-2,40,58,46,27
134,12,19,0.15166704542934895,player-1,52,62,56,31
135,1,20,0.07258285768330097,player-2,5,8,1,11
135,2,18,0.057040946558117867,none,14,12,5,19
135,3,17,0.06495811976492405,player-1,26,12,10,21
135,4,18,0.06695790216326714,player-3,33,19,16,28
135,5,19,0.06312504410743713,player-1,39,24,17,34
135,6,17,0.05845795385539532,player-4,40,26,22,42
135,7,15,0.03191595897078514,none,42,26,27,43
135,8,17,0.054042087867856026,player-2,42,31,30,48
135,9,17,0.05137501284480095,player-3,45,33,38,51
135,10,17,0.051667215302586555,player-4,47,33,39,60
135,11,18,0.1822090707719326,player-2,50,38,39,62
136,1,23,0.2656669821590185,player-1,1,1,4,1
136,2,17,0.3351250197738409,player-4,2,4,9,3
136,3,17,0.18370780162513256,player-1,10,7,19,4
136,4,20,0.6151660345494747,player-1,21,7,21,8
136,5,17,0.4140839446336031,player-3,22,11,22,12
136,6,17,0.2698341850191355,player-4,26,14,26,15
136,7,17,0.6306660361588001,player-1,35,18,31,19
136,8,17,0.17033307813107967,player-2,40,27,31,22
136,9,18,0.12370781041681767,player-4,49,34,33,25
136,10,17,0.1610000617802143,player-4,49,36,42,31
136,11,17,0.07804087363183498,player-1,63,39,55,31
137,1,17,0.4038340412080288,player-2,2,3,0,7
137,2,17,0.23395800963044167,player-3,7,11,5,12
137,3,17,0.20179199054837227,player-4,13,18,11,14
137,4,18,0.3770841285586357,player-2,16,25,11,19
137,5,17,0.1782919280230999,player-2,19,29,11,25
137,6,17,0.1449999399483204,player-3,21,30,20,32
137,7,19,0.06712484173476696,player-2,22,35,25,34
137,8,18,0.17479085363447666,player-2,22,35,25,41
137,9,18,0.09700004011392593,player-3,23,39,33,47
137,10,18,0.16512488946318626,player-4,23,44,37,51
137,11,19,0.11245789937674999,none,26,46,40,52
137,12,17,0.07066596299409866,player-1,32,47,48,53
138,1,20,0.1396669540554285,player-3,0,9,4,4
138,2,18,0.11170795187354088,player-2,5,16,5,10
138,3,17,0.05779205821454525,player-2,11,19,7,13
138,4,18,0.07166597060859203,none,11,19,9,16
138,5,19,0.06929109804332256,none,11,22,16,17
138,6,18,0.05945796146988869,player-2,13,31,16,17
138,7,18,0.2077501267194748,player-3,13,32,21,24
138,8,17,0.18075015395879745,player-3,18,48,23,25
138,9,17,0.21233409643173218,player-4,26,53,28,32
138,10,17,0.13995799235999584,player-1,30,57,32,37
138,11,17,0.07650000043213367,player-2,34,66,34,42
139,1,17,0.05529099144041538,player-4,2,0,5,7
139,2,17,0.05366699770092964,player-1,6,2,13,13
139,3,18,0.04770909436047077,player-3,12,5,15,14
139,4,17,0.0385830644518137,player-3,15,8,19,14
139,5,17,0.05229189991950989,player-4,18,8,19,23
139,6,24,0.06316695362329483,player-4,22,9,22,26
139,7,17,0.04533398896455765,player-2,23,13,23,29
139,8,30,0.08262507617473602,player-4,32,13,26,30
139,9,17,0.06108288653194904,player-4,37,15,26,37
139,10,19,0.05929195322096348,player-3,40,19,31,37
139,11,17,0.19254116341471672,player-2,43,23,31,41
139,12,18,0.05200016312301159,player-4,44,24,31,45
139,13,19,0.06179208867251873,player-2,46,27,32,49
139,14,17,0.07258285768330097,player-1,57,28,38,54
139,15,19,0.06654113531112671,player-4,59,34,41,62
140,1,20,0.05845888517796993,player-4,1,2,0,6
140,2,18,0.05787494592368603,player-3,6,4,10,6
140,3,17,0.06654206663370132,player-3,15,6,17,13
140,4,17,0.0541249755769968,player-4,16,9,18,15
140,5,24,0.07712491787970066,player-4,22,16,30,30
140,6,19,0.05433289334177971,player-4,22,18,32,37
140,7,19,0.06254203617572784,player-1,25,22,40,42
140,8,17,0.05029188469052315,player-4,25,24,40,46
140,9,19,0.08399994112551212,player-3,27,33,45,48
140,10,17,0.05179201252758503,player-2,33,37,46,50
140,11,20,0.0766250304877758,player-2,39,51,49,59
141,1,20,0.0679998192936182,player-1,7,4,2,3
141,2,18,0.0588330440223217,player-4,12,12,10,9
141,3,19,0.054625095799565315,player-2,15,16,12,11
141,4,17,0.06216694600880146,player-1,17,22,12,17
141,5,18,0.05545793101191521,player-3,19,25,14,20
141,6,18,0.05095801316201687,player-4,20,28,16,30
141,7,17,0.07204106077551842,player-4,24,30,20,32
141,8,18,0.0599580816924572,player-2,26,33,22,33
141,9,18,0.05483301356434822,player-3,28,36,23,36
141,10,19,0.25612511672079563,player-1,30,36,26,44
141,11,17,0.1960410736501217,player-4,32,37,29,49
141,12,17,0.1530421432107687,player-1,32,38,31,55
141,13,17,0.14695804566144943,player-2,34,47,37,65
142,1,18,0.09904196485877037,player-1,3,7,3,1
142,2,21,0.11450005695223808,player-1,13,13,8,4
142,3,18,0.1680001150816679,player-3,16,13,22,10
142,4,19,0.0802080612629652,player-1,22,15,23,12
142,5,17,0.09862496517598629,player-4,22,23,27,16
142,6,18,0.0630419235676527,player-2,33,31,30,16
142,7,20,0.10012509301304817,player-1,44,34,41,22
142,8,18,0.10300008580088615,player-4,44,35,42,27
142,9,17,0.24850014597177505,player-4,47,38,45,28
142,10,24,0.40616607293486595,player-4,51,40,48,32
142,11,22,0.06387499161064625,player-3,51,42,54,35
143,1,17,0.0499160960316658,player-4,1,3,4,2
143,2,17,0.18229195848107338,player-1,9,8,12,2
143,3,17,0.09041698649525642,player-2,9,11,13,8
143,4,17,0.04945788532495499,player-3,9,11,18,11
143,5,17,0.050625065341591835,player-4,9,13,22,16
143,6,21,0.05629099905490875,player-1,14,13,25,21
143,7,17,0.06262492388486862,player-2,19,16,27,23
143,8,17,0.06975000724196434,player-3,26,26,34,28
143,9,20,0.04791701212525368,none,26,29,34,32
143,10,20,0.09095808491110802,player-4,31,29,44,38
143,11,17,0.04533398896455765,player-2,33,38,46,38
143,12,25,0.09670807048678398,player-3,41,38,52,43
143,13,18,0.05712499842047691,player-1,45,44,52,47
143,14,18,0.04991586320102215,player-2,47,50,53,49
144,1,17,0.05791708827018738,player-1,10,3,6,0
144,2,17,0.056582968682050705,player-2,17,6,11,2
144,3,19,0.058542005717754364,player-1,26,8,17,13
144,4,18,0.060584163293242455,player-1,30,12,21,15
144,5,20,0.06429199129343033,player-4,34,15,22,18
144,6,17,0.055541982874274254,player-2,39,18,24,20
144,7,23,0.08549983613193035,player-1,48,22,24,22
144,8,19,0.07404200732707977,player-2,53,27,29,31
144,9,18,0.059333862736821175,player-2,55,28,31,32
144,10,18,0.07754191756248474,player-3,63,34,34,43
144,11,17,0.06045890040695667,player-3,63,40,40,47
145,1,18,0.05324999801814556,player-3,1,3,2,4
145,2,20,0.056999968364834785,player-2,3,10,9,4
145,3,18,0.0802499707788229,player-1,9,12,12,12
145,4,17,0.1516249030828476,player-1,17,13,14,19
145,5,19,0.13520801439881325,player-4,17,17,28,25
145,6,19,0.08041714318096638,player-1,23,20,33,30
145,7,19,0.08712499402463436,player-2,24,27,33,34
145,8,18,0.04687509499490261,player-2,33,31,33,39
145,9,17,0.056999968364834785,player-2,37,39,36,39
145,10,20,0.06008381024003029,player-2,39,45,38,44
145,11,23,0.06829202175140381,player-2,40,51,41,55
146,1,19,0.07049995474517345,player-1,4,5,6,1
146,2,23,0.059499870985746384,player-2,5,5,9,3
146,3,17,0.0789170153439045,player-1,13,7,19,3
146,4,17,0.06466684862971306,player-2,13,11,27,6
146,5,19,0.1499168574810028,player-1,19,11,35,16
146,6,20,0.0877920538187027,player-3,19,18,41,24
146,7,17,0.052042072638869286,player-1,23,23,42,24
146,8,20,0.11762487702071667,player-1,25,26,42,29
146,9,24,0.052833929657936096,none,28,29,43,29
146,10,20,0.06062490865588188,player-3,30,29,52,36
146,11,18,0.08504185825586319,player-2,31,39,52,41
146,12,18,0.27779187075793743,player-3,33,48,56,41
146,13,20,0.2974581439048052,player-2,34,52,60,41
146,14,27,0.23304205387830734,player-2,48,68,71,55
147,1,20,0.2854159101843834,player-4,1,6,5,9
147,2,24,0.4141670651733875,player-1,7,8,5,10
147,3,23,0.424874946475029,player-1,11,11,10,18
147,4,19,0.1734581310302019,player-2,14,13,12,21
147,5,17,0.044416869059205055,player-1,16,15,15,21
147,6,20,0.11104205623269081,player-1,21,21,15,28
147,7,17,0.1652080100029707,player-3,27,25,25,28
147,8,17,0.08954200893640518,player-4,34,25,30,34
147,9,17,0.07254211232066154,player-1,37,28,34,39
147,10,17,0.12945802882313728,player-2,38,36,39,46
147,11,18,0.06566708907485008,player-4,40,37,39,52
147,12,17,0.08699996396899223,player-4,43,41,41,54
147,13,17,0.06929202936589718,player-1,50,52,48,62
148,1,17,0.052666058763861656,player-3,0,1,6,5
148,2,18,0.06120791658759117,player-1,5,3,11,8
148,3,17,0.0527920201420784,player-1,11,5,13,10
148,4,28,0.061042141169309616,none,14,9,13,16
148,5,18,0.05579204298555851,player-4,14,10,15,22
148,6,18,0.07449998520314693,player-1,22,14,17,23
148,7,18,0.04312512464821339,player-2,24,22,17,28
148,8,17,0.042208004742860794,player-2,24,24,20,36
148,9,20,0.05666702054440975,player-2,26,33,25,41
148,10,17,0.04454189911484718,player-4,26,35,26,43
148,11,18,0.06187497638165951,player-2,28,35,32,49
148,12,19,0.05350005812942982,player-4,30,37,36,57
148,13,19,0.13800011947751045,player-1,38,47,38,62
149,1,19,0.10079191997647285,player-2,2,7,5,5
149,2,23,0.33125001937150955,player-3,6,14,6,10
149,3,17,0.07591699250042439,player-2,20,20,13,14
149,4,20,0.12020906433463097,player-2,24,26,13,16
149,5,17,0.1977500505745411,player-4,30,30,17,24
149,6,21,0.06512505933642387,player-1,31,30,20,29
149,7,20,0.5465419963002205,player-1,39,30,25,32
149,8,17,0.05320785567164421,player-3,39,31,32,36
149,9,19,0.05195802077651024,player-2,40,42,32,42
149,10,23,0.45591709204018116,player-3,53,57,35,51
150,1,17,0.06162491627037525,player-4,4,0,1,2
150,2,17,0.06829202175140381,player-1,11,4,7,5
150,3,28,0.06004190072417259,none,20,12,11,7
150,4,17,0.0563750509172678,player-3,20,13,17,9
150,5,17,0.05258386954665184,player-4,23,15,23,11
150,6,20,0.29675010591745377,player-4,26,17,26,14
150,7,19,0.22170809097588062,player-4,28,20,26,17
150,8,26,0.12133317068219185,player-4,35,23,32,29
150,9,20,0.15187496319413185,player-3,39,30,38,38
150,10,20,0.36620907485485077,player-4,43,33,47,45
150,11,17,0.10724994353950024,player-2,48,37,53,46
151,1,18,0.0916249118745327,player-1,2,7,2,2
151,2,17,0.05512498319149017,player-1,5,10,3,3
151,3,18,0.05945819430053234,player-3,5,12,7,5
151,4,19,0.07029110565781593,player-1,10,12,12,15
151,5,17,0.10683294385671616,player-4,14,18,16,19
151,6,17,0.07429206743836403,player-1,22,24,16,25
151,7,18,0.0517088919878006,player-3,23,25,20,30
151,8,24,0.09533297270536423,player-2,24,25,25,30
151,9,19,0.09433412924408913,player-2,27,34,28,33
151,10,21,0.06295903585851192,player-1,34,38,29,38
151,11,17,0.05620787851512432,player-2,38,44,32,40
151,12,17,0.12250011786818504,player-3,43,50,36,42
151,13,28,0.07275003008544445,player-3,47,55,44,43
151,14,17,0.06345799192786217,player-1,52,55,50,45
152,1,17,0.20295893773436546,player-4,5,4,2,2
152,2,17,0.2310001291334629,player-1,8,9,8,4
152,3,27,0.08079200051724911,player-4,12,17,8,19
152,4,23,0.09491690434515476,player-1,18,22,17,22
152,5,20,0.06900005973875523,player-3,27,29,26,22
152,6,23,0.05470798350870609,none,31,31,30,23
152,7,17,0.07066596299409866,player-2,36,33,30,27
152,8,18,0.09041698649525642,player-4,42,38,35,32
152,9,17,0.07950002327561378,player-4,46,42,42,36
152,10,22,0.1724169123917818,none,52,44,43,36
152,11,18,0.19695796072483063,player-3,56,52,50,39
153,1,18,0.06858399137854576,player-1,3,0,0,3
153,2,17,0.06662518717348576,player-1,7,1,3,3
153,3,22,0.0707919243723154,player-3,10,3,6,7
153,4,17,0.06649992428719997,player-3,13,12,10,13
153,5,20,0.05441601388156414,player-3,19,12,12,16
153,6,23,0.09174994193017483,player-3,27,26,17,38
153,7,20,0.05791708827018738,player-1,31,29,20,46
153,8,18,0.05154102109372616,player-4,33,33,25,52
153,9,17,0.06320816464722157,player-4,34,33,35,54
153,10,17,0.06466708146035671,player-1,37,37,36,60
153,11,18,0.06800005212426186,player-3,37,38,44,65
154,1,19,0.07500010542571545,player-1,7,7,2,6
154,2,17,0.05670799873769283,player-4,9,8,6,10
154,3,18,0.04675006493926048,player-2,10,10,6,10
154,4,20,0.0677080824971199,player-1,14,13,12,13
154,5,17,0.04870793782174587,player-3,19,15,13,15
154,6,19,0.05445792339742184,player-2,20,21,14,17
154,7,19,0.11599995195865631,player-3,22,23,17,17
154,8,25,0.06533320993185043,player-2,22,33,19,18
154,9,18,0.07100007496774197,player-4,27,33,21,23
154,10,18,0.06483402103185654,player-1,31,33,22,26
154,11,17,0.05795806646347046,player-1,37,38,25,29
154,12,18,0.10237493552267551,player-3,45,41,33,29
154,13,18,0.06050011143088341,player-4,52,47,36,33
154,14,22,0.04770886152982712,none,52,52,37,34
154,15,17,0.06512482650578022,player-1,57,56,40,37
154,16,18,0.0585832167416811,player-3,64,60,42,43
155,1,33,0.10620802640914917,player-1,4,8,1,3
155,2,17,0.08995900861918926,player-2,9,11,6,5
155,3,22,0.12649991549551487,player-4,16,18,10,8
155,4,20,0.0952498521655798,player-3,24,19,15,15
155,5,17,0.06316602230072021,player-1,27,20,18,17
155,6,17,0.053791794925928116,player-2,27,22,20,21
155,7,17,0.059582991525530815,player-3,31,26,28,21
155,8,18,0.05174987018108368,player-1,35,27,28,22
155,9,23,0.06366707384586334,player-3,46,41,28,23
155,10,26,0.07479102350771427,player-3,48,44,36,29
155,11,22,0.062374863773584366,none,50,50,39,38
155,12,18,0.06433296948671341,player-1,53,58,41,43
156,1,17,0.04804111085832119,player-2,1,5,1,3
156,2,17,0.05370797589421272,player-3,1,10,3,6
156,3,19,0.07316702976822853,player-2,4,15,6,9
156,4,20,0.07700012065470219,player-4,12,20,6,19
156,5,17,0.04975008778274059,player-2,15,21,9,20
156,6,18,0.07754098623991013,player-4,17,23,11,23
156,7,17,0.1362091861665249,player-4,24,36,16,29
156,8,24,0.07683387957513332,player-4,24,39,22,34
156,9,19,0.1218749675899744,player-4,24,42,23,39
156,10,17,0.08149980567395687,player-3,26,49,28,41
156,11,17,0.14750007539987564,player-4,27,58,35,51
157,1,18,0.06174994632601738,player-2,1,7,1,2
157,2,18,0.11670892126858234,player-3,6,10,2,3
157,3,17,0.04616705700755119,player-3,8,11,4,4
157,4,26,0.48529193736612797,player-1,9,11,10,9
157,5,20,0.20583393052220345,player-4,9,11,14,15
157,6,18,1.9787079654633999,player-3,18,13,21,16
157,7,17,0.22533303126692772,player-3,22,19,33,23
157,8,17,0.16383291222155094,player-4,27,19,37,26
157,9,17,0.6377920508384705,player-1,32,19,40,29
157,10,17,0.5244589410722256,player-2,35,25,41,29
157,11,17,0.05012517794966698,player-3,41,30,43,37
157,12,17,0.062417006120085716,player-4,43,35,47,42
157,13,18,0.056791119277477264,player-2,44,38,51,43
157,14,18,0.06466708146035671,player-3,44,38,56,46
158,1,23,0.09020790457725525,player-3,0,5,3,3
158,2,17,0.05545886233448982,player-2,4,8,8,4
158,3,17,0.10370789095759392,player-3,10,8,12,8
158,4,20,0.09620888158679008,player-3,17,8,19,11
158,5,19,0.05800020880997181,player-3,20,11,24,15
158,6,23,0.09666685946285725,player-4,27,15,31,20
158,7,17,0.08437503129243851,player-3,33,17,35,21
158,8,17,0.04779198206961155,player-4,33,20,38,26
158,9,17,0.05933293141424656,player-1,41,24,44,30
158,10,17,0.04800013266503811,player-2,43,26,44,31
158,11,17,0.07308297790586948,player-3,43,29,54,39
158,12,18,0.05629193037748337,player-1,46,29,60,39
159,1,17,0.06358395330607891,player-4,3,0,1,15
159,2,23,0.09037507697939873,player-3,3,12,8,23
159,3,31,0.2924997825175524,none,12,18,15,27
159,4,20,0.14291703701019287,player-2,16,22,21,31
159,5,17,0.1004580408334732,player-4,19,23,21,35
159,6,17,0.11550006456673145,player-1,20,28,28,37
159,7,24,0.06454205140471458,none,24,31,32,43
159,8,17,0.0503340270370245,player-3,31,31,36,45
159,9,21,0.06808293983340263,player-4,32,32,36,48
159,10,18,0.06524985656142235,player-2,38,39,49,48
159,11,20,0.4884579684585333,player-1,46,40,52,48
159,12,23,0.18816697411239147,player-1,51,44,54,51
160,1,18,0.071709044277668,player-3,5,6,2,7
160,2,17,0.06004096940159798,player-3,13,6,9,7
160,3,23,0.07291696965694427,player-2,15,6,15,15
160,4,18,0.055167125537991524,player-2,22,9,16,16
160,5,18,0.09483401663601398,player-3,28,13,20,20
160,6,18,0.058374833315610886,player-4,30,13,24,23
160,7,17,0.06250012665987015,player-4,34,20,24,28
160,8,18,0.06787502206861973,player-2,44,24,28,30
160,9,17,0.07033301517367363,player-2,46,26,30,32
160,10,17,0.04362477920949459,player-3,46,28,40,33
160,11,20,0.06679212674498558,player-3,47,31,45,38
160,12,17,0.061583006754517555,player-1,48,31,49,40
160,13,17,0.09220791980624199,player-2,55,40,58,40
161,1,17,0.06308313459157944,player-3,5,3,3,2
161,2,21,0.06862496957182884,player-4,6,7,4,4
161,3,17,0.04612491466104984,player-1,11,8,5,7
161,4,17,0.1016249880194664,player-2,14,12,13,10
161,5,17,0.06266706623136997,player-3,23,17,25,18
161,6,17,0.05308305844664574,player-4,24,19,27,22
161,7,17,0.056459102779626846,player-1,31,19,29,24
161,8,20,0.06345799192786217,player-1,35,28,32,33
161,9,21,0.063000014051795,player-3,37,30,40,39
161,10,18,0.05533406510949135,player-1,43,33,48,40
161,11,18,0.05262484773993492,player-2,50,39,50,40
162,1,18,0.06920797750353813,player-2,3,7,0,3
162,2,18,0.11995900422334671,player-3,5,8,6,6
162,3,17,0.10566716082394123,player-3,7,12,8,15
162,4,21,0.07004197686910629,player-4,7,15,10,16
162,5,17,0.1264170277863741,player-1,18,15,16,17
162,6,26,0.09216694161295891,player-3,20,18,24,19
162,7,19,0.4862910136580467,player-1,26,24,24,25
162,8,17,0.4847501404583454,player-4,29,29,26,30
162,9,20,0.07966579869389534,player-4,32,31,27,30
162,10,17,0.09374995715916157,player-2,32,33,28,31
162,11,17,0.08004205301404,player-3,32,38,39,37
162,12,17,0.11983304284512997,player-4,39,43,39,41
162,13,20,0.1152080949395895,player-4,40,45,41,44
162,14,17,0.48504211008548737,player-2,40,59,54,44
163,1,17,0.08845794945955276,player-4,3,1,7,5
163,2,18,0.06983312778174877,player-2,3,4,7,8
163,3,17,0.07650000043213367,player-2,17,7,13,12
163,4,17,0.040082959458231926,player-3,17,11,20,13
163,5,17,0.07883389480412006,player-4,20,15,22,21
163,6,20,0.26424997486174107,player-4,28,18,26,27
163,7,17,0.07454189471900463,player-2,29,27,34,29
163,8,17,0.046083005145192146,player-3,33,33,42,31
163,9,24,0.10958290658891201,player-3,39,37,42,35
163,10,19,0.08537503890693188,none,47,40,58,35
164,1,17,0.10591605678200722,player-1,7,6,5,6
164,2,18,0.06695813499391079,player-3,12,13,6,9
164,3,18,0.06320793181657791,player-4,18,14,13,14
164,4,17,0.05537504330277443,player-4,18,18,20,14
164,5,19,0.06083305925130844,player-3,20,26,28,23
164,6,20,0.08654105477035046,player-1,21,28,30,26
164,7,18,0.06208382546901703,player-4,26,28,37,28
164,8,23,0.13033393770456314,player-2,26,32,45,34
164,9,18,0.12262491509318352,player-2,31,43,47,37
164,10,21,0.06420910358428955,player-2,37,48,51,38
164,11,17,0.06141606718301773,player-3,40,51,58,38
164,12,19,0.06479118019342422,player-2,41,53,59,38
165,1,17,0.06441702134907246,player-3,1,7,8,2
165,2,17,0.06595812737941742,player-4,9,9,10,4
165,3,20,0.08791685104370117,player-4,18,9,17,9
165,4,17,0.047666020691394806,player-2,18,17,19,13
165,5,17,0.04191696643829346,player-3,21,19,20,14
165,6,18,0.06187497638165951,player-1,35,25,23,21
165,7,23,0.08441600948572159,player-3,38,27,26,29
165,8,17,0.09033293463289738,player-2,41,33,26,31
165,9,23,0.09979214519262314,player-1,52,34,29,31
165,10,19,0.07125013507902622,player-2,55,40,31,38
165,11,17,0.07883296348154545,player-1,61,40,37,38
165,12,18,0.05908310413360596,player-3,64,49,40,43
166,1,28,0.106374965980649,none,0,10,3,0
166,2,18,0.12879190035164356,player-1,5,13,10,0
166,3,17,2.6396659668534994,player-1,15,16,20,0
166,4,20,0.38879201747477055,player-1,21,17,22,2
166,5,26,0.06537488661706448,player-4,22,19,23,5
166,6,18,0.11145789176225662,player-1,22,21,23,6
166,7,17,0.3154170699417591,player-1,28,32,27,6
166,8,18,0.0700000673532486,player-3,31,36,34,9
166,9,19,0.04529207944869995,none,31,37,36,12
166,10,17,0.06029102951288223,player-4,33,39,43,15
166,11,24,0.06500002928078175,none,34,42,51,16
166,12,20,0.0617089681327343,player-1,38,42,51,18
166,13,18,0.07404107600450516,player-4,40,45,57,20
166,14,21,0.05329097621142864,player-4,43,45,59,26
167,1,20,0.1468330156058073,player-2,1,11,10,7
167,2,19,0.30991691164672375,player-2,3,12,11,13
167,3,17,0.3938751760870218,player-1,8,15,20,15
167,4,18,0.11312495917081833,player-3,13,16,24,15
167,5,22,0.12474996037781239,player-4,13,17,24,19
167,6,17,0.1670410856604576,player-4,14,17,34,22
167,7,17,0.056625111028552055,player-1,22,19,37,27
167,8,18,0.05933293141424656,player-3,25,21,38,28
167,9,20,0.06108381785452366,player-2,28,26,38,30
167,10,19,0.053165946155786514,player-2,28,37,40,36
167,11,17,0.06566708907485008,player-1,35,37,48,37
167,12,17,0.321083003655076,player-2,40,41,54,39
167,13,19,0.2469171304255724,player-1,43,47,56,40
167,14,17,0.16762502491474152,player-4,47,53,58,45
168,1,17,0.13095815666019917,player-3,6,3,3,2
168,2,17,0.06129196844995022,player-4,10,3,7,8
168,3,25,0.06649992428719997,none,17,8,9,12
168,4,19,0.06958306767046452,player-4,22,15,13,18
168,5,18,0.06991601549088955,player-4,27,22,19,19
168,6,17,0.045791035518050194,player-4,27,22,21,21
168,7,20,0.06858399137854576,player-4,28,22,25,29
168,8,17,0.05904096178710461,player-2,34,25,27,29
168,9,17,0.06233295425772667,player-3,34,25,29,34
168,10,17,0.06829202175140381,player-4,37,28,41,44
168,11,17,0.07583294063806534,player-1,39,33,48,57
168,12,18,0.061542028561234474,player-3,41,36,61,58
169,1,18,0.07183314301073551,player-1,4,0,4,2
169,2,20,0.10154210031032562,player-4,6,7,8,7
169,3,21,0.19004219211637974,player-2,9,9,11,7
169,4,17,0.11462508700788021,player-3,14,9,16,7
169,5,25,0.1469168346375227,none,20,10,16,10
169,6,18,1.104207942262292,player-2,26,13,16,12
169,7,30,0.11291704140603542,player-3,27,16,21,24
169,8,17,0.07149996235966682,player-3,31,25,23,29
169,9,24,0.06474996916949749,none,34,29,32,31
169,10,17,0.12991693802177906,player-1,36,33,33,36
169,11,17,0.06966711953282356,player-2,36,39,33,39
169,12,19,0.111832981929183,player-1,43,43,38,44
169,13,17,0.08670799434185028,player-4,45,44,43,45
169,14,25,0.054916832596063614,player-1,48,49,49,45
169,15,17,0.12020813301205635,player-2,51,54,51,45
170,1,19,0.16841711476445198,player-4,0,0,5,10
170,2,18,0.12629199773073196,player-4,0,1,11,13
170,3,17,0.07624994032084942,player-4,4,6,16,13
170,4,19,0.06745895370841026,player-3,11,6,23,19
170,5,17,0.07137516513466835,player-2,13,9,32,21
170,6,18,0.12191710993647575,player-4,13,16,36,25
170,7,17,0.07349997758865356,player-4,15,21,39,30
170,8,19,0.10279100388288498,player-3,17,24,52,36
170,9,19,0.0702918041497469,player-4,17,29,58,39
170,10,19,0.0700000673532486,player-1,21,33,59,39
170,11,18,0.052582938224077225,player-1,23,34,59,46
170,12,17,0.10475004091858864,player-1,25,37,59,46
170,13,17,0.05841604433953762,player-2,25,41,62,48
170,14,17,0.12145889922976494,player-3,37,42,76,50
171,1,19,0.07624994032084942,player-2,4,6,0,3
171,2,17,0.07062498480081558,player-1,12,11,0,4
171,3,17,0.0635411124676466,player-2,15,17,4,8
171,4,17,0.061125028878450394,player-3,17,20,6,10
171,5,17,0.048416899517178535,player-4,18,23,9,13
171,6,17,0.06187497638165951,player-1,21,27,11,19
171,7,27,0.08016708306968212,player-4,24,28,12,23
171,8,23,0.12495787814259529,player-1,29,31,15,26
171,9,17,0.10349997319281101,player-4,35,31,15,36
171,10,18,0.11558295227587223,player-2,39,31,27,45
171,11,22,0.07841596379876137,none,39,33,36,49
171,12,17,0.08708285167813301,player-3,39,34,44,52
171,13,19,0.05879090167582035,player-2,42,37,50,57
171,14,20,0.15566684305667877,player-4,48,41,55,64
172,1,17,0.06479211151599884,player-4,4,2,3,0
172,2,17,0.04620896652340889,player-1,6,4,6,1
172,3,19,0.06445799954235554,player-4,9,11,12,5
172,4,18,0.07149996235966682,player-4,10,13,16,16
172,5,17,0.046958914026618004,player-4,12,17,16,20
172,6,19,0.06508291698992252,player-3,23,27,23,25
172,7,18,0.07841689512133598,player-3,32,28,23,27
172,8,17,0.06733299233019352,player-3,41,28,33,28
172,9,17,0.06962497718632221,player-4,45,39,36,32
172,10,19,0.06137508898973465,player-3,47,42,46,34
172,11,19,0.07108412683010101,player-4,47,43,57,38
173,1,17,0.058833975344896317,player-3,4,2,12,0
173,2,18,0.0626659020781517,player-1,15,2,19,6
173,3,17,0.07245899178087711,player-1,21,6,22,8
173,4,27,0.08474988862872124,player-4,21,24,25,16
173,5,17,0.050791073590517044,player-3,22,28,31,16
173,6,17,0.039833830669522285,none,25,28,32,22
173,7,19,0.07737497799098492,player-3,31,28,41,28
173,8,18,0.05266699008643627,player-3,32,29,47,30
173,9,17,0.04916684702038765,player-3,33,30,50,30
173,10,17,0.0541668850928545,player-4,36,36,56,32
173,11,17,0.06679119542241096,player-1,40,36,60,35
174,1,18,0.1504160463809967,player-2,4,7,4,4
174,2,18,0.10566599667072296,player-3,5,12,10,6
174,3,18,0.055999960750341415,player-4,11,17,10,8
174,4,17,0.06066705100238323,player-4,13,20,12,13
174,5,19,0.08712499402463436,player-3,15,28,17,15
174,6,18,0.060542020946741104,player-3,27,29,25,15
174,7,30,0.07366714999079704,player-4,28,31,35,15
174,8,17,0.06108288653194904,player-4,35,31,41,17
174,9,19,0.06366590969264507,player-3,42,33,45,20
174,10,20,0.17708400264382362,player-1,46,34,48,22
174,11,17,0.07991702295839787,player-3,47,34,49,29
174,12,17,0.10779197327792645,player-4,47,34,57,44
175,1,18,0.1634999644011259,player-1,12,0,3,12
175,2,17,0.24641584604978561,player-1,20,1,5,12
175,3,20,0.07562502287328243,player-1,22,2,7,20
175,4,18,0.16791699454188347,player-4,24,2,9,24
175,5,17,0.07183291018009186,player-4,27,4,16,29
175,6,23,0.5624999757856131,player-3,29,8,22,34
175,7,18,0.0788751058280468,player-3,29,10,35,38
175,8,17,0.0577499158680439,player-3,30,16,43,38
175,9,17,0.0527501106262207,player-4,32,20,45,45
175,10,18,0.09183306246995926,player-2,35,27,47,47
175,11,17,0.08662487380206585,player-2,36,36,53,48
175,12,18,0.059791840612888336,player-4,38,40,58,49
175,13,17,0.11645886115729809,player-4,44,43,61,54
176,1,22,0.07358286529779434,player-2,3,3,4,4
176,2,17,0.051167095080018044,player-2,6,11,4,9
176,3,17,0.06962497718632221,player-3,8,11,9,11
176,4,18,0.06487499922513962,player-1,12,12,9,16
176,5,17,0.06879190914332867,player-1,16,14,11,19
176,6,19,0.06437511183321476,player-4,24,19,13,24
176,7,18,0.07733306847512722,player-4,31,20,15,24
176,8,18,0.07395795546472073,player-1,43,24,26,25
176,9,20,0.09549991227686405,player-4,45,33,33,34
176,10,18,0.08466700091958046,player-3,53,36,39,39
176,11,19,0.07129181176424026,player-1,62,37,44,41
177,1,19,0.1013751607388258,player-1,5,2,5,6
177,2,18,0.08462509140372276,player-1,7,9,10,13
177,3,19,0.051582930609583855,player-3,8,9,15,15
177,4,17,0.07083290256559849,player-2,15,16,17,17
177,5,17,0.07179216481745243,player-3,16,20,24,21
177,6,17,0.13766600750386715,player-4,16,25,28,23
177,7,18,0.08637504652142525,player-2,20,28,31,26
177,8,18,0.06870902143418789,player-3,23,30,38,31
177,9,27,0.12058415450155735,player-1,30,33,40,33
177,10,17,0.1449999399483204,player-4,32,36,42,43
177,11,17,0.0946668442338705,player-1,44,36,45,43
177,12,18,0.22504199296236038,player-3,46,46,55,52
178,1,19,0.07108296267688274,player-4,0,8,3,7
178,2,20,0.0802499707788229,player-2,10,11,15,13
178,3,17,0.07399986498057842,player-4,14,16,17,17
178,4,17,0.06150011904537678,player-1,20,16,20,21
178,5,17,0.06129196844995022,player-2,25,19,22,27
178,6,18,0.06670807488262653,player-4,26,22,36,32
178,7,17,0.06874999962747097,player-4,28,30,40,35
178,8,19,0.08537503890693188,player-3,34,34,41,37
178,9,22,0.11595804244279861,player-3,35,36,42,41
178,10,17,0.09716697968542576,player-3,37,39,46,45
178,11,18,0.04216702654957771,none,41,41,49,49
178,12,17,0.08187489584088326,player-1,44,43,51,57
179,1,18,0.08541694842278957,player-2,11,2,0,1
179,2,19,0.16875006258487701,player-4,12,5,0,12
179,3,17,0.073959119617939,player-3,12,5,11,18
179,4,17,0.06612506695091724,player-4,12,8,19,20
179,5,19,0.05220901221036911,player-3,15,9,20,26
179,6,20,0.07279193960130215,player-1,28,10,23,30
179,7,17,0.0654999166727066,player-3,30,12,29,36
179,8,21,0.10516704060137272,player-4,30,12,31,38
179,9,17,0.06329105235636234,player-1,39,15,36,38
179,10,18,0.11529098264873028,player-3,44,16,41,44
179,11,22,0.11045788414776325,player-4,47,20,41,48
179,12,17,0.08316710591316223,player-4,47,23,43,51
179,13,22,0.07429090328514576,player-2,49,25,46,56
179,14,19,0.09562494233250618,player-4,51,30,48,64
179,15,19,0.06083399057388306,player-1,57,30,51,68
180,1,17,0.1169589813798666,player-1,2,6,1,4
180,2,17,0.19404198974370956,player-2,6,14,4,4
180,3,18,0.2090840134769678,player-4,8,16,5,8
180,4,17,0.2753329463303089,player-4,10,16,19,11
180,5,20,0.1915409229695797,player-4,21,21,27,13
180,6,18,0.05762488581240177,player-3,26,23,32,15
180,7,17,0.057499855756759644,player-3,28,24,41,16
180,8,19,0.06254203617572784,player-2,31,30,41,21
180,9,17,0.073583098128438,player-1,32,34,42,25
180,10,19,0.09870901703834534,player-4,35,37,48,31
180,11,17,0.0929159577935934,player-3,37,43,57,35
180,12,20,0.09083305485546589,player-3,41,49,61,37
181,1,18,0.11787493713200092,player-1,5,1,4,0
181,2,19,0.11687492951750755,player-3,9,4,7,2
181,3,17,0.3603328950703144,player-2,10,9,8,2
181,4,19,0.05333311855792999,player-1,12,11,11,5
181,5,17,0.0991669949144125,player-4,16,13,17,7
181,6,19,0.05679205060005188,player-3,17,14,21,8
181,7,19,0.05512498319149017,player-4,18,14,25,10
181,8,17,0.07366691716015339,player-3,22,18,37,15
181,9,19,0.9337079245597124,player-2,23,22,41,22
181,10,18,0.12291595339775085,player-2,30,24,46,26
181,11,17,0.06204191595315933,player-2,32,30,47,29
181,12,20,0.1230000052601099,player-2,34,43,48,37
181,13,17,0.06866711191833019,player-4,39,46,51,39
181,14,20,0.06987503729760647,none,41,46,51,39
181,15,17,0.225334195420146,player-2,41,50,55,41
181,16,17,0.055666081607341766,player-3,46,57,62,44
182,1,19,3.34929209202528,player-1,10,0,10,1
182,2,17,0.05966611206531525,player-4,10,3,10,3
182,3,18,0.5593330133706331,player-2,14,4,10,5
182,4,19,0.5844170227646828,player-4,14,9,16,10
182,5,17,2.063542138785124,player-3,14,9,23,15
182,6,17,0.28600008226931095,player-4,18,9,27,21
182,7,18,0.22129202261567116,player-2,19,10,29,28
182,8,17,0.41699991561472416,player-2,20,20,30,33
182,9,17,0.14754198491573334,player-3,26,23,36,33
182,10,19,0.5925840232521296,player-2,26,26,41,36
182,11,17,0.4057090263813734,player-1,33,32,47,38
182,12,17,0.06749993190169334,player-2,34,38,52,41
182,13,17,0.11787493713200092,player-3,38,41,67,47
183,1,18,0.17262506298720837,player-3,7,6,9,0
183,2,20,0.289292074739933,player-2,10,10,10,4
183,3,17,0.12283399701118469,player-4,10,13,14,12
183,4,18,0.08825003169476986,player-2,15,17,21,14
183,5,17,0.06349990144371986,player-2,20,22,22,19
183,6,18,0.05874992348253727,player-4,20,25,22,26
183,7,17,0.05937507376074791,player-4,24,26,25,32
183,8,20,0.09479187428951263,player-4,25,31,25,36
183,9,19,0.18837512470781803,player-4,28,34,34,41
183,10,18,0.05474989302456379,player-4,31,38,37,44
183,11,18,0.048083020374178886,player-1,35,42,40,48
183,12,21,0.05645793862640858,player-1,43,42,42,51
183,13,19,0.062125036492943764,player-4,47,45,42,54
183,14,19,0.3288751468062401,player-1,54,45,45,54
183,15,18,0.06254110485315323,player-1,55,46,51,58
184,1,17,0.07358286529779434,player-2,3,9,0,6
184,2,24,0.07645809091627598,player-2,5,15,8,11
184,3,17,0.05158316344022751,player-4,5,15,14,13
184,4,17,0.048666028305888176,player-1,7,15,14,14
184,5,17,0.07229112088680267,player-2,7,22,14,20
184,6,19,0.06383308209478855,player-1,15,26,20,20
184,7,19,0.06341584958136082,player-2,19,30,22,22
184,8,17,0.051250215619802475,player-1,22,30,24,25
184,9,17,0.045708147808909416,player-2,23,33,25,27
184,10,18,0.05058315582573414,player-4,23,35,29,30
184,11,20,0.06441609002649784,player-3,29,36,39,32
184,12,19,0.05962490104138851,player-3,31,38,41,37
184,13,18,0.06370805203914642,player-3,34,41,48,37
184,14,17,0.06808293983340263,player-3,48,41,62,39
185,1,17,0.05250005051493645,player-2,3,2,1,4
185,2,18,0.059499870985746384,player-4,5,3,1,12
185,3,19,0.0688331201672554,player-2,15,12,2,18
185,4,17,0.08316594175994396,player-1,23,13,7,22
185,5,18,0.07095793262124062,player-3,30,14,19,26
185,6,20,0.08812500163912773,player-2,32,20,27,26
185,7,17,0.07837498560547829,player-4,34,23,31,26
185,8,18,0.06983382627367973,player-2,39,26,35,29
185,9,19,0.05466584116220474,player-4,46,27,45,31
185,10,17,0.06770784966647625,player-3,50,36,50,31
186,1,17,0.10941596701741219,player-4,9,0,0,5
186,2,17,0.05337502807378769,player-1,11,3,1,9
186,3,19,0.052582938224077225,player-4,15,5,2,12
186,4,17,0.042082974687218666,player-3,17,7,10,12
186,5,21,0.07345899939537048,player-4,18,10,13,20
186,6,18,0.05529099144041538,player-2,19,19,16,26
186,7,17,0.06537488661706448,player-2,25,25,19,29
186,8,17,0.07729209028184414,player-3,26,34,21,32
186,9,18,0.06504100747406483,player-1,33,38,24,37
186,10,18,0.0702498946338892,player-2,43,51,33,45
186,11,20,0.06920797750353813,player-1,50,51,37,45
186,12,18,0.05208398215472698,player-4,51,54,40,48
187,1,17,0.04287506453692913,player-2,0,3,4,0
187,2,17,0.06729108281433582,player-3,6,3,13,1
187,3,19,0.05083298310637474,player-2,9,8,13,3
187,4,17,0.04908395931124687,player-1,10,9,21,10
187,5,17,0.06508291698992252,player-2,17,12,26,13
187,6,19,0.07287506014108658,player-1,23,14,31,21
187,7,18,0.053666066378355026,player-1,27,14,34,27
187,8,19,0.04679197445511818,player-3,28,15,37,28
187,9,17,0.047040870413184166,player-2,37,23,39,31
187,10,21,0.08179107680916786,player-3,40,23,41,39
187,11,20,0.44333399273455143,player-3,44,24,52,44
187,12,23,0.0710408203303814,player-3,48,25,56,50
188,1,23,0.07420801557600498,player-2,11,9,7,10
188,2,19,0.07066712714731693,player-3,13,11,12,15
188,3,17,0.12762495316565037,player-2,16,21,13,20
188,4,19,0.5025409627705812,player-1,16,21,15,23
188,5,27,1.109750010073185,none,23,23,15,25
188,6,22,0.06820820271968842,player-2,32,37,21,32
188,7,17,0.0863329041749239,player-2,35,40,27,43
188,8,17,0.10466598905622959,player-3,44,48,30,45
188,9,17,0.052957795560359955,player-4,50,50,36,47
188,10,20,0.12537511065602303,player-4,54,50,44,53
189,1,23,0.07029203698039055,none,2,2,2,3
189,2,17,0.11420785449445248,player-2,11,2,2,4
189,3,17,0.3638749476522207,player-3,11,8,6,4
189,4,17,0.08370913565158844,player-4,12,10,12,8
189,5,23,0.04533398896455765,none,14,12,19,8
189,6,19,0.5687081720679998,player-4,14,15,23,14
189,7,17,0.0786671880632639,player-3,21,18,26,16
189,8,17,0.4549170844256878,player-4,21,20,36,24
189,9,18,0.17262506298720837,player-2,22,28,36,30
189,10,19,0.07845810614526272,player-4,22,30,38,35
189,11,17,0.09287497960031033,player-3,22,36,48,44
189,12,17,0.06087496876716614,player-4,24,37,51,44
189,13,17,0.13533420860767365,player-1,29,39,53,49
189,14,18,0.04804111085832119,none,31,41,53,50
189,15,17,0.05470914766192436,player-3,33,45,56,53
189,16,20,0.1436250749975443,player-3,34,49,67,54
190,1,24,0.19829184748232365,player-3,5,2,4,6
190,2,17,0.1385000068694353,player-1,8,2,7,12
190,3,17,0.1699589192867279,player-2,15,4,7,14
190,4,20,0.18312479369342327,player-2,19,8,10,21
190,5,17,0.12808293104171753,player-4,23,8,14,27
190,6,17,0.15308312140405178,player-1,26,9,16,27
190,7,18,0.17625000327825546,player-3,28,14,18,34
190,8,17,0.23183412849903107,player-3,36,14,26,37
190,9,17,0.1729161012917757,player-4,39,14,35,41
190,10,21,0.15495787374675274,none,45,18,37,41
190,11,15,0.10741595178842545,none,48,20,37,46
190,12,19,0.1905420795083046,player-1,61,21,38,46
190,13,20,0.08324999362230301,player-3,67,23,41,47
191,1,17,0.05512498319149017,player-1,6,0,1,0
191,2,20,0.07083290256559849,player-1,12,7,7,9
191,3,20,0.04854192957282066,player-2,15,9,9,10
191,4,18,0.20304182544350624,player-1,22,9,10,14
191,5,17,0.24616695009171963,player-1,24,14,15,20
191,6,17,0.35966699942946434,player-2,25,17,17,25
191,7,18,0.16433303244411945,player-4,25,21,18,28
191,8,17,0.16499985940754414,player-4,25,21,20,36
191,9,19,0.19200006499886513,player-3,31,21,23,39
191,10,17,0.3369168844074011,player-2,34,26,29,40
191,11,19,0.12899981811642647,player-1,37,27,33,44
191,12,17,0.052165938541293144,player-4,38,34,35,49
191,13,29,0.09391596540808678,player-1,41,35,38,55
191,14,19,0.06433296948671341,player-4,43,42,47,57
191,15,17,0.1063330564647913,player-3,44,45,49,57
192,1,17,0.08029118180274963,player-2,11,3,3,8
192,2,20,0.07375003769993782,player-2,16,6,6,13
192,3,17,0.05350005812942982,player-4,17,8,10,16
192,4,17,0.06145797669887543,player-1,22,8,17,20
192,5,17,0.06008287891745567,player-2,30,9,19,27
192,6,21,0.14283321797847748,player-3,34,15,28,30
192,7,18,0.12375018559396267,player-1,40,16,32,35
192,8,27,0.06991601549088955,player-3,45,16,41,42
192,9,17,0.07562479004263878,player-2,54,19,41,48
192,10,18,0.07416587322950363,player-4,58,26,53,49
193,1,20,0.06387499161064625,player-1,8,3,2,3
193,2,18,0.05420786328613758,player-4,10,10,5,7
193,3,20,0.07120799273252487,player-3,19,16,16,13
193,4,17,0.05470891483128071,player-1,25,22,20,13
193,5,17,0.12508290819823742,player-2,31,23,25,18
193,6,19,0.07129204459488392,player-1,42,23,26,20
193,7,19,0.1567911822348833,player-2,46,28,35,22
193,8,17,0.11520902626216412,player-1,56,34,35,26
193,9,17,0.18712482415139675,player-2,56,39,36,31
193,10,18,0.20858412608504295,player-4,65,46,38,34
194,1,17,0.2910410985350609,player-3,4,9,1,10
194,2,17,0.19062520004808903,player-4,5,10,9,17
194,3,20,0.3224581014364958,player-4,8,14,12,22
194,4,22,0.3099171444773674,player-3,12,21,20,22
194,5,19,0.20658294670283794,player-1,25,26,21,32
194,6,21,0.26504090055823326,player-4,29,28,24,34
194,7,17,0.08404208347201347,player-1,33,30,26,42
194,8,17,0.07691700011491776,player-2,33,31,28,48
194,9,20,0.11970801278948784,player-2,46,36,33,56
194,10,17,0.10791607201099396,player-4,46,39,39,62
195,1,17,0.0766250304877758,player-3,5,1,11,0
195,2,17,0.0724161509424448,player-4,12,6,14,3
195,3,17,0.09479187428951263,player-1,14,12,14,5
195,4,23,0.07404107600450516,none,19,13,14,5
195,5,18,0.06783311255276203,player-4,24,21,14,12
195,6,20,0.05833292379975319,player-3,29,24,19,15
195,7,20,0.278332969173789,player-4,33,27,19,16
195,8,19,0.1534579787403345,player-4,36,30,29,20
195,9,19,0.07816683501005173,player-1,41,32,35,26
195,10,18,0.37212506867945194,player-1,45,32,38,28
195,11,23,0.22591580636799335,player-3,46,33,44,31
195,12,18,0.3531668335199356,player-3,54,35,51,34
196,1,19,0.18400000408291817,player-3,6,3,4,3
196,2,18,0.11337501928210258,player-3,10,4,8,3
196,3,18,0.10962504893541336,player-4,14,5,12,3
196,4,20,0.14666607603430748,player-3,16,7,19,12
196,5,21,0.2115420065820217,player-1,19,10,21,19
196,6,18,0.0699581578373909,player-3,23,18,27,22
196,7,19,0.06174994632601738,player-1,32,23,30,27
196,8,17,0.14262506738305092,player-4,41,23,33,32
196,9,17,0.16470812261104584,player-1,44,24,36,33
196,10,17,0.18795812502503395,player-2,46,29,42,39
196,11,18,0.1141249667853117,player-4,46,31,44,44
196,12,17,0.13237516395747662,player-4,48,31,50,50
196,13,17,0.12129195965826511,player-1,55,31,56,64
197,1,17,0.21875021047890186,player-4,4,3,2,8
197,2,18,0.18104189075529575,player-2,7,8,3,22
197,3,27,0.10812492109835148,none,7,8,5,24
197,4,17,0.11062505654990673,player-3,20,8,8,28
197,5,17,0.05162484012544155,player-4,23,11,10,33
197,6,17,0.0524579081684351,player-1,30,11,18,37
197,7,17,0.06883405148983002,player-2,34,17,18,39
197,8,17,0.06637489423155785,player-3,38,24,28,39
197,9,18,0.09116693399846554,player-1,45,25,33,44
197,10,17,0.058542005717754364,player-1,53,28,38,47
197,11,19,0.06733299233019352,player-4,61,30,39,61
198,1,17,0.058208126574754715,player-4,6,8,4,5
198,2,18,0.05758390761911869,player-2,8,17,6,5
198,3,17,0.06125005893409252,player-2,9,26,8,9
198,4,19,0.055167125537991524,player-1,9,35,12,9
198,5,18,0.06474996916949749,player-1,14,35,15,13
198,6,17,0.056374818086624146,player-1,19,37,17,15
198,7,25,0.05670893006026745,none,21,38,17,21
198,8,17,0.05583302117884159,player-3,21,40,22,23
198,9,18,0.061583006754517555,player-1,26,42,26,23
198,10,18,0.05729100666940212,player-2,28,47,27,30
198,11,17,0.06170803681015968,player-2,31,52,30,30
198,12,17,0.06229197606444359,player-3,33,55,32,34
198,13,17,0.05804188549518585,player-4,35,60,37,37
198,14,17,0.06466708146035671,player-1,51,64,54,45
199,1,17,0.22616609930992126,player-3,5,5,8,4
199,2,19,0.0819589477032423,player-2,6,7,11,7
199,3,33,0.08737505413591862,none,18,11,16,13
199,4,17,0.05737505853176117,player-2,23,12,21,18
199,5,19,0.08070794865489006,player-1,26,19,27,21
199,6,18,0.06545800715684891,player-1,36,21,32,27
199,7,18,0.06183399818837643,player-2,41,26,36,30
199,8,17,0.06825011223554611,player-2,47,35,46,32
199,9,17,0.062000006437301636,player-3,55,40,55,35
200,1,17,0.07008295506238937,player-3,0,3,4,0
200,2,18,0.06354204379022121,player-1,11,5,21,0
200,3,18,0.05508284084498882,player-2,12,10,21,4
200,4,20,0.07787509821355343,player-1,18,16,21,11
200,5,17,0.04583294503390789,player-3,26,20,31,13
200,6,17,0.05062483251094818,player-4,27,20,32,21
200,7,18,0.06916699931025505,player-2,31,25,35,24
200,8,18,0.06920797750353813,player-3,37,25,41,28
200,9,19,0.07454212754964828,player-1,46,30,49,32
200,10,17,0.06749993190169334,player-4,47,38,53,41
201,1,18,0.09924988262355328,player-4,2,1,5,3
201,2,18,0.056416960433125496,player-1,8,2,6,13
201,3,18,0.05608401261270046,player-2,9,2,9,17
201,4,28,0.05724979564547539,none,11,5,15,21
201,5,19,0.07075001485645771,player-1,17,10,15,22
201,6,17,0.052625080570578575,player-4,23,11,17,31
201,7,19,0.09062490426003933,player-3,29,15,21,33
201,8,17,0.0612910371273756,player-2,31,21,23,33
201,9,17,0.09091710671782494,player-3,32,29,23,38
201,10,18,0.1750001683831215,player-1,41,31,30,47
201,11,20,0.07733306847512722,player-4,45,39,30,49
201,12,19,0.06074993871152401,player-4,49,40,33,54
201,13,18,0.06245891563594341,player-4,53,44,38,56
202,1,18,0.07950002327561378,player-2,3,4,6,2
202,2,18,0.43779192492365837,player-3,8,7,6,8
202,3,17,0.12137508019804955,player-3,11,9,13,10
202,4,19,0.2715419977903366,player-2,19,10,17,17
202,5,17,0.15612482093274593,player-1,25,10,25,20
202,6,17,0.05433405749499798,player-2,27,11,27,21
202,7,18,0.06291689351201057,player-4,31,16,29,25
202,8,17,0.050541944801807404,player-4,37,17,33,31
202,9,19,0.0627078115940094,player-3,43,23,39,33
202,10,18,0.0552500132471323,player-3,50,24,46,35
202,11,17,0.14179199934005737,player-3,51,28,47,35
202,12,18,0.13137515634298325,player-1,56,29,49,38
203,1,17,0.07475004531443119,player-2,6,3,3,5
203,2,19,0.06533297710120678,player-1,13,13,10,6
203,3,17,0.05766702815890312,player-4,19,13,12,9
203,4,17,0.054416945204138756,player-1,21,17,13,13
203,5,17,0.08837506175041199,player-2,26,19,18,21
203,6,21,0.07237493991851807,player-3,26,19,24,34
203,7,17,0.06487499922513962,player-4,29,19,25,41
203,8,17,0.05541602149605751,player-1,35,22,25,42
203,9,17,0.06554089486598969,player-2,39,26,27,43
203,10,17,0.13545784167945385,player-3,41,26,33,43
203,11,19,0.16287504695355892,player-2,41,32,35,49
203,12,19,0.7307080086320639,player-3,45,41,38,52
203,13,18,0.065250089392066,player-3,46,42,39,54
203,14,17,0.7894160225987434,player-3,48,46,42,55
204,1,17,0.12070802040398121,player-3,8,6,7,7
204,2,17,0.19529182463884354,player-4,8,8,10,14
204,3,19,0.06070802919566631,player-3,10,10,15,15
204,4,20,0.07179193198680878,player-1,16,12,18,15
204,5,18,0.10241707786917686,player-4,23,16,23,15
204,6,17,0.05729193799197674,player-4,23,19,24,15
204,7,17,0.06387499161064625,player-1,28,23,30,19
204,8,20,0.152332941070199,player-1,29,24,32,20
204,9,18,0.06933417171239853,player-4,35,24,38,27
204,10,20,0.08574989624321461,player-3,40,26,41,35
204,11,18,0.09108311496675014,player-2,44,33,45,40
204,12,21,0.05220901221036911,none,46,36,45,41
204,13,31,0.09787501767277718,player-1,49,41,45,43
204,14,28,0.38087484426796436,none,56,41,51,47
205,1,17,0.1499168574810028,player-3,1,4,6,4
205,2,17,0.3669590223580599,player-4,1,8,8,12
205,3,26,0.6087908986955881,player-2,2,15,12,20
205,4,17,0.09712507016956806,player-2,6,23,12,24
205,5,17,0.059999991208314896,player-3,10,25,14,31
205,6,17,0.053582945838570595,player-4,11,33,17,39
205,7,17,0.05687493830919266,player-1,16,34,22,42
205,8,18,0.05929195322096348,player-3,20,38,24,44
205,9,21,0.06995908915996552,player-3,23,40,33,48
205,10,17,0.09712483733892441,player-4,29,42,34,50
205,11,19,0.056791817769408226,player-3,30,44,38,51
205,12,17,0.07545808330178261,player-2,34,49,39,54
206,1,19,0.07579196244478226,player-3,1,3,2,0
206,2,20,0.06849993951618671,player-1,3,5,3,2
206,3,18,0.06141583435237408,player-4,6,6,5,3
206,4,20,0.07724994793534279,player-3,8,19,5,5
206,5,18,0.1177079975605011,player-2,10,22,8,6
206,6,17,0.19704108126461506,player-2,12,27,11,8
206,7,17,0.13512512668967247,player-3,14,33,15,8
206,8,19,0.05933293141424656,player-2,19,42,17,8
206,9,19,0.08733384311199188,player-3,24,47,20,9
206,10,18,0.05887518636882305,player-3,34,49,23,14
206,11,18,0.06349990144371986,player-4,38,51,28,21
206,12,18,0.05574990063905716,player-1,39,53,31,27
206,13,17,0.06700004450976849,player-1,44,56,34,37
206,14,21,0.09174994193017483,player-2,52,63,39,40
207,1,18,0.12204097583889961,player-4,3,8,8,8
207,2,18,0.09337509982287884,player-1,8,9,13,12
207,3,23,0.14866585843265057,player-3,16,11,15,16
207,4,18,0.06387499161064625,player-3,26,16,19,19
207,5,17,0.06849993951618671,player-3,28,18,20,19
207,6,17,0.06537488661706448,player-4,30,24,20,33
207,7,18,0.05216686986386776,player-2,34,24,22,35
207,8,18,0.04845811054110527,player-3,39,32,23,37
207,9,20,0.0849580392241478,player-2,42,38,32,44
207,10,17,0.04533398896455765,player-4,46,38,40,57
207,11,17,0.06366707384586334,player-1,56,45,44,57
208,1,17,0.07191579788923264,player-3,5,11,3,6
208,2,17,0.05087489262223244,player-4,8,11,7,8
208,3,29,0.1764169428497553,player-1,10,15,9,9
208,4,17,0.08925003930926323,player-2,14,16,12,15
208,5,18,0.11174986138939857,player-4,15,18,19,22
208,6,18,0.05862489342689514,player-1,17,19,23,24
208,7,17,0.20391610451042652,player-1,20,20,25,24
208,8,17,0.2997498959302902,player-2,21,25,27,26
208,9,20,0.17970800399780273,player-2,23,30,34,26
208,10,19,0.24866708554327488,player-2,28,31,34,26
208,11,18,0.21337484940886497,player-2,34,37,36,30
208,12,17,0.2707501407712698,player-2,41,39,41,32
208,13,17,0.2257919404655695,player-3,46,42,52,38
208,14,19,0.1775000710040331,player-2,47,49,55,39
209,1,19,0.058959005400538445,player-2,3,2,3,1
209,2,17,0.0780418049544096,player-1,5,10,5,9
209,3,17,0.22783293388783932,player-2,11,15,10,9
209,4,21,0.08729193359613419,player-3,14,15,16,9
209,5,18,0.17024995759129524,player-1,15,20,17,12
209,6,18,0.07979106158018112,player-2,21,24,20,16
209,7,17,0.11083297431468964,player-2,24,30,23,16
209,8,17,0.08299993351101875,player-3,25,32,25,20
209,9,17,0.06633298471570015,player-4,30,37,26,34
209,10,17,0.0777081586420536,player-1,39,38,29,35
209,11,18,0.06941612809896469,player-3,43,40,34,37
209,12,17,0.13537495397031307,player-3,43,45,40,41
209,13,19,0.05650008097290993,player-2,44,47,42,44
209,14,17,0.08595804683864117,player-1,49,47,44,48
209,15,19,0.15537510626018047,player-4,55,48,54,48
210,1,17,0.06720796227455139,player-4,1,2,12,6
210,2,17,0.17229211516678333,player-1,8,8,12,11
210,3,17,0.06733392365276814,player-2,11,12,13,14
210,4,18,0.060625141486525536,player-4,15,15,18,16
210,5,17,0.15620817430317402,player-4,21,15,18,22
210,6,22,0.3427499905228615,player-2,27,16,24,32
210,7,19,0.1860000193119049,player-4,36,16,26,35
210,8,19,0.05679205060005188,player-1,47,18,37,39
210,9,17,0.0766669400036335,player-4,48,20,40,47
210,10,17,0.1919169444590807,player-1,55,30,40,51
210,11,20,0.1402499619871378,player-1,57,30,43,60
211,1,21,0.22841710597276688,player-1,3,3,2,2
211,2,19,0.13566715642809868,player-4,6,9,6,11
211,3,17,0.06954092532396317,player-3,10,11,12,15
211,4,22,0.11183414608240128,player-1,33,22,14,18
211,5,17,0.155207933858037,player-1,44,23,17,18
211,6,18,0.13479194603860378,player-3,51,26,23,19
211,7,34,0.09050010703504086,player-4,54,26,34,19
211,8,17,0.13533397577703,player-4,54,26,42,28
211,9,18,0.05337502807378769,player-2,54,31,47,31
212,1,18,0.05291611887514591,player-3,0,5,0,1
212,2,17,0.06066681817173958,player-3,2,6,5,3
212,3,18,0.04791701212525368,player-1,13,10,6,9
212,4,17,0.06216694600880146,player-1,14,15,6,14
212,5,20,0.058416975662112236,player-1,17,19,7,17
212,6,19,0.1307919155806303,player-1,28,27,9,26
212,7,19,0.07362500764429569,player-2,31,33,12,31
212,8,21,0.08699996396899223,player-1,33,39,15,41
212,9,18,0.04683295264840126,player-3,34,42,17,44
212,10,18,0.06441702134907246,player-4,38,44,21,46
212,11,28,0.1375421416014433,player-3,39,61,21,47
213,1,18,0.07075001485645771,player-3,0,3,0,3
213,2,18,0.11370796710252762,player-4,3,6,0,4
213,3,17,0.04724995233118534,player-4,4,10,1,6
213,4,17,0.06179208867251873,player-1,16,10,7,8
213,5,18,0.31558400951325893,player-3,20,12,16,11
213,6,17,0.08425000123679638,player-3,26,13,30,14
213,7,19,0.07595913484692574,player-2,34,18,38,15
213,8,17,0.04970910958945751,player-1,41,23,43,19
213,9,18,0.1682499423623085,player-3,43,33,51,24
213,10,17,0.4394589923322201,player-3,45,33,58,25
214,1,17,0.3975830040872097,player-3,4,4,4,8
214,2,17,0.06570806726813316,player-4,10,16,9,13
214,3,19,0.07233419455587864,player-3,18,23,13,17
214,4,19,0.055791111662983894,player-4,22,24,18,27
214,5,17,0.3523749765008688,player-3,29,26,24,32
214,6,20,0.06649992428719997,player-3,34,26,26,34
214,7,17,0.0654999166727066,player-1,40,27,28,38
214,8,20,0.14683394692838192,player-1,54,30,31,47
214,9,17,0.1444169320166111,player-3,54,35,34,47
214,10,17,0.07108296267688274,player-4,58,41,38,56
214,11,18,0.29787514358758926,player-2,67,47,40,62
215,1,17,0.06674998439848423,player-3,7,4,5,3
215,2,24,0.22595911286771297,none,10,11,13,12
215,3,21,0.1943330280482769,player-1,12,16,17,20
215,4,17,0.1371670514345169,player-2,12,16,19,23
215,5,19,0.07045804522931576,player-1,16,19,19,26
215,6,18,0.07420801557600498,player-1,21,25,24,32
215,7,19,0.05987519398331642,player-3,25,25,27,38
215,8,17,0.06587500683963299,player-2,29,28,29,42
215,9,16,0.06687501445412636,none,29,29,30,43
215,10,17,0.2310001291334629,player-4,29,35,36,47
215,11,19,0.06587500683963299,player-3,33,36,49,50
215,12,17,0.04804111085832119,player-2,37,39,53,53
215,13,18,0.17487513832747936,player-4,41,45,56,60
216,1,18,0.05612499080598354,player-1,3,0,7,5
216,2,17,0.0666668638586998,player-1,12,4,12,7
216,3,20,0.14429097063839436,player-1,16,11,19,7
216,4,17,0.17095799557864666,player-3,17,13,21,13
216,5,17,0.11229189112782478,player-4,20,14,21,18
216,6,22,0.28533395379781723,player-2,24,20,26,25
216,7,19,0.20954222418367863,player-4,25,24,28,30
216,8,17,0.057040946558117867,player-3,28,28,35,32
216,9,17,0.05620787851512432,player-4,31,30,39,39
216,10,24,0.06220908835530281,player-4,38,30,40,45
216,11,18,0.05016708746552467,player-3,41,30,42,47
216,12,17,0.05570799112319946,player-3,44,33,47,49
216,13,17,0.07779104635119438,player-4,44,42,49,60
217,1,17,0.0575000885874033,player-1,11,3,0,3
217,2,17,0.07825018838047981,player-2,14,11,4,6
217,3,17,0.05533290095627308,player-3,15,11,13,8
217,4,17,0.05566701292991638,player-4,17,11,17,10
217,5,17,0.08533312939107418,player-1,23,13,26,16
217,6,19,0.07012509740889072,player-4,29,20,26,18
217,7,17,0.05512498319149017,player-3,31,23,30,20
217,8,18,0.05691708065569401,player-1,35,27,34,26
217,9,17,0.19933399744331837,player-1,39,27,42,27
217,10,17,0.06154109723865986,player-2,43,31,44,35
217,11,19,0.07104198448359966,player-1,54,33,45,36
217,12,17,0.05854107439517975,player-4,61,37,57,41
218,1,17,0.1990410964936018,player-2,6,3,6,5
218,2,18,0.16341707669198513,player-4,14,3,13,8
218,3,17,0.22345897741615772,player-4,20,6,14,14
218,4,28,0.4972910974174738,player-4,22,16,15,15
218,5,17,0.061583006754517555,player-2,33,29,18,25
218,6,17,0.05891709588468075,player-3,38,29,27,26
218,7,18,0.0510411337018013,player-1,39,30,30,30
218,8,19,0.21066609770059586,player-3,40,37,31,32
218,9,18,0.15150010585784912,player-3,40,41,36,37
218,10,22,0.12449990026652813,player-4,47,44,38,38
218,11,17,0.06262515671551228,player-4,52,44,44,47
218,12,17,0.046584056690335274,player-1,54,46,46,51
219,1,21,0.07520802319049835,player-2,11,3,6,4
219,2,17,0.05083298310637474,player-3,13,3,7,4
219,3,28,0.05945796146988869,player-3,15,5,12,7
219,4,21,0.057541998103260994,player-1,24,8,17,16
219,5,17,0.05795806646347046,player-2,29,16,20,21
219,6,22,0.08437503129243851,player-4,31,27,21,23
219,7,18,0.13845786452293396,player-1,41,32,29,25
219,8,23,0.060750171542167664,player-3,43,33,32,25
219,9,18,0.12158299796283245,player-3,47,36,38,25
219,10,17,0.06912508979439735,player-3,47,39,42,32
219,11,20,0.15425006859004498,player-3,50,40,44,33
219,12,20,0.07270812056958675,player-4,55,45,52,36
220,1,18,0.06395787931978703,player-4,2,5,8,5
220,2,18,0.073583098128438,player-1,9,18,11,15
220,3,18,0.09195809252560139,player-2,17,27,11,19
220,4,18,0.06987503729760647,player-3,21,31,15,19
220,5,17,0.07312512025237083,player-3,24,33,18,21
220,6,18,0.09283307008445263,player-1,26,36,22,22
220,7,19,0.06674998439848423,player-3,28,39,26,27
220,8,17,0.05587516352534294,player-2,29,43,28,32
220,9,18,0.061042141169309616,player-4,38,43,32,39
220,10,18,0.06766710430383682,player-1,41,44,40,41
220,11,17,0.05587493069469929,player-1,42,47,44,49
220,12,17,0.057167140766978264,player-2,46,50,48,52
221,1,17,0.07033301517367363,player-1,6,2,0,6
221,2,18,0.0689169391989708,player-3,10,7,0,8
221,3,20,0.07879198528826237,player-2,13,17,0,10
221,4,20,0.06091711111366749,player-3,15,19,5,12
221,5,17,0.08845794945955276,player-1,25,31,17,18
221,6,19,0.06508314982056618,player-4,31,32,19,21
221,7,18,0.05120784044265747,player-4,36,32,23,33
221,8,17,0.060916878283023834,player-4,36,36,25,38
221,9,17,0.1152500044554472,player-1,37,39,27,48
221,10,22,0.07120799273252487,player-3,48,44,32,52
221,11,19,0.11229212395846844,player-1,51,49,34,54
222,1,18,0.07733306847512722,player-3,3,2,1,0
222,2,19,0.0655418261885643,player-1,12,6,3,3
222,3,20,0.062167178839445114,player-3,16,10,4,5
222,4,20,0.05625002086162567,player-4,17,10,8,11
222,5,19,0.07558404467999935,player-4,19,10,9,15
222,6,18,0.14470797032117844,player-4,27,20,14,18
222,7,20,0.06116693839430809,player-3,28,24,16,18
222,8,18,0.06533297710120678,player-2,31,33,25,21
222,9,17,0.05741603672504425,player-2,34,33,25,30
222,10,17,0.07816590368747711,player-3,38,38,34,30
222,11,17,0.061625149101018906,player-4,40,40,39,41
222,12,25,0.07316586561501026,player-1,52,40,42,43
222,13,23,0.08320785127580166,player-4,54,42,48,47
223,1,17,0.06533320993185043,player-3,2,10,10,3
223,2,17,0.05929102189838886,player-4,4,17,11,17
223,3,18,0.06366590969264507,player-2,5,21,14,20
223,4,17,0.05679205060005188,player-2,5,30,14,25
223,5,17,0.05283299833536148,player-3,5,33,24,25
223,6,17,0.05679205060005188,player-4,7,33,29,31
223,7,19,0.07149996235966682,player-3,10,36,35,40
223,8,18,0.05224999040365219,player-3,15,38,39,43
223,9,18,0.06325007416307926,player-4,19,45,44,44
223,10,22,0.06741611286997795,player-1,26,45,47,45
223,11,18,0.21804217249155045,player-2,30,55,48,45
224,1,17,0.061416998505592346,player-2,7,2,1,3
224,2,18,0.049042049795389175,player-4,10,2,4,7
224,3,17,0.05708402022719383,player-4,13,2,11,9
224,4,17,0.2113750670105219,player-1,15,2,13,12
224,5,24,0.106374965980649,player-1,29,12,13,19
224,6,18,0.1687919721007347,player-4,31,15,18,24
224,7,17,0.7449171971529722,player-4,31,22,23,31
224,8,17,0.06870902143418789,player-1,36,25,28,38
224,9,18,0.15012500807642937,player-3,36,32,34,41
224,10,17,0.19616680219769478,player-3,38,39,34,47
224,11,17,0.11250004172325134,player-4,38,43,40,63
225,1,17,0.34545897506177425,player-3,2,1,5,0
225,2,20,0.12370804324746132,player-3,3,4,7,2
225,3,18,0.07454189471900463,player-2,10,15,9,5
225,4,18,0.06595905870199203,player-3,12,20,11,7
225,5,18,0.052833929657936096,player-4,12,23,18,13
225,6,18,0.08454197086393833,player-1,17,25,23,16
225,7,22,0.07079215720295906,player-2,22,26,26,19
225,8,19,0.058165984228253365,player-4,29,29,31,30
225,9,18,0.06450014188885689,player-4,29,33,40,37
225,10,18,0.06091711111366749,player-1,31,35,48,39
225,11,18,0.045625027269124985,player-2,32,38,49,41
225,12,17,0.06487499922513962,player-2,39,42,51,46
225,13,17,0.07179100066423416,player-3,43,44,55,48
225,14,18,0.07612491026520729,player-1,47,50,59,50
226,1,29,0.07375003769993782,player-4,4,3,4,1
226,2,18,0.0707919243723154,player-2,7,7,6,1
226,3,17,0.06066705100238323,player-2,10,9,6,4
226,4,17,0.24533318355679512,player-3,11,11,6,4
226,5,25,0.3786659799516201,player-4,15,16,9,9
226,6,19,0.06695883348584175,player-3,20,20,15,10
226,7,26,0.31241681426763535,player-3,27,28,24,29
226,8,18,0.05737505853176117,player-4,27,33,28,30
226,9,18,0.19066710956394672,player-1,31,34,29,36
226,10,17,0.050582922995090485,player-1,37,34,29,36
226,11,34,0.29308395460247993,player-3,43,36,56,42
226,12,17,0.12000021524727345,player-3,45,41,61,48
227,1,21,0.09308289736509323,player-1,11,0,14,0
227,2,17,0.06291689351201057,player-2,14,7,17,4
227,3,17,0.06324984133243561,player-3,16,15,24,8
227,4,18,0.11116708628833294,player-1,19,16,24,11
227,5,19,0.06999983452260494,player-3,29,16,27,13
227,6,21,0.07637497037649155,player-2,49,26,39,21
227,7,20,0.057459110394120216,player-2,53,27,40,26
227,8,20,0.07316702976822853,player-3,56,37,44,29
228,1,17,0.05179201252758503,player-3,6,2,7,0
228,2,19,0.08670799434185028,player-2,15,7,14,3
228,3,17,0.09145797230303288,player-1,33,7,21,5
228,4,18,0.04991702735424042,player-3,37,9,22,7
228,5,17,0.062333885580301285,player-3,39,14,30,9
228,6,20,0.049584079533815384,player-3,40,15,36,13
228,7,20,0.08487491868436337,player-4,44,18,42,16
228,8,17,0.08599995635449886,player-2,47,34,44,18
228,9,26,0.06383308209478855,player-4,47,35,51,25
228,10,19,0.07229205220937729,player-2,51,41,56,25
229,1,17,0.059999991208314896,player-1,2,0,9,4
229,2,18,0.053416937589645386,player-3,5,1,18,6
229,3,19,0.06829202175140381,player-1,10,7,20,12
229,4,19,0.04687509499490261,player-2,10,11,21,15
229,5,19,0.06254203617572784,player-3,12,13,32,23
229,6,18,0.05608308129012585,player-3,19,17,38,27
229,7,19,0.04987511783838272,player-1,21,23,39,29
229,8,19,0.06454205140471458,player-2,28,29,45,36
229,9,18,0.06458302959799767,player-2,34,29,51,37
229,10,17,0.05174987018108368,player-2,35,34,52,40
229,11,17,0.05308282561600208,player-3,38,36,56,45
229,12,17,0.06787502206861973,player-4,48,42,64,52
230,1,19,0.0563750509172678,player-3,4,3,13,0
230,2,19,0.058791134506464005,player-4,6,9,21,6
230,3,18,0.07079099304974079,player-4,7,12,22,8
230,4,18,0.16391696408391,player-1,7,13,24,12
230,5,20,0.07524993270635605,player-4,8,21,26,23
230,6,19,0.05250005051493645,player-4,13,24,26,23
230,7,22,0.14787493273615837,player-4,23,35,30,30
230,8,17,0.08933315984904766,player-4,29,39,35,37
230,9,17,0.05579204298555851,player-1,33,43,35,41
230,10,21,0.07700012065470219,player-2,37,55,37,45
231,1,19,0.05966611206531525,player-2,2,3,5,2
231,2,17,0.05174987018108368,player-1,3,8,9,5
231,3,17,0.05708402022719383,player-2,9,20,12,7
231,4,17,0.0649578869342804,player-3,11,22,19,8
231,5,20,0.06337487138807774,player-3,11,31,30,17
231,6,17,0.05487492308020592,player-1,22,31,31,19
231,7,20,0.0577080063521862,player-1,23,33,33,22
231,8,19,0.10233302600681782,player-1,27,34,34,26
231,9,17,0.10512489825487137,player-4,31,34,45,33
231,10,19,0.08158315904438496,player-3,33,43,56,36
231,11,17,0.053374795243144035,player-2,37,50,56,36
231,12,17,0.13124989345669746,player-3,37,57,58,41
231,13,19,0.052167102694511414,player-2,39,63,61,43
232,1,17,0.046083005145192146,player-2,5,8,2,1
232,2,18,0.17220806330442429,player-4,7,8,13,9
232,3,18,0.18674996681511402,player-1,15,12,14,9
232,4,17,0.1515410840511322,player-1,18,15,17,17
232,5,17,0.17320807091891766,player-2,23,25,22,21
232,6,17,0.08429191075265408,player-3,28,31,32,21
232,7,17,0.06666709668934345,player-4,30,34,37,24
232,8,19,0.07279100827872753,player-3,33,36,39,24
232,9,17,0.08787494152784348,player-2,44,39,39,27
232,10,17,0.09537511505186558,player-3,49,41,41,30
232,11,17,0.12333388440310955,player-4,54,41,43,34
232,12,17,0.1466670073568821,player-1,66,44,43,36
233,1,18,0.16091694124042988,player-3,2,4,3,2
233,2,17,0.06324984133243561,player-3,4,4,9,3
233,3,17,0.05674990825355053,player-4,7,5,12,6
233,4,19,0.06341584958136082,player-3,14,5,15,13
233,5,21,0.06312481127679348,player-2,23,7,18,16
233,6,17,0.17420807853341103,player-3,27,10,27,18
233,7,17,0.054957810789346695,player-4,27,12,33,20
233,8,17,0.13633398339152336,player-1,33,16,33,27
233,9,18,0.050416914746165276,player-3,33,18,33,29
233,10,17,0.0577080063521862,player-3,37,20,38,31
233,11,18,0.10245805606245995,player-1,44,29,38,34
233,12,19,0.06674998439848423,player-3,52,29,43,39
233,13,20,0.06145797669887543,player-1,57,31,46,40
234,1,19,0.06954185664653778,player-2,4,7,5,4
234,2,25,0.07212487980723381,player-1,11,9,19,7
234,3,20,0.26604183949530125,player-1,16,12,21,15
234,4,17,0.29908306896686554,player-3,20,17,28,17
234,5,19,0.08362508378922939,player-2,20,19,31,21
234,6,17,0.10924995876848698,player-1,27,20,33,23
234,7,18,0.12554205022752285,player-3,30,22,36,27
234,8,17,0.10858406312763691,player-3,34,25,45,27
234,9,18,0.06512505933642387,player-1,34,27,47,37
234,10,19,0.07637497037649155,player-3,46,27,54,49
235,1,18,0.07012509740889072,player-4,6,3,3,0
235,2,18,0.0599580816924572,player-1,13,4,5,4
235,3,31,0.0624579843133688,player-3,16,5,11,6
235,4,18,0.04600011743605137,player-3,18,9,13,8
235,5,17,0.0705840066075325,player-3,24,16,14,13
235,6,18,0.05358317866921425,player-1,27,19,23,15
235,7,18,0.046582892537117004,player-2,30,25,29,15
235,8,17,0.052791088819503784,player-2,30,31,36,17
235,9,18,0.04441593773663044,player-4,30,33,41,26
235,10,17,0.0527501106262207,player-4,36,35,46,32
235,11,18,0.06816699169576168,player-2,40,39,49,34
235,12,19,0.07787509821355343,player-4,48,40,55,42
236,1,18,0.06866711191833019,player-3,2,4,6,3
236,2,21,0.07041590288281441,player-3,9,5,12,6
236,3,22,0.0855419784784317,player-1,11,13,17,6
236,4,19,0.08204090408980846,player-3,16,20,24,8
236,5,17,0.05337502807378769,player-2,20,24,24,11
236,6,18,0.055625103414058685,player-4,21,24,30,12
236,7,18,0.24729198776185513,player-1,22,25,35,15
236,8,20,0.09016692638397217,player-4,35,25,39,19
236,9,17,0.05387491546571255,player-2,37,29,40,19
236,10,19,0.0641250517219305,player-1,42,35,41,19
236,11,17,0.15887501649558544,player-4,47,36,43,25
236,12,18,0.0538751482963562,player-2,49,39,45,33
236,13,17,0.06391690112650394,player-2,58,42,48,39
237,1,17,0.0643748790025711,player-2,0,5,1,2
237,2,17,0.055416952818632126,player-3,2,8,8,2
237,3,19,0.08037500083446503,player-2,3,12,14,4
237,4,18,0.07320917211472988,player-2,8,13,15,5
237,5,19,0.06654206663370132,player-4,11,21,20,13
237,6,17,0.0638328492641449,player-3,18,25,27,18
237,7,17,0.07483293302357197,player-4,19,29,36,21
237,8,20,0.1445829402655363,player-4,22,38,41,26
237,9,19,0.06391690112650394,player-4,27,44,48,27
237,10,17,0.05870894528925419,player-3,30,46,53,27
237,11,18,0.05124998278915882,player-1,34,49,55,32
237,12,21,0.061125028878450394,player-1,39,55,57,32
237,13,17,0.04749977961182594,player-2,41,58,57,32
237,14,19,0.18783402629196644,player-1,46,58,60,32
238,1,21,0.0813750084489584,player-1,8,10,6,2
238,2,17,0.7046249229460955,player-2,8,14,9,6
238,3,17,0.17633382230997086,player-3,10,18,10,7
238,4,17,0.07220800034701824,player-4,15,22,15,13
238,5,17,0.212125014513731,player-1,17,23,21,14
238,6,24,0.08316710591316223,player-1,22,28,25,16
238,7,17,0.09612506255507469,player-3,25,32,30,18
238,8,19,0.08679204620420933,player-2,33,39,32,25
238,9,17,0.09920913726091385,player-1,40,39,34,30
238,10,17,0.08095894008874893,player-2,40,45,36,34
238,11,18,0.07912516593933105,player-4,40,49,45,36
238,12,20,0.06904103793203831,player-3,45,51,51,37
238,13,18,0.06808387115597725,player-2,48,52,64,39
239,1,20,0.07820897735655308,player-2,0,10,2,7
239,2,19,0.05395803600549698,player-2,4,11,3,8
239,3,18,0.05966704338788986,player-2,5,18,3,10
239,4,18,0.050208065658807755,player-3,7,20,14,10
239,5,17,0.04816683940589428,player-3,12,20,22,10
239,6,17,0.12249988503754139,player-4,14,23,23,11
239,7,18,0.056582968682050705,player-2,14,23,27,15
239,8,17,0.06174994632601738,player-2,19,31,31,21
239,9,17,0.06933300755918026,player-3,22,40,34,24
239,10,17,0.051999930292367935,player-4,22,41,36,31
239,11,17,0.04883413203060627,player-1,24,42,36,31
239,12,17,0.05474989302456379,player-2,27,42,41,35
239,13,18,0.08983304724097252,player-4,31,50,44,38
239,14,20,0.06508291698992252,player-3,37,52,58,38
239,15,19,0.05966704338788986,player-3,41,54,61,39
240,1,17,0.054540811106562614,player-4,3,0,0,6
240,2,18,0.06233295425772667,player-2,5,2,2,14
240,3,17,0.06766687147319317,player-2,9,12,5,19
240,4,18,0.24687498807907104,player-4,11,16,5,26
240,5,17,0.06995792500674725,player-4,14,16,13,26
240,6,17,0.2244589850306511,player-1,14,22,13,33
240,7,18,0.060208141803741455,player-3,16,22,18,34
240,8,18,0.2366248518228531,player-4,17,26,20,40
240,9,19,0.06958306767046452,player-2,20,38,22,44
240,10,19,0.15529198572039604,player-3,21,38,25,52
240,11,18,0.08070887997746468,player-3,28,39,35,59
240,12,18,0.251667108386755,player-4,32,43,35,61
241,1,18,0.3534171264618635,player-3,3,5,3,3
241,2,20,0.17120898701250553,player-2,5,8,4,4
241,3,17,0.06649992428719997,player-4,9,16,4,12
241,4,17,0.08954200893640518,player-1,13,21,5,16
241,5,17,0.07008318789303303,player-2,16,24,10,18
241,6,19,0.06820820271968842,player-1,19,28,13,21
241,7,18,0.07037492468953133,player-1,20,30,19,26
241,8,25,0.06870785728096962,none,24,35,21,34
241,9,17,0.06779097020626068,player-2,31,36,23,35
241,10,17,0.042457832023501396,player-3,33,37,29,38
241,11,18,0.05212496034801006,player-1,45,44,32,39
241,12,19,0.07458310574293137,player-3,51,48,41,42
241,13,17,0.03687501884996891,none,52,54,44,43
241,14,18,0.06391690112650394,player-4,52,62,49,49
242,1,17,0.06466684862971306,player-2,3,13,5,0
242,2,18,0.05054101347923279,player-4,9,15,5,0
242,3,17,0.05483301356434822,player-4,13,21,13,5
242,4,18,0.06650015711784363,player-2,21,27,17,10
242,5,17,0.04654214717447758,player-2,26,31,17,12
242,6,24,0.07083290256559849,player-2,28,38,22,17
242,7,21,0.06020907312631607,player-4,31,48,26,25
242,8,24,0.14612521044909954,player-4,33,52,35,34
242,9,22,0.07120915688574314,player-3,35,58,43,36
242,10,19,0.08774991147220135,player-1,40,62,46,38
243,1,17,0.08629192598164082,player-4,7,8,4,4
243,2,17,0.07512490265071392,player-1,15,9,4,10
243,3,18,0.05866703577339649,player-3,18,12,14,10
243,4,17,0.0705420970916748,player-3,20,17,21,10
243,5,17,0.05512498319149017,player-4,20,17,26,14
243,6,17,0.06516696885228157,player-1,24,25,31,21
243,7,19,0.08124997839331627,player-4,30,29,35,23
243,8,17,0.07424992509186268,player-3,34,32,38,25
243,9,17,0.06720796227455139,player-4,34,43,43,41
243,10,23,0.07316702976822853,player-3,49,51,52,46
244,1,19,0.05408306606113911,player-3,1,4,5,3
244,2,19,0.07612491026520729,player-4,6,4,6,10
244,3,17,0.07062498480081558,player-3,16,4,16,15
244,4,18,0.05870801396667957,player-1,20,9,22,19
244,5,20,0.06450014188885689,player-4,25,12,25,24
244,6,19,0.05787517875432968,none,29,21,25,28
244,7,17,0.06862496957182884,player-3,33,28,33,29
244,8,17,0.0577499158680439,player-4,36,28,41,38
244,9,20,0.07716706022620201,player-4,38,36,41,47
244,10,18,0.05791708827018738,player-3,43,36,46,52
244,11,20,0.06274995394051075,none,43,41,46,56
244,12,17,0.056208809837698936,player-4,48,41,46,57
244,13,20,0.09070802479982376,player-4,51,43,54,61
245,1,21,0.06745895370841026,player-3,6,3,6,0
245,2,20,0.18804101273417473,player-3,15,11,9,6
245,3,26,0.08429097943007946,player-2,23,12,13,10
245,4,18,0.08354079909622669,player-3,23,15,19,15
245,5,20,0.08316710591316223,player-2,25,21,23,19
245,6,17,0.07041706703603268,player-4,32,27,27,28
245,7,17,0.05300017073750496,player-1,36,27,28,28
245,8,17,0.1926659606397152,player-2,40,34,34,30
245,9,22,0.13995799235999584,player-4,44,42,34,32
245,10,17,0.29912497848272324,player-4,49,45,37,43
245,11,18,0.1998329535126686,player-2,55,48,43,49
245,12,17,0.060499878600239754,player-2,60,49,44,58
246,1,18,0.13708393089473248,player-2,3,4,2,0
246,2,17,0.0814169179648161,player-2,10,9,2,3
246,3,17,0.05625002086162567,player-3,11,13,6,4
246,4,19,0.0410410575568676,none,18,13,7,5
246,5,21,0.05787494592368603,player-1,26,14,9,12
246,6,17,0.055459095165133476,player-2,32,26,12,12
246,7,19,0.06587500683963299,player-1,34,28,18,22
246,8,18,0.06229197606444359,player-1,44,30,20,24
246,9,20,0.06595789454877377,player-4,51,31,28,29
246,10,18,0.06779097020626068,player-3,60,34,31,29
246,11,17,0.09266682900488377,player-3,64,34,33,31
246,12,19,0.07341592572629452,player-2,66,40,36,34
247,1,17,0.07033301517367363,player-1,0,3,5,6
247,2,20,0.07754191756248474,player-1,5,7,5,15
247,3,17,0.07583294063806534,player-3,8,10,15,20
247,4,18,0.05612499080598354,player-1,11,16,15,23
247,5,18,0.15245797112584114,player-2,11,23,17,25
247,6,21,0.12708292342722416,player-2,22,27,17,25
247,7,20,0.06754184141755104,player-2,25,32,22,28
247,8,18,0.15954184345901012,player-1,27,37,22,31
247,9,18,0.10958383791148663,player-2,28,39,24,34
247,10,17,0.12808293104171753,player-2,28,43,24,38
247,11,17,0.21862518042325974,player-3,35,50,39,43
247,12,17,0.1820828765630722,player-4,42,50,42,46
247,13,17,0.19970792345702648,player-1,45,51,42,52
248,1,18,0.07124990224838257,player-3,1,0,6,3
248,2,17,0.1623330172151327,player-3,2,3,14,4
248,3,18,0.07866695523262024,player-1,7,7,16,6
248,4,17,0.0763328280299902,player-1,13,12,17,10
248,5,17,0.10449998080730438,player-2,16,17,19,13
248,6,21,0.06095808930695057,player-3,23,25,21,13
248,7,20,0.07654097862541676,player-3,30,32,28,17
248,8,17,0.04200008697807789,player-1,34,34,29,18
248,9,18,0.12216717004776001,player-3,37,45,32,28
248,10,17,0.05970802158117294,player-3,43,48,33,28
248,11,22,0.06820796988904476,player-1,43,53,43,28
248,12,17,0.17099990509450436,player-1,46,55,46,30
248,13,18,0.18941587768495083,player-3,51,57,57,30
249,1,17,0.3802918363362551,player-3,5,2,10,2
249,2,19,0.08812500163912773,player-2,8,2,11,3
249,3,18,0.22391602396965027,player-2,10,3,12,6
249,4,23,0.07250020280480385,player-4,13,8,14,12
249,5,17,0.06674998439848423,player-3,22,12,22,12
249,6,20,0.05658320151269436,player-3,22,15,25,14
249,7,17,0.06366707384586334,player-1,23,15,25,16
249,8,19,0.09374995715916157,player-4,28,17,41,17
249,9,19,0.06320816464722157,player-1,39,21,49,21
249,10,19,0.07866695523262024,player-2,46,24,53,27
249,11,17,0.10300008580088615,player-1,48,35,58,29
250,1,17,0.1710839569568634,player-4,3,2,5,9
250,2,19,0.06537511944770813,player-3,3,4,9,17
250,3,19,0.0679579097777605,player-4,5,5,13,22
250,4,19,0.13929116539657116,player-1,7,8,17,22
250,5,19,0.06937514990568161,player-2,11,10,20,33
250,6,17,0.06820796988904476,player-1,19,17,21,34
250,7,17,0.49645896069705486,player-2,19,27,32,44
250,8,18,0.1421659253537655,player-4,23,28,32,52
250,9,17,0.05433289334177971,player-4,23,28,33,55
250,10,18,0.05191704258322716,player-2,25,30,34,60
250,11,17,0.05087512545287609,player-2,30,37,38,64
251,1,18,0.07504201494157314,player-2,2,4,5,7
251,2,19,0.10812492109835148,player-4,7,10,7,18
251,3,17,0.07383315823972225,player-3,7,18,17,24
251,4,18,0.06395811215043068,player-1,20,18,21,28
251,5,17,0.061042141169309616,player-1,28,19,26,30
251,6,18,0.09766709990799427,player-3,28,21,37,35
251,7,17,0.0750841572880745,player-3,30,23,42,39
251,8,20,0.05937507376074791,player-3,33,27,48,41
251,9,17,0.06474996916949749,player-1,36,30,54,45
251,10,18,0.06845779716968536,player-3,39,34,57,51
251,11,17,0.061583006754517555,player-3,46,38,65,51
252,1,17,0.07966696284711361,player-1,6,3,3,3
252,2,20,0.10924995876848698,player-1,16,12,9,8
252,3,21,0.07129088044166565,player-3,19,13,11,9
252,4,18,0.10087480768561363,player-1,20,15,17,12
252,5,17,0.12641679495573044,player-1,27,18,17,16
252,6,20,0.07383408956229687,player-1,33,23,20,27
252,7,18,0.05970802158117294,player-4,36,28,34,33
252,8,17,0.05729077383875847,player-4,37,30,40,36
252,9,17,0.04879198968410492,player-1,39,32,40,37
252,10,17,0.09962497279047966,player-2,45,35,44,39
252,11,18,0.08170795626938343,player-4,49,37,47,42
252,12,17,0.07537496276199818,player-4,52,37,49,42
253,1,17,0.05870801396667957,player-3,1,0,2,1
253,2,21,0.10087504051625729,player-4,3,7,5,6
253,3,18,0.11174986138939857,player-2,9,9,9,11
253,4,17,0.07895799353718758,player-2,13,22,14,13
253,5,17,0.05787494592368603,player-3,21,32,19,15
253,6,19,0.2118751872330904,player-2,22,35,23,15
253,7,17,0.06254180334508419,player-1,25,41,31,21
253,8,17,0.17412519082427025,player-2,29,48,36,21
253,9,17,0.2149580977857113,player-3,33,53,38,33
253,10,18,0.06329198367893696,player-1,44,55,41,35
253,11,17,0.23895897902548313,player-1,51,56,42,35
253,12,21,0.10354211553931236,player-2,56,59,43,40
253,13,17,0.18354179337620735,player-3,62,62,44,40
254,1,17,0.10229111649096012,player-4,6,1,0,2
254,2,18,0.2363750245422125,player-2,10,12,0,7
254,3,18,0.23166602477431297,player-3,15,13,2,10
254,4,17,0.10058283805847168,player-3,18,18,8,14
254,5,24,0.16795797273516655,none,19,18,21,14
254,6,17,0.08762488141655922,player-1,26,21,31,16
254,7,18,0.2376670017838478,player-3,28,22,40,24
254,8,19,0.24745892733335495,player-1,30,26,45,30
254,9,17,0.15333294868469238,player-4,30,26,49,38
254,10,17,0.09141582995653152,player-1,36,34,55,44
254,11,18,0.44270814396440983,player-3,36,45,58,48
254,12,22,0.21487497724592686,player-4,36,49,58,52
255,1,20,0.12333295308053493,player-3,2,1,0,3
255,2,19,0.30937488190829754,player-3,6,3,10,5
255,3,17,0.19270903430879116,player-2,7,7,13,5
255,4,17,0.05345791578292847,player-3,9,12,13,6
255,5,17,0.3981669433414936,player-4,11,18,16,11
255,6,18,0.06600003689527512,player-2,19,21,19,19
255,7,18,0.06304215639829636,player-3,24,29,21,19
255,8,17,0.11233286932110786,player-3,24,35,26,24
255,9,19,0.07800012826919556,player-2,26,37,27,27
255,10,17,0.07862481288611889,player-1,30,43,30,36
255,11,23,0.35283411853015423,player-4,38,50,37,40
255,12,22,0.16904110088944435,player-4,43,51,40,45
255,13,21,0.24820910766720772,player-4,44,62,40,48
256,1,18,0.05204114131629467,player-2,4,4,0,4
256,2,17,0.28695794753730297,player-2,7,10,4,11
256,3,17,0.19029201939702034,player-3,9,14,10,18
256,4,20,0.1520831137895584,player-3,11,18,12,19
256,5,17,0.04683295264840126,player-1,14,20,13,21
256,6,18,0.05183299072086811,player-3,16,21,19,25
256,7,18,0.08108303882181644,player-4,26,26,37,32
256,8,18,0.08008303120732307,player-1,32,27,43,39
256,9,18,0.057165976613759995,player-2,36,28,43,43
256,10,17,0.0912907999008894,player-2,40,32,43,43
256,11,18,0.4686671309173107,player-4,43,36,45,43
256,12,20,0.4647080786526203,player-3,55,44,55,45
257,1,17,0.19345805048942566,player-1,2,0,2,7
257,2,19,0.057625118643045425,player-4,4,4,5,9
257,3,19,0.05629099905490875,player-1,8,6,10,9
257,4,18,0.08145882748067379,player-1,10,9,13,13
257,5,17,0.045999884605407715,player-1,12,10,20,13
257,6,19,0.06508314982056618,player-4,14,15,28,14
257,7,20,0.07358402945101261,player-2,19,16,32,19
257,8,18,0.19154208712279797,player-1,20,20,36,24
257,9,30,0.17837504856288433,none,25,23,46,31
257,10,18,0.17820904031395912,player-3,25,24,47,36
257,11,17,0.05783303640782833,player-3,27,24,51,39
257,12,18,0.16775005497038364,player-1,33,25,52,44
257,13,17,0.4470408894121647,player-1,41,28,58,44
257,14,19,0.1863751094788313,player-4,41,31,68,53
258,1,18,0.19299983978271484,player-3,1,5,6,1
258,2,17,0.15662494115531445,player-3,2,9,17,3
258,3,19,0.1735000405460596,player-2,15,25,17,5
258,4,25,0.16366597265005112,none,16,25,17,6
258,5,17,0.14100014232099056,player-2,19,28,19,9
258,6,17,0.14395802281796932,player-3,24,28,24,9
258,7,21,0.20587514154613018,player-4,27,29,26,13
258,8,17,0.14362484216690063,player-1,30,32,28,19
258,9,17,0.19458401948213577,player-2,33,38,28,20
258,10,27,0.16395910643041134,player-1,33,46,33,24
258,11,20,0.1932079903781414,player-3,40,52,33,33
258,12,19,0.1739170402288437,player-3,41,58,36,39
258,13,19,0.21199998445808887,player-4,46,58,41,45
259,1,17,0.3610828425735235,player-3,5,2,6,3
259,2,15,0.10287505574524403,none,7,7,11,4
259,3,17,0.19945809617638588,player-1,14,18,16,9
259,4,18,0.13758288696408272,player-3,20,21,24,11
259,5,17,0.5561250727623701,player-3,24,33,24,13
259,6,17,0.14429097063839436,player-4,27,36,25,16
259,7,17,0.22841687314212322,player-1,32,47,34,33
259,8,17,0.5712499842047691,player-2,37,56,40,36
259,9,17,0.22050016559660435,player-3,48,61,46,44
260,1,19,0.4247920587658882,player-2,0,2,5,11
260,2,17,0.08183298632502556,player-1,2,5,6,12
260,3,17,0.047459034249186516,player-2,4,15,7,16
260,4,18,0.06779213435947895,player-4,10,23,12,22
260,5,20,0.07187505252659321,player-3,15,25,13,29
260,6,17,0.05829194560647011,player-1,16,31,18,29
260,7,20,0.07370905950665474,player-1,28,35,21,36
260,8,17,0.062125036492943764,player-3,30,37,28,40
260,9,18,0.2048751339316368,player-1,38,38,30,47
260,10,18,0.08070911280810833,player-2,39,44,35,47
260,11,17,0.05333288572728634,player-2,44,49,37,48
260,12,17,0.051040900871157646,player-3,46,49,40,55
261,1,20,0.07716706022620201,player-4,5,9,7,9
261,2,19,0.36608404479920864,player-4,13,13,13,10
261,3,18,0.30883285216987133,player-4,13,23,13,15
261,4,18,0.06929202936589718,player-1,17,31,16,17
261,5,18,0.4184169229120016,player-2,19,49,18,22
261,6,17,0.06274995394051075,player-2,25,55,22,27
261,7,18,0.06600003689527512,player-4,32,58,22,42
262,1,18,0.0630419235676527,player-2,3,1,3,2
262,2,17,0.049584079533815384,player-2,6,2,3,7
262,3,18,0.06450014188885689,player-4,9,2,11,9
262,4,17,0.05683302879333496,player-4,10,4,15,14
262,5,17,0.07729185745120049,player-1,15,6,17,16
262,6,24,0.06870878860354424,player-1,22,11,20,19
262,7,17,0.055958982557058334,player-3,26,13,23,23
262,8,23,0.07616705261170864,player-2,29,23,25,33
262,9,17,0.0724580604583025,player-1,31,29,31,36
262,10,17,0.05191704258322716,player-2,32,32,34,41
262,11,20,0.0688750296831131,player-2,32,41,41,41
262,12,25,0.0527920201420784,none,32,41,42,47
262,13,20,0.06541702896356583,player-4,39,43,48,51
262,14,29,0.0642088707536459,player-2,41,48,49,52
263,1,17,0.06033317185938358,player-3,8,0,13,4
263,2,21,0.058499863371253014,player-4,10,2,18,8
263,3,20,0.0830001663416624,player-4,20,2,19,11
263,4,21,0.06391690112650394,player-2,22,11,24,16
263,5,17,0.13670907355844975,player-3,22,13,29,20
263,6,22,0.06408314220607281,player-1,24,13,31,21
263,7,17,0.06179092451930046,player-1,39,13,31,23
263,8,19,0.055999960750341415,player-4,46,19,34,32
263,9,18,0.057208817452192307,player-4,48,22,37,33
263,10,17,0.05270820111036301,player-4,49,26,40,39
263,11,17,0.05370890721678734,player-1,52,26,42,39
263,12,18,0.05950010381639004,player-3,53,28,46,42
263,13,17,0.05412520840764046,player-3,54,28,48,43
264,1,17,0.053999945521354675,player-1,4,1,5,0
264,2,25,0.06070896051824093,player-2,10,4,7,2
264,3,17,0.05383300594985485,player-3,12,8,10,3
264,4,18,0.06391690112650394,player-1,17,18,15,9
264,5,17,0.05583302117884159,player-1,21,20,17,10
264,6,19,0.05933293141424656,player-4,26,23,26,14
264,7,19,0.19479217007756233,player-1,36,28,34,16
264,8,17,0.2755839377641678,player-4,36,31,39,18
264,9,17,0.1960420049726963,player-1,45,32,42,19
264,10,25,0.05941605195403099,none,45,35,50,19
264,11,19,0.07749977521598339,player-1,51,37,52,24
265,1,18,0.21500000730156898,player-3,2,4,3,1
265,2,17,0.3720000386238098,player-3,11,8,9,2
265,3,18,0.21033408120274544,player-1,18,10,10,3
265,4,19,0.2667501103132963,player-3,20,10,11,5
265,5,18,0.13079214841127396,player-3,22,11,14,5
265,6,20,0.5315409507602453,player-2,34,24,16,16
265,7,20,0.184166943654418,player-3,39,24,25,19
265,8,17,0.37237489596009254,player-1,46,25,25,19
265,9,18,0.07683387957513332,player-3,47,27,32,24
265,10,22,0.1538340002298355,player-4,48,31,36,26
265,11,17,0.05895807407796383,player-4,54,33,41,27
265,12,19,0.053541967645287514,player-3,56,37,48,29
266,1,18,0.051040900871157646,player-2,3,9,7,2
266,2,18,0.05224999040365219,player-3,7,11,13,4
266,3,20,0.06658281199634075,player-2,9,17,18,4
266,4,17,0.06800005212426186,player-4,12,21,25,10
266,5,17,0.06466591730713844,player-1,16,23,29,13
266,6,19,0.06400002166628838,player-4,16,25,29,14
266,7,17,0.052582938224077225,player-3,17,26,31,16
266,8,17,0.054999953135848045,player-4,20,27,32,21
266,9,18,0.071709044277668,player-2,21,36,37,22
266,10,17,0.12749992311000824,player-2,26,37,42,25
266,11,20,0.06329198367893696,player-2,32,45,44,25
266,12,18,0.05425000563263893,player-1,42,50,47,27
266,13,17,0.07333303801715374,player-1,44,53,48,31
266,14,17,0.05670799873769283,player-2,51,60,52,36
267,1,18,0.06191618740558624,player-4,2,4,4,6
267,2,18,0.05574990063905716,player-1,4,7,5,9
267,3,17,0.328458147123456,player-1,7,11,6,16
267,4,19,0.05987496115267277,player-4,9,17,7,17
267,5,20,0.17324998043477535,player-2,12,20,10,20
267,6,18,0.12783310376107693,player-1,18,26,12,25
267,7,18,0.1998748630285263,player-2,22,30,12,26
267,8,17,0.05595805123448372,player-2,26,34,13,32
267,9,17,0.058999983593821526,player-3,29,38,14,38
267,10,17,0.06858306005597115,player-4,30,41,14,39
267,11,22,0.05641719326376915,player-2,32,43,15,44
267,12,17,0.10816706344485283,player-2,33,45,15,48
267,13,18,0.11812499724328518,player-4,35,52,18,54
268,1,18,0.08450006134808064,player-2,1,2,4,3
268,2,20,0.09099999442696571,player-1,9,10,12,5
268,3,18,0.13875006698071957,player-4,9,13,19,11
268,4,17,0.17158384434878826,player-4,9,15,21,21
268,5,22,0.07254094816744328,player-2,17,17,28,22
268,6,18,0.07904204539954662,none,21,19,28,22
268,7,22,0.07229205220937729,player-4,21,26,34,30
268,8,17,0.10216701775789261,player-4,22,28,36,31
268,9,17,0.05454104393720627,player-1,27,32,36,37
268,10,17,0.05479203537106514,player-2,30,38,39,39
268,11,17,0.06533320993185043,player-3,32,38,48,41
268,12,17,0.41108299046754837,player-4,36,47,59,49
268,13,18,0.2682921476662159,player-2,38,48,59,58
269,1,23,0.06600003689527512,player-4,0,6,3,6
269,2,17,0.1835001166909933,player-3,6,15,4,12
269,3,19,0.09670783765614033,player-2,11,20,7,13
269,4,19,0.053833937272429466,player-3,17,24,10,15
269,5,18,0.13291602954268456,player-3,24,26,17,18
269,6,24,0.16545807011425495,none,24,26,19,21
269,7,17,0.18587498925626278,player-4,32,27,22,31
269,8,17,0.06225006654858589,player-1,40,28,24,32
269,9,17,0.048208050429821014,player-2,45,29,27,32
269,10,24,0.11291611008346081,player-2,52,35,28,34
269,11,17,0.12237508781254292,player-4,59,40,30,36
269,12,17,0.1576659269630909,player-1,62,46,33,37
269,13,17,0.13062497600913048,player-2,67,51,35,41
270,1,18,0.13733399100601673,player-4,4,0,8,12
270,2,19,0.09129196405410767,player-2,13,5,11,17
270,3,17,0.05375011824071407,player-1,13,9,14,21
270,4,17,0.07054186426103115,player-2,19,15,16,28
270,5,17,0.16654189676046371,player-3,27,22,19,36
270,6,24,0.3291668836027384,player-3,42,22,22,37
270,7,18,0.21441606804728508,player-2,47,22,24,39
270,8,17,0.2683750353753567,player-2,52,27,28,49
270,9,19,0.11224998161196709,player-1,54,31,30,52
270,10,18,0.09979214519262314,player-1,55,35,31,53
270,11,17,0.13029202818870544,player-1,58,35,38,58
270,12,17,0.19891606643795967,player-2,62,38,45,58
271,1,19,0.07450021803379059,player-4,2,0,4,2
271,2,17,0.05249981768429279,player-3,5,0,10,4
271,3,17,0.05966704338788986,player-4,6,3,10,5
271,4,17,0.06424984894692898,player-1,11,5,14,5
271,5,17,0.05224999040365219,player-2,16,8,16,8
271,6,18,0.13570906594395638,player-4,18,10,17,8
271,7,18,0.10599987581372261,player-1,23,14,19,10
271,8,20,0.22779102437198162,player-4,26,15,21,17
271,9,18,0.2145410981029272,player-3,31,17,27,19
271,10,17,0.05370914004743099,player-3,34,17,33,20
271,11,20,0.1398748718202114,player-3,35,18,39,21
271,12,18,0.2602918539196253,player-2,38,23,41,23
271,13,18,0.061791157349944115,player-3,47,25,44,28
271,14,18,0.053916824981570244,player-4,47,28,46,34
271,15,18,0.07324991747736931,player-1,51,31,50,42
272,1,17,0.05395803600549698,player-2,6,9,4,2
272,2,17,0.06366684101521969,player-3,8,11,5,4
272,3,17,0.12441608123481274,player-4,12,18,13,11
272,4,17,0.07558311335742474,player-1,23,21,17,18
272,5,18,0.06129196844995022,player-3,27,28,23,20
272,6,17,0.19729207269847393,player-3,35,34,29,22
272,7,17,0.06208312697708607,player-4,37,37,35,27
272,8,18,0.3838750999420881,player-2,43,44,40,30
272,9,18,0.2625419292598963,player-3,46,50,49,32
272,10,17,0.10258308611810207,player-3,46,55,53,36
272,11,23,0.24783285334706306,none,47,60,54,44
273,1,20,0.2986670006066561,player-1,6,4,1,11
273,2,17,0.32954197376966476,player-3,10,13,1,15
273,3,20,0.2543749287724495,player-3,19,13,13,17
273,4,21,0.07212487980723381,player-1,24,17,14,19
273,5,19,0.06241584196686745,player-4,27,19,15,23
273,6,19,0.05062483251094818,player-1,32,20,15,26
273,7,17,0.06600003689527512,player-4,33,22,15,32
273,8,21,0.25387504138052464,player-1,40,27,19,36
273,9,17,0.051999930292367935,player-2,45,32,19,36
273,10,18,0.16841688193380833,player-4,49,38,21,36
273,11,19,0.06904103793203831,player-2,55,40,29,38
273,12,17,0.10183383710682392,player-1,64,40,34,38
273,13,17,0.056999968364834785,player-2,64,42,38,43
274,1,17,0.05408399738371372,player-3,4,2,4,1
274,2,27,0.058999983593821526,player-2,7,8,4,6
274,3,17,0.08533382788300514,player-1,11,9,10,7
274,4,40,0.11416594497859478,none,11,9,18,8
274,5,17,0.1997088547796011,player-3,18,11,21,9
274,6,18,0.05433289334177971,player-1,22,16,27,10
274,7,18,0.11808285489678383,player-2,29,24,27,12
274,8,17,0.2834589686244726,player-2,30,28,28,15
274,9,19,0.05333288572728634,player-1,33,30,31,18
274,10,20,0.13458309695124626,player-3,37,36,35,25
274,11,17,0.08254218846559525,player-1,42,37,37,25
274,12,18,0.09491713717579842,player-3,46,38,41,26
274,13,17,0.06345892325043678,player-3,46,43,41,27
274,14,17,0.0914169941097498,player-4,46,46,43,38
274,15,17,0.07983297109603882,player-1,61,57,54,38
275,1,17,0.12787501327693462,player-3,5,0,5,0
275,2,17,0.5515001248568296,player-4,8,9,17,2
275,3,21,0.21533295512199402,none,8,11,20,5
275,4,17,0.22379192523658276,player-2,11,27,23,8
275,5,17,0.08891685865819454,player-3,18,33,26,10
275,6,17,0.15537487342953682,player-4,20,38,26,13
275,7,19,0.3187907859683037,player-3,23,44,30,15
275,8,17,0.41999993845820427,player-2,33,48,37,20
275,9,17,0.05704117938876152,player-3,33,49,41,24
275,10,17,0.05816691555082798,player-4,33,51,43,28
275,11,17,0.057165976613759995,player-1,35,55,47,28
275,12,25,0.062000006437301636,player-2,36,56,49,28
275,13,19,0.05854107439517975,player-1,43,62,49,32
275,14,37,0.06691692396998405,none,43,64,52,35
275,15,17,0.058542005717754364,player-1,47,68,54,42
276,1,17,0.09620888158679008,player-4,3,8,0,9
276,2,18,0.06291689351201057,player-2,3,15,0,14
276,3,17,0.07424992509186268,player-2,8,17,7,15
276,4,17,0.06404216401278973,player-3,16,19,7,22
276,5,19,0.07175002247095108,player-2,20,21,7,32
276,6,17,0.060125021263957024,player-1,20,23,12,36
276,7,22,0.045457854866981506,none,26,26,16,37
276,8,17,0.069458968937397,player-3,32,29,22,40
276,9,18,0.05558319389820099,player-1,39,34,30,44
276,10,19,0.0677080824971199,player-3,43,36,41,47
276,11,18,0.08566584438085556,player-3,51,43,50,55
277,1,17,0.07583294063806534,player-1,4,5,0,0
277,2,17,0.10833307169377804,player-2,7,13,1,2
277,3,19,0.04866695962846279,player-1,12,17,2,2
277,4,18,0.05324999801814556,player-1,17,17,8,4
277,5,17,0.05545793101191521,player-1,19,20,13,6
277,6,19,0.05458388477563858,player-4,19,24,15,7
277,7,25,0.07312488742172718,player-3,24,27,25,11
277,8,18,0.06274995394051075,player-1,26,32,34,14
277,9,17,0.05979207344353199,player-1,27,35,34,26
277,10,20,0.06787502206861973,player-1,31,37,34,30
277,11,17,0.07041590288281441,player-3,35,49,40,32
277,12,17,0.06512505933642387,player-4,38,57,42,43
278,1,17,0.08154194802045822,player-4,5,1,1,5
278,2,18,0.06970809772610664,player-2,11,3,1,12
278,3,17,0.05133310332894325,player-2,13,8,2,19
278,4,24,0.09120814502239227,player-2,16,8,7,19
278,5,18,0.057541998103260994,player-1,22,9,8,23
278,6,18,0.06066705100238323,player-2,26,10,16,28
278,7,17,0.062499893829226494,player-2,33,17,22,32
278,8,17,0.05845795385539532,player-3,33,20,23,32
278,9,17,0.0730000901967287,player-4,38,23,29,38
278,10,19,0.06245891563594341,player-3,40,25,34,43
278,11,17,0.056042103096842766,player-2,44,28,37,48
278,12,17,0.06083305925130844,player-3,49,32,41,50
278,13,18,0.04733307287096977,player-1,50,33,41,53
278,14,22,0.06741681136190891,player-2,54,40,46,55
279,1,19,0.053833937272429466,player-2,9,6,1,6
279,2,20,0.06379187107086182,player-4,16,10,3,13
279,3,17,0.056540826335549355,player-2,17,16,10,22
279,4,17,0.05395803600549698,player-3,17,20,14,24
279,5,17,0.053916824981570244,player-4,19,23,19,28
279,6,22,0.06287498399615288,player-2,23,24,20,29
279,7,17,0.05245883949100971,player-2,29,24,22,32
279,8,17,0.050582922995090485,player-3,35,25,36,33
279,9,19,0.07562502287328243,player-2,43,41,38,42
279,10,19,0.06154109723865986,player-3,49,46,46,44
279,11,17,0.05670893006026745,player-2,53,46,47,48
280,1,17,0.061959028244018555,player-1,5,2,2,1
280,2,18,0.06325007416307926,player-3,9,3,7,5
280,3,18,0.05054217763245106,player-4,11,4,12,8
280,4,17,0.06824987940490246,player-4,16,11,15,11
280,5,17,0.048625050112605095,player-1,21,16,18,15
280,6,17,0.0527920201420784,player-2,26,21,18,20
280,7,18,0.18395902588963509,player-4,35,25,19,22
280,8,17,0.6480840966105461,player-4,36,25,23,32
280,9,17,0.14958297833800316,player-1,39,25,27,35
280,10,20,0.31875004060566425,player-1,44,27,29,35
280,11,27,0.5800419021397829,player-1,46,29,35,41
280,12,17,0.16383291222155094,player-4,49,31,35,44
280,13,18,0.36591594107449055,player-2,52,38,37,46
280,14,20,0.12400001287460327,player-1,55,40,41,46
280,15,17,0.07941690273582935,player-3,58,44,44,47
281,1,17,0.2013749908655882,player-1,8,3,4,4
281,2,18,0.07375003769993782,player-3,10,5,8,15
281,3,17,0.05441601388156414,player-3,12,7,13,16
281,4,19,0.0835831742733717,player-2,17,16,18,18
281,5,34,0.11674989946186543,player-2,30,19,23,24
281,6,17,0.055916840210556984,player-2,38,21,25,28
281,7,18,0.30283303931355476,player-4,39,21,29,39
281,8,17,0.7884169463068247,player-4,41,24,32,43
281,9,17,0.0577080063521862,player-1,43,26,39,46
281,10,17,0.06591598503291607,player-2,44,35,40,50
281,11,22,0.06691599264740944,player-4,49,39,44,51
281,12,17,0.079666031524539,player-4,57,40,49,55
282,1,18,0.06725010462105274,player-2,6,11,0,5
282,2,32,0.06912508979439735,none,6,20,0,5
282,3,18,0.05212496034801006,player-4,10,22,2,10
282,4,19,0.057040946558117867,player-2,10,28,7,19
282,5,17,0.06262492388486862,player-1,17,29,7,20
282,6,18,0.054416945204138756,player-3,17,30,9,26
282,7,17,0.0441248994320631,player-3,19,32,15,26
282,8,17,0.08112494833767414,player-4,21,38,15,40
282,9,17,0.06979098543524742,player-1,22,42,18,46
282,10,19,0.07108296267688274,player-4,26,51,22,54
283,1,18,0.05574990063905716,player-4,0,0,1,2
283,2,17,0.05954108200967312,player-4,3,1,4,12
283,3,17,0.09787501767277718,player-1,16,6,10,17
283,4,17,0.058042118325829506,player-2,22,11,12,17
283,5,17,0.06320909596979618,player-3,30,16,16,23
283,6,17,0.05233404226601124,player-4,42,24,20,27
283,7,18,0.05712499842047691,player-2,44,25,20,33
283,8,31,0.08108303882181644,none,48,26,25,34
283,9,18,0.055541982874274254,player-4,51,26,31,38
283,10,18,0.04812492989003658,player-1,52,28,31,41
283,11,20,0.09024981409311295,player-4,58,31,34,60
283,12,20,0.08033309131860733,player-1,65,37,41,64
284,1,17,0.04695914685726166,player-4,0,4,1,8
284,2,17,0.05820905789732933,player-1,10,7,2,14
284,3,18,0.05866703577339649,player-3,12,12,2,17
284,4,17,0.0876658596098423,player-3,22,25,6,18
284,5,17,0.07145898416638374,player-4,31,28,20,23
284,6,18,0.35149999894201756,player-2,35,32,25,23
284,7,20,0.3412079531699419,player-1,37,33,25,26
284,8,18,0.045416178181767464,none,42,35,26,27
284,9,17,0.16200006939470768,player-4,42,41,32,32
284,10,18,1.1359581258147955,player-2,43,54,33,37
284,11,17,0.05883281119167805,player-2,46,61,39,37
284,12,18,0.07129204459488392,player-4,49,68,41,44
285,1,17,0.05329190753400326,player-1,6,5,0,0
285,2,17,0.0689169391989708,player-2,10,7,4,5
285,3,17,0.062208157032728195,player-3,14,8,11,12
285,4,20,0.051042065024375916,player-3,16,9,18,15
285,5,21,0.05175010301172733,player-1,17,13,21,17
285,6,18,0.060542020946741104,player-3,17,13,21,25
285,7,19,0.06404099985957146,player-1,22,16,25,33
285,8,19,0.058167148381471634,player-2,27,21,28,35
285,9,17,0.05087489262223244,player-1,30,21,33,37
285,10,17,0.05274987779557705,player-2,34,24,40,42
285,11,19,0.06145797669887543,player-1,40,28,43,46
285,12,18,0.05987496115267277,player-1,41,28,46,53
285,13,18,0.06533297710120678,player-2,44,31,46,56
285,14,17,0.06208312697708607,player-2,47,33,54,56
286,1,19,0.07375003769993782,player-2,4,9,2,8
286,2,17,0.053999945521354675,player-1,8,11,7,11
286,3,18,0.04758313298225403,player-3,14,13,9,13
286,4,19,0.05641719326376915,player-1,17,17,10,20
286,5,17,0.05425000563263893,player-4,18,19,12,27
286,6,17,0.06866618059575558,player-1,19,21,15,30
286,7,18,0.06137508898973465,player-3,23,27,17,33
286,8,18,0.0605839304625988,player-4,26,30,21,35
286,9,17,0.06479187868535519,player-4,28,35,23,40
286,10,17,0.05625002086162567,player-1,35,35,25,40
286,11,22,0.05308305844664574,none,40,36,28,42
286,12,19,0.04587508738040924,player-1,50,36,31,43
286,13,17,0.06674998439848423,player-4,56,38,40,52
286,14,17,0.05108281038701534,player-1,61,40,40,57
287,1,21,0.05866703577339649,player-3,4,7,7,3
287,2,17,0.05966587923467159,player-4,4,15,11,5
287,3,17,0.054584117606282234,player-1,17,17,13,7
287,4,17,0.05737505853176117,player-2,17,20,15,14
287,5,18,0.053582945838570595,player-4,22,21,27,18
287,6,25,0.06541586481034756,player-4,37,21,31,21
287,7,20,0.08429214358329773,player-4,41,23,34,27
287,8,19,0.06166589446365833,player-4,42,25,36,31
287,9,18,0.07762503810226917,player-4,43,31,39,36
287,10,17,0.0602079089730978,player-4,44,32,48,38
287,11,17,0.04675006493926048,player-1,51,33,50,41
288,1,22,0.07199984975159168,player-4,3,0,3,7
288,2,18,0.06304099224507809,player-1,12,2,8,10
288,3,17,0.04475004971027374,player-1,17,2,10,14
288,4,19,0.06804196164011955,player-4,22,7,16,17
288,5,30,0.08062482811510563,player-4,24,7,20,22
288,6,19,0.06570899859070778,player-2,25,18,21,24
288,7,23,0.0819589477032423,player-3,29,30,22,29
288,8,17,0.06895884871482849,player-2,35,33,27,31
288,9,17,0.05870801396667957,player-3,44,39,37,33
288,10,18,0.06216694600880146,player-1,46,43,37,37
288,11,18,0.057374825701117516,player-2,48,53,39,45
288,12,17,0.0516669824719429,player-2,50,53,41,47
289,1,17,0.06508314982056618,player-4,3,8,4,10
289,2,17,0.05237502045929432,player-1,11,9,8,10
289,3,17,0.04783296026289463,player-2,14,14,12,15
289,4,18,0.03958307206630707,none,15,14,17,20
289,5,18,0.05654105916619301,player-1,19,22,17,23
289,6,18,0.05583302117884159,player-2,25,26,19,28
289,7,17,0.05308305844664574,player-2,25,30,24,31
289,8,17,0.06162491627037525,player-3,27,31,29,33
289,9,25,0.07475004531443119,player-4,29,35,36,37
289,10,19,0.06487499922513962,player-3,33,40,36,43
289,11,23,0.06962497718632221,player-4,36,47,38,49
289,12,17,0.06800005212426186,player-3,48,51,41,53
290,1,17,0.051833922043442726,player-1,6,0,0,1
290,2,17,0.08408399298787117,player-2,8,14,0,17
290,3,17,0.05895807407796383,player-3,10,14,11,20
290,4,33,0.09404192678630352,player-4,27,23,12,22
290,5,19,0.0624579843133688,player-3,33,26,19,22
290,6,17,0.0477079302072525,player-2,37,28,22,25
290,7,20,0.055582961067557335,player-2,41,30,22,27
290,8,17,0.05429214797914028,player-4,43,31,24,27
290,9,18,0.05870801396667957,player-2,45,36,33,33
290,10,17,0.06729201413691044,player-2,45,47,33,37
290,11,17,0.0766669400036335,player-3,47,52,40,39
290,12,18,0.059459125623106956,player-1,47,56,44,41
290,13,18,0.06800005212426186,player-2,53,59,45,43
291,1,18,0.05274987779557705,player-1,1,1,7,5
291,2,25,0.06812508217990398,player-1,8,2,11,8
291,3,19,0.06970902904868126,player-4,8,6,18,14
291,4,20,0.047708163037896156,player-2,14,9,18,14
291,5,17,0.05154102109372616,player-4,15,10,18,21
291,6,18,0.055625103414058685,player-2,32,20,18,29
291,7,21,0.06429105997085571,player-2,36,24,23,35
291,8,17,0.05229096859693527,player-3,39,26,25,38
291,9,20,0.07449998520314693,player-3,43,26,30,43
291,10,27,0.08433405309915543,player-3,47,30,37,46
291,11,22,0.06512482650578022,player-3,49,38,37,49
291,12,19,0.054165953770279884,player-1,54,38,37,54
291,13,21,0.05612499080598354,player-4,57,38,39,59
291,14,18,0.05862489342689514,player-2,62,41,41,61
292,1,17,0.07333396933972836,player-4,3,0,7,7
292,2,18,0.05537504330277443,player-2,4,1,9,8
292,3,20,0.08279201574623585,player-1,9,3,12,12
292,4,18,0.04512490704655647,player-4,9,4,16,15
292,5,18,0.06404099985957146,player-1,9,10,20,22
292,6,17,0.061416998505592346,player-1,18,24,20,28
292,7,19,0.06087496876716614,player-4,27,30,24,32
292,8,17,0.05625002086162567,player-3,28,41,27,36
292,9,17,0.05987519398331642,player-4,28,48,27,42
292,10,17,0.05383300594985485,player-1,34,51,30,44
292,11,17,0.05208398215472698,player-2,37,53,30,45
292,12,21,0.07304083555936813,player-3,37,56,45,55
293,1,17,0.044082989916205406,player-3,3,2,5,0
293,2,19,0.057833967730402946,player-2,7,8,8,1
293,3,17,0.08320901542901993,player-1,10,10,11,5
293,4,20,0.06600003689527512,player-1,12,12,12,12
293,5,17,0.06400002166628838,player-3,15,19,18,18
293,6,19,0.06262492388486862,player-2,15,23,24,23
293,7,18,0.06350013427436352,player-2,20,28,28,25
293,8,19,0.10916683822870255,player-4,26,35,37,37
293,9,17,0.061125028878450394,player-3,29,36,44,39
293,10,20,0.07670908235013485,player-3,30,44,49,42
293,11,18,0.06574997678399086,player-2,32,52,52,50
294,1,17,0.04729209467768669,player-3,2,2,2,3
294,2,17,0.052042072638869286,player-4,4,3,2,13
294,3,17,0.041582854464650154,player-1,7,3,2,15
294,4,17,0.05154102109372616,player-2,14,6,4,17
294,5,17,0.05674990825355053,player-3,15,11,6,20
294,6,17,0.059916870668530464,player-4,19,18,6,24
294,7,21,0.0538751482963562,player-1,22,22,6,30
294,8,17,0.05979207344353199,player-2,23,28,6,38
294,9,19,0.057374825701117516,player-1,27,34,9,45
294,10,18,0.05191704258322716,player-1,28,34,9,47
294,11,18,0.044416869059205055,player-2,28,40,12,48
294,12,17,0.05625002086162567,player-2,29,48,14,53
295,1,17,0.05795806646347046,player-1,4,2,5,5
295,2,22,0.04145805723965168,none,5,4,10,7
295,3,18,0.0552500132471323,player-4,7,8,16,10
295,4,19,0.05966587923467159,player-2,9,9,16,14
295,5,17,0.04537496715784073,player-1,12,10,16,18
295,6,17,0.04816683940589428,player-2,14,12,18,20
295,7,17,0.0602079089730978,player-3,26,16,32,23
295,8,19,0.051791081205010414,player-2,26,22,37,26
295,9,17,0.05941605195403099,player-1,29,22,44,29
295,10,19,0.06454112008213997,player-4,38,30,46,36
295,11,19,0.04966696724295616,player-1,41,30,52,37
295,12,17,0.05449983291327953,player-4,47,34,56,44
296,1,18,0.04670792259275913,player-3,1,2,3,2
296,2,22,0.06749993190169334,player-4,3,3,8,9
296,3,17,0.0599580816924572,player-4,6,4,14,12
296,4,17,0.06295903585851192,player-1,14,7,15,18
296,5,19,0.0574581790715456,player-4,19,9,19,23
296,6,17,0.059582991525530815,player-3,22,15,34,24
296,7,17,0.052541960030794144,player-4,22,18,35,28
296,8,18,0.05591614171862602,player-2,25,29,40,30
296,9,17,0.04929187707602978,player-2,33,38,43,37
296,10,17,0.061374856159090996,player-3,38,41,46,40
296,11,21,0.07104105316102505,player-4,40,47,52,48
296,12,23,0.06654206663370132,player-3,41,53,53,49
297,1,18,0.06220792420208454,player-4,3,2,6,9
297,2,17,0.059916870668530464,player-4,10,4,6,20
297,3,17,0.055459095165133476,player-1,11,13,10,24
297,4,18,0.06191711872816086,player-3,16,13,15,29
297,5,17,0.0669590663164854,player-3,22,20,18,37
297,6,17,0.05450006574392319,player-4,22,30,22,45
297,7,17,0.04937499761581421,player-1,28,33,30,45
297,8,17,0.044082989916205406,player-2,30,37,30,47
297,9,22,0.08841697126626968,player-4,41,43,35,48
297,10,17,0.05533406510949135,player-4,47,46,35,50
297,11,23,0.06441702134907246,none,60,52,35,50
298,1,17,0.04483410157263279,player-4,2,6,3,5
298,2,17,0.03895815461874008,player-1,6,9,3,8
298,3,18,0.05149981006979942,player-3,6,13,4,13
298,4,20,0.051916809752583504,none,13,23,7,17
298,5,18,0.05570799112319946,player-1,13,25,8,22
298,6,21,0.06466708146035671,player-1,17,33,12,22
298,7,17,0.047457870095968246,player-2,26,36,12,27
298,8,17,0.06674998439848423,player-3,33,39,18,32
298,9,19,0.06250012665987015,player-2,36,41,21,35
298,10,17,0.04870886914432049,player-1,46,44,25,38
298,11,17,0.05595805123448372,player-2,49,52,25,45
298,12,17,0.059208134189248085,player-3,52,55,27,46
299,1,17,0.05616690032184124,player-3,2,4,4,0
299,2,22,0.06770901381969452,player-1,9,4,11,13
299,3,18,0.05466700531542301,player-2,9,10,11,15
299,4,17,0.07412489503622055,player-2,12,12,19,15
299,5,18,0.051042065024375916,player-4,12,14,21,19
299,6,19,0.059999991208314896,player-2,17,20,21,23
299,7,19,0.07170811295509338,player-3,25,26,23,28
299,8,20,0.058416975662112236,player-1,37,31,26,30
299,9,20,0.07016700692474842,player-2,43,32,30,32
299,10,18,0.03833416849374771,none,44,32,30,32
299,11,17,0.04866579547524452,player-1,49,36,32,35
299,12,19,0.0669590663164854,player-4,63,37,40,44
300,1,17,0.04437495954334736,player-3,1,6,3,1
300,2,19,0.05575013346970081,player-2,4,10,3,1
300,3,19,0.07374980486929417,player-3,8,17,8,8
300,4,17,0.059165991842746735,player-2,12,21,9,13
300,5,21,0.07070903666317463,player-3,16,28,17,21
300,6,18,0.06450014188885689,player-1,22,30,20,25
300,7,18,0.05366699770092964,player-2,29,31,23,33
300,8,18,0.06087496876716614,player-3,31,33,28,38
300,9,18,0.046042026951909065,player-4,33,35,33,42
300,10,17,0.07820804603397846,player-4,41,38,37,51
300,11,18,0.04424992948770523,player-2,51,45,38,57
301,1,17,0.07329112850129604,player-3,0,5,8,7
301,2,17,0.060542020946741104,player-4,9,14,19,16
301,3,18,0.04800013266503811,player-2,13,18,20,19
301,4,19,0.04808278754353523,player-4,17,20,22,21
301,5,17,0.06704195402562618,player-3,18,21,24,25
301,6,17,0.06337510421872139,player-4,22,29,24,31
301,7,18,0.060042133554816246,player-2,31,30,27,40
301,8,18,0.048708170652389526,player-3,34,31,28,43
301,9,20,0.04541594535112381,none,39,32,30,45
301,10,22,0.051167095080018044,player-1,49,34,35,48
301,11,17,0.047625042498111725,player-1,51,36,39,52
301,12,22,0.06670807488262653,player-3,57,39,40,59
301,13,18,0.05566701292991638,player-4,62,45,50,66
302,1,17,0.07291696965694427,player-3,1,5,3,3
302,2,17,0.05670823156833649,player-4,1,5,6,7
302,3,17,0.05770893767476082,player-1,4,5,10,11
302,4,18,0.04674983210861683,player-3,6,7,11,15
302,5,19,0.052625080570578575,player-1,11,11,19,18
302,6,17,0.05829101428389549,player-4,11,11,20,21
302,7,23,0.07950002327561378,player-3,16,15,24,29
302,8,17,0.053833937272429466,player-2,16,22,25,37
302,9,18,0.04520895890891552,player-4,17,23,28,42
302,10,24,0.10000006295740604,player-3,26,34,35,46
302,11,19,0.06095808930695057,player-3,31,38,39,50
302,12,17,0.05120784044265747,player-2,36,41,42,54
302,13,18,0.054582953453063965,player-4,38,47,51,59
303,1,28,0.0652919989079237,player-3,3,0,1,5
303,2,20,0.06362493149936199,player-4,6,7,2,12
303,3,26,0.05449983291327953,none,8,8,4,12
303,4,17,0.04912493750452995,player-3,11,11,5,15
303,5,20,0.07845810614526272,player-3,18,21,13,21
303,6,20,0.05691708065569401,player-4,22,28,15,25
303,7,18,0.05745794624090195,player-3,25,29,24,28
303,8,18,0.05558389239013195,player-4,26,31,24,29
303,9,18,0.05474989302456379,player-1,31,33,26,35
303,10,19,0.06595812737941742,player-3,33,37,30,42
303,11,18,0.055541982874274254,player-3,37,37,33,45
303,12,18,0.04833401180803776,player-4,41,37,38,57
303,13,17,0.05124998278915882,player-4,42,38,39,59
303,14,17,0.05324999801814556,player-1,45,42,39,59
304,1,17,0.05970802158117294,player-2,8,9,8,9
304,2,17,0.047457870095968246,player-3,12,11,8,12
304,3,18,0.061416998505592346,player-1,12,14,9,18
304,4,19,0.08200015872716904,player-3,15,22,15,21
304,5,17,0.04937499761581421,player-2,17,24,18,25
304,6,17,0.05391589365899563,player-3,21,29,21,28
304,7,17,0.062499893829226494,player-4,22,29,27,35
304,8,20,0.04691700451076031,player-4,23,29,28,37
304,9,34,0.08087488822638988,player-3,31,30,39,48
304,10,18,0.05291705019772053,player-4,31,31,40,59
304,11,17,0.05545793101191521,player-4,38,33,50,63
304,12,17,0.059374840930104256,player-1,41,39,50,67
305,1,17,0.08466606959700584,player-3,3,1,0,7
305,2,18,0.06387499161064625,player-1,7,2,6,10
305,3,17,0.06874999962747097,player-1,7,6,11,17
305,4,18,0.06816606037318707,player-3,9,12,19,25
305,5,27,0.073291826993227,none,14,14,19,32
305,6,19,0.059374840930104256,player-2,15,25,21,33
305,7,19,0.057540833950042725,player-3,18,28,26,36
305,8,18,0.06766617298126221,player-3,24,35,33,38
305,9,23,0.06899982690811157,player-1,27,35,38,40
305,10,26,0.0764590222388506,player-1,36,36,44,51
305,11,25,0.07750000804662704,player-1,44,39,44,57
305,12,25,0.0613329466432333,player-2,48,41,48,61
306,1,18,0.06179208867251873,player-1,9,1,9,6
306,2,22,0.07645809091627598,player-2,12,7,16,7
306,3,20,0.05041714757680893,player-1,21,10,16,13
306,4,17,0.05787494592368603,player-3,22,17,23,13
306,5,17,0.05608401261270046,player-4,24,21,23,19
306,6,18,0.05874992348253727,player-2,25,25,23,23
306,7,17,0.06120791658759117,player-2,31,29,26,25
306,8,18,0.05745887756347656,player-4,38,33,28,27
306,9,18,0.05437503568828106,player-1,42,36,33,31
306,10,18,0.047625042498111725,player-2,46,37,38,33
306,11,14,0.0310409814119339,none,46,38,43,38
306,12,28,0.06512505933642387,none,46,40,47,40
306,13,17,0.05487492308020592,player-4,54,43,53,41
307,1,19,0.07258378900587559,player-2,3,5,6,4
307,2,17,0.06354204379022121,player-1,8,7,11,7
307,3,29,0.07299985736608505,none,15,11,15,11
307,4,18,0.059167155995965004,player-4,18,13,18,16
307,5,17,0.06424984894692898,player-4,24,14,20,20
307,6,18,0.056833960115909576,player-2,24,18,22,24
307,7,19,0.0641250517219305,player-4,27,24,32,24
307,8,20,0.06054178811609745,player-2,30,31,33,27
307,9,24,0.10029179975390434,player-3,33,33,37,30
307,10,18,0.06337510421872139,player-2,39,37,40,30
307,11,17,0.06116693839430809,player-2,44,40,44,31
307,12,17,0.0441248994320631,player-3,45,42,45,33
307,13,35,0.0992089044302702,none,45,62,47,41
308,1,19,0.058959005400538445,player-4,9,0,2,0
308,2,20,0.07016700692474842,player-2,9,6,11,1
308,3,17,0.05712499842047691,player-4,9,10,22,4
308,4,17,0.0612910371273756,player-1,18,12,25,6
308,5,17,0.06383401341736317,player-2,21,17,28,8
308,6,17,0.08037500083446503,player-3,30,19,39,12
308,7,19,0.0525421928614378,player-2,30,22,41,16
308,8,40,0.1044170930981636,none,32,26,52,26
308,9,19,0.07620803080499172,player-4,34,29,66,38
309,1,17,0.05779205821454525,player-2,1,3,0,6
309,2,30,0.0766250304877758,player-4,3,4,8,8
309,3,19,0.06258394569158554,player-2,5,10,11,13
309,4,17,0.05270820111036301,player-1,9,12,13,16
309,5,18,0.0602921936661005,player-3,10,14,14,21
309,6,17,0.07016700692474842,player-3,13,14,21,21
309,7,17,0.05045789293944836,player-4,13,19,23,23
309,8,17,0.06258301436901093,player-1,17,20,31,29
309,9,23,0.05329214036464691,player-4,19,21,33,29
309,10,18,0.052167102694511414,player-4,22,24,44,32
309,11,18,0.05824980325996876,player-1,22,26,49,39
309,12,17,0.05366583354771137,player-1,26,27,54,41
309,13,21,0.038458965718746185,none,28,30,55,45
309,14,20,0.05308305844664574,player-2,35,37,59,48
309,15,18,0.05704187788069248,player-1,36,42,65,54
310,1,20,0.06529106758534908,player-3,4,3,12,2
310,2,18,0.040041981264948845,player-2,5,11,12,6
310,3,17,0.05454104393720627,player-2,9,15,12,11
310,4,23,0.06795814260840416,none,18,17,15,13
310,5,17,0.06274995394051075,player-4,20,24,16,25
310,6,19,0.05554221570491791,player-3,22,26,16,26
310,7,18,0.05320785567164421,player-3,25,30,17,34
310,8,17,0.062417006120085716,player-3,28,41,22,39
310,9,18,0.041958875954151154,player-1,31,44,22,40
310,10,18,0.05687493830919266,player-2,31,54,22,42
310,11,18,0.04579219967126846,player-3,35,57,25,43
311,1,22,0.06654206663370132,player-2,2,1,4,2
311,2,17,0.05529192276299,player-2,3,5,6,6
311,3,17,0.05095801316201687,player-3,7,7,13,14
311,4,17,0.047625042498111725,player-4,9,12,16,18
311,5,17,0.05374988541007042,player-1,12,15,18,20
311,6,19,0.053333817049860954,player-4,12,19,27,25
311,7,20,0.05449983291327953,player-2,18,24,31,27
311,8,19,0.06004096940159798,player-2,27,33,32,33
311,9,23,0.06833299994468689,player-3,32,39,36,33
311,10,18,0.05375011824071407,player-3,33,41,43,37
311,11,17,0.06408314220607281,player-3,40,47,47,40
311,12,20,0.06829202175140381,player-3,47,52,59,42
312,1,19,0.049958936870098114,player-2,1,1,5,1
312,2,19,0.07945788092911243,player-3,11,4,19,1
312,3,17,0.05791708827018738,player-2,15,6,26,3
312,4,17,0.047999899834394455,player-3,19,9,31,7
312,5,18,0.045999884605407715,player-1,23,13,33,10
312,6,20,0.05620787851512432,player-4,30,18,42,13
312,7,17,0.05508307367563248,player-2,40,22,42,17
312,8,18,0.04666694439947605,player-4,44,26,42,21
312,9,18,0.05404115654528141,player-1,48,28,47,24
312,10,19,0.054167117923498154,player-3,52,29,51,28
313,1,21,0.0641669612377882,player-2,4,4,11,0
313,2,17,0.0399160198867321,player-3,4,7,16,0
313,3,17,0.03570900298655033,none,4,7,17,2
313,4,18,0.05820905789732933,player-2,11,7,18,2
313,5,17,0.04870793782174587,player-2,11,12,19,4
313,6,17,0.059916870668530464,player-3,13,14,25,4
313,7,17,0.05983305163681507,player-4,13,19,27,10
313,8,19,0.06691692396998405,player-3,15,28,33,15
313,9,17,0.058625126257538795,player-2,17,42,34,19
313,10,18,0.06454205140471458,player-4,18,45,41,28
313,11,17,0.06274995394051075,player-4,22,51,48,35
313,12,20,0.05391612648963928,player-4,25,53,53,38
313,13,18,0.05195802077651024,player-3,30,57,56,38
313,14,17,0.07241708226501942,player-3,40,70,63,48
314,1,18,0.0441248994320631,player-4,0,1,5,0
314,2,19,0.05600019358098507,player-2,1,8,7,2
314,3,18,0.05566701292991638,player-2,7,16,13,4
314,4,19,0.0605839304625988,player-4,18,19,23,14
314,5,18,0.05237502045929432,player-4,20,21,29,16
314,6,20,0.07149996235966682,player-3,28,28,31,27
314,7,17,0.048999907448887825,player-1,35,30,38,30
314,8,18,0.04900014027953148,player-3,35,30,40,30
314,9,17,0.04874984733760357,player-3,39,32,42,32
314,10,18,0.07141707465052605,player-1,60,36,55,32
315,1,17,0.036250101402401924,none,0,8,0,0
315,2,17,0.05625002086162567,player-3,6,14,6,4
315,3,20,0.06333296187222004,player-3,15,20,8,18
315,4,17,0.052042072638869286,player-1,20,21,12,22
315,5,17,0.04537496715784073,player-2,24,22,13,25
315,6,17,0.044833868741989136,player-3,25,25,17,25
315,7,17,0.051541952416300774,player-4,25,25,22,33
315,8,17,0.056499848142266273,player-1,29,31,26,38
315,9,23,0.06841705180704594,player-4,29,38,28,45
315,10,17,0.05170796066522598,player-3,33,39,35,47
315,11,18,0.06687501445412636,player-1,42,42,38,51
315,12,17,0.0754999928176403,player-1,59,49,45,51
316,1,24,0.07145805284380913,player-3,3,1,5,6
316,2,18,0.05866703577339649,player-2,3,8,8,19
316,3,17,0.04575005732476711,player-2,5,15,8,22
316,4,17,0.05312496796250343,player-3,13,16,12,25
316,5,17,0.059750163927674294,player-4,13,21,17,33
316,6,17,0.05833292379975319,player-1,18,24,17,47
316,7,18,0.0563750509172678,player-3,20,30,19,47
316,8,20,0.07154210470616817,player-2,20,36,24,50
316,9,18,0.06416602991521358,player-1,26,40,28,53
316,10,17,0.055165961384773254,player-1,28,42,31,57
316,11,16,0.03658398054540157,none,31,44,31,58
317,1,17,0.07049995474517345,player-4,4,8,10,7
317,2,18,0.06304215639829636,player-2,7,12,18,12
317,3,18,0.06491714157164097,player-3,7,14,21,16
317,4,17,0.07354211993515491,player-3,9,21,24,24
317,5,17,0.05570799112319946,player-4,13,24,27,36
317,6,19,0.051167095080018044,player-3,16,25,28,37
317,7,17,0.06937514990568161,player-2,19,29,29,44
317,8,17,0.04087504930794239,player-3,19,29,32,45
317,9,17,0.042041996493935585,player-4,19,30,35,58
317,10,27,0.06629200652241707,player-3,20,34,43,60
317,11,19,0.06191711872816086,player-4,21,41,49,65
318,1,17,0.06216694600880146,player-4,0,2,5,5
318,2,19,0.04991702735424042,player-3,2,11,6,11
318,3,17,0.06691599264740944,player-2,13,16,10,13
318,4,17,0.053459079936146736,player-3,14,20,11,18
318,5,17,0.05437503568828106,player-4,14,22,17,21
318,6,18,0.04775007255375385,player-2,16,23,18,22
318,7,18,0.05675014108419418,player-3,22,32,20,29
318,8,17,0.05091610364615917,player-3,29,35,24,30
318,9,17,0.05345791578292847,player-4,32,37,24,37
318,10,22,0.06458302959799767,none,33,44,25,40
318,11,17,0.051040900871157646,player-2,33,49,28,42
318,12,18,0.07570791058242321,player-4,37,50,32,45
318,13,19,0.07037492468953133,player-2,43,50,35,49
318,14,21,0.05808309651911259,player-1,48,52,36,50
319,1,19,0.06004190072417259,player-2,3,8,0,3
319,2,19,0.06666593253612518,player-3,10,14,10,6
319,3,17,0.05720788612961769,player-2,11,21,16,11
319,4,17,0.04587508738040924,player-3,14,28,20,11
319,5,17,0.04941713996231556,player-4,14,29,23,15
319,6,17,0.07416587322950363,player-1,22,29,34,20
319,7,17,0.0664170365780592,player-2,26,34,37,24
319,8,17,0.05224999040365219,player-3,31,36,42,29
319,9,23,0.10612513870000839,none,32,44,43,31
319,10,17,0.08808309212327003,player-1,42,49,45,38
319,11,17,0.06908318027853966,player-2,46,54,49,42
319,12,17,0.06387499161064625,player-3,50,56,60,45
320,1,17,0.0743749551475048,player-1,6,4,2,4
320,2,17,0.06812508217990398,player-2,8,7,2,14
320,3,18,0.06916699931025505,player-4,11,10,13,20
320,4,17,0.07666600868105888,player-4,11,12,15,25
320,5,19,0.05816691555082798,player-3,12,15,27,26
320,6,17,0.053999945521354675,player-2,19,17,31,30
320,7,18,0.05870801396667957,player-4,19,17,32,37
320,8,26,0.07762503810226917,none,21,19,38,40
320,9,17,0.05970778875052929,player-1,25,23,45,43
320,10,19,0.051208073273301125,player-4,31,27,47,45
320,11,19,0.06083305925130844,player-1,34,32,53,48
320,12,20,0.06545893847942352,player-3,37,39,53,51
320,13,17,0.05595805123448372,player-1,41,41,58,53
320,14,17,0.04333280958235264,player-2,43,44,60,55
321,1,17,0.04312512464821339,player-3,3,1,7,1
321,2,22,0.051582930609583855,player-1,8,4,11,3
321,3,19,0.06125005893409252,player-3,8,6,15,10
321,4,18,0.04729093052446842,player-3,8,9,19,11
321,5,18,0.05016708746552467,player-4,9,16,27,17
321,6,19,0.07312488742172718,player-2,18,20,29,21
321,7,17,0.04633283242583275,player-1,20,21,30,23
321,8,17,0.06758281961083412,player-2,23,25,32,29
321,9,17,0.05850009620189667,player-3,29,27,37,30
321,10,17,0.04737498238682747,player-4,33,33,41,31
321,11,18,0.07545808330178261,player-2,37,47,43,42
321,12,18,0.058833975344896317,player-3,41,47,46,45
321,13,18,0.051541952416300774,player-4,41,52,47,54
322,1,18,0.06508314982056618,player-4,0,8,2,8
322,2,20,0.059416983276605606,player-3,2,9,5,12
322,3,19,0.09020790457725525,player-3,6,15,5,18
322,4,18,0.061166007071733475,player-3,12,17,11,23
322,5,17,0.059916870668530464,player-3,15,26,17,31
322,6,18,0.0689169391989708,player-1,27,35,23,41
322,7,23,0.07208390161395073,player-3,31,44,25,48
322,8,19,0.04900014027953148,player-4,34,46,26,60
323,1,18,0.05595805123448372,player-3,3,1,11,2
323,2,17,0.06883405148983002,player-3,8,3,14,5
323,3,17,0.055416952818632126,player-4,10,8,18,8
323,4,20,0.07762503810226917,player-4,17,12,25,19
323,5,20,0.06441702134907246,player-1,23,17,26,27
323,6,17,0.056042103096842766,player-3,28,23,34,27
323,7,17,0.04120892845094204,player-4,28,23,34,33
323,8,17,0.05970802158117294,player-1,35,27,41,33
323,9,19,0.05616690032184124,player-4,38,29,45,35
323,10,17,0.04845811054110527,player-3,41,34,48,37
323,11,17,0.05370797589421272,player-4,43,41,48,42
323,12,17,0.04666694439947605,player-1,51,43,49,42
324,1,17,0.05916692316532135,player-2,7,6,1,7
324,2,17,0.05187513306736946,player-3,7,16,4,7
324,3,17,0.05733408033847809,player-4,8,24,6,10
324,4,17,0.059957848861813545,player-1,11,29,10,18
324,5,17,0.05616690032184124,player-2,18,33,11,22
324,6,17,0.045000109821558,player-3,22,34,14,24
324,7,19,0.06429105997085571,player-2,24,36,16,29
324,8,18,0.04770886152982712,player-2,27,39,20,31
324,9,17,0.04783296026289463,player-2,36,44,21,34
324,10,17,0.05625002086162567,player-3,37,46,29,39
324,11,17,0.04854216240346432,player-4,39,46,32,44
324,12,17,0.05237502045929432,player-1,48,46,32,53
324,13,17,0.06308313459157944,player-2,55,55,39,53
325,1,17,0.05891593173146248,player-3,4,5,6,7
325,2,19,0.05487492308020592,player-2,4,8,8,8
325,3,17,0.054916832596063614,player-1,14,8,11,13
325,4,17,0.06137508898973465,player-2,20,12,14,13
325,5,17,0.05733291618525982,player-3,28,18,16,16
325,6,18,0.06470782682299614,player-1,35,20,24,17
325,7,17,0.06854184903204441,player-1,42,26,26,26
325,8,17,0.05820905789732933,player-2,45,32,29,32
325,9,20,0.052040908485651016,player-2,47,37,35,35
325,10,17,0.05395803600549698,player-4,49,37,38,41
325,11,20,0.07337518036365509,player-4,52,42,44,47
325,12,19,0.05579204298555851,player-4,57,42,45,47
326,1,17,0.058333855122327805,player-4,2,0,2,5
326,2,17,0.06208289414644241,player-1,6,6,4,10
326,3,17,0.06312504410743713,player-2,11,9,8,10
326,4,17,0.057040946558117867,player-3,19,18,12,11
326,5,20,0.06508291698992252,player-3,22,18,19,14
326,6,17,0.06633391603827477,player-1,32,24,19,20
326,7,18,0.06987503729760647,player-3,44,24,27,23
326,8,19,0.062000006437301636,player-1,55,34,30,29
326,9,17,0.04724995233118534,player-4,55,35,31,37
326,10,18,0.07487507537007332,player-2,62,36,41,45
327,1,18,0.0527920201420784,player-4,0,2,4,6
327,2,18,0.04941597580909729,player-1,8,4,10,9
327,3,18,0.05650008097290993,player-2,13,5,12,16
327,4,17,0.06070802919566631,player-2,13,15,14,17
327,5,18,0.05979207344353199,player-4,15,19,14,18
327,6,18,0.07225014269351959,player-1,18,20,24,27
327,7,17,0.045042019337415695,player-1,21,21,25,28
327,8,21,0.05470798350870609,player-2,23,26,28,30
327,9,18,0.05808286368846893,player-4,23,26,30,37
327,10,31,0.073959119617939,player-2,27,34,37,42
327,11,17,0.048832967877388,player-1,30,38,39,42
327,12,17,0.06516696885228157,player-2,31,41,40,46
327,13,22,0.06287498399615288,player-4,31,41,46,52
327,14,17,0.0527920201420784,player-4,34,41,46,56
327,15,18,0.07237493991851807,player-2,36,46,52,56
328,1,18,0.05037500523030758,player-2,4,3,5,3
328,2,18,0.05729193799197674,player-3,8,5,11,7
328,3,20,0.0502921175211668,player-2,9,13,13,8
328,4,17,0.06866711191833019,player-4,15,20,19,16
328,5,17,0.04475004971027374,player-1,18,27,21,17
328,6,23,0.08058315142989159,player-4,23,29,30,29
328,7,22,0.06625009700655937,player-4,23,33,35,32
328,8,27,0.08029211312532425,player-2,26,41,37,40
328,9,18,0.04991702735424042,player-2,30,46,39,41
328,10,18,0.05870801396667957,player-3,34,50,44,42
328,11,18,0.05791592411696911,player-4,41,50,47,49
328,12,17,0.0527920201420784,player-4,47,50,47,56
329,1,20,0.09716697968542576,player-4,0,1,4,1
329,2,17,0.051167095080018044,player-2,7,2,8,3
329,3,18,0.06225006654858589,player-4,10,5,13,7
329,4,17,0.05658390000462532,player-4,15,9,13,9
329,5,18,0.06016693077981472,player-2,18,12,15,15
329,6,17,0.063000014051795,player-2,22,16,21,18
329,7,17,0.06329105235636234,player-3,24,17,23,21
329,8,17,0.05529192276299,player-4,26,21,28,24
329,9,22,0.057999975979328156,player-2,26,25,29,24
329,10,17,0.052584102377295494,player-2,29,26,32,28
329,11,22,0.05737505853176117,player-4,30,26,36,36
329,12,18,0.06533297710120678,player-1,38,29,36,45
329,13,17,0.0503340270370245,player-1,41,33,42,48
329,14,18,0.060499878600239754,player-3,51,33,45,49
329,15,20,0.07975008338689804,player-2,58,39,49,49
330,1,19,0.07020891644060612,player-3,8,6,10,4
330,2,18,0.06166682578623295,player-3,8,10,12,10
330,3,18,0.06470899097621441,player-4,16,14,15,12
330,4,17,0.049250200390815735,player-4,16,16,15,17
330,5,18,0.05308305844664574,player-2,19,26,15,19
330,6,22,0.07275003008544445,player-3,26,33,16,27
330,7,20,0.05175010301172733,player-2,27,35,20,29
330,8,18,0.047999899834394455,player-1,29,37,22,34
330,9,18,0.061540864408016205,player-2,36,49,28,37
330,10,17,0.056833960115909576,player-2,41,57,31,42
330,11,18,0.054416945204138756,player-4,41,64,32,50
331,1,17,0.07091695442795753,player-1,7,5,6,0
331,2,17,0.06158393807709217,player-2,14,14,14,4
331,3,17,0.04429090768098831,player-3,16,15,16,7
331,4,22,0.057541998103260994,player-1,24,15,22,10
331,5,17,0.05316687747836113,player-1,32,19,24,18
331,6,19,0.056208111345767975,player-4,35,22,25,26
331,7,20,0.06474996916949749,player-2,37,27,28,28
331,8,19,0.07687509059906006,player-2,43,32,28,29
331,9,19,0.0694170594215393,player-3,47,39,35,32
331,10,19,0.059582991525530815,player-4,47,46,39,41
331,11,17,0.06420793943107128,player-3,49,46,48,41
331,12,19,0.0539170578122139,player-2,51,47,50,44
332,1,17,0.0463749747723341,player-3,1,6,1,0
332,2,26,0.0588330440223217,player-1,5,14,1,4
332,3,17,0.05687493830919266,player-1,10,22,2,7
332,4,20,0.07983297109603882,player-1,13,23,8,8
332,5,19,0.0650421716272831,player-1,26,28,12,11
332,6,19,0.04979199729859829,player-2,27,42,17,14
332,7,17,0.0655418261885643,player-1,31,43,19,14
332,8,18,0.06574997678399086,player-3,35,43,26,14
332,9,18,0.08929218165576458,player-4,39,48,36,14
332,10,18,0.06516603752970695,player-1,45,53,40,18
332,11,17,0.06466684862971306,player-1,47,58,45,27
332,12,17,0.04437519237399101,player-2,50,59,47,30
332,13,17,0.038708094507455826,none,50,64,57,30
333,1,17,0.0502921175211668,player-2,0,4,3,3
333,2,18,0.05895807407796383,player-4,2,9,6,10
333,3,17,0.06195809692144394,player-4,5,12,8,20
333,4,17,0.06645801477134228,player-1,11,17,15,22
333,5,17,0.05937507376074791,player-2,16,19,18,22
333,6,17,0.06224983371794224,player-3,20,26,23,27
333,7,20,0.04824995994567871,player-3,22,30,29,29
333,8,17,1.0276250541210175,player-1,24,30,33,32
333,9,17,0.06637489423155785,player-2,25,33,36,33
333,10,19,0.06566592492163181,player-1,33,38,37,38
333,11,19,0.05437503568828106,player-2,35,44,37,38
333,12,17,0.07229088805615902,player-1,36,46,37,44
333,13,17,0.06279186345636845,player-2,38,53,37,50
334,1,20,0.07508299313485622,player-2,2,3,7,2
334,2,17,0.06808293983340263,player-4,6,17,9,4
334,3,17,0.05650008097290993,player-1,11,21,11,6
334,4,17,0.06858399137854576,player-2,12,31,13,17
334,5,17,0.05579204298555851,player-3,15,35,18,22
334,6,17,0.04712492227554321,player-4,15,37,21,23
334,7,18,0.0614591408520937,player-2,18,49,23,25
334,8,17,0.07645809091627598,player-2,20,60,33,27
334,9,17,0.0682910904288292,player-3,25,64,38,27
334,10,19,0.05966704338788986,player-2,37,69,45,30
334,11,18,0.06962497718632221,player-2,46,74,46,36
335,1,20,0.06737490184605122,player-3,1,2,12,6
335,2,18,0.05983305163681507,player-2,7,9,15,9
335,3,29,0.07229088805615902,none,9,11,16,10
335,4,21,0.06600003689527512,player-3,10,12,25,16
335,5,19,0.08212495595216751,player-2,13,21,28,20
335,6,20,0.04533305764198303,none,14,23,33,24
335,7,19,0.06704195402562618,player-4,18,26,43,35
335,8,19,0.07241708226501942,player-1,20,31,52,40
335,9,18,0.053165946155786514,player-1,20,33,54,42
335,10,17,0.0567091628909111,player-1,32,37,60,45
335,11,21,0.06737490184605122,player-2,34,43,67,48
336,1,17,0.060125021263957024,player-1,4,3,2,4
336,2,19,0.06274995394051075,player-4,4,10,6,17
336,3,17,0.07091602310538292,player-3,4,10,12,26
336,4,17,0.05287490785121918,player-4,4,13,12,30
336,5,18,0.07279193960130215,player-2,5,17,19,35
336,6,17,0.05400017835199833,player-2,8,26,26,38
336,7,17,0.06420793943107128,player-3,10,37,29,47
336,8,17,0.04470907151699066,none,12,38,29,48
336,9,19,0.0602079089730978,player-3,16,43,30,50
336,10,18,0.057208118960261345,player-3,18,44,30,50
336,11,17,0.054582953453063965,player-3,18,47,39,50
336,12,17,0.04729186184704304,player-4,18,47,41,57
337,1,17,0.05837506614625454,player-3,5,4,0,4
337,2,18,0.057833967730402946,player-1,8,14,5,10
337,3,19,0.08741696365177631,player-3,8,19,7,18
337,4,17,0.053416937589645386,player-2,10,19,11,19
337,5,18,0.10600010864436626,player-4,17,20,19,21
337,6,17,0.06145797669887543,player-4,17,22,22,24
337,7,17,0.05575013346970081,player-1,23,25,26,26
337,8,18,0.05579087883234024,player-3,25,31,34,30
337,9,17,0.05537504330277443,player-3,25,31,36,33
337,10,17,0.04687509499490261,player-4,25,32,39,39
337,11,17,0.05683302879333496,player-1,28,34,46,39
337,12,19,0.05825003609061241,player-4,29,38,46,43
337,13,18,0.04924996756017208,player-4,32,39,51,51
337,14,20,0.06616697646677494,player-3,33,41,65,62
338,1,20,0.059625133872032166,player-2,1,1,0,3
338,2,17,0.053833937272429466,player-4,5,4,4,5
338,3,32,0.07891585119068623,player-4,7,7,11,8
338,4,18,0.06891600787639618,player-3,9,11,16,8
338,5,18,0.06237509660422802,player-4,11,17,22,8
338,6,18,0.06266706623136997,player-1,11,21,25,15
338,7,18,0.05466700531542301,player-2,12,27,27,17
338,8,25,0.07079099304974079,none,12,41,36,21
338,9,19,0.0502078328281641,player-1,14,45,37,23
338,10,17,0.0766250304877758,player-4,18,50,37,39
338,11,18,0.056999968364834785,player-2,20,52,38,39
338,12,17,0.05095801316201687,player-2,28,54,41,46
339,1,26,0.07183291018009186,player-4,2,6,11,4
339,2,17,0.05000014789402485,player-4,4,7,13,11
339,3,22,0.06429199129343033,player-2,7,12,27,15
339,4,17,0.06791693158447742,player-2,10,21,28,15
339,5,18,0.05050003528594971,player-4,13,23,30,21
339,6,17,0.04458311013877392,player-4,16,26,30,28
339,7,17,0.06787502206861973,player-1,21,30,35,29
339,8,19,0.0635830219835043,player-4,21,39,39,35
339,9,20,0.05266699008643627,player-2,24,40,43,36
339,10,17,0.05333404988050461,player-4,33,43,53,38
339,11,17,0.04958314821124077,player-1,39,43,53,40
339,12,17,0.06716698408126831,player-2,42,50,54,42
339,13,17,0.046582892537117004,player-3,42,53,59,44
340,1,18,0.058540841564536095,player-4,4,4,0,4
340,2,18,0.06070802919566631,player-1,6,8,6,8
340,3,25,0.06341701373457909,none,8,16,10,19
340,4,17,0.07504201494157314,player-2,9,28,13,25
340,5,17,0.04975008778274059,player-3,13,28,19,30
340,6,17,0.03995816223323345,player-4,13,30,20,31
340,7,19,0.055625103414058685,player-3,18,36,21,33
340,8,17,0.06287498399615288,player-2,22,38,28,35
340,9,17,0.061542028561234474,player-3,23,44,33,35
340,10,21,0.07970910519361496,player-4,25,53,40,44
340,11,18,0.04633399657905102,player-2,29,54,44,48
341,1,19,0.05050003528594971,player-1,2,5,9,2
341,2,17,0.04654191434383392,player-4,5,9,18,7
341,3,17,0.060499878600239754,player-1,10,14,19,10
341,4,17,0.060750171542167664,player-2,21,23,26,16
341,5,17,0.06595812737941742,player-3,32,28,32,16
341,6,17,0.05604187026619911,player-4,35,36,38,23
341,7,18,0.06700004450976849,player-2,41,45,38,25
341,8,17,0.0599580816924572,player-2,43,47,40,31
341,9,27,0.0590828713029623,player-1,46,47,43,39
341,10,18,0.055582961067557335,player-1,55,47,46,40
342,1,17,0.05425000563263893,player-4,2,4,1,1
342,2,17,0.0580840278416872,player-1,4,5,5,10
342,3,18,0.0610831193625927,player-3,4,11,15,10
342,4,17,0.06070802919566631,player-3,11,11,25,10
342,5,17,0.04308391362428665,player-4,14,14,27,12
342,6,17,0.0539170578122139,player-1,22,18,32,12
342,7,20,0.04616682417690754,player-1,24,23,34,12
342,8,27,0.060750171542167664,player-1,27,23,37,22
342,9,19,0.051084207370877266,player-2,29,25,38,24
342,10,17,0.035499921068549156,none,30,25,42,24
342,11,19,0.043708132579922676,none,30,25,46,25
342,12,17,0.05229189991950989,player-3,30,29,48,33
342,13,19,0.06350013427436352,player-2,33,32,49,38
342,14,18,0.058625126257538795,player-2,37,38,52,38
342,15,17,0.0490827951580286,player-2,39,41,53,42
342,16,18,0.046958914026618004,player-4,43,49,60,44
343,1,18,0.05574990063905716,player-2,3,7,3,5
343,2,33,0.08229189552366734,player-2,7,10,3,12
343,3,18,0.06866687908768654,player-4,10,11,10,18
343,4,19,0.04650000482797623,player-2,12,13,13,21
343,5,17,0.058125006034970284,player-1,13,19,17,28
343,6,19,0.06425008177757263,player-4,16,32,17,34
343,7,20,0.046582892537117004,player-2,24,36,17,37
343,8,18,0.07237493991851807,player-1,24,42,22,45
343,9,24,0.05295802839100361,player-4,26,46,22,46
343,10,17,0.05504116415977478,player-2,32,53,24,54
344,1,20,0.052541960030794144,player-1,4,2,11,0
344,2,19,0.05383300594985485,player-1,8,8,17,0
344,3,18,0.0403339508920908,player-1,10,9,23,2
344,4,18,0.10358402505517006,player-2,12,14,26,9
344,5,17,0.06862496957182884,player-2,17,22,26,16
344,6,21,0.07258309051394463,player-3,20,24,33,20
344,7,19,0.051083043217659,player-2,24,25,34,20
344,8,19,0.06308313459157944,player-3,26,29,47,23
344,9,18,0.06299978122115135,player-3,26,34,48,28
344,10,34,0.09583309292793274,player-4,33,41,56,37
344,11,17,0.08487491868436337,player-4,36,42,60,40
344,12,20,0.0700000673532486,player-4,38,49,60,50
344,13,17,0.05195802077651024,player-2,41,53,62,54
345,1,17,0.058042118325829506,player-3,2,5,2,6
345,2,17,0.08079200051724911,player-4,6,7,7,8
345,3,17,0.056584132835268974,player-1,9,16,11,11
345,4,17,0.06608315743505955,player-2,11,25,12,18
345,5,22,0.05616690032184124,player-4,15,30,15,23
345,6,18,0.05262484773993492,player-1,15,33,18,28
345,7,18,0.04224991425871849,player-2,16,46,21,29
345,8,20,0.08191587403416634,player-1,22,52,25,33
345,9,17,0.06395787931978703,player-3,30,55,31,35
345,10,20,0.05354220047593117,player-3,32,55,35,35
345,11,17,0.05212496034801006,player-1,36,62,40,41
346,1,17,0.06495905108749866,player-3,3,0,8,7
346,2,17,0.03841705620288849,player-4,4,0,10,10
346,3,19,0.06170803681015968,player-3,8,4,19,20
346,4,17,0.053833937272429466,player-2,19,13,26,23
346,5,24,0.0666249543428421,player-2,23,19,26,23
346,6,18,0.0516669824719429,player-1,28,21,26,30
346,7,17,0.05208305083215237,player-1,30,24,27,33
346,8,17,0.056042103096842766,player-2,33,31,31,40
346,9,17,0.05645793862640858,player-3,41,32,37,47
346,10,17,0.05795806646347046,player-4,45,36,38,52
346,11,20,0.05187513306736946,player-4,48,36,41,52
346,12,21,0.05137501284480095,player-2,51,43,45,57
347,1,17,0.05083414725959301,player-1,15,0,5,4
347,2,17,0.06295787170529366,player-2,18,10,7,7
347,3,17,0.05879206582903862,player-3,19,14,13,10
347,4,17,0.04687509499490261,player-4,19,15,16,13
347,5,17,0.047582900151610374,player-1,19,17,17,15
347,6,17,0.05491706542670727,player-2,20,23,19,20
347,7,18,0.04470790736377239,player-4,24,27,19,28
347,8,17,0.07850001566112041,player-4,25,33,22,37
347,9,18,0.059416983276605606,player-2,29,42,24,44
347,10,17,0.05433405749499798,player-2,34,46,28,46
347,11,17,0.07433304563164711,player-3,35,49,36,51
348,1,19,0.06383401341736317,player-2,0,9,4,5
348,2,22,0.06070802919566631,player-2,4,15,7,5
348,3,17,0.054541975259780884,player-2,10,23,12,5
348,4,17,0.058042118325829506,player-3,15,31,22,8
348,5,17,0.0590828713029623,player-4,21,31,24,13
348,6,21,0.06770901381969452,player-1,27,31,36,14
348,7,17,0.052042072638869286,player-2,28,35,39,17
348,8,17,0.04520779475569725,player-3,28,36,45,24
348,9,19,0.06162491627037525,player-2,31,43,48,26
348,10,19,0.052958959713578224,player-3,33,45,49,30
348,11,17,0.05937507376074791,player-2,35,50,56,33
348,12,17,0.041125109419226646,player-3,37,57,60,33
348,13,17,0.05266699008643627,player-4,39,58,70,35
349,1,19,0.056541990488767624,player-2,3,5,5,0
349,2,17,0.056165968999266624,player-1,15,9,8,1
349,3,18,0.04912493750452995,player-3,18,9,16,4
349,4,17,0.06641587242484093,player-3,25,20,22,9
349,5,18,0.04695798270404339,player-1,30,22,22,13
349,6,17,0.05408399738371372,player-1,39,22,25,16
349,7,17,0.045457854866981506,player-2,42,27,26,16
349,8,19,0.05720788612961769,player-1,44,32,27,24
349,9,20,0.059582991525530815,player-3,47,37,34,28
349,10,18,0.045833177864551544,player-2,51,40,34,30
349,11,17,0.042082974687218666,player-2,51,56,34,32
349,12,19,0.06949994713068008,player-1,62,60,38,36
350,1,17,0.06574997678399086,player-2,0,7,2,4
350,2,22,0.06066705100238323,player-4,3,11,4,8
350,3,18,0.05916692316532135,player-1,9,20,12,9
350,4,17,0.0575000885874033,player-1,13,22,14,15
350,5,17,0.047999899834394455,player-2,14,22,15,15
350,6,17,0.049083027988672256,player-3,17,28,18,18
350,7,23,0.05529099144041538,player-2,20,34,23,23
350,8,18,0.05004182457923889,player-2,26,42,24,24
350,9,21,0.06308406591415405,player-2,29,44,25,25
350,10,13,0.02983282320201397,none,34,44,26,27
350,11,17,0.05204183980822563,player-4,38,44,29,38
350,12,18,0.05933293141424656,player-2,47,52,31,42
350,13,17,0.058999983593821526,player-2,53,59,36,49
351,1,19,0.07470906712114811,player-4,0,14,7,5
351,2,17,0.0510411337018013,player-3,0,18,9,10
351,3,17,0.06741704419255257,player-4,4,20,11,17
351,4,20,0.058542005717754364,player-4,11,23,11,22
351,5,17,0.06566708907485008,player-2,21,32,17,31
351,6,21,0.04912493750452995,player-3,25,34,18,36
351,7,17,0.0577080063521862,player-4,28,37,23,40
351,8,18,0.06025005131959915,player-2,28,40,23,46
351,9,17,0.05487492308020592,player-2,30,48,25,54
352,1,17,0.040499959141016006,player-1,5,1,2,2
352,2,20,0.0639590434730053,player-1,15,3,10,7
352,3,19,0.045833876356482506,none,16,5,10,7
352,4,17,0.07279193960130215,player-4,21,10,13,9
352,5,18,0.07100007496774197,player-2,23,14,18,12
352,6,19,0.058374833315610886,player-4,29,20,27,12
352,7,19,0.0662908423691988,player-1,30,20,29,12
352,8,20,0.05262484773993492,player-3,34,20,33,15
352,9,17,0.05037500523030758,player-1,38,26,33,17
352,10,17,0.05420786328613758,player-2,39,30,34,17
352,11,17,0.049833906814455986,player-3,41,33,44,17
352,12,18,0.06349990144371986,player-1,43,35,51,22
352,13,19,0.06312504410743713,player-3,46,44,53,22
352,14,18,0.06262492388486862,player-3,46,46,56,27
353,1,20,0.05729193799197674,player-4,5,1,2,2
353,2,19,0.060542020946741104,player-4,7,6,9,4
353,3,19,0.06212480366230011,player-1,9,7,11,5
353,4,19,0.055999960750341415,player-2,12,12,16,7
353,5,17,0.05641602911055088,player-1,13,18,16,15
353,6,18,0.06133317947387695,player-3,13,22,17,19
353,7,17,0.056167133152484894,player-3,23,28,29,25
353,8,18,0.060416990891098976,player-1,33,28,29,29
353,9,17,0.06066611967980862,player-1,41,28,29,34
353,10,18,0.054958974942564964,player-3,43,34,32,38
353,11,17,0.06183306686580181,player-3,47,37,42,38
353,12,18,0.05591707304120064,player-1,48,41,42,40
353,13,25,0.07637497037649155,player-1,48,49,42,40
353,14,18,0.0689169391989708,player-3,49,50,45,42
353,15,17,0.0552500132471323,player-3,50,59,47,50
354,1,17,0.07504085078835487,player-4,1,3,3,4
354,2,17,0.07191603071987629,player-1,9,4,5,7
354,3,18,0.0666668638586998,player-3,14,4,13,15
354,4,18,0.04549999721348286,player-4,14,7,15,16
354,5,23,0.08066697046160698,player-2,29,10,18,18
354,6,19,0.07149996235966682,player-3,38,18,32,23
354,7,17,0.05287514068186283,player-2,40,18,38,23
354,8,17,0.05095801316201687,player-3,44,19,46,29
354,9,19,0.05604187026619911,player-2,48,25,57,30
355,1,18,0.059999991208314896,player-4,0,2,3,5
355,2,20,0.06554089486598969,player-3,1,6,7,11
355,3,17,0.05462486296892166,player-1,6,9,12,16
355,4,17,0.04870793782174587,player-2,9,13,14,20
355,5,17,0.06279116496443748,player-3,11,19,16,21
355,6,19,0.07070810534060001,player-2,11,28,21,26
355,7,17,0.04029087722301483,player-1,15,31,25,29
355,8,18,0.05950010381639004,player-3,20,34,29,31
355,9,17,0.06416602991521358,player-3,29,40,35,34
355,10,18,0.04516681656241417,player-1,36,40,40,37
355,11,18,0.052250223234295845,player-2,41,53,43,43
355,12,21,0.06670807488262653,player-2,43,54,46,49
356,1,17,0.05945796146988869,player-3,9,8,4,0
356,2,18,0.09512505494058132,player-1,12,13,14,10
356,3,17,0.06229197606444359,player-1,15,17,18,16
356,4,18,0.05933293141424656,player-3,15,18,21,20
356,5,18,0.057499855756759644,player-4,17,18,26,20
356,6,17,0.060167163610458374,player-4,22,18,31,27
356,7,19,0.06700004450976849,player-3,27,24,34,27
356,8,18,0.05983305163681507,player-3,27,33,43,30
356,9,20,0.07683294825255871,player-2,35,43,49,30
356,10,17,0.056165968999266624,player-4,37,49,51,36
356,11,28,0.06424984894692898,none,37,52,52,40
356,12,17,0.06333389319479465,player-2,38,60,56,48
357,1,19,0.062000006437301636,player-1,6,4,3,3
357,2,19,0.05449983291327953,player-2,9,11,9,6
357,3,19,0.06150011904537678,player-3,10,15,22,15
357,4,17,0.052584102377295494,player-2,14,29,23,17
357,5,19,0.061416998505592346,player-1,18,30,24,26
357,6,18,0.06320793181657791,player-1,20,32,27,31
357,7,20,0.06745802238583565,player-4,31,36,43,38
357,8,19,0.049208058044314384,player-4,34,36,52,50
357,9,17,0.0577080063521862,player-3,36,41,64,50
358,1,27,0.05945796146988869,player-1,1,0,3,0
358,2,18,0.06879097782075405,player-1,3,8,6,3
358,3,20,0.0813750084489584,player-4,5,12,17,9
358,4,18,0.06616604514420033,player-3,8,16,21,15
358,5,17,0.05512498319149017,player-3,13,27,23,16
358,6,18,0.05258386954665184,player-1,15,30,30,22
358,7,18,0.06229197606444359,player-2,22,36,32,29
358,8,17,0.05612499080598354,player-2,29,36,33,29
358,9,17,0.06729108281433582,player-3,31,45,38,35
358,10,19,0.05158316344022751,player-2,35,52,39,38
358,11,17,0.06295810453593731,player-1,39,54,39,43
358,12,18,0.06187497638165951,player-3,46,59,53,43
359,1,20,0.07616705261170864,player-2,12,12,6,4
359,2,18,0.05595805123448372,player-1,15,15,11,9
359,3,19,0.050625065341591835,player-3,17,16,11,10
359,4,20,0.05712499842047691,player-1,25,20,15,10
359,5,25,0.07162499241530895,player-3,26,27,20,11
359,6,18,0.056999968364834785,player-1,31,28,23,11
359,7,20,0.06150011904537678,player-4,33,33,30,17
359,8,21,0.04349998198449612,none,35,38,31,17
359,9,17,0.0463749747723341,player-3,37,38,35,17
359,10,17,0.06425008177757263,player-4,43,47,37,22
359,11,19,0.07266690954566002,player-3,46,50,40,30
359,12,21,0.06287498399615288,player-2,48,59,40,31
359,13,20,0.050625065341591835,player-2,48,63,42,33
359,14,17,0.07062498480081558,player-4,53,71,49,33
360,1,19,0.06425008177757263,player-3,5,8,2,5
360,2,17,0.06858306005597115,player-2,9,12,5,12
360,3,17,0.054042087867856026,player-3,9,16,8,15
360,4,20,0.06454205140471458,player-3,12,17,14,22
360,5,17,0.07104198448359966,player-1,17,19,17,22
360,6,27,0.07270905189216137,none,21,29,24,32
360,7,17,0.08016708306968212,player-3,33,37,34,36
360,8,20,0.06687501445412636,player-3,36,37,38,38
360,9,19,0.06154179573059082,player-3,42,45,42,44
360,10,18,0.05345791578292847,player-3,49,49,51,44
361,1,20,0.06387499161064625,player-2,0,7,4,8
361,2,19,0.05124998278915882,player-2,9,11,6,10
361,3,18,0.05233287811279297,player-2,18,15,12,14
361,4,23,0.08816597983241081,player-4,21,17,15,20
361,5,17,0.05474989302456379,player-3,22,24,16,22
361,6,17,0.05579204298555851,player-4,27,26,19,24
361,7,17,0.05425000563263893,player-1,29,40,23,31
361,8,17,0.06595882587134838,player-2,31,40,25,39
361,9,17,0.05666702054440975,player-3,33,44,38,40
361,10,20,0.0825000461190939,player-3,38,46,47,44
361,11,17,0.04433281719684601,player-1,44,46,49,47
361,12,17,0.04841713234782219,player-2,46,53,57,47
362,1,17,0.05337502807378769,player-4,3,8,6,9
362,2,18,0.051208073273301125,player-2,4,20,7,9
362,3,17,0.04987511783838272,player-2,10,23,10,9
362,4,18,0.07508392445743084,player-4,21,25,16,10
362,5,22,0.0627501867711544,player-1,26,31,18,11
362,6,17,0.05429191514849663,player-1,33,32,26,11
362,7,17,0.058625126257538795,player-2,38,42,27,14
362,8,18,0.05495804361999035,player-4,41,49,32,22
362,9,19,0.0577080063521862,player-2,45,50,38,32
362,10,17,0.05550007335841656,player-1,50,54,43,34
362,11,17,0.05083298310637474,player-2,50,60,46,38
362,12,19,0.05233311094343662,player-1,54,63,50,40
363,1,28,0.08445908315479755,none,0,2,12,11
363,2,17,0.067500164732337,player-3,0,9,18,11
363,3,17,0.06391690112650394,player-4,4,13,20,18
363,4,17,0.05487515591084957,player-1,12,16,21,23
363,5,18,0.058125006034970284,player-3,27,24,23,30
363,6,28,0.0649578869342804,player-2,28,32,28,34
363,7,17,0.05720905028283596,player-4,30,37,30,37
363,8,18,0.047833891585469246,player-2,35,41,34,37
363,9,17,0.059416983276605606,player-2,38,49,39,40
363,10,22,0.06500002928078175,player-4,38,57,43,41
363,11,17,0.05433405749499798,player-4,39,62,50,42
364,1,17,0.05791708827018738,player-3,2,4,2,1
364,2,18,0.05587493069469929,player-1,4,11,6,6
364,3,17,0.06570806726813316,player-1,6,18,11,14
364,4,19,0.059165991842746735,player-4,8,25,13,22
364,5,18,0.06291712634265423,player-4,12,35,13,28
364,6,17,0.06625009700655937,player-4,13,38,18,35
364,7,17,0.06841705180704594,player-1,22,39,21,38
364,8,17,0.05337502807378769,player-2,28,43,24,38
364,9,18,0.04533305764198303,player-4,29,44,24,43
364,10,18,0.05283299833536148,player-1,42,46,26,49
364,11,19,0.05320785567164421,player-3,43,52,27,54
365,1,19,0.049999915063381195,player-3,0,2,5,3
365,2,17,0.05925004370510578,player-2,2,8,11,8
365,3,17,0.05616690032184124,player-3,9,10,20,12
365,4,19,0.06445799954235554,player-2,13,17,29,13
365,5,17,0.05266699008643627,player-1,13,17,33,15
365,6,18,0.05487492308020592,player-3,25,19,39,22
365,7,17,0.04595797508955002,player-3,29,19,42,27
365,8,17,0.0566248781979084,player-4,31,30,43,33
365,9,22,0.07333396933972836,player-2,35,40,43,35
365,10,28,0.07075001485645771,none,44,43,46,37
365,11,17,0.057416968047618866,player-3,51,44,52,39
366,1,17,0.056582968682050705,player-1,4,4,3,6
366,2,17,0.057999975979328156,player-2,5,10,8,8
366,3,19,0.04733307287096977,player-1,11,12,10,8
366,4,18,0.06599980406463146,player-1,15,21,10,10
366,5,19,0.06320793181657791,player-3,23,25,13,10
366,6,17,0.06941682659089565,player-2,28,35,18,17
366,7,17,0.04987488500773907,player-3,32,38,24,18
366,8,17,0.052833929657936096,player-4,37,42,31,24
366,9,24,0.08537480607628822,player-4,41,44,40,31
366,10,21,0.05716690793633461,player-2,42,51,41,32
366,11,18,0.05070888437330723,player-4,46,53,43,37
366,12,17,0.0552500132471323,player-4,53,53,53,43
367,1,21,0.061542028561234474,player-1,5,1,2,0
367,2,17,0.0463749747723341,player-2,10,4,9,4
367,3,18,0.052459072321653366,none,10,12,13,9
367,4,17,0.04345807246863842,player-4,13,13,14,11
367,5,17,0.05075009539723396,player-1,15,14,17,15
367,6,18,0.05570799112319946,player-3,20,18,26,17
367,7,17,0.040499959141016006,player-3,20,19,30,22
367,8,17,0.05545793101191521,player-4,26,24,36,34
367,9,17,0.05262484773993492,player-1,31,27,36,37
367,10,18,0.06125005893409252,player-3,32,29,42,37
367,11,20,0.07466692477464676,player-2,40,42,53,39
367,12,29,0.04824995994567871,none,40,42,60,44
368,1,17,0.0753339845687151,player-4,1,5,0,9
368,2,17,0.05483301356434822,player-1,2,7,3,16
368,3,19,0.04904181696474552,player-4,4,10,8,17
368,4,17,0.08116709068417549,player-3,8,12,16,17
368,5,17,0.056541990488767624,player-4,12,16,21,22
368,6,17,0.07579196244478226,player-1,19,16,30,22
368,7,18,0.06641610525548458,player-3,22,23,37,24
368,8,18,0.07745902985334396,player-4,26,25,46,28
368,9,23,0.08558295667171478,player-2,35,32,54,32
368,10,18,0.05441601388156414,player-2,39,37,55,33
368,11,17,0.05979207344353199,player-2,42,41,57,43
368,12,17,0.062417006120085716,player-3,45,45,65,51
369,1,17,0.05704117938876152,player-4,4,3,2,2
369,2,17,0.05475012585520744,player-1,6,5,4,5
369,3,22,0.062417006120085716,player-3,12,6,13,12
369,4,17,0.058499863371253014,player-3,18,8,24,12
369,5,18,0.05795806646347046,player-1,28,9,29,12
369,6,18,0.05191704258322716,player-2,33,11,32,17
369,7,17,0.06787502206861973,player-2,35,16,34,20
369,8,18,0.047459034249186516,player-4,37,19,36,21
369,9,28,0.07258309051394463,player-3,40,21,40,27
369,10,24,0.07599988020956516,player-4,46,24,44,33
369,11,17,0.052582938224077225,player-2,46,30,46,37
369,12,19,0.06116693839430809,player-1,46,34,49,42
369,13,17,0.06708386354148388,player-4,47,37,58,48
370,1,18,0.0688750296831131,player-3,11,9,4,5
370,2,19,0.07054186426103115,player-1,11,9,4,15
370,3,17,0.048708170652389526,player-4,12,9,6,22
370,4,18,0.06729108281433582,player-2,14,12,13,30
370,5,18,0.06716698408126831,player-3,19,13,15,33
370,6,18,0.06587500683963299,player-4,20,19,19,44
370,7,17,0.057042110711336136,player-4,23,22,23,46
370,8,19,0.06945780478417873,player-3,26,25,29,49
370,9,17,0.053999945521354675,player-2,33,27,32,51
370,10,18,0.047084176912903786,player-4,35,29,35,55
370,11,17,0.06733299233019352,player-4,43,29,41,55
370,12,17,0.05170796066522598,player-1,51,29,43,60
370,13,23,0.07183291018009186,player-4,55,31,44,61
370,14,18,0.05600019358098507,player-4,63,31,48,67
371,1,17,0.06095808930695057,player-3,3,9,4,0
371,2,18,0.06395787931978703,player-1,4,16,8,8
371,3,17,0.06516720168292522,player-1,12,18,15,13
371,4,17,0.07579196244478226,player-2,15,29,15,22
371,5,17,0.05783280357718468,player-3,18,30,23,26
371,6,17,0.0700000673532486,player-4,18,30,26,27
371,7,17,0.06633298471570015,player-1,22,33,28,33
371,8,17,0.0599580816924572,player-2,23,42,31,41
371,9,18,0.04916684702038765,player-4,23,44,31,44
371,10,19,0.04779198206961155,player-2,28,46,32,45
371,11,17,0.05054217763245106,player-1,33,47,33,50
371,12,18,0.04520895890891552,player-3,34,48,36,55
372,1,17,0.05179201252758503,player-2,1,6,4,10
372,2,19,0.03791693598031998,none,3,8,8,13
372,3,17,0.05733408033847809,player-4,6,9,14,17
372,4,19,0.06675021722912788,player-3,10,13,22,27
372,5,17,0.06033293902873993,player-2,15,15,25,28
372,6,17,0.06258278153836727,player-3,16,20,31,29
372,7,21,0.053625088185071945,player-4,19,33,32,35
372,8,17,0.05470914766192436,player-1,27,40,35,35
372,9,17,0.05287490785121918,player-2,29,48,38,38
372,10,20,0.05783303640782833,player-2,29,59,45,45
373,1,19,0.05333288572728634,player-3,5,8,14,5
373,2,19,0.056416960433125496,player-4,8,14,14,6
373,3,17,0.046457862481474876,player-3,14,17,16,7
373,4,17,0.051042065024375916,player-4,21,19,21,11
373,5,19,0.050833914428949356,player-3,21,20,27,13
373,6,20,0.057582976296544075,player-1,31,25,31,24
373,7,18,0.0503340270370245,player-4,34,26,31,31
373,8,20,0.05566678009927273,player-3,35,26,39,37
373,9,17,0.04645809531211853,player-1,43,26,40,40
373,10,17,0.06187497638165951,player-2,46,32,42,46
373,11,25,0.0844169408082962,player-3,48,35,52,53
374,1,17,0.09166705422103405,player-2,6,10,5,0
374,2,17,0.08370797149837017,player-3,19,12,23,3
374,3,17,0.07008295506238937,player-4,24,16,25,9
374,4,17,0.06683403626084328,player-1,29,16,31,14
374,5,17,0.05745794624090195,player-2,32,24,31,14
374,6,20,0.046083005145192146,none,32,31,31,16
374,7,25,0.10837498120963573,player-4,36,44,38,20
374,8,18,0.06725010462105274,player-2,36,44,40,26
374,9,19,0.06270897574722767,player-4,38,48,44,28
374,10,19,0.07808301597833633,player-1,47,50,48,42
374,11,17,0.06125005893409252,player-4,50,51,48,50
375,1,17,0.08283299393951893,player-1,4,0,0,3
375,2,18,0.06512505933642387,player-3,4,3,3,10
375,3,18,0.06587500683963299,player-4,5,9,7,16
375,4,18,0.05695805884897709,player-1,10,9,12,21
375,5,18,0.05629099905490875,player-2,13,10,14,21
375,6,20,0.06179092451930046,player-1,15,15,18,26
375,7,23,0.07816706784069538,player-1,20,15,23,35
375,8,18,0.057625118643045425,player-1,29,22,28,39
375,9,18,0.07462501525878906,player-2,37,28,36,47
375,10,20,0.06420910358428955,player-1,46,28,39,51
375,11,17,0.063000014051795,player-3,51,30,46,56
375,12,19,0.08845794945955276,player-2,55,34,49,60
376,1,28,0.07495889440178871,player-4,6,1,0,9
376,2,17,0.054833944886922836,player-2,9,3,3,10
376,3,17,0.05829101428389549,player-3,17,7,6,14
376,4,20,0.060333870351314545,player-3,19,8,9,15
376,5,20,0.06345799192786217,player-4,24,8,10,20
376,6,18,0.07324991747736931,player-3,27,9,13,24
376,7,18,0.053167110309004784,player-4,29,11,13,29
376,8,18,0.0463749747723341,player-1,37,17,17,32
376,9,20,0.06408290937542915,player-4,41,21,21,44
376,10,20,0.06629200652241707,player-1,47,23,25,47
376,11,17,0.06029196083545685,player-3,49,30,26,48
376,12,17,0.05762488581240177,player-4,51,33,30,52
376,13,20,0.0554998405277729,player-4,57,33,38,56
376,14,17,0.07637497037649155,player-2,60,35,40,62
377,1,17,0.05804095417261124,player-2,4,6,0,0
377,2,20,0.05483301356434822,none,4,9,1,3
377,3,20,0.06449990905821323,player-3,5,18,12,6
377,4,17,0.05387491546571255,player-1,8,18,16,11
377,5,18,0.06383308209478855,player-3,10,22,25,11
377,6,22,0.05558319389820099,none,17,22,27,14
377,7,17,0.06362493149936199,player-4,21,27,33,17
377,8,17,0.050083035603165627,player-1,23,29,36,20
377,9,17,0.040708109736442566,player-2,27,31,38,28
377,10,17,0.07679220288991928,player-3,34,31,42,30
377,11,25,0.06529083475470543,none,35,41,50,39
377,12,20,0.0708338338881731,player-4,41,46,56,47
377,13,29,0.07770792581140995,player-2,41,56,60,55
378,1,19,0.059542013332247734,player-1,0,1,7,1
378,2,17,0.059999991208314896,player-4,9,1,16,6
378,3,20,0.05037500523030758,player-4,10,3,16,12
378,4,17,0.06916699931025505,player-2,18,5,24,12
378,5,17,0.06124982610344887,player-3,21,10,28,12
378,6,17,0.057541998103260994,player-4,23,13,28,20
378,7,18,0.07095909677445889,player-2,28,18,30,24
378,8,18,0.062499893829226494,player-3,32,22,31,25
378,9,20,0.05337502807378769,player-2,32,23,33,27
378,10,17,0.04683295264840126,player-4,33,25,33,27
378,11,20,0.054040923714637756,player-4,37,29,33,33
378,12,17,0.054666073992848396,player-2,41,35,43,38
378,13,20,0.07954100146889687,player-2,49,38,52,40
379,1,17,0.060416990891098976,player-4,3,7,1,5
379,2,18,0.0514171551913023,player-2,6,15,1,6
379,3,28,0.06579095497727394,none,8,16,1,9
379,4,17,0.055833952501416206,player-3,10,19,8,9
379,5,20,0.07916591130197048,player-3,12,19,18,18
379,6,17,0.05145883187651634,player-1,16,22,20,23
379,7,19,0.061499886214733124,player-4,16,24,22,32
379,8,17,0.04712492227554321,player-3,19,29,24,34
379,9,17,0.056625111028552055,player-4,22,31,27,36
379,10,18,0.06541702896356583,player-2,30,36,32,38
379,11,18,0.05329190753400326,player-3,33,38,44,38
379,12,17,0.07045897655189037,player-3,40,43,48,41
379,13,17,0.07441709749400616,player-4,44,48,53,44
379,14,19,0.06570899859070778,player-3,44,53,62,44
380,1,18,0.07108296267688274,player-1,3,4,7,8
380,2,17,0.04462478682398796,player-1,8,5,8,8
380,3,21,0.07587508298456669,player-2,13,10,9,13
380,4,17,0.05974993109703064,player-3,13,15,15,15
380,5,18,0.04683411680161953,player-1,16,16,15,16
380,6,20,0.059125013649463654,player-4,18,18,22,18
380,7,17,0.04933401942253113,player-2,19,22,26,19
380,8,17,0.046083005145192146,player-3,21,23,30,23
380,9,18,0.05154102109372616,player-1,27,24,34,25
380,10,17,0.054416945204138756,player-1,33,27,36,27
380,11,25,0.05833315663039684,none,33,31,39,31
380,12,18,0.05825003609061241,player-4,36,33,45,40
380,13,17,0.046999892219901085,player-4,39,38,47,46
380,14,17,0.05850009620189667,player-1,45,45,54,50
380,15,17,0.05291705019772053,player-2,48,50,54,61
381,1,18,0.0624579843133688,player-4,0,11,2,6
381,2,17,0.05687493830919266,player-4,0,16,14,14
381,3,25,0.07620803080499172,player-1,4,17,17,18
381,4,17,0.04262477159500122,player-2,8,19,21,18
381,5,20,0.05608308129012585,player-2,14,24,26,18
381,6,17,0.042125117033720016,player-4,15,24,29,23
381,7,18,0.05237502045929432,player-2,24,27,29,25
381,8,17,0.0707919243723154,player-2,27,31,34,34
381,9,17,0.05691591650247574,player-3,27,32,49,37
381,10,20,0.052459072321653366,player-3,29,38,52,38
381,11,19,0.05300017073750496,player-3,34,44,56,40
381,12,17,0.06137508898973465,player-2,40,47,63,49
382,1,18,0.05387491546571255,player-1,2,1,2,3
382,2,17,0.0594588927924633,player-1,11,3,7,4
382,3,18,0.05862489342689514,player-3,15,6,10,7
382,4,18,0.04379195161163807,player-4,16,8,16,14
382,5,18,0.058333855122327805,player-1,22,12,20,20
382,6,17,0.0624579843133688,player-1,27,14,28,22
382,7,17,0.0724999699741602,player-2,27,28,34,26
382,8,18,0.05675014108419418,player-4,27,28,41,30
382,9,18,0.0707919243723154,player-1,38,35,43,40
382,10,17,0.08099991828203201,player-1,38,39,45,46
382,11,19,0.09062490426003933,player-4,40,44,51,54
382,12,17,0.06533297710120678,player-3,46,48,63,58
383,1,19,0.04908395931124687,player-1,4,0,3,5
383,2,21,0.04533305764198303,player-4,7,2,4,12
383,3,17,0.05224999040365219,player-1,10,2,11,25
383,4,17,0.04912517033517361,player-2,14,7,14,30
383,5,17,0.06787502206861973,player-3,21,12,18,35
383,6,20,0.06949994713068008,player-3,28,12,32,38
383,7,17,0.058584148064255714,player-1,35,12,36,39
383,8,17,0.0466248020529747,player-2,35,19,38,41
383,9,17,0.056333839893341064,player-3,42,26,42,45
383,10,21,0.05170912481844425,none,42,30,46,45
383,11,26,0.06670900620520115,player-2,46,31,48,45
383,12,17,0.05983305163681507,player-2,46,33,56,51
384,1,19,0.06600003689527512,player-2,7,3,2,2
384,2,26,0.0754999928176403,player-2,14,7,7,2
384,3,17,0.0541249755769968,player-2,19,11,14,8
384,4,19,0.05312520079314709,player-1,28,20,16,10
384,5,19,0.06591598503291607,player-2,38,20,16,12
384,6,17,0.059416983276605606,player-1,45,25,19,18
384,7,17,0.04812516272068024,player-2,47,35,20,20
384,8,17,0.05395803600549698,player-3,47,40,26,21
384,9,26,0.08329120464622974,player-1,67,43,34,27
385,1,19,0.06254203617572784,player-4,6,2,0,0
385,2,23,0.047084176912903786,none,8,3,2,3
385,3,17,0.04549999721348286,player-4,12,5,9,10
385,4,17,0.06387499161064625,player-1,16,7,11,13
385,5,17,0.04258309490978718,player-2,18,9,14,13
385,6,18,0.062333885580301285,player-4,21,12,15,26
385,7,20,0.05825003609061241,player-3,21,12,23,30
385,8,17,0.04175002686679363,player-1,26,12,23,35
385,9,18,0.054540811106562614,player-3,26,17,28,35
385,10,19,0.051582930609583855,player-1,29,21,34,44
385,11,17,0.0627920962870121,player-4,31,26,34,51
385,12,24,0.06591691635549068,player-4,33,29,38,51
385,13,28,0.09200000204145908,player-1,34,36,42,62
385,14,22,0.07554213516414165,player-4,45,49,52,73
386,1,17,0.06516603752970695,player-1,9,3,2,6
386,2,19,0.06033293902873993,player-4,15,5,5,14
386,3,17,0.05375011824071407,player-3,17,5,19,20
386,4,19,0.06270804442465305,player-2,20,9,20,24
386,5,19,0.05641579627990723,player-3,23,10,24,26
386,6,18,0.06154109723865986,player-3,27,23,35,30
386,7,17,0.05487492308020592,player-3,34,26,40,30
386,8,17,0.04216679371893406,player-4,34,28,40,34
386,9,17,0.05341600626707077,player-1,38,33,44,37
386,10,19,0.05420902743935585,player-4,42,35,44,40
386,11,18,0.0461251474916935,player-4,45,37,48,46
386,12,19,0.05075009539723396,player-2,49,40,51,47
387,1,17,0.05145790055394173,player-3,12,5,2,5
387,2,18,0.04495796747505665,player-1,19,8,2,6
387,3,17,0.0655842013657093,player-1,24,10,2,10
387,4,17,0.059167155995965004,player-2,34,13,2,15
387,5,23,0.05466700531542301,player-1,39,14,3,20
387,6,17,0.0730000901967287,player-4,47,17,9,27
387,7,18,0.06500002928078175,player-2,49,25,11,30
387,8,17,0.05329214036464691,player-2,51,28,12,33
387,9,17,0.045625027269124985,player-3,51,28,25,42
387,10,17,0.05579204298555851,player-4,56,32,26,46
387,11,19,0.055416952818632126,player-3,58,34,30,49
387,12,18,0.057374825701117516,player-3,68,38,36,51
388,1,17,0.049084192141890526,player-3,2,1,4,2
388,2,17,0.0635830219835043,player-4,4,4,6,7
388,3,17,0.052582938224077225,player-1,9,6,13,9
388,4,17,0.07462501525878906,player-2,14,13,17,14
388,5,27,0.06829202175140381,player-1,26,15,22,14
388,6,20,0.07179193198680878,player-3,28,21,27,16
388,7,17,0.07183291018009186,player-1,37,28,34,27
388,8,20,0.07766601629555225,player-1,44,34,36,29
388,9,17,0.06600003689527512,player-3,48,44,46,33
388,10,33,0.11329096741974354,none,61,49,52,40
389,1,17,0.07066689431667328,player-1,3,3,4,2
389,2,17,0.04787510260939598,player-2,3,9,6,2
389,3,18,0.05308398976922035,player-4,5,14,14,6
389,4,20,0.06308313459157944,player-3,5,18,17,7
389,5,19,0.05083298310637474,player-3,9,21,26,8
389,6,18,0.08433405309915543,player-3,15,22,35,12
389,7,29,0.0787908211350441,player-3,15,22,41,19
389,8,24,0.063000014051795,player-3,16,25,44,22
389,9,21,0.05429214797914028,player-1,21,25,46,25
389,10,19,0.05529099144041538,player-4,24,26,48,29
389,11,17,0.05220901221036911,player-3,33,33,50,33
389,12,17,0.06762496195733547,player-4,39,35,53,34
389,13,17,0.0588330440223217,player-1,42,47,55,40
389,14,17,0.05887518636882305,player-2,47,49,60,42
390,1,17,0.05974993109703064,player-1,1,3,1,5
390,2,18,0.06987503729760647,player-3,9,4,8,5
390,3,18,0.0499580055475235,player-4,9,4,13,16
390,4,19,0.06070802919566631,player-2,15,7,16,17
390,5,19,0.07400009781122208,player-3,19,19,22,19
390,6,17,0.06262492388486862,player-2,22,25,26,25
390,7,18,0.07933401502668858,player-4,22,31,31,40
390,8,19,0.06116693839430809,player-2,23,33,32,45
390,9,17,0.07008295506238937,player-1,32,34,37,46
390,10,19,0.06366590969264507,player-4,33,38,39,52
390,11,17,0.08070794865489006,player-3,43,41,53,54
390,12,19,0.06449990905821323,player-2,43,45,55,57
391,1,20,0.06466591730713844,player-4,11,2,3,2
391,2,19,0.06366684101521969,player-4,13,4,7,4
391,3,18,0.07479102350771427,player-4,24,6,17,10
391,4,17,0.05666702054440975,player-4,30,6,20,15
391,5,17,0.04187482409179211,player-1,36,6,22,15
391,6,19,0.07533305324614048,player-4,44,8,29,16
391,7,23,17.162291100248694,player-1,44,16,31,23
391,8,17,0.05283299833536148,player-4,44,20,31,26
391,9,17,0.06970786489546299,player-1,54,21,34,36
391,10,18,0.06183306686580181,player-3,56,25,36,37
391,11,18,0.0527920201420784,player-4,56,30,36,44
391,12,17,0.05212496034801006,player-4,58,33,39,45
391,13,17,0.05216686986386776,player-1,60,34,41,48
392,1,19,0.059125013649463654,player-2,2,8,9,8
392,2,23,0.06254110485315323,player-3,5,16,11,10
392,3,17,0.07258402183651924,player-2,7,21,16,17
392,4,17,0.0527501106262207,player-3,7,25,20,23
392,5,17,0.04650000482797623,player-4,11,27,24,26
392,6,17,0.03933301195502281,none,15,27,26,31
392,7,19,0.055999960750341415,player-4,19,41,33,32
392,8,20,0.04970910958945751,player-2,20,48,34,32
392,9,23,0.06383308209478855,player-2,20,60,34,40
393,1,18,0.05583278834819794,player-2,1,4,3,0
393,2,18,0.04841713234782219,player-3,9,6,10,4
393,3,19,0.05829101428389549,player-1,14,8,12,9
393,4,17,0.06845803000032902,player-4,23,15,21,19
393,5,17,0.055625103414058685,player-1,25,18,24,27
393,6,19,0.058582983911037445,player-4,29,20,25,34
393,7,17,0.08245790377259254,player-3,31,24,35,41
393,8,18,0.042250147089362144,player-1,35,27,36,43
393,9,17,0.058957841247320175,player-1,41,27,38,45
393,10,19,0.045459019020199776,player-4,42,28,43,47
393,11,17,0.05100015550851822,player-3,44,31,45,51
393,12,18,0.059125013649463654,player-1,47,32,47,53
393,13,18,0.04358380101621151,player-2,51,39,51,57
394,1,17,0.04579196684062481,player-1,4,5,1,4
394,2,17,0.09058299474418163,player-2,6,10,3,8
394,3,17,0.07870793342590332,player-3,13,15,6,15
394,4,27,0.060165999457240105,none,13,15,7,17
394,5,19,0.06679189391434193,player-3,15,16,8,20
394,6,18,0.05537504330277443,player-3,19,20,13,21
394,7,20,0.0742089468985796,player-2,23,29,19,28
394,8,18,0.06250012665987015,player-1,30,36,19,29
394,9,18,0.06787502206861973,player-2,32,37,23,33
394,10,18,0.06216578185558319,player-3,38,42,30,37
394,11,17,0.0652919989079237,player-3,42,42,36,44
394,12,18,0.07262500002980232,player-1,43,48,36,49
394,13,17,0.063000014051795,player-1,47,50,39,54
395,1,17,0.07129181176424026,player-2,2,9,0,6
395,2,17,0.06229104474186897,player-3,5,9,12,7
395,3,18,0.057167140766978264,player-1,7,13,13,8
395,4,18,0.05374988541007042,player-2,8,17,14,12
395,5,19,0.06654206663370132,player-4,11,23,18,14
395,6,17,0.06795814260840416,player-3,21,29,28,16
395,7,23,0.06645894609391689,none,24,31,29,18
395,8,17,0.0575000885874033,player-1,27,33,31,21
395,9,18,0.06162491627037525,player-3,30,34,36,23
395,10,19,0.060125021263957024,player-1,34,35,37,26
395,11,17,0.07420801557600498,player-4,34,37,42,37
395,12,17,0.05075009539723396,player-1,40,42,48,41
395,13,30,0.06762496195733547,player-3,41,46,58,43
395,14,17,0.05433312617242336,player-3,44,46,65,46
396,1,17,0.06187497638165951,player-3,5,9,8,5
396,2,17,0.0730419997125864,player-4,9,15,15,7
396,3,15,0.03300001844763756,none,12,18,15,7
396,4,17,0.059999991208314896,player-2,15,24,19,10
396,5,17,0.0612910371273756,player-3,18,24,26,17
396,6,17,0.05475012585520744,player-4,24,24,36,22
396,7,17,0.046625034883618355,player-1,28,27,40,23
396,8,17,0.04937499761581421,player-2,32,30,41,25
396,9,19,0.04566693678498268,player-1,40,31,44,27
396,10,19,0.06929109804332256,player-2,45,36,46,29
396,11,20,0.06208405829966068,player-4,49,36,46,37
396,12,18,0.051208073273301125,player-3,52,37,55,38
397,1,18,0.06087496876716614,player-3,0,4,9,2
397,2,17,0.060208141803741455,player-3,4,9,18,2
397,3,19,0.06116693839430809,player-2,7,13,21,8
397,4,17,0.0588330440223217,player-1,11,13,24,13
397,5,18,0.057958997786045074,player-3,18,14,33,14
397,6,24,0.06437511183321476,player-2,19,21,37,15
397,7,17,0.05183415487408638,player-4,19,23,40,22
397,8,17,0.058833975344896317,player-1,27,29,45,34
397,9,17,0.053999945521354675,player-2,33,30,49,36
397,10,21,0.06337487138807774,player-3,36,31,54,43
397,11,18,0.062125036492943764,player-1,46,38,61,49
398,1,18,0.0499580055475235,player-3,2,5,4,2
398,2,18,0.06466708146035671,player-4,4,5,5,12
398,3,20,0.047083012759685516,none,4,7,7,16
398,4,18,0.05212496034801006,player-2,10,8,11,19
398,5,17,0.06341678090393543,player-2,10,15,12,21
398,6,20,0.08983304724097252,player-2,24,23,15,26
398,7,17,0.06070802919566631,player-4,26,25,18,26
398,8,17,0.06070802919566631,player-1,36,25,22,29
398,9,19,0.06220792420208454,player-4,46,29,29,30
398,10,17,0.08312496356666088,player-3,60,29,47,33
399,1,17,0.05466700531542301,player-1,4,1,4,3
399,2,17,0.073583098128438,player-2,10,7,10,6
399,3,17,0.05733408033847809,player-3,12,12,16,6
399,4,18,0.053916824981570244,player-1,13,13,20,8
399,5,17,0.07016584277153015,player-1,14,20,22,16
399,6,17,0.05733291618525982,player-2,14,26,23,18
399,7,17,0.058165984228253365,player-3,19,26,26,22
399,8,17,0.05395803600549698,player-4,23,30,30,29
399,9,17,0.062042148783802986,player-1,26,31,34,30
399,10,18,0.062000006437301636,player-3,29,32,45,32
399,11,20,0.07391581311821938,player-2,31,45,50,43
399,12,17,0.0577080063521862,player-4,32,54,54,49
400,1,19,0.06308406591415405,player-3,4,1,8,3
400,2,17,0.10812492109835148,player-2,12,2,11,6
400,3,17,0.0688750296831131,player-3,12,6,30,17
400,4,21,0.0780841801315546,player-4,13,8,38,20
400,5,29,0.08591613732278347,none,25,10,39,22
400,6,17,0.06291712634265423,player-2,29,16,42,25
400,7,17,0.05241716280579567,player-3,29,18,46,27
400,8,19,0.06045796908438206,player-2,33,24,46,32
400,9,17,0.06562494672834873,player-1,36,28,50,36
400,10,20,0.06458396092057228,player-1,42,31,50,38
400,11,18,0.05779089406132698,player-4,51,36,52,43
401,1,17,0.05837506614625454,player-3,4,3,7,2
401,2,17,0.05837506614625454,player-4,6,9,11,7
401,3,17,0.06945803761482239,player-1,11,15,11,11
401,4,17,0.06170803681015968,player-2,15,23,13,15
401,5,17,0.07745809853076935,player-3,21,25,21,15
401,6,18,0.07337494753301144,player-1,25,27,21,25
401,7,18,0.08391705341637135,player-2,27,30,29,29
401,8,17,0.05879206582903862,player-2,31,41,33,29
401,9,17,0.06720796227455139,player-3,31,42,48,32
401,10,21,0.07004197686910629,player-4,34,44,48,37
401,11,17,0.048582907766103745,player-1,42,45,48,40
401,12,18,0.07354211993515491,player-3,42,54,55,45
401,13,17,0.057584140449762344,player-3,44,59,63,47
402,1,17,0.05991710349917412,player-2,7,4,2,0
402,2,20,0.06420910358428955,player-2,9,10,8,4
402,3,17,0.062125036492943764,player-4,12,11,10,10
402,4,23,0.08700019679963589,player-3,18,26,13,12
402,5,17,0.04933308809995651,player-2,20,31,13,12
402,6,18,0.06366707384586334,player-4,24,35,18,13
402,7,17,0.04545808769762516,player-4,26,36,19,20
402,8,17,0.0499580055475235,player-1,35,37,19,20
402,9,17,0.04987488500773907,player-2,37,47,23,22
402,10,18,0.05550007335841656,player-4,41,49,25,26
402,11,21,0.08054194040596485,player-4,54,55,26,34
402,12,18,0.05012517794966698,player-2,56,55,33,45
403,1,17,0.060999998822808266,player-2,9,2,7,0
403,2,19,0.073583098128438,player-1,15,6,16,2
403,3,17,0.06187497638165951,player-4,15,12,17,11
403,4,17,0.06654206663370132,player-1,21,14,24,15
403,5,17,0.042125117033720016,player-2,26,17,25,17
403,6,19,0.06941682659089565,player-1,31,24,36,23
403,7,17,0.060499878600239754,player-4,32,31,40,28
403,8,18,0.06429222412407398,player-2,32,36,42,29
403,9,17,0.057999975979328156,player-2,37,37,44,31
403,10,21,0.07304106839001179,player-3,41,43,50,36
403,11,17,0.06445893086493015,player-4,41,52,57,38
403,12,18,0.06400002166628838,player-2,45,52,59,38
404,1,17,0.051083043217659,player-1,4,3,5,2
404,2,19,0.09583309292793274,player-4,10,6,15,19
404,3,22,0.06083399057388306,player-4,10,10,15,22
404,4,20,0.06337487138807774,player-3,13,11,30,30
404,5,19,0.06466684862971306,player-3,22,18,41,30
404,6,20,0.062167178839445114,player-1,32,24,45,38
404,7,21,0.055416952818632126,player-3,34,28,49,39
404,8,19,0.05508284084498882,player-2,37,32,54,46
404,9,23,0.0580840278416872,player-3,42,35,57,52
404,10,17,0.09170803241431713,player-2,48,40,62,61
405,1,18,0.07895892485976219,player-4,2,7,5,8
405,2,19,0.08654105477035046,player-2,15,21,8,9
405,3,17,0.04887511022388935,player-1,23,21,9,11
405,4,17,0.04624994471669197,player-2,27,24,11,15
405,5,20,0.05308305844664574,player-2,34,30,13,15
405,6,19,0.06766594015061855,player-2,36,31,20,18
405,7,23,0.07258309051394463,player-3,44,34,30,20
405,8,20,0.0802499707788229,player-1,51,36,31,21
405,9,17,0.07920898497104645,player-3,51,40,38,21
405,10,19,0.05312496796250343,player-2,54,42,41,22
405,11,18,0.059791840612888336,player-2,57,47,41,25
405,12,17,0.07516704499721527,player-2,61,53,46,25
406,1,20,0.07366691716015339,player-1,9,3,11,0
406,2,18,0.06754114292562008,player-4,12,8,17,7
406,3,17,0.07100007496774197,player-4,17,10,22,11
406,4,17,0.07533305324614048,player-1,22,10,30,17
406,5,18,0.058999983593821526,player-3,25,16,33,19
406,6,17,0.06845803000032902,player-3,26,19,39,24
406,7,17,0.05845795385539532,player-4,28,24,44,25
406,8,17,0.057040946558117867,player-1,32,29,48,31
406,9,18,0.06500002928078175,player-3,37,31,53,33
406,10,17,0.04437495954334736,player-3,38,32,59,33
406,11,18,0.07283315062522888,player-1,47,36,61,37
407,1,18,0.06424984894692898,player-3,0,16,5,0
407,2,22,0.04879082553088665,player-4,0,17,6,2
407,3,18,0.06554205901920795,player-1,4,19,13,5
407,4,18,0.07062498480081558,player-2,20,21,16,10
407,5,17,0.08012494072318077,player-2,24,31,19,17
407,6,17,0.06816606037318707,player-3,24,33,24,19
407,7,18,0.03791693598031998,none,28,33,24,19
407,8,20,0.054459087550640106,player-4,34,39,29,24
407,9,19,0.0891250092536211,player-4,35,41,31,29
407,10,17,0.09320792742073536,player-3,38,46,34,29
407,11,17,0.08387491106987,player-4,41,50,34,34
407,12,22,0.07387506775557995,player-2,45,52,34,34
407,13,17,0.08850009180605412,player-2,45,54,42,39
407,14,20,0.05566701292991638,player-2,47,58,45,41
407,15,17,0.07670815102756023,player-4,49,66,48,51
408,1,18,0.058167148381471634,player-2,2,2,5,3
408,2,18,0.04154187627136707,none,2,6,13,4
408,3,19,0.06883405148983002,player-1,4,8,18,5
408,4,18,0.055999960750341415,player-1,10,10,18,6
408,5,19,0.05833315663039684,player-3,12,13,23,7
408,6,20,0.04658312536776066,none,14,14,23,10
408,7,17,0.13866694644093513,player-3,14,16,28,14
408,8,18,0.16779103316366673,player-1,15,18,31,21
408,9,18,0.0715828500688076,player-2,22,24,35,23
408,10,18,0.09125005453824997,player-3,25,28,39,29
408,11,18,0.08033309131860733,player-4,31,34,49,34
408,12,18,0.0577499158680439,player-1,37,38,50,39
408,13,19,0.0991669949144125,player-3,46,50,51,51
409,1,20,0.06258301436901093,player-1,6,0,4,0
409,2,19,0.06470899097621441,player-1,19,3,14,7
409,3,17,0.06208312697708607,player-4,23,5,15,8
409,4,17,0.047042034566402435,player-1,27,7,17,11
409,5,17,0.05187513306736946,player-2,28,15,17,13
409,6,19,0.06174994632601738,player-1,31,16,17,13
409,7,17,0.054915901273489,player-4,34,18,22,18
409,8,19,0.05829194560647011,player-3,37,25,25,25
409,9,19,0.05516689270734787,player-4,39,26,28,29
409,10,17,0.061916885897517204,player-3,44,30,37,29
409,11,17,0.059416983276605606,player-4,51,31,48,31
409,12,17,0.07162499241530895,player-1,54,37,48,39
410,1,18,0.07366598583757877,player-3,11,3,7,7
410,2,19,0.05725002847611904,player-1,15,3,9,13
410,3,17,0.04358310252428055,player-4,17,5,16,18
410,4,17,0.06504193879663944,player-1,22,9,21,27
410,5,18,0.044250162318348885,player-3,24,9,22,28
410,6,19,0.07904111407697201,player-1,33,16,30,41
410,7,17,0.053541967645287514,player-4,44,19,38,49
410,8,18,0.06991601549088955,player-2,52,26,38,52
410,9,17,0.05904119461774826,player-2,57,29,43,58
411,1,17,0.059208134189248085,player-2,4,0,3,8
411,2,21,0.07729209028184414,player-3,10,2,6,13
411,3,17,0.04387483932077885,player-4,10,3,9,17
411,4,23,0.07787486538290977,player-3,21,9,18,17
411,5,18,0.054208096116781235,player-3,21,15,25,21
411,6,21,0.05645886994898319,player-3,22,15,29,21
411,7,17,0.05908403545618057,player-4,24,22,31,25
411,8,17,0.050416914746165276,player-1,34,26,34,28
411,9,18,0.04312489181756973,player-3,34,32,43,28
411,10,17,0.0639590434730053,player-3,41,36,50,32
411,11,17,0.049999915063381195,player-4,42,40,51,35
411,12,18,0.06733392365276814,player-2,42,45,54,43
411,13,32,0.10175001807510853,player-1,54,60,76,47
412,1,17,0.05858391523361206,player-3,4,4,4,3
412,2,17,0.04075001925230026,none,4,4,5,4
412,3,17,0.04975008778274059,player-1,9,4,8,9
412,4,18,0.06087496876716614,player-3,9,11,16,12
412,5,17,0.055582961067557335,player-3,11,11,23,12
412,6,22,0.05716690793633461,player-1,19,13,23,15
412,7,17,0.045416876673698425,player-1,22,13,26,16
412,8,17,0.053208088502287865,player-2,30,21,27,20
412,9,18,0.07008295506238937,player-4,32,23,27,25
412,10,18,0.04516704939305782,player-1,33,24,28,31
412,11,17,0.07045897655189037,player-1,37,25,28,38
412,12,20,0.05274987779557705,player-1,43,30,28,38
412,13,19,0.05983305163681507,player-1,45,32,31,39
412,14,17,0.07695797830820084,player-4,49,34,37,45
412,15,21,0.07470790296792984,player-1,57,38,40,50
412,16,18,0.0527920201420784,player-3,57,40,46,52
413,1,20,0.06866594776511192,player-1,7,9,3,5
413,2,17,0.04724995233118534,player-3,9,13,7,6
413,3,19,0.06254087202250957,player-2,10,20,14,10
413,4,20,0.0677080824971199,player-4,14,24,17,15
413,5,17,0.055167125537991524,player-2,17,28,17,19
413,6,17,0.0491670798510313,player-3,23,31,30,21
413,7,17,0.056208111345767975,player-4,27,35,34,21
413,8,17,0.07054093293845654,player-1,28,38,40,29
413,9,22,0.06599980406463146,player-3,34,50,43,37
413,10,17,0.05683302879333496,player-3,34,55,52,44
413,11,17,0.05216686986386776,player-4,38,58,55,48
414,1,17,0.0691248569637537,player-2,4,8,7,0
414,2,17,0.05433312617242336,player-3,8,10,11,0
414,3,17,0.05087489262223244,player-4,12,10,18,6
414,4,18,0.05908403545618057,player-2,21,13,26,8
414,5,18,0.060542020946741104,player-3,21,27,29,11
414,6,17,0.058833975344896317,player-3,23,33,32,14
414,7,34,0.06983405910432339,none,23,36,34,14
414,8,17,0.05087489262223244,player-1,26,39,37,15
414,9,17,0.08537503890693188,player-2,39,46,47,26
414,10,17,0.06920890882611275,player-3,47,55,51,33
414,11,19,0.05866703577339649,player-2,50,58,51,36
415,1,19,0.062125036492943764,player-3,0,1,7,9
415,2,17,0.05708308890461922,player-2,3,6,13,9
415,3,18,0.04970794543623924,player-4,7,10,15,9
415,4,17,0.06208312697708607,player-4,7,16,20,15
415,5,17,0.07029110565781593,player-1,16,17,23,18
415,6,26,0.07316702976822853,player-3,21,23,25,19
415,7,17,0.04608393646776676,player-3,21,26,27,19
415,8,17,0.06808293983340263,player-4,25,34,28,25
415,9,19,0.07450021803379059,player-3,33,37,40,30
415,10,18,0.07212511263787746,player-3,36,42,44,35
415,11,17,0.05504186265170574,player-3,40,49,46,37
415,12,20,0.07454212754964828,player-3,41,60,50,41
416,1,26,0.06508384831249714,player-4,6,4,3,7
416,2,18,0.04495796747505665,player-1,16,6,6,9
416,3,17,0.06374996155500412,player-1,23,7,9,12
416,4,17,0.06566708907485008,player-2,32,15,10,19
416,5,18,0.07520802319049835,player-4,39,22,17,25
416,6,27,0.08504209108650684,player-2,45,37,17,25
416,7,17,0.058125006034970284,player-1,47,39,29,29
416,8,21,0.05450006574392319,player-2,52,45,31,37
416,9,20,0.07195817306637764,player-2,56,53,32,43
416,10,17,0.04395795986056328,player-4,58,53,39,46
416,11,20,0.06391690112650394,player-4,66,56,41,55
417,1,17,0.05791708827018738,player-1,6,6,2,4
417,2,17,0.07366598583757877,player-2,19,13,9,7
417,3,17,0.05358317866921425,player-3,22,17,16,7
417,4,17,0.04437495954334736,player-4,24,21,21,8
417,5,19,0.06674998439848423,player-3,24,29,22,8
417,6,19,0.05533290095627308,player-4,26,30,26,11
417,7,17,0.07645785808563232,player-3,26,31,28,21
417,8,19,0.0688750296831131,player-2,27,36,38,24
417,9,17,0.04929210990667343,player-1,32,36,40,27
417,10,24,0.07066689431667328,player-1,46,48,50,35
417,11,26,0.07241591811180115,none,50,53,55,45
418,1,19,0.07058307528495789,player-3,3,12,1,0
418,2,19,0.058416975662112236,player-4,3,23,6,12
418,3,18,0.0588749535381794,player-4,7,27,12,16
418,4,17,0.052999937906861305,player-4,10,31,12,27
418,5,18,0.07237517274916172,player-2,16,41,12,31
418,6,17,0.05079200491309166,player-2,21,44,18,42
418,7,17,0.052582938224077225,player-3,25,48,20,42
418,8,24,0.07475004531443119,player-3,28,55,23,50
419,1,18,0.059999991208314896,player-2,7,0,3,4
419,2,27,0.06924988701939583,player-4,8,4,9,5
419,3,17,0.06437511183321476,player-3,9,12,17,10
419,4,18,0.06795907393097878,player-1,12,15,19,12
419,5,20,0.055833952501416206,player-4,12,19,25,15
419,6,19,0.06983312778174877,player-4,12,37,26,25
419,7,18,0.07383315823972225,player-4,20,41,33,26
419,8,18,0.05179201252758503,player-1,24,41,40,30
419,9,17,0.06691599264740944,player-1,33,49,41,31
419,10,17,0.057625118643045425,player-2,35,50,44,39
419,11,19,0.06866687908768654,player-1,38,58,53,44
420,1,18,0.06874999962747097,player-4,7,0,2,6
420,2,21,0.049625057727098465,player-4,9,1,6,9
420,3,18,0.061542028561234474,player-2,12,5,6,12
420,4,17,0.055165961384773254,player-2,16,8,12,14
420,5,18,0.05024997517466545,player-4,21,14,14,20
420,6,17,0.047584064304828644,player-4,22,17,14,29
420,7,18,0.06066705100238323,player-2,30,27,21,31
420,8,17,0.04375004209578037,player-2,31,29,23,35
420,9,17,0.048999907448887825,player-3,38,30,24,35
420,10,18,0.05208305083215237,player-1,41,30,28,37
420,11,22,0.06545800715684891,player-2,45,38,29,41
420,12,17,0.037082936614751816,none,45,41,31,43
420,13,18,0.05329190753400326,player-4,45,43,33,45
420,14,22,0.060542020946741104,none,49,45,36,49
420,15,25,0.0705420970916748,player-1,51,48,40,52
421,1,17,0.04341593012213707,player-3,2,3,3,1
421,2,19,0.05495804361999035,player-2,3,9,5,4
421,3,21,0.06579188629984856,player-1,4,13,11,6
421,4,21,0.0575000885874033,player-2,6,14,15,10
421,5,17,0.06387499161064625,player-3,8,17,24,13
421,6,21,0.055416952818632126,player-4,8,20,27,18
421,7,17,0.05083298310637474,player-1,14,23,31,22
421,8,17,0.047582900151610374,player-2,14,29,35,26
421,9,17,0.05691708065569401,player-3,19,30,38,27
421,10,17,0.06091711111366749,player-4,23,39,38,34
421,11,19,0.06683310493826866,player-3,33,39,40,35
421,12,17,0.07162499241530895,player-2,45,47,42,41
421,13,17,0.054625095799565315,player-3,52,56,46,43
421,14,23,0.07591699250042439,player-2,52,59,57,56
422,1,18,0.056999968364834785,player-4,1,2,2,8
422,2,18,0.0477079302072525,player-1,11,3,4,9
422,3,20,0.0738329254090786,player-4,13,7,8,18
422,4,27,0.06741611286997795,none,17,8,12,20
422,5,18,0.07962482050061226,player-4,20,10,17,26
422,6,17,0.05933293141424656,player-4,25,20,26,30
422,7,17,0.05512521602213383,player-1,39,21,31,36
422,8,18,0.06449990905821323,player-3,42,32,33,43
422,9,18,0.043416861444711685,player-4,44,32,35,48
422,10,20,0.09295810014009476,player-3,44,44,35,64
423,1,19,0.06970809772610664,player-1,6,4,8,4
423,2,17,0.05520787090063095,player-4,8,5,11,6
423,3,17,0.06187520921230316,player-1,13,8,15,6
423,4,19,0.06404216401278973,player-4,17,13,16,9
423,5,17,0.06374996155500412,player-3,19,14,24,14
423,6,17,0.06708293221890926,player-4,19,28,26,21
423,7,17,0.04695914685726166,player-1,30,31,29,28
423,8,18,0.05450006574392319,player-3,39,34,33,28
423,9,18,0.05466584116220474,player-4,43,34,36,30
423,10,18,0.05445815622806549,player-1,57,36,37,34
423,11,20,0.06183306686580181,player-4,59,38,45,40
424,1,17,0.04537519998848438,player-3,7,4,4,0
424,2,17,0.049833906814455986,player-4,10,10,7,4
424,3,20,0.06362493149936199,player-4,11,15,10,10
424,4,17,0.05366699770092964,player-2,11,21,13,18
424,5,17,0.04712492227554321,player-3,12,26,16,18
424,6,18,0.05845795385539532,player-1,21,30,16,24
424,7,17,0.050833914428949356,player-1,22,30,16,24
424,8,18,0.05329097621142864,player-3,26,31,23,26
424,9,19,0.05308282561600208,player-1,31,34,25,26
424,10,18,0.052833929657936096,player-1,32,36,27,35
424,11,17,0.049083027988672256,player-1,39,38,32,37
424,12,19,0.06070802919566631,player-4,44,48,40,49
424,13,19,0.05950010381639004,player-1,53,52,47,52
425,1,17,0.06666709668934345,player-1,13,2,3,4
425,2,18,0.051083043217659,player-3,17,7,7,6
425,3,17,0.06708293221890926,player-3,18,7,22,16
425,4,19,0.06241584196686745,player-2,28,11,22,25
425,5,17,0.06712507456541061,player-1,33,11,24,25
425,6,18,0.05112495273351669,player-3,37,14,26,29
425,7,17,0.051040900871157646,player-3,38,19,36,30
425,8,28,0.07158308289945126,player-3,38,19,47,36
425,9,17,0.05516689270734787,player-1,41,24,47,36
425,10,17,0.05324999801814556,player-2,41,29,58,39
425,11,19,0.05825003609061241,player-1,45,32,64,46
426,1,17,0.06379187107086182,player-2,5,12,1,4
426,2,17,0.0588749535381794,player-3,7,22,6,7
426,3,20,0.06308290176093578,player-3,13,25,13,10
426,4,18,0.0627920962870121,player-2,20,29,13,15
426,5,20,0.05441717803478241,player-1,23,30,18,23
426,6,18,0.053999945521354675,player-4,23,41,23,29
426,7,18,0.055416952818632126,player-1,29,47,27,33
426,8,17,0.06029196083545685,player-1,31,47,30,38
426,9,20,0.09820796549320221,player-1,39,53,44,38
426,10,17,0.060999998822808266,player-3,45,55,47,45
427,1,18,0.06424984894692898,player-2,4,5,6,7
427,2,17,0.044584041461348534,player-2,5,9,6,9
427,3,17,0.05766702815890312,player-3,9,12,14,10
427,4,17,0.05354220047593117,player-4,15,15,18,16
427,5,17,0.06066705100238323,player-1,16,17,21,20
427,6,21,0.04575005732476711,none,16,19,26,22
427,7,20,0.046083005145192146,player-2,16,30,29,22
427,8,19,0.08404185064136982,player-2,21,33,39,24
427,9,17,0.0514171551913023,player-1,28,33,41,25
427,10,17,0.08041597902774811,player-2,30,41,42,32
427,11,17,0.05541602149605751,player-3,35,41,45,33
427,12,17,0.05937507376074791,player-4,35,42,45,35
427,13,17,0.0514171551913023,player-1,36,42,47,40
427,14,17,0.15004095621407032,player-2,40,54,49,49
428,1,17,0.07108296267688274,player-3,4,2,6,2
428,2,17,0.07612514309585094,player-4,8,10,7,8
428,3,17,0.053416937589645386,player-1,12,10,10,10
428,4,18,0.18474995158612728,player-3,21,16,16,15
428,5,17,0.06866711191833019,player-3,24,19,23,21
428,6,18,0.0827079638838768,player-1,31,21,27,27
428,7,18,0.055625103414058685,player-2,33,28,30,29
428,8,17,0.0662908423691988,player-2,35,31,31,33
428,9,21,0.09058299474418163,player-3,43,33,37,40
428,10,18,0.060625141486525536,player-1,44,33,40,48
428,11,17,0.05170912481844425,player-1,45,34,40,50
428,12,17,0.05829194560647011,player-2,45,41,49,57
428,13,18,0.06208405829966068,player-4,47,45,52,62
429,1,17,0.06395881064236164,player-3,5,1,4,1
429,2,17,0.0575000885874033,player-4,10,1,8,5
429,3,17,0.08158315904438496,player-1,22,5,8,12
429,4,17,0.04891701973974705,player-2,23,8,11,17
429,5,17,0.049582915380597115,player-3,25,8,16,22
429,6,17,0.07783318869769573,player-4,31,12,16,24
429,7,18,0.2986670006066561,player-2,40,12,26,26
429,8,19,0.09012501686811447,player-4,40,16,27,29
429,9,23,0.08712499402463436,player-1,40,16,36,45
429,10,17,0.05124998278915882,player-4,42,21,37,49
429,11,17,0.06187497638165951,player-1,47,27,48,50
429,12,17,0.04979199729859829,player-2,48,30,50,52
429,13,19,0.06441702134907246,player-1,54,36,60,59
430,1,18,0.0749579630792141,player-1,6,7,0,3
430,2,19,0.06891600787639618,player-3,7,11,3,4
430,3,17,0.07637497037649155,player-2,9,19,3,9
430,4,17,0.061583006754517555,player-3,12,23,8,9
430,5,18,0.06975000724196434,player-1,16,24,8,14
430,6,19,0.06791600026190281,player-3,23,27,16,14
430,7,19,0.06187497638165951,player-4,24,31,16,21
430,8,17,0.05387491546571255,player-3,26,40,23,22
430,9,17,0.058165984228253365,player-4,32,42,29,23
430,10,19,0.04962482489645481,player-3,33,42,32,25
430,11,17,0.04741712473332882,player-2,35,53,36,27
430,12,17,0.06120791658759117,player-3,36,55,44,29
430,13,25,0.07929187268018723,player-4,41,63,50,47
431,1,19,0.05983281880617142,player-1,9,6,10,1
431,2,17,0.15083304606378078,player-4,13,12,15,3
431,3,17,0.32299989834427834,player-1,13,17,17,12
431,4,18,0.19504199735820293,player-3,17,22,25,15
431,5,22,0.24620816111564636,player-4,17,29,28,27
431,6,30,0.13620802201330662,player-1,20,32,29,28
431,7,21,0.06645801477134228,player-1,25,32,35,38
431,8,19,0.0735411886125803,player-4,29,35,36,44
431,9,20,0.06762496195733547,player-2,30,41,40,52
431,10,18,0.13795890845358372,player-1,33,42,41,56
431,11,18,0.06070896051824093,player-2,35,47,43,63
432,1,21,0.06729201413691044,player-1,7,0,2,4
432,2,20,0.15795789659023285,player-1,9,4,3,6
432,3,17,0.11445791460573673,player-3,12,9,10,13
432,4,17,0.22691604681313038,player-4,18,10,14,19
432,5,18,0.13058283366262913,player-2,21,11,16,19
432,6,20,0.16379216685891151,player-1,29,13,18,20
432,7,17,0.0707919243723154,player-3,33,20,24,20
432,8,18,0.06437511183321476,player-1,42,21,32,24
432,9,17,0.05383300594985485,player-1,48,21,36,29
432,10,17,0.05708285607397556,player-2,51,27,36,35
432,11,18,0.05925004370510578,player-4,58,29,39,41
432,12,17,0.06137508898973465,player-4,58,33,44,46
433,1,34,0.06825011223554611,none,0,9,0,1
433,2,17,0.0652919989079237,player-2,4,11,5,6
433,3,22,0.05870917811989784,player-4,9,12,9,10
433,4,22,0.06399978883564472,player-1,12,20,15,14
433,5,17,0.08183298632502556,player-1,15,26,17,21
433,6,17,0.05162484012544155,player-2,17,31,19,21
433,7,17,0.05570892244577408,player-3,20,33,29,24
433,8,17,0.04879198968410492,player-4,20,33,33,24
433,9,18,0.06195809692144394,player-2,27,37,35,29
433,10,17,0.051625072956085205,player-2,33,42,37,34
433,11,17,0.0700000673532486,player-3,36,48,43,40
433,12,20,0.06004096940159798,player-3,38,57,49,40
433,13,17,0.049459049478173256,player-1,50,60,50,40
434,1,17,0.06391596980392933,player-2,7,6,2,5
434,2,17,0.0524579081684351,player-3,7,9,7,8
434,3,19,0.07166597060859203,player-2,11,16,12,14
434,4,17,0.056541990488767624,player-1,18,20,14,16
434,5,18,0.058499863371253014,player-3,24,22,20,26
434,6,18,0.06337510421872139,player-4,28,26,25,38
434,7,17,0.049999915063381195,player-4,32,30,25,40
434,8,19,0.049040885642170906,player-3,35,34,26,41
434,9,17,0.04349998198449612,player-2,36,42,27,41
434,10,17,0.05141599103808403,player-3,40,50,31,45
434,11,20,0.06379210390150547,player-3,44,64,31,50
435,1,21,0.05929195322096348,player-1,11,6,10,5
435,2,22,0.06954185664653778,player-3,16,14,15,10
435,3,18,0.06587500683963299,player-4,16,16,19,15
435,4,19,0.07499987259507179,player-2,18,22,19,19
435,5,18,0.06837514229118824,player-2,30,24,20,19
435,6,17,0.059416983276605606,player-2,30,33,27,26
435,7,18,0.056582968682050705,player-4,31,40,30,36
435,8,18,0.059999991208314896,player-1,35,43,39,37
435,9,17,0.04966696724295616,player-1,42,43,42,39
435,10,17,0.0638328492641449,player-2,44,52,49,47
435,11,17,0.059416983276605606,player-3,46,63,52,49
436,1,17,0.06225006654858589,player-2,1,5,4,9
436,2,19,0.06391690112650394,player-1,8,13,9,11
436,3,18,0.056625111028552055,none,12,16,9,13
436,4,17,0.056042103096842766,player-1,13,19,11,19
436,5,17,0.05829194560647011,player-2,22,24,20,25
436,6,17,0.04766695201396942,player-3,25,26,22,30
436,7,17,0.05679205060005188,player-4,29,30,25,37
436,8,18,0.055042095482349396,player-2,34,31,27,45
436,9,17,0.050083035603165627,player-2,37,34,27,45
436,10,17,0.05016708746552467,player-3,41,34,33,45
436,11,17,0.05983305163681507,player-4,42,39,38,50
436,12,17,0.10016607120633125,player-1,50,41,41,60
437,1,17,0.07595797069370747,player-4,1,1,0,5
437,2,18,0.054625095799565315,player-2,6,6,0,7
437,3,19,0.07375003769993782,player-4,10,15,0,13
437,4,23,0.048999907448887825,none,11,16,0,16
437,5,17,0.06187497638165951,player-4,15,21,0,22
437,6,17,0.071333022788167,player-1,24,24,0,22
437,7,18,0.06233295425772667,player-3,27,26,6,22
437,8,17,0.05041714757680893,player-3,30,30,8,22
437,9,17,0.05933316424489021,player-4,30,32,10,24
437,10,19,0.06333389319479465,player-3,39,39,13,35
437,11,21,0.06129220128059387,player-2,46,40,23,37
437,12,19,0.06816699169576168,player-1,60,40,29,38
437,13,20,0.07266690954566002,player-3,65,45,36,40
438,1,17,0.058542005717754364,player-1,5,9,4,5
438,2,18,0.06420817226171494,player-3,15,17,7,9
438,3,20,0.05904189310967922,player-2,18,21,9,11
438,4,19,0.054416945204138756,player-2,20,26,9,13
438,5,17,0.050791073590517044,player-1,28,26,11,14
438,6,25,0.08016708306968212,player-2,35,30,12,25
438,7,18,0.0563750509172678,player-4,42,30,19,29
438,8,18,0.08262484334409237,player-1,47,30,26,35
438,9,20,0.08608400821685791,player-4,54,31,32,39
438,10,17,0.0602079089730978,player-2,54,33,40,43
438,11,17,0.059125013649463654,player-3,58,36,46,45
439,1,18,0.05695805884897709,player-3,3,4,3,2
439,2,20,0.08320901542901993,player-2,6,4,5,3
439,3,18,0.07537496276199818,player-1,9,10,7,9
439,4,18,0.06712507456541061,player-2,10,18,8,17
439,5,17,0.05787494592368603,player-2,13,25,11,19
439,6,17,0.051167095080018044,player-3,14,30,14,19
439,7,17,0.06937491707503796,player-4,17,35,14,20
439,8,17,0.053916824981570244,player-1,20,37,16,28
439,9,18,0.047250185161828995,player-3,23,45,21,28
439,10,22,0.0737910158932209,player-4,27,48,23,33
439,11,17,0.06808387115597725,player-4,31,52,26,36
439,12,19,0.047582900151610374,player-3,32,55,31,37
439,13,17,0.047582900151610374,player-2,35,59,31,37
439,14,17,0.051208073273301125,player-3,41,60,36,41
440,1,21,0.05679205060005188,player-3,1,3,5,2
440,2,18,0.0671660527586937,player-1,2,7,5,5
440,3,18,0.06562494672834873,player-2,10,11,10,7
440,4,18,0.06333296187222004,player-3,16,16,17,7
440,5,19,0.06320816464722157,player-1,19,16,24,9
440,6,17,0.05929102189838886,player-4,26,17,31,12
440,7,17,0.06600003689527512,player-1,33,20,37,17
440,8,20,0.06450014188885689,player-1,37,23,39,19
440,9,17,0.04487484693527222,player-3,38,27,43,20
440,10,18,0.07029203698039055,player-1,43,40,43,28
440,11,17,0.06683403626084328,player-1,49,42,48,36
440,12,17,0.0688750296831131,player-2,55,47,51,38
441,1,18,0.0754999928176403,player-4,6,2,2,4
441,2,17,0.07600011304020882,player-4,15,3,5,9
441,3,17,0.04895799793303013,player-1,21,4,8,9
441,4,19,0.05133310332894325,player-4,25,5,10,14
441,5,19,0.06116693839430809,player-1,29,8,13,20
441,6,18,0.06266706623136997,player-1,36,14,13,26
441,7,17,0.04829210229218006,player-1,40,17,18,30
441,8,17,0.06312481127679348,player-2,47,25,25,32
441,9,17,0.05179201252758503,player-3,52,29,28,36
441,10,18,0.06383308209478855,player-1,58,33,30,39
441,11,17,0.0538751482963562,player-1,58,36,35,41
441,12,19,0.051791081205010414,player-4,61,36,36,43
441,13,17,0.05983281880617142,player-3,67,42,42,45
442,1,17,0.05712499842047691,player-1,10,0,2,1
442,2,17,0.06329198367893696,player-2,14,6,3,3
442,3,18,0.054582953453063965,player-4,18,8,13,10
442,4,17,0.05175010301172733,player-4,21,12,13,11
442,5,17,0.06716698408126831,player-1,31,14,13,11
442,6,19,0.05829194560647011,player-4,34,15,21,17
442,7,17,0.056208111345767975,player-3,38,21,26,25
442,8,18,0.04929210990667343,player-1,45,22,28,29
442,9,18,0.05212496034801006,player-2,46,29,33,34
442,10,18,0.06895815022289753,player-3,48,31,36,34
442,11,17,0.04991586320102215,player-3,48,35,37,36
442,12,18,0.05429191514849663,player-1,51,38,38,38
442,13,18,0.05087489262223244,player-2,54,48,40,38
442,14,19,0.05583302117884159,player-4,61,50,42,42
443,1,17,0.0688750296831131,player-1,1,1,2,2
443,2,20,0.09504216723144054,player-1,6,3,4,12
443,3,18,0.05895807407796383,player-4,6,5,5,30
443,4,17,0.05395803600549698,player-4,7,10,9,35
443,5,17,0.05641602911055088,player-1,14,17,16,36
443,6,17,0.05429191514849663,player-2,20,24,21,39
443,7,19,0.06062490865588188,player-1,23,26,23,39
443,8,23,0.07070903666317463,player-2,23,33,23,45
443,9,20,0.07129088044166565,player-4,26,41,26,54
443,10,17,0.05666585639119148,player-2,28,43,26,55
443,11,20,0.06916606798768044,player-2,34,45,30,56
444,1,17,0.0574581790715456,player-2,6,3,4,2
444,2,17,0.06008287891745567,player-3,9,5,8,6
444,3,17,0.09466707706451416,player-4,9,9,12,14
444,4,26,0.08758297190070152,player-2,19,14,15,15
444,5,18,0.05579204298555851,player-3,22,16,21,18
444,6,18,0.05716690793633461,player-4,22,17,22,27
444,7,30,0.06979191675782204,player-1,33,24,23,33
444,8,17,0.05604187026619911,player-1,34,25,28,38
444,9,19,0.06800005212426186,player-4,46,26,30,42
444,10,17,0.05483301356434822,player-3,49,27,37,45
444,11,18,0.063000014051795,player-1,49,33,39,49
444,12,18,0.05679205060005188,player-2,54,34,43,53
444,13,20,0.0890830997377634,player-1,65,41,58,63
445,1,19,0.07175002247095108,player-3,2,0,14,4
445,2,17,0.06374996155500412,player-2,2,13,15,8
445,3,22,0.06408290937542915,player-4,2,13,19,16
445,4,17,0.07633399218320847,player-4,5,21,27,20
445,5,17,0.07674982771277428,player-1,8,23,31,26
445,6,20,0.06350013427436352,player-1,9,29,36,29
445,7,17,0.06170803681015968,player-3,13,34,37,36
445,8,18,0.050999922677874565,player-1,13,35,39,38
445,9,17,0.06116693839430809,player-1,19,41,39,42
445,10,18,0.06816699169576168,player-3,24,49,45,42
445,11,17,0.044582877308130264,player-3,26,50,49,42
445,12,17,0.05583302117884159,player-4,28,51,57,48
445,13,20,0.051416922360658646,player-4,32,52,59,51
446,1,17,0.056584132835268974,player-2,2,7,0,2
446,2,17,0.08704094216227531,player-3,10,7,9,6
446,3,18,0.058125006034970284,player-1,14,10,11,6
446,4,19,0.05233311094343662,player-3,17,14,13,8
446,5,20,0.06670807488262653,player-1,27,18,21,11
446,6,17,0.05091703496873379,player-3,29,21,22,16
446,7,17,0.06545800715684891,player-4,30,27,27,21
446,8,17,0.06949994713068008,player-1,34,37,31,25
446,9,19,0.05287490785121918,player-4,36,40,31,25
446,10,17,0.06520887836813927,player-3,41,46,36,30
446,11,18,0.0641250517219305,player-1,47,49,48,32
446,12,17,0.07008318789303303,player-1,51,53,55,35
447,1,17,0.07175002247095108,player-4,8,7,7,9
447,2,17,0.059459125623106956,player-1,11,8,9,14
447,3,18,0.05508307367563248,player-3,11,15,14,19
447,4,18,0.05558319389820099,player-4,16,18,14,24
447,5,18,0.04970794543623924,player-1,18,23,21,29
447,6,18,0.048958929255604744,player-2,18,26,28,29
447,7,18,0.057416968047618866,player-3,23,30,31,32
447,8,23,0.09604194201529026,player-1,31,46,41,40
447,9,19,0.056541990488767624,player-2,31,48,41,42
447,10,18,0.043999869376420975,player-2,35,53,47,47
448,1,20,0.061499886214733124,player-4,6,3,6,6
448,2,18,0.05524978041648865,player-3,7,4,8,7
448,3,19,0.041708117350935936,none,7,6,10,7
448,4,18,0.057625118643045425,player-1,13,17,10,11
448,5,19,0.056833960115909576,player-3,15,21,17,15
448,6,21,0.06662518717348576,player-2,15,29,18,17
448,7,17,0.0653339084237814,player-3,21,36,23,17
448,8,18,0.05412520840764046,player-1,27,38,25,20
448,9,17,0.06270920857787132,player-1,28,41,25,22
448,10,18,0.07108296267688274,player-3,33,42,32,29
448,11,18,0.05520787090063095,player-4,33,56,32,36
448,12,29,0.07229205220937729,none,36,59,32,40
448,13,17,0.0688750296831131,player-1,43,63,42,49
449,1,17,0.05300017073750496,player-3,6,2,7,1
449,2,17,0.05187490023672581,player-4,8,2,13,2
449,3,17,0.07420801557600498,player-1,14,9,15,3
449,4,22,0.06170803681015968,player-3,15,12,17,6
449,5,20,0.05666702054440975,player-2,15,18,19,6
449,6,17,0.05425000563263893,player-4,18,21,25,9
449,7,19,0.04924996756017208,player-3,22,21,32,12
449,8,17,0.058208126574754715,player-2,25,31,34,16
449,9,18,0.059165991842746735,player-4,32,31,37,23
449,10,19,0.06829202175140381,none,32,33,38,24
449,11,19,0.05245883949100971,player-3,34,35,39,26
449,12,18,0.06345799192786217,player-3,39,39,45,35
449,13,17,0.06324984133243561,player-3,46,46,51,45
449,14,23,0.05983305163681507,player-2,46,53,58,47
450,1,20,0.055416952818632126,player-1,8,5,2,5
450,2,17,0.053958967328071594,player-3,8,8,3,6
450,3,17,0.07120892405509949,player-4,10,8,3,13
450,4,19,0.059625133872032166,player-3,12,10,8,16
450,5,17,0.05575013346970081,player-2,14,15,20,19
450,6,18,0.06087496876716614,player-4,17,19,23,28
450,7,18,0.05137501284480095,player-1,21,25,27,28
450,8,18,0.054582953453063965,player-2,30,31,30,31
450,9,17,0.04287506453692913,player-2,33,33,30,35
450,10,18,0.054167117923498154,player-4,42,36,33,49
450,11,17,0.06387499161064625,player-4,48,41,40,53
450,12,20,0.05437503568828106,player-4,50,45,45,57
451,1,17,0.04583294503390789,player-1,1,0,6,5
451,2,21,0.04670885391533375,player-2,2,5,7,6
451,3,18,0.06783287972211838,player-4,4,8,11,11
451,4,17,0.04579196684062481,player-4,6,8,14,13
451,5,18,0.054416945204138756,player-2,7,10,17,15
451,6,17,0.04966696724295616,player-2,7,11,18,18
451,7,17,0.039082951843738556,player-3,10,11,21,20
451,8,27,0.0882497988641262,none,12,14,32,26
451,9,17,0.05554105155169964,player-1,15,17,36,28
451,10,17,0.04845811054110527,player-2,17,20,38,33
451,11,17,0.06291712634265423,player-3,21,22,47,38
451,12,17,0.04891701973974705,player-4,24,25,51,44
451,13,21,0.07179100066423416,player-1,29,34,58,52
451,14,24,0.05608401261270046,player-1,37,35,63,54
452,1,20,0.06641610525548458,player-4,9,7,0,13
452,2,17,0.05937507376074791,player-2,12,13,5,18
452,3,19,0.05583302117884159,player-1,16,15,8,20
452,4,18,0.06429082714021206,player-1,19,16,10,23
452,5,17,0.048999907448887825,player-1,21,19,12,27
452,6,19,0.04679197445511818,player-4,21,22,15,34
452,7,17,0.04975008778274059,player-3,25,29,16,38
452,8,17,0.05687517113983631,player-4,27,30,16,46
452,9,17,0.06166589446365833,player-1,32,30,19,48
452,10,17,0.0577080063521862,player-2,37,37,19,48
452,11,17,0.08416594937443733,player-3,48,42,29,51
452,12,18,0.05024997517466545,player-1,50,46,31,55
453,1,18,0.06070802919566631,player-4,0,0,10,9
453,2,17,0.06387499161064625,player-4,6,4,14,16
453,3,25,0.06274995394051075,none,13,11,14,16
453,4,19,0.05579204298555851,player-4,18,12,21,30
453,5,21,0.05670799873769283,player-3,20,15,23,31
453,6,17,0.055999960750341415,player-4,22,22,23,36
453,7,17,0.04716706462204456,player-1,25,22,26,40
453,8,19,0.0944170169532299,player-4,32,24,39,43
453,9,18,0.05679088644683361,player-4,34,31,42,48
453,10,17,0.04875008016824722,player-4,35,31,42,57
453,11,17,0.050667207688093185,player-1,43,34,44,67
454,1,18,0.049208989366889,player-1,10,4,4,4
454,2,17,0.04504108801484108,player-1,18,4,4,8
454,3,20,0.04887511022388935,player-1,23,9,7,8
454,4,19,0.057999975979328156,player-1,23,19,11,15
454,5,18,0.04824995994567871,player-1,29,20,17,17
454,6,17,0.04795799031853676,player-1,29,20,18,19
454,7,19,0.059208134189248085,player-4,33,22,22,22
454,8,19,0.06866594776511192,player-1,38,26,23,24
454,9,17,0.04933401942253113,player-4,42,26,29,29
454,10,17,0.07337494753301144,player-1,51,26,36,38
454,11,19,0.05320785567164421,player-4,53,28,43,41
454,12,17,0.06433320231735706,player-3,55,34,51,46
455,1,17,0.048832967877388,player-1,5,0,3,0
455,2,18,0.0613329466432333,player-3,8,4,13,6
455,3,17,0.061333877965807915,player-3,8,4,17,13
455,4,17,0.045000109821558,player-4,8,4,19,14
455,5,18,0.04866695962846279,player-2,11,7,22,17
455,6,17,0.04091695882380009,player-2,12,10,23,17
455,7,17,0.056165968999266624,player-3,14,16,28,24
455,8,17,0.05150004290044308,player-4,16,21,31,30
455,9,17,0.05891709588468075,player-1,22,25,33,34
455,10,19,0.06991601549088955,player-4,30,29,38,34
455,11,34,0.07366691716015339,player-4,38,29,40,40
455,12,18,0.05604117177426815,player-1,41,35,43,45
455,13,20,0.0674158800393343,player-4,44,37,44,50
455,14,17,0.056459102779626846,player-2,47,41,46,53
455,15,30,0.07345806807279587,none,47,44,48,55
455,16,17,0.057541998103260994,player-4,49,46,50,63
456,1,17,0.05874992348253727,player-4,3,0,0,5
456,2,19,0.08054100908339024,player-3,7,0,6,11
456,3,18,0.05070795305073261,player-3,7,1,12,15
456,4,23,0.06429199129343033,player-1,15,7,14,16
456,5,17,0.06400002166628838,player-4,16,13,14,19
456,6,18,0.05641602911055088,player-2,18,16,15,19
456,7,17,0.05274987779557705,player-2,23,20,19,22
456,8,17,0.05291611887514591,player-3,29,24,31,23
456,9,19,0.07958384230732918,player-2,32,26,35,26
456,10,17,0.057374825701117516,player-1,42,31,39,32
456,11,17,0.056541990488767624,player-2,45,32,41,36
456,12,18,0.08487491868436337,player-4,45,32,49,37
456,13,20,0.05720905028283596,player-3,50,41,57,37
457,1,17,0.07470790296792984,player-4,0,4,8,8
457,2,17,0.05674990825355053,player-1,4,6,14,13
457,3,17,0.07054116576910019,player-2,12,8,14,22
457,4,18,0.05904096178710461,player-4,16,9,17,27
457,5,17,0.0624579843133688,player-4,16,11,18,35
457,6,18,0.06512482650578022,player-2,16,14,24,44
457,7,18,0.05345791578292847,player-3,19,14,28,52
457,8,17,0.05174987018108368,player-3,27,20,35,54
457,9,17,0.05408306606113911,player-4,30,21,38,56
457,10,18,0.06954208947718143,player-2,34,27,41,59
457,11,18,0.05212496034801006,player-3,35,31,44,62
457,12,17,0.06599980406463146,player-3,38,37,46,67
458,1,32,0.07500010542571545,none,3,1,0,1
458,2,18,0.0592090655118227,player-4,3,4,4,6
458,3,18,0.04970794543623924,player-1,5,4,6,10
458,4,22,0.05850009620189667,none,10,8,8,14
458,5,19,0.06062490865588188,player-4,17,9,14,28
458,6,17,0.05120900459587574,player-3,22,9,16,28
458,7,18,0.056958990171551704,player-1,25,16,19,34
458,8,19,0.0480839516967535,player-3,26,20,22,37
458,9,19,0.05945796146988869,player-4,29,24,24,44
458,10,18,0.06741704419255257,player-4,35,28,32,46
458,11,17,0.04000007174909115,player-4,35,31,32,53
458,12,17,0.06066681817173958,player-1,40,31,37,53
458,13,22,0.07104198448359966,player-3,51,33,38,59
458,14,18,0.09037507697939873,player-4,56,39,48,59
459,1,19,0.05787494592368603,player-1,1,11,1,0
459,2,19,0.054999953135848045,player-2,1,13,2,4
459,3,19,0.09741703979671001,player-3,2,24,15,14
459,4,19,0.06574997678399086,player-4,4,26,19,23
459,5,17,0.05129212513566017,player-3,6,30,22,24
459,6,21,0.05045789293944836,player-4,11,33,23,28
459,7,17,0.055374810472130775,player-1,20,36,28,28
459,8,17,0.05083298310637474,player-2,24,38,28,31
459,9,17,0.058125006034970284,player-3,35,39,39,36
459,10,17,0.06108288653194904,player-4,37,46,39,43
459,11,21,0.07537519559264183,player-1,42,55,44,63
460,1,18,0.06379187107086182,player-4,4,2,4,2
460,2,20,0.06470782682299614,player-3,8,11,10,8
460,3,17,0.0682910904288292,player-1,15,13,16,9
460,4,18,0.06237509660422802,player-3,17,17,23,18
460,5,22,0.0635830219835043,player-4,22,22,30,23
460,6,20,0.05866703577339649,player-3,22,24,30,25
460,7,18,0.0602079089730978,player-2,23,26,36,25
460,8,19,0.06454112008213997,player-4,26,29,39,34
460,9,20,0.05950010381639004,player-2,32,39,40,37
460,10,19,0.06270804442465305,player-2,39,43,42,40
460,11,20,0.05370820872485638,player-4,41,45,50,43
460,12,20,0.04591583274304867,player-1,51,47,51,44
461,1,21,0.06754114292562008,player-4,3,6,1,5
461,2,17,0.05795806646347046,player-1,10,9,9,5
461,3,17,0.04695798270404339,player-2,12,11,12,5
461,4,17,0.05404115654528141,player-3,12,14,19,5
461,5,24,0.07379194721579552,player-3,17,17,31,11
461,6,17,0.053582945838570595,player-1,19,21,32,18
461,7,18,0.053625088185071945,player-3,23,21,41,24
461,8,18,0.06908411160111427,player-4,33,23,43,31
461,9,20,0.06620795466005802,player-3,43,31,49,37
461,10,19,0.06479211151599884,player-3,51,38,58,46
462,1,18,0.058165984228253365,player-1,2,2,4,5
462,2,17,0.05574990063905716,player-1,3,4,5,9
462,3,17,0.06475020200014114,player-2,9,8,12,17
462,4,17,0.04349998198449612,player-3,11,11,16,18
462,5,20,0.05483417771756649,player-3,13,11,18,21
462,6,17,0.04362477920949459,player-1,22,13,23,24
462,7,21,0.054042087867856026,none,30,18,24,26
462,8,17,0.06837514229118824,player-3,37,27,28,34
462,9,22,0.07212511263787746,player-1,37,34,28,44
462,10,19,0.059042125940322876,player-3,39,40,31,49
462,11,18,0.04875008016824722,player-3,41,40,39,53
462,12,18,0.05483301356434822,player-4,52,45,43,71
463,1,19,0.06708293221890926,player-4,2,3,3,8
463,2,18,0.051584094762802124,player-4,2,5,15,12
463,3,17,0.04449998959898949,player-4,2,9,23,14
463,4,17,0.047708163037896156,player-1,8,13,26,16
463,5,17,0.061416998505592346,player-2,15,17,28,25
463,6,17,0.04837499000132084,player-3,19,21,35,27
463,7,17,0.06374996155500412,player-4,23,21,41,29
463,8,17,0.05362485535442829,player-1,30,26,41,31
463,9,18,0.05591707304120064,player-3,32,29,41,34
463,10,18,0.06220908835530281,player-4,38,32,44,35
463,11,17,0.04983297549188137,player-4,38,35,45,40
463,12,19,0.05470891483128071,player-3,52,41,50,42
464,1,17,0.06370898336172104,player-2,3,3,5,4
464,2,17,0.07658288814127445,player-3,13,6,12,8
464,3,26,0.07137516513466835,player-1,19,8,18,10
464,4,17,0.04624994471669197,player-1,23,16,18,15
464,5,17,0.049416907131671906,player-2,27,30,18,18
464,6,17,0.05333288572728634,player-3,27,32,21,25
464,7,19,0.057499855756759644,player-2,32,32,27,29
464,8,17,0.05966587923467159,player-1,34,38,34,39
464,9,17,0.05533290095627308,player-2,34,44,41,48
464,10,17,0.05733291618525982,player-3,43,44,49,49
464,11,18,0.06829178892076015,player-1,47,45,53,55
465,1,17,0.05550007335841656,player-1,8,2,6,3
465,2,18,0.053625088185071945,player-3,8,3,15,3
465,3,17,0.04824995994567871,player-3,8,5,22,5
465,4,26,0.07008295506238937,none,11,5,25,11
465,5,17,0.0539170578122139,player-1,13,10,27,19
465,6,35,0.11799996718764305,player-4,14,13,40,19
465,7,17,0.05641602911055088,player-3,15,19,43,21
465,8,19,0.047083012759685516,player-2,17,22,45,26
465,9,18,0.06087496876716614,player-2,17,28,47,32
465,10,19,0.060542020946741104,player-4,20,37,51,42
465,11,21,0.06766687147319317,player-3,26,41,58,43
465,12,19,0.05070888437330723,player-2,33,47,62,49
465,13,17,0.05904189310967922,player-1,41,48,72,52
466,1,17,0.0594588927924633,player-1,3,7,1,2
466,2,20,0.0535410363227129,player-1,11,9,1,11
466,3,17,0.05024997517466545,player-3,12,15,5,14
466,4,19,0.06029196083545685,player-2,16,23,7,17
466,5,18,0.055833952501416206,player-2,20,33,8,20
466,6,17,0.052042072638869286,player-2,23,36,10,22
466,7,22,0.07737497799098492,player-4,25,40,17,32
466,8,17,0.06733299233019352,player-4,27,43,19,40
466,9,17,0.04216702654957771,player-1,28,44,24,44
466,10,17,0.05962490104138851,player-2,30,53,28,48
467,1,21,0.06299978122115135,player-1,5,7,4,3
467,2,18,0.045999884605407715,player-3,7,11,8,6
467,3,18,0.0663751270622015,player-4,11,15,12,8
467,4,17,0.05874992348253727,player-4,15,22,14,11
467,5,17,0.05191611126065254,player-1,18,24,16,13
467,6,17,0.0641669612377882,player-2,23,30,19,19
467,7,24,0.07283291779458523,player-2,38,39,23,20
467,8,24,0.05120784044265747,none,41,41,28,23
467,9,19,0.05925004370510578,player-3,45,41,28,26
467,10,17,0.05754106678068638,player-2,49,44,30,28
467,11,18,0.045999884605407715,player-4,49,46,32,33
467,12,19,0.05116616375744343,player-2,51,47,33,35
467,13,18,0.06687501445412636,player-2,51,47,37,40
467,14,20,0.06062490865588188,player-1,61,51,37,40
467,15,17,0.06320793181657791,player-3,61,55,41,45
468,1,17,0.05349982529878616,player-3,1,2,5,1
468,2,25,0.07287482731044292,player-4,10,7,14,4
468,3,17,0.08066697046160698,player-1,21,12,18,8
468,4,17,0.06962497718632221,player-2,25,17,22,14
468,5,17,0.039624981582164764,player-3,27,17,28,14
468,6,18,0.056541990488767624,player-1,31,27,28,20
468,7,17,0.05633407272398472,player-1,43,30,37,24
468,8,18,0.049208989366889,player-3,43,35,43,25
468,9,17,0.05141599103808403,player-3,48,37,51,27
468,10,23,0.06195809692144394,player-2,59,43,55,35
469,1,27,0.048625050112605095,none,1,0,2,3
469,2,18,0.048999907448887825,player-3,3,6,2,4
469,3,18,0.06362516433000565,player-4,5,6,7,8
469,4,18,0.05383300594985485,player-1,12,9,12,12
469,5,17,0.06195809692144394,player-1,19,13,12,16
469,6,19,0.046625034883618355,player-4,24,13,14,20
469,7,17,0.053999945521354675,player-3,28,18,17,21
469,8,17,0.04641595296561718,player-4,32,24,17,27
469,9,21,0.05320901982486248,player-1,37,26,22,32
469,10,20,0.05366699770092964,player-1,41,26,29,33
469,11,22,0.049416907131671906,none,44,28,30,36
469,12,17,0.05845795385539532,player-4,44,34,34,45
469,13,17,0.0539170578122139,player-1,48,38,34,49
469,14,17,0.0641250517219305,player-2,55,40,37,53
469,15,17,0.06070802919566631,player-3,62,40,45,57
470,1,26,0.08770800195634365,player-1,0,5,2,6
470,2,18,0.06245914846658707,player-2,2,13,2,10
470,3,27,0.05208398215472698,none,5,17,5,10
470,4,18,0.05704187788069248,player-4,10,19,9,16
470,5,21,0.05925004370510578,player-4,10,21,10,23
470,6,18,0.054625095799565315,player-2,10,22,14,30
470,7,19,0.057582976296544075,player-4,18,25,15,44
470,8,18,0.05129189230501652,player-4,20,26,20,45
470,9,17,0.10383292101323605,player-4,24,27,22,49
470,10,17,0.07745902985334396,player-1,31,29,26,51
470,11,17,0.08016591891646385,player-2,33,37,26,52
470,12,18,0.06350013427436352,player-4,37,38,31,53
470,13,20,0.08479203097522259,player-3,40,49,44,57
471,1,19,0.08220784366130829,player-2,0,7,0,11
471,2,18,0.05687517113983631,player-2,2,18,3,19
471,3,17,0.04300009459257126,player-2,6,26,6,19
471,4,19,0.05174987018108368,player-1,11,28,11,19
471,5,19,0.06591598503291607,player-2,15,31,21,26
471,6,17,0.04945788532495499,player-1,27,39,26,26
471,7,20,0.06933393888175488,player-1,33,43,29,32
471,8,17,0.050625065341591835,player-3,38,44,33,35
471,9,21,0.06812508217990398,player-4,39,45,33,48
471,10,17,0.04575005732476711,player-1,46,46,36,52
471,11,18,0.06329198367893696,player-3,49,53,37,55
472,1,17,0.0475000124424696,player-1,6,3,1,5
472,2,17,0.050042057409882545,player-2,9,5,1,8
472,3,19,0.06208289414644241,player-1,14,9,8,10
472,4,18,0.05308305844664574,player-1,17,13,9,13
472,5,17,0.04924996756017208,player-1,27,20,9,14
472,6,17,0.05291705019772053,player-2,30,23,9,17
472,7,19,0.054666073992848396,player-1,32,24,13,17
472,8,17,0.05708402022719383,player-4,34,28,14,18
472,9,17,0.051291193813085556,player-1,38,32,21,18
472,10,21,0.06741681136190891,player-2,43,38,26,24
472,11,17,0.06066681817173958,player-3,54,40,38,28
472,12,17,0.04583294503390789,player-4,57,46,41,36
472,13,17,0.06224983371794224,player-1,66,52,54,41
473,1,17,0.05529099144041538,player-3,3,8,7,3
473,2,18,0.06216694600880146,player-1,9,12,10,6
473,3,17,0.05925004370510578,player-1,11,21,16,15
473,4,17,0.04824995994567871,player-2,16,25,17,17
473,5,18,0.04775007255375385,player-4,16,28,20,23
473,6,22,0.0612910371273756,player-1,18,32,20,25
473,7,17,0.06287498399615288,player-1,26,32,26,31
473,8,18,0.060540856793522835,player-3,33,38,37,33
473,9,23,0.06541679613292217,player-1,40,39,42,35
473,10,18,0.05766702815890312,player-1,45,44,49,39
473,11,17,0.05195918492972851,player-1,50,46,49,41
473,12,18,0.05383417010307312,player-3,54,46,51,45
474,1,17,0.06158393807709217,player-4,2,2,0,3
474,2,17,0.057958997786045074,player-1,12,3,0,5
474,3,21,0.05591707304120064,player-2,15,6,3,6
474,4,22,0.06141606718301773,player-4,18,9,7,10
474,5,24,0.0653339084237814,player-3,20,12,20,10
474,6,17,0.04695798270404339,player-1,24,16,20,16
474,7,17,0.04958314821124077,player-2,26,21,24,20
474,8,17,0.052666058763861656,player-3,29,24,28,22
474,9,19,0.059125013649463654,player-2,31,27,40,23
474,10,19,0.057791126891970634,player-3,36,29,46,28
474,11,17,0.06316695362329483,player-2,39,37,46,28
474,12,18,0.05066697485744953,player-4,39,39,49,34
474,13,19,0.06841705180704594,player-2,42,42,54,36
474,14,17,0.055791111662983894,player-1,49,42,63,37
475,1,27,0.08454220369458199,player-4,3,3,12,3
475,2,17,0.047165900468826294,player-3,5,8,15,3
475,3,23,0.06504193879663944,player-2,6,12,15,7
475,4,22,0.08066603913903236,player-2,10,20,17,8
475,5,20,0.0666249543428421,player-1,12,23,27,14
475,6,17,0.05195802077651024,player-3,14,36,28,23
475,7,19,0.06070802919566631,player-2,20,44,30,29
475,8,17,0.07370789535343647,player-1,22,45,34,33
475,9,18,0.04870793782174587,player-3,29,46,38,37
475,10,17,0.049208058044314384,player-3,29,52,43,42
475,11,17,0.059959013015031815,player-4,31,61,43,44
476,1,17,0.04775007255375385,player-4,1,0,0,8
476,2,17,0.041499966755509377,player-1,6,4,0,9
476,3,17,0.04937499761581421,player-2,10,10,2,9
476,4,17,0.05487492308020592,player-3,16,10,5,11
476,5,17,0.06333296187222004,player-4,20,12,5,18
476,6,17,0.050083035603165627,player-1,34,12,6,19
476,7,17,0.0541249755769968,player-2,39,16,11,19
476,8,21,0.0639590434730053,player-3,40,16,20,23
476,9,17,0.04950002767145634,player-4,45,16,28,31
476,10,17,0.055042095482349396,player-1,53,22,32,34
476,11,20,0.05570892244577408,player-1,59,24,38,34
476,12,19,0.05825003609061241,player-1,60,24,40,38
477,1,21,0.05879206582903862,player-3,0,2,4,2
477,2,20,0.05845818668603897,none,2,6,9,2
477,3,20,0.04887511022388935,player-4,3,8,10,6
477,4,19,0.057541998103260994,player-4,3,10,13,12
477,5,19,0.05291705019772053,player-1,7,10,15,13
477,6,17,0.06787502206861973,player-4,9,10,19,20
477,7,17,0.05720788612961769,player-1,13,12,19,20
477,8,25,0.04737498238682747,none,18,16,19,20
477,9,18,0.063000014051795,player-4,20,22,20,34
477,10,19,0.05633290857076645,player-2,22,29,22,34
477,11,18,0.05529192276299,player-2,27,31,27,35
477,12,18,0.07154210470616817,player-3,37,34,29,37
477,13,18,0.05687493830919266,player-4,38,41,33,44
477,14,17,0.060416990891098976,player-4,40,45,38,45
477,15,17,0.061583006754517555,player-1,45,49,39,53
478,1,18,0.06216694600880146,player-3,2,4,6,6
478,2,18,0.05300017073750496,player-4,2,5,13,7
478,3,19,0.03933394327759743,none,4,10,13,9
478,4,17,0.0680421944707632,player-1,8,19,17,14
478,5,17,0.049582915380597115,player-2,8,26,19,18
478,6,18,0.060916878283023834,player-4,8,30,28,18
478,7,17,0.05237502045929432,player-4,8,37,35,24
478,8,17,0.04437495954334736,player-1,13,39,35,24
478,9,18,0.061125028878450394,player-3,19,41,40,24
478,10,19,0.08387514390051365,player-1,27,47,42,29
478,11,17,0.07187505252659321,player-4,34,50,53,34
478,12,19,0.07466599345207214,player-3,36,57,62,35
478,13,17,0.055999960750341415,player-2,44,69,65,36
479,1,17,0.05904096178710461,player-4,1,2,3,3
479,2,17,0.06025005131959915,player-1,7,4,5,6
479,3,19,0.06966688670217991,player-4,7,10,5,14
479,4,17,0.038207974284887314,player-3,11,10,16,14
479,5,18,0.04383292980492115,player-1,15,10,18,16
479,6,18,0.04929210990667343,player-2,20,10,19,18
479,7,17,0.05808309651911259,player-2,27,11,22,19
479,8,28,0.07850001566112041,none,29,23,25,22
479,9,17,0.05287490785121918,player-4,32,23,26,35
479,10,17,0.038416823372244835,player-1,34,23,30,36
479,11,17,0.06137508898973465,player-2,39,32,31,43
479,12,17,0.05404185503721237,player-3,41,34,34,47
479,13,19,0.06174994632601738,player-2,48,37,42,51
479,14,19,0.07825018838047981,player-3,51,49,44,57
480,1,21,0.0535410363227129,player-2,2,4,2,1
480,2,17,0.059999991208314896,player-3,5,10,7,2
480,3,17,0.055625103414058685,player-4,10,12,11,9
480,4,17,0.048999907448887825,player-1,13,14,12,11
480,5,17,0.0665830448269844,player-2,26,24,18,11
480,6,18,0.06916606798768044,player-4,34,28,20,12
480,7,18,0.04804111085832119,player-1,39,28,20,19
480,8,17,0.06208405829966068,player-1,43,39,20,24
480,9,17,0.04087481647729874,player-2,49,39,22,24
480,10,17,0.054040923714637756,player-3,52,40,29,25
480,11,18,0.054541975259780884,player-1,56,47,31,35
480,12,17,0.05254102870821953,player-1,57,52,38,40
480,13,18,0.056416960433125496,player-3,62,53,44,40
481,1,17,0.05270796827971935,player-3,0,5,3,1
481,2,17,0.051666051149368286,player-4,4,5,5,3
481,3,26,0.08099991828203201,player-2,4,19,9,15
481,4,23,0.05191704258322716,none,6,28,11,21
481,5,17,0.054459087550640106,player-3,6,30,15,22
481,6,17,0.04491698928177357,player-4,9,33,16,33
481,7,17,0.05308305844664574,player-1,15,36,17,36
481,8,17,0.07600011304020882,player-2,20,39,22,36
481,9,19,0.05683302879333496,player-1,22,45,29,38
481,10,18,0.042041996493935585,player-1,24,48,33,41
481,11,18,0.05166581831872463,player-2,29,56,35,43
481,12,19,0.09658420458436012,player-4,30,60,36,45
482,1,18,0.0680841039866209,player-3,5,4,5,2
482,2,18,0.0524579081684351,player-4,10,10,5,9
482,3,17,0.06316695362329483,player-4,16,13,5,12
482,4,17,0.06541609764099121,player-1,21,18,12,15
482,5,17,0.05820905789732933,player-2,28,20,12,17
482,6,17,0.06229197606444359,player-3,30,22,14,17
482,7,17,0.06425008177757263,player-4,31,23,16,18
482,8,17,0.0740408431738615,player-1,48,27,28,18
482,9,21,0.05487492308020592,none,48,30,29,19
482,10,18,0.05033309571444988,player-4,49,31,31,21
482,11,18,0.04870793782174587,player-1,50,35,32,24
482,12,18,0.05170796066522598,player-2,54,40,38,27
482,13,18,0.06462493911385536,player-3,62,42,44,30
483,1,17,0.06208289414644241,player-4,4,0,0,7
483,2,21,0.05670799873769283,player-1,12,6,3,7
483,3,17,0.0477079302072525,player-2,14,9,8,10
483,4,17,0.04654191434383392,player-3,14,15,13,11
483,5,17,0.09429105557501316,player-4,21,29,21,24
483,6,17,0.05420786328613758,player-1,26,34,27,25
483,7,17,0.0627078115940094,player-2,27,42,31,34
483,8,18,0.05670799873769283,player-4,30,42,33,36
483,9,17,0.04904181696474552,player-4,36,43,34,40
483,10,21,0.0705420970916748,player-1,38,46,34,42
483,11,17,0.06962497718632221,player-2,45,48,36,44
483,12,17,0.05195802077651024,player-3,51,56,38,48
484,1,27,0.06029079668223858,player-2,0,4,6,2
484,2,20,0.07591699250042439,player-4,3,11,6,10
484,3,17,0.05341600626707077,player-2,3,15,9,13
484,4,17,0.06608408875763416,player-3,7,25,16,19
484,5,18,0.06283307448029518,player-1,16,33,16,25
484,6,17,0.05833315663039684,player-1,20,36,23,27
484,7,19,0.05079200491309166,player-4,22,36,27,30
484,8,20,0.08987495675683022,player-2,22,42,32,30
484,9,18,0.06125005893409252,player-1,28,52,40,36
484,10,17,0.05141599103808403,player-1,34,53,47,38
484,11,17,0.05083298310637474,player-2,39,59,53,41
485,1,27,0.10075001046061516,player-3,0,3,11,6
485,2,17,0.06991694681346416,player-2,2,7,16,6
485,3,17,0.05300017073750496,player-3,6,9,22,6
485,4,17,0.0701660756021738,player-4,7,13,24,15
485,5,19,0.05254102870821953,player-3,11,14,29,15
485,6,17,0.0541249755769968,player-2,13,16,32,19
485,7,17,0.05220901221036911,player-3,14,19,43,24
485,8,17,0.06570899859070778,player-4,14,26,51,29
485,9,20,0.060750171542167664,player-4,20,26,60,37
485,10,22,0.07229181937873363,player-3,22,27,63,37
485,11,17,0.0516669824719429,player-3,22,33,70,44
485,12,20,0.0891669187694788,player-3,35,39,75,46
486,1,25,0.07654190994799137,none,5,0,11,0
486,2,18,0.06066705100238323,player-1,9,3,13,0
486,3,18,0.05012494511902332,player-2,9,7,13,2
486,4,18,0.055165961384773254,player-3,16,8,22,2
486,5,24,0.06895815022289753,none,23,13,29,2
486,6,20,0.04779198206961155,player-3,27,14,32,4
486,7,19,0.04379195161163807,player-3,28,16,39,8
486,8,19,0.0577080063521862,player-4,33,18,44,11
486,9,22,0.055582961067557335,player-4,34,21,44,17
486,10,17,0.044833170250058174,player-4,35,21,46,18
486,11,19,0.06150011904537678,player-3,36,25,49,30
486,12,17,0.05720905028283596,player-2,42,27,54,35
486,13,17,0.06737490184605122,player-3,44,33,62,35
487,1,19,0.06020907312631607,player-2,2,12,3,9
487,2,17,0.05970802158117294,player-1,8,17,7,15
487,3,18,0.0574158038944006,player-3,14,21,9,18
487,4,17,0.06941612809896469,player-3,16,25,20,21
487,5,19,0.0688750296831131,player-2,18,33,22,24
487,6,20,0.07545808330178261,player-4,20,41,26,34
487,7,17,0.04950002767145634,player-2,20,44,31,43
487,8,18,0.06920797750353813,player-4,26,46,33,50
487,9,25,0.08716597221791744,player-4,30,58,34,57
488,1,17,0.05937507376074791,player-1,3,0,4,1
488,2,17,0.053416937589645386,player-2,5,10,4,1
488,3,21,0.06341608241200447,player-3,7,13,14,1
488,4,19,0.05829217843711376,player-2,7,13,14,4
488,5,20,0.05716690793633461,player-4,12,14,19,7
488,6,17,0.05200016312301159,player-2,17,19,20,13
488,7,21,0.06983289495110512,player-3,26,35,24,23
488,8,18,0.0552500132471323,player-1,28,39,25,24
488,9,20,0.07049995474517345,player-4,37,43,31,28
488,10,17,0.06287521682679653,player-2,42,48,36,30
488,11,17,0.05283299833536148,player-3,46,51,41,36
488,12,17,0.05783303640782833,player-4,48,54,46,49
489,1,17,0.060625141486525536,player-3,3,5,4,3
489,2,17,0.07037515752017498,player-4,5,8,12,4
489,3,17,0.048625050112605095,player-1,9,10,12,7
489,4,17,0.051791081205010414,player-2,12,19,18,15
489,5,17,0.046584056690335274,player-3,13,24,22,17
489,6,17,0.05625002086162567,player-4,13,26,25,22
489,7,18,0.063000014051795,player-2,16,28,27,24
489,8,19,0.06649992428719997,player-4,16,32,31,26
489,9,18,0.05979090929031372,player-4,20,32,36,33
489,10,17,0.05775014869868755,player-4,24,37,40,35
489,11,20,0.060416990891098976,player-4,26,41,44,37
489,12,17,0.07141707465052605,player-2,28,50,46,39
489,13,17,0.05866703577339649,player-3,36,52,58,45
489,14,17,0.08787494152784348,player-4,40,58,63,53
490,1,19,0.0577080063521862,player-1,1,5,3,0
490,2,25,0.0683339312672615,player-4,4,11,8,6
490,3,18,0.06729108281433582,player-2,6,16,17,6
490,4,18,0.059499870985746384,player-3,7,20,22,11
490,5,20,0.06604194641113281,player-2,13,31,30,19
490,6,17,0.07087504491209984,player-4,16,37,32,25
490,7,17,0.06174994632601738,player-1,18,42,32,37
490,8,23,0.054541975259780884,none,18,50,36,42
490,9,17,0.09429198689758778,player-3,26,55,40,46
491,1,17,0.07566693238914013,player-1,2,1,5,3
491,2,17,0.06329198367893696,player-2,3,5,5,10
491,3,17,0.06874999962747097,player-3,9,9,7,15
491,4,17,0.05204114131629467,player-4,10,12,9,22
491,5,17,0.05570799112319946,player-1,15,21,9,30
491,6,17,0.05475012585520744,player-2,16,29,10,30
491,7,19,0.037499936297535896,none,17,32,11,30
491,8,21,0.07037492468953133,player-4,26,39,17,33
491,9,23,0.060959020629525185,player-3,27,48,21,35
491,10,18,0.06183306686580181,player-3,31,57,25,39
491,11,17,0.09008403867483139,player-3,31,64,29,46
492,1,17,0.06462493911385536,player-1,2,3,1,2
492,2,20,0.04933285526931286,player-1,8,9,5,2
492,3,18,0.05795806646347046,player-4,10,9,8,6
492,4,17,0.056165968999266624,player-4,11,13,9,10
492,5,21,0.07004197686910629,player-1,15,17,21,13
492,6,19,0.05787494592368603,player-4,20,19,26,15
492,7,19,0.059584155678749084,player-1,33,21,31,16
492,8,19,0.08400017395615578,player-2,45,28,37,19
492,9,17,0.047208042815327644,player-1,46,31,39,20
492,10,18,0.05770893767476082,player-3,53,33,46,20
492,11,17,0.05945796146988869,player-3,55,33,48,28
493,1,18,0.055459095165133476,player-4,0,2,6,6
493,2,17,0.05191611126065254,player-4,4,8,10,9
493,3,17,0.049459049478173256,player-1,9,9,15,11
493,4,17,0.04783296026289463,player-2,9,12,19,13
493,5,17,0.047083012759685516,player-3,12,15,27,17
493,6,17,0.051208073273301125,player-4,20,26,27,17
493,7,20,0.054165953770279884,player-4,25,29,31,20
493,8,19,0.06516696885228157,player-4,25,29,35,23
493,9,18,0.06975000724196434,player-4,31,33,39,25
493,10,17,0.04666694439947605,player-4,35,35,39,29
493,11,18,0.05537504330277443,player-2,38,43,39,32
493,12,20,0.07104198448359966,player-1,64,46,39,32
494,1,17,0.05370797589421272,player-1,12,1,1,2
494,2,18,0.063000014051795,player-3,15,5,6,2
494,3,17,0.05829194560647011,player-3,16,15,9,2
494,4,19,0.0491670798510313,player-2,20,19,9,3
494,5,18,0.06158393807709217,player-2,21,20,13,5
494,6,20,0.09329104796051979,player-1,29,26,15,10
494,7,17,0.07241708226501942,player-3,34,34,25,13
494,8,18,0.06187497638165951,player-1,45,35,33,22
494,9,18,0.049999915063381195,player-2,47,35,37,27
494,10,18,0.0475000124424696,player-3,50,38,44,29
494,11,19,0.08750008419156075,player-1,64,48,60,34
495,1,17,0.05608308129012585,player-2,0,4,1,3
495,2,17,0.06495881825685501,player-3,3,5,13,3
495,3,20,0.054999953135848045,player-3,4,7,18,6
495,4,19,0.06441609002649784,player-3,18,12,25,6
495,5,17,0.05879090167582035,player-2,19,19,35,11
495,6,19,0.07445784285664558,player-1,27,23,39,19
495,7,21,0.0830420758575201,player-4,32,24,52,20
495,8,24,0.06895815022289753,player-4,36,33,57,28
495,9,21,0.05825003609061241,player-2,39,36,61,30
496,1,18,0.06195809692144394,player-3,3,2,9,0
496,2,20,0.06704195402562618,player-2,7,10,13,1
496,3,17,0.05829217843711376,player-4,14,19,13,4
496,4,20,0.05324999801814556,player-4,20,19,15,15
496,5,18,0.055791810154914856,player-3,22,27,21,23
496,6,17,0.06083282642066479,player-3,26,30,24,30
496,7,17,0.040790997445583344,player-4,36,30,31,36
496,8,18,0.0630419235676527,player-2,40,34,34,39
496,9,20,0.08004182018339634,player-1,44,41,36,51
496,10,17,0.05245883949100971,player-3,51,44,39,53
496,11,18,0.05783280357718468,player-1,53,49,39,56
497,1,19,0.049208989366889,player-1,6,0,1,1
497,2,19,0.05050003528594971,player-2,10,7,5,9
497,3,22,0.07941597141325474,player-2,13,11,5,15
497,4,18,0.04516611807048321,player-3,15,13,10,19
497,5,18,0.054625095799565315,player-4,15,15,10,20
497,6,17,0.060625141486525536,player-4,18,17,10,25
497,7,19,0.060999998822808266,player-3,21,21,17,33
497,8,17,0.05916692316532135,player-2,21,28,17,35
497,9,20,0.071333022788167,player-2,32,40,24,42
497,10,19,0.07120915688574314,player-2,40,42,24,55
497,11,18,0.05187490023672581,player-2,47,43,24,57
498,1,17,0.06287498399615288,player-4,0,5,3,5
498,2,17,0.05691708065569401,player-1,1,11,3,8
498,3,18,0.08095800876617432,player-3,4,14,8,14
498,4,17,0.06166589446365833,player-3,9,17,20,19
498,5,19,0.05320901982486248,player-2,11,25,22,22
498,6,19,0.06379187107086182,player-3,15,32,35,28
498,7,24,0.08033309131860733,player-1,21,43,41,31
498,8,20,0.05970802158117294,player-2,25,50,46,31
498,9,17,0.05874992348253727,player-4,27,53,50,34
498,10,19,0.05929102189838886,player-3,31,56,54,37
498,11,17,0.05087489262223244,player-2,37,63,54,46
499,1,20,0.07316702976822853,player-4,5,3,7,1
499,2,18,0.06741704419255257,player-3,9,11,12,5
499,3,27,0.06766710430383682,player-1,16,18,18,5
499,4,17,0.06829085759818554,player-4,22,24,24,13
499,5,27,0.0688331201672554,player-3,24,26,26,13
499,6,18,0.05487492308020592,player-3,26,28,29,17
499,7,17,0.06604194641113281,player-3,33,33,34,23
499,8,17,0.06737490184605122,player-4,35,43,49,27
499,9,17,0.05745794624090195,player-1,40,47,54,35
499,10,18,0.05183299072086811,player-3,43,49,61,36
500,1,18,0.06258301436901093,player-1,12,0,0,8
500,2,18,0.05629193037748337,player-2,14,0,2,9
500,3,21,0.06674998439848423,player-2,17,6,4,9
500,4,17,0.0563750509172678,player-3,19,11,7,13
500,5,18,0.06279093213379383,player-1,19,16,7,23
500,6,17,0.05479203537106514,player-1,22,18,12,28
500,7,19,0.06970809772610664,player-4,25,20,18,33
500,8,17,0.06274995394051075,player-3,32,25,26,33
500,9,18,0.06091711111366749,player-1,33,26,31,39
500,10,21,0.06533414125442505,player-1,36,29,33,46
500,11,18,0.060540856793522835,player-3,40,32,36,50
500,12,18,0.06787502206861973,player-4,43,33,39,53
500,13,19,0.05283299833536148,player-2,46,36,42,54
500,14,18,0.05033309571444988,player-2,47,38,43,54
500,15,18,0.05674990825355053,player-3,48,46,53,54
