game num,round num,num_turns,duration (ms),winner,player1 pts,player2 pts,player3 pts,player4 pts
1,1,17,0.09425007738173008,player-3,4,4,7,7
1,2,17,0.06529106758534908,player-4,11,8,11,14
1,3,17,0.059499870985746384,player-1,18,15,15,18
1,4,17,0.0588749535381794,player-2,22,22,22,22
1,5,17,0.05645817145705223,player-3,26,26,29,29
1,6,17,0.05787494592368603,player-4,33,30,33,36
1,7,17,0.056165968999266624,player-1,40,37,37,40
1,8,17,0.0552500132471323,player-2,44,44,44,44
1,9,17,0.05475012585520744,player-3,48,48,51,51
1,10,17,0.05445792339742184,player-4,55,52,55,58
2,1,17,0.07995800115168095,player-1,6,4,6,4
2,2,17,0.05420786328613758,player-2,11,9,8,4
2,3,17,0.057499855756759644,player-3,20,14,12,8
2,4,17,0.05391589365899563,player-4,29,16,15,10
2,5,17,0.0577080063521862,player-1,36,20,17,14
2,6,17,0.056582968682050705,player-2,48,32,17,18
2,7,19,0.0664170365780592,player-1,53,35,24,23
2,8,17,0.07158401422202587,player-4,59,35,27,26
2,9,18,0.04179216921329498,player-2,60,48,27,27
2,10,17,0.05291611887514591,player-2,65,62,30,32
2,11,17,0.03991695120930672,player-3,67,63,37,32
3,1,21,0.05779089406132698,player-3,1,2,9,0
3,2,17,0.07495889440178871,player-4,6,5,19,4
3,3,20,0.05825003609061241,player-4,6,6,23,15
3,4,18,0.06274995394051075,player-3,9,13,23,18
3,5,17,0.0491670798510313,player-3,9,16,27,19
3,6,23,0.07783295586705208,player-2,15,32,39,27
3,7,19,0.0592090655118227,player-3,24,35,47,27
3,8,17,0.06087496876716614,player-2,30,43,48,32
3,9,19,0.047250185161828995,player-1,37,48,49,32
3,10,17,0.05537504330277443,player-4,46,49,54,36
4,1,17,0.053582945838570595,player-3,8,0,8,1
4,2,17,0.053582945838570595,player-4,8,5,9,5
4,3,17,0.04729186184704304,player-1,12,9,11,15
4,4,18,0.056040938943624496,player-3,14,12,13,21
4,5,17,0.04654191434383392,player-3,14,17,22,21
4,6,17,0.05829194560647011,player-4,19,17,27,25
4,7,17,0.057999975979328156,player-1,24,20,30,27
4,8,20,0.05570892244577408,player-1,27,24,30,31
4,9,17,0.06358395330607891,player-3,35,35,34,35
4,10,17,0.047416891902685165,player-4,35,39,38,38
4,11,19,0.04645809531211853,player-3,38,41,47,41
4,12,17,0.06104097701609135,player-2,44,49,51,45
4,13,20,0.0754999928176403,player-2,49,56,51,45
5,1,17,0.05683302879333496,player-3,4,1,2,5
5,2,17,0.05970802158117294,player-4,10,9,2,16
5,3,17,0.05095801316201687,player-1,14,11,4,21
5,4,17,0.05312496796250343,player-2,16,18,6,23
5,5,19,0.05241716280579567,player-1,23,20,9,24
5,6,17,0.0538751482963562,player-4,25,20,16,28
5,7,27,0.10945787653326988,player-3,31,35,27,37
5,8,17,0.047208042815327644,player-2,35,44,30,39
5,9,20,0.047666020691394806,player-2,37,52,30,40
5,10,17,0.05795806646347046,player-4,37,52,30,50
6,1,17,0.06333412602543831,player-3,6,7,3,1
6,2,17,0.05683302879333496,player-4,12,11,6,10
6,3,19,0.050958944484591484,player-3,18,14,9,12
6,4,17,0.06395787931978703,player-2,24,30,9,16
6,5,17,0.04650000482797623,player-3,24,33,10,16
6,6,20,0.05054217763245106,player-3,28,33,15,18
6,7,18,0.04891608841717243,player-2,29,37,15,21
6,8,17,0.04341593012213707,player-2,30,40,18,25
6,9,18,0.06308313459157944,player-4,38,40,20,31
6,10,17,0.04679081030189991,player-4,38,43,25,36
6,11,17,0.059499870985746384,player-1,42,49,27,40
6,12,23,0.060125021263957024,player-4,45,52,29,41
6,13,17,0.06466684862971306,player-3,45,56,33,48
7,1,17,0.05395803600549698,player-1,7,1,2,4
7,2,17,0.0517088919878006,player-2,10,8,3,8
7,3,19,0.06145890802145004,player-1,15,13,3,18
7,4,17,0.044250162318348885,player-4,16,19,6,23
7,5,17,0.06254203617572784,player-1,19,20,12,24
7,6,19,0.05987496115267277,player-4,21,23,14,24
7,7,17,0.05908380262553692,player-3,26,23,23,26
7,8,17,0.057042110711336136,player-4,29,26,23,34
7,9,17,0.060333870351314545,player-1,40,28,27,37
7,10,17,0.05141599103808403,player-2,47,30,29,42
7,11,19,0.05600019358098507,player-1,55,35,31,47
7,12,17,0.06408407352864742,player-4,64,43,31,58
8,1,17,0.04070904105901718,player-4,2,3,1,8
8,2,17,0.06158393807709217,player-1,10,7,8,14
8,3,18,0.057916855439543724,player-3,14,15,12,17
8,4,17,0.05720788612961769,player-3,21,17,17,26
8,5,19,0.05491706542670727,player-2,25,20,19,27
8,6,17,0.05370914004743099,player-1,28,24,23,29
8,7,17,0.05308305844664574,player-2,31,27,23,29
8,8,17,0.05720905028283596,player-3,37,27,30,37
8,9,18,0.06391690112650394,player-1,39,28,39,38
8,10,17,0.05024997517466545,player-1,45,34,40,40
8,11,17,0.07499987259507179,player-2,54,42,42,42
8,12,17,0.04570791497826576,player-3,58,42,51,47
9,1,18,0.05329097621142864,player-4,4,4,3,4
9,2,17,0.050083035603165627,player-4,8,14,4,11
9,3,18,0.05308305844664574,player-2,11,16,5,15
9,4,19,0.05016615614295006,player-4,16,17,10,16
9,5,22,0.06633391603827477,player-4,27,17,10,24
9,6,23,0.08562509901821613,player-2,35,19,13,26
9,7,18,0.049042049795389175,player-2,39,24,20,26
9,8,20,0.05641719326376915,player-1,46,27,23,28
9,9,17,0.06008287891745567,player-3,55,27,27,31
9,10,17,0.05508400499820709,player-4,58,27,32,36
9,11,17,0.0552500132471323,player-1,67,28,38,40
10,1,18,0.054416945204138756,player-4,4,0,0,3
10,2,17,0.06587500683963299,player-4,5,5,1,8
10,3,19,0.0660829246044159,player-3,5,7,10,12
10,4,19,0.059999991208314896,player-4,13,10,19,21
10,5,17,0.051916809752583504,player-3,16,16,26,23
10,6,19,0.06079208105802536,player-2,19,17,29,24
10,7,19,0.06383308209478855,player-3,23,25,36,26
10,8,17,0.06849993951618671,player-2,30,30,39,30
10,9,20,0.06304099224507809,player-2,36,35,42,32
10,10,17,0.05016685463488102,player-4,42,38,42,36
10,11,20,0.06683287210762501,player-4,45,39,43,45
10,12,19,0.05679205060005188,player-4,51,43,43,56
10,13,17,0.05966704338788986,player-3,56,50,49,61
11,1,17,0.04779198206961155,player-4,1,2,2,5
11,2,17,0.05287514068186283,player-1,5,2,6,6
11,3,17,0.054416945204138756,player-2,17,10,6,6
11,4,20,0.05137501284480095,player-2,25,14,9,11
11,5,20,0.05962490104138851,player-3,25,23,10,12
11,6,17,0.06566708907485008,player-1,31,28,14,18
11,7,17,0.05545793101191521,player-2,34,35,16,21
11,8,19,0.04833308048546314,player-1,40,36,22,24
11,9,17,0.05204183980822563,player-4,42,40,26,26
11,10,17,0.05074986256659031,player-1,50,40,27,26
11,11,17,0.04483293741941452,player-2,58,45,31,28
11,12,18,0.05520787090063095,player-4,60,46,33,37
11,13,18,0.05374988541007042,player-1,62,48,39,37
12,1,17,0.08033309131860733,player-3,10,10,8,0
12,2,19,0.0642088707536459,player-2,10,18,14,9
12,3,17,0.09416695684194565,player-1,11,25,18,12
12,4,17,0.07041683420538902,player-2,14,29,24,17
12,5,17,0.04812516272068024,player-3,17,30,25,20
12,6,18,0.052625080570578575,player-1,20,35,29,24
12,7,17,0.061374856159090996,player-1,26,41,35,24
12,8,18,0.05616690032184124,player-3,29,42,42,25
12,9,18,0.08041714318096638,player-4,40,53,47,32
12,10,17,0.05445792339742184,player-4,43,59,48,38
12,11,17,0.044625019654631615,player-1,52,60,51,40
13,1,19,0.06424984894692898,player-3,5,8,7,3
13,2,17,0.043833162635564804,player-2,6,17,9,4
13,3,19,0.06387499161064625,player-1,14,21,15,10
13,4,17,0.04716706462204456,player-4,14,27,15,13
13,5,18,0.06045796908438206,player-2,17,33,19,14
13,6,17,0.07729209028184414,player-2,20,42,27,18
13,7,17,0.0665830448269844,player-3,20,42,32,18
13,8,17,0.04983297549188137,player-4,23,44,40,18
13,9,18,0.0724999699741602,player-2,42,49,55,19
13,10,17,0.06800005212426186,player-2,42,53,58,27
14,1,20,0.057625118643045425,player-3,0,2,5,3
14,2,17,0.07554213516414165,player-1,1,9,15,14
14,3,17,0.060042133554816246,player-2,4,12,17,18
14,4,17,0.060125021263957024,player-3,14,15,22,19
14,5,18,0.055167125537991524,player-1,17,15,27,20
14,6,24,0.06354204379022121,player-4,19,19,27,25
14,7,26,0.04958314821124077,none,20,19,29,27
14,8,18,0.0527501106262207,player-4,22,25,37,29
14,9,23,0.0660410150885582,player-2,23,25,50,30
14,10,19,0.05804188549518585,player-3,26,27,55,32
14,11,17,0.06108288653194904,player-2,36,29,59,35
14,12,17,0.050625065341591835,player-3,40,31,63,36
15,1,18,0.04650000482797623,player-4,4,5,4,1
15,2,17,0.058125006034970284,player-4,8,12,10,3
15,3,19,0.07341708987951279,player-3,11,18,12,5
15,4,18,0.0663751270622015,player-3,15,21,16,9
15,5,18,0.040082959458231926,player-4,16,28,17,15
15,6,20,0.07333420217037201,player-3,22,28,21,15
15,7,20,0.07533305324614048,player-4,26,33,21,21
15,8,17,0.0643748790025711,player-2,29,35,23,27
15,9,20,0.06516603752970695,player-2,36,42,25,35
15,10,17,0.0752077903598547,player-4,43,49,32,40
15,11,18,0.05641602911055088,player-2,50,52,34,48
16,1,17,0.05970802158117294,player-3,4,2,9,0
16,2,26,0.08091586641967297,player-1,14,9,16,13
16,3,18,0.0512909609824419,player-2,21,15,18,13
16,4,17,0.06229197606444359,player-2,26,19,23,15
16,5,17,0.050165923312306404,player-3,27,22,26,18
16,6,18,0.04729209467768669,player-1,27,24,27,27
16,7,18,0.049165915697813034,player-2,27,28,35,27
16,8,17,0.06570806726813316,player-2,27,35,43,27
16,9,19,0.04941713996231556,player-1,35,35,47,29
16,10,17,0.05195802077651024,player-4,39,40,53,36
16,11,17,0.05687493830919266,player-1,46,47,58,40
17,1,17,0.05920790135860443,player-2,8,5,2,2
17,2,17,0.0461251474916935,player-3,8,5,6,2
17,3,17,0.05224999040365219,player-4,9,9,6,6
17,4,17,0.07733306847512722,player-1,15,14,16,6
17,5,22,0.0512909609824419,player-3,15,17,24,8
17,6,19,0.06312481127679348,player-1,32,17,30,19
17,7,17,0.06691692396998405,player-4,40,21,30,24
17,8,17,0.05024997517466545,player-1,40,25,34,26
17,9,22,0.04937499761581421,player-3,43,26,40,28
17,10,17,0.051625072956085205,player-3,45,27,44,29
17,11,18,0.05874992348253727,player-1,51,33,50,32
18,1,23,0.08170795626938343,player-4,8,6,5,3
18,2,17,0.034624943509697914,none,9,8,15,3
18,3,17,0.0700000673532486,player-4,12,9,16,6
18,4,17,0.051999930292367935,player-1,13,9,26,8
18,5,18,0.08254102431237698,player-3,15,11,35,12
18,6,17,0.06279186345636845,player-3,18,11,42,16
18,7,17,0.0727078877389431,player-4,18,14,43,23
18,8,17,0.06400002166628838,player-1,26,17,48,24
18,9,18,0.04824995994567871,player-3,26,24,50,31
18,10,17,0.056499848142266273,player-3,27,24,53,34
18,11,17,0.0635830219835043,player-4,29,31,57,40
18,12,17,0.05570799112319946,player-1,33,34,61,47
18,13,17,0.06162491627037525,player-2,33,40,63,50
18,14,17,0.05983398295938969,player-3,33,43,70,55
19,1,17,0.06558396853506565,player-2,14,6,0,9
19,2,19,0.06720889359712601,player-1,22,13,10,19
19,3,17,0.06558280438184738,player-4,22,14,10,25
19,4,17,0.049042049795389175,player-1,24,14,15,26
19,5,17,0.05616690032184124,player-2,29,21,22,30
19,6,18,0.06337487138807774,player-4,31,31,25,38
19,7,17,0.054541975259780884,player-4,35,35,29,40
19,8,17,0.05625002086162567,player-1,41,39,31,43
19,9,19,0.04891701973974705,player-4,44,41,32,50
19,10,18,0.05624978803098202,player-4,47,48,34,54
20,1,17,0.0649159774184227,player-4,4,8,2,10
20,2,17,0.06329198367893696,player-1,8,10,4,12
20,3,17,0.06408407352864742,player-2,10,12,6,16
20,4,19,0.056042103096842766,player-1,19,18,10,16
20,5,17,0.06791693158447742,player-4,29,34,19,22
20,6,17,0.06104097701609135,player-1,32,36,26,22
20,7,17,0.05074986256659031,player-2,42,40,29,23
20,8,17,0.056625111028552055,player-3,49,43,39,24
20,9,19,0.05554105155169964,player-2,54,47,42,27
20,10,19,0.055958982557058334,player-3,58,48,54,36
21,1,17,0.06341701373457909,player-1,3,10,4,3
21,2,17,0.06629107519984245,player-2,8,16,6,5
21,3,18,0.044667162001132965,player-4,12,20,10,9
21,4,18,0.06533297710120678,player-1,12,26,12,14
21,5,18,0.06154109723865986,player-2,16,29,18,20
21,6,17,0.0616670586168766,player-2,20,43,20,23
21,7,26,0.07670791819691658,none,23,45,28,31
21,8,17,0.0537908636033535,player-4,26,49,28,40
21,9,18,0.060167163610458374,player-2,31,55,30,44
21,10,17,0.04537519998848438,player-2,32,60,34,47
22,1,19,0.07183291018009186,player-1,2,6,5,4
22,2,17,0.05979207344353199,player-4,6,6,12,9
22,3,18,0.06700004450976849,player-2,17,6,16,18
22,4,17,0.05566701292991638,player-2,23,15,18,24
22,5,17,0.049416907131671906,player-3,28,16,23,29
22,6,19,0.06074993871152401,player-2,30,24,28,36
22,7,18,0.058999983593821526,player-2,36,28,32,42
22,8,17,0.050208065658807755,player-2,39,30,35,45
22,9,21,0.08212495595216751,player-3,48,38,46,54
22,10,17,0.04324992187321186,player-4,51,41,48,58
22,11,17,0.041624996811151505,player-1,56,41,49,60
23,1,21,0.053999945521354675,player-1,6,3,6,3
23,2,17,0.07149996235966682,player-2,13,4,9,3
23,3,17,0.05483301356434822,player-3,18,9,17,8
23,4,17,0.04854099825024605,player-4,25,14,21,16
23,5,17,0.059042125940322876,player-1,27,16,26,18
23,6,17,0.048708170652389526,player-2,32,17,36,18
23,7,17,0.05187513306736946,player-3,32,26,45,18
23,8,17,0.0563750509172678,player-4,43,26,49,20
23,9,18,0.0477498397231102,player-2,44,29,52,20
23,10,17,0.05833292379975319,player-2,44,34,55,30
23,11,17,0.08275010623037815,player-3,44,50,59,40
24,1,17,0.0643748790025711,player-3,7,3,3,5
24,2,17,0.04874984733760357,player-4,10,8,4,8
24,3,17,0.05766586400568485,player-1,14,12,9,14
24,4,18,0.05287490785121918,player-3,17,14,12,16
24,5,17,0.07716706022620201,player-3,26,14,14,20
24,6,17,0.05295802839100361,player-4,29,15,23,26
24,7,17,0.04754192195832729,player-1,29,17,29,34
24,8,17,0.09266682900488377,player-2,35,21,33,36
24,9,19,0.06662518717348576,player-1,38,28,41,38
24,10,18,0.05087512545287609,player-1,42,29,43,44
24,11,17,0.06654113531112671,player-1,44,33,52,52
24,12,17,0.06729178130626678,player-2,46,38,56,56
25,1,18,0.05345791578292847,player-4,3,0,1,7
25,2,17,0.05033309571444988,player-4,7,5,6,12
25,3,17,0.05950010381639004,player-1,16,8,13,13
25,4,17,0.0599161721765995,player-2,18,17,15,17
25,5,17,0.05695805884897709,player-3,22,23,21,21
25,6,17,0.04924996756017208,player-4,27,24,30,28
25,7,17,0.06345799192786217,player-1,29,30,33,31
25,8,18,0.06554205901920795,player-3,32,34,36,33
25,9,21,0.06320909596979618,player-3,32,34,43,33
25,10,17,0.045584049075841904,player-4,32,39,45,37
25,11,19,0.0817091204226017,player-3,32,51,48,47
25,12,17,0.04620896652340889,player-2,34,57,57,47
26,1,19,0.04854216240346432,player-3,3,4,8,0
26,2,17,0.04645809531211853,player-2,5,12,9,4
26,3,19,0.06183399818837643,player-1,10,17,12,8
26,4,20,0.07341708987951279,player-3,10,24,22,15
26,5,19,0.04237494431436062,player-3,12,28,32,15
26,6,17,0.04937499761581421,player-2,20,30,40,17
26,7,17,0.05145790055394173,player-3,21,37,44,20
26,8,17,0.049083027988672256,player-4,21,46,44,24
26,9,17,0.046042026951909065,player-1,23,49,45,27
26,10,18,0.06083305925130844,player-3,32,53,56,34
26,11,17,0.061791855841875076,player-3,40,53,72,36
27,1,28,0.0677499920129776,player-4,7,2,12,5
27,2,19,0.05708308890461922,player-4,14,3,18,10
27,3,17,0.05324999801814556,player-3,14,10,31,10
27,4,17,0.05212496034801006,player-4,17,13,35,13
27,5,17,0.04920782521367073,player-1,21,19,37,14
27,6,17,0.05224999040365219,player-2,25,21,39,15
27,7,17,0.049833906814455986,player-3,25,25,40,19
27,8,17,0.07770792581140995,player-4,27,27,46,23
27,9,17,0.07041590288281441,player-1,36,32,47,28
27,10,20,0.06008311174809933,player-1,45,35,52,30
27,11,31,0.07379194721579552,player-1,46,40,60,30
28,1,23,0.07041706703603268,player-3,8,9,13,4
28,2,18,0.044791027903556824,player-3,11,12,14,6
28,3,17,0.04891701973974705,player-3,21,20,16,6
28,4,18,0.04912493750452995,player-1,23,20,20,11
28,5,25,0.06500002928078175,player-1,39,25,20,15
28,6,18,0.07466692477464676,player-3,49,27,34,22
28,7,17,0.05537504330277443,player-3,50,27,41,23
28,8,16,0.03374996595084667,none,50,29,41,25
28,9,17,0.05341600626707077,player-1,57,34,45,28
29,1,19,0.04754099063575268,player-1,4,3,1,3
29,2,19,0.04779198206961155,player-2,5,5,3,10
29,3,21,0.04941597580909729,player-1,12,10,3,11
29,4,17,0.060916878283023834,player-2,12,15,3,18
29,5,19,0.05670799873769283,player-1,22,17,16,25
29,6,17,0.06500002928078175,player-4,29,24,26,36
29,7,17,0.05295802839100361,player-1,37,26,26,40
29,8,17,0.06108405068516731,player-2,40,33,28,44
29,9,17,0.0744168646633625,player-3,40,39,30,46
29,10,18,0.047457870095968246,player-1,40,41,34,47
29,11,28,0.06874999962747097,none,42,41,34,53
29,12,15,0.03137486055493355,none,42,42,36,61
30,1,17,0.05829101428389549,player-3,3,8,6,0
30,2,23,0.04354212433099747,none,3,15,7,5
30,3,17,0.058582983911037445,player-1,14,15,9,6
30,4,17,0.06537488661706448,player-2,19,19,10,6
30,5,19,0.05675014108419418,player-1,21,21,15,8
30,6,19,0.04291697405278683,player-2,28,24,16,13
30,7,19,0.06670807488262653,player-3,35,30,19,18
30,8,20,0.05879206582903862,player-1,39,35,19,22
30,9,18,0.06512482650578022,player-4,44,41,21,26
30,10,17,0.05475012585520744,player-4,44,45,25,37
30,11,18,0.05666585639119148,player-2,50,49,28,47
30,12,18,0.05720788612961769,player-3,53,50,29,48
30,13,17,0.05300017073750496,player-3,55,51,38,50
31,1,17,0.05820905789732933,player-1,7,6,2,2
31,2,17,0.06529083475470543,player-2,7,20,7,7
31,3,17,0.05550007335841656,player-3,10,24,13,12
31,4,17,0.05200016312301159,player-4,19,28,20,13
31,5,17,0.04733307287096977,player-1,20,30,21,14
31,6,20,0.05991593934595585,player-1,24,33,23,19
31,7,26,0.05654105916619301,none,27,36,25,23
31,8,18,0.05925004370510578,player-1,28,38,35,23
31,9,17,0.06612506695091724,player-1,42,38,40,29
31,10,18,0.053584109991788864,player-3,47,39,51,29
31,11,18,0.04858383908867836,player-4,50,43,52,32
32,1,17,0.062374863773584366,player-1,7,3,1,7
32,2,18,0.04945788532495499,none,11,8,12,11
32,3,20,0.05170796066522598,player-2,15,12,14,12
32,4,17,0.05458318628370762,player-4,18,16,22,17
32,5,17,0.0491670798510313,player-1,23,18,23,23
32,6,17,0.05725002847611904,player-2,29,26,23,27
32,7,17,0.059042125940322876,player-3,32,30,30,32
32,8,17,0.09370897896587849,player-4,32,30,39,43
32,9,17,0.05920790135860443,player-1,37,30,42,47
32,10,18,0.056541990488767624,player-3,40,35,45,50
32,11,17,0.06233318708837032,player-3,44,37,52,54
32,12,19,0.07445900700986385,player-2,47,45,61,70
33,1,18,0.04841596819460392,player-1,6,0,1,2
33,2,17,0.0765831209719181,player-1,17,3,4,2
33,3,17,0.05462486296892166,player-2,18,7,7,4
33,4,17,0.048208050429821014,player-3,21,12,10,10
33,5,17,0.04737521521747112,player-4,22,17,13,17
33,6,18,0.05983398295938969,player-2,26,19,18,22
33,7,17,0.04237494431436062,player-2,26,22,21,24
33,8,26,0.08162506856024265,player-4,31,28,24,27
33,9,17,0.04066689871251583,player-4,31,30,26,32
33,10,17,0.05691591650247574,player-1,36,34,32,37
33,11,18,0.04224991425871849,player-3,42,35,34,39
33,12,17,0.05195802077651024,player-3,45,39,39,41
33,13,17,0.06391690112650394,player-4,54,39,47,46
34,1,18,0.05833292379975319,player-4,1,5,6,9
34,2,17,0.060584163293242455,player-4,5,11,6,13
34,3,19,0.06458279676735401,player-3,16,15,17,13
34,4,17,0.07216702215373516,player-2,17,19,20,25
34,5,17,0.059416983276605606,player-3,23,23,28,33
34,6,20,0.05150004290044308,player-3,23,25,30,35
34,7,17,0.05420786328613758,player-1,27,28,35,42
34,8,19,0.07570791058242321,player-4,29,33,41,44
34,9,17,0.05708308890461922,player-3,31,36,46,47
34,10,18,0.05141599103808403,player-1,32,39,46,51
34,11,17,0.06670807488262653,player-1,37,39,49,54
34,12,24,0.0713749323040247,player-1,43,44,50,61
35,1,17,0.04658382385969162,player-2,3,6,2,3
35,2,18,0.04283408634364605,player-4,11,8,4,5
35,3,20,0.04575005732476711,player-3,11,10,5,7
35,4,24,0.04495913162827492,none,12,10,6,11
35,5,17,0.06383401341736317,player-2,20,15,9,14
35,6,27,0.062417006120085716,player-1,24,15,15,18
35,7,17,0.04975008778274059,player-4,24,19,16,25
35,8,17,0.04812492989003658,player-1,27,22,18,32
35,9,17,0.05945796146988869,player-2,27,28,18,34
35,10,17,0.05670799873769283,player-3,30,35,26,37
35,11,17,0.0541249755769968,player-4,36,39,30,41
35,12,18,0.045082997530698776,player-2,36,41,34,45
35,13,19,0.06066705100238323,player-4,36,49,38,52
36,1,17,0.051541952416300774,player-1,6,0,4,2
36,2,17,0.054999953135848045,player-2,8,1,5,7
36,3,18,0.04979223012924194,player-4,11,1,7,15
36,4,17,0.059791142120957375,player-4,23,1,14,20
36,5,17,0.06395811215043068,player-1,25,3,21,24
36,6,17,0.04733307287096977,player-2,29,8,23,27
36,7,17,0.04545808769762516,player-3,32,15,27,27
36,8,18,0.04979199729859829,player-1,37,19,29,30
36,9,17,0.05729193799197674,player-1,38,22,34,35
36,10,17,0.07429206743836403,player-2,42,24,42,38
36,11,20,0.04508392885327339,none,44,26,44,39
36,12,17,0.04929187707602978,player-4,47,27,50,45
36,13,17,0.052916817367076874,player-1,51,31,53,45
37,1,17,0.05204183980822563,player-2,4,3,0,3
37,2,31,0.07654214277863503,player-1,10,13,4,5
37,3,18,0.06108288653194904,player-1,16,18,8,6
37,4,17,0.05633290857076645,player-1,22,23,10,9
37,5,17,0.04433398135006428,player-2,24,25,10,12
37,6,23,0.061625149101018906,player-1,29,27,17,16
37,7,17,0.051459064707159996,player-4,32,31,20,19
37,8,17,0.05216686986386776,player-1,37,35,20,19
37,9,17,0.0516669824719429,player-2,42,41,20,22
37,10,19,0.06779097020626068,player-1,42,48,21,27
37,11,17,0.05529099144041538,player-4,43,49,23,34
37,12,17,0.05345791578292847,player-1,47,53,23,45
37,13,17,0.048040878027677536,player-2,53,56,25,47
38,1,19,0.05712499842047691,player-2,3,3,2,8
38,2,17,0.055791111662983894,player-1,9,7,6,11
38,3,18,0.05216686986386776,player-3,14,9,10,13
38,4,18,0.051999930292367935,player-4,16,13,17,20
38,5,17,0.038084108382463455,player-4,17,15,18,25
38,6,17,0.06362493149936199,player-1,20,24,18,34
38,7,18,0.060416990891098976,player-3,20,27,21,41
38,8,18,0.049958936870098114,player-4,24,31,22,44
38,9,17,0.05925004370510578,player-4,29,38,28,54
38,10,18,0.06245891563594341,player-2,32,40,31,56
38,11,25,0.05862489342689514,player-2,35,49,37,60
39,1,17,0.06462493911385536,player-4,3,5,2,6
39,2,17,0.05520787090063095,player-1,8,10,13,11
39,3,17,0.05720905028283596,player-2,8,13,16,18
39,4,18,0.06766710430383682,player-4,16,17,18,25
39,5,17,0.06804103031754494,player-4,24,26,22,32
39,6,19,0.05720788612961769,player-3,24,30,27,35
39,7,17,0.05791708827018738,player-2,27,34,34,35
39,8,17,0.05112518556416035,player-3,30,37,42,39
39,9,17,0.07229181937873363,player-4,31,43,47,44
39,10,18,0.0743749551475048,player-2,33,57,51,47
40,1,17,0.07562502287328243,player-3,8,2,11,3
40,2,19,0.05683302879333496,player-2,13,8,11,10
40,3,18,0.05533313378691673,player-2,17,20,13,14
40,4,18,0.04824995994567871,player-3,22,22,14,15
40,5,17,0.05324999801814556,player-3,22,24,15,18
40,6,20,0.05362485535442829,player-3,25,27,17,23
40,7,17,0.04858383908867836,player-1,29,30,23,26
40,8,17,0.05925004370510578,player-2,34,34,28,30
40,9,17,0.06637489423155785,player-3,34,39,33,35
40,10,19,0.06874999962747097,player-2,39,43,41,35
40,11,18,0.0552500132471323,player-2,40,45,45,41
40,12,17,0.05295802839100361,player-2,45,47,54,44
40,13,18,0.06795814260840416,player-4,46,48,55,50
41,1,21,0.07379194721579552,player-2,3,5,3,3
41,2,17,0.06383308209478855,player-3,4,10,9,5
41,3,18,0.06104190833866596,player-1,11,16,10,14
41,4,17,0.038499943912029266,player-1,15,17,11,16
41,5,17,0.05091703496873379,player-2,19,21,13,16
41,6,17,0.04937499761581421,player-3,19,25,22,20
41,7,17,0.04412513226270676,player-4,20,25,29,24
41,8,17,0.054208096116781235,player-1,23,27,32,32
41,9,18,0.05933316424489021,player-3,32,31,37,36
41,10,29,0.07575005292892456,player-3,35,35,46,37
41,11,17,0.06587500683963299,player-4,40,39,46,42
41,12,19,0.05087489262223244,player-3,44,42,52,42
41,13,25,0.05679205060005188,none,44,46,57,43
42,1,19,0.05762488581240177,player-2,5,4,6,8
42,2,17,0.07049995474517345,player-1,15,14,11,13
42,3,17,0.0789170153439045,player-2,17,20,16,15
42,4,17,0.05545886233448982,player-3,24,24,27,19
42,5,20,0.07812492549419403,player-3,28,31,29,21
42,6,17,0.054915901273489,player-1,33,31,35,24
42,7,18,0.0655418261885643,player-3,44,38,39,27
42,8,17,0.04691700451076031,player-3,44,40,45,29
42,9,17,0.0414170790463686,player-4,44,44,47,35
42,10,17,0.048582907766103745,player-1,47,44,51,38
42,11,17,0.05037500523030758,player-2,48,46,53,43
43,1,17,0.06524985656142235,player-2,2,3,1,8
43,2,17,0.06316718645393848,player-3,6,7,7,11
43,3,17,0.06866687908768654,player-4,8,7,8,20
43,4,17,0.05183299072086811,player-1,13,9,13,30
43,5,20,0.059416983276605606,player-1,20,13,17,32
43,6,17,0.05766586400568485,player-3,25,17,24,32
43,7,17,0.04529091529548168,player-4,25,25,27,38
43,8,17,0.05200016312301159,player-1,29,25,28,42
43,9,20,0.05554105155169964,player-1,37,27,29,45
43,10,19,0.0461251474916935,player-1,40,27,35,48
43,11,17,0.06679212674498558,player-4,46,32,37,53
43,12,18,0.0675420742481947,player-2,48,38,41,56
43,13,17,0.05029188469052315,player-2,48,48,41,63
44,1,17,0.05720905028283596,player-1,13,3,9,0
44,2,17,0.07833307608962059,player-2,15,17,10,9
44,3,19,0.05541602149605751,player-1,17,19,11,12
44,4,18,0.054208096116781235,player-1,18,23,13,16
44,5,18,0.0563750509172678,player-2,21,23,13,22
44,6,20,0.062417006120085716,player-1,25,27,23,32
44,7,18,0.054459087550640106,player-4,27,30,29,38
44,8,17,0.046083005145192146,player-4,30,36,37,40
44,9,20,0.048667192459106445,player-4,33,39,39,44
44,10,17,0.05258317105472088,player-2,33,47,45,51
44,11,19,0.060791848227381706,player-1,37,49,47,56
45,1,18,0.06329198367893696,player-4,8,0,2,8
45,2,17,0.04824995994567871,player-4,8,3,5,11
45,3,17,0.04429207183420658,player-1,10,5,7,13
45,4,19,0.05979090929031372,player-4,10,13,10,25
45,5,17,0.05229189991950989,player-3,10,15,11,32
45,6,18,0.05875015631318092,player-1,14,19,19,37
45,7,19,0.061791157349944115,player-3,19,27,24,39
45,8,17,0.05154102109372616,player-2,19,33,26,43
45,9,17,0.05825003609061241,player-3,25,36,30,43
45,10,18,0.04216702654957771,player-1,29,37,31,45
45,11,17,0.05383300594985485,player-1,31,37,38,54
45,12,19,0.04941597580909729,player-4,36,41,42,63
46,1,17,0.05316617898643017,player-1,6,0,7,9
46,2,17,0.056582968682050705,player-2,9,4,8,11
46,3,19,0.05366699770092964,player-1,17,13,8,19
46,4,17,0.05937507376074791,player-4,21,19,11,31
46,5,17,0.055625103414058685,player-1,31,21,14,33
46,6,18,0.05670799873769283,player-3,35,23,25,43
46,7,17,0.06354204379022121,player-3,38,24,29,47
46,8,19,0.057541998103260994,player-2,48,33,33,48
46,9,19,0.0477498397231102,player-3,50,35,35,51
46,10,17,0.06991694681346416,player-2,53,44,38,60
47,1,22,0.052958959713578224,player-4,5,3,3,1
47,2,17,0.05570799112319946,player-4,7,7,5,4
47,3,17,0.06949994713068008,player-1,14,7,11,6
47,4,19,0.05312496796250343,player-4,16,11,12,8
47,5,17,0.0541668850928545,player-3,19,13,15,10
47,6,17,0.08333288133144379,player-4,23,27,18,14
47,7,17,0.06612483412027359,player-1,37,34,18,18
47,8,18,0.09316718205809593,player-3,45,44,24,20
47,9,17,0.08183298632502556,player-3,48,47,26,28
47,10,18,0.06720796227455139,player-1,57,49,28,28
47,11,17,0.04954100586473942,player-1,62,49,29,34
47,12,18,0.061791157349944115,player-3,64,53,32,35
47,13,20,0.05870917811989784,player-2,68,60,37,37
48,1,23,0.061125028878450394,player-4,0,5,3,6
48,2,19,0.05000014789402485,player-1,2,5,5,9
48,3,17,0.05645793862640858,player-4,7,13,7,14
48,4,17,0.055208103731274605,player-1,18,15,15,14
48,5,18,0.06575020961463451,player-3,21,18,18,15
48,6,17,0.05579204298555851,player-3,23,20,26,18
48,7,21,0.06125005893409252,player-4,26,24,31,24
48,8,17,0.046999892219901085,player-1,31,27,32,26
48,9,17,0.04516704939305782,player-2,33,32,33,28
48,10,18,0.047584064304828644,player-4,34,39,37,31
48,11,19,0.05204183980822563,player-2,34,46,43,34
48,12,17,0.04587485454976559,player-1,39,51,45,38
48,13,18,0.07520802319049835,player-3,43,66,49,41
49,1,17,0.05650008097290993,player-2,5,5,1,4
49,2,17,0.049083027988672256,player-3,5,9,4,4
49,3,17,0.043999869376420975,player-4,8,11,7,10
49,4,17,0.057625118643045425,player-1,14,11,13,11
49,5,17,0.05300017073750496,player-2,14,18,19,17
49,6,17,0.04087504930794239,player-3,19,22,26,19
49,7,17,0.057499855756759644,player-4,22,27,29,21
49,8,19,0.054042087867856026,player-3,29,29,39,28
49,9,17,0.05616690032184124,player-2,31,32,43,35
49,10,17,0.0669590663164854,player-3,36,39,52,37
49,11,19,0.04870886914432049,player-2,37,41,55,38
49,12,17,0.0524579081684351,player-1,46,41,57,44
50,1,20,0.07204199209809303,player-3,5,2,6,0
50,2,17,0.05666702054440975,player-1,9,8,6,6
50,3,22,0.05474989302456379,player-3,12,9,10,6
50,4,17,0.06091617979109287,player-3,14,9,12,9
50,5,17,0.0499160960316658,player-4,15,11,15,16
50,6,20,0.057625118643045425,player-4,16,11,22,22
50,7,18,0.047083012759685516,player-3,16,14,25,28
50,8,18,0.05683302879333496,player-4,20,14,41,28
50,9,17,0.058499863371253014,player-4,26,18,47,32
50,10,19,0.044250162318348885,player-3,28,18,50,33
50,11,17,0.04179193638265133,player-2,28,24,50,35
50,12,17,0.05725002847611904,player-3,35,26,55,35
50,13,17,0.06195809692144394,player-4,39,32,55,38
50,14,18,0.054957810789346695,player-2,44,40,66,38
51,1,18,0.05666585639119148,player-3,2,4,6,1
51,2,17,0.054582953453063965,player-3,2,4,15,5
51,3,18,0.053999945521354675,player-1,6,6,21,5
51,4,18,0.0561252236366272,player-2,10,10,24,7
51,5,17,0.051582930609583855,player-2,15,19,24,7
51,6,20,0.05783303640782833,player-2,18,26,30,12
51,7,18,0.07962505333125591,player-1,22,33,32,23
51,8,17,0.06604194641113281,player-1,23,39,34,29
51,9,17,0.0387909822165966,player-2,26,43,35,31
51,10,17,0.07054116576910019,player-3,29,45,41,38
51,11,17,0.0590828713029623,player-4,31,52,49,53
52,1,18,0.06591691635549068,player-1,4,3,4,4
52,2,22,0.06645801477134228,player-2,5,10,4,6
52,3,17,0.04850002005696297,player-2,5,11,4,8
52,4,24,0.077791977673769,player-2,10,22,9,18
52,5,17,0.07070810534060001,player-4,10,26,16,22
52,6,18,0.05708285607397556,player-2,14,31,16,25
52,7,18,0.06737513467669487,player-3,18,40,20,29
52,8,17,0.07991702295839787,player-3,22,46,26,33
52,9,17,0.0730000901967287,player-4,32,50,31,48
52,10,18,0.07125013507902622,player-2,34,50,33,58
53,1,18,0.04312512464821339,player-1,1,3,2,1
53,2,19,0.05725002847611904,player-3,1,8,7,1
53,3,18,0.05470798350870609,player-3,3,9,10,3
53,4,17,0.06404099985957146,player-3,6,17,16,7
53,5,18,0.07104198448359966,player-1,22,24,24,7
53,6,18,0.05287490785121918,player-2,28,28,24,9
53,7,17,0.0689169391989708,player-2,30,33,28,14
53,8,20,0.06070802919566631,player-2,34,38,30,21
53,9,17,0.06508408114314079,player-4,35,38,40,24
53,10,17,0.06412481889128685,player-1,42,39,43,26
53,11,17,0.04783296026289463,player-2,43,47,47,28
53,12,18,0.04912493750452995,player-4,43,54,48,31
53,13,17,0.08941604755818844,player-4,48,60,55,36
54,1,18,0.06670900620520115,player-1,4,0,4,6
54,2,17,0.07466692477464676,player-1,12,4,9,9
54,3,17,0.08012517355382442,player-2,25,14,10,12
54,4,18,0.06937491707503796,player-4,28,15,15,20
54,5,17,0.07416587322950363,player-4,30,18,19,26
54,6,19,0.06954092532396317,player-3,32,19,24,31
54,7,17,0.063000014051795,player-2,37,21,29,33
54,8,17,0.05554105155169964,player-3,39,23,39,35
54,9,19,0.08762488141655922,player-2,44,26,43,41
54,10,17,0.07241708226501942,player-1,53,33,43,42
54,11,17,0.061583006754517555,player-2,53,35,45,46
54,12,17,0.06516603752970695,player-3,56,35,50,52
55,1,18,0.0654999166727066,player-3,3,4,5,3
55,2,20,0.062499893829226494,player-2,3,7,9,9
55,3,17,0.071333022788167,player-4,11,10,16,12
55,4,18,0.07283315062522888,player-2,14,18,18,19
55,5,17,0.05904096178710461,player-2,14,24,18,24
55,6,17,0.07066619582474232,player-3,23,29,24,24
55,7,18,0.07062498480081558,player-1,25,31,30,26
55,8,17,0.04875008016824722,player-1,26,33,30,31
55,9,20,0.07050018757581711,player-1,31,34,30,36
55,10,17,0.05562487058341503,player-3,31,39,37,38
55,11,22,0.05950010381639004,player-1,36,39,39,42
55,12,18,0.04937499761581421,player-2,43,49,44,43
55,13,17,0.06645801477134228,player-2,44,51,52,48
55,14,18,0.046791043132543564,player-4,45,55,53,52
56,1,17,0.046833185479044914,player-2,0,6,3,1
56,2,17,0.0449582003057003,player-3,9,8,12,6
56,3,18,0.05179201252758503,player-1,19,10,16,11
56,4,19,0.08075009100139141,player-3,19,17,21,11
56,5,17,0.05808309651911259,player-2,19,27,23,13
56,6,18,0.07179193198680878,player-4,23,35,34,17
56,7,17,0.09712483733892441,player-4,27,41,38,27
56,8,18,0.07254211232066154,player-2,27,45,40,33
56,9,18,0.03900006413459778,player-3,30,49,46,33
56,10,18,0.04333397373557091,player-4,31,52,48,35
56,11,20,0.05358317866921425,player-3,33,54,49,37
56,12,17,0.04341593012213707,player-1,37,54,49,42
56,13,18,0.055958982557058334,player-3,44,60,58,44
57,1,17,0.05691591650247574,player-1,7,3,0,5
57,2,17,0.04470790736377239,player-2,7,5,3,8
57,3,26,0.06820796988904476,none,9,11,3,13
57,4,17,0.07345899939537048,player-4,19,19,4,19
57,5,19,0.041250139474868774,player-3,21,21,5,21
57,6,23,0.05204114131629467,player-4,21,23,6,23
57,7,17,0.05333404988050461,player-3,27,23,11,25
57,8,18,0.04687509499490261,player-1,28,23,17,37
57,9,17,0.06445799954235554,player-1,36,23,25,40
57,10,17,0.048416899517178535,player-2,43,32,29,42
57,11,18,0.057916855439543724,player-4,45,34,33,48
57,12,19,0.04975008778274059,player-2,49,35,33,54
57,13,17,0.053582945838570595,player-1,55,38,33,59
57,14,19,0.050165923312306404,player-4,57,44,34,62
58,1,17,0.06345799192786217,player-3,10,2,11,4
58,2,19,0.046625034883618355,player-2,10,4,14,5
58,3,17,0.05783303640782833,player-1,17,10,15,5
58,4,18,0.054999953135848045,player-3,19,16,17,6
58,5,23,0.059916870668530464,none,26,25,24,8
58,6,20,0.05224999040365219,player-3,28,29,33,8
58,7,18,0.04704110324382782,player-2,30,33,33,10
58,8,19,0.08733291178941727,player-4,42,33,48,23
58,9,18,0.06208289414644241,player-4,43,39,51,27
58,10,17,0.041791005060076714,player-4,44,43,53,31
58,11,18,0.05462486296892166,player-2,46,51,53,40
58,12,17,0.048832967877388,player-2,49,57,55,43
59,1,18,0.06804103031754494,player-4,4,2,2,9
59,2,20,0.053833937272429466,player-3,7,10,6,12
59,3,17,0.07287482731044292,player-1,17,14,10,12
59,4,17,0.06595812737941742,player-2,19,27,10,12
59,5,18,0.047791050747036934,player-4,26,35,16,21
59,6,20,0.06233295425772667,player-3,30,37,25,23
59,7,17,0.06383308209478855,player-1,39,48,28,33
59,8,17,0.04154187627136707,player-2,39,51,28,37
59,9,17,0.0715828500688076,player-3,46,51,35,39
59,10,17,0.05029095336794853,player-4,49,51,39,40
59,11,17,0.0730419997125864,player-1,50,55,42,49
60,1,23,0.0663751270622015,player-3,7,4,8,7
60,2,18,0.063000014051795,player-3,11,12,9,10
60,3,17,0.04729209467768669,player-3,16,12,12,12
60,4,17,0.05641602911055088,player-4,17,16,17,16
60,5,20,0.07204106077551842,player-4,21,28,26,22
60,6,19,0.05879090167582035,player-4,25,32,31,29
60,7,20,0.03941589966416359,player-2,25,41,34,35
60,8,17,0.05216686986386776,player-4,28,44,36,45
60,9,17,0.04204106517136097,player-1,32,46,36,45
60,10,17,0.04295795224606991,player-2,32,53,37,49
61,1,20,0.07312512025237083,player-1,2,6,7,8
61,2,17,0.06533297710120678,player-3,4,15,13,20
61,3,18,0.04700012505054474,player-1,8,15,15,22
61,4,17,0.051999930292367935,player-1,15,18,18,25
61,5,17,0.05316687747836113,player-2,19,25,18,31
61,6,19,0.06133411079645157,player-1,40,30,24,31
61,7,18,0.05483301356434822,player-1,42,36,26,34
61,8,20,0.04837499000132084,player-4,47,38,26,38
61,9,17,0.045459019020199776,player-2,49,45,26,42
61,10,17,0.04779198206961155,player-3,51,49,29,42
61,11,17,0.06258301436901093,player-4,59,54,33,46
62,1,19,0.056791817769408226,player-2,3,8,3,9
62,2,17,0.07833307608962059,player-1,23,11,17,13
62,3,18,0.04716613329946995,player-3,23,17,18,14
62,4,18,0.05462486296892166,player-4,24,22,22,22
62,5,28,0.06500002928078175,player-3,30,32,25,23
62,6,18,0.060582999140024185,player-2,30,34,29,30
62,7,18,0.060333870351314545,player-3,34,39,29,30
62,8,17,0.05066697485744953,player-3,37,42,31,33
62,9,21,0.055541982874274254,player-4,39,48,36,39
62,10,17,0.047791050747036934,player-1,44,53,40,45
62,11,17,0.04608393646776676,player-2,47,55,41,46
63,1,18,0.06183399818837643,player-4,6,11,4,0
63,2,22,0.0880418810993433,player-1,10,16,9,5
63,3,17,0.0602079089730978,player-1,15,21,11,8
63,4,17,0.05224999040365219,player-2,15,24,12,16
63,5,17,0.045667169615626335,player-3,16,27,16,18
63,6,17,0.07783295586705208,player-4,21,35,16,23
63,7,19,0.05270913243293762,player-3,26,35,19,23
63,8,17,0.04358310252428055,player-2,32,38,24,23
63,9,17,0.04229182377457619,player-3,32,41,29,27
63,10,17,0.057582976296544075,player-4,32,47,32,36
63,11,17,0.043082982301712036,player-1,32,50,34,44
63,12,18,0.04624994471669197,player-3,36,53,46,50
64,1,19,0.046042026951909065,player-3,5,7,5,1
64,2,20,0.06804103031754494,player-1,11,10,12,3
64,3,17,0.06083305925130844,player-3,13,17,27,12
64,4,17,0.050042057409882545,player-4,18,19,30,20
64,5,17,0.06554089486598969,player-1,27,26,32,23
64,6,17,0.054165953770279884,player-2,31,27,36,26
64,7,18,0.05695805884897709,player-4,34,32,42,29
64,8,17,0.07904204539954662,player-4,37,38,52,32
64,9,24,0.056582968682050705,player-4,37,39,59,38
64,10,17,0.07537496276199818,player-2,45,44,61,41
65,1,17,0.04791608080267906,player-4,2,0,1,5
65,2,19,0.07141707465052605,player-3,4,6,5,10
65,3,17,0.05762488581240177,player-2,5,15,12,18
65,4,19,0.053584109991788864,player-1,9,23,14,19
65,5,17,0.0439169816672802,player-4,9,23,16,20
65,6,19,0.05433289334177971,player-3,10,32,20,23
65,7,19,0.07216702215373516,player-4,18,47,32,34
65,8,19,0.04987511783838272,player-1,20,52,33,37
65,9,17,0.06345799192786217,player-4,21,59,35,40
65,10,17,0.04912493750452995,player-1,26,60,35,50
66,1,20,0.0635411124676466,player-3,1,7,5,9
66,2,17,0.04933285526931286,player-1,7,13,5,12
66,3,17,0.05683302879333496,player-2,12,16,6,19
66,4,18,0.055625103414058685,player-4,19,18,13,21
66,5,18,0.046999892219901085,player-1,21,18,20,25
66,6,19,0.08287513628602028,player-3,23,31,33,27
66,7,19,0.05712499842047691,player-4,23,34,33,32
66,8,20,0.05087489262223244,player-2,24,39,35,34
66,9,19,0.061333877965807915,player-2,24,51,39,38
66,10,17,0.050250208005309105,player-1,26,55,43,42
66,11,17,0.05229213275015354,player-2,36,69,44,42
67,1,17,0.057999975979328156,player-3,2,3,5,3
67,2,17,0.06329081952571869,player-4,5,5,8,5
67,3,17,0.0475000124424696,player-1,9,12,10,5
67,4,17,0.05208398215472698,player-2,16,15,11,9
67,5,23,0.04349998198449612,none,19,15,15,12
67,6,18,0.057541998103260994,player-1,26,16,19,16
67,7,17,0.0527501106262207,player-1,29,19,22,21
67,8,17,0.038667116314172745,player-2,29,23,22,22
67,9,18,0.0599580816924572,player-4,31,23,25,27
67,10,17,0.05470798350870609,player-4,34,28,28,31
67,11,18,0.05379202775657177,player-2,40,35,28,31
67,12,19,0.05929195322096348,player-4,44,38,32,32
67,13,18,0.07858406752347946,player-4,54,40,35,36
67,14,17,0.05520787090063095,player-4,54,43,35,43
67,15,18,0.0849580392241478,player-2,58,54,40,50
68,1,18,0.06204191595315933,player-1,0,6,2,9
68,2,19,0.04383292980492115,player-3,5,8,12,9
68,3,18,0.04374980926513672,player-3,6,13,16,12
68,4,17,0.05387491546571255,player-3,11,15,27,16
68,5,18,0.04858383908867836,player-1,14,17,31,17
68,6,17,0.06150011904537678,player-1,16,18,38,25
68,7,20,0.07379194721579552,player-1,22,23,47,32
68,8,18,0.05233311094343662,player-4,22,24,48,38
68,9,30,0.06279093213379383,player-1,29,25,55,41
68,10,21,0.07675006054341793,player-1,33,26,60,46
68,11,18,0.05574990063905716,player-3,39,26,66,50
69,1,17,0.04216702654957771,player-2,2,5,2,1
69,2,17,0.056042103096842766,player-3,3,8,7,1
69,3,17,0.06429105997085571,player-4,11,8,9,9
69,4,18,0.052582938224077225,player-2,15,9,10,11
69,5,18,0.041207997128367424,player-3,15,9,16,12
69,6,17,0.0535410363227129,player-3,18,9,20,14
69,7,17,0.07774983532726765,player-4,21,13,20,21
69,8,19,0.05112495273351669,player-3,24,21,22,27
69,9,17,0.05016615614295006,player-2,27,23,22,29
69,10,17,0.04987511783838272,none,30,26,24,35
69,11,17,0.06862496957182884,player-4,35,29,24,40
69,12,18,0.06841705180704594,player-2,39,35,24,42
69,13,17,0.07487507537007332,player-2,41,38,32,42
69,14,19,0.07583387196063995,player-1,45,43,34,48
69,15,22,0.06854208186268806,player-1,45,51,36,54
70,1,17,0.05033309571444988,player-4,4,3,1,6
70,2,17,0.0804578885436058,player-1,14,9,3,8
70,3,17,0.05875015631318092,player-2,17,14,7,18
70,4,17,0.04608393646776676,player-3,20,19,16,18
70,5,17,0.05429098382592201,player-4,20,22,20,28
70,6,17,0.057042110711336136,player-1,25,26,21,29
70,7,18,0.04424992948770523,player-3,26,29,25,30
70,8,18,0.05408399738371372,player-4,30,36,29,39
70,9,17,0.05454220809042454,player-4,37,42,42,49
70,10,19,0.06104190833866596,player-3,42,47,44,55
71,1,17,0.05441601388156414,player-2,2,6,1,3
71,2,19,0.07108389399945736,player-1,5,9,5,5
71,3,17,0.07483293302357197,player-4,5,11,8,12
71,4,22,0.047625042498111725,player-2,5,15,8,15
71,5,17,0.0677919015288353,player-2,9,23,10,21
71,6,19,0.06966688670217991,player-1,15,27,12,25
71,7,17,0.0599580816924572,player-4,18,34,14,29
71,8,17,0.07233303040266037,player-1,18,34,16,36
71,9,17,0.047250185161828995,player-2,19,38,19,36
71,10,17,0.04624994471669197,player-3,24,42,25,37
71,11,18,0.05279085598886013,player-1,30,46,34,41
71,12,17,0.04729186184704304,player-1,33,50,34,43
71,13,18,0.061042141169309616,player-3,37,53,36,53
72,1,17,0.05445792339742184,player-4,7,5,2,8
72,2,18,0.04829210229218006,player-2,7,14,4,13
72,3,20,0.05233404226601124,player-1,8,15,4,18
72,4,18,0.04591583274304867,player-4,14,17,12,25
72,5,17,0.06162491627037525,player-4,17,18,17,31
72,6,17,0.06449990905821323,player-1,18,25,22,40
72,7,17,0.04833401180803776,player-2,22,31,24,41
72,8,36,0.058499863371253014,player-2,28,40,24,43
72,9,25,0.042208004742860794,none,30,40,30,50
72,10,18,0.04787510260939598,player-2,37,42,33,54
72,11,17,0.06516603752970695,player-2,37,44,40,59
73,1,18,0.0538751482963562,player-1,11,11,5,5
73,2,17,0.07158308289945126,player-1,32,22,11,12
73,3,17,0.05687493830919266,player-2,36,26,11,12
73,4,21,0.0635830219835043,player-3,41,31,15,15
73,5,17,0.042041996493935585,player-4,42,33,15,19
73,6,21,0.058582983911037445,player-1,45,35,21,24
73,7,17,0.05283299833536148,player-2,50,37,23,31
73,8,20,0.05983398295938969,player-2,55,42,26,31
73,9,18,0.06325007416307926,player-1,58,48,28,36
73,10,19,0.062000006437301636,player-3,62,52,33,42
73,11,17,0.06291619502007961,player-2,65,56,44,44
74,1,18,0.06933393888175488,player-1,12,4,13,5
74,2,17,0.05024997517466545,player-1,20,7,20,6
74,3,17,0.046625034883618355,player-2,22,11,22,10
74,4,18,0.04879082553088665,player-4,24,14,28,12
74,5,18,0.04600011743605137,player-1,27,19,31,17
74,6,17,0.044208019971847534,player-1,32,25,31,24
74,7,17,0.045000109821558,player-2,32,32,32,24
74,8,17,0.05291611887514591,player-3,35,36,34,26
74,9,17,0.056416960433125496,player-4,35,40,37,31
74,10,18,0.05041714757680893,player-2,35,45,40,34
74,11,19,0.058791134506464005,player-4,37,45,43,37
74,12,18,0.05845795385539532,player-4,40,51,47,42
74,13,22,0.06758281961083412,player-1,41,55,55,51
75,1,20,0.05487492308020592,player-1,14,3,2,7
75,2,18,0.06254203617572784,player-4,15,6,6,11
75,3,18,0.06516696885228157,player-1,18,8,7,15
75,4,18,0.04283292219042778,player-2,21,15,7,17
75,5,26,0.05191704258322716,player-3,21,17,12,17
75,6,18,0.04433305002748966,player-4,21,19,13,20
75,7,20,0.0491670798510313,player-3,22,19,19,24
75,8,19,0.06950017996132374,player-3,27,27,29,30
75,9,17,0.05962490104138851,player-2,27,36,34,32
75,10,18,0.06141606718301773,player-4,27,36,38,35
75,11,17,0.05787494592368603,player-4,29,39,42,40
75,12,18,0.050999922677874565,player-2,35,44,46,43
75,13,18,0.04695798270404339,player-3,41,48,47,48
75,14,17,0.049040885642170906,player-3,44,48,54,50
75,15,18,0.05383300594985485,player-1,45,50,61,57
76,1,18,0.0539170578122139,player-1,2,0,1,4
76,2,17,0.06379187107086182,player-1,10,2,7,7
76,3,17,0.04833308048546314,player-2,15,7,8,10
76,4,18,0.06574997678399086,player-4,20,12,12,15
76,5,17,0.0503340270370245,player-4,22,15,14,23
76,6,18,0.05962490104138851,player-2,29,16,15,27
76,7,17,0.06504100747406483,player-2,37,19,18,38
76,8,18,0.051582930609583855,player-4,37,23,20,40
76,9,17,0.06858282722532749,player-4,40,32,20,51
76,10,17,0.057541998103260994,player-1,42,36,20,59
76,11,17,0.06366707384586334,player-2,46,40,24,68
77,1,26,0.04812516272068024,none,2,0,5,4
77,2,19,0.046042026951909065,player-2,2,6,9,8
77,3,17,0.05312496796250343,player-1,11,6,13,11
77,4,18,0.06816699169576168,player-3,11,8,23,20
77,5,19,0.07262500002980232,player-1,17,16,27,22
77,6,19,0.03987504169344902,none,18,18,29,23
77,7,18,0.05162484012544155,player-2,22,23,30,27
77,8,20,0.05258386954665184,player-1,27,28,30,30
77,9,18,0.0688331201672554,player-4,28,28,33,33
77,10,18,0.0566248781979084,player-1,32,30,39,38
77,11,17,0.04949979484081268,player-1,39,35,40,40
77,12,18,0.05479203537106514,player-3,45,36,49,42
77,13,17,0.05779089406132698,player-3,49,38,58,48
78,1,18,0.06670900620520115,player-4,12,10,8,5
78,2,17,0.04729186184704304,player-4,16,12,14,14
78,3,30,0.06162491627037525,none,17,13,18,20
78,4,18,0.0628340058028698,player-3,21,20,23,25
78,5,18,0.05862489342689514,player-4,24,26,25,32
78,6,18,0.051541952416300774,player-1,28,28,27,34
78,7,17,0.048584071919322014,player-1,35,34,30,34
78,8,21,0.05566701292991638,player-2,40,44,38,41
78,9,22,0.07141591049730778,player-4,43,48,43,42
78,10,17,0.054791802540421486,player-4,49,52,46,45
78,11,17,0.08562509901821613,player-1,53,59,51,54
79,1,19,0.08070794865489006,player-4,2,13,0,15
79,2,19,0.05479087121784687,player-1,6,18,4,18
79,3,18,0.059750163927674294,player-1,11,22,14,19
79,4,25,0.06725010462105274,player-1,15,25,15,21
79,5,17,0.06237509660422802,player-2,19,31,20,27
79,6,18,0.0896661076694727,player-4,31,32,34,28
79,7,17,0.052999937906861305,player-4,33,39,37,36
79,8,17,0.05433312617242336,player-1,35,43,46,37
79,9,17,0.0663751270622015,player-2,40,45,56,49
79,10,19,0.04437495954334736,player-1,45,48,58,49
80,1,18,0.06233295425772667,player-4,2,5,2,0
80,2,17,0.06316602230072021,player-4,6,10,3,5
80,3,17,0.042250147089362144,player-1,10,15,5,5
80,4,17,0.04850002005696297,player-2,16,21,8,7
80,5,17,0.05129212513566017,player-3,21,24,16,10
80,6,22,0.06379210390150547,player-1,26,26,27,19
80,7,20,0.0789170153439045,player-4,33,26,37,21
80,8,17,0.05024997517466545,player-2,35,32,41,22
80,9,17,0.04337518475949764,player-3,35,34,52,26
80,10,17,0.0605839304625988,player-4,40,42,53,27
80,11,17,0.05233404226601124,player-1,42,44,59,27
81,1,21,0.07162499241530895,player-3,8,4,13,7
81,2,17,0.06866618059575558,player-4,15,10,13,13
81,3,18,0.059459125623106956,player-2,23,13,14,19
81,4,20,0.05595805123448372,player-1,27,15,20,19
81,5,18,0.050541944801807404,player-4,32,15,22,21
81,6,18,0.04837522283196449,player-1,38,16,22,23
81,7,18,0.058125006034970284,player-2,40,19,22,27
81,8,17,0.045416876673698425,player-2,42,20,23,31
81,9,18,0.051833922043442726,player-4,47,22,25,31
81,10,19,0.05324999801814556,player-2,50,26,29,33
81,11,17,0.05754106678068638,player-1,58,29,30,34
81,12,18,0.06562494672834873,player-3,61,35,36,40
81,13,17,0.04970794543623924,player-3,63,37,45,41
82,1,17,0.07462501525878906,player-2,4,10,11,0
82,2,27,0.06270897574722767,player-1,15,16,15,0
82,3,17,0.07083290256559849,player-4,22,18,22,3
82,4,17,0.04375004209578037,player-1,29,20,23,4
82,5,17,0.05612499080598354,player-2,31,25,28,8
82,6,18,0.05337502807378769,player-4,35,32,30,12
82,7,17,0.0499160960316658,player-4,42,34,36,14
82,8,18,0.05437503568828106,player-2,49,34,37,15
82,9,18,0.047083012759685516,player-3,54,35,43,19
82,10,17,0.049208989366889,player-3,54,42,46,22
83,1,17,0.057958997786045074,player-2,7,1,2,5
83,2,18,0.06037508137524128,player-4,17,4,7,12
83,3,19,0.056625111028552055,player-2,24,9,14,17
83,4,18,0.05833408795297146,player-2,28,18,15,21
83,5,17,0.04345807246863842,player-2,32,23,19,21
83,6,17,0.051791081205010414,player-3,36,25,27,24
83,7,17,0.06916699931025505,player-4,37,28,32,28
83,8,19,0.05504116415977478,player-3,38,30,36,30
83,9,17,0.04966696724295616,player-2,43,37,38,35
83,10,20,0.05666702054440975,player-2,47,44,40,41
83,11,25,0.06975000724196434,player-4,48,48,45,49
83,12,17,0.061750179156661034,player-1,53,53,57,55
84,1,19,0.06704195402562618,player-4,4,4,3,11
84,2,19,0.05820789374411106,player-1,8,4,6,16
84,3,18,0.06349990144371986,player-1,13,7,6,21
84,4,21,0.04779081791639328,player-1,20,8,7,23
84,5,19,0.050083035603165627,player-4,20,16,7,27
84,6,20,0.049042049795389175,player-2,25,23,10,27
84,7,18,0.04408392123878002,player-1,27,23,15,32
84,8,17,0.057957833632826805,player-1,29,29,17,39
84,9,17,0.04724995233118534,player-2,29,40,23,51
84,10,18,0.04716706462204456,player-4,34,40,27,57
84,11,18,0.06354204379022121,player-1,40,45,27,57
85,1,23,0.065250089392066,player-4,8,3,5,7
85,2,18,0.049625057727098465,player-4,11,6,9,12
85,3,17,0.05437503568828106,player-4,13,11,12,20
85,4,17,0.048999907448887825,player-1,22,15,16,23
85,5,18,0.06625009700655937,player-3,23,23,17,32
85,6,17,0.05608308129012585,player-3,29,27,23,32
85,7,17,0.05033309571444988,player-4,29,30,27,35
85,8,17,0.05766702815890312,player-1,36,40,29,40
85,9,22,0.058791134506464005,player-3,43,47,33,43
85,10,17,0.0677499920129776,player-3,53,54,44,51
86,1,18,0.056582968682050705,player-3,8,1,4,2
86,2,17,0.04650000482797623,player-3,11,2,7,2
86,3,17,0.046165892854332924,player-4,14,8,7,10
86,4,18,0.04324992187321186,player-2,14,11,7,14
86,5,17,0.0516669824719429,player-2,15,17,7,16
86,6,17,0.051999930292367935,player-3,15,22,10,20
86,7,17,0.06529083475470543,player-4,23,24,11,28
86,8,17,0.0679579097777605,player-1,39,28,18,33
86,9,19,0.05700020119547844,player-4,43,30,21,39
86,10,17,0.049165915697813034,player-3,54,30,34,42
86,11,17,0.05858391523361206,player-4,56,33,39,50
86,12,18,0.05966704338788986,player-2,60,34,43,50
87,1,18,0.05183299072086811,player-1,2,2,3,2
87,2,19,0.0766669400036335,player-3,15,2,7,6
87,3,20,0.07620803080499172,player-1,24,9,13,9
87,4,18,0.058125006034970284,player-4,28,11,16,9
87,5,17,0.05075009539723396,player-4,28,16,21,14
87,6,17,0.057791126891970634,player-1,33,17,21,20
87,7,19,0.06649992428719997,player-4,37,21,23,30
87,8,17,0.04829210229218006,player-3,39,21,29,34
87,9,18,0.056541990488767624,player-1,42,27,32,38
87,10,17,0.052625080570578575,player-1,47,28,32,45
87,11,17,0.05874992348253727,player-2,54,33,37,50
87,12,17,0.05683302879333496,player-3,56,34,40,50
87,13,18,0.05970778875052929,player-1,64,38,46,50
88,1,17,0.05929102189838886,player-4,5,5,0,4
88,2,17,0.059125013649463654,player-1,14,5,3,10
88,3,17,0.07483293302357197,player-2,15,18,8,19
88,4,17,0.05300017073750496,player-3,19,21,11,26
88,5,18,0.05429191514849663,player-1,21,28,11,27
88,6,18,0.07329089567065239,player-2,31,29,14,33
88,7,17,0.05329214036464691,player-2,38,34,17,33
88,8,20,0.05645793862640858,player-2,41,43,22,33
88,9,17,0.06895884871482849,player-4,47,51,33,38
88,10,19,0.0516669824719429,player-3,52,55,42,42
88,11,17,0.042041996493935585,player-2,58,57,43,42
89,1,19,0.0588749535381794,player-1,3,0,5,7
89,2,24,0.060625141486525536,player-3,9,5,9,13
89,3,17,0.04895799793303013,player-1,17,7,9,16
89,4,17,0.03695790655910969,player-2,19,8,15,16
89,5,18,0.06062490865588188,player-4,20,8,18,23
89,6,17,0.05204183980822563,player-4,27,10,25,30
89,7,21,0.05295802839100361,player-1,31,10,27,36
89,8,17,0.04424992948770523,player-2,34,11,32,41
89,9,18,0.04491605795919895,player-4,37,14,35,43
89,10,17,0.061041209846735,player-4,49,18,43,47
89,11,17,0.06225006654858589,player-1,53,23,43,48
89,12,21,0.06216694600880146,player-2,55,29,44,51
89,13,17,0.04966696724295616,player-3,57,30,48,51
90,1,17,0.05129189230501652,player-1,3,2,9,2
90,2,17,0.04987511783838272,player-2,8,8,13,6
90,3,17,0.0630419235676527,player-3,8,11,20,7
90,4,17,0.05420902743935585,player-4,11,12,26,13
90,5,17,0.06758305244147778,player-1,13,12,32,17
90,6,27,0.07349997758865356,player-4,21,18,49,32
90,7,17,0.042750034481287,player-3,23,20,55,35
90,8,18,0.042750034481287,player-1,25,21,57,38
90,9,17,0.06841705180704594,player-1,32,27,57,39
90,10,26,0.07320800796151161,none,38,29,63,42
91,1,18,0.06104190833866596,player-2,2,0,7,8
91,2,17,0.043208012357354164,player-2,3,2,10,12
91,3,18,0.05429098382592201,player-4,11,3,18,20
91,4,17,0.049208058044314384,player-4,14,15,18,26
91,5,17,0.04549999721348286,player-1,24,16,18,29
91,6,18,0.059584155678749084,player-3,31,20,32,32
91,7,17,0.0527920201420784,player-3,33,20,36,35
91,8,17,0.06383401341736317,player-4,37,25,44,37
91,9,17,0.04312489181756973,player-1,39,28,48,40
91,10,17,0.047625042498111725,player-2,42,34,52,40
91,11,23,0.06350013427436352,player-1,47,34,52,50
91,12,20,0.0663751270622015,player-3,50,41,54,54
92,1,18,0.047209206968545914,player-3,2,4,4,0
92,2,18,0.05479203537106514,player-4,2,9,10,8
92,3,22,0.050625065341591835,player-1,5,10,12,9
92,4,22,0.05566701292991638,player-2,8,11,15,12
92,5,20,0.051083043217659,player-1,17,14,16,16
92,6,18,0.06066681817173958,player-4,17,21,22,16
92,7,17,0.06274995394051075,player-4,21,24,27,20
92,8,24,0.0452499371021986,none,22,25,28,21
92,9,19,0.05670893006026745,player-4,27,29,31,27
92,10,18,0.06612506695091724,player-4,32,30,42,29
92,11,17,0.048832967877388,player-4,37,30,48,32
92,12,17,0.061125028878450394,player-1,52,33,53,32
93,1,17,0.04075001925230026,player-2,2,6,0,1
93,2,17,0.039082951843738556,player-3,4,7,7,1
93,3,17,0.05425000563263893,player-4,11,10,10,6
93,4,17,0.05487492308020592,player-1,24,13,15,6
93,5,17,0.0435409601777792,player-2,24,15,17,9
93,6,17,0.06212480366230011,player-3,28,23,17,12
93,7,17,0.051374780014157295,player-4,30,28,23,20
93,8,25,0.0612910371273756,player-1,34,32,25,20
93,9,18,0.05291705019772053,player-3,34,38,27,25
93,10,17,0.06545917131006718,player-3,42,40,34,25
93,11,19,0.04433305002748966,player-2,42,41,38,28
93,12,17,0.08120806887745857,player-1,60,42,47,33
94,1,17,0.0637909397482872,player-4,4,1,6,7
94,2,19,0.04958384670317173,player-3,10,2,10,13
94,3,17,0.05533290095627308,player-2,10,8,11,18
94,4,17,0.048999907448887825,player-3,12,8,14,21
94,5,17,0.05091703496873379,player-4,14,10,17,33
94,6,17,0.06375019438564777,player-1,19,11,24,33
94,7,18,0.06566708907485008,player-3,24,15,27,35
94,8,17,0.04870793782174587,player-3,26,21,29,35
94,9,19,0.04479195922613144,player-2,34,23,31,37
94,10,20,0.0550001859664917,player-4,35,27,32,41
94,11,17,0.05720788612961769,player-2,39,32,35,44
94,12,23,0.04441710188984871,none,43,32,36,44
94,13,17,0.052833929657936096,player-4,43,35,40,49
94,14,25,0.059542013332247734,player-1,47,35,42,52
94,15,19,0.050540780648589134,player-4,52,42,45,58
95,1,17,0.048833899199962616,player-1,9,0,5,2
95,2,17,0.04133395850658417,player-2,12,8,7,3
95,3,20,0.06320793181657791,player-2,17,14,12,7
95,4,20,0.06337487138807774,player-3,20,18,17,9
95,5,17,0.062042148783802986,player-1,21,23,30,22
95,6,17,0.05804188549518585,player-2,34,27,34,30
95,7,18,0.05070911720395088,player-4,35,29,36,34
95,8,22,0.05587516352534294,none,44,34,41,40
95,9,17,0.0577499158680439,player-1,49,38,41,46
95,10,20,0.05295802839100361,player-1,53,40,41,46
95,11,18,0.060540856793522835,player-4,58,44,45,53
96,1,17,0.06441702134907246,player-4,0,7,2,10
96,2,18,0.05533290095627308,player-2,6,14,2,16
96,3,19,0.060333870351314545,player-4,6,19,10,25
96,4,17,0.057582976296544075,player-3,8,22,13,26
96,5,17,0.05270889960229397,player-4,10,28,15,35
96,6,18,0.04549999721348286,player-2,12,33,19,43
96,7,17,0.05012494511902332,player-2,16,39,19,47
96,8,17,0.039999838918447495,none,16,40,25,52
96,9,17,0.06445799954235554,player-4,19,41,29,57
96,10,17,0.063000014051795,player-1,27,49,32,65
97,1,17,0.050625065341591835,player-1,1,2,5,3
97,2,19,0.05241716280579567,player-4,4,3,5,6
97,3,17,0.049083027988672256,player-3,6,7,10,7
97,4,18,0.043584033846855164,player-1,10,7,13,8
97,5,19,0.07829186506569386,player-3,13,11,18,13
97,6,23,0.10400009341537952,player-4,14,15,35,13
97,7,17,0.052040908485651016,player-3,22,19,36,14
97,8,17,0.058999983593821526,player-4,24,21,40,17
97,9,18,0.0643748790025711,player-2,40,27,46,32
97,10,18,0.05324999801814556,player-3,45,31,46,36
97,11,18,0.05037500523030758,player-4,46,32,50,37
97,12,17,0.0489591620862484,player-4,48,32,51,41
97,13,20,0.052165938541293144,player-4,50,32,55,47
98,1,17,0.06129196844995022,player-3,5,6,2,8
98,2,17,0.05287514068186283,player-4,5,8,6,14
98,3,19,0.05570799112319946,player-3,5,14,17,22
98,4,17,0.07004197686910629,player-2,13,22,20,26
98,5,17,0.053833937272429466,player-3,13,24,25,27
98,6,18,0.07187481969594955,player-1,27,36,42,42
98,7,17,0.04479079507291317,player-1,32,38,43,43
98,8,18,0.04820781759917736,player-3,37,42,45,43
98,9,17,0.046666013076901436,player-3,42,44,49,47
98,10,17,0.06274995394051075,player-4,42,44,53,54
98,11,17,0.05308305844664574,player-1,49,48,62,57
99,1,17,0.06550014950335026,player-3,0,4,10,7
99,2,17,0.05108281038701534,player-4,5,10,13,16
99,3,17,0.04720897413790226,player-1,9,18,13,17
99,4,18,0.05304114893078804,player-3,11,20,25,20
99,5,18,0.049208058044314384,player-4,13,22,28,24
99,6,17,0.03974977880716324,player-4,14,22,33,29
99,7,17,0.05450006574392319,player-1,20,26,36,30
99,8,20,0.050541944801807404,player-1,23,28,36,33
99,9,17,0.07062498480081558,player-3,30,32,45,33
99,10,18,0.04549999721348286,player-1,36,33,46,34
99,11,19,0.061416998505592346,player-3,37,47,58,38
99,12,17,0.05075009539723396,player-2,37,50,59,40
99,13,17,0.04812492989003658,player-3,40,58,59,40
99,14,17,0.05829194560647011,player-4,44,63,63,42
100,1,17,0.04333304241299629,player-1,4,0,5,6
100,2,17,0.04575005732476711,player-2,9,3,10,9
100,3,17,0.047083012759685516,player-3,14,12,15,14
100,4,17,0.05208305083215237,player-4,19,12,21,18
100,5,17,0.04183407872915268,player-1,25,14,26,21
100,6,17,0.07483409717679024,player-2,34,28,26,30
100,7,17,0.05404185503721237,player-3,34,34,31,30
100,8,18,0.06441702134907246,player-1,40,38,36,40
100,9,17,0.06029102951288223,player-1,46,38,39,44
100,10,17,0.05512498319149017,player-2,48,48,39,47
100,11,20,0.05612499080598354,player-2,50,51,44,49
101,1,18,0.04633399657905102,player-2,3,4,1,1
101,2,17,0.057040946558117867,player-2,9,8,6,1
101,3,19,0.061416998505592346,player-1,14,10,13,1
101,4,17,0.05241716280579567,player-4,16,11,15,6
101,5,19,0.06987503729760647,player-3,19,11,24,14
101,6,19,0.03975001163780689,none,20,11,27,18
101,7,17,0.06120908074080944,player-3,31,26,30,21
101,8,21,0.06558396853506565,player-4,35,30,31,26
101,9,18,0.058916863054037094,player-2,46,32,44,27
101,10,19,0.059791840612888336,player-4,49,34,52,35
102,1,18,0.04641711711883545,player-2,4,8,1,1
102,2,17,0.05816691555082798,player-2,9,11,2,2
102,3,18,0.049582915380597115,player-4,11,18,3,5
102,4,18,0.06370898336172104,player-1,13,23,3,11
102,5,17,0.045209191739559174,player-1,17,24,4,13
102,6,19,0.04874984733760357,player-4,23,27,10,17
102,7,18,0.049625057727098465,player-4,27,29,10,19
102,8,17,0.0538751482963562,player-4,30,35,13,25
102,9,19,0.05095801316201687,player-3,36,36,18,28
102,10,18,0.05270889960229397,player-3,40,39,20,32
102,11,17,0.05791708827018738,player-3,45,48,26,34
102,12,17,0.05833292379975319,player-4,53,48,27,41
102,13,17,0.04449998959898949,player-1,65,52,28,44
102,14,21,0.05087512545287609,player-2,65,54,31,45
102,15,17,0.044665997847914696,player-3,67,60,33,45
103,1,17,0.04783296026289463,player-3,0,4,4,0
103,2,20,0.0625841785222292,player-3,3,16,6,11
103,3,18,0.03983289934694767,player-2,7,23,9,14
103,4,17,0.06991694681346416,player-2,12,36,10,20
103,5,18,0.05333311855792999,player-4,15,41,10,22
103,6,17,0.04791701212525368,player-4,18,41,12,28
103,7,21,0.05924981087446213,player-1,23,48,13,28
103,8,17,0.03833300434052944,player-2,25,52,13,29
103,9,17,0.05445885471999645,player-3,28,52,17,37
103,10,17,0.0679998192936182,player-4,32,54,28,45
103,11,17,0.05270889960229397,player-1,40,57,39,45
104,1,17,0.045666005462408066,player-4,4,5,1,6
104,2,20,0.057499855756759644,player-4,6,7,2,11
104,3,20,0.045625027269124985,player-1,7,12,5,13
104,4,17,0.04441710188984871,player-3,7,16,13,15
104,5,17,0.04691700451076031,player-4,10,23,18,23
104,6,18,0.04937499761581421,player-2,11,26,24,25
104,7,18,0.05833292379975319,player-3,14,29,35,30
104,8,19,0.08479203097522259,player-1,28,39,42,43
104,9,17,0.04195794463157654,player-4,28,41,44,47
104,10,17,0.041791005060076714,player-1,33,41,46,53
104,11,17,0.05408306606113911,player-2,37,49,46,57
105,1,17,0.04875008016824722,player-1,8,5,5,0
105,2,18,0.05491706542670727,player-3,12,10,13,5
105,3,17,0.04820898175239563,player-3,14,20,24,5
105,4,17,0.08320808410644531,player-4,26,25,34,8
105,5,17,0.04529207944869995,player-1,35,31,41,10
105,6,17,0.0677499920129776,player-2,44,42,42,16
105,7,19,0.05541602149605751,player-1,54,45,51,16
106,1,19,0.04787510260939598,player-1,3,3,1,3
106,2,17,0.05291588604450226,player-4,6,5,8,9
106,3,19,0.05766702815890312,player-3,14,7,13,17
106,4,17,0.05650008097290993,player-2,19,15,16,23
106,5,17,0.045042019337415695,player-3,23,17,23,27
106,6,17,0.0539170578122139,player-4,23,18,24,31
106,7,17,0.03937492147088051,player-1,32,19,27,33
106,8,18,0.05254102870821953,player-3,36,21,32,35
106,9,17,0.0638328492641449,player-3,43,28,34,41
106,10,17,0.05466700531542301,player-4,45,29,40,46
106,11,17,0.04679197445511818,player-1,54,33,42,47
106,12,18,0.05837506614625454,player-3,55,37,49,52
107,1,18,0.07012486457824707,player-2,6,7,6,0
107,2,19,0.0691248569637537,player-4,8,12,13,6
107,3,18,0.053416937589645386,player-4,14,17,19,12
107,4,18,0.052999937906861305,player-1,25,17,31,13
107,5,17,0.05733291618525982,player-1,27,19,33,18
107,6,17,0.05687493830919266,player-2,42,25,40,32
107,7,20,0.04575005732476711,player-2,42,30,43,36
107,8,17,0.05345814861357212,player-4,48,34,48,38
107,9,17,0.05087489262223244,player-1,51,36,53,42
108,1,17,0.045208027586340904,player-4,1,1,3,13
108,2,17,0.05675014108419418,player-1,11,1,9,14
108,3,19,0.06266613490879536,player-4,21,6,10,19
108,4,17,0.05350005812942982,player-3,25,8,16,23
108,5,17,0.06333389319479465,player-4,29,10,19,31
108,6,17,0.05020899698138237,player-1,31,12,22,34
108,7,17,0.06587500683963299,player-2,36,14,25,35
108,8,17,0.04845811054110527,player-3,38,19,27,41
108,9,17,0.05650008097290993,player-4,40,23,31,45
108,10,18,0.051791081205010414,player-2,43,26,39,49
108,11,17,0.05595805123448372,player-2,49,29,42,57
108,12,17,0.052625080570578575,player-3,51,35,44,62
108,13,17,0.04887511022388935,player-4,58,35,46,65
109,1,17,0.050625065341591835,player-2,2,3,1,3
109,2,17,0.04650000482797623,player-3,5,5,4,6
109,3,17,0.05908310413360596,player-4,16,15,14,16
109,4,20,0.045582884922623634,player-4,24,17,16,18
109,5,17,0.059625133872032166,player-2,29,32,17,21
109,6,17,0.06204098463058472,player-3,41,34,23,29
109,7,17,0.046582892537117004,player-4,41,36,25,34
109,8,17,0.05870894528925419,player-1,51,39,25,41
109,9,18,0.06500002928078175,player-3,59,48,36,53
110,1,17,0.05512498319149017,player-2,5,9,0,3
110,2,17,0.05916692316532135,player-3,9,12,3,4
110,3,20,0.06979191675782204,player-3,9,14,14,7
110,4,17,0.06050011143088341,player-1,16,14,14,18
110,5,18,0.048291170969605446,player-3,25,15,27,21
110,6,18,0.04820781759917736,player-4,29,24,33,29
110,7,17,0.04341709427535534,player-4,35,27,34,37
110,8,19,0.045082997530698776,player-3,36,27,37,37
110,9,17,0.040457816794514656,player-2,40,33,38,40
110,10,17,0.060791848227381706,player-3,48,37,44,45
110,11,18,0.052208080887794495,player-1,50,37,49,49
110,12,17,0.056165968999266624,player-1,58,38,59,53
111,1,17,0.050165923312306404,player-2,8,7,0,8
111,2,17,0.046042026951909065,player-3,12,7,4,10
111,3,17,0.04233396612107754,player-4,17,10,5,19
111,4,17,0.05791708827018738,player-1,20,17,15,21
111,5,17,0.06383308209478855,player-2,25,24,19,29
111,6,19,0.04737498238682747,player-1,27,24,24,31
111,7,17,0.04816614091396332,player-4,35,27,28,34
111,8,17,0.05087489262223244,player-1,47,30,28,36
111,9,17,0.061166007071733475,player-2,50,39,30,44
111,10,17,0.05633290857076645,player-3,50,44,32,48
111,11,17,0.040250131860375404,player-4,54,45,35,51
111,12,17,0.05108397454023361,player-1,58,47,37,51
111,13,17,0.07054116576910019,player-2,64,55,44,51
112,1,17,0.07095816545188427,player-1,3,7,2,5
112,2,17,0.04266691394150257,player-2,4,8,3,11
112,3,17,0.06070802919566631,player-3,10,13,9,17
112,4,17,0.04941597580909729,player-4,15,14,11,18
112,5,18,0.06020907312631607,player-2,15,18,13,23
112,6,17,0.07254118099808693,player-2,21,18,16,26
112,7,17,0.05337502807378769,player-3,24,21,21,32
112,8,17,0.060916878283023834,player-4,24,24,26,38
112,9,17,0.06062490865588188,player-1,27,27,34,48
112,10,17,0.05845795385539532,player-2,29,36,39,50
112,11,17,0.06379210390150547,player-3,40,39,46,52
112,12,17,0.05037500523030758,player-4,41,41,48,57
112,13,17,0.04549999721348286,player-1,57,41,48,59
113,1,18,0.06237509660422802,player-4,9,1,0,10
113,2,17,0.05450006574392319,player-4,9,4,4,12
113,3,21,0.05641602911055088,player-1,19,10,9,17
113,4,17,0.05350005812942982,player-2,22,20,9,20
113,5,17,0.04574982449412346,player-3,27,21,14,20
113,6,17,0.05408306606113911,player-4,27,30,20,29
113,7,17,0.05212496034801006,player-1,31,32,22,35
113,8,17,0.05224999040365219,player-2,34,35,24,43
113,9,17,0.045042019337415695,player-3,38,41,26,43
113,10,18,0.04245806485414505,player-1,42,43,28,45
113,11,19,0.05350005812942982,player-3,49,45,33,45
113,12,17,0.05124998278915882,player-2,53,49,33,49
113,13,17,0.050625065341591835,player-3,55,49,47,52
114,1,17,0.05858391523361206,player-1,4,3,9,7
114,2,18,0.041833845898509026,player-3,5,6,12,9
114,3,19,0.05491706542670727,player-1,10,9,15,14
114,4,17,0.047083012759685516,player-4,15,16,21,17
114,5,18,0.05295802839100361,player-2,16,17,24,18
114,6,17,0.06070779636502266,player-2,22,23,28,21
114,7,20,0.07637497037649155,player-2,23,37,33,27
114,8,17,0.06137508898973465,player-4,31,39,38,31
114,9,17,0.05216686986386776,player-1,35,41,41,33
114,10,17,0.06866594776511192,player-2,37,44,43,35
114,11,17,0.05583302117884159,player-3,39,53,45,40
114,12,17,0.04229182377457619,player-4,42,56,50,47
115,1,24,0.07445784285664558,player-3,4,9,7,5
115,2,17,0.047084176912903786,player-1,7,13,11,10
115,3,22,0.059416983276605606,player-3,10,13,14,12
115,4,21,0.047999899834394455,player-3,13,16,16,14
115,5,17,0.05579204298555851,player-4,16,20,22,17
115,6,19,0.05362485535442829,player-3,18,23,24,18
115,7,17,0.059750163927674294,player-2,22,34,28,18
115,8,17,0.0552500132471323,player-3,28,43,36,20
115,9,17,0.07049995474517345,player-4,30,44,38,28
115,10,18,0.06254203617572784,player-2,31,53,41,34
115,11,17,0.049625057727098465,player-2,33,55,47,36
115,12,20,0.061416998505592346,player-2,35,58,50,37
115,13,17,0.04204106517136097,player-4,35,58,54,41
115,14,17,0.04400010220706463,player-1,39,58,55,41
115,15,17,0.05212496034801006,player-2,42,60,61,45
116,1,18,0.058999983593821526,player-3,3,0,4,9
116,2,17,0.05716690793633461,player-3,6,8,8,17
116,3,17,0.0680841039866209,player-4,12,8,9,21
116,4,17,0.069458968937397,player-1,14,11,18,31
116,5,17,0.0599580816924572,player-2,19,20,25,37
116,6,17,0.04429090768098831,player-3,19,22,28,37
116,7,17,0.05112518556416035,player-4,24,26,30,39
116,8,25,0.06975000724196434,player-1,31,28,34,48
116,9,17,0.03929086960852146,player-2,31,33,36,48
116,10,20,0.05220784805715084,player-2,42,40,39,48
116,11,19,0.038667116314172745,player-2,46,43,39,50
116,12,19,0.045667169615626335,player-3,47,44,47,52
116,13,18,0.05016708746552467,player-3,47,48,47,59
117,1,20,0.04604179412126541,player-2,6,5,2,0
117,2,17,0.04533305764198303,player-4,8,5,4,13
117,3,17,0.03875000402331352,player-1,10,7,7,15
117,4,17,0.06587500683963299,player-2,15,17,9,20
117,5,18,0.05283299833536148,player-4,19,26,12,21
117,6,17,0.053541967645287514,player-4,25,28,15,30
117,7,18,0.05879206582903862,player-2,35,41,22,34
117,8,17,0.04200008697807789,player-2,39,42,22,35
117,9,18,0.03804103471338749,player-4,39,42,28,36
117,10,17,0.05016708746552467,player-4,39,46,35,41
117,11,17,0.054999953135848045,player-1,45,49,35,41
117,12,17,0.044667162001132965,player-2,48,52,35,47
117,13,18,0.04629208706319332,player-4,51,55,35,47
118,1,18,0.0541249755769968,player-3,2,8,8,6
118,2,21,0.05137501284480095,player-3,7,21,12,11
118,3,17,0.04579196684062481,player-4,7,24,13,15
118,4,17,0.04075001925230026,player-1,8,27,18,16
118,5,18,0.06733299233019352,player-3,12,27,20,18
118,6,18,0.055833952501416206,player-4,17,34,25,20
118,7,17,0.049999915063381195,player-4,17,38,25,23
118,8,19,0.05212496034801006,player-3,19,46,35,33
118,9,20,0.06087496876716614,player-1,27,50,38,35
118,10,19,0.049999915063381195,player-1,33,50,40,38
118,11,17,0.05212496034801006,player-4,39,50,44,41
118,12,19,0.055416952818632126,player-3,42,53,46,46
118,13,17,0.06562494672834873,player-2,50,60,46,54
119,1,18,0.0649159774184227,player-2,7,6,3,2
119,2,17,0.0502921175211668,player-2,14,10,3,7
119,3,17,0.047667184844613075,player-3,16,13,5,13
119,4,18,0.05004112608730793,player-1,24,14,7,16
119,5,17,0.05904119461774826,player-1,31,17,13,20
119,6,26,0.055042095482349396,none,31,17,13,24
119,7,17,0.0452499371021986,player-3,35,17,26,24
119,8,17,0.06829085759818554,player-4,41,24,32,29
119,9,17,0.03875000402331352,player-1,44,25,32,30
119,10,19,0.04824995994567871,player-4,48,26,36,34
119,11,29,0.060374848544597626,none,48,29,40,34
119,12,17,0.04191603511571884,player-4,51,34,40,41
119,13,17,0.055957818403840065,player-1,60,36,41,44
120,1,18,0.060374848544597626,player-3,1,5,5,9
120,2,17,0.04787486977875233,player-3,3,8,10,11
120,3,17,0.04962482489645481,player-4,7,12,10,13
120,4,17,0.05254102870821953,player-1,10,16,13,15
120,5,18,0.05408306606113911,player-3,10,29,17,17
120,6,18,0.05479203537106514,player-4,12,33,19,20
120,7,17,0.0644591636955738,player-4,20,33,23,29
120,8,19,0.0788751058280468,player-3,26,35,23,32
120,9,17,0.05920790135860443,player-2,26,39,26,34
120,10,17,0.06904196925461292,player-3,33,41,30,36
120,11,18,0.08425000123679638,player-1,40,41,34,40
120,12,17,0.06312504410743713,player-1,50,46,34,51
120,13,17,0.06874999962747097,player-2,53,48,39,51
120,14,19,0.06691692396998405,player-1,56,54,40,54
121,1,18,0.06958306767046452,player-3,1,5,5,9
121,2,17,0.05041598342359066,player-3,5,11,10,11
121,3,17,0.05220901221036911,player-4,9,15,17,12
121,4,21,0.05320901982486248,player-1,11,15,22,13
121,5,17,0.05670799873769283,player-2,22,21,24,13
121,6,18,0.05024997517466545,player-4,25,23,27,19
121,7,17,0.07608393207192421,player-4,31,30,36,27
121,8,21,0.06208405829966068,player-1,36,33,38,33
121,9,17,0.056040938943624496,player-2,40,37,46,35
121,10,18,0.05337502807378769,player-4,43,39,48,39
121,11,24,0.06983289495110512,player-3,43,45,50,41
121,12,18,0.05308398976922035,player-2,44,46,51,41
121,13,18,0.05312496796250343,player-3,50,51,63,46
122,1,18,0.051541952416300774,player-3,1,0,7,7
122,2,17,0.05979207344353199,player-3,4,7,20,10
122,3,18,0.09433389641344547,player-1,7,18,20,13
122,4,17,0.05620787851512432,player-1,8,20,32,13
122,5,18,0.06445893086493015,player-3,13,22,42,16
122,6,17,0.0575000885874033,player-3,15,29,49,18
122,7,17,0.07145898416638374,player-4,16,30,50,28
122,8,17,0.05437503568828106,player-1,22,33,51,31
122,9,18,0.055833952501416206,player-3,23,35,54,33
122,10,18,0.05683302879333496,player-4,24,37,54,34
122,11,19,0.060125021263957024,player-2,29,41,56,37
122,12,24,0.07183314301073551,player-4,30,50,58,47
122,13,17,0.043958891183137894,player-2,30,53,59,50
123,1,18,0.04612491466104984,player-1,3,2,3,1
123,2,17,0.04758313298225403,player-1,10,3,9,1
123,3,17,0.06545917131006718,player-2,20,10,17,1
123,4,25,0.07337494753301144,player-3,32,12,25,2
123,5,19,0.04937499761581421,player-2,32,17,28,5
123,6,17,0.05154102109372616,player-1,38,19,31,6
123,7,17,0.05633290857076645,player-2,38,25,36,10
123,8,17,0.043416861444711685,player-3,38,27,45,12
123,9,18,0.05420902743935585,player-1,48,30,47,16
123,10,18,0.044665997847914696,player-2,49,32,49,16
123,11,17,0.04283292219042778,player-2,53,35,55,19
124,1,17,0.041999854147434235,player-3,0,2,6,3
124,2,23,0.07270881906151772,player-2,11,5,17,9
124,3,19,0.07616705261170864,player-3,23,14,36,15
124,4,17,0.04516611807048321,player-2,25,18,39,18
124,5,18,0.05674990825355053,player-4,27,22,43,20
124,6,19,0.05150004290044308,player-2,29,28,45,28
124,7,17,0.04916684702038765,player-1,32,33,47,37
124,8,17,0.06579188629984856,player-2,35,41,52,37
124,9,17,0.04337495192885399,player-3,35,44,55,40
124,10,17,0.04874984733760357,player-4,39,47,57,46
124,11,18,0.0649159774184227,player-2,41,59,61,51
125,1,17,0.046083005145192146,player-4,0,4,4,2
125,2,17,0.06499979645013809,player-1,4,5,7,2
125,3,17,0.043665990233421326,player-2,7,11,10,6
125,4,17,0.04479195922613144,player-3,9,14,10,8
125,5,20,0.052958959713578224,player-3,11,17,18,9
125,6,21,0.051167095080018044,player-1,15,21,27,9
125,7,20,0.059916870668530464,player-1,18,24,27,16
125,8,20,0.08095800876617432,player-2,29,30,30,21
125,9,17,0.06645801477134228,player-4,31,38,39,27
125,10,17,0.05695805884897709,player-1,38,39,49,27
125,11,19,0.05541602149605751,player-4,42,41,49,35
125,12,17,0.047625042498111725,player-3,44,45,53,35
125,13,18,0.04191696643829346,player-1,51,47,56,36
126,1,17,0.06033293902873993,player-3,5,1,10,5
126,2,18,0.05291705019772053,player-1,10,4,16,6
126,3,17,0.057541998103260994,player-1,13,9,16,14
126,4,17,0.05295802839100361,player-2,16,15,18,17
126,5,20,0.07841596379876137,player-2,23,20,22,25
126,6,20,0.050833914428949356,player-3,31,20,34,30
126,7,18,0.042625004425644875,player-2,31,26,37,34
126,8,19,0.05670893006026745,player-4,35,29,38,36
126,9,17,0.046084169298410416,player-3,38,31,40,40
126,10,17,0.06262492388486862,player-4,43,31,47,43
126,11,22,0.06516603752970695,player-2,45,42,50,50
126,12,17,0.04870793782174587,player-2,47,47,50,57
127,1,18,0.03716605715453625,none,2,2,4,3
127,2,20,0.060125021263957024,player-2,7,10,5,5
127,3,17,0.045042019337415695,player-4,9,14,5,9
127,4,18,0.04241708666086197,player-2,11,16,5,10
127,5,20,0.07429090328514576,player-1,22,18,14,21
127,6,17,0.07204199209809303,player-3,22,20,21,23
127,7,17,0.04300009459257126,player-4,25,21,26,31
127,8,17,0.051042065024375916,player-1,27,24,31,38
127,9,18,0.05191704258322716,player-3,29,25,41,40
127,10,17,0.04779198206961155,player-3,32,30,47,42
127,11,17,0.05087489262223244,player-4,34,32,51,45
127,12,17,0.04891701973974705,player-1,37,38,51,54
127,13,17,0.04375004209578037,player-2,43,42,55,54
127,14,17,0.06491714157164097,player-3,44,47,56,58
128,1,17,0.06962497718632221,player-4,5,0,5,6
128,2,17,0.05229189991950989,player-1,10,3,5,14
128,3,17,0.06404099985957146,player-2,14,7,11,17
128,4,17,0.054916832596063614,player-3,20,7,18,18
128,5,17,0.04737498238682747,player-4,23,7,21,26
128,6,17,0.053333817049860954,player-1,27,13,23,26
128,7,20,0.06362516433000565,player-1,33,22,29,26
128,8,17,0.052541960030794144,player-3,36,28,34,27
128,9,17,0.06408314220607281,player-4,41,35,38,36
128,10,19,0.07762480527162552,player-3,45,46,41,38
128,11,18,0.06579211913049221,player-3,47,49,47,44
128,12,17,0.04983413964509964,player-3,52,53,52,46
129,1,19,0.058582983911037445,player-4,4,4,0,10
129,2,17,0.06566708907485008,player-3,7,14,6,15
129,3,17,0.05008396692574024,player-4,10,18,11,18
129,4,17,0.05879206582903862,player-1,12,21,15,24
129,5,17,0.05729217082262039,player-2,15,26,15,26
129,6,17,0.05512498319149017,player-3,20,28,20,30
129,7,17,0.0477079302072525,player-4,23,28,24,39
129,8,17,0.05745794624090195,player-1,29,28,28,40
129,9,17,0.050584087148308754,player-2,32,31,30,42
129,10,17,0.04141614772379398,player-3,32,36,34,44
129,11,18,0.04683295264840126,player-1,44,37,37,47
129,12,17,0.0702079851180315,player-1,49,40,38,47
129,13,17,0.04833308048546314,player-2,52,48,42,57
130,1,18,0.04616682417690754,player-4,7,6,6,4
130,2,17,0.04008319228887558,player-4,8,11,6,7
130,3,23,0.05450006574392319,player-3,15,18,8,7
130,4,21,0.056625111028552055,player-2,18,29,13,7
130,5,17,0.05570799112319946,player-3,21,34,15,10
130,6,17,0.058374833315610886,player-4,26,38,26,16
130,7,18,0.048165908083319664,player-2,32,40,28,16
130,8,17,0.04470790736377239,player-2,38,47,28,17
130,9,17,0.05862489342689514,player-3,46,47,31,17
130,10,17,0.04954100586473942,player-4,47,47,32,24
130,11,18,0.04266691394150257,player-2,50,47,36,25
130,12,17,0.04887511022388935,player-2,60,49,43,27
131,1,17,0.05437503568828106,player-3,4,4,5,0
131,2,19,0.060916878283023834,player-2,12,11,10,1
131,3,18,0.04929210990667343,player-2,17,11,13,4
131,4,25,0.06458396092057228,player-2,21,30,17,13
131,5,19,0.06466708146035671,player-1,29,38,28,13
131,6,18,0.05708285607397556,player-1,32,40,31,19
131,7,17,0.04475004971027374,player-1,46,41,33,21
131,8,17,0.05625002086162567,player-2,48,51,33,23
131,9,17,0.05629216320812702,player-3,57,58,40,27
131,10,17,0.0480839516967535,player-4,60,66,40,31
132,1,18,0.045667169615626335,player-2,1,12,0,6
132,2,17,0.05179201252758503,player-2,2,13,3,9
132,3,17,0.05425000563263893,player-3,3,19,5,16
132,4,17,0.05179201252758503,player-4,8,21,11,19
132,5,17,0.05229189991950989,player-1,9,23,13,22
132,6,17,0.05329097621142864,player-2,13,34,21,31
132,7,17,0.04037516191601753,player-3,16,34,27,34
132,8,27,0.09754183702170849,player-2,18,39,33,39
132,9,17,0.052584102377295494,player-1,23,45,33,47
132,10,18,0.06062490865588188,player-3,23,51,40,53
133,1,20,0.05929195322096348,player-2,1,13,2,10
133,2,19,0.05208398215472698,player-2,4,16,4,12
133,3,17,0.04570907913148403,player-1,9,17,9,15
133,4,17,0.06408314220607281,player-2,12,29,10,19
133,5,17,0.04066620022058487,player-3,13,32,13,19
133,6,17,0.053041847422719,player-4,20,36,17,28
133,7,17,0.05866703577339649,player-1,28,40,19,31
133,8,17,0.06524985656142235,player-2,31,43,21,38
133,9,18,0.04491698928177357,player-4,33,46,21,44
133,10,17,0.05529215559363365,player-4,37,54,28,50
134,1,17,0.05737505853176117,player-4,0,9,8,2
134,2,17,0.05633407272398472,player-1,4,13,12,6
134,3,17,0.05904096178710461,player-2,10,18,12,13
134,4,19,0.06095808930695057,player-1,18,18,16,16
134,5,17,0.04295795224606991,player-4,18,23,20,23
134,6,18,0.05112495273351669,player-2,20,27,22,27
134,7,17,0.05766702815890312,player-2,22,35,25,30
134,8,17,0.054374802857637405,player-3,22,42,30,30
134,9,17,0.054625095799565315,player-4,27,44,32,39
134,10,17,0.05387491546571255,player-1,37,46,37,40
134,11,22,0.05204183980822563,player-3,45,50,39,40
134,12,17,0.05770893767476082,player-3,55,51,46,40
135,1,18,0.06874999962747097,player-4,3,12,6,7
135,2,17,0.062166014686226845,player-4,8,13,8,16
135,3,17,0.06183306686580181,player-1,15,17,11,19
135,4,20,0.06141583435237408,player-1,18,19,11,21
135,5,18,0.061583006754517555,player-4,29,21,12,29
135,6,18,0.05066697485744953,player-1,30,23,13,34
135,7,17,0.046833185479044914,player-1,32,26,19,37
135,8,18,0.05666702054440975,player-3,37,27,21,37
135,9,19,0.05129212513566017,player-1,40,30,26,37
135,10,18,0.043042004108428955,player-1,42,34,26,41
135,11,17,0.045000109821558,player-1,47,35,30,45
135,12,20,0.05725002847611904,player-1,59,38,38,49
135,13,17,0.06370781920850277,player-3,68,50,43,49
136,1,17,0.05145790055394173,player-3,2,5,6,0
136,2,17,0.047042034566402435,player-4,4,9,10,3
136,3,20,0.0688750296831131,player-4,9,9,17,8
136,4,19,0.05395803600549698,player-4,12,10,19,12
136,5,18,0.047165900468826294,player-4,13,17,20,14
136,6,17,0.04875008016824722,player-4,21,17,25,25
136,7,17,0.08008303120732307,player-1,31,22,29,32
136,8,17,0.061959028244018555,player-2,35,38,29,36
136,9,32,0.08324999362230301,none,42,48,34,36
136,10,17,0.057541998103260994,player-4,44,48,34,45
136,11,17,0.06904196925461292,player-1,50,53,43,47
137,1,19,0.06425008177757263,player-4,2,2,3,11
137,2,17,0.046791043132543564,player-3,5,7,9,16
137,3,17,0.04729186184704304,player-4,7,14,12,20
137,4,17,0.05808286368846893,player-1,9,16,12,26
137,5,17,0.05712499842047691,player-2,11,26,14,32
137,6,17,0.055957818403840065,player-3,11,26,24,37
137,7,18,0.058125006034970284,player-1,17,26,30,44
137,8,20,0.06866594776511192,player-4,21,26,32,50
137,9,18,0.050042057409882545,player-3,22,28,34,52
137,10,17,0.05933316424489021,player-3,27,37,40,53
137,11,19,0.03941589966416359,none,30,39,43,54
137,12,17,0.09229104034602642,player-1,37,47,44,58
138,1,17,0.06745802238583565,player-4,0,3,6,6
138,2,19,0.052208080887794495,player-3,2,3,12,8
138,3,17,0.06037508137524128,player-2,2,9,18,11
138,4,17,0.03970903344452381,none,2,10,22,11
138,5,19,0.04470883868634701,none,2,13,29,12
138,6,18,0.06829202175140381,player-2,4,17,31,12
138,7,19,0.06037508137524128,player-4,7,18,33,14
138,8,18,0.09633391164243221,player-4,15,27,38,23
138,9,17,0.06133317947387695,player-4,16,37,49,38
138,10,17,0.055374810472130775,player-1,16,45,50,49
138,11,17,0.06241584196686745,player-2,16,52,57,53
139,1,17,0.05116616375744343,player-4,2,2,2,5
139,2,17,0.05529099144041538,player-1,3,8,5,16
139,3,17,0.063000014051795,player-2,3,11,9,20
139,4,17,0.05366699770092964,player-3,7,16,13,22
139,5,17,0.04470790736377239,player-4,10,21,17,25
139,6,17,0.05050003528594971,player-1,17,21,17,26
139,7,17,0.05291705019772053,player-2,27,35,17,29
139,8,18,0.04970887675881386,player-4,30,37,18,38
139,9,20,0.05737505853176117,player-3,31,43,20,38
139,10,17,0.05704187788069248,player-1,33,47,25,48
139,11,17,0.07033394649624825,player-2,35,54,30,52
140,1,17,0.04616705700755119,player-1,9,3,0,4
140,2,18,0.04974985495209694,player-3,11,11,2,8
140,3,17,0.06583286449313164,player-3,18,13,8,10
140,4,17,0.0388328917324543,player-4,19,18,8,25
140,5,17,0.05095801316201687,player-1,26,24,14,28
140,6,17,0.06491690874099731,player-2,31,27,20,31
140,7,19,0.057957833632826805,player-1,34,31,28,36
140,8,17,0.0789170153439045,player-4,40,41,34,39
140,9,19,0.07929187268018723,player-3,47,51,41,45
140,10,19,0.05591590888798237,player-4,53,55,42,51
141,1,20,0.06316602230072021,player-1,9,4,2,2
141,2,19,0.07124990224838257,player-1,23,20,13,12
141,3,17,0.047083012759685516,player-4,23,26,15,18
141,4,17,0.05733291618525982,player-1,26,34,18,24
141,5,18,0.05370890721678734,player-3,28,37,23,27
141,6,19,0.05366699770092964,player-1,33,39,30,35
141,7,18,0.06008311174809933,player-1,45,39,39,37
141,8,17,0.04687509499490261,player-1,47,40,39,39
141,9,17,0.060957856476306915,player-2,49,43,39,43
141,10,17,0.047457870095968246,player-3,49,45,39,46
141,11,17,0.0563331414014101,player-4,51,54,42,54
142,1,17,0.04075001925230026,player-4,5,0,1,7
142,2,20,0.06433296948671341,player-4,15,6,6,10
142,3,17,0.09341700933873653,player-2,15,11,6,16
142,4,17,0.06816699169576168,player-3,18,11,9,19
142,5,19,0.05574990063905716,player-2,18,20,12,26
142,6,18,0.11820904910564423,player-2,22,24,14,28
142,7,19,0.12745894491672516,player-4,29,35,22,43
142,8,17,0.0662908423691988,player-3,31,38,23,46
142,9,17,0.05487492308020592,player-4,34,40,27,50
142,10,18,0.05095801316201687,player-2,37,48,32,57
143,1,17,0.05445815622806549,player-4,2,4,2,6
143,2,18,0.05150004290044308,player-2,11,4,2,11
143,3,20,0.05520787090063095,player-1,14,8,4,18
143,4,17,0.05550007335841656,player-3,14,8,9,22
143,5,17,0.04220893606543541,player-4,16,10,11,33
143,6,20,0.05429214797914028,player-4,19,10,13,39
143,7,18,0.04833401180803776,player-3,19,13,19,39
143,8,21,0.07404107600450516,player-3,33,16,28,39
143,9,32,0.060042133554816246,player-3,33,17,30,43
143,10,17,0.07500010542571545,player-1,40,20,39,47
143,11,20,0.045584049075841904,player-1,47,23,40,50
143,12,17,0.060042133554816246,player-3,49,25,46,52
143,13,19,0.04945811815559864,player-2,50,32,47,54
143,14,18,0.05462486296892166,player-2,52,33,50,63
144,1,22,0.07458287291228771,player-2,8,2,8,0
144,2,17,0.044209184125065804,player-2,17,9,11,5
144,3,17,0.05212519317865372,player-3,24,11,13,10
144,4,17,0.061416998505592346,player-4,24,14,18,17
144,5,19,0.05633407272398472,player-3,25,15,20,18
144,6,17,0.04954100586473942,player-2,26,21,24,19
144,7,18,0.04875008016824722,player-4,27,27,24,25
144,8,20,0.05804095417261124,player-3,37,33,30,35
144,9,18,0.05404185503721237,player-2,43,34,30,39
144,10,22,0.048625050112605095,player-3,44,37,33,41
144,11,17,0.044208019971847534,player-3,50,41,35,43
144,12,17,0.060416990891098976,player-4,57,41,35,46
144,13,17,0.0452499371021986,player-1,68,41,38,49
145,1,17,0.04754215478897095,player-2,1,4,4,8
145,2,20,0.05474989302456379,player-2,5,6,11,10
145,3,19,0.05366699770092964,player-2,8,8,20,15
145,4,18,0.06862496957182884,player-2,12,13,23,20
145,5,19,0.07324991747736931,player-4,17,14,32,32
145,6,21,0.057584140449762344,player-3,18,14,36,37
145,7,22,0.057208118960261345,player-1,21,25,36,43
145,8,17,0.04320894367992878,player-1,22,30,36,46
145,9,17,0.04383292980492115,player-2,22,34,38,47
145,10,23,0.061625149101018906,player-1,25,36,40,51
145,11,17,0.062000006437301636,player-4,27,44,42,56
146,1,19,0.0652919989079237,player-1,5,5,5,1
146,2,17,0.042584026232361794,player-4,6,5,7,1
146,3,17,0.06766710430383682,player-1,17,9,13,3
146,4,17,0.06162491627037525,player-2,20,14,22,6
146,5,17,0.05391612648963928,player-3,25,16,29,6
146,6,17,0.052459072321653366,player-4,31,21,29,23
146,7,18,0.05462486296892166,player-2,37,27,30,23
146,8,17,0.039499951526522636,player-2,37,31,31,24
146,9,19,0.04449998959898949,player-1,44,34,34,24
146,10,17,0.048832967877388,player-4,50,34,39,32
146,11,17,0.06450014188885689,player-1,55,38,40,42
146,12,18,0.050999922677874565,player-3,59,39,42,43
147,1,20,0.059125013649463654,player-4,1,8,7,12
147,2,23,0.04400010220706463,none,5,10,7,18
147,3,18,0.07045897655189037,player-4,13,14,9,23
147,4,17,0.056958990171551704,player-4,17,17,14,26
147,5,17,0.045084161683917046,player-1,25,21,17,26
147,6,28,0.077791977673769,player-1,33,24,17,31
147,7,17,0.05687493830919266,player-3,39,28,27,31
147,8,17,0.06862496957182884,player-4,46,28,31,38
147,9,17,0.06325007416307926,player-1,54,33,37,42
147,10,17,0.05483301356434822,player-2,55,37,43,48
147,11,20,0.0610831193625927,player-2,63,45,43,50
148,1,23,0.05529192276299,player-1,12,7,1,0
148,2,19,0.06658397614955902,player-2,13,8,6,4
148,3,17,0.07770792581140995,player-1,18,8,10,8
148,4,27,0.06408314220607281,player-4,19,12,12,14
148,5,19,0.06154179573059082,player-1,23,12,13,17
148,6,19,0.0780418049544096,player-2,34,24,13,25
148,7,18,0.06491714157164097,player-2,35,31,14,26
148,8,17,0.06116693839430809,player-2,35,39,17,27
148,9,17,0.052416929975152016,player-3,39,46,18,30
148,10,17,0.04558311775326729,player-4,41,47,23,32
148,11,17,0.060999998822808266,player-1,49,47,29,46
148,12,19,0.05737505853176117,player-4,51,49,33,51
149,1,17,0.0652081798762083,player-4,2,6,5,11
149,2,18,0.055042095482349396,player-2,4,11,8,13
149,3,17,0.05512498319149017,player-2,9,25,15,18
149,4,17,0.04716613329946995,player-3,13,31,16,20
149,5,26,0.069082947447896,none,26,36,19,25
149,6,17,0.048083020374178886,player-1,27,36,19,34
149,7,20,0.05187490023672581,player-1,31,39,24,37
149,8,19,0.0502921175211668,player-1,31,41,26,41
149,9,17,0.04470790736377239,player-4,31,45,28,48
149,10,17,0.06612483412027359,player-1,37,55,31,59
150,1,17,0.05187490023672581,player-4,4,0,4,7
150,2,17,0.0653339084237814,player-1,10,4,6,14
150,3,18,0.044833170250058174,player-3,15,9,10,14
150,4,17,0.05087489262223244,player-3,15,14,20,16
150,5,26,0.06158393807709217,none,16,18,22,20
150,6,18,0.051667215302586555,player-2,18,19,24,22
150,7,18,0.05066697485744953,player-3,23,19,24,22
150,8,19,0.047999899834394455,player-1,28,20,29,23
150,9,17,0.05554105155169964,player-4,33,20,32,29
150,10,21,0.05979207344353199,player-1,37,23,32,34
150,11,17,0.052999937906861305,player-2,37,29,35,40
150,12,17,0.05162484012544155,player-3,40,41,41,40
150,13,20,0.054459087550640106,player-3,40,44,55,46
150,14,17,0.04945788532495499,player-1,43,44,58,53
151,1,18,0.07141707465052605,player-1,14,5,1,4
151,2,22,0.05345791578292847,player-2,18,10,1,7
151,3,18,0.058499863371253014,player-3,18,14,12,10
151,4,17,0.0599580816924572,player-3,18,20,12,16
151,5,17,0.05174987018108368,player-4,19,30,16,25
151,6,17,0.0502921175211668,player-1,24,34,19,28
151,7,20,0.059999991208314896,player-1,30,41,23,31
151,8,21,0.057791126891970634,player-3,31,45,27,35
151,9,19,0.06679212674498558,player-2,34,54,30,38
151,10,17,0.05362485535442829,player-1,39,56,33,41
151,11,18,0.04670885391533375,player-3,41,59,40,42
152,1,18,0.06833299994468689,player-1,9,2,2,1
152,2,17,0.04579196684062481,player-1,12,4,5,3
152,3,18,0.04245806485414505,player-3,12,7,7,9
152,4,19,0.08341693319380283,player-1,16,10,21,14
152,5,17,0.061374856159090996,player-4,23,10,25,18
152,6,23,0.05608401261270046,none,27,12,29,19
152,7,18,0.060167163610458374,player-3,36,16,33,23
152,8,17,0.05070795305073261,player-3,39,17,41,23
152,9,18,0.07079099304974079,player-1,44,21,47,23
152,10,23,0.04420895129442215,none,50,23,48,23
152,11,17,0.05950010381639004,player-2,57,25,54,29
153,1,22,0.08100015111267567,player-1,10,0,3,0
153,2,18,0.05879206582903862,player-2,12,3,5,10
153,3,17,0.04587485454976559,player-2,15,12,9,12
153,4,17,0.06737490184605122,player-3,15,17,18,17
153,5,18,0.052625080570578575,player-1,21,21,24,21
153,6,19,0.06641587242484093,player-3,23,38,28,37
153,7,17,0.054167117923498154,player-2,33,43,29,43
153,8,19,0.04641595296561718,player-1,38,44,32,44
153,9,19,0.058540841564536095,player-2,46,54,41,44
153,10,17,0.05566701292991638,player-1,47,58,44,49
154,1,22,0.06649992428719997,player-4,2,4,3,4
154,2,17,0.048083020374178886,player-4,4,10,6,9
154,3,18,0.07554213516414165,player-2,9,18,10,15
154,4,17,0.05091587081551552,player-2,13,27,19,19
154,5,18,0.060125021263957024,player-4,17,33,19,26
154,6,18,0.03979098983108997,none,21,35,21,26
154,7,17,0.051958952099084854,player-1,28,43,21,26
154,8,24,0.05133403465151787,player-1,31,48,23,31
154,9,17,0.059125013649463654,player-3,31,51,25,40
154,10,17,0.06395881064236164,player-4,34,51,34,44
154,11,17,0.05929218605160713,player-1,43,55,43,45
155,1,17,0.04650000482797623,player-1,1,2,8,2
155,2,20,0.07254187949001789,player-1,9,5,16,5
155,3,17,0.05366699770092964,player-3,16,6,24,6
155,4,18,0.05141599103808403,player-1,19,10,24,8
155,5,17,0.057582976296544075,player-1,22,14,29,9
155,6,21,0.05450006574392319,player-2,24,16,34,11
155,7,17,0.0541249755769968,player-3,24,21,36,16
155,8,18,0.050042057409882545,player-1,30,24,43,20
155,9,17,0.05695805884897709,player-1,34,30,47,21
155,10,18,0.035084085538983345,none,34,33,52,26
155,11,17,0.05270796827971935,player-3,37,36,60,26
155,12,17,0.05870801396667957,player-4,37,42,62,30
155,13,17,0.058125006034970284,player-1,42,42,65,31
156,1,17,0.04437495954334736,player-2,3,8,1,2
156,2,17,0.058999983593821526,player-3,5,11,2,8
156,3,17,0.07104198448359966,player-4,11,16,9,17
156,4,17,0.053999945521354675,player-1,16,26,15,22
156,5,17,0.04075001925230026,player-2,19,27,21,24
156,6,20,0.05833315663039684,player-2,28,30,22,28
156,7,17,0.04795799031853676,player-4,32,33,26,29
156,8,18,0.06558396853506565,player-2,38,40,28,29
156,9,17,0.04987511783838272,player-2,39,43,28,37
156,10,17,0.044084154069423676,player-3,43,46,36,37
156,11,17,0.043625012040138245,player-4,44,55,43,47
157,1,18,0.05487492308020592,player-2,3,1,1,4
157,2,20,0.04754099063575268,player-1,5,2,1,7
157,3,17,0.05470798350870609,player-3,11,2,7,13
157,4,17,0.04474981687963009,player-4,11,2,12,17
157,5,22,0.060416990891098976,player-2,17,10,15,18
157,6,18,0.06083399057388306,player-3,19,11,19,21
157,7,17,0.07066689431667328,player-3,22,12,22,28
157,8,17,0.04908395931124687,player-4,24,12,26,33
157,9,19,0.060916878283023834,player-3,30,14,37,35
157,10,17,0.043665990233421326,player-2,33,20,39,36
157,11,18,0.05587493069469929,player-4,36,26,40,43
157,12,17,0.07658288814127445,player-4,41,28,52,47
157,13,18,0.0477498397231102,player-2,44,30,52,47
157,14,17,0.07391697727143764,player-2,49,30,57,50
158,1,23,0.060750171542167664,player-3,0,5,3,3
158,2,23,0.05866587162017822,none,3,6,12,10
158,3,17,0.05479203537106514,player-3,11,6,21,12
158,4,20,0.0588749535381794,player-3,22,11,29,23
158,5,19,0.04870910197496414,player-3,25,14,34,27
158,6,17,0.05129212513566017,player-2,31,25,42,29
158,7,19,0.04916684702038765,player-1,35,28,43,31
158,8,17,0.04195794463157654,player-4,35,31,51,33
158,9,17,0.0563750509172678,player-1,48,35,57,37
159,1,18,0.08449982851743698,player-1,7,6,10,2
159,2,21,0.0743749551475048,player-1,11,16,16,10
159,3,21,0.057999975979328156,player-2,22,23,19,10
159,4,17,0.05862489342689514,player-3,26,31,20,10
159,5,17,0.04737498238682747,player-4,30,33,22,18
159,6,17,0.057582976296544075,player-1,33,39,26,18
159,7,17,0.046833185479044914,player-2,34,42,28,19
159,8,18,0.05270796827971935,player-4,38,42,33,23
159,9,18,0.05287490785121918,player-1,47,42,35,25
159,10,17,0.05437503568828106,player-1,53,46,43,25
159,11,19,0.06520911119878292,player-4,58,49,46,28
160,1,18,0.058999983593821526,player-3,4,0,8,6
160,2,17,0.06083399057388306,player-3,10,7,13,11
160,3,20,0.05170796066522598,player-3,15,7,23,12
160,4,17,0.04875008016824722,player-1,17,9,28,15
160,5,17,0.06904196925461292,player-2,21,15,33,23
160,6,17,0.046584056690335274,player-3,26,18,39,25
160,7,17,0.06916606798768044,player-4,29,22,41,28
160,8,18,0.06562494672834873,player-2,33,23,47,35
160,9,17,0.0641250517219305,player-2,38,23,51,37
160,10,19,0.050625065341591835,player-1,41,26,55,38
160,11,17,0.041499966755509377,player-4,41,31,58,43
160,12,17,0.051083043217659,player-1,46,31,64,48
161,1,17,0.07562502287328243,player-3,7,6,7,2
161,2,22,0.0637909397482872,player-1,8,11,7,3
161,3,17,0.05845795385539532,player-1,12,13,16,9
161,4,17,0.0524159986525774,player-2,17,19,18,12
161,5,17,0.05850009620189667,player-3,26,25,28,19
161,6,17,0.04787486977875233,player-4,26,26,29,27
161,7,17,0.04966696724295616,player-1,35,26,31,32
161,8,19,0.06841705180704594,player-4,51,41,36,35
161,9,17,0.056584132835268974,player-3,58,44,37,38
161,10,17,0.0624579843133688,player-4,61,48,44,40
162,1,19,0.05091703496873379,player-3,2,3,3,0
162,2,18,0.06183306686580181,player-3,5,10,9,2
162,3,17,0.06745895370841026,player-3,9,14,19,6
162,4,19,0.05133310332894325,player-2,9,18,21,6
162,5,18,0.0641669612377882,player-2,15,25,30,7
162,6,18,0.06716698408126831,player-3,18,30,33,9
162,7,19,0.05925004370510578,player-1,20,32,34,11
162,8,19,0.05650008097290993,player-2,27,37,36,13
162,9,18,0.062000006437301636,player-2,29,42,39,13
162,10,18,0.06320886313915253,player-3,33,47,41,13
162,11,17,0.05691708065569401,player-3,36,47,49,15
162,12,17,0.06308406591415405,player-4,38,50,49,23
162,13,18,0.04741712473332882,player-2,43,53,50,27
162,14,17,0.057582976296544075,player-2,45,62,52,27
162,15,17,0.05529099144041538,player-3,45,65,59,27
163,1,17,0.03900006413459778,player-4,0,2,3,2
163,2,20,0.06308313459157944,player-4,1,8,3,10
163,3,17,0.07291720248758793,player-2,4,11,6,12
163,4,18,0.0360831618309021,none,6,13,8,17
163,5,20,0.08104206062853336,player-3,9,13,14,21
163,6,19,0.0638752244412899,player-3,18,18,19,23
163,7,17,0.05370797589421272,player-2,24,21,27,25
163,8,17,0.048084184527397156,player-3,28,27,32,29
163,9,20,0.05979090929031372,player-3,29,31,34,35
163,10,17,0.07270905189216137,player-1,41,31,36,42
163,11,17,0.05800020880997181,player-2,46,36,39,42
163,12,17,0.055208103731274605,player-3,46,39,50,46
163,13,17,0.047083012759685516,player-4,47,40,54,56
164,1,17,0.06337510421872139,player-1,10,6,6,6
164,2,21,0.06400002166628838,player-2,13,12,9,6
164,3,17,0.0552500132471323,player-3,15,12,18,9
164,4,17,0.05604187026619911,player-4,16,17,19,15
164,5,18,0.0660410150885582,player-2,18,26,23,24
164,6,18,0.05562487058341503,player-3,19,30,28,27
164,7,17,0.06354087963700294,player-3,27,31,31,31
164,8,17,0.05887518636882305,player-4,30,31,41,36
164,9,18,0.06120791658759117,player-2,38,38,43,36
164,10,17,0.06391690112650394,player-2,42,41,48,43
164,11,18,0.05204114131629467,player-4,43,44,55,45
164,12,17,0.05162484012544155,player-4,44,48,57,47
165,1,17,0.049208989366889,player-3,3,4,5,3
165,2,17,0.05829194560647011,player-4,9,6,10,8
165,3,17,0.05595805123448372,player-1,23,11,13,12
165,4,17,0.04795915447175503,player-2,26,13,14,14
165,5,18,0.06604194641113281,player-4,33,18,17,15
165,6,17,0.0438750721514225,player-4,33,21,20,18
165,7,23,0.06741704419255257,player-3,35,26,20,25
165,8,17,0.0594588927924633,player-2,37,38,21,31
165,9,17,0.04533305764198303,player-3,42,41,26,35
165,10,20,0.07608416490256786,player-3,48,43,30,40
165,11,17,0.06420817226171494,player-1,50,45,30,40
165,12,17,0.057416968047618866,player-2,53,46,37,46
165,13,20,0.05783303640782833,player-2,56,59,42,56
166,1,17,0.05712499842047691,player-3,4,8,8,3
166,2,17,0.07333303801715374,player-4,7,10,16,4
166,3,17,0.04616612568497658,player-1,15,12,19,12
166,4,17,0.06308290176093578,player-2,18,21,23,14
166,5,17,0.04295818507671356,player-3,19,24,28,14
166,6,18,0.04441710188984871,player-1,24,26,30,15
166,7,17,0.07762503810226917,player-1,35,34,33,17
166,8,17,0.057584140449762344,player-2,38,38,36,20
166,9,18,0.04920782521367073,player-4,41,43,41,25
166,10,17,0.05479203537106514,player-4,44,50,43,30
166,11,19,0.04512513987720013,player-3,49,56,51,32
167,1,17,0.0499580055475235,player-3,2,6,12,4
167,2,18,0.053999945521354675,player-1,8,10,16,5
167,3,18,0.05370820872485638,player-2,8,14,19,6
167,4,22,0.04729093052446842,none,11,16,20,6
167,5,18,0.03583286888897419,none,11,17,20,11
167,6,22,0.06362493149936199,player-1,21,17,31,16
167,7,18,0.04333304241299629,player-2,24,22,31,20
167,8,22,0.06095808930695057,player-3,30,24,39,28
167,9,20,0.053167110309004784,player-2,34,34,43,30
167,10,22,0.04512490704655647,none,37,36,45,30
167,11,18,0.0552500132471323,player-2,43,37,48,34
167,12,20,0.06825011223554611,player-1,49,44,56,41
168,1,17,0.07945788092911243,player-3,7,1,14,4
168,2,17,0.05970802158117294,player-4,8,3,16,12
168,3,20,0.058582983911037445,player-4,11,4,17,22
168,4,17,0.057208118960261345,player-2,19,9,23,23
168,5,17,0.05183415487408638,player-3,23,14,25,25
168,6,19,0.10291603393852711,player-2,30,21,32,32
168,7,17,0.04837499000132084,player-1,35,21,33,34
168,8,20,0.05879206582903862,player-1,42,27,35,41
168,9,17,0.06637489423155785,player-3,48,30,38,43
168,10,17,0.0785409938544035,player-4,51,34,43,51
168,11,17,0.08479086682200432,player-1,55,39,55,54
169,1,19,0.13216701336205006,player-2,0,2,5,2
169,2,17,0.047416193410754204,player-1,1,8,6,4
169,3,18,0.06425008177757263,player-3,11,11,8,5
169,4,18,0.06408290937542915,player-4,15,20,14,11
169,5,20,0.059582991525530815,player-3,23,22,17,14
169,6,17,0.07333280518651009,player-1,29,25,28,22
169,7,17,0.05787494592368603,player-2,29,36,28,24
169,8,17,0.07099984213709831,player-3,36,41,39,24
169,9,17,0.06387499161064625,player-4,36,41,41,30
169,10,17,0.06749993190169334,player-1,39,44,46,37
169,11,17,0.06074993871152401,player-2,46,48,52,37
169,12,19,0.062125036492943764,player-1,50,51,61,46
170,1,18,0.05670799873769283,player-3,0,8,10,5
170,2,17,0.052208080887794495,player-3,2,13,15,5
170,3,17,0.06320909596979618,player-4,7,18,26,6
170,4,18,0.051042065024375916,player-2,12,23,29,6
170,5,18,0.04874984733760357,player-3,12,29,34,7
170,6,18,0.0563750509172678,player-4,13,35,38,10
170,7,17,0.0679579097777605,player-4,16,41,42,18
170,8,17,0.06737490184605122,player-1,24,46,47,22
170,9,17,0.05866703577339649,player-2,26,50,53,23
170,10,18,0.05679205060005188,player-4,29,53,58,27
170,11,18,0.06458302959799767,player-1,33,53,64,33
170,12,17,0.05675014108419418,player-1,41,58,66,36
171,1,21,0.05224999040365219,player-4,6,1,3,2
171,2,20,0.08425000123679638,player-4,13,4,5,10
171,3,17,0.06208312697708607,player-2,19,8,8,13
171,4,17,0.0829577911645174,player-3,22,12,11,19
171,5,22,0.04724995233118534,none,23,13,11,23
171,6,18,0.073583098128438,player-2,28,18,15,26
171,7,19,0.06145797669887543,player-4,35,25,21,32
171,8,19,0.07624994032084942,player-1,44,30,26,33
171,9,17,0.05545793101191521,player-4,47,30,29,42
171,10,19,0.062125036492943764,player-3,48,30,40,56
171,11,17,0.042791012674570084,player-2,55,38,41,59
171,12,17,0.06162491627037525,player-3,55,47,46,64
172,1,20,0.05754106678068638,player-3,1,4,1,2
172,2,19,0.050916802138090134,player-3,5,5,4,4
172,3,17,0.05179201252758503,player-2,13,12,8,6
172,4,18,0.04495913162827492,none,14,20,8,16
172,5,19,0.05454220809042454,player-2,19,28,10,27
172,6,18,0.06041605956852436,player-2,23,38,14,32
172,7,17,0.0677919015288353,player-2,27,49,18,47
172,8,17,0.10391604155302048,player-3,32,53,25,54
173,1,17,0.06408407352864742,player-3,4,2,10,0
173,2,17,0.0580840278416872,player-4,4,2,19,7
173,3,18,0.05516689270734787,player-2,6,7,20,10
173,4,17,0.049584079533815384,player-2,9,11,22,12
173,5,17,0.043457839637994766,player-3,10,15,28,12
173,6,15,0.03433390520513058,none,13,15,29,18
173,7,19,0.06537511944770813,player-3,20,16,39,21
173,8,17,0.05820789374411106,player-2,22,22,40,23
173,9,17,0.04837499000132084,player-3,26,22,45,24
173,10,17,0.053999945521354675,player-4,28,24,45,33
173,11,17,0.04391721449792385,player-1,33,25,47,36
173,12,18,0.05045882426202297,player-3,35,29,48,39
173,13,17,0.06337487138807774,player-3,39,31,63,44
174,1,17,0.061208149418234825,player-1,11,7,3,2
174,2,18,0.055958982557058334,player-3,18,12,11,4
174,3,17,0.050042057409882545,player-3,20,20,11,5
174,4,20,0.0641669612377882,player-3,24,26,18,8
174,5,17,0.055541982874274254,player-1,24,29,20,12
174,6,17,0.0616670586168766,player-2,28,36,22,19
174,7,18,0.05341717042028904,player-4,30,42,24,23
174,8,17,0.06762496195733547,player-4,34,48,25,30
174,9,23,0.0707919243723154,player-3,41,48,34,35
174,10,17,0.04987488500773907,player-2,47,50,36,38
174,11,19,0.06725010462105274,player-1,62,50,38,47
175,1,20,0.04912493750452995,player-3,0,0,7,4
175,2,19,0.058542005717754364,player-3,4,0,12,8
175,3,17,0.06295787170529366,player-2,8,5,21,8
175,4,17,0.06091711111366749,player-3,10,10,33,14
175,5,17,0.06004190072417259,player-4,13,15,38,19
175,6,17,0.05150004290044308,player-1,16,18,39,24
175,7,18,0.0550001859664917,player-3,21,22,45,24
175,8,20,0.04929187707602978,player-2,21,25,46,27
175,9,17,0.060374848544597626,player-4,21,27,48,38
175,10,20,0.05529099144041538,player-4,26,32,49,46
175,11,19,0.07329205982387066,player-4,31,35,54,57
175,12,17,0.0438750721514225,player-3,31,37,55,59
175,13,20,0.08066580630838871,player-3,46,38,72,63
176,1,19,0.06870785728096962,player-3,4,2,8,0
176,2,19,0.04950002767145634,player-4,5,5,10,8
176,3,17,0.04737498238682747,player-3,5,7,17,11
176,4,17,0.07049995474517345,player-4,8,7,19,20
176,5,20,0.059374840930104256,player-4,11,12,23,32
176,6,18,0.05079200491309166,player-3,21,15,29,37
176,7,17,0.06633298471570015,player-3,26,18,31,41
176,8,18,0.0577080063521862,player-1,36,18,38,43
176,9,20,0.08399994112551212,player-4,40,28,39,54
176,10,17,0.05833408795297146,player-2,49,31,42,58
176,11,17,0.05512498319149017,player-3,51,33,49,63
177,1,19,0.057374825701117516,player-1,0,2,3,3
177,2,17,0.05970895290374756,player-4,3,10,9,14
177,3,18,0.04187505692243576,player-2,6,10,9,16
177,4,19,0.05741720087826252,player-4,8,11,15,17
177,5,17,0.065250089392066,player-3,8,19,18,25
177,6,19,0.05508307367563248,player-2,11,26,18,29
177,7,17,0.04716706462204456,player-1,14,30,23,32
177,8,21,0.05408306606113911,player-2,18,33,24,33
177,9,19,0.04850002005696297,player-1,22,37,24,35
177,10,20,0.06804196164011955,player-3,34,40,33,39
177,11,20,0.0527501106262207,player-4,34,43,37,43
177,12,17,0.09508407674729824,player-2,42,48,42,45
177,13,18,0.07454119622707367,player-4,42,51,47,52
178,1,17,0.05595805123448372,player-2,3,6,2,2
178,2,17,0.10570790618658066,player-3,3,13,10,4
178,3,20,0.07629115134477615,player-3,9,18,11,7
178,4,17,0.05508400499820709,player-1,19,21,17,12
178,5,17,0.044999876990914345,player-2,20,22,17,15
178,6,17,0.05825003609061241,player-3,25,29,26,21
178,7,17,0.05729100666940212,player-4,27,32,26,28
178,8,17,0.04479195922613144,player-1,34,36,30,28
178,9,18,0.0665830448269844,player-3,39,44,40,31
178,10,17,0.0577080063521862,player-3,41,44,52,31
178,11,17,0.05350005812942982,player-4,45,45,55,35
179,1,19,0.06124982610344887,player-3,5,8,4,4
179,2,17,0.043082982301712036,player-2,5,11,8,8
179,3,18,0.05445792339742184,player-4,13,20,9,11
179,4,19,0.049584079533815384,player-2,19,25,17,13
179,5,18,0.04650000482797623,player-2,19,27,17,19
179,6,17,0.06820820271968842,player-2,30,33,25,27
179,7,19,0.06308406591415405,player-1,34,37,27,33
179,8,17,0.044791027903556824,player-4,35,37,27,40
179,9,17,0.053833937272429466,player-1,40,39,32,42
179,10,17,0.06983312778174877,player-2,46,40,35,54
179,11,18,0.050541944801807404,player-4,49,44,36,63
180,1,17,0.04624994471669197,player-1,3,1,5,3
180,2,17,0.05758390761911869,player-2,5,6,8,3
180,3,17,0.046667177230119705,player-3,5,12,13,6
180,4,17,0.04679197445511818,player-4,7,12,16,9
180,5,17,0.05154218524694443,player-1,11,20,21,9
180,6,17,0.054165953770279884,player-2,11,25,24,14
180,7,17,0.05287514068186283,player-3,14,28,29,17
180,8,24,0.08458411321043968,player-3,21,35,36,21
180,9,18,0.04150019958615303,player-2,25,37,37,24
180,10,17,0.06462493911385536,player-2,32,46,43,25
180,11,17,0.05083298310637474,player-3,42,52,46,28
180,12,17,0.042584026232361794,player-4,47,52,56,33
181,1,17,0.046083005145192146,player-4,5,5,0,4
181,2,17,0.05779205821454525,player-1,10,9,0,9
181,3,17,0.05687517113983631,player-2,14,14,4,16
181,4,17,0.04295818507671356,player-3,16,18,7,19
181,5,17,0.0646661501377821,player-4,16,20,9,24
181,6,19,0.043042004108428955,player-3,17,20,20,27
181,7,17,0.04533282481133938,player-2,19,23,25,29
181,8,17,0.04354212433099747,player-3,24,24,26,31
181,9,18,0.04824995994567871,player-1,27,25,35,37
181,10,18,0.0463749747723341,player-2,34,27,40,41
181,11,17,0.056791817769408226,player-2,35,33,43,43
181,12,18,0.04579080268740654,player-4,36,34,44,48
181,13,17,0.06370805203914642,player-4,37,39,45,53
181,14,19,0.0499160960316658,player-3,39,47,47,58
182,1,17,0.05479203537106514,player-3,9,0,9,3
182,2,17,0.05049980245530605,player-4,11,0,9,6
182,3,20,0.05300017073750496,player-4,15,2,9,11
182,4,17,0.06404099985957146,player-2,18,6,10,21
182,5,18,0.04891701973974705,player-4,21,7,12,23
182,6,17,0.0563750509172678,player-4,26,16,12,25
182,7,18,0.05670799873769283,player-2,31,24,21,29
182,8,18,0.05066697485744953,player-3,31,30,24,33
182,9,17,0.05170796066522598,player-3,37,34,34,33
182,10,19,0.04775007255375385,player-2,42,34,39,36
182,11,17,0.06466708146035671,player-1,50,39,45,36
182,12,17,0.04191696643829346,player-2,51,45,50,39
183,1,17,0.05066697485744953,player-2,3,3,10,0
183,2,18,0.04941597580909729,player-4,4,7,11,5
183,3,17,0.06120908074080944,player-4,11,9,21,7
183,4,17,0.06975000724196434,player-1,16,9,21,10
183,5,17,0.04945811815559864,player-2,18,16,21,14
183,6,18,0.04512490704655647,player-4,20,18,21,17
183,7,17,0.04554190672934055,player-4,30,24,29,21
183,8,21,0.0541668850928545,player-1,33,29,29,23
183,9,17,0.04424992948770523,player-2,37,35,31,23
183,10,17,0.057958997786045074,player-3,39,35,37,29
183,11,18,0.04183291457593441,player-1,43,39,40,33
183,12,21,0.051999930292367935,player-1,51,39,42,36
183,13,17,0.0552500132471323,player-2,56,42,42,42
183,14,17,0.06800005212426186,player-3,58,45,49,44
184,1,17,0.06833299994468689,player-2,5,9,4,6
184,2,19,0.06679212674498558,player-1,8,9,7,13
184,3,17,0.062000006437301636,player-4,10,15,10,16
184,4,17,0.057416968047618866,player-1,15,15,19,17
184,5,17,0.07995916530489922,player-2,19,26,23,23
184,6,17,0.043082982301712036,player-3,22,28,25,26
184,7,17,0.05279085598886013,player-4,31,32,31,42
184,8,17,0.04754215478897095,player-1,35,32,35,42
184,9,20,0.048832967877388,player-1,36,32,36,42
184,10,17,0.04429183900356293,player-3,41,36,44,43
184,11,17,0.054958974942564964,player-4,41,39,48,49
184,12,21,0.08620903827250004,player-1,47,43,51,51
184,13,18,0.06641587242484093,player-3,56,46,69,51
185,1,17,0.06291689351201057,player-2,3,10,5,0
185,2,17,0.06795884110033512,player-3,10,10,7,3
185,3,19,0.054666073992848396,player-2,13,18,10,7
185,4,17,0.046208035200834274,player-1,20,18,12,7
185,5,17,0.058499863371253014,player-2,22,24,23,11
185,6,17,0.050541944801807404,player-3,24,31,26,13
185,7,18,0.0491670798510313,player-1,29,35,29,18
185,8,23,0.07941690273582935,player-3,36,39,33,19
185,9,20,0.060333870351314545,player-1,46,40,35,26
185,10,17,0.05783303640782833,player-3,49,41,39,32
185,11,18,0.05491613410413265,player-1,55,48,40,35
185,12,19,0.050916802138090134,player-3,61,50,47,37
186,1,17,0.09016692638397217,player-4,9,0,9,7
186,2,17,0.0467090867459774,player-1,16,5,9,7
186,3,20,0.04575005732476711,player-1,22,10,9,7
186,4,17,0.04487507976591587,player-3,22,17,13,12
186,5,17,0.04912493750452995,player-4,26,18,20,15
186,6,18,0.05079200491309166,player-2,27,24,23,21
186,7,18,0.05770917050540447,player-3,27,29,28,22
186,8,19,0.07262500002980232,player-1,31,37,37,31
186,9,17,0.043416162952780724,player-4,34,39,37,35
186,10,17,0.05233311094343662,player-1,42,48,41,37
186,11,20,0.06849993951618671,player-1,45,48,45,42
186,12,17,0.03700004890561104,player-3,45,49,45,43
186,13,19,0.060582999140024185,player-2,54,53,49,47
187,1,18,0.04558311775326729,player-3,5,4,6,2
187,2,17,0.0658340286463499,player-3,11,8,12,8
187,3,17,0.040040817111730576,player-4,11,9,12,10
187,4,22,0.07391697727143764,player-2,12,16,19,20
187,5,17,0.08433288894593716,player-2,15,25,24,23
187,6,19,0.06008404307067394,player-1,24,33,29,32
187,7,20,0.07766694761812687,player-3,27,37,34,37
187,8,18,0.09020883589982986,player-2,30,42,38,43
187,9,20,0.048250192776322365,none,34,43,38,43
187,10,17,0.06562494672834873,player-3,37,43,40,50
187,11,18,0.05595805123448372,player-1,41,43,44,51
187,12,17,0.07958384230732918,player-1,48,47,44,51
187,13,26,0.06920797750353813,player-3,50,53,50,52
188,1,17,0.047208042815327644,player-4,0,4,3,9
188,2,18,0.05925004370510578,player-2,6,9,13,13
188,3,17,0.08866610005497932,player-2,6,19,14,21
188,4,18,0.04558311775326729,player-4,9,19,18,22
188,5,18,0.044625019654631615,player-1,12,19,20,23
188,6,17,0.048832967877388,player-1,14,20,24,28
188,7,19,0.0652919989079237,player-4,17,24,32,36
188,8,17,0.07145782001316547,player-3,25,31,35,42
188,9,20,0.0491670798510313,player-3,26,33,43,45
188,10,20,0.04966696724295616,player-4,29,33,47,51
188,11,17,0.04987511783838272,player-2,35,44,49,60
189,1,17,0.05208398215472698,player-1,2,3,1,2
189,2,17,0.06033293902873993,player-2,6,4,1,2
189,3,17,0.05320901982486248,player-3,10,5,6,4
189,4,17,0.05183299072086811,player-4,12,11,7,8
189,5,23,0.041082967072725296,none,14,13,14,8
189,6,19,0.048625050112605095,player-4,18,13,17,18
189,7,18,0.04966696724295616,player-4,21,18,18,20
189,8,17,0.04554190672934055,player-4,24,19,19,23
189,9,17,0.0605839304625988,player-1,31,24,25,27
189,10,19,0.04420895129442215,player-4,33,26,26,31
189,11,19,0.052084214985370636,player-1,36,29,26,36
189,12,17,0.06329221650958061,player-4,39,33,29,40
189,13,17,0.062042148783802986,player-1,43,37,32,49
189,14,18,0.05029188469052315,player-3,45,41,35,50
189,15,17,0.050833914428949356,player-3,45,49,38,52
190,1,17,0.044582877308130264,player-4,2,2,3,12
190,2,17,0.04970794543623924,player-1,5,3,10,17
190,3,17,0.05012494511902332,player-2,14,8,10,20
190,4,17,0.05587516352534294,player-3,18,16,17,24
190,5,18,0.04516704939305782,player-1,26,16,19,31
190,6,24,0.06791600026190281,player-4,31,16,24,41
190,7,19,0.05312496796250343,player-4,36,20,30,45
190,8,19,0.06558303721249104,player-1,42,23,30,51
190,9,39,0.10304083116352558,player-2,55,25,35,56
190,10,18,0.03829202614724636,none,56,29,37,56
190,11,17,0.05054101347923279,player-2,62,31,37,64
190,12,17,0.055999960750341415,player-3,68,40,44,67
191,1,17,0.060125021263957024,player-1,5,5,1,4
191,2,17,0.045666005462408066,player-2,10,11,6,4
191,3,17,0.04937499761581421,player-3,13,12,11,4
191,4,17,0.048040878027677536,player-4,16,12,13,8
191,5,18,0.052459072321653366,player-2,23,27,15,8
191,6,17,0.06912508979439735,player-2,30,37,24,8
191,7,19,0.06087496876716614,player-1,31,37,30,14
191,8,17,0.05474989302456379,player-4,36,42,34,28
191,9,17,0.049541937187314034,player-1,37,45,39,34
191,10,19,0.06170803681015968,player-4,37,53,51,42
191,11,18,0.056958990171551704,player-4,40,54,53,47
192,1,17,0.05541718564927578,player-2,1,10,4,6
192,2,17,0.04775007255375385,player-3,6,12,11,10
192,3,17,0.05158316344022751,player-4,10,15,15,13
192,4,17,0.05737505853176117,player-1,17,15,22,16
192,5,17,0.04116701893508434,player-2,19,18,24,18
192,6,17,0.06350013427436352,player-3,23,23,31,21
192,7,17,0.04912493750452995,player-4,26,25,33,26
192,8,20,0.055042095482349396,player-4,30,25,37,31
192,9,17,0.03654183819890022,player-2,30,29,38,34
192,10,17,0.07837521843612194,player-3,37,31,58,34
192,11,19,0.04879198968410492,player-2,37,39,62,34
192,12,17,0.05879206582903862,player-1,49,48,80,44
193,1,17,0.06083399057388306,player-2,12,4,0,3
193,2,19,0.05000014789402485,player-1,15,4,5,3
193,3,20,0.06741704419255257,player-3,23,8,12,5
193,4,26,0.06029102951288223,player-2,26,10,12,6
193,5,17,0.055416952818632126,player-2,36,11,12,15
193,6,21,0.048042042180895805,player-3,41,14,19,19
193,7,17,0.05845795385539532,player-4,42,22,22,22
193,8,18,0.05508284084498882,player-2,44,25,22,27
193,9,17,0.04187505692243576,player-2,44,26,24,31
193,10,18,0.05574990063905716,player-4,46,28,26,36
193,11,20,0.05962490104138851,player-3,54,31,32,37
193,12,17,0.06924988701939583,player-1,57,38,42,38
193,13,17,0.0664170365780592,player-2,64,43,47,43
194,1,17,0.0637909397482872,player-3,3,9,8,6
194,2,17,0.05024997517466545,player-4,6,10,11,15
194,3,17,0.06741704419255257,player-1,14,16,14,18
194,4,17,0.05429098382592201,player-2,21,25,22,18
194,5,20,0.0730419997125864,player-2,27,33,23,23
194,6,17,0.04566693678498268,player-4,33,33,26,28
194,7,17,0.049208989366889,player-1,35,37,26,30
194,8,17,0.043958891183137894,player-2,35,38,30,34
194,9,18,0.0726659782230854,player-4,38,44,35,43
194,10,19,0.05920790135860443,player-2,40,49,39,48
194,11,17,0.06091594696044922,player-1,48,54,42,51
195,1,17,0.059165991842746735,player-3,7,1,11,0
195,2,17,0.05779205821454525,player-4,8,7,11,3
195,3,18,0.06754184141755104,player-2,14,11,17,8
195,4,17,0.0742089468985796,player-2,18,16,25,13
195,5,18,0.06266683340072632,player-4,23,22,28,17
195,6,17,0.05795806646347046,player-4,28,22,28,20
195,7,20,0.05220901221036911,player-4,28,28,38,21
195,8,16,0.034125056117773056,none,34,29,42,23
195,9,19,0.05075009539723396,player-1,36,34,43,28
195,10,17,0.04512490704655647,player-4,36,42,49,30
195,11,19,0.044208019971847534,player-3,38,43,51,32
195,12,18,0.05724979564547539,player-3,42,48,55,32
195,13,17,0.051416922360658646,player-3,46,55,59,35
196,1,18,0.047042034566402435,player-2,0,6,3,11
196,2,23,0.06325007416307926,player-4,6,9,8,16
196,3,23,0.05479203537106514,player-1,9,9,14,18
196,4,20,0.06262492388486862,player-3,11,11,21,27
196,5,21,0.0577499158680439,player-1,14,14,23,34
196,6,19,0.049833906814455986,player-4,18,21,29,38
196,7,17,0.045791035518050194,player-3,24,25,39,44
196,8,17,0.047666020691394806,player-4,28,32,45,53
196,9,17,0.052625080570578575,player-1,37,34,51,56
196,10,17,0.10566692799329758,player-2,43,38,55,62
197,1,17,0.06258301436901093,player-4,2,0,8,4
197,2,21,0.06995885632932186,player-1,12,0,10,7
197,3,17,0.05224999040365219,player-2,24,2,12,8
197,4,17,0.06658397614955902,player-3,34,2,21,10
197,5,17,0.04529207944869995,player-4,37,3,25,16
197,6,17,0.04229182377457619,player-1,43,4,30,20
197,7,17,0.043958891183137894,player-2,45,5,33,21
197,8,17,0.0762909185141325,player-3,51,5,42,25
197,9,17,0.05945796146988869,player-4,52,9,45,28
197,10,17,0.0438750721514225,player-1,55,10,45,32
198,1,17,0.09275018237531185,player-4,12,15,6,2
198,2,17,0.05716690793633461,player-1,19,22,15,2
198,3,25,0.06729108281433582,none,23,29,18,3
198,4,17,0.04787486977875233,player-3,23,33,22,9
198,5,17,0.051584094762802124,player-4,23,36,23,12
198,6,17,0.06129220128059387,player-1,30,45,29,21
198,7,22,0.06104097701609135,player-3,30,46,36,24
198,8,18,0.06870785728096962,player-4,30,49,41,31
198,9,18,0.05179201252758503,player-1,42,49,43,35
198,10,18,0.060999998822808266,player-2,47,52,46,42
198,11,17,0.04795915447175503,player-2,53,54,49,47
199,1,17,0.06420793943107128,player-3,3,3,9,10
199,2,19,0.041665975004434586,player-2,4,4,10,13
199,3,18,0.05112495273351669,player-2,8,7,12,13
199,4,23,0.06308406591415405,player-4,8,11,14,19
199,5,20,0.06954092532396317,player-2,13,19,18,26
199,6,18,0.057416968047618866,player-1,20,24,26,27
199,7,17,0.05333311855792999,player-1,21,29,28,34
199,8,17,0.07370789535343647,player-2,26,40,33,38
199,9,18,0.0711251050233841,player-4,29,42,42,48
199,10,23,0.0862909946590662,player-2,42,45,42,50
199,11,17,0.03904104232788086,player-1,50,48,42,52
200,1,17,0.048625050112605095,player-3,0,4,3,0
200,2,18,0.059416983276605606,player-1,4,12,11,0
200,3,17,0.051957787945866585,player-1,6,14,14,9
200,4,18,0.05250005051493645,player-3,8,26,14,11
200,5,17,0.054666073992848396,player-3,13,31,24,17
200,6,17,0.05037500523030758,player-4,13,36,30,23
200,7,18,0.047708163037896156,player-2,15,37,31,26
200,8,17,0.051083043217659,player-2,19,43,32,27
200,9,17,0.061416998505592346,player-3,22,54,41,27
200,10,17,0.060999998822808266,player-4,23,61,45,34
200,11,17,0.05137501284480095,player-1,28,67,45,35
201,1,18,0.04837499000132084,player-4,3,2,7,3
201,2,19,0.045999884605407715,player-2,3,6,8,10
201,3,18,0.05054217763245106,player-2,4,6,11,12
201,4,19,0.04804180935025215,player-4,9,7,11,13
201,5,19,0.06649992428719997,player-1,22,11,16,13
201,6,17,0.053625088185071945,player-4,26,12,24,23
201,7,17,0.05179201252758503,player-1,28,13,30,23
201,8,17,0.053541967645287514,player-2,29,16,33,28
201,9,18,0.05379202775657177,player-4,30,27,33,33
201,10,17,0.04875008016824722,player-4,32,29,33,44
201,11,20,0.05841604433953762,player-4,36,31,42,47
201,12,18,0.05374988541007042,player-3,41,33,49,49
201,13,17,0.0641250517219305,player-3,48,35,54,53
202,1,17,0.0641250517219305,player-1,10,3,9,2
202,2,17,0.05391612648963928,player-2,15,10,9,5
202,3,17,0.04449998959898949,player-3,20,11,16,5
202,4,18,0.06575020961463451,player-1,29,15,22,16
202,5,18,0.058999983593821526,player-2,33,24,24,16
202,6,19,0.057040946558117867,player-4,41,26,32,24
202,7,18,0.056582968682050705,player-4,44,31,36,27
202,8,17,0.040499959141016006,player-4,51,33,39,33
202,9,22,0.05150004290044308,player-2,56,36,39,39
202,10,20,0.05629099905490875,player-1,60,39,41,43
203,1,17,0.042082974687218666,player-2,2,10,5,0
203,2,17,0.05529215559363365,player-3,5,20,8,10
203,3,19,0.04766695201396942,player-2,7,30,9,11
203,4,17,0.044958898797631264,player-1,11,37,9,17
203,5,18,0.05600019358098507,player-3,16,42,16,20
203,6,22,0.05374988541007042,player-4,16,44,21,21
203,7,20,0.05700020119547844,player-3,24,48,28,28
203,8,17,0.05629099905490875,player-1,33,51,31,29
203,9,17,0.057541998103260994,player-2,34,53,33,34
203,10,17,0.037665944546461105,player-3,38,53,36,34
203,11,20,0.056957826018333435,player-3,44,53,41,37
203,12,18,0.05291611887514591,player-2,45,59,43,45
204,1,17,0.08304091170430183,player-3,5,4,11,6
204,2,19,0.05141599103808403,player-2,5,10,16,12
204,3,18,0.06087496876716614,player-2,12,13,23,12
204,4,19,0.05462486296892166,player-4,18,15,26,14
204,5,17,0.06874999962747097,player-3,26,21,34,15
204,6,17,0.04950002767145634,player-4,26,24,35,16
204,7,17,0.05550007335841656,player-1,28,24,38,25
204,8,17,0.06662518717348576,player-2,33,37,40,34
204,9,18,0.05729100666940212,player-4,37,38,43,40
204,10,17,0.05833315663039684,player-4,39,46,43,46
204,11,18,0.06916699931025505,player-2,47,49,50,48
204,12,18,0.05762488581240177,player-3,52,56,58,50
205,1,17,0.05095801316201687,player-3,8,5,6,6
205,2,17,0.05925004370510578,player-4,8,13,11,19
205,3,17,0.06387499161064625,player-1,13,16,20,24
205,4,17,0.06254203617572784,player-2,15,28,24,35
205,5,17,0.05933316424489021,player-3,20,30,27,40
205,6,20,0.05954108200967312,player-3,21,35,32,46
205,7,17,0.050083035603165627,player-1,26,37,37,46
205,8,19,0.039207981899380684,none,28,39,37,48
205,9,17,0.06587500683963299,player-3,31,41,40,51
205,10,20,0.0688750296831131,player-3,35,52,44,56
206,1,19,0.0424159225076437,player-3,1,2,2,0
206,2,19,0.06691599264740944,player-4,14,10,7,3
206,3,17,0.055582961067557335,player-3,15,18,8,5
206,4,19,0.06141606718301773,player-2,15,25,13,12
206,5,17,0.05441601388156414,player-1,21,29,18,19
206,6,18,0.046250177547335625,player-3,23,32,20,19
206,7,19,0.06379210390150547,player-1,35,41,29,25
206,8,19,0.047625042498111725,player-2,39,44,32,25
206,9,17,0.04337495192885399,player-1,40,49,33,28
206,10,17,0.056582968682050705,player-2,43,59,34,30
206,11,17,0.06883288733661175,player-3,46,60,40,32
206,12,18,0.05174987018108368,player-1,51,60,42,33
206,13,17,0.04070787690579891,player-1,54,60,44,37
206,14,22,0.06025005131959915,player-3,58,64,50,42
207,1,18,0.08662487380206585,player-4,7,6,13,6
207,2,18,0.060542020946741104,player-1,10,9,18,12
207,3,17,0.055165961384773254,player-1,24,9,22,12
207,4,17,0.06008311174809933,player-2,27,15,24,13
207,5,18,0.05808309651911259,player-4,30,21,24,18
207,6,17,0.05450006574392319,player-4,31,25,26,27
207,7,18,0.050250208005309105,player-2,35,26,28,31
207,8,19,0.044833170250058174,player-4,37,30,32,31
207,9,18,0.05016708746552467,player-4,37,35,35,33
207,10,18,0.0414170790463686,player-1,43,37,36,38
207,11,17,0.07033301517367363,player-1,53,41,41,41
207,12,17,0.055208103731274605,player-2,58,46,42,42
208,1,17,0.06474996916949749,player-3,5,11,3,6
208,2,17,0.06958306767046452,player-4,8,17,4,12
208,3,19,0.04987488500773907,player-3,10,23,11,13
208,4,17,0.04933401942253113,player-2,13,26,14,16
208,5,26,0.07820804603397846,player-4,21,37,21,25
208,6,19,0.050165923312306404,player-2,23,41,26,29
208,7,27,0.0724999699741602,player-3,24,46,30,34
208,8,17,0.04670885391533375,player-2,24,53,34,36
208,9,18,0.0563750509172678,player-4,24,55,37,38
208,10,19,0.06541609764099121,player-2,30,56,39,41
208,11,22,0.05370797589421272,player-2,35,67,43,45
209,1,19,0.047582900151610374,player-2,3,2,3,1
209,2,19,0.07641687989234924,player-3,6,13,6,6
209,3,17,0.05850009620189667,player-2,17,16,11,6
209,4,18,0.044416869059205055,player-4,18,16,13,7
209,5,17,0.045042019337415695,player-4,24,23,13,12
209,6,17,0.04516611807048321,player-1,28,27,16,12
209,7,17,0.05229213275015354,player-2,31,35,18,15
209,8,17,0.05362485535442829,player-3,37,35,26,17
209,9,17,0.049083027988672256,player-4,40,39,29,23
209,10,17,0.089708948507905,player-1,53,40,36,23
209,11,18,0.08954200893640518,player-3,54,42,45,27
209,12,18,0.06837490946054459,player-4,54,46,51,33
210,1,17,0.0688331201672554,player-4,1,7,0,10
210,2,17,0.08183298632502556,player-1,6,13,5,10
210,3,17,0.054416945204138756,player-2,9,22,8,13
210,4,17,0.057374825701117516,player-3,12,28,11,18
210,5,17,0.062125036492943764,player-4,17,31,11,22
210,6,22,0.07129204459488392,player-2,21,38,21,31
210,7,21,0.09737489745020866,player-2,30,40,24,34
210,8,18,0.06475020200014114,player-4,30,48,25,40
210,9,17,0.04900014027953148,player-4,30,54,27,44
210,10,17,0.0777500681579113,player-1,32,65,31,46
211,1,17,0.06870809011161327,player-1,2,0,3,6
211,2,18,0.06587500683963299,player-3,6,3,10,11
211,3,17,0.0738329254090786,player-3,12,11,21,17
211,4,17,0.060374848544597626,player-4,22,11,29,20
211,5,17,0.06849993951618671,player-1,30,15,29,20
211,6,17,0.04812492989003658,player-2,30,17,33,24
211,7,19,0.04724995233118534,player-1,38,17,35,26
211,8,18,0.04733400419354439,player-1,43,18,36,29
211,9,18,0.06829202175140381,player-2,46,23,41,38
211,10,17,0.0603341031819582,player-2,50,34,48,49
211,11,17,0.051625072956085205,player-3,50,36,54,50
212,1,17,0.047833193093538284,player-2,0,8,0,1
212,2,34,0.06408384069800377,none,6,12,1,1
212,3,18,0.06512505933642387,player-1,8,13,3,3
212,4,17,0.06466684862971306,player-1,10,16,5,7
212,5,18,0.04616705700755119,player-3,10,20,8,9
212,6,17,0.06654090248048306,player-3,20,23,14,13
212,7,17,0.0677919015288353,player-4,24,32,19,21
212,8,22,0.08820788934826851,player-2,33,45,23,30
212,9,17,0.04950002767145634,player-2,36,50,27,32
212,10,17,0.052042072638869286,player-3,38,51,30,32
212,11,28,0.07541687227785587,player-3,39,68,30,33
213,1,17,0.061041209846735,player-2,2,7,3,1
213,2,17,0.05420786328613758,player-3,8,9,4,3
213,3,17,0.06420793943107128,player-4,13,16,6,6
213,4,17,0.05150004290044308,player-1,17,22,14,10
213,5,17,0.051208073273301125,player-2,21,27,19,14
213,6,17,0.0658340286463499,player-3,27,31,27,21
213,7,21,0.05708285607397556,player-4,32,31,28,26
213,8,17,0.044708140194416046,player-1,36,34,28,28
213,9,17,0.052999937906861305,player-2,40,36,28,32
213,10,19,0.06645801477134228,player-1,48,36,32,34
213,11,21,0.05366699770092964,player-4,51,39,36,37
213,12,17,0.054042087867856026,player-1,71,40,45,42
214,1,19,0.05466700531542301,player-1,11,4,6,9
214,2,19,0.07324991747736931,player-2,18,5,14,16
214,3,18,0.055541982874274254,player-2,24,14,14,20
214,4,17,0.05958392284810543,player-2,27,19,22,25
214,5,18,0.07570907473564148,player-4,32,21,26,25
214,6,22,0.0577499158680439,player-1,34,29,27,32
214,7,18,0.05091703496873379,player-2,37,35,31,32
214,8,17,0.07408298552036285,player-2,44,40,38,34
214,9,18,0.04624994471669197,player-4,45,42,39,36
214,10,17,0.05250005051493645,player-4,45,45,43,39
214,11,18,0.057416968047618866,player-2,50,54,43,45
214,12,19,0.06679096259176731,player-4,57,54,52,59
215,1,17,0.05150004290044308,player-3,1,2,4,6
215,2,18,0.07616705261170864,player-1,6,5,9,14
215,3,17,0.05004182457923889,player-1,11,7,11,14
215,4,22,0.060167163610458374,player-3,18,7,21,17
215,5,18,0.05291611887514591,player-4,21,10,21,21
215,6,17,0.05870801396667957,player-4,26,11,23,27
215,7,24,0.051582930609583855,player-4,29,12,24,30
215,8,17,0.055416952818632126,player-2,31,21,26,30
215,9,24,0.0660410150885582,none,40,24,26,33
215,10,17,0.04208390600979328,player-4,40,30,32,37
215,11,20,0.05974993109703064,player-4,45,31,33,43
215,12,17,0.06929109804332256,player-2,49,34,37,46
215,13,18,0.06579188629984856,player-4,53,40,40,53
215,14,18,0.0541668850928545,player-1,59,46,41,58
216,1,17,0.053584109991788864,player-4,5,0,4,11
216,2,20,0.06399978883564472,player-4,12,0,9,12
216,3,17,0.07045804522931576,player-2,12,15,18,12
216,4,17,0.04454213194549084,player-3,13,17,21,16
216,5,20,0.04800013266503811,player-3,15,19,27,17
216,6,21,0.05783303640782833,player-1,17,27,31,19
216,7,17,0.05250005051493645,player-2,18,33,31,26
216,8,17,0.039624981582164764,player-3,20,33,37,27
216,9,18,0.05404185503721237,player-1,26,35,41,34
216,10,17,0.055374810472130775,player-1,28,37,46,37
216,11,17,0.04674983210861683,player-2,29,40,50,37
216,12,17,0.04533398896455765,player-3,29,48,57,37
216,13,17,0.07395888678729534,player-4,29,55,59,46
217,1,20,0.05829194560647011,player-4,5,2,6,0
217,2,17,0.06804196164011955,player-2,10,5,11,6
217,3,19,0.05191704258322716,player-1,15,6,18,9
217,4,17,0.0477079302072525,player-4,17,6,22,11
217,5,18,0.05233311094343662,player-2,21,12,23,17
217,6,24,0.0925001222640276,player-1,33,22,32,26
217,7,17,0.04704180173575878,player-3,43,25,37,31
217,8,18,0.054541975259780884,player-1,47,29,41,37
217,9,17,0.06333412602543831,player-1,55,35,42,43
217,10,22,0.06937514990568161,player-3,59,39,50,51
218,1,17,0.07254211232066154,player-2,6,3,5,6
218,2,17,0.058125006034970284,player-3,14,3,7,9
218,3,17,0.06487499922513962,player-4,15,6,10,18
218,4,19,0.05283299833536148,player-3,17,7,16,18
218,5,17,0.050999922677874565,player-2,18,11,16,20
218,6,17,0.04795799031853676,player-3,27,12,21,27
218,7,17,0.04466692917048931,player-4,27,13,21,32
218,8,17,0.04175002686679363,player-1,33,15,22,32
218,9,18,0.05633290857076645,player-3,40,20,24,39
218,10,23,0.054625095799565315,player-1,44,21,24,42
218,11,17,0.04754192195832729,player-4,47,24,32,44
218,12,18,0.05195802077651024,player-2,51,31,32,49
218,13,24,0.045833876356482506,none,58,34,32,51
218,14,17,0.056042103096842766,player-3,65,43,35,51
219,1,23,0.06579095497727394,player-4,6,7,6,1
219,2,17,0.053584109991788864,player-3,11,9,10,6
219,3,21,0.04924996756017208,player-4,16,9,13,14
219,4,18,0.05679205060005188,player-2,23,11,15,20
219,5,17,0.05245814099907875,player-2,32,18,17,21
219,6,19,0.04549999721348286,player-1,34,23,19,21
219,7,17,0.07004104554653168,player-4,38,31,25,24
219,8,18,0.05187490023672581,player-2,40,36,29,24
219,9,18,0.055999960750341415,player-3,41,39,36,28
219,10,17,0.05829194560647011,player-3,49,40,41,35
219,11,17,0.044042011722922325,player-4,52,41,42,41
219,12,17,0.05308282561600208,player-1,53,47,47,43
220,1,17,0.04545808769762516,player-3,3,3,6,3
220,2,17,0.049459049478173256,player-4,6,5,11,8
220,3,17,0.05350005812942982,player-1,11,14,12,10
220,4,17,0.06187497638165951,player-2,16,23,18,10
220,5,22,0.07987511344254017,player-4,20,30,20,19
220,6,17,0.05550007335841656,player-4,22,38,20,21
220,7,17,0.0441248994320631,player-1,27,40,21,22
220,8,17,0.04720780998468399,player-2,36,49,23,23
220,9,17,0.06187497638165951,player-3,43,53,29,23
220,10,17,0.06291689351201057,player-4,43,57,40,28
220,11,18,0.05862489342689514,player-2,47,62,46,35
220,12,17,0.0539170578122139,player-2,51,65,50,38
221,1,17,0.06787502206861973,player-1,18,0,11,11
221,2,17,0.04629092290997505,player-2,22,4,13,13
221,3,17,0.06425008177757263,player-3,24,7,13,19
221,4,22,0.06408407352864742,player-1,32,8,15,29
221,5,17,0.07820804603397846,player-1,36,19,23,41
221,6,17,0.05633290857076645,player-2,41,20,25,41
221,7,18,0.04891585558652878,player-4,46,22,28,55
221,8,17,0.05987496115267277,player-4,49,27,31,60
221,9,17,0.06174994632601738,player-1,57,34,31,65
221,10,24,0.08312496356666088,player-1,62,38,33,70
222,1,17,0.05066697485744953,player-2,0,4,6,4
222,2,17,0.06145890802145004,player-3,2,14,8,12
222,3,18,0.07083290256559849,player-1,13,16,14,19
222,4,20,0.04650000482797623,player-4,14,18,16,22
222,5,18,0.05591614171862602,player-3,14,18,19,25
222,6,17,0.05687517113983631,player-3,24,20,30,25
222,7,17,0.057999975979328156,player-4,27,25,33,35
222,8,17,0.05349982529878616,player-1,33,28,38,37
222,9,17,0.058125006034970284,player-2,36,31,38,45
222,10,17,0.05208305083215237,player-3,36,33,44,47
222,11,17,0.052625080570578575,player-4,41,38,51,50
222,12,18,0.04100007936358452,player-2,45,41,51,51
222,13,17,0.07462501525878906,player-2,45,43,64,55
223,1,17,0.05950010381639004,player-3,5,0,8,10
223,2,19,0.05308305844664574,player-2,10,15,12,17
223,3,17,0.05700020119547844,player-1,18,17,20,18
223,4,18,0.0510411337018013,player-3,20,29,25,18
223,5,17,0.048625050112605095,player-3,22,34,32,22
223,6,19,0.054374802857637405,player-2,27,44,36,24
223,7,19,0.06504193879663944,player-3,31,46,43,33
223,8,17,0.04975008778274059,player-2,37,48,43,41
223,9,17,0.05570892244577408,player-3,41,51,48,43
223,10,18,0.06187497638165951,player-1,46,53,50,46
223,11,23,0.06374996155500412,player-3,47,53,53,50
224,1,17,0.04866695962846279,player-2,2,2,3,0
224,2,18,0.04787486977875233,player-4,7,7,4,1
224,3,17,0.04158308729529381,player-4,7,9,6,3
224,4,18,0.07304083555936813,player-2,14,12,10,6
224,5,17,0.07058307528495789,player-2,24,24,14,8
224,6,18,0.07570791058242321,player-4,26,24,21,13
224,7,17,0.06008287891745567,player-4,26,26,26,16
224,8,17,0.057999975979328156,player-1,34,26,29,16
224,9,18,0.0527501106262207,player-3,38,30,30,18
224,10,18,0.0588330440223217,player-4,46,30,34,22
224,11,17,0.06133411079645157,player-4,48,35,34,27
224,12,19,0.053999945521354675,player-3,52,39,39,33
224,13,21,0.06616581231355667,player-2,53,41,43,35
224,14,17,0.051541952416300774,player-3,56,48,45,35
225,1,17,0.04683295264840126,player-3,0,4,3,0
225,2,18,0.055416952818632126,player-1,3,4,8,8
225,3,17,0.055541982874274254,player-1,10,6,12,8
225,4,24,0.06312481127679348,none,13,8,13,10
225,5,17,0.04633399657905102,player-3,20,8,14,15
225,6,18,0.06345915608108044,player-1,21,12,28,21
225,7,17,0.045208027586340904,player-1,27,12,34,24
225,8,17,0.060125021263957024,player-2,30,14,41,36
225,9,18,0.057958997786045074,player-4,30,20,47,44
225,10,18,0.06520794704556465,player-1,32,22,59,49
225,11,18,0.041250139474868774,player-2,33,26,60,51
225,12,19,0.05829194560647011,player-4,39,32,61,66
226,1,17,0.04379195161163807,player-4,0,7,2,4
226,2,18,0.07045804522931576,player-2,6,12,4,4
226,3,17,0.04966696724295616,player-2,12,14,4,8
226,4,17,0.04200008697807789,player-3,13,16,9,8
226,5,17,0.0452499371021986,player-4,19,16,12,16
226,6,19,0.05574990063905716,player-3,24,16,19,18
226,7,19,0.06045890040695667,player-4,31,23,25,22
226,8,17,0.04991702735424042,player-3,32,26,34,22
226,9,17,0.04337495192885399,player-4,32,28,37,23
226,10,17,0.05254102870821953,player-1,34,30,40,23
226,11,25,0.08816691115498543,player-2,40,34,56,29
226,12,17,0.06295903585851192,player-3,40,37,64,34
227,1,18,0.06929179653525352,player-2,4,6,2,1
227,2,17,0.0552500132471323,player-2,7,9,5,8
227,3,17,0.063000014051795,player-3,15,14,10,13
227,4,18,0.04316703416407108,player-1,17,16,13,15
227,5,19,0.05558389239013195,player-3,19,20,18,18
227,6,19,0.0691248569637537,player-4,26,23,29,23
227,7,20,0.047625042498111725,player-2,31,24,29,24
227,8,17,0.0474581029266119,player-4,35,27,29,27
227,9,18,0.05191704258322716,player-2,37,34,35,33
227,10,19,0.06695813499391079,player-4,43,38,37,45
227,11,17,0.05162484012544155,player-3,46,38,40,49
227,12,18,0.06083282642066479,player-1,51,38,43,52
227,13,18,0.05708308890461922,player-2,54,43,53,58
228,1,17,0.06270804442465305,player-3,1,1,6,2
228,2,19,0.06491714157164097,player-2,6,16,11,3
228,3,17,0.09187497198581696,player-1,28,16,23,10
228,4,20,0.05587493069469929,player-1,34,18,23,12
228,5,17,0.04549999721348286,player-3,38,19,31,15
228,6,17,0.05075009539723396,player-4,45,20,33,16
228,7,26,0.0849580392241478,player-2,49,26,40,22
228,8,17,0.06187497638165951,player-2,51,40,40,33
228,9,17,0.04237494431436062,player-3,55,40,50,33
229,1,20,0.05974993109703064,player-4,6,5,1,9
229,2,25,0.0524579081684351,player-2,6,11,2,11
229,3,19,0.053167110309004784,player-1,15,14,2,14
229,4,17,0.0475000124424696,player-4,20,14,2,21
229,5,19,0.05370797589421272,player-3,25,16,9,26
229,6,17,0.05204183980822563,player-2,29,18,9,28
229,7,18,0.045833177864551544,player-4,30,21,10,30
229,8,18,0.051167095080018044,player-1,31,21,10,34
229,9,18,0.062000006437301636,player-2,37,21,16,38
229,10,19,0.054541975259780884,player-4,39,26,20,48
229,11,17,0.05175010301172733,player-3,46,26,23,49
229,12,17,0.053042080253362656,player-4,46,30,35,53
229,13,19,0.061125028878450394,player-3,54,33,46,55
230,1,19,0.05516689270734787,player-3,4,3,6,0
230,2,17,0.0474581029266119,player-2,10,8,9,0
230,3,20,0.06258301436901093,player-2,13,13,11,8
230,4,17,0.04658312536776066,player-4,13,14,12,11
230,5,19,0.05437503568828106,player-3,14,19,15,16
230,6,17,0.04383292980492115,player-2,17,27,15,17
230,7,22,0.06191711872816086,player-4,27,38,19,24
230,8,17,0.06933300755918026,player-4,36,44,27,25
230,9,17,0.059167155995965004,player-1,41,51,30,27
230,10,17,0.03762519918382168,player-2,43,54,31,28
230,11,17,0.04937499761581421,player-3,46,58,42,29
230,12,21,0.04895799793303013,player-4,49,65,43,36
231,1,20,0.05920883268117905,player-3,2,8,6,2
231,2,17,0.059125013649463654,player-1,5,14,11,8
231,3,17,0.051667215302586555,player-2,6,26,12,9
231,4,17,0.05333288572728634,player-3,11,31,27,9
231,5,17,0.06949994713068008,player-4,13,33,34,22
231,6,17,0.045667169615626335,player-1,17,34,35,29
231,7,29,0.06295903585851192,player-2,20,38,45,33
231,8,17,0.04170904867351055,player-3,22,40,47,36
231,9,18,0.05016685463488102,player-1,22,44,54,37
231,10,18,0.04987511783838272,player-2,24,46,60,37
231,11,17,0.043582869693636894,player-2,28,53,60,37
231,12,17,0.07483386434614658,player-3,32,59,67,46
232,1,18,0.04454189911484718,player-3,1,0,4,1
232,2,17,0.05616690032184124,player-3,5,11,9,6
232,3,22,0.06400002166628838,none,18,11,13,11
232,4,17,0.05174987018108368,player-1,21,13,20,13
232,5,18,0.048833899199962616,player-3,24,16,29,13
232,6,17,0.06916699931025505,player-3,28,20,38,13
232,7,17,0.05837506614625454,player-4,31,23,41,15
232,8,19,0.06449990905821323,player-3,37,25,50,15
232,9,20,0.07320800796151161,player-1,49,27,52,18
233,1,17,0.053333817049860954,player-2,2,7,4,3
233,2,23,0.05679205060005188,player-1,7,10,10,8
233,3,17,0.052541960030794144,player-4,10,16,20,10
233,4,19,0.059582991525530815,player-3,15,22,22,18
233,5,17,0.044791027903556824,player-2,17,30,24,19
233,6,19,0.046042026951909065,player-1,23,35,25,27
233,7,17,0.06224983371794224,player-4,27,44,29,29
233,8,17,0.04850002005696297,player-1,37,44,32,30
233,9,18,0.0541249755769968,player-3,38,48,34,30
233,10,18,0.047999899834394455,player-4,40,51,35,32
233,11,19,0.08279108442366123,player-2,49,67,42,35
234,1,19,0.05066581070423126,player-2,1,5,1,5
234,2,21,0.04875008016824722,none,6,7,1,8
234,3,17,0.0612910371273756,player-2,15,10,4,23
234,4,17,0.05979207344353199,player-3,26,15,10,25
234,5,17,0.04970887675881386,player-4,34,15,15,31
234,6,17,0.06374996155500412,player-1,41,18,21,34
234,7,17,0.07700012065470219,player-2,41,25,21,36
234,8,18,0.0552500132471323,player-4,45,35,23,45
234,9,17,0.06374996155500412,player-4,45,35,27,58
234,10,19,0.06045820191502571,player-3,46,39,40,67
235,1,17,0.06533297710120678,player-3,5,3,6,0
235,2,17,0.06450014188885689,player-4,9,8,7,8
235,3,18,0.047042034566402435,player-2,10,12,11,13
235,4,22,0.05729217082262039,player-3,13,14,13,16
235,5,18,0.056208111345767975,player-4,15,15,17,20
235,6,17,0.07500010542571545,player-4,19,17,22,26
235,7,18,0.049582915380597115,player-2,20,22,27,26
235,8,17,0.05945796146988869,player-2,24,23,32,28
235,9,17,0.05187490023672581,player-3,24,25,40,31
235,10,31,0.08766702376306057,player-2,26,29,47,33
235,11,18,0.06016693077981472,player-2,28,34,50,39
235,12,17,0.057499855756759644,player-2,33,40,52,48
235,13,18,0.05479203537106514,player-4,35,45,52,54
235,14,17,0.06250012665987015,player-4,38,49,54,70
236,1,17,0.0575000885874033,player-2,0,11,2,4
236,2,17,0.0427919439971447,player-3,2,12,3,5
236,3,17,0.05145813338458538,player-4,5,19,4,8
236,4,17,0.05091703496873379,player-1,12,23,10,10
236,5,21,0.050582922995090485,none,20,29,10,13
236,6,17,0.05850009620189667,player-3,20,34,22,16
236,7,18,0.05324999801814556,player-1,25,38,22,22
236,8,18,0.054791104048490524,player-2,29,43,26,31
236,9,17,0.05520787090063095,player-2,35,44,29,36
236,10,19,0.049625057727098465,player-1,39,50,30,37
236,11,18,0.04308391362428665,player-1,42,50,32,40
236,12,17,0.04370789974927902,player-1,52,51,32,43
236,13,17,0.053541967645287514,player-2,61,54,35,49
237,1,17,0.05370820872485638,player-2,6,6,5,2
237,2,18,0.05283299833536148,player-4,16,9,8,5
237,3,18,0.04891701973974705,player-1,18,15,16,6
237,4,17,0.057957833632826805,player-1,22,25,16,13
237,5,19,0.05004112608730793,player-4,25,27,24,18
237,6,17,0.06849993951618671,player-3,29,32,31,19
237,7,20,0.07983390241861343,player-3,36,34,42,23
237,8,18,0.06287498399615288,player-2,38,42,45,35
237,9,17,0.05279085598886013,player-2,45,51,47,35
237,10,17,0.05529192276299,player-3,47,54,51,38
237,11,18,0.055582961067557335,player-1,52,54,59,41
238,1,19,0.06504193879663944,player-3,6,8,14,5
238,2,17,0.045833177864551544,player-2,9,9,18,7
238,3,17,0.053208088502287865,player-3,10,14,23,11
238,4,19,0.05958392284810543,player-2,12,23,31,14
238,5,17,0.04487507976591587,player-1,15,24,35,15
238,6,17,0.06545800715684891,player-2,22,27,41,18
238,7,18,0.06612506695091724,player-4,25,35,45,21
238,8,19,0.07408391684293747,player-2,32,42,52,28
238,9,17,0.06029196083545685,player-1,39,44,55,35
238,10,17,0.09112502448260784,player-2,44,51,61,40
239,1,17,0.05329190753400326,player-3,2,3,3,2
239,2,17,0.03829202614724636,player-4,2,3,3,4
239,3,18,0.042708124965429306,player-2,4,5,3,5
239,4,17,0.0513328704982996,player-2,8,9,10,5
239,5,17,0.04154210910201073,player-3,10,9,15,5
239,6,18,0.05145790055394173,player-1,22,11,21,9
239,7,24,0.06612483412027359,player-4,25,19,28,13
239,8,17,0.058125006034970284,player-2,30,22,32,16
239,9,18,0.061208149418234825,player-4,35,25,39,23
239,10,17,0.048833899199962616,player-4,36,29,44,29
239,11,18,0.04591699689626694,player-2,40,30,44,29
239,12,20,0.06183399818837643,player-1,46,32,52,36
239,13,17,0.049042049795389175,player-3,48,40,55,41
240,1,17,0.05037500523030758,player-4,2,3,9,3
240,2,17,0.05175010301172733,player-1,5,9,12,15
240,3,19,0.07279193960130215,player-4,13,15,25,19
240,4,17,0.044625019654631615,player-3,15,19,27,20
240,5,17,0.058833975344896317,player-4,17,21,36,20
240,6,20,0.04216702654957771,player-4,18,25,41,25
240,7,19,0.06829202175140381,player-4,24,36,43,28
240,8,18,0.058999983593821526,player-4,31,39,50,38
240,9,17,0.05029188469052315,player-4,33,43,53,42
240,10,18,0.06308313459157944,player-2,44,50,62,46
241,1,18,0.06341701373457909,player-3,2,7,1,0
241,2,19,0.05195802077651024,player-1,15,10,5,1
241,3,19,0.058125006034970284,player-2,15,14,6,2
241,4,17,0.05841604433953762,player-1,20,19,7,6
241,5,18,0.05054101347923279,player-3,23,27,19,6
241,6,17,0.045000109821558,player-3,25,29,23,6
241,7,31,0.06787502206861973,none,27,36,25,9
241,8,17,0.05487515591084957,player-1,28,36,30,23
241,9,17,0.06320793181657791,player-2,36,41,43,26
241,10,18,0.04058307968080044,player-4,36,43,46,34
241,11,22,0.04958314821124077,player-1,39,45,47,37
241,12,17,0.05816691555082798,player-1,43,49,47,41
241,13,17,0.04824995994567871,player-2,54,51,47,41
242,1,18,0.05437503568828106,player-3,10,6,6,1
242,2,17,0.04320894367992878,player-3,14,10,12,2
242,3,27,0.04866695962846279,none,14,13,17,6
242,4,23,0.06570899859070778,player-3,25,13,27,7
242,5,17,0.04379195161163807,player-2,30,17,27,9
242,6,20,0.05291705019772053,player-2,33,18,33,14
242,7,17,0.04783296026289463,player-4,35,19,36,22
242,8,24,0.09616697207093239,player-4,37,29,42,36
242,9,18,0.050083035603165627,player-3,37,37,43,36
242,10,17,0.058582983911037445,player-3,41,37,50,47
242,11,20,0.05504186265170574,player-3,49,38,54,50
243,1,17,0.07258309051394463,player-4,6,9,1,4
243,2,19,0.05670799873769283,player-3,10,9,9,10
243,3,18,0.05116616375744343,player-3,13,12,19,10
243,4,17,0.043833162635564804,player-3,15,15,26,13
243,5,17,0.04945788532495499,player-4,18,17,29,16
243,6,17,0.09008287452161312,player-1,23,22,36,32
243,7,19,0.06883405148983002,player-4,34,26,36,37
243,8,17,0.05195802077651024,player-3,38,29,37,43
243,9,17,0.06183306686580181,player-4,39,33,47,50
243,10,17,0.04924996756017208,player-1,42,39,51,53
243,11,17,0.04975008778274059,player-2,49,44,57,56
244,1,23,0.05083298310637474,none,2,2,6,3
244,2,19,0.0466248020529747,player-4,5,2,7,5
244,3,17,0.06975000724196434,player-3,16,5,18,8
244,4,17,0.07566716521978378,player-4,23,12,25,13
244,5,20,0.06320886313915253,player-4,28,15,29,17
244,6,17,0.05300017073750496,player-2,29,24,29,17
244,7,19,0.08566700853407383,player-1,39,34,32,19
244,8,17,0.07891678251326084,player-4,43,38,41,23
244,9,17,0.053625088185071945,player-1,53,45,45,31
244,10,18,0.055999960750341415,player-3,58,45,48,33
245,1,19,0.06533297710120678,player-1,7,6,10,6
245,2,17,0.06108405068516731,player-4,7,6,12,14
245,3,19,0.059999991208314896,player-3,11,6,19,18
245,4,18,0.06708409637212753,player-3,20,13,20,31
245,5,17,0.06679096259176731,player-3,25,16,27,36
245,6,17,0.05629193037748337,player-4,27,19,35,37
245,7,22,0.061166007071733475,player-2,31,28,37,41
245,8,17,0.055999960750341415,player-2,35,34,37,41
245,9,18,0.07404200732707977,player-4,36,41,39,45
245,10,17,0.056499848142266273,player-4,36,52,43,54
246,1,18,0.05050003528594971,player-2,5,3,4,2
246,2,19,0.03733299672603607,none,8,5,4,7
246,3,18,0.05541602149605751,player-4,10,5,6,16
246,4,18,0.04870886914432049,player-1,17,6,10,19
246,5,17,0.04724995233118534,player-1,22,7,14,22
246,6,17,0.04958384670317173,player-2,25,11,17,26
246,7,19,0.04475004971027374,player-1,28,11,19,27
246,8,22,0.06933393888175488,player-1,41,16,25,32
246,9,17,0.05037500523030758,player-1,46,18,29,34
246,10,17,0.059582991525530815,player-2,49,23,32,38
246,11,17,0.05404115654528141,player-3,49,31,34,48
246,12,17,0.06208405829966068,player-4,57,41,34,55
246,13,17,0.06574997678399086,player-1,65,48,38,56
247,1,17,0.05591590888798237,player-1,0,3,4,4
247,2,17,0.07512513548135757,player-2,4,14,7,15
247,3,17,0.06279186345636845,player-3,5,18,16,16
247,4,18,0.10358309373259544,player-1,7,24,21,23
247,5,17,0.055416952818632126,player-1,12,32,21,25
247,6,17,0.058999983593821526,player-2,16,36,21,34
247,7,17,0.04708394408226013,player-3,19,37,25,37
247,8,17,0.044084154069423676,player-4,19,37,29,41
247,9,17,0.04070904105901718,player-1,23,40,33,42
247,10,17,0.04858383908867836,player-2,26,44,33,45
247,11,17,0.071333022788167,player-3,33,49,41,50
247,12,17,0.0665830448269844,player-4,40,54,52,58
248,1,17,0.05175010301172733,player-2,3,5,4,4
248,2,23,0.07083290256559849,player-1,8,10,6,16
248,3,18,0.058584148064255714,player-1,19,16,8,16
248,4,17,0.048625050112605095,player-1,37,22,13,21
248,5,17,0.06029196083545685,player-2,43,30,19,22
248,6,18,0.05324999801814556,player-4,43,33,21,32
248,7,20,0.06408290937542915,player-3,51,34,30,34
248,8,17,0.048582907766103745,player-1,53,40,30,34
248,9,18,0.06958306767046452,player-3,56,51,33,44
248,10,18,0.055165961384773254,player-4,63,56,37,53
249,1,17,0.04983297549188137,player-3,0,5,3,1
249,2,18,0.05608308129012585,player-1,10,8,9,5
249,3,18,0.06187497638165951,player-2,12,15,10,7
249,4,25,0.05695805884897709,player-2,12,22,12,7
249,5,17,0.0702079851180315,player-3,17,25,16,7
249,6,24,0.06916606798768044,player-3,17,25,24,9
249,7,17,0.055582961067557335,player-1,22,26,28,13
249,8,20,0.08458294905722141,player-1,25,36,36,21
249,9,18,0.05929102189838886,player-4,31,36,37,24
249,10,17,0.05925004370510578,player-4,33,39,37,29
249,11,17,0.06187497638165951,player-1,36,45,44,31
249,12,20,0.047625042498111725,none,40,45,46,33
249,13,17,0.04987488500773907,player-3,50,45,52,40
250,1,17,0.06925011985003948,player-4,3,2,5,7
250,2,17,0.04566693678498268,player-1,4,2,8,11
250,3,17,0.04837499000132084,player-2,9,5,8,14
250,4,21,0.050208065658807755,player-3,11,5,8,16
250,5,19,0.0660410150885582,player-2,12,8,14,21
250,6,21,0.05837506614625454,player-1,15,11,16,26
250,7,17,0.06762496195733547,player-2,20,15,23,33
250,8,19,0.060416990891098976,player-1,36,16,27,35
250,9,23,0.06508291698992252,player-2,43,28,35,36
250,10,18,0.043584033846855164,none,46,36,41,39
250,11,18,0.0499580055475235,player-3,48,41,46,43
250,12,18,0.0789170153439045,player-4,54,43,54,49
251,1,17,0.06624986417591572,player-1,2,1,1,7
251,2,19,0.0741251278668642,player-4,7,7,3,18
251,3,17,0.08566700853407383,player-3,10,17,16,22
251,4,17,0.06254180334508419,player-4,13,22,23,27
251,5,19,0.06129196844995022,player-3,19,23,29,29
251,6,17,0.05783280357718468,player-2,21,33,32,30
251,7,17,0.04679197445511818,player-3,22,38,38,34
251,8,19,0.05575013346970081,player-2,24,41,39,38
251,9,17,0.05124998278915882,player-1,32,45,44,40
251,10,20,0.03979098983108997,none,36,48,46,41
251,11,17,0.04516611807048321,player-3,40,51,50,41
251,12,17,0.06025005131959915,player-4,44,55,55,49
252,1,17,0.057208817452192307,player-1,7,3,10,6
252,2,17,0.04712492227554321,player-2,10,5,18,6
252,3,18,0.04237494431436062,player-4,10,6,24,8
252,4,19,0.056625111028552055,player-2,20,13,28,11
252,5,17,0.045708147808909416,player-1,25,14,28,13
252,6,17,0.05537504330277443,player-2,35,20,28,19
252,7,18,0.055958982557058334,player-4,48,29,35,28
252,8,17,0.04729209467768669,player-4,52,29,38,35
252,9,17,0.04729186184704304,player-1,56,32,39,38
252,10,17,0.052666058763861656,player-2,62,38,42,40
253,1,17,0.05341717042028904,player-3,1,5,3,0
253,2,19,0.05020899698138237,player-2,5,13,8,0
253,3,17,0.06083305925130844,player-1,14,17,15,3
253,4,17,0.05904189310967922,player-2,17,22,21,5
253,5,18,0.060625141486525536,player-4,24,34,21,7
253,6,17,0.06916699931025505,player-4,32,34,28,8
253,7,17,0.05229189991950989,player-1,39,37,28,11
253,8,20,0.05287490785121918,player-1,43,39,28,14
253,9,18,0.05920790135860443,player-4,45,41,34,19
253,10,17,0.04320894367992878,player-4,45,42,36,23
253,11,18,0.06437511183321476,player-2,55,48,38,26
253,12,19,0.06079091690480709,player-4,55,54,41,36
253,13,19,0.05408306606113911,player-1,59,55,41,42
254,1,17,0.04116701893508434,player-4,3,1,3,3
254,2,18,0.04591699689626694,player-2,4,7,6,14
254,3,25,0.05108397454023361,none,5,9,8,16
254,4,17,0.0647080596536398,player-3,7,12,13,23
254,5,17,0.05891709588468075,player-4,10,14,14,31
254,6,17,0.055958982557058334,player-1,13,16,19,34
254,7,17,0.054416945204138756,player-2,17,17,21,45
254,8,17,0.05291705019772053,player-3,21,21,28,49
254,9,18,0.04891608841717243,player-1,26,21,32,55
254,10,17,0.05775014869868755,player-1,28,23,37,59
254,11,17,0.05983305163681507,player-2,28,34,41,61
254,12,17,0.04091602750122547,player-3,28,35,41,64
254,13,20,0.04945811815559864,player-3,32,35,50,67
255,1,18,0.05016708746552467,player-1,2,0,5,4
255,2,26,0.04737498238682747,none,7,5,6,4
255,3,17,0.06183399818837643,player-2,9,6,11,4
255,4,17,0.0502078328281641,player-3,13,11,12,9
255,5,17,0.04829210229218006,player-4,17,13,15,13
255,6,19,0.05824980325996876,player-3,20,16,25,18
255,7,18,0.0588749535381794,player-3,28,25,31,18
255,8,17,0.053416937589645386,player-3,31,31,36,26
255,9,24,0.05825003609061241,player-3,36,31,39,28
255,10,17,0.05270796827971935,player-1,42,32,43,30
255,11,17,0.04854099825024605,player-2,44,38,49,31
255,12,17,0.052208080887794495,player-3,44,42,62,35
256,1,18,0.061625149101018906,player-2,6,0,7,5
256,2,17,0.050083035603165627,player-2,12,1,7,13
256,3,17,0.056957826018333435,player-3,15,10,16,15
256,4,17,0.0502078328281641,player-4,17,10,21,23
256,5,19,0.038499943912029266,none,18,12,22,25
256,6,22,0.05391612648963928,player-3,20,13,26,31
256,7,17,0.055416952818632126,player-3,29,29,30,35
256,8,18,0.04600011743605137,player-1,33,30,32,36
256,9,17,0.06266613490879536,player-1,39,33,37,36
256,10,17,0.062499893829226494,player-2,39,40,37,41
256,11,18,0.05983305163681507,player-4,42,46,48,45
256,12,17,0.08079200051724911,player-4,51,50,53,51
257,1,18,0.053666066378355026,player-2,4,2,9,2
257,2,19,0.05116616375744343,player-4,12,8,16,3
257,3,19,0.05141599103808403,player-1,16,10,21,3
257,4,19,0.05708308890461922,player-2,21,22,23,12
257,5,17,0.05433405749499798,player-1,28,26,28,12
257,6,18,0.04587508738040924,player-3,30,32,32,12
257,7,17,0.05174987018108368,player-3,37,35,41,12
257,8,17,0.054541975259780884,player-4,40,43,41,19
257,9,17,0.05120784044265747,player-1,42,47,47,23
257,10,18,0.049416907131671906,player-3,42,48,49,29
257,11,17,0.05575013346970081,player-3,47,48,52,29
257,12,18,0.051459064707159996,player-1,57,56,52,40
258,1,18,0.05124998278915882,player-3,5,4,4,1
258,2,17,0.063000014051795,player-3,8,13,7,5
258,3,19,0.05620904266834259,player-2,26,29,7,7
258,4,19,0.05183299072086811,player-3,27,31,13,9
258,5,17,0.046083005145192146,player-2,33,33,15,12
258,6,18,0.054416945204138756,player-4,38,38,20,22
258,7,27,0.06749993190169334,player-2,45,39,25,25
258,8,17,0.05712499842047691,player-1,50,42,30,27
258,9,17,0.06683403626084328,player-2,52,50,30,33
258,10,20,0.06904196925461292,player-2,57,56,39,36
258,11,19,0.05495804361999035,player-2,64,57,40,46
259,1,17,0.07220800034701824,player-3,11,2,7,3
259,2,17,0.04379195161163807,player-4,17,4,9,6
259,3,17,0.0688750296831131,player-1,21,10,21,6
259,4,17,0.06120908074080944,player-2,29,22,27,7
259,5,18,0.05629193037748337,player-4,30,31,33,10
259,6,18,0.0463330652564764,player-1,34,34,33,13
259,7,18,0.047667184844613075,player-2,35,36,41,20
259,8,17,0.06337487138807774,player-2,45,43,43,28
259,9,18,0.07458287291228771,player-4,51,48,58,33
260,1,18,0.0916668213903904,player-1,0,2,8,6
260,2,17,0.0891250092536211,player-1,13,11,11,9
260,3,17,0.05137501284480095,player-2,14,20,12,10
260,4,17,0.05208398215472698,player-3,17,20,18,10
260,5,17,0.0617089681327343,player-4,18,21,29,16
260,6,18,0.0627501867711544,player-2,28,34,38,16
260,7,17,0.06333296187222004,player-2,31,35,44,19
260,8,19,0.06287498399615288,player-1,36,35,49,27
260,9,18,0.04779198206961155,player-1,40,37,54,35
260,10,17,0.05287490785121918,player-1,47,38,61,38
261,1,19,0.06787478923797607,player-3,6,7,9,7
261,2,19,0.06383308209478855,player-4,14,11,15,8
261,3,17,0.0599580816924572,player-3,16,14,21,8
261,4,18,0.06004190072417259,player-1,20,22,24,10
261,5,17,0.06495881825685501,player-1,28,30,29,11
261,6,22,0.07941597141325474,player-3,37,36,37,23
261,7,18,0.057999975979328156,player-4,44,39,37,33
261,8,17,0.04987511783838272,player-4,46,39,39,37
261,9,18,0.04054210148751736,player-2,49,43,42,38
261,10,26,0.0566248781979084,player-3,52,45,45,45
261,11,18,0.058167148381471634,player-4,61,48,45,62
262,1,17,0.04283408634364605,player-1,3,0,2,4
262,2,17,0.04587485454976559,player-2,4,2,4,8
262,3,17,0.048833200708031654,player-3,6,6,5,8
262,4,18,0.056582968682050705,player-1,10,9,7,11
262,5,17,0.04837499000132084,player-1,11,12,10,18
262,6,17,0.05808309651911259,player-2,15,24,16,23
262,7,17,0.05137501284480095,player-3,19,28,20,27
262,8,17,0.05970918573439121,player-4,19,37,24,34
262,9,20,0.06949994713068008,player-4,23,43,27,46
262,10,17,0.04724995233118534,player-2,24,47,30,51
262,11,17,0.054541975259780884,player-3,24,52,39,55
263,1,17,0.0641250517219305,player-3,8,4,12,2
263,2,18,0.050208065658807755,player-1,14,9,19,5
263,3,20,0.07275003008544445,player-4,20,9,21,9
263,4,21,0.05716690793633461,player-2,22,18,26,14
263,5,17,0.052040908485651016,player-3,22,26,30,18
263,6,17,0.048999907448887825,player-4,27,26,37,28
263,7,19,0.05695805884897709,player-3,33,26,44,30
263,8,19,0.05224999040365219,player-4,40,32,47,39
263,9,19,0.05675014108419418,player-1,48,34,49,41
263,10,17,0.053625088185071945,player-4,49,36,56,51
264,1,19,0.05804188549518585,player-3,6,1,6,5
264,2,17,0.04600011743605137,player-2,10,9,6,9
264,3,18,0.05187490023672581,player-4,11,14,7,10
264,4,19,0.055958982557058334,player-2,13,22,10,17
264,5,19,0.06254203617572784,player-3,18,30,16,17
264,6,17,0.056333839893341064,player-2,25,34,20,21
264,7,19,0.07958407513797283,player-1,35,37,24,26
264,8,17,0.04541594535112381,player-4,36,40,27,28
264,9,17,0.05775014869868755,player-1,41,41,30,33
264,10,17,0.06145797669887543,player-2,49,50,34,40
264,11,17,0.047416891902685165,player-3,57,52,42,47
264,12,17,0.05466700531542301,player-4,57,54,44,52
265,1,18,0.05366699770092964,player-3,4,6,4,2
265,2,17,0.052165938541293144,player-3,7,13,10,3
265,3,17,0.04537496715784073,player-4,8,15,14,8
265,4,18,0.048040878027677536,player-2,11,20,15,10
265,5,18,0.04929210990667343,player-3,18,22,21,12
265,6,20,0.06466708146035671,player-2,30,35,23,23
265,7,17,0.05737505853176117,player-4,39,42,32,25
265,8,17,0.03837491385638714,player-1,42,43,32,25
265,9,18,0.06770901381969452,player-3,50,48,35,28
265,10,17,0.07562502287328243,player-3,55,57,38,34
265,11,19,0.057208118960261345,player-2,55,65,44,38
266,1,17,0.04958314821124077,player-1,6,4,3,2
266,2,17,0.0414170790463686,player-2,11,7,4,4
266,3,17,0.056042103096842766,player-3,11,15,14,4
266,4,19,0.06258301436901093,player-2,13,26,18,8
266,5,17,0.050666043534874916,player-1,18,29,22,12
266,6,18,0.04975008778274059,player-3,23,34,24,14
266,7,17,0.04375004209578037,player-3,24,39,26,17
266,8,21,0.05112495273351669,player-4,25,43,26,23
266,9,18,0.06616604514420033,player-2,29,50,32,26
266,10,18,0.03837514668703079,player-3,31,52,39,28
266,11,17,0.05141599103808403,player-3,37,52,44,29
266,12,18,0.04737498238682747,player-1,47,57,47,31
266,13,20,0.07170788012444973,player-4,49,62,50,40
267,1,18,0.060999998822808266,player-4,9,2,4,7
267,2,17,0.05333311855792999,player-4,11,9,9,16
267,3,17,0.050459057092666626,player-1,18,9,11,21
267,4,19,0.0485831405967474,player-4,20,11,12,26
267,5,17,0.04975008778274059,player-3,23,13,15,27
267,6,22,0.06725010462105274,player-1,28,15,20,33
267,7,19,0.05966587923467159,player-3,34,19,24,35
267,8,17,0.04483293741941452,player-2,38,23,25,41
267,9,17,0.05175010301172733,player-3,38,29,26,48
267,10,17,0.051208073273301125,player-4,38,30,29,53
267,11,23,0.045582884922623634,none,39,31,34,56
267,12,21,0.043082982301712036,player-2,41,35,35,56
267,13,19,0.06762496195733547,player-1,46,39,42,60
267,14,17,0.0590828713029623,player-4,48,41,44,68
268,1,17,0.04050019197165966,player-1,7,0,0,2
268,2,17,0.04308391362428665,player-2,12,8,0,2
268,3,18,0.05875015631318092,player-4,19,11,2,6
268,4,18,0.05387491546571255,player-1,24,17,7,12
268,5,17,0.05462486296892166,player-1,37,19,10,15
268,6,17,0.04695798270404339,player-2,44,22,10,19
268,7,18,0.0499160960316658,player-4,47,32,14,27
268,8,18,0.04695798270404339,player-1,49,32,18,29
268,9,19,0.04987488500773907,player-3,50,38,24,35
268,10,17,0.04666694439947605,player-2,50,43,29,40
268,11,17,0.05833408795297146,player-3,50,43,36,46
268,12,17,0.05374988541007042,player-4,50,45,44,47
268,13,18,0.07016700692474842,player-2,53,51,44,52
269,1,17,0.04762480966746807,player-2,2,6,2,0
269,2,17,0.06008287891745567,player-3,13,13,11,6
269,3,17,0.051958952099084854,player-4,16,13,22,13
269,4,17,0.05625002086162567,player-1,20,14,25,20
269,5,32,0.059459125623106956,player-1,21,15,26,25
269,6,17,0.04795799031853676,player-3,21,17,28,30
269,7,17,0.04549999721348286,player-4,26,18,32,34
269,8,17,0.05879206582903862,player-1,34,19,34,38
269,9,17,0.04358310252428055,player-2,39,20,37,38
269,10,17,0.051250215619802475,player-3,41,21,39,41
269,11,17,0.04620780237019062,player-4,45,28,39,49
269,12,17,0.06908411160111427,player-1,52,30,44,52
269,13,18,0.04937499761581421,player-3,57,34,47,53
270,1,18,0.05612499080598354,player-4,2,3,6,6
270,2,18,0.05229213275015354,player-1,10,5,8,7
270,3,17,0.03879191353917122,player-1,11,6,8,10
270,4,20,0.04974985495209694,player-1,18,11,12,16
270,5,17,0.08683395572006702,player-3,28,21,27,26
270,6,20,0.07537496276199818,player-3,31,25,34,28
270,7,18,0.058582983911037445,player-2,34,25,36,32
270,8,18,0.06933393888175488,player-3,35,31,39,39
270,9,19,0.0527920201420784,player-1,39,41,46,44
270,10,17,0.04729093052446842,player-4,44,44,49,45
270,11,17,0.051208073273301125,player-1,47,44,60,50
271,1,18,0.05229096859693527,player-3,3,0,4,2
271,2,18,0.052541960030794144,player-4,3,2,16,7
271,3,17,0.049833906814455986,player-4,7,7,16,8
271,4,17,0.04333304241299629,player-1,10,9,18,12
271,5,17,0.06095808930695057,player-2,13,14,18,18
271,6,17,0.04100007936358452,player-3,14,14,19,18
271,7,18,0.04841713234782219,player-1,17,23,23,19
271,8,25,0.06658397614955902,player-1,18,31,24,27
271,9,15,0.031667063012719154,none,19,32,26,30
271,10,17,0.08033309131860733,player-3,22,38,30,34
271,11,17,0.04375004209578037,player-4,22,41,32,37
271,12,18,0.06070896051824093,player-2,24,43,35,41
271,13,19,0.054040923714637756,player-4,26,47,37,49
271,14,18,0.06695790216326714,player-4,26,53,42,51
272,1,17,0.04491605795919895,player-2,7,2,2,0
272,2,18,0.05066697485744953,player-4,12,4,6,4
272,3,17,0.04916614852845669,player-4,12,8,18,11
272,4,17,0.057582976296544075,player-1,19,11,24,12
272,5,18,0.05854107439517975,player-3,26,20,29,20
272,6,17,0.05512498319149017,player-3,29,24,34,24
272,7,17,0.05691591650247574,player-4,33,27,36,27
272,8,18,0.05050003528594971,player-2,33,32,38,28
272,9,18,0.08404185064136982,player-3,37,34,45,30
272,10,20,0.06816699169576168,player-2,37,41,50,32
272,11,17,0.07729115895926952,player-4,38,49,55,44
272,12,17,0.0838330015540123,player-1,46,52,66,44
273,1,17,0.05408399738371372,player-2,4,4,1,5
273,2,19,0.06833299994468689,player-1,11,6,3,7
273,3,19,0.06258301436901093,player-2,15,13,5,12
273,4,17,0.06695813499391079,player-1,18,18,11,16
273,5,22,0.06350013427436352,player-3,20,24,14,18
273,6,18,0.04320894367992878,player-4,20,25,17,20
273,7,17,0.07375003769993782,player-4,20,28,19,31
273,8,17,0.06608385592699051,player-1,22,30,26,34
273,9,17,0.04587508738040924,player-2,24,32,27,37
273,10,18,0.05312520079314709,player-4,28,37,32,41
273,11,18,0.08545792661607265,player-1,33,44,36,49
273,12,17,0.0724580604583025,player-1,46,46,42,51
273,13,19,0.07424992509186268,player-4,49,53,45,59
274,1,17,0.055625103414058685,player-3,8,8,1,7
274,2,22,0.049416907131671906,player-1,17,10,3,9
274,3,18,0.06862496957182884,player-2,23,15,4,16
274,4,17,0.055040931329131126,player-2,26,22,4,17
274,5,18,0.07095793262124062,player-4,29,29,10,22
274,6,17,0.045708147808909416,player-4,30,31,10,29
274,7,17,0.057999975979328156,player-1,36,31,14,33
274,8,17,0.04724995233118534,player-2,39,33,14,34
274,9,18,0.049250200390815735,player-4,43,36,18,36
274,10,18,0.07504108361899853,player-1,50,45,23,43
274,11,18,0.05920790135860443,player-2,50,45,30,48
274,12,24,0.052666058763861656,player-1,51,46,35,51
274,13,17,0.059999991208314896,player-3,53,49,37,56
275,1,17,0.04954100586473942,player-3,4,2,6,0
275,2,19,0.04700012505054474,player-2,6,4,8,5
275,3,17,0.06470899097621441,player-1,24,12,15,17
275,4,17,0.04079216159880161,player-2,26,14,15,23
275,5,17,0.0624160747975111,player-3,31,19,16,27
275,6,17,0.0588749535381794,player-4,31,19,24,38
275,7,18,0.053582945838570595,player-2,42,24,28,40
275,8,17,0.04770909436047077,player-2,52,28,35,45
275,9,18,0.042125117033720016,player-4,54,31,35,48
275,10,17,0.05933293141424656,player-4,54,36,39,57
275,11,24,0.06849993951618671,player-4,54,40,44,59
275,12,20,0.05141599103808403,player-1,56,41,44,61
276,1,17,0.08175009861588478,player-4,6,9,2,12
276,2,18,0.059208134189248085,player-2,8,19,2,13
276,3,17,0.041041988879442215,player-2,9,22,6,15
276,4,17,0.06987503729760647,player-3,15,28,6,22
276,5,18,0.09683403186500072,player-1,16,35,11,26
276,6,18,0.054999953135848045,player-2,16,38,18,33
276,7,19,0.06204191595315933,player-4,27,39,24,46
276,8,17,0.06804196164011955,player-3,32,42,29,50
276,9,18,0.07033301517367363,player-1,40,50,36,51
277,1,17,0.08112494833767414,player-1,6,3,0,0
277,2,19,0.06833299994468689,player-4,6,5,3,7
277,3,19,0.04812492989003658,player-1,13,9,6,8
277,4,21,0.058416975662112236,player-4,15,15,9,21
277,5,18,0.05450006574392319,player-2,18,20,22,27
277,6,17,0.055999960750341415,player-2,18,24,30,30
277,7,17,0.048416899517178535,player-3,20,24,39,34
277,8,17,0.05079200491309166,player-4,25,26,45,35
277,9,18,0.043667154386639595,player-2,31,33,45,35
277,10,17,0.05966704338788986,player-2,32,43,46,41
277,11,17,0.060582999140024185,player-3,39,46,57,43
277,12,17,0.052625080570578575,player-4,42,54,59,53
278,1,17,0.06166682578623295,player-4,3,2,2,1
278,2,18,0.04729093052446842,player-2,6,3,7,3
278,3,19,0.05183299072086811,player-4,9,4,12,5
278,4,17,0.051791081205010414,player-3,15,10,26,7
278,5,18,0.05337502807378769,player-1,21,17,31,9
278,6,21,0.05587493069469929,player-1,27,19,33,9
278,7,17,0.0539170578122139,player-2,32,21,37,9
278,8,17,0.05362485535442829,player-3,32,30,39,12
278,9,17,0.04687486216425896,player-4,34,32,39,17
278,10,17,0.04987511783838272,player-1,40,34,43,22
278,11,17,0.04950002767145634,player-2,45,38,46,25
278,12,19,0.05370797589421272,player-1,50,40,52,27
279,1,19,0.04287506453692913,player-2,3,3,1,3
279,2,17,0.04433398135006428,player-1,10,6,4,8
279,3,17,0.07291696965694427,player-2,13,12,4,13
279,4,19,0.050042057409882545,player-1,16,14,5,17
279,5,18,0.049541937187314034,player-1,20,18,6,18
279,6,19,0.05491706542670727,player-3,25,20,11,20
279,7,19,0.053042080253362656,player-4,27,23,13,21
279,8,18,0.050625065341591835,player-4,33,25,17,23
279,9,18,0.08704187348484993,player-1,35,30,19,34
279,10,17,0.05354220047593117,player-1,38,35,19,35
279,11,17,0.04733307287096977,player-2,43,36,20,43
279,12,19,0.09179115295410156,player-1,48,44,21,53
279,13,21,0.07750000804662704,player-4,55,46,24,55
280,1,18,0.05349982529878616,player-2,4,3,1,5
280,2,18,0.07750000804662704,player-3,9,7,11,12
280,3,21,0.07120799273252487,player-3,11,7,20,16
280,4,17,0.07070787250995636,player-4,16,10,29,19
280,5,17,0.05754106678068638,player-1,22,14,39,24
280,6,19,0.05150004290044308,player-4,27,16,41,28
280,7,17,0.056791119277477264,player-3,35,20,44,30
280,8,17,0.06825011223554611,player-4,36,22,51,37
280,9,25,0.055582961067557335,player-1,40,24,53,39
280,10,20,0.05387491546571255,player-1,47,27,57,45
281,1,17,0.056958990171551704,player-1,6,3,7,7
281,2,18,0.05966587923467159,player-3,13,5,9,13
281,3,17,0.04308391362428665,player-3,17,12,13,15
281,4,19,0.05804095417261124,player-2,17,14,21,21
281,5,20,0.05775014869868755,player-4,22,18,23,27
281,6,20,0.05679088644683361,player-1,30,24,28,33
281,7,17,0.0427919439971447,player-3,36,26,34,34
281,8,17,0.058999983593821526,player-4,39,30,36,42
281,9,17,0.056541990488767624,player-1,49,33,40,45
281,10,17,0.057040946558117867,player-2,57,41,40,47
281,11,17,0.05195802077651024,player-3,59,45,44,47
282,1,18,0.05533313378691673,player-2,5,8,0,4
282,2,18,0.04675006493926048,player-3,10,11,1,4
282,3,18,0.033667078241705894,none,12,11,3,5
282,4,17,0.04491698928177357,player-4,12,12,4,11
282,5,17,0.06987503729760647,player-1,21,14,7,11
282,6,18,0.046291155740618706,player-3,21,16,12,17
282,7,18,0.03587501123547554,none,25,18,14,17
282,8,20,0.07120799273252487,player-3,27,22,19,20
282,9,17,0.04937499761581421,player-1,29,22,23,22
282,10,18,0.0490827951580286,player-3,32,25,25,24
282,11,22,0.05908310413360596,player-4,32,28,32,32
282,12,17,0.06095808930695057,player-4,37,30,36,36
282,13,17,0.04333397373557091,player-1,43,32,36,38
282,14,19,0.04533305764198303,player-4,47,36,41,39
282,15,17,0.04737498238682747,player-3,48,40,48,39
282,16,17,0.06283307448029518,player-4,48,49,52,45
283,1,17,0.05224999040365219,player-3,2,13,5,6
283,2,17,0.05258317105472088,player-4,8,20,13,16
283,3,18,0.048833899199962616,player-2,12,20,15,21
283,4,18,0.05220901221036911,player-3,12,23,19,31
283,5,17,0.044250162318348885,player-3,14,28,24,33
283,6,17,0.049666035920381546,player-4,21,35,31,36
283,7,17,0.04483410157263279,player-1,25,36,33,39
283,8,17,0.04687486216425896,player-2,33,43,35,44
283,9,17,0.05229213275015354,player-3,39,47,43,45
283,10,17,0.04312512464821339,player-4,41,48,44,46
283,11,18,0.05974993109703064,player-2,54,53,52,52
284,1,20,0.06712507456541061,player-3,5,10,2,2
284,2,17,0.059416983276605606,player-1,6,17,9,6
284,3,18,0.04487507976591587,player-3,9,17,12,10
284,4,18,0.06179208867251873,player-4,9,17,18,14
284,5,18,0.0685409177094698,player-1,15,17,30,18
284,6,19,0.05987496115267277,player-3,18,22,40,20
284,7,17,0.061167171224951744,player-2,18,33,47,28
284,8,17,0.059791142120957375,player-3,25,37,57,28
284,9,17,0.07045897655189037,player-4,25,42,59,36
284,10,17,0.05974993109703064,player-1,31,47,59,39
284,11,17,0.05224999040365219,player-2,34,51,61,41
284,12,17,0.05612499080598354,player-3,42,51,67,42
285,1,17,0.05420786328613758,player-1,6,6,3,0
285,2,17,0.06345892325043678,player-2,10,16,5,9
285,3,17,0.06062490865588188,player-3,14,17,15,16
285,4,24,0.06745895370841026,player-3,15,18,21,22
285,5,21,0.050208065658807755,player-1,16,22,24,24
285,6,17,0.05045789293944836,player-2,16,24,29,30
285,7,17,0.06558303721249104,player-3,16,30,38,35
285,8,17,0.06283307448029518,player-4,19,34,43,37
285,9,17,0.04295911639928818,player-1,23,36,47,42
285,10,19,0.06087496876716614,player-4,25,39,53,45
285,11,18,0.0527501106262207,player-4,27,40,56,47
285,12,17,0.050042057409882545,player-4,31,45,56,54
285,13,18,0.05437503568828106,player-2,37,48,56,54
286,1,19,0.06254180334508419,player-2,7,9,5,5
286,2,17,0.0635830219835043,player-1,19,11,5,9
286,3,17,0.042791012674570084,player-2,21,15,5,12
286,4,17,0.054416945204138756,player-3,22,15,12,15
286,5,17,0.05929102189838886,player-4,25,18,18,17
286,6,17,0.05791708827018738,player-1,25,19,19,21
286,7,17,0.04595797508955002,player-2,27,22,19,23
286,8,18,0.042082974687218666,player-4,28,27,22,24
286,9,17,0.054541975259780884,player-4,32,31,22,32
286,10,17,0.05112495273351669,player-1,35,33,26,38
286,11,21,0.05370797589421272,player-2,39,37,27,39
286,12,19,0.05833292379975319,player-1,43,43,33,41
286,13,17,0.06008311174809933,player-4,54,46,39,46
286,14,17,0.05208305083215237,player-1,57,52,39,48
287,1,18,0.04912493750452995,player-4,2,3,6,5
287,2,18,0.06512505933642387,player-1,3,8,12,8
287,3,19,0.05545793101191521,player-3,5,13,17,13
287,4,19,0.05287514068186283,player-4,5,16,18,16
287,5,17,0.052541960030794144,player-3,9,17,26,19
287,6,19,0.05504116415977478,player-2,13,21,30,21
287,7,19,0.06670900620520115,player-3,21,27,36,26
287,8,17,0.049083027988672256,player-2,25,30,38,28
287,9,18,0.06387499161064625,player-4,32,33,40,29
287,10,18,0.04616612568497658,player-1,33,40,44,31
287,11,17,0.04400010220706463,player-1,36,40,47,38
287,12,18,0.038708094507455826,player-3,39,43,48,39
287,13,17,0.06216694600880146,player-3,42,45,58,44
288,1,25,0.07812515832483768,player-3,8,6,10,4
288,2,18,0.06337487138807774,player-1,11,13,12,15
288,3,17,0.04391605034470558,player-1,16,20,19,20
288,4,18,0.06066588684916496,player-3,20,25,25,20
288,5,18,0.056042103096842766,player-4,28,29,31,24
288,6,17,0.05629216320812702,player-4,33,32,32,29
288,7,17,0.06945803761482239,player-1,37,32,33,37
288,8,17,0.07470790296792984,player-2,41,36,39,39
288,9,19,0.05679205060005188,player-1,50,39,46,42
288,10,20,0.06808317266404629,player-3,53,51,47,44
289,1,18,0.056958990171551704,player-1,0,4,7,7
289,2,17,0.05625002086162567,player-1,9,7,12,9
289,3,17,0.04683295264840126,player-2,13,13,15,11
289,4,18,0.050666043534874916,player-4,17,20,22,16
289,5,17,0.04650000482797623,player-4,19,24,22,25
289,6,19,0.0402920413762331,player-3,22,26,28,25
289,7,17,0.055541982874274254,player-2,34,31,34,26
289,8,17,0.053208088502287865,player-3,34,35,39,26
289,9,19,0.05012494511902332,player-2,40,37,43,29
289,10,19,0.06137508898973465,player-3,45,40,49,36
289,11,28,0.10679103434085846,none,54,42,49,39
290,1,17,0.060957856476306915,player-1,3,3,3,0
290,2,20,0.08812500163912773,player-1,6,7,15,19
290,3,17,0.0575000885874033,player-3,12,11,23,22
290,4,17,0.06433413363993168,player-4,22,14,24,29
290,5,17,0.05679205060005188,player-1,26,14,31,29
290,6,17,0.044708140194416046,player-2,30,16,34,32
290,7,23,0.054582953453063965,player-1,33,18,34,37
290,8,18,0.05558319389820099,player-1,38,21,38,39
290,9,17,0.053042080253362656,player-1,42,23,38,42
290,10,17,0.06170803681015968,player-2,45,33,40,42
290,11,19,0.09058299474418163,player-1,49,41,50,50
290,12,22,0.04087504930794239,none,52,43,51,55
291,1,17,0.06820796988904476,player-4,4,0,3,2
291,2,17,0.05070795305073261,player-1,11,0,4,5
291,3,17,0.05775014869868755,player-2,11,17,8,14
291,4,18,0.04837499000132084,player-4,12,17,9,20
291,5,17,0.04779198206961155,player-4,15,19,13,21
291,6,20,0.05808309651911259,player-4,23,24,21,28
291,7,21,0.05541718564927578,player-2,26,32,21,32
291,8,17,0.05925004370510578,player-3,28,33,30,32
291,9,21,0.05929218605160713,player-4,30,37,30,36
291,10,17,0.0866670161485672,player-1,34,44,30,43
291,11,17,0.03787502646446228,player-2,37,52,32,47
291,12,17,0.0502921175211668,player-3,40,54,36,49
292,1,17,0.06166589446365833,player-4,4,4,3,5
292,2,17,0.05104183219373226,player-1,7,5,6,6
292,3,18,0.04937499761581421,player-3,14,7,8,10
292,4,18,0.03895792178809643,player-4,14,8,11,18
292,5,24,0.07012509740889072,player-3,14,13,18,20
292,6,17,0.055167125537991524,player-1,25,27,18,26
292,7,18,0.058416975662112236,player-3,30,29,20,28
292,8,20,0.05708308890461922,player-2,33,31,23,36
292,9,17,0.049625057727098465,player-4,33,35,23,43
292,10,17,0.05433289334177971,player-1,37,37,25,48
292,11,17,0.052416929975152016,player-2,45,50,25,48
292,12,17,0.06333296187222004,player-3,50,55,35,54
293,1,17,0.05208305083215237,player-3,3,3,7,0
293,2,17,0.061959028244018555,player-4,7,7,10,0
293,3,17,0.05645886994898319,player-1,14,9,13,3
293,4,18,0.050541944801807404,player-3,15,14,16,13
293,5,17,0.0691248569637537,player-3,23,25,21,21
293,6,17,0.055040931329131126,player-4,30,25,30,24
293,7,19,0.05733291618525982,player-3,36,28,38,26
293,8,18,0.0838330015540123,player-3,46,32,43,34
293,9,19,0.05674990825355053,player-1,53,34,44,34
293,10,17,0.06820796988904476,player-4,54,42,48,39
294,1,17,0.040999846532940865,player-3,1,2,2,0
294,2,17,0.05891709588468075,player-4,4,9,6,7
294,3,18,0.043459003791213036,player-2,8,19,9,8
294,4,20,0.06250012665987015,player-1,11,25,11,13
294,5,19,0.05262484773993492,player-1,16,25,18,14
294,6,17,0.04441593773663044,player-4,20,29,18,19
294,7,18,0.05179201252758503,player-2,21,39,24,19
294,8,22,0.07083406671881676,player-3,30,44,35,24
294,9,17,0.06537488661706448,player-3,30,44,41,31
294,10,18,0.04658312536776066,player-1,31,45,41,33
294,11,27,0.06533414125442505,none,36,45,45,38
294,12,17,0.056999968364834785,player-2,39,49,47,45
294,13,17,0.05324999801814556,player-3,46,55,52,46
295,1,17,0.05508284084498882,player-1,4,1,5,0
295,2,22,0.040082959458231926,none,5,3,10,2
295,3,21,0.05508307367563248,player-3,10,4,12,6
295,4,17,0.04737521521747112,player-4,17,4,12,8
295,5,17,0.05200016312301159,player-1,19,6,15,17
295,6,18,0.05104183219373226,player-3,19,13,16,17
295,7,17,0.04716613329946995,player-3,25,19,21,17
295,8,17,0.046416884288191795,player-4,27,24,25,19
295,9,18,0.057165976613759995,player-2,34,25,27,27
295,10,20,0.06324984133243561,player-1,49,33,29,33
295,11,21,0.06674998439848423,player-3,64,37,36,36
296,1,23,0.0502078328281641,player-4,2,2,2,1
296,2,17,0.04629208706319332,player-3,2,2,10,7
296,3,17,0.051167095080018044,player-4,7,2,10,16
296,4,21,0.07075001485645771,player-1,11,13,13,24
296,5,17,0.055999960750341415,player-2,13,18,13,27
296,6,18,0.05308305844664574,player-4,13,20,19,32
296,7,18,0.06729084998369217,player-1,19,28,19,34
296,8,22,0.07695797830820084,player-2,27,34,19,36
296,9,17,0.048208050429821014,player-2,29,39,23,36
296,10,17,0.05712499842047691,player-3,31,39,24,39
296,11,20,0.07729115895926952,player-3,39,47,32,41
296,12,25,0.06966688670217991,player-1,40,53,36,45
296,13,17,0.0757498200982809,player-2,48,54,41,45
296,14,19,0.06633298471570015,player-1,53,55,47,46
297,1,17,0.055625103414058685,player-3,2,5,8,4
297,2,17,0.06670807488262653,player-4,5,10,12,7
297,3,17,0.07691606879234314,player-1,6,19,18,14
297,4,19,0.07183314301073551,player-4,7,26,21,21
297,5,17,0.07312512025237083,player-3,7,29,25,26
297,6,17,0.07312512025237083,player-4,7,35,26,36
297,7,17,0.0577080063521862,player-1,8,37,31,38
297,8,17,0.052250223234295845,player-2,13,43,31,39
297,9,19,0.0955001451075077,player-1,27,46,42,40
297,10,18,0.05495804361999035,player-1,27,50,42,44
297,11,17,0.06474996916949749,player-1,35,53,46,46
297,12,17,0.057833967730402946,player-2,38,58,48,51
298,1,20,0.05133310332894325,player-3,3,0,4,2
298,2,22,0.04575005732476711,none,5,7,6,2
298,3,17,0.06474996916949749,player-2,5,12,12,10
298,4,19,0.056625111028552055,player-1,12,22,15,18
298,5,17,0.06383308209478855,player-4,17,26,15,20
298,6,21,0.08450006134808064,player-1,26,29,19,32
298,7,17,0.07883389480412006,player-2,33,33,22,32
298,8,20,0.07945788092911243,player-2,37,37,26,43
298,9,19,0.05933293141424656,player-2,37,39,29,47
298,10,17,0.05974993109703064,player-1,43,40,34,53
298,11,18,0.07708300836384296,player-3,44,47,40,57
299,1,17,0.06662518717348576,player-3,4,5,7,0
299,2,18,0.06712484173476696,player-1,6,12,10,4
299,3,21,0.059542013332247734,player-1,7,18,10,6
299,4,19,0.1271250657737255,player-4,9,26,23,11
299,5,20,0.05508307367563248,player-2,13,29,25,12
299,6,17,0.05533290095627308,player-4,17,33,31,14
299,7,17,0.07929210551083088,player-1,29,33,35,22
299,8,17,0.07920782081782818,player-2,33,42,35,27
299,9,17,0.06224983371794224,player-3,38,52,44,27
299,10,17,0.051584094762802124,player-4,42,52,46,31
299,11,18,0.05487492308020592,player-2,43,59,46,37
299,12,19,0.06587500683963299,player-4,57,60,54,41
300,1,18,0.06337487138807774,player-4,0,8,2,3
300,2,17,0.06312504410743713,player-4,4,14,5,13
300,3,17,0.058208126574754715,player-1,6,17,7,13
300,4,17,0.06558396853506565,player-2,14,26,13,13
300,5,18,0.04975008778274059,player-4,15,31,15,20
300,6,17,0.06045796908438206,player-4,20,36,21,25
300,7,17,0.0588330440223217,player-1,31,38,24,31
300,8,18,0.058582983911037445,player-3,36,43,27,34
300,9,17,0.04358380101621151,player-3,36,43,36,35
300,10,20,0.10566599667072296,player-3,48,43,48,43
300,11,17,0.04495913162827492,player-1,50,49,57,48
301,1,20,0.08770893327891827,player-2,3,8,6,9
301,2,17,0.05087489262223244,player-4,6,8,8,11
301,3,18,0.04720780998468399,player-2,10,11,9,14
301,4,18,0.0652919989079237,player-3,11,15,12,18
301,5,17,0.0791249331086874,player-3,13,16,14,23
301,6,17,0.0769591424614191,player-4,17,22,20,26
301,7,17,0.06133411079645157,player-1,21,25,31,30
301,8,18,0.050999922677874565,player-3,23,31,39,30
301,9,17,0.0425421167165041,player-3,25,31,47,32
301,10,17,0.04591606557369232,player-4,31,32,47,36
301,11,17,0.05154102109372616,player-1,33,33,51,39
301,12,18,0.053167110309004784,player-3,38,39,54,45
301,13,21,0.04349998198449612,none,44,42,55,46
301,14,17,0.0417088158428669,player-4,45,42,55,49
302,1,17,0.07241684943437576,player-3,3,4,6,3
302,2,17,0.0625841785222292,player-4,5,7,8,5
302,3,19,0.05708378739655018,player-3,6,12,11,8
302,4,17,0.04433398135006428,player-2,6,18,11,9
302,5,20,0.045999884605407715,player-2,6,26,13,9
302,6,17,0.04295795224606991,player-4,6,29,14,15
302,7,17,0.05591707304120064,player-1,9,33,18,22
302,8,17,0.05245814099907875,player-2,9,41,19,30
302,9,18,0.05137501284480095,player-4,14,45,21,34
302,10,17,0.05016708746552467,player-4,20,47,24,37
302,11,19,0.08166604675352573,player-3,25,53,33,50
303,1,19,0.04337495192885399,player-2,3,1,1,3
303,2,17,0.05016615614295006,player-1,10,12,6,18
303,3,17,0.04220893606543541,player-2,12,16,8,18
303,4,17,0.050165923312306404,player-3,12,20,12,22
303,5,17,0.05762488581240177,player-4,18,24,14,31
303,6,17,0.05070795305073261,player-1,31,31,16,35
303,7,18,0.05529192276299,player-3,34,32,20,38
303,8,17,0.05133310332894325,player-3,36,34,24,40
303,9,18,0.04766695201396942,player-1,37,36,24,43
303,10,19,0.060584163293242455,player-3,41,40,26,51
303,11,17,0.038416823372244835,player-2,47,42,28,55
303,12,18,0.04520895890891552,player-4,52,42,30,60
304,1,17,0.06441702134907246,player-2,0,4,0,10
304,2,17,0.049291178584098816,player-3,5,7,3,12
304,3,17,0.04970794543623924,player-4,12,13,4,14
304,4,17,0.06716698408126831,player-1,26,14,13,16
304,5,17,0.04675006493926048,player-2,30,20,13,18
304,6,18,0.05541602149605751,player-4,32,22,16,18
304,7,17,0.04675006493926048,player-4,33,22,16,29
304,8,18,0.046457862481474876,player-2,37,27,19,31
304,9,19,0.05224999040365219,player-4,38,28,23,33
304,10,17,0.04483293741941452,player-3,40,32,24,34
304,11,17,0.06404099985957146,player-4,46,37,31,39
304,12,17,0.05333311855792999,player-1,52,38,35,43
304,13,21,0.06066611967980862,player-2,54,41,38,44
304,14,17,0.051042065024375916,player-3,57,44,46,48
305,1,19,0.05687493830919266,player-1,9,1,9,8
305,2,18,0.05037500523030758,player-1,21,7,23,18
305,3,27,0.05387491546571255,player-3,21,9,29,21
305,4,18,0.04908395931124687,player-3,26,13,31,21
305,5,17,0.0539170578122139,player-3,28,15,38,25
305,6,18,0.05000014789402485,player-1,37,22,38,27
305,7,17,0.06466684862971306,player-1,49,28,44,27
305,8,18,0.06258394569158554,player-3,59,30,54,33
306,1,17,0.062417006120085716,player-4,3,5,3,3
306,2,17,0.051791081205010414,player-1,6,8,7,6
306,3,17,0.04824995994567871,player-2,15,18,7,12
306,4,17,0.05670799873769283,player-3,21,22,19,22
306,5,17,0.06833299994468689,player-4,29,22,27,28
306,6,18,0.05108397454023361,player-2,34,26,27,29
306,7,17,0.0705420970916748,player-2,36,29,32,36
306,8,20,0.05974993109703064,player-2,38,32,41,39
306,9,17,0.06083305925130844,player-4,41,36,46,45
306,10,19,0.050165923312306404,player-3,42,41,51,50
306,11,14,0.029165996238589287,none,42,42,56,55
306,12,21,0.048459041863679886,player-3,44,45,61,56
307,1,17,0.0539170578122139,player-4,1,3,3,11
307,2,18,0.04845811054110527,player-2,3,6,9,20
307,3,20,0.0602498184889555,player-1,6,7,14,24
307,4,19,0.06745802238583565,player-1,12,9,22,26
307,5,17,0.0499580055475235,player-4,12,13,22,33
307,6,29,0.05425000563263893,none,14,17,27,35
307,7,17,0.049999915063381195,player-2,15,21,31,35
307,8,19,0.05570915527641773,player-1,16,21,34,38
307,9,17,0.05087489262223244,player-4,17,25,43,42
307,10,17,0.056999968364834785,player-1,20,25,45,48
307,11,20,0.05337502807378769,player-1,34,28,49,50
307,12,17,0.044708140194416046,player-3,38,37,50,53
307,13,17,0.07695821113884449,player-4,45,42,57,62
308,1,17,0.054582953453063965,player-2,6,4,5,0
308,2,18,0.05679088644683361,player-4,13,6,10,6
308,3,17,0.06958306767046452,player-4,15,11,23,10
308,4,17,0.05133310332894325,player-1,23,15,30,13
308,5,17,0.040250131860375404,player-2,28,19,30,16
308,6,17,0.04558311775326729,player-3,32,25,43,16
308,7,23,0.056916847825050354,player-2,35,30,43,23
308,8,18,0.058208126574754715,player-2,40,32,49,27
308,9,17,0.06720889359712601,player-2,46,37,52,28
308,10,17,0.048083020374178886,player-3,49,44,59,31
309,1,17,0.0554998405277729,player-2,3,3,1,0
309,2,17,0.05474989302456379,player-3,10,7,5,2
309,3,17,0.054791802540421486,player-4,10,11,9,7
309,4,17,0.05650008097290993,player-1,15,14,9,8
309,5,20,0.060791848227381706,player-1,19,20,11,17
309,6,17,0.06187497638165951,player-3,23,23,21,17
309,7,18,0.057540833950042725,player-1,39,24,28,20
309,8,18,0.05591590888798237,player-2,40,34,32,25
309,9,17,0.04879198968410492,player-2,41,40,32,28
309,10,17,0.05383300594985485,player-3,42,42,39,32
309,11,17,0.05808286368846893,player-4,43,43,46,38
309,12,18,0.061125028878450394,player-2,44,50,48,41
309,13,24,0.07445807568728924,player-1,53,53,50,46
310,1,17,0.058208126574754715,player-4,5,3,2,5
310,2,23,0.0463749747723341,player-3,6,10,8,6
310,3,17,0.059999991208314896,player-2,9,14,13,11
310,4,17,0.06262492388486862,player-3,15,20,16,17
310,5,17,0.06391596980392933,player-4,15,22,22,23
310,6,19,0.04937499761581421,player-3,22,27,25,25
310,7,17,0.0410410575568676,player-2,22,29,26,26
310,8,17,0.060625141486525536,player-3,22,37,37,26
310,9,19,0.05466700531542301,player-2,27,40,37,27
310,10,17,0.051625072956085205,player-1,31,43,43,33
310,11,17,0.04370789974927902,player-2,35,45,43,34
310,12,17,0.0427919439971447,player-3,37,48,49,34
310,13,17,0.06220792420208454,player-4,44,56,55,43
310,14,17,0.04475004971027374,player-1,47,60,55,44
311,1,17,0.04929210990667343,player-1,4,3,4,7
311,2,17,0.06087496876716614,player-2,8,8,10,9
311,3,18,0.05133403465151787,player-4,16,14,13,16
311,4,17,0.052165938541293144,player-4,18,18,14,21
311,5,17,0.04954100586473942,player-1,25,18,19,24
311,6,18,0.046958914026618004,player-3,28,22,25,26
311,7,17,0.06162491627037525,player-3,32,22,29,28
311,8,21,0.062125036492943764,player-4,38,25,32,29
311,9,20,0.04650000482797623,player-4,42,25,35,32
311,10,17,0.05387491546571255,player-2,43,27,38,36
311,11,17,0.09179115295410156,player-3,50,40,41,43
311,12,17,0.05645793862640858,player-4,52,47,43,52
311,13,17,0.051625072956085205,player-1,56,50,43,54
312,1,17,0.04941713996231556,player-4,3,2,2,4
312,2,17,0.05804095417261124,player-1,6,10,6,8
312,3,19,0.060165999457240105,player-4,8,15,12,12
312,4,20,0.05491613410413265,player-2,10,25,16,16
312,5,20,0.053416937589645386,player-3,11,25,21,20
312,6,19,0.04433305002748966,player-3,13,26,25,22
312,7,17,0.05137501284480095,player-2,20,32,28,24
312,8,17,0.05425000563263893,player-3,23,39,34,29
312,9,21,0.06370898336172104,player-4,27,42,34,37
312,10,17,0.050625065341591835,player-1,31,43,34,46
312,11,17,0.04775007255375385,player-2,36,45,37,51
312,12,18,0.046083005145192146,player-4,41,48,40,56
313,1,17,0.05779205821454525,player-2,1,3,4,5
313,2,19,0.055582961067557335,player-1,3,5,9,5
313,3,18,0.04316610284149647,player-1,5,7,12,7
313,4,18,0.05820789374411106,player-2,9,7,18,7
313,5,20,0.045833876356482506,player-1,11,10,20,11
313,6,21,0.06866594776511192,player-3,18,19,28,12
313,7,17,0.05612499080598354,player-4,18,21,32,23
313,8,19,0.052582938224077225,player-3,20,22,38,25
313,9,18,0.045666005462408066,player-3,24,25,46,30
313,10,17,0.056666089221835136,player-3,29,26,49,32
313,11,24,0.08637504652142525,player-3,33,44,55,35
313,12,18,0.062374863773584366,player-2,38,53,58,44
313,13,18,0.049416907131671906,player-3,45,56,61,44
314,1,18,0.05966704338788986,player-4,8,3,3,6
314,2,17,0.054208096116781235,player-4,10,3,4,10
314,3,17,0.04766695201396942,player-1,17,6,7,10
314,4,18,0.05629193037748337,player-3,20,8,15,14
314,5,18,0.05712499842047691,player-4,20,9,23,24
314,6,17,0.06204098463058472,player-4,22,16,25,35
314,7,17,0.045416876673698425,player-1,22,20,27,39
314,8,19,0.04820898175239563,player-4,22,25,27,41
314,9,17,0.07383408956229687,player-3,26,39,32,41
314,10,17,0.059959013015031815,player-4,37,39,40,42
314,11,17,0.057374825701117516,player-1,45,41,46,47
314,12,17,0.05329190753400326,player-2,46,47,47,49
314,13,20,0.04933285526931286,player-2,46,50,51,56
315,1,17,0.03379187546670437,none,0,8,0,0
315,2,17,0.06649992428719997,player-3,8,8,3,10
315,3,17,0.05137501284480095,player-4,16,16,8,20
315,4,17,0.052625080570578575,player-1,20,21,8,23
315,5,17,0.055625103414058685,player-2,23,26,15,23
315,6,17,0.03900006413459778,player-3,24,26,18,24
315,7,25,0.06741704419255257,player-4,27,31,19,31
315,8,17,0.056791119277477264,player-1,32,38,23,36
315,9,22,0.0513328704982996,player-3,37,43,29,42
315,10,17,0.061957864090800285,player-3,40,48,32,45
315,11,18,0.08491706103086472,player-1,52,52,32,53
316,1,17,0.042458996176719666,player-4,4,0,2,5
316,2,17,0.054042087867856026,player-1,5,7,6,11
316,3,17,0.04916614852845669,player-2,10,18,9,12
316,4,17,0.06291689351201057,player-3,15,23,18,15
316,5,23,0.06083305925130844,none,19,25,21,18
316,6,17,0.05312496796250343,player-1,27,28,21,24
316,7,17,0.04937499761581421,player-2,27,42,25,29
316,8,20,0.06700004450976849,player-2,27,50,28,35
316,9,17,0.04158401861786842,player-4,29,52,30,40
316,10,20,0.05608284845948219,player-4,35,56,37,47
317,1,20,0.058916863054037094,player-3,4,9,10,8
317,2,18,0.05408399738371372,player-2,4,20,17,18
317,3,17,0.06745802238583565,player-2,7,24,20,24
317,4,17,0.058999983593821526,player-3,9,30,22,27
317,5,17,0.07166690193116665,player-4,10,36,22,31
317,6,17,0.052208080887794495,player-1,12,36,23,36
317,7,17,0.07179193198680878,player-2,22,39,27,39
317,8,20,0.05445792339742184,player-2,22,49,28,42
317,9,17,0.051333801820874214,player-4,24,51,32,53
318,1,17,0.05445815622806549,player-4,5,5,6,10
318,2,19,0.04862481728196144,player-3,7,13,7,13
318,3,17,0.06654090248048306,player-2,14,14,11,18
318,4,18,0.05666702054440975,player-4,19,23,12,23
318,5,17,0.06370805203914642,player-4,19,30,16,30
318,6,17,0.05266699008643627,player-1,20,32,20,35
318,7,18,0.05462486296892166,player-3,25,38,28,37
318,8,17,0.05033286288380623,player-3,31,42,36,45
318,9,30,0.06366590969264507,none,31,42,41,52
318,10,18,0.049083027988672256,player-2,32,44,42,57
319,1,17,0.05470798350870609,player-4,4,3,8,5
319,2,17,0.05183299072086811,player-1,5,7,11,7
319,3,19,0.059582991525530815,player-4,6,12,19,14
319,4,17,0.039416830986738205,player-3,9,16,26,16
319,5,19,0.054042087867856026,player-2,15,24,37,20
319,6,17,0.06337487138807774,player-1,25,24,48,25
319,7,19,0.05408283323049545,player-4,29,28,54,28
319,8,17,0.04508392885327339,player-3,29,31,56,31
319,9,20,0.049042049795389175,player-3,33,33,58,32
319,10,17,0.055459095165133476,player-1,37,36,62,34
319,11,17,0.05212496034801006,player-2,41,45,69,36
320,1,19,0.057625118643045425,player-3,9,4,10,4
320,2,17,0.05833408795297146,player-2,11,7,10,14
320,3,17,0.04433281719684601,player-3,13,8,17,14
320,4,17,0.0575000885874033,player-4,17,13,22,24
320,5,18,0.05083414725959301,player-2,19,17,25,27
320,6,17,0.058791134506464005,player-2,27,20,32,28
320,7,17,0.07958314381539822,player-3,34,23,39,32
320,8,19,0.07149996235966682,player-2,46,33,44,40
320,9,17,0.05483301356434822,player-1,46,39,47,43
320,10,19,0.047416891902685165,player-4,52,43,49,45
321,1,17,0.060167163610458374,player-3,0,5,5,8
321,2,17,0.05195802077651024,player-4,1,10,8,13
321,3,18,0.050833914428949356,player-2,5,14,10,22
321,4,18,0.04595797508955002,player-3,12,23,16,25
321,5,17,0.050625065341591835,player-3,15,28,22,35
321,6,17,0.06937491707503796,player-4,18,28,27,41
321,7,17,0.054165953770279884,player-1,35,32,39,44
321,8,17,0.06687501445412636,player-2,35,40,44,53
321,9,17,0.050999922677874565,player-3,41,43,59,56
322,1,18,0.0624579843133688,player-4,0,8,2,8
322,2,17,0.04829093813896179,player-4,0,14,7,9
322,3,20,0.08266698569059372,player-4,4,21,7,28
322,4,17,0.07008295506238937,player-2,14,24,12,29
322,5,20,0.06975000724196434,player-2,15,31,12,29
322,6,17,0.07187505252659321,player-4,20,40,18,42
322,7,17,0.07237493991851807,player-1,26,40,20,48
322,8,23,0.06429199129343033,player-4,30,42,23,57
322,9,20,0.06816606037318707,player-2,37,50,28,60
323,1,20,0.057165976613759995,player-1,3,4,1,2
323,2,18,0.07179216481745243,player-4,11,8,3,12
323,3,17,0.051042065024375916,player-4,14,10,4,13
323,4,20,0.08729193359613419,player-4,20,17,7,25
323,5,20,0.0660829246044159,player-1,26,22,8,33
323,6,19,0.0968750100582838,player-1,35,31,18,37
323,7,17,0.05425000563263893,player-4,36,31,20,43
323,8,20,0.07133395411074162,player-4,42,43,23,45
323,9,17,0.057582976296544075,player-2,45,46,27,47
323,10,17,0.05108397454023361,player-3,49,49,30,51
324,1,17,0.04912517033517361,player-2,5,7,1,9
324,2,17,0.04200008697807789,player-3,8,10,8,9
324,3,18,0.06320886313915253,player-1,13,13,11,18
324,4,18,0.0667087733745575,player-2,16,15,12,27
324,5,17,0.053541967645287514,player-2,25,18,18,30
324,6,17,0.04170788452029228,player-3,31,18,24,34
324,7,17,0.05516689270734787,player-4,36,19,27,40
324,8,17,0.06050011143088341,player-1,42,21,31,40
324,9,18,0.05212519317865372,player-3,51,26,41,43
324,10,17,0.05816691555082798,player-3,64,33,51,47
325,1,22,0.04449998959898949,none,1,4,1,4
325,2,17,0.04020915366709232,player-4,4,6,3,7
325,3,20,0.059999991208314896,player-4,9,12,6,14
325,4,17,0.054582953453063965,player-2,16,16,13,17
325,5,17,0.06308290176093578,player-3,20,17,21,18
325,6,18,0.06287498399615288,player-1,28,17,23,23
325,7,17,0.06304099224507809,player-1,39,25,27,34
325,8,17,0.06466708146035671,player-2,39,30,32,40
325,9,17,0.053042080253362656,player-3,39,39,32,47
325,10,17,0.05350005812942982,player-4,47,39,33,50
325,11,20,0.058125006034970284,player-4,53,41,40,59
326,1,17,0.04824995994567871,player-4,1,5,4,3
326,2,17,0.06091594696044922,player-1,5,11,6,13
326,3,17,0.05629193037748337,player-2,8,16,6,16
326,4,17,0.05679205060005188,player-3,19,19,11,20
326,5,18,0.04887511022388935,player-1,21,21,15,23
326,6,17,0.061374856159090996,player-1,26,26,15,32
326,7,18,0.05712499842047691,player-3,30,29,19,37
326,8,24,0.058999983593821526,player-2,30,29,20,40
326,9,20,0.04820898175239563,player-3,36,32,28,42
326,10,18,0.06254110485315323,player-2,38,39,28,51
326,11,17,0.07154117338359356,player-2,46,41,32,51
326,12,23,0.07999991066753864,player-1,47,43,32,55
326,13,20,0.06312481127679348,player-3,48,47,39,60
327,1,19,0.04737498238682747,player-1,3,5,4,3
327,2,20,0.05362485535442829,player-3,5,12,5,3
327,3,18,0.0541249755769968,player-2,10,17,5,10
327,4,17,0.05974993109703064,player-2,10,26,12,10
327,5,18,0.05000014789402485,player-4,10,33,14,19
327,6,18,0.06408290937542915,player-1,17,41,20,21
327,7,18,0.057208118960261345,player-2,23,45,28,21
327,8,17,0.050250208005309105,player-2,24,50,29,25
327,9,19,0.06204098463058472,player-1,37,53,36,26
327,10,22,0.06166612729430199,player-1,39,57,43,35
327,11,19,0.05783303640782833,player-3,44,72,45,37
328,1,17,0.0475000124424696,player-1,3,3,0,5
328,2,19,0.04429207183420658,player-4,4,6,2,8
328,3,20,0.044459011405706406,player-2,5,14,4,9
328,4,19,0.07116608321666718,player-2,8,19,13,11
328,5,23,0.05137501284480095,none,9,25,17,13
328,6,17,0.043833861127495766,player-2,9,32,22,16
328,7,18,0.041582854464650154,player-4,11,37,24,18
328,8,17,0.05625002086162567,player-4,13,37,30,22
328,9,18,0.05170796066522598,player-2,16,38,31,30
328,10,18,0.06362493149936199,player-3,16,40,36,38
328,11,20,0.0438750721514225,player-2,19,45,40,40
328,12,17,0.05187490023672581,player-4,22,45,40,48
328,13,18,0.04654191434383392,player-2,28,47,42,53
329,1,19,0.05933316424489021,player-3,3,0,3,2
329,2,17,0.045833876356482506,player-2,6,4,5,4
329,3,18,0.05470798350870609,player-4,15,15,9,11
329,4,20,0.05300017073750496,player-3,15,19,14,13
329,5,17,0.04733307287096977,player-1,19,25,18,15
329,6,17,0.04966580308973789,player-2,21,29,18,18
329,7,17,0.05150004290044308,player-3,21,29,23,20
329,8,21,0.05437503568828106,player-4,26,35,28,28
329,9,17,0.04333280958235264,player-1,29,39,30,31
329,10,17,0.05429191514849663,player-2,32,45,36,35
329,11,18,0.039457809180021286,player-4,35,46,37,36
329,12,18,0.07795915007591248,player-1,43,48,45,42
329,13,17,0.06091711111366749,player-1,44,51,47,48
329,14,17,0.05170796066522598,player-2,52,57,48,49
330,1,19,0.069082947447896,player-3,3,10,4,7
330,2,18,0.05516689270734787,player-3,6,10,6,15
330,3,18,0.06025005131959915,player-4,14,14,9,17
330,4,17,0.049541937187314034,player-4,14,18,12,25
330,5,18,0.043665990233421326,player-2,15,24,12,29
330,6,17,0.05466700531542301,player-2,15,28,14,36
330,7,18,0.053416937589645386,player-4,23,31,18,43
330,8,18,0.04204106517136097,player-1,24,33,24,48
330,9,17,0.04620896652340889,player-1,26,35,31,55
330,10,17,0.047625042498111725,player-2,33,40,35,62
331,1,17,0.04795799031853676,player-1,5,3,2,6
331,2,20,0.07449998520314693,player-1,21,7,7,9
331,3,19,0.04595797508955002,player-1,35,9,11,11
331,4,17,0.03970786929130554,player-4,35,11,11,19
331,5,17,0.07825018838047981,player-1,49,18,19,25
331,6,18,0.06325007416307926,player-3,55,22,26,31
331,7,18,0.0475000124424696,player-4,59,25,30,31
331,8,18,0.046165892854332924,player-1,62,26,30,34
331,9,19,0.06562517955899239,player-3,64,29,39,37
332,1,18,0.05433312617242336,player-4,0,0,1,1
332,2,17,0.04441710188984871,player-4,1,0,5,4
332,3,19,0.06900005973875523,player-3,5,0,13,6
332,4,20,0.06812484934926033,player-1,10,4,21,7
332,5,17,0.04470790736377239,player-3,12,8,24,14
332,6,18,0.04566693678498268,player-1,16,12,30,15
332,7,17,0.06824987940490246,player-1,21,16,34,15
332,8,18,0.06333389319479465,player-3,28,17,47,17
332,9,17,0.055999960750341415,player-3,32,22,54,17
332,10,17,0.05441601388156414,player-4,33,24,61,20
332,11,17,0.06954092532396317,player-1,35,29,66,29
333,1,17,0.047208042815327644,player-2,4,5,4,3
333,2,17,0.0616670586168766,player-3,6,10,7,9
333,3,18,0.05691708065569401,player-1,16,12,17,12
333,4,17,0.061125028878450394,player-1,21,12,17,12
333,5,17,0.06979191675782204,player-2,29,18,20,16
333,6,17,0.04470883868634701,player-3,34,20,25,16
333,7,17,0.054999953135848045,player-4,45,25,25,17
333,8,17,0.03837514668703079,player-1,49,27,25,19
333,9,17,0.06466684862971306,player-2,56,28,27,20
333,10,17,0.03991695120930672,player-3,59,28,30,20
333,11,18,0.048625050112605095,player-1,66,28,34,24
334,1,17,0.0516669824719429,player-3,3,4,7,1
334,2,17,0.08058291859924793,player-4,5,16,11,4
334,3,17,0.05316687747836113,player-1,8,24,18,7
334,4,17,0.07654214277863503,player-2,15,28,23,11
334,5,17,0.0491670798510313,player-3,19,29,26,16
334,6,17,0.0541249755769968,player-4,19,31,31,17
334,7,18,0.05645886994898319,player-2,19,35,33,20
334,8,17,0.07558311335742474,player-2,21,47,47,29
334,9,17,0.063000014051795,player-3,22,55,50,32
334,10,17,0.05208398215472698,player-4,25,64,61,35
334,11,17,0.04175002686679363,player-1,32,65,68,37
335,1,19,0.07491698488593102,player-2,5,3,6,5
335,2,22,0.05958392284810543,player-2,11,4,9,7
335,3,18,0.047208042815327644,player-3,12,4,14,8
335,4,17,0.052416929975152016,player-3,18,5,19,11
335,5,17,0.043208012357354164,player-4,19,7,24,14
335,6,25,0.04983297549188137,none,23,12,27,17
335,7,17,0.09058299474418163,player-2,23,19,32,27
335,8,17,0.09954115375876427,player-3,25,20,39,33
335,9,18,0.057666096836328506,player-1,29,24,42,38
335,10,17,0.06841681897640228,player-1,32,29,51,42
335,11,21,0.05695805884897709,player-2,37,36,60,45
335,12,17,0.04179193638265133,none,43,39,68,50
336,1,20,0.07816706784069538,player-4,6,9,4,5
336,2,19,0.07699988782405853,player-4,13,12,8,12
336,3,17,0.08295802399516106,player-3,13,15,19,16
336,4,17,0.06129196844995022,player-4,15,22,19,17
336,5,17,0.05208305083215237,player-1,23,22,24,19
336,6,17,0.0535410363227129,player-2,26,31,32,22
336,7,17,0.059416983276605606,player-3,28,42,35,31
336,8,20,0.05062483251094818,player-3,30,44,40,31
336,9,18,0.04991702735424042,player-2,37,50,44,35
336,10,17,0.049459049478173256,player-2,45,53,47,41
336,11,18,0.053791096433997154,player-4,47,54,51,47
337,1,17,0.051666051149368286,player-3,0,0,11,6
337,2,18,0.04958384670317173,player-1,0,8,12,13
337,3,17,0.06233295425772667,player-1,10,17,15,13
337,4,17,0.05174987018108368,player-2,12,21,15,17
337,5,17,0.07491698488593102,player-3,21,23,24,21
337,6,19,0.05466700531542301,player-2,21,27,27,23
337,7,17,0.04516704939305782,player-1,24,27,28,27
337,8,22,0.061125028878450394,player-3,24,30,33,27
337,9,17,0.04741596058011055,player-3,27,34,41,29
337,10,17,0.04541594535112381,player-4,27,35,41,35
337,11,17,0.059999991208314896,player-1,33,36,42,37
337,12,19,0.05375011824071407,player-4,34,40,48,38
337,13,18,0.055582961067557335,player-4,41,44,55,42
337,14,17,0.04812492989003658,player-4,43,46,56,46
337,15,18,0.06429082714021206,player-2,45,53,63,48
338,1,17,0.04375004209578037,player-3,0,3,7,4
338,2,17,0.0467090867459774,player-4,5,8,7,8
338,3,20,0.04237494431436062,none,6,11,7,14
338,4,18,0.05487492308020592,player-3,8,14,11,14
338,5,17,0.07462501525878906,player-3,14,23,16,21
338,6,18,0.057541998103260994,player-1,19,23,21,25
338,7,18,0.04675006493926048,player-2,24,26,23,29
338,8,19,0.055541982874274254,player-4,31,27,26,31
338,9,19,0.05408306606113911,player-1,34,30,26,33
338,10,17,0.06979214958846569,player-4,36,38,26,42
338,11,17,0.05695805884897709,player-1,39,39,31,46
338,12,20,0.06283307448029518,player-1,48,45,37,48
338,13,20,0.07012509740889072,player-2,56,52,41,51
339,1,18,0.049999915063381195,player-4,3,2,2,7
339,2,18,0.04154210910201073,player-1,8,3,4,8
339,3,20,0.05620787851512432,player-4,11,5,4,14
339,4,17,0.0658340286463499,player-2,15,10,8,18
339,5,17,0.04466692917048931,player-3,17,16,11,22
339,6,17,0.04033301956951618,player-4,20,18,11,24
339,7,17,0.06620911881327629,player-1,25,18,14,28
339,8,19,0.06433390080928802,player-4,29,26,18,34
339,9,17,0.050582922995090485,player-3,30,29,21,37
339,10,17,0.06050011143088341,player-4,37,37,25,47
339,11,17,0.05333404988050461,player-1,54,44,29,52
339,12,17,0.05733291618525982,player-2,54,51,29,55
340,1,17,0.04416704177856445,player-3,3,0,1,1
340,2,18,0.03979192115366459,player-1,8,4,2,3
340,3,25,0.060582999140024185,none,15,12,6,9
340,4,18,0.06587500683963299,player-3,18,16,10,14
340,5,17,0.05941581912338734,player-3,20,16,12,17
340,6,21,0.04879198968410492,player-4,21,21,16,18
340,7,17,0.06458302959799767,player-1,28,23,20,20
340,8,18,0.04287506453692913,player-3,32,26,29,20
340,9,17,0.04554190672934055,player-3,33,27,33,20
340,10,17,0.05220784805715084,player-4,33,33,36,32
340,11,25,0.07424992509186268,player-1,48,33,39,39
340,12,17,0.04624994471669197,player-2,49,39,42,41
340,13,19,0.05862489342689514,player-1,52,47,50,42
341,1,19,0.04629208706319332,player-1,3,0,2,2
341,2,21,0.04650000482797623,player-4,3,3,6,6
341,3,18,0.06524985656142235,player-2,7,12,11,9
341,4,17,0.06449990905821323,player-2,11,27,17,9
341,5,17,0.05691591650247574,player-3,21,27,20,14
341,6,17,0.08425000123679638,player-4,33,30,35,16
341,7,17,0.05591707304120064,player-1,37,30,37,21
341,8,17,0.052042072638869286,player-2,39,34,39,22
341,9,17,0.0707919243723154,player-3,40,42,39,29
341,10,17,0.06737490184605122,player-4,40,45,43,47
341,11,17,0.05000014789402485,player-1,46,46,53,53
341,12,18,0.05475012585520744,player-3,48,48,60,59
342,1,17,0.058999983593821526,player-4,6,2,3,9
342,2,17,0.049541937187314034,player-1,12,9,6,13
342,3,17,0.0724999699741602,player-2,16,16,17,13
342,4,23,0.07870793342590332,player-1,26,23,24,21
342,5,18,0.04641595296561718,player-1,32,26,25,25
342,6,19,0.06854184903204441,player-3,36,28,32,25
342,7,19,0.05162484012544155,player-4,36,29,38,30
342,8,27,0.060165999457240105,player-1,42,29,41,40
342,9,18,0.05925004370510578,player-1,48,32,48,43
342,10,18,0.05124998278915882,player-2,48,32,54,43
343,1,18,0.06987503729760647,player-2,7,5,3,2
343,2,19,0.04870910197496414,player-4,7,7,9,15
343,3,18,0.054584117606282234,player-4,13,14,11,18
343,4,17,0.044457847252488136,player-4,16,15,14,22
343,5,17,0.06087496876716614,player-1,17,20,16,28
343,6,20,0.04933401942253113,player-1,21,23,23,33
343,7,20,0.04533305764198303,player-2,29,27,23,36
343,8,18,0.05312496796250343,player-1,29,33,28,44
343,9,18,0.04512513987720013,player-2,33,38,31,45
343,10,17,0.045082997530698776,player-2,39,39,31,45
343,11,19,0.07483293302357197,player-1,51,40,35,51
343,12,17,0.04737498238682747,player-4,53,46,35,54
344,1,18,0.04433398135006428,player-3,0,2,6,0
344,2,17,0.05866703577339649,player-3,0,7,15,3
344,3,18,0.06016693077981472,player-1,6,8,25,4
344,4,18,0.05845795385539532,player-2,6,11,26,11
344,5,17,0.06845779716968536,player-2,7,19,28,14
344,6,21,0.06954185664653778,player-3,16,19,38,15
344,7,19,0.04854192957282066,player-2,17,20,39,18
344,8,17,0.03866688348352909,player-1,24,20,39,18
344,9,17,0.06504193879663944,player-2,27,28,39,19
344,10,17,0.05762488581240177,player-3,31,35,41,26
344,11,17,0.05612499080598354,player-4,32,37,50,27
344,12,20,0.06425008177757263,player-4,37,46,55,30
344,13,17,0.04641711711883545,player-2,41,52,58,36
344,14,22,0.05858391523361206,player-4,41,60,63,38
345,1,18,0.06204191595315933,player-4,0,8,2,6
345,2,19,0.07070903666317463,player-2,6,12,7,6
345,3,17,0.06125005893409252,player-1,19,17,12,8
345,4,17,0.06229197606444359,player-2,20,28,15,10
345,5,17,0.044042011722922325,player-3,23,36,18,11
345,6,17,0.04329090006649494,player-4,23,38,18,15
345,7,18,0.0410410575568676,player-2,24,51,21,16
345,8,17,0.05175010301172733,player-2,32,53,26,17
345,9,17,0.061542028561234474,player-3,40,56,32,19
345,10,18,0.054958974942564964,player-1,40,63,35,24
345,11,19,0.0552500132471323,player-3,48,66,39,24
345,12,17,0.04912517033517361,player-2,51,68,46,24
345,13,17,0.06091617979109287,player-3,57,75,47,32
346,1,17,0.06587500683963299,player-3,2,8,6,8
346,2,18,0.03924989141523838,player-1,7,8,7,8
346,3,17,0.0641250517219305,player-1,11,9,12,15
346,4,17,0.0541249755769968,player-2,22,13,19,24
346,5,17,0.047457870095968246,player-3,22,17,22,31
346,6,17,0.04829210229218006,player-4,25,21,25,41
346,7,17,0.05229189991950989,player-1,30,24,28,45
346,8,17,0.06741704419255257,player-2,39,26,29,56
346,9,17,0.06508291698992252,player-3,47,27,35,63
346,10,17,0.058959005400538445,player-4,49,35,40,76
347,1,19,0.05266699008643627,player-3,5,0,4,1
347,2,17,0.06166682578623295,player-2,10,7,6,1
347,3,17,0.060582999140024185,player-3,17,7,12,3
347,4,17,0.04933308809995651,player-4,22,9,21,6
347,5,17,0.05512498319149017,player-1,25,11,23,11
347,6,17,0.0639590434730053,player-2,25,24,25,22
347,7,18,0.4770420491695404,player-4,30,26,25,26
347,8,17,0.07804087363183498,player-4,35,33,36,36
347,9,17,0.06429199129343033,player-1,40,35,40,46
347,10,17,0.057208118960261345,player-2,49,39,40,50
347,11,17,0.0613329466432333,player-3,49,42,50,60
348,1,18,0.07070810534060001,player-1,6,5,3,6
348,2,17,0.04754192195832729,player-1,9,10,3,8
348,3,17,0.04920782521367073,player-2,18,12,8,8
348,4,17,0.06287498399615288,player-3,24,23,13,13
348,5,17,0.062333885580301285,player-4,26,30,15,18
348,6,17,0.07295794785022736,player-1,30,31,22,23
348,7,17,0.05233311094343662,player-2,36,37,23,27
348,8,19,0.07349997758865356,player-1,42,37,29,28
348,9,19,0.05929195322096348,player-2,44,43,30,31
348,10,17,0.05291588604450226,player-1,52,43,31,31
348,11,18,0.05708402022719383,player-3,56,45,33,31
348,12,17,0.04912493750452995,player-3,58,49,41,34
348,13,17,0.0588749535381794,player-4,62,53,48,37
349,1,19,0.05600019358098507,player-2,3,3,4,0
349,2,17,0.09020906873047352,player-1,18,5,14,1
349,3,22,0.05224999040365219,player-3,20,9,16,4
349,4,18,0.0894591212272644,player-4,24,15,21,19
349,5,17,0.04691700451076031,player-4,24,19,24,22
349,6,21,0.06416602991521358,player-1,29,19,29,28
349,7,17,0.0516669824719429,player-2,37,23,32,33
349,8,19,0.05929102189838886,player-1,41,29,33,36
349,9,17,0.05529215559363365,player-4,42,31,37,44
349,10,18,0.04554097540676594,player-2,45,34,38,48
349,11,17,0.044584041461348534,player-2,49,43,38,50
349,12,17,0.052459072321653366,player-3,55,46,48,51
350,1,17,0.06308406591415405,player-2,0,5,2,4
350,2,18,0.0603341031819582,player-4,3,5,10,10
350,3,18,0.065250089392066,player-1,4,8,16,15
350,4,17,0.05312496796250343,player-1,8,10,18,21
350,5,22,0.04387483932077885,none,11,12,19,22
350,6,17,0.0424159225076437,player-3,13,15,19,23
350,7,20,0.05204114131629467,player-3,20,20,26,23
350,8,17,0.06345799192786217,player-1,23,26,28,28
350,9,18,0.06087496876716614,player-3,25,33,32,34
350,10,13,0.029250048100948334,none,30,33,33,36
350,11,17,0.07675006054341793,player-4,34,37,34,47
350,12,18,0.06970809772610664,player-2,37,42,35,48
350,13,17,0.07537496276199818,player-2,40,46,41,52
350,14,18,0.062374863773584366,player-4,42,50,41,63
351,1,17,0.11141691356897354,player-2,8,15,4,0
351,2,17,0.065250089392066,player-3,10,21,8,2
351,3,17,0.05645817145705223,player-4,13,24,10,8
351,4,17,0.05779205821454525,player-1,15,27,12,11
351,5,17,0.04933285526931286,player-2,19,34,13,16
351,6,18,0.04691700451076031,player-4,20,39,23,27
351,7,17,0.04391721449792385,player-4,20,41,23,32
351,8,17,0.042458996176719666,player-1,25,42,27,32
351,9,17,0.05312496796250343,player-2,30,45,27,36
351,10,19,0.053999945521354675,player-1,37,50,32,36
351,11,20,0.055582961067557335,player-3,42,54,42,37
351,12,17,0.05183299072086811,player-1,46,55,44,41
351,13,17,0.06266706623136997,player-2,48,61,52,43
352,1,25,0.05870894528925419,player-1,2,1,2,3
352,2,17,0.055459095165133476,player-2,9,5,6,8
352,3,17,0.045833876356482506,player-3,12,5,11,8
352,4,18,0.06970786489546299,player-1,20,14,15,10
352,5,17,0.07483293302357197,player-1,26,22,16,14
352,6,17,0.06233295425772667,player-2,34,23,18,19
352,7,17,0.04783296026289463,player-3,34,23,20,22
352,8,18,0.059999991208314896,player-1,47,27,27,30
352,9,20,0.05075009539723396,player-4,49,28,27,35
352,10,17,0.05245814099907875,player-2,49,30,30,39
352,11,17,0.046083005145192146,player-3,52,34,31,41
352,12,19,0.05966587923467159,player-2,56,37,32,47
352,13,18,0.057208118960261345,player-2,62,44,34,47
352,14,17,0.06587500683963299,player-2,69,44,41,50
353,1,22,0.05562487058341503,none,3,3,0,2
353,2,17,0.05629216320812702,player-2,5,12,4,3
353,3,17,0.041082967072725296,player-3,6,14,10,3
353,4,17,0.05612499080598354,player-4,11,17,16,8
353,5,17,0.054916832596063614,player-1,16,21,20,11
353,6,17,0.05962490104138851,player-2,22,32,20,11
353,7,17,0.0541249755769968,player-3,26,39,28,18
353,8,17,0.0538751482963562,player-4,34,42,34,21
353,9,17,0.06891600787639618,player-1,44,45,34,28
353,10,18,0.053957803174853325,player-3,49,50,39,30
353,11,26,0.060959020629525185,player-4,53,52,43,33
353,12,18,0.05016615614295006,player-1,56,54,49,42
354,1,19,0.05237502045929432,player-2,5,11,5,2
354,2,17,0.0716252252459526,player-1,18,16,7,5
354,3,21,0.09749992750585079,player-2,19,28,7,19
354,4,17,0.05495804361999035,player-3,20,32,10,20
354,5,17,0.06083305925130844,player-4,25,33,10,29
354,6,19,0.06362493149936199,player-3,26,39,19,29
354,7,18,0.06862496957182884,player-3,28,42,28,31
354,8,17,0.045082997530698776,player-3,33,45,40,34
354,9,18,0.05533290095627308,player-1,41,45,47,35
354,10,18,0.0641250517219305,player-2,46,52,48,39
354,11,18,0.05158316344022751,player-3,48,55,49,48
355,1,18,0.054208096116781235,player-4,0,5,2,9
355,2,20,0.06341701373457909,player-3,5,5,6,18
355,3,17,0.04433281719684601,player-1,8,9,6,19
355,4,17,0.04891701973974705,player-2,10,14,9,19
355,5,18,0.05233404226601124,player-4,10,18,10,22
355,6,19,0.0541668850928545,player-2,11,27,19,23
355,7,20,0.05650008097290993,player-4,15,27,23,28
355,8,21,0.04416704177856445,none,17,28,27,31
355,9,17,0.06379187107086182,player-3,26,34,33,34
355,10,18,0.05679205060005188,player-1,30,38,37,41
355,11,22,0.06187497638165951,player-2,39,41,41,45
355,12,17,0.060750171542167664,player-2,42,41,41,55
355,13,17,0.06541702896356583,player-3,44,49,42,67
356,1,18,0.06220792420208454,player-4,3,4,2,5
356,2,17,0.051999930292367935,player-4,6,4,7,10
356,3,17,0.0592090655118227,player-1,16,6,7,22
356,4,22,0.0666668638586998,player-3,16,13,9,31
356,5,37,0.06700004450976849,none,20,16,15,32
356,6,18,0.06425008177757263,player-1,24,24,22,33
356,7,17,0.04220893606543541,player-1,28,24,24,36
356,8,17,0.04675006493926048,player-2,31,33,26,37
356,9,20,0.06354204379022121,player-2,43,41,28,47
356,10,17,0.05408283323049545,player-4,45,47,30,58
357,1,21,0.08612498641014099,player-3,10,21,17,13
357,2,17,0.03991695120930672,player-4,10,22,18,19
357,3,17,0.05208305083215237,player-1,24,29,29,25
357,4,18,0.04816707223653793,player-3,28,32,37,25
357,5,17,0.049999915063381195,player-3,30,35,45,26
357,6,18,0.05070911720395088,player-1,34,44,47,32
357,7,17,0.05633407272398472,player-1,43,45,54,38
357,8,19,0.05362485535442829,player-4,44,45,56,38
358,1,17,0.05591590888798237,player-3,4,8,7,7
358,2,17,0.053541967645287514,player-4,11,12,13,8
358,3,17,0.06562517955899239,player-1,21,17,16,13
358,4,17,0.05825003609061241,player-2,33,20,22,17
358,5,18,0.04691584035754204,player-4,37,22,23,22
358,6,17,0.060167163610458374,player-4,40,27,26,26
358,7,18,0.06045796908438206,player-2,42,37,29,38
358,8,17,0.05966587923467159,player-2,44,39,30,40
358,9,19,0.07591582834720612,player-1,51,45,37,43
358,10,20,0.04987511783838272,player-3,52,48,43,47
358,11,17,0.048625050112605095,player-1,62,56,45,51
359,1,22,0.06962521001696587,player-4,5,8,7,4
359,2,17,0.05341600626707077,player-4,7,12,11,7
359,3,19,0.04737498238682747,player-3,9,13,11,8
359,4,17,0.06225006654858589,player-2,19,16,19,12
359,5,17,0.053541967645287514,player-3,22,19,26,13
359,6,18,0.05829101428389549,player-1,30,24,28,23
359,7,18,0.05954108200967312,player-2,30,27,37,24
359,8,17,0.05312496796250343,player-2,30,34,40,24
359,9,17,0.05629193037748337,player-3,30,34,46,24
359,10,19,0.0624579843133688,player-2,36,44,49,25
359,11,19,0.052833929657936096,player-3,49,44,53,32
360,1,17,0.05620787851512432,player-1,6,2,5,1
360,2,21,0.06070802919566631,player-2,11,8,8,3
360,3,17,0.061125028878450394,player-3,18,11,10,10
360,4,17,0.06258394569158554,player-4,20,16,16,12
360,5,17,0.0677919015288353,player-1,28,22,16,20
360,6,17,0.061374856159090996,player-2,31,30,19,27
360,7,17,0.07112487219274044,player-3,36,38,28,31
360,8,21,0.06487499922513962,none,38,38,32,36
360,9,17,0.051541952416300774,player-1,48,44,37,40
360,10,18,0.05324999801814556,player-3,55,48,46,40
361,1,17,0.05479203537106514,player-3,3,7,3,0
361,2,17,0.08966703899204731,player-4,6,10,4,2
361,3,19,0.0499580055475235,player-3,11,11,4,7
361,4,17,0.05933409556746483,player-2,17,18,7,17
361,5,17,0.053459079936146736,player-3,17,24,11,25
361,6,17,0.05091703496873379,player-4,18,24,14,27
361,7,18,0.06404193118214607,player-2,23,34,17,30
361,8,18,0.06041722372174263,player-3,23,39,18,36
361,9,19,0.05950010381639004,player-1,29,45,18,42
361,10,18,0.06454205140471458,player-1,38,50,18,44
361,11,18,0.044582877308130264,player-2,40,55,20,47
362,1,17,0.05062483251094818,player-4,3,8,6,9
362,2,18,0.04400010220706463,player-2,4,19,7,11
362,3,17,0.05891709588468075,player-2,14,30,12,18
362,4,18,0.06266683340072632,player-4,23,30,19,27
362,5,17,0.043584033846855164,player-4,27,33,24,27
362,6,18,0.059125013649463654,player-2,33,44,32,30
362,7,18,0.05312496796250343,player-3,40,51,36,30
362,8,17,0.046208035200834274,player-3,47,53,37,30
362,9,17,0.05324999801814556,player-4,49,56,37,33
362,10,17,0.053584109991788864,player-1,55,56,37,39
362,11,17,0.043082982301712036,player-2,57,60,40,44
363,1,18,0.10070810094475746,player-3,6,7,3,10
363,2,17,0.04654214717447758,player-3,10,12,5,12
363,3,17,0.06095808930695057,player-4,12,21,8,27
363,4,27,0.0677499920129776,player-3,18,21,14,31
363,5,19,0.05508284084498882,player-4,23,24,14,35
363,6,17,0.044250162318348885,player-3,24,28,18,38
363,7,17,0.05904096178710461,player-4,28,34,25,41
363,8,18,0.05679205060005188,player-2,32,42,30,45
363,9,17,0.055165961384773254,player-2,37,48,30,47
363,10,22,0.05512498319149017,player-4,37,53,34,48
364,1,17,0.06070896051824093,player-3,2,9,1,2
364,2,17,0.04183291457593441,player-4,9,15,6,6
364,3,17,0.06329105235636234,player-1,16,20,8,6
364,4,19,0.056582968682050705,player-4,16,23,14,14
364,5,18,0.04737498238682747,player-4,21,28,19,20
364,6,19,0.07395888678729534,player-2,25,31,24,24
364,7,17,0.05345791578292847,player-1,34,35,27,31
364,8,17,0.05258317105472088,player-2,44,45,27,31
364,9,20,0.053459079936146736,player-2,52,50,27,38
364,10,20,0.05670799873769283,player-3,62,55,35,47
365,1,18,0.061540864408016205,player-2,0,3,9,3
365,2,17,0.05970802158117294,player-2,1,8,16,6
365,3,17,0.05237502045929432,player-3,7,14,25,10
365,4,19,0.0588749535381794,player-2,11,25,34,11
365,5,17,0.042084138840436935,player-1,15,26,35,14
365,6,20,0.05349982529878616,player-1,21,30,41,14
365,7,17,0.04945811815559864,player-3,25,39,53,15
365,8,19,0.0605839304625988,player-2,31,39,62,21
365,9,17,0.05425000563263893,player-1,33,47,66,25
365,10,17,0.06279093213379383,player-2,39,63,69,30
366,1,19,0.04974985495209694,player-3,0,0,5,4
366,2,17,0.04970794543623924,player-2,5,2,7,6
366,3,18,0.0580840278416872,player-4,8,4,15,11
366,4,17,0.048999907448887825,player-4,18,5,21,15
366,5,22,0.06204191595315933,player-2,23,13,30,22
366,6,17,0.05400017835199833,player-2,29,25,33,27
366,7,18,0.05679205060005188,player-4,36,25,35,34
366,8,17,0.0664170365780592,player-4,42,25,43,40
366,9,19,0.061374856159090996,player-3,42,31,47,49
366,10,19,0.0502921175211668,player-4,45,33,48,55
366,11,17,0.0391670037060976,player-3,48,35,48,57
366,12,17,0.06374996155500412,player-4,51,37,48,64
367,1,17,0.052999937906861305,player-1,6,3,4,3
367,2,18,0.04908395931124687,player-3,7,8,6,12
367,3,17,0.05529099144041538,player-3,9,15,7,12
367,4,17,0.041416846215724945,player-4,12,19,10,12
367,5,17,0.058374833315610886,player-1,14,21,16,16
367,6,17,0.05016708746552467,player-2,18,31,21,20
367,7,17,0.04379195161163807,player-3,18,35,25,22
367,8,17,0.05766702815890312,player-4,18,45,37,30
367,9,17,0.05683302879333496,player-1,24,47,41,35
367,10,18,0.05683302879333496,player-3,25,52,47,35
367,11,17,0.07129088044166565,player-3,25,58,57,40
367,12,19,0.057042110711336136,player-2,32,58,62,43
368,1,17,0.0711251050233841,player-4,2,2,0,8
368,2,17,0.06070802919566631,player-1,6,11,5,13
368,3,17,0.04754099063575268,player-2,6,14,12,15
368,4,17,0.04916684702038765,player-3,8,18,18,15
368,5,17,0.03954209387302399,player-4,12,20,25,18
368,6,17,0.0391670037060976,player-1,15,22,29,23
368,7,20,0.05454104393720627,player-1,18,25,29,28
368,8,18,0.06437511183321476,player-4,24,27,38,34
368,9,18,0.042625004425644875,player-1,27,30,41,39
368,10,17,0.03620819188654423,player-1,29,32,44,44
368,11,18,0.056167133152484894,player-3,32,36,51,51
368,12,17,0.043208012357354164,player-3,36,36,55,56
368,13,18,0.05054101347923279,player-1,38,36,61,62
368,14,21,0.05429214797914028,player-1,48,41,63,63
369,1,20,0.05604117177426815,player-3,2,0,8,5
369,2,21,0.055958982557058334,player-1,6,6,11,5
369,3,17,0.06087496876716614,player-2,11,13,18,16
369,4,17,0.054999953135848045,player-3,14,16,27,22
369,5,17,0.046666013076901436,player-4,14,16,29,24
369,6,17,0.05491613410413265,player-1,17,18,41,28
369,7,17,0.050042057409882545,player-2,27,20,48,28
369,8,20,0.055040931329131126,player-2,29,29,51,31
369,9,18,0.05841720849275589,player-1,31,30,51,43
369,10,18,0.0541668850928545,player-2,40,35,55,48
369,11,17,0.05208398215472698,player-2,47,39,57,55
370,1,18,0.04295795224606991,player-3,2,2,2,3
370,2,17,0.06812508217990398,player-3,2,4,7,10
370,3,17,0.04470907151699066,player-4,4,5,9,19
370,4,17,0.06295903585851192,player-1,9,5,15,20
370,5,23,0.05870894528925419,player-4,15,11,22,24
370,6,17,0.0566667877137661,player-3,18,18,30,30
370,7,17,0.04875008016824722,player-4,21,21,34,33
370,8,18,0.05674990825355053,player-2,21,29,38,37
370,9,18,0.06666709668934345,player-3,25,33,47,37
370,10,21,0.04966696724295616,player-3,25,36,57,37
370,11,17,0.07850001566112041,player-4,30,38,61,37
370,12,17,0.04579196684062481,player-1,36,38,67,40
371,1,18,0.04566693678498268,player-4,3,5,3,3
371,2,19,0.06274995394051075,player-2,6,15,7,3
371,3,17,0.06229104474186897,player-1,12,19,7,9
371,4,17,0.07120799273252487,player-2,18,31,7,13
371,5,17,0.048999907448887825,player-3,22,32,17,15
371,6,17,0.0477079302072525,player-4,25,36,21,16
371,7,17,0.058959005400538445,player-1,30,42,23,23
371,8,17,0.07970794104039669,player-2,32,49,27,28
371,9,17,0.052916817367076874,player-3,37,54,35,28
371,10,18,0.045042019337415695,player-1,40,54,36,29
371,11,17,0.043791020289063454,player-1,45,55,39,32
371,12,18,0.04333397373557091,player-3,46,56,42,37
371,13,19,0.054915901273489,player-1,47,58,43,40
371,14,17,0.05470798350870609,player-4,49,66,46,43
372,1,19,0.05779205821454525,player-4,10,0,2,11
372,2,19,0.03616698086261749,none,12,2,6,14
372,3,19,0.07720780558884144,player-2,19,3,13,18
372,4,17,0.04245806485414505,player-1,21,3,15,21
372,5,17,0.04912517033517361,player-2,22,9,18,26
372,6,17,0.05112495273351669,player-3,24,12,20,29
372,7,17,0.052416929975152016,player-4,27,16,20,37
372,8,17,0.05608284845948219,player-1,31,23,20,42
372,9,17,0.055208103731274605,player-2,39,27,20,48
372,10,17,0.048083020374178886,player-3,40,30,24,48
372,11,17,0.04537496715784073,player-4,43,34,28,53
372,12,18,0.050625065341591835,player-2,44,38,30,60
372,13,23,0.05087489262223244,player-4,50,38,36,63
373,1,17,0.05179201252758503,player-1,7,0,1,5
373,2,19,0.04929210990667343,player-4,7,4,5,17
373,3,18,0.05070795305073261,player-4,7,7,9,22
373,4,18,0.04833401180803776,player-1,13,11,13,25
373,5,20,0.06212480366230011,player-4,18,17,15,31
373,6,17,0.04175002686679363,player-2,25,18,15,31
373,7,18,0.047042034566402435,player-4,28,19,15,38
373,8,20,0.05149981006979942,player-3,28,19,28,40
373,9,19,0.05404185503721237,player-3,29,24,35,42
373,10,18,0.05666702054440975,player-3,30,27,40,45
373,11,19,0.04829093813896179,player-1,36,29,41,45
373,12,18,0.041125109419226646,player-1,37,30,41,47
373,13,18,0.06420817226171494,player-2,43,36,47,50
373,14,17,0.04287506453692913,player-2,46,42,50,52
373,15,17,0.08391612209379673,player-3,53,46,52,53
374,1,17,0.07737521082162857,player-2,6,7,6,3
374,2,17,0.07870909757912159,player-3,16,9,16,6
374,3,18,0.05175010301172733,player-1,20,9,19,10
374,4,18,0.054208096116781235,player-2,24,9,21,14
374,5,17,0.058833975344896317,player-2,33,13,23,17
374,6,20,0.04879198968410492,player-2,35,22,23,23
374,7,17,0.07183407433331013,player-4,36,27,25,31
374,8,17,0.05541602149605751,player-1,37,27,34,38
374,9,19,0.04354212433099747,player-4,39,28,34,39
374,10,19,0.06087520159780979,player-1,48,30,38,53
374,11,19,0.06120884791016579,player-2,56,32,42,57
374,12,17,0.05291705019772053,player-1,62,34,44,62
375,1,17,0.07316702976822853,player-1,3,2,4,3
375,2,18,0.04654191434383392,player-3,3,3,8,4
375,3,17,0.047416891902685165,player-3,4,6,15,7
375,4,19,0.049999915063381195,player-2,4,7,16,11
375,5,18,0.04687486216425896,player-2,7,7,16,16
375,6,17,0.06516603752970695,player-2,7,15,21,17
375,7,17,0.05695805884897709,player-3,16,15,28,17
375,8,18,0.04424992948770523,player-1,17,17,28,21
375,9,18,0.05791615694761276,player-2,25,24,36,29
375,10,29,0.07920805364847183,player-2,32,26,56,30
375,11,18,0.05920790135860443,player-4,38,33,60,43
375,12,18,0.07366621866822243,player-1,44,38,62,46
376,1,17,0.06358395330607891,player-1,4,2,2,5
376,2,18,0.09574997238814831,player-3,4,6,13,15
376,3,17,0.04308391362428665,player-3,8,7,18,17
376,4,17,0.04687509499490261,player-4,10,10,23,21
376,5,17,0.04079192876815796,player-1,20,12,26,22
376,6,17,0.043208012357354164,player-2,22,13,29,22
376,7,20,0.051459064707159996,player-2,24,20,29,25
376,8,18,0.04633399657905102,player-1,24,20,31,33
376,9,18,0.05766702815890312,player-2,25,29,38,37
376,10,17,0.05295802839100361,player-2,28,38,43,39
376,11,17,0.0647080596536398,player-3,30,41,46,43
376,12,17,0.055208103731274605,player-4,31,46,54,49
376,13,17,0.046208035200834274,player-1,36,48,57,53
377,1,20,0.04754192195832729,player-1,0,1,3,2
377,2,17,0.03975001163780689,player-3,4,2,6,5
377,3,17,0.04583294503390789,player-4,4,4,9,9
377,4,17,0.05112495273351669,player-1,9,4,13,15
377,5,17,0.05745887756347656,player-2,11,9,17,15
377,6,18,0.05920790135860443,player-4,15,10,19,25
377,7,19,0.06374996155500412,player-2,21,15,25,28
377,8,18,0.051540788263082504,player-2,21,21,26,31
377,9,18,0.050582922995090485,player-3,24,21,34,36
377,10,17,0.06070802919566631,player-3,31,21,47,37
377,11,19,0.05141599103808403,player-2,32,31,55,44
377,12,20,0.06854208186268806,player-4,36,34,59,49
377,13,22,0.06841705180704594,player-3,43,36,69,50
378,1,17,0.05029188469052315,player-3,4,5,4,4
378,2,17,0.0635830219835043,player-4,8,5,11,12
378,3,18,0.042625004425644875,player-2,12,6,15,14
378,4,17,0.0691248569637537,player-2,19,8,18,17
378,5,18,0.06845803000032902,player-4,22,11,20,21
378,6,17,0.04979199729859829,player-4,28,16,25,26
378,7,18,0.059582991525530815,player-2,30,26,27,34
378,8,17,0.057208118960261345,player-2,37,34,27,42
378,9,17,0.0414170790463686,player-3,39,37,31,44
378,10,18,0.05541602149605751,player-1,43,39,33,50
378,11,18,0.05045789293944836,player-2,47,41,33,52
378,12,17,0.05262484773993492,player-2,51,47,43,57
379,1,17,0.059499870985746384,player-4,2,5,1,1
379,2,18,0.046625034883618355,player-2,6,7,1,1
379,3,17,0.0461251474916935,player-2,7,10,3,5
379,4,18,0.04704180173575878,player-4,11,13,5,11
379,5,19,0.07370812818408012,player-2,14,20,16,25
379,6,18,0.05316617898643017,player-2,19,28,19,28
379,7,22,0.07283384911715984,player-3,23,29,24,31
379,8,17,0.04579196684062481,player-3,24,33,26,31
379,9,17,0.04854192957282066,player-4,26,33,26,37
379,10,17,0.054958974942564964,player-1,34,37,35,43
379,11,17,0.04679197445511818,player-2,36,44,38,43
379,12,17,0.07729185745120049,player-3,43,52,42,46
379,13,18,0.0599580816924572,player-1,50,53,48,46
379,14,18,0.062417006120085716,player-2,59,61,57,48
380,1,18,0.05733291618525982,player-1,4,2,2,2
380,2,19,0.06004190072417259,player-3,12,6,11,8
380,3,17,0.044665997847914696,player-2,12,13,13,12
380,4,17,0.05512498319149017,player-3,12,21,15,14
380,5,18,0.0439169816672802,player-1,13,22,18,15
380,6,17,0.045625027269124985,player-1,17,22,18,20
380,7,17,0.04975008778274059,player-2,23,26,21,20
380,8,17,0.06441702134907246,player-3,28,33,30,24
380,9,17,0.04779081791639328,player-4,32,40,30,27
380,10,17,0.05537504330277443,player-1,37,43,32,30
380,11,21,0.06191711872816086,player-2,37,49,36,30
380,12,17,0.05029095336794853,player-3,40,55,38,35
380,13,17,0.05137501284480095,player-4,40,58,41,48
381,1,18,0.07262500002980232,player-4,0,13,5,4
381,2,19,0.06845896132290363,player-2,0,18,18,12
381,3,17,0.050916802138090134,player-1,3,20,26,17
381,4,17,0.04937499761581421,player-2,7,25,27,20
381,5,18,0.054459087550640106,player-4,11,30,32,25
381,6,27,0.05295802839100361,none,14,33,34,26
381,7,17,0.04970794543623924,player-1,16,36,35,31
381,8,17,0.0724999699741602,player-2,20,37,43,37
381,9,17,0.03916607238352299,player-3,23,38,46,39
381,10,17,0.05329214036464691,player-4,24,38,49,51
381,11,23,0.05541602149605751,player-3,30,43,55,52
381,12,18,0.054167117923498154,player-3,32,44,64,52
381,13,17,0.048416899517178535,player-3,34,48,72,52
382,1,18,0.05608308129012585,player-1,5,3,2,8
382,2,19,0.0624579843133688,player-3,13,8,4,17
382,3,17,0.06179208867251873,player-2,15,13,7,23
382,4,17,0.04554190672934055,player-3,17,14,11,24
382,5,18,0.056167133152484894,player-1,23,18,15,30
382,6,17,0.06091711111366749,player-1,30,20,22,42
382,7,17,0.0537908636033535,player-2,33,31,23,44
382,8,17,0.06320793181657791,player-3,39,43,26,54
382,9,17,0.04891608841717243,player-4,41,48,26,60
383,1,17,0.043042004108428955,player-3,1,3,4,5
383,2,17,0.04816707223653793,player-4,1,4,5,11
383,3,18,0.05420786328613758,player-2,8,7,7,13
383,4,17,0.04883413203060627,player-2,11,7,11,18
383,5,17,0.05983305163681507,player-3,17,11,13,19
383,6,18,0.06045913323760033,player-1,18,16,16,22
383,7,17,0.05370890721678734,player-1,21,16,18,29
383,8,17,0.04087481647729874,player-2,23,21,18,31
383,9,19,0.0452918466180563,player-1,30,24,25,31
383,10,18,0.043459003791213036,player-1,35,28,30,31
383,11,17,0.049999915063381195,player-1,41,37,37,33
383,12,17,0.0588330440223217,player-2,45,41,39,35
383,13,17,0.05237502045929432,player-3,47,44,49,40
383,14,26,0.07275003008544445,player-1,49,49,49,43
383,15,17,0.06208312697708607,player-1,60,51,59,44
384,1,17,0.07866602391004562,player-4,3,3,2,6
384,2,18,0.060499878600239754,player-2,12,6,10,11
384,3,17,0.049916794523596764,player-2,16,11,15,14
384,4,21,0.05475012585520744,player-3,20,16,15,16
384,5,19,0.05933316424489021,player-2,30,20,17,22
384,6,17,0.051083043217659,player-1,37,23,22,29
384,7,18,0.06308313459157944,player-3,41,30,24,29
384,8,17,0.07254094816744328,player-3,44,37,28,33
384,9,17,0.055958982557058334,player-4,49,43,34,45
384,10,17,0.059499870985746384,player-1,50,46,36,47
384,11,20,0.04970794543623924,player-1,56,46,37,49
384,12,17,0.03791600465774536,player-3,56,51,41,49
385,1,17,0.05816691555082798,player-2,3,6,0,2
385,2,17,0.04970794543623924,player-3,4,12,6,4
385,3,18,0.049459049478173256,player-1,14,16,15,9
385,4,17,0.062167178839445114,player-1,16,20,19,14
385,5,17,0.04312489181756973,player-2,19,23,19,14
385,6,18,0.06229197606444359,player-4,27,26,23,17
385,7,17,0.04758383147418499,player-4,30,32,23,19
385,8,17,0.048625050112605095,player-1,37,32,27,21
385,9,18,0.04891701973974705,player-3,41,34,31,23
385,10,17,0.058125006034970284,player-3,46,37,37,28
385,11,18,0.054374802857637405,player-1,51,41,38,32
385,12,17,0.09333412162959576,player-1,60,43,40,40
386,1,17,0.0619587954133749,player-1,2,0,3,7
386,2,17,0.06162491627037525,player-2,7,9,3,7
386,3,17,0.05204114131629467,player-3,13,9,10,9
386,4,19,0.05650008097290993,player-2,17,9,12,14
386,5,17,0.05450006574392319,player-1,26,14,12,18
386,6,19,0.06187497638165951,player-4,26,25,19,20
386,7,20,0.07354188710451126,player-2,35,32,26,23
386,8,20,0.061584170907735825,player-3,46,37,33,28
386,9,17,0.058416975662112236,player-1,51,39,38,29
386,10,17,0.06516696885228157,player-2,57,41,42,30
386,11,17,0.04324992187321186,player-3,57,44,52,33
387,1,17,0.07137516513466835,player-3,10,1,9,8
387,2,17,0.04416704177856445,player-4,11,3,9,12
387,3,17,0.06520911119878292,player-1,22,7,12,13
387,4,17,0.07858313620090485,player-2,29,15,21,15
387,5,21,0.06116693839430809,player-3,32,16,23,20
387,6,22,0.06629200652241707,player-1,36,26,30,21
387,7,18,0.044584041461348534,player-2,39,28,34,21
387,8,17,0.0477079302072525,player-2,42,35,37,21
387,9,22,0.05816691555082798,player-4,43,39,41,26
387,10,18,0.0641669612377882,player-1,57,46,50,35
388,1,17,0.05520787090063095,player-3,5,3,10,2
388,2,18,0.05762488581240177,player-1,20,4,15,5
388,3,17,0.047416891902685165,player-1,28,8,16,6
388,4,17,0.07333303801715374,player-2,30,17,21,13
388,5,25,0.06625009700655937,player-3,32,26,26,16
388,6,17,0.052042072638869286,player-4,34,31,29,19
388,7,17,0.05891709588468075,player-1,39,38,36,30
388,8,17,0.05479203537106514,player-2,42,40,36,32
388,9,17,0.04537496715784073,player-3,42,42,42,36
388,10,20,0.059416983276605606,player-3,51,47,50,39
389,1,18,0.07345899939537048,player-2,3,6,6,4
389,2,17,0.05133403465151787,player-2,5,11,8,9
389,3,22,0.049833906814455986,player-4,9,12,18,10
389,4,17,0.047208042815327644,player-4,9,18,18,10
389,5,17,0.04408392123878002,player-1,12,18,22,15
389,6,18,0.058125006034970284,player-3,16,18,33,19
389,7,17,0.051667215302586555,player-3,17,20,37,23
389,8,20,0.04824995994567871,player-3,22,20,42,23
389,9,17,0.049250200390815735,player-1,26,20,42,26
389,10,17,0.06383308209478855,player-2,29,27,44,34
389,11,17,0.058999983593821526,player-3,30,31,49,36
389,12,19,0.060791848227381706,player-2,40,36,54,37
389,13,17,0.06787502206861973,player-1,42,46,54,41
389,14,23,0.07895892485976219,player-4,44,48,60,44
390,1,18,0.05245883949100971,player-2,1,4,4,3
390,2,17,0.05745794624090195,player-2,6,10,9,5
390,3,17,0.06608408875763416,player-3,8,17,18,5
390,4,17,0.060416990891098976,player-4,11,21,22,8
390,5,17,0.06512505933642387,player-1,17,21,28,13
390,6,18,0.06229197606444359,player-3,17,28,29,19
390,7,17,0.048416201025247574,player-3,19,32,39,19
390,8,20,0.06495905108749866,player-3,20,41,44,22
390,9,18,0.05804095417261124,player-2,24,46,51,27
390,10,19,0.05604117177426815,player-4,24,50,53,33
390,11,17,0.07191579788923264,player-3,29,58,63,33
390,12,17,0.04316703416407108,player-4,32,59,63,34
390,13,29,0.056957826018333435,none,39,59,67,36
391,1,17,0.05837506614625454,player-1,9,2,3,5
391,2,19,0.07220800034701824,player-4,13,10,6,8
391,3,18,0.06054178811609745,player-4,15,13,10,13
391,4,25,0.05745794624090195,player-4,16,14,11,19
391,5,17,0.08195801638066769,player-1,18,20,15,25
391,6,17,0.0719588715583086,player-2,23,28,24,30
391,7,20,0.05137501284480095,player-2,24,37,25,35
391,8,18,0.05045789293944836,player-1,27,37,27,39
391,9,17,0.06883288733661175,player-1,37,38,30,49
391,10,17,0.049083027988672256,player-2,37,44,30,52
391,11,18,0.052999937906861305,player-4,41,50,30,59
392,1,20,0.04987511783838272,player-3,0,3,3,3
392,2,17,0.03875000402331352,player-1,4,4,7,5
392,3,17,0.06862496957182884,player-2,10,13,12,12
392,4,17,0.049165915697813034,player-3,16,13,16,13
392,5,17,0.04329090006649494,player-4,19,14,16,16
392,6,19,0.060999998822808266,player-3,21,23,17,18
392,7,19,0.05087512545287609,player-4,24,25,19,20
392,8,17,0.05374988541007042,player-3,29,30,22,24
392,9,17,0.05191611126065254,player-4,29,35,30,32
392,10,17,0.04641711711883545,player-1,37,37,32,33
392,11,17,0.06937491707503796,player-2,37,44,36,39
392,12,17,0.059416983276605606,player-3,41,47,38,42
392,13,18,0.058959005400538445,player-1,41,51,42,54
393,1,19,0.059542013332247734,player-3,6,4,5,5
393,2,21,0.058582983911037445,player-2,8,6,5,10
393,3,21,0.05362485535442829,player-3,10,11,16,12
393,4,17,0.050833914428949356,player-4,14,11,17,14
393,5,17,0.059459125623106956,player-1,14,13,19,22
393,6,18,0.05333288572728634,player-3,16,13,22,26
393,7,17,0.06879190914332867,player-3,19,21,28,32
393,8,18,0.04587508738040924,player-1,30,23,30,35
393,9,18,0.04891701973974705,player-2,32,31,36,35
393,10,17,0.05454104393720627,player-2,35,32,37,39
393,11,19,0.05249981768429279,player-1,38,36,42,46
393,12,17,0.06374996155500412,player-4,44,38,46,54
393,13,18,0.057582976296544075,player-2,48,42,49,58
394,1,17,0.040125101804733276,player-1,5,2,1,0
394,2,19,0.04241708666086197,player-4,11,5,1,2
394,3,17,0.05287490785121918,player-3,12,14,7,8
394,4,19,0.0613329466432333,player-2,17,20,10,19
394,5,21,0.05112518556416035,player-1,27,26,11,20
394,6,18,0.04837499000132084,player-3,31,30,16,21
394,7,17,0.04837499000132084,player-3,33,37,20,25
394,8,17,0.048416899517178535,player-4,33,40,21,31
394,9,17,0.05979207344353199,player-1,45,41,28,31
394,10,17,0.04695798270404339,player-2,51,48,31,31
394,11,17,0.047208042815327644,player-3,55,51,36,38
394,12,17,0.05850009620189667,player-4,55,53,36,42
394,13,17,0.06025005131959915,player-1,60,57,42,50
395,1,20,0.06845896132290363,player-1,1,2,8,5
395,2,17,0.06195809692144394,player-3,5,4,10,5
395,3,17,0.05129212513566017,player-4,5,6,12,8
395,4,17,0.045999884605407715,player-1,8,7,13,11
395,5,17,0.05324999801814556,player-2,15,18,13,12
395,6,17,0.05574990063905716,player-3,22,23,15,15
395,7,17,0.04787510260939598,player-4,23,25,17,21
395,8,19,0.06070896051824093,player-3,25,27,24,23
395,9,17,0.049667200073599815,player-2,27,33,24,25
395,10,19,0.051666051149368286,player-1,32,37,27,27
395,11,17,0.0716252252459526,player-4,32,38,36,36
395,12,17,0.05112518556416035,player-1,35,42,43,40
395,13,27,0.07020891644060612,player-4,36,46,44,43
395,14,18,0.05579204298555851,player-4,39,48,44,48
395,15,27,0.06712484173476696,player-2,44,55,52,52
396,1,17,0.04950002767145634,player-3,5,6,8,7
396,2,17,0.04920782521367073,player-4,6,7,13,9
396,3,17,0.045999884605407715,player-1,6,9,13,16
396,4,17,0.05845888517796993,player-2,10,13,17,18
396,5,17,0.056957826018333435,player-3,15,13,24,24
396,6,18,0.06291689351201057,player-1,16,17,32,35
396,7,17,0.04933285526931286,player-1,20,20,37,35
396,8,17,0.046416185796260834,player-2,25,21,38,39
396,9,18,0.05037500523030758,player-4,28,23,41,43
396,10,21,0.04941713996231556,none,29,25,41,44
396,11,17,0.040624989196658134,player-1,35,28,41,49
396,12,19,0.04470790736377239,player-4,37,32,42,55
396,13,19,0.048999907448887825,player-1,44,40,48,61
397,1,17,0.07062498480081558,player-2,3,7,3,3
397,2,17,0.054625095799565315,player-3,8,8,14,3
397,3,17,0.041624996811151505,player-4,8,8,16,7
397,4,18,0.06008311174809933,player-2,13,11,18,9
397,5,17,0.055999960750341415,player-2,20,14,18,12
397,6,17,0.04124990664422512,player-3,23,14,18,12
397,7,17,0.0502078328281641,player-4,25,16,21,20
397,8,23,0.04333304241299629,none,29,17,22,21
397,9,17,0.0677499920129776,player-2,36,18,26,21
397,10,17,0.06133411079645157,player-3,40,19,30,28
397,11,17,0.0916249118745327,player-4,45,25,35,35
397,12,18,0.05083298310637474,player-2,45,31,39,35
397,13,17,0.06245891563594341,player-2,50,37,39,39
397,14,19,0.059165991842746735,player-1,57,44,45,47
398,1,18,0.05033286288380623,player-3,4,1,4,2
398,2,17,0.05575013346970081,player-3,6,1,6,7
398,3,17,0.042082974687218666,player-4,6,6,8,10
398,4,18,0.050416914746165276,player-2,6,9,12,13
398,5,17,0.05933316424489021,player-2,9,18,12,19
398,6,17,0.04537496715784073,player-3,14,25,18,25
398,7,17,0.057791825383901596,player-4,18,25,21,26
398,8,19,0.047208042815327644,player-3,22,28,28,29
398,9,17,0.04574982449412346,player-2,34,31,32,29
398,10,17,0.05870778113603592,player-3,37,38,43,31
398,11,17,0.04675006493926048,player-4,37,43,43,34
398,12,20,0.06558303721249104,player-4,37,46,47,43
398,13,17,0.05066697485744953,player-2,41,52,47,45
398,14,17,0.05333288572728634,player-3,43,52,48,49
399,1,20,0.047791050747036934,player-4,1,0,5,2
399,2,18,0.04824995994567871,player-3,6,0,14,3
399,3,17,0.06595789454877377,player-3,16,3,17,5
399,4,17,0.05804095417261124,player-4,21,10,18,10
399,5,17,0.07470790296792984,player-1,24,12,24,12
399,6,35,0.06866687908768654,player-4,25,13,27,16
399,7,17,0.0646661501377821,player-3,33,16,30,20
399,8,17,0.06116693839430809,player-4,35,26,30,28
399,9,19,0.05766586400568485,player-3,36,27,41,32
399,10,18,0.04854216240346432,player-3,36,29,44,34
399,11,17,0.048667192459106445,player-3,40,33,47,34
399,12,20,0.047208042815327644,none,41,35,51,36
399,13,21,0.09204098023474216,player-1,48,56,59,51
400,1,17,0.0694170594215393,player-1,5,5,4,7
400,2,18,0.05108397454023361,player-3,6,8,11,9
400,3,18,0.05154102109372616,player-4,7,10,28,10
400,4,17,0.051042065024375916,player-4,8,13,31,17
400,5,17,0.07762503810226917,player-1,19,15,39,23
400,6,21,0.04912493750452995,player-2,21,15,41,26
400,7,19,0.05866703577339649,player-1,28,18,45,26
400,8,18,0.049541937187314034,player-1,32,18,51,32
400,9,17,0.09833392687141895,player-1,36,27,58,48
400,10,17,0.05512498319149017,player-2,50,34,62,53
401,1,19,0.039125094190239906,player-1,1,2,5,1
401,2,22,0.07412489503622055,player-1,8,7,9,4
401,3,17,0.06637489423155785,player-1,14,13,9,8
401,4,17,0.05933293141424656,player-2,16,22,15,12
401,5,17,0.07479195483028889,player-3,24,28,21,12
401,6,17,0.04433305002748966,player-4,26,33,21,15
401,7,17,0.07320917211472988,player-1,32,36,26,18
401,8,17,0.05449983291327953,player-2,37,40,28,20
401,9,18,0.06883288733661175,player-4,40,44,38,24
401,10,17,0.05833315663039684,player-4,46,50,44,27
401,11,24,0.05050003528594971,player-4,50,50,46,33
401,12,17,0.0724999699741602,player-2,58,54,51,39
402,1,17,0.061125028878450394,player-2,9,6,4,3
402,2,17,0.03979192115366459,player-3,12,8,16,3
402,3,17,0.05154218524694443,player-4,12,9,18,7
402,4,18,0.05533290095627308,player-2,16,16,20,9
402,5,19,0.048457877710461617,player-4,20,17,22,12
402,6,17,0.052459072321653366,player-3,20,23,34,21
402,7,18,0.04854099825024605,player-1,22,27,39,28
402,8,17,0.06150011904537678,player-1,33,28,49,37
402,9,17,0.042291125282645226,player-2,35,34,53,39
402,10,19,0.0616670586168766,player-1,35,34,58,45
402,11,17,0.07416587322950363,player-4,42,34,69,51
403,1,17,0.06008404307067394,player-2,4,8,10,0
403,2,18,0.06624986417591572,player-4,11,19,14,5
403,3,17,0.05787494592368603,player-4,13,26,15,6
403,4,17,0.061374856159090996,player-1,17,28,23,14
403,5,17,0.0463330652564764,player-2,22,36,28,20
403,6,17,0.04249997437000275,player-3,23,37,35,22
403,7,19,0.06283307448029518,player-2,31,45,38,36
403,8,20,0.0730419997125864,player-4,31,49,50,44
403,9,17,0.04983297549188137,player-2,37,49,53,48
403,10,19,0.054958974942564964,player-1,42,52,61,52
404,1,17,0.04437495954334736,player-1,4,3,5,2
404,2,17,0.08070818148553371,player-2,8,7,14,5
404,3,18,0.041624996811151505,player-4,8,8,14,6
404,4,17,0.056999968364834785,player-4,11,11,18,13
404,5,17,0.053833937272429466,player-1,19,19,21,14
404,6,19,0.06424984894692898,player-4,20,21,27,24
404,7,26,0.05874992348253727,player-4,22,25,33,30
404,8,22,0.05150004290044308,player-1,24,26,33,37
404,9,22,0.057958997786045074,player-2,27,33,38,39
404,10,18,0.06529106758534908,player-3,28,35,39,44
404,11,22,0.04354212433099747,none,30,35,41,46
404,12,19,0.059959013015031815,player-2,31,39,45,49
404,13,18,0.052541960030794144,player-2,32,50,45,55
405,1,17,0.06737490184605122,player-3,5,1,2,3
405,2,18,6.044917041435838,player-1,15,15,18,9
405,3,18,0.05250005051493645,player-2,18,17,22,11
405,4,18,0.0477498397231102,player-3,18,18,25,11
405,5,20,0.04941597580909729,player-2,21,21,27,11
405,6,17,0.0488748773932457,player-4,23,23,35,13
405,7,17,0.049040885642170906,player-1,30,27,41,22
405,8,18,0.0716671347618103,player-3,37,38,47,33
405,9,24,0.048999907448887825,player-2,37,41,49,34
405,10,19,0.05000014789402485,player-2,39,43,52,40
405,11,19,0.04787486977875233,player-3,41,46,53,42
405,12,17,0.05483301356434822,player-2,45,49,54,45
405,13,27,0.0628340058028698,player-1,54,50,60,49
406,1,17,0.07674982771277428,player-2,4,4,7,1
406,2,17,0.05437503568828106,player-3,7,4,8,6
406,3,17,0.05445885471999645,player-4,10,8,13,15
406,4,17,0.06070896051824093,player-1,17,8,19,22
406,5,17,0.047666020691394806,player-2,17,14,19,24
406,6,20,0.047625042498111725,player-2,17,18,23,27
406,7,17,0.04791701212525368,player-4,19,20,25,33
406,8,19,0.04866695962846279,player-3,23,22,29,36
406,9,20,0.06287498399615288,player-1,34,26,31,37
406,10,17,0.0763752032071352,player-3,45,35,37,43
406,11,18,0.05625002086162567,player-1,49,40,37,47
406,12,24,0.05562487058341503,player-4,51,44,37,50
406,13,17,0.04070787690579891,player-2,56,47,37,51
406,14,17,0.05112495273351669,player-3,56,48,41,53
407,1,17,0.05112495273351669,player-2,4,5,0,3
407,2,18,0.0475000124424696,player-4,4,5,1,10
407,3,18,0.06074993871152401,player-1,9,9,5,14
407,4,17,0.06079208105802536,player-1,13,14,5,19
407,5,18,0.0452499371021986,player-3,18,18,8,22
407,6,19,0.06691715680062771,player-1,18,21,12,26
407,7,20,0.06762496195733547,player-3,21,23,22,30
407,8,21,0.059499870985746384,player-1,28,25,26,32
407,9,17,0.06999983452260494,player-2,33,33,30,43
407,10,17,0.06379187107086182,player-3,38,37,39,46
407,11,17,0.057208118960261345,player-4,41,38,43,59
407,12,17,0.04691607318818569,player-1,43,40,43,63
408,1,18,0.058416975662112236,player-2,3,3,0,5
408,2,18,0.03708386793732643,none,3,7,8,6
408,3,19,0.05195802077651024,player-1,5,8,13,10
408,4,18,0.06570899859070778,player-1,15,17,13,16
408,5,18,0.05766702815890312,player-2,16,19,16,18
408,6,18,0.047042034566402435,player-3,17,22,22,21
408,7,19,0.08241715840995312,player-1,26,27,24,28
408,8,22,0.05908403545618057,none,29,29,28,29
408,9,20,0.0838330015540123,player-4,33,29,33,39
408,10,18,0.09154179133474827,player-3,36,35,36,46
408,11,18,0.060374848544597626,player-4,38,40,39,49
408,12,19,0.056584132835268974,player-2,39,43,43,53
408,13,17,0.08791708387434483,player-1,48,51,45,62
409,1,18,0.051916809752583504,player-3,3,0,4,1
409,2,19,0.06220908835530281,player-1,11,2,11,4
409,3,21,0.06095808930695057,player-4,18,4,17,7
409,4,17,0.04349998198449612,player-1,24,10,21,8
409,5,17,0.07095886394381523,player-2,28,15,24,16
409,6,17,0.0727078877389431,player-3,30,22,29,25
409,7,18,0.05450006574392319,player-1,37,28,31,32
409,8,19,0.06070779636502266,player-3,41,31,36,35
409,9,18,0.04987511783838272,player-3,41,33,40,35
409,10,17,0.05541602149605751,player-3,43,35,47,41
409,11,18,0.05712499842047691,player-1,47,36,55,45
410,1,17,0.06450014188885689,player-2,2,13,2,2
410,2,17,0.05091610364615917,player-3,3,13,9,4
410,3,19,0.05675014108419418,player-2,6,20,12,7
410,4,19,0.05891709588468075,player-3,12,30,28,11
410,5,33,0.06870809011161327,none,15,35,28,13
410,6,17,0.05950010381639004,player-3,19,39,30,17
410,7,20,0.06174994632601738,player-3,21,39,33,20
410,8,18,0.05650008097290993,player-2,25,43,38,23
410,9,17,0.06125005893409252,player-2,31,44,45,27
410,10,18,0.04495796747505665,player-4,35,46,49,36
410,11,17,0.0628340058028698,player-4,42,46,60,37
411,1,17,0.06070802919566631,player-2,0,4,2,3
411,2,18,0.06050011143088341,player-4,6,4,7,5
411,3,17,0.05945819430053234,player-4,12,4,15,9
411,4,20,0.054459087550640106,player-4,17,12,21,16
411,5,18,0.04716613329946995,player-3,19,13,27,18
411,6,18,0.03816606476902962,none,25,13,29,24
411,7,17,0.050582922995090485,player-4,25,16,33,27
411,8,19,0.05091703496873379,player-3,29,17,35,27
411,9,17,0.06224983371794224,player-2,33,17,40,34
411,10,17,0.0679998192936182,player-3,35,27,41,38
411,11,17,0.06174994632601738,player-4,40,39,41,44
411,12,20,0.06699981167912483,player-4,43,40,46,50
411,13,20,0.08416688069701195,player-1,51,42,54,50
412,1,17,0.056625111028552055,player-3,7,0,6,6
412,2,20,0.06204098463058472,player-3,7,3,16,13
412,3,20,0.05516689270734787,player-4,10,5,22,16
412,4,18,0.058165984228253365,player-3,14,8,30,17
412,5,20,0.05087512545287609,player-2,18,16,33,18
412,6,22,0.04158401861786842,none,26,16,33,19
412,7,17,0.04016607999801636,player-1,31,17,34,21
412,8,17,0.055833952501416206,player-2,36,25,34,24
412,9,18,0.05083298310637474,player-4,36,29,38,30
412,10,17,0.04950002767145634,player-4,36,38,41,36
412,11,17,0.06229104474186897,player-1,37,50,41,43
412,12,20,0.04870793782174587,player-1,43,55,41,43
412,13,17,0.05408283323049545,player-3,47,57,46,47
413,1,17,0.05808309651911259,player-2,9,2,0,3
413,2,18,0.05324999801814556,player-4,14,3,1,11
413,3,17,0.05083298310637474,player-4,15,5,3,15
413,4,17,0.06083399057388306,player-1,16,9,5,18
413,5,17,0.05375011824071407,player-2,18,20,5,21
413,6,17,0.05870894528925419,player-3,21,21,9,28
413,7,17,0.04912493750452995,player-4,26,23,15,28
413,8,17,0.062417006120085716,player-1,26,25,19,33
413,9,17,0.04437495954334736,player-2,26,31,19,37
413,10,17,0.04479195922613144,player-3,29,31,22,41
413,11,17,0.048416899517178535,player-4,33,39,25,46
413,12,17,0.06333412602543831,player-1,43,44,27,50
413,13,17,0.05445815622806549,player-2,51,45,30,54
413,14,17,0.07149996235966682,player-3,64,45,34,59
414,1,17,0.0665830448269844,player-2,2,8,1,2
414,2,17,0.04895799793303013,player-3,5,10,5,6
414,3,19,0.053459079936146736,player-2,8,13,7,13
414,4,17,0.05224999040365219,player-1,11,19,7,19
414,5,17,0.06637489423155785,player-2,11,26,14,28
414,6,17,0.06987503729760647,player-3,12,32,18,29
414,7,18,0.06379187107086182,player-1,13,32,20,29
414,8,17,0.05537504330277443,player-1,15,33,20,38
414,9,17,0.05512498319149017,player-2,18,40,23,39
414,10,17,0.06712484173476696,player-3,26,40,29,42
414,11,17,0.059542013332247734,player-4,26,40,34,49
414,12,18,0.06095808930695057,player-2,31,50,40,50
415,1,17,0.06004190072417259,player-1,0,0,2,5
415,2,18,0.05566701292991638,player-3,4,3,10,8
415,3,19,0.0475000124424696,player-1,7,11,12,8
415,4,19,0.053374795243144035,player-2,11,19,12,10
415,5,17,0.05387491546571255,player-1,16,24,13,17
415,6,17,0.047042034566402435,player-2,16,26,16,20
415,7,17,0.04754099063575268,player-3,26,26,24,25
415,8,17,0.06145797669887543,player-4,27,30,25,31
415,9,20,0.05224999040365219,player-4,28,32,34,33
415,10,18,0.06045796908438206,player-3,29,35,44,38
415,11,19,0.05804095417261124,player-1,34,40,51,44
415,12,18,0.07575005292892456,player-1,40,43,58,48
415,13,17,0.038499943912029266,player-1,45,45,59,51
416,1,18,0.05016708746552467,player-4,0,4,5,1
416,2,17,0.04929210990667343,player-4,0,8,9,9
416,3,17,0.061125028878450394,player-1,7,10,14,18
416,4,17,0.05133403465151787,player-2,7,14,21,25
416,5,23,0.0814169179648161,player-1,22,21,25,36
416,6,18,0.059582991525530815,player-1,24,33,29,43
416,7,18,0.05866587162017822,player-2,25,45,37,43
416,8,18,0.05116686224937439,player-3,26,46,41,49
416,9,19,0.05991593934595585,player-1,37,56,42,52
417,1,17,0.04812492989003658,player-1,5,1,3,6
417,2,17,0.08558295667171478,player-2,18,6,8,13
417,3,17,0.0663751270622015,player-3,18,9,14,19
417,4,20,0.054541975259780884,player-3,21,10,16,21
417,5,17,0.07416587322950363,player-1,28,13,26,24
417,6,17,0.04520895890891552,player-2,31,21,30,24
417,7,17,0.07262500002980232,player-3,31,22,35,31
417,8,17,0.062125036492943764,player-4,32,28,39,39
417,9,27,0.06341701373457909,player-3,33,32,43,42
417,10,17,0.04595797508955002,player-2,37,41,47,42
417,11,18,0.058791134506464005,player-4,37,45,53,52
417,12,17,0.0475000124424696,player-4,38,47,55,63
418,1,19,0.0524159986525774,player-3,6,5,14,0
418,2,17,0.05350005812942982,player-2,8,12,18,4
418,3,18,0.05570892244577408,player-4,12,13,20,9
418,4,17,0.0499580055475235,player-4,14,14,24,16
418,5,17,0.09037507697939873,player-1,17,23,29,25
418,6,18,0.06150011904537678,player-3,28,25,38,30
418,7,17,0.05529192276299,player-3,31,26,42,30
418,8,17,0.08429097943007946,player-4,34,30,46,40
418,9,17,0.04466692917048931,player-1,42,36,49,42
418,10,18,0.046999892219901085,player-3,44,38,51,45
418,11,18,0.07758382707834244,player-4,46,39,52,50
418,12,18,0.06087496876716614,player-1,49,43,53,52
419,1,17,0.05625002086162567,player-1,6,5,7,2
419,2,18,0.046083005145192146,player-3,9,9,11,3
419,3,17,0.05429191514849663,player-3,12,12,19,4
419,4,17,0.06066705100238323,player-4,17,14,20,6
419,5,17,0.056374818086624146,player-1,20,20,30,9
419,6,18,0.06745802238583565,player-3,29,28,39,14
419,7,17,0.06291712634265423,player-3,33,33,47,18
419,8,18,0.05683302879333496,player-1,36,38,49,26
419,9,21,0.08270912803709507,player-1,42,52,50,30
419,10,17,0.06154179573059082,player-2,47,53,50,37
419,11,17,0.08183298632502556,player-3,47,58,54,40
420,1,18,0.06600003689527512,player-4,9,0,10,3
420,2,21,0.05324999801814556,player-4,11,1,14,6
420,3,17,0.052584102377295494,player-1,14,6,17,12
420,4,18,0.06541609764099121,player-3,15,12,26,15
420,5,18,0.05737505853176117,player-4,17,16,32,16
420,6,17,0.04579219967126846,player-4,18,19,32,25
420,7,20,0.06150011904537678,player-4,21,22,38,31
420,8,17,0.05395803600549698,player-2,21,25,38,37
420,9,19,0.044625019654631615,player-1,26,28,41,37
420,10,20,0.05866703577339649,player-3,27,31,47,41
420,11,17,0.06045796908438206,player-1,41,33,55,44
420,12,17,0.05145790055394173,player-2,45,39,59,46
421,1,17,0.044582877308130264,player-3,0,5,5,2
421,2,18,0.054999953135848045,player-1,8,5,9,6
421,3,17,0.06104190833866596,player-1,17,14,18,9
421,4,21,0.05187490023672581,player-2,18,15,21,10
421,5,17,0.0539170578122139,player-3,20,15,28,14
421,6,17,0.062125036492943764,player-4,20,18,37,20
421,7,18,0.059125013649463654,player-2,20,28,48,24
421,8,17,0.06612506695091724,player-2,24,36,54,31
421,9,17,0.05124998278915882,player-3,34,37,60,37
421,10,17,0.06266613490879536,player-4,36,42,60,41
421,11,17,0.06870809011161327,player-1,39,48,72,48
422,1,18,0.040790997445583344,none,3,0,1,2
422,2,18,0.05983305163681507,player-1,7,0,8,6
422,3,17,0.10304199531674385,player-1,11,7,14,16
422,4,18,0.05254102870821953,player-3,16,8,18,16
422,5,17,0.08145812898874283,player-3,23,11,28,18
422,6,17,0.05779089406132698,player-4,24,17,33,20
422,7,17,0.04724995233118534,player-1,28,17,38,28
422,8,17,0.06495811976492405,player-2,35,32,44,32
422,9,17,0.04783296026289463,player-3,38,41,45,33
422,10,17,0.07491698488593102,player-4,43,49,48,42
422,11,19,0.05425000563263893,player-3,49,53,52,47
423,1,17,0.06495905108749866,player-3,4,5,6,4
423,2,17,0.0502921175211668,player-4,6,6,9,6
423,3,17,0.0524159986525774,player-1,9,9,11,13
423,4,17,0.05550007335841656,player-2,15,15,12,15
423,5,17,0.05479203537106514,player-3,20,20,15,20
423,6,17,0.07412489503622055,player-4,24,29,17,36
423,7,17,0.0425421167165041,player-1,32,32,20,40
423,8,18,0.056499848142266273,player-3,36,35,25,42
423,9,17,0.04683295264840126,player-3,40,35,29,42
423,10,17,0.04666694439947605,player-4,43,40,31,46
423,11,19,0.06462493911385536,player-3,47,40,38,49
423,12,19,0.04587508738040924,player-4,51,44,41,51
423,13,18,0.05654105916619301,player-4,55,50,44,58
424,1,17,0.056541990488767624,player-3,4,2,8,0
424,2,18,0.07200008258223534,player-1,13,10,19,2
424,3,17,0.04991586320102215,player-1,13,10,21,11
424,4,25,0.06125005893409252,player-2,15,19,27,12
424,5,18,0.051541952416300774,player-4,16,24,31,20
424,6,17,0.05408306606113911,player-4,16,26,33,24
424,7,20,0.04991702735424042,player-4,17,29,35,30
424,8,18,0.05808309651911259,player-3,22,30,37,38
424,9,18,0.04237494431436062,player-4,22,32,39,42
424,10,17,0.05970778875052929,player-4,25,36,46,44
424,11,17,0.05466700531542301,player-1,33,44,46,45
424,12,17,0.04816707223653793,player-2,33,51,47,48
424,13,17,0.0516669824719429,player-3,40,53,50,48
425,1,19,0.056167133152484894,player-3,2,2,9,3
425,2,18,0.04700012505054474,player-3,5,8,13,4
425,3,17,0.06695790216326714,player-3,15,11,17,4
425,4,20,0.06154179573059082,player-3,22,11,23,9
425,5,23,0.07424992509186268,player-3,28,13,32,9
425,6,18,0.043625012040138245,player-3,28,14,33,10
425,7,17,0.057999975979328156,player-3,30,20,41,10
425,8,17,0.045208027586340904,player-4,33,20,43,12
425,9,18,0.04779198206961155,player-2,38,26,50,13
425,10,20,0.059791840612888336,player-1,47,28,56,17
426,1,17,0.052582938224077225,player-2,12,9,4,1
426,2,17,0.0461251474916935,player-3,12,14,10,2
426,3,20,0.0577499158680439,player-3,18,17,17,5
426,4,17,0.05287514068186283,player-1,23,19,17,9
426,5,18,0.045250169932842255,player-3,23,23,20,11
426,6,18,0.0527920201420784,player-4,23,30,24,21
426,7,20,0.05679205060005188,player-3,29,37,28,25
426,8,17,0.04587508738040924,player-1,33,41,28,26
426,9,17,0.06724987179040909,player-2,35,44,41,36
426,10,18,0.06254087202250957,player-4,44,46,41,36
426,11,17,0.04850002005696297,player-4,47,50,46,44
426,12,17,0.037708086892962456,player-1,51,50,50,45
427,1,17,0.050791073590517044,player-1,10,2,5,0
427,2,17,0.04933401942253113,player-2,17,9,8,0
427,3,17,0.06349990144371986,player-3,22,11,11,1
427,4,17,0.04850002005696297,player-4,31,11,15,8
427,5,17,0.04675006493926048,player-1,31,13,20,12
427,6,17,0.0413751695305109,player-2,33,17,28,12
427,7,20,0.04150019958615303,player-2,39,23,31,12
427,8,17,0.05070911720395088,player-4,39,25,33,18
427,9,19,0.049416907131671906,player-3,40,29,44,24
427,10,17,0.07770792581140995,player-2,44,31,52,31
427,11,18,0.051459064707159996,player-4,51,34,54,32
428,1,17,0.0577499158680439,player-3,3,10,8,6
428,2,17,0.07862504571676254,player-4,12,10,17,12
428,3,17,0.0475000124424696,player-1,18,10,19,15
428,4,17,0.05237502045929432,player-2,24,14,25,15
428,5,19,0.06125005893409252,player-1,28,16,28,21
428,6,19,0.05187490023672581,player-2,29,26,31,29
428,7,17,0.05100015550851822,player-1,31,31,33,31
428,8,25,0.062125036492943764,player-2,35,38,36,39
428,9,17,0.07887487299740314,player-3,41,42,39,47
428,10,21,0.059999991208314896,player-4,42,43,40,50
428,11,17,0.06087496876716614,player-1,46,49,44,53
429,1,17,0.052416929975152016,player-3,8,1,9,2
429,2,17,0.08374988101422787,player-4,11,1,10,10
429,3,17,0.07454212754964828,player-1,17,4,10,19
429,4,17,0.043833162635564804,player-2,17,6,14,23
429,5,17,0.0527920201420784,player-3,18,6,20,26
429,6,17,0.039416830986738205,player-4,24,10,20,28
429,7,17,0.05691614933311939,player-1,27,12,27,28
429,8,17,0.059333862736821175,player-2,30,18,34,32
429,9,17,0.03929203376173973,player-3,31,18,39,34
429,10,18,0.04954100586473942,player-1,34,22,43,37
429,11,17,0.05362485535442829,player-1,42,28,48,38
429,12,18,0.043625012040138245,player-3,42,29,48,43
429,13,17,0.04566693678498268,player-3,43,29,58,48
430,1,19,0.062000006437301636,player-2,5,10,10,0
430,2,19,0.04737498238682747,player-3,10,10,15,1
430,3,17,0.05337502807378769,player-2,11,13,21,7
430,4,17,0.05266699008643627,player-3,15,20,22,13
430,5,17,0.06412481889128685,player-4,16,26,22,24
430,6,17,0.059999991208314896,player-1,24,27,23,30
430,7,17,0.049999915063381195,player-2,28,34,28,37
430,8,18,0.048042042180895805,player-4,28,38,31,37
430,9,18,0.0527920201420784,player-1,31,44,34,37
430,10,17,0.04787486977875233,player-1,36,44,36,39
430,11,17,0.055999960750341415,player-2,38,51,43,44
430,12,17,0.06566685624420643,player-3,45,53,48,48
431,1,17,0.05029095336794853,player-3,0,6,6,2
431,2,17,0.044999876990914345,player-4,3,7,9,6
431,3,18,0.057666096836328506,player-2,6,8,12,12
431,4,18,0.044582877308130264,player-3,8,8,17,12
431,5,17,0.052999937906861305,player-3,8,11,18,16
431,6,21,0.04795799031853676,player-4,8,14,21,24
431,7,18,0.06170803681015968,player-2,10,15,25,29
431,8,18,0.05562487058341503,player-3,15,16,36,29
431,9,17,0.05920790135860443,player-3,22,23,38,36
431,10,19,0.06266706623136997,player-2,27,27,41,38
431,11,18,0.0453342217952013,player-2,29,32,43,45
431,12,19,0.05241716280579567,player-4,33,39,47,54
431,13,17,0.06741611286997795,player-3,36,41,50,55
431,14,17,0.05366699770092964,player-4,38,41,57,59
432,1,18,0.0682910904288292,player-2,5,2,0,8
432,2,17,0.058957841247320175,player-2,9,10,4,11
432,3,18,0.05512498319149017,player-4,15,10,8,12
432,4,20,0.055833952501416206,player-3,24,11,13,16
432,5,17,0.04875008016824722,player-1,32,18,15,16
432,6,20,0.04795799031853676,player-1,36,20,16,17
432,7,17,0.06116693839430809,player-3,38,25,18,17
432,8,19,0.045209191739559174,player-2,42,30,18,19
432,9,17,0.06545893847942352,player-1,46,30,26,24
432,10,17,0.04920782521367073,player-2,49,33,33,24
432,11,17,0.06566708907485008,player-3,53,47,36,29
432,12,21,0.05483301356434822,player-4,55,49,40,36
432,13,19,0.06074993871152401,player-3,57,51,49,42
433,1,19,0.041125109419226646,player-3,0,3,2,2
433,2,17,0.06591691635549068,player-2,0,7,5,4
433,3,18,0.05095801316201687,player-4,5,13,7,5
433,4,18,0.042667146772146225,player-1,5,19,7,9
433,5,17,0.0663751270622015,player-1,10,25,9,13
433,6,17,0.052040908485651016,player-2,10,29,12,21
433,7,17,0.052833929657936096,player-3,11,35,18,24
433,8,17,0.04704110324382782,player-4,13,36,18,28
433,9,24,0.046625034883618355,none,15,38,21,32
433,10,17,0.05687493830919266,player-2,17,43,21,32
433,11,17,0.06674998439848423,player-3,20,44,32,38
433,12,17,0.04800013266503811,player-4,22,46,36,38
433,13,24,0.05112495273351669,player-4,28,52,39,40
433,14,17,0.06791693158447742,player-2,29,58,43,48
434,1,17,0.0652919989079237,player-2,4,16,0,11
434,2,18,0.04958384670317173,player-4,7,21,3,14
434,3,19,0.047042034566402435,player-2,7,26,3,16
434,4,19,0.05312496796250343,player-3,11,32,9,16
434,5,18,0.06483285687863827,player-3,13,36,17,18
434,6,17,0.0688750296831131,player-3,17,38,17,21
434,7,17,0.04779198206961155,player-4,17,43,17,24
434,8,17,0.041499966755509377,player-1,22,45,17,25
434,9,17,0.050625065341591835,player-2,23,56,19,27
434,10,17,0.06374996155500412,player-3,30,60,31,31
434,11,17,0.047708163037896156,player-4,34,60,37,35
434,12,17,0.04474981687963009,player-1,38,61,37,36
434,13,18,0.0527501106262207,player-3,41,61,40,45
435,1,21,0.054040923714637756,player-1,11,6,10,5
435,2,18,0.03812485374510288,none,12,10,10,6
435,3,18,0.05575013346970081,player-4,14,14,14,15
435,4,19,0.059042125940322876,player-2,14,24,18,18
435,5,17,0.04675006493926048,player-1,22,24,23,20
435,6,18,0.043791020289063454,player-3,23,29,27,23
435,7,17,0.04354189150035381,player-3,26,37,30,25
435,8,18,0.06029196083545685,player-1,31,41,42,26
435,9,17,0.0402920413762331,player-1,40,41,44,28
435,10,17,0.061916885897517204,player-2,46,57,47,34
435,11,17,0.06445799954235554,player-3,53,57,53,45
436,1,17,0.049584079533815384,player-2,3,8,6,1
436,2,17,0.0602079089730978,player-3,7,12,13,1
436,3,18,0.05683302879333496,player-1,11,14,16,8
436,4,18,0.05220901221036911,player-2,14,20,20,11
436,5,17,0.05974993109703064,player-2,22,25,32,12
436,6,18,0.05691708065569401,player-4,22,29,40,23
436,7,17,0.05362485535442829,player-4,24,32,45,29
436,8,18,0.0513328704982996,player-2,28,40,45,34
436,9,22,0.05925004370510578,none,33,48,55,38
436,10,18,0.051958952099084854,player-4,35,49,59,44
436,11,22,0.07850001566112041,player-1,39,51,65,52
437,1,17,0.05533290095627308,player-4,2,4,2,9
437,2,20,0.053582945838570595,player-4,8,13,4,12
437,3,17,0.05345814861357212,player-2,8,19,6,17
437,4,17,0.04337518475949764,player-3,10,19,9,19
437,5,17,0.05304114893078804,player-4,10,21,9,24
437,6,17,0.05733408033847809,player-1,12,27,9,33
437,7,18,0.04941597580909729,player-3,16,27,17,33
437,8,17,0.04575005732476711,player-3,19,30,20,33
437,9,17,0.051666051149368286,player-4,19,33,24,37
437,10,17,0.05791708827018738,player-1,21,37,33,47
437,11,23,0.07358286529779434,player-4,27,38,35,48
437,12,17,0.05666702054440975,player-3,31,43,37,48
437,13,19,0.09429198689758778,player-2,40,51,43,56
438,1,17,0.0438750721514225,player-1,5,0,4,4
438,2,17,0.04804180935025215,player-2,9,6,7,6
438,3,31,0.06837514229118824,player-1,10,8,9,10
438,4,19,0.03937492147088051,player-2,12,15,13,10
438,5,21,0.04424992948770523,player-1,24,15,16,13
438,6,19,0.05329214036464691,player-4,29,17,18,20
438,7,17,0.04850002005696297,player-3,35,21,23,20
438,8,18,0.07741688750684261,player-1,39,25,30,27
438,9,21,0.06008311174809933,player-1,43,30,34,33
438,10,17,0.05925004370510578,player-2,47,37,36,42
438,11,17,0.05012494511902332,player-3,49,41,41,42
438,12,17,0.06387499161064625,player-4,54,50,46,53
439,1,17,0.043459003791213036,player-2,7,2,1,2
439,2,18,0.07025012746453285,player-4,11,7,16,13
439,3,17,0.055625103414058685,player-4,12,18,17,16
439,4,17,0.05675014108419418,player-1,13,23,24,20
439,5,18,0.06429199129343033,player-3,19,25,34,21
439,6,17,0.03941706381738186,player-3,22,25,37,21
439,7,17,0.05354220047593117,player-4,29,28,45,27
439,8,18,0.0527920201420784,player-2,37,33,47,31
439,9,18,0.05741720087826252,player-3,42,33,49,36
439,10,17,0.06216694600880146,player-3,47,36,50,37
439,11,18,0.05333311855792999,player-1,51,38,52,39
440,1,18,0.0575000885874033,player-4,3,0,1,8
440,2,17,0.06624986417591572,player-4,6,4,8,13
440,3,17,0.06333296187222004,player-1,14,6,13,16
440,4,17,0.045416876673698425,player-2,23,11,14,20
440,5,19,0.05587493069469929,player-1,28,13,15,21
440,6,17,0.04875008016824722,player-4,33,15,18,27
440,7,17,0.05808309651911259,player-1,41,18,23,35
440,8,17,0.056540826335549355,player-2,45,21,23,39
440,9,17,0.051625072956085205,player-3,46,25,29,39
440,10,17,0.05920790135860443,player-4,53,27,37,50
440,11,19,0.06754184141755104,player-3,54,29,43,58
440,12,17,0.06658420898020267,player-2,56,32,49,63
441,1,20,0.059374840930104256,player-2,3,6,4,7
441,2,20,0.11045788414776325,player-3,9,10,17,14
441,3,17,0.04616705700755119,player-1,12,12,17,16
441,4,18,0.06191595457494259,player-3,12,20,26,21
441,5,17,0.05350005812942982,player-3,17,27,29,25
441,6,17,0.06783404387533665,player-4,17,32,29,34
441,7,17,0.04770909436047077,player-1,22,33,32,37
441,8,18,0.06712507456541061,player-3,24,45,38,42
441,9,17,0.0541249755769968,player-3,24,50,42,43
441,10,17,0.0563750509172678,player-4,24,51,48,45
441,11,17,0.05529215559363365,player-1,25,51,55,47
441,12,18,0.04958314821124077,player-3,27,54,58,49
442,1,17,0.06508314982056618,player-1,5,5,6,8
442,2,18,0.06804103031754494,player-3,8,10,10,12
442,3,17,0.04529207944869995,player-3,10,10,13,15
442,4,17,0.05045882426202297,player-4,15,10,19,19
442,5,17,0.05587493069469929,player-1,20,14,19,20
442,6,18,0.051541952416300774,player-3,27,18,20,26
442,7,17,0.05266699008643627,player-3,29,19,23,32
442,8,18,0.04879198968410492,player-1,36,22,28,38
442,9,18,0.05124998278915882,player-2,42,24,30,43
442,10,17,0.06745918653905392,player-2,45,25,30,48
442,11,17,0.06983289495110512,player-3,47,32,36,52
442,12,17,0.05550007335841656,player-4,49,37,40,54
442,13,26,0.05170796066522598,player-2,52,39,46,57
442,14,17,0.07629115134477615,player-2,54,44,48,62
443,1,17,0.0624579843133688,player-1,5,5,10,4
443,2,17,0.07870886474847794,player-2,11,15,20,10
443,3,38,0.10483316145837307,player-4,11,32,23,21
443,4,17,0.05150004290044308,player-4,15,34,28,22
443,5,17,0.052999937906861305,player-1,18,34,29,28
443,6,18,0.056625111028552055,player-3,25,39,42,30
443,7,19,0.05924981087446213,player-1,30,45,43,34
443,8,17,0.05733408033847809,player-4,33,56,43,46
444,1,17,0.0525421928614378,player-2,6,0,3,6
444,2,17,0.0527920201420784,player-3,11,2,8,13
444,3,17,0.07379218004643917,player-4,17,10,10,22
444,4,17,0.05658390000462532,player-1,24,12,10,26
444,5,18,0.052584102377295494,player-3,27,14,14,34
444,6,17,0.05224999040365219,player-3,30,14,23,35
444,7,17,0.0377078540623188,player-4,31,14,25,37
444,8,17,0.05820789374411106,player-1,31,17,26,44
444,9,21,0.047999899834394455,none,35,20,30,47
444,10,19,0.06441585719585419,player-1,56,22,48,50
445,1,19,0.07770908996462822,player-3,3,4,12,6
445,2,17,0.05487515591084957,player-2,5,17,14,9
445,3,24,0.071333022788167,player-2,11,18,15,9
445,4,18,0.06954185664653778,player-1,14,23,22,18
445,5,17,0.055167125537991524,player-1,20,29,24,22
445,6,20,0.054541975259780884,player-1,21,37,27,30
445,7,18,0.05212496034801006,player-4,27,42,32,35
445,8,20,0.06070802919566631,player-3,33,44,44,37
445,9,21,0.06308290176093578,player-1,44,46,54,41
445,10,17,0.05087489262223244,player-2,48,56,54,45
446,1,17,0.04345807246863842,player-2,2,8,0,3
446,2,19,0.09091710671782494,player-1,8,14,3,10
446,3,17,0.04670792259275913,player-4,8,14,6,12
446,4,26,0.057208817452192307,player-2,11,17,7,18
446,5,18,0.050708185881376266,player-3,14,25,11,21
446,6,23,0.05350005812942982,player-1,15,28,12,23
446,7,17,0.05183299072086811,player-4,18,32,18,26
446,8,17,0.06929202936589718,player-1,21,38,19,32
446,9,18,0.04316703416407108,player-3,23,40,23,32
446,10,17,0.05916692316532135,player-3,28,46,28,37
446,11,18,0.05433405749499798,player-1,31,48,31,39
446,12,18,0.05595805123448372,player-2,37,58,35,48
447,1,17,0.06595905870199203,player-4,8,7,7,9
447,2,18,0.054165953770279884,player-2,16,13,11,20
447,3,17,0.05950010381639004,player-2,25,20,11,25
447,4,17,0.057625118643045425,player-3,31,20,15,28
447,5,19,0.05583302117884159,player-2,32,26,17,31
447,6,17,0.05320785567164421,player-1,43,28,24,31
447,7,18,0.03833393566310406,player-3,46,32,30,32
447,8,17,0.09020790457725525,player-3,52,43,37,32
447,9,17,0.041624996811151505,player-4,54,43,39,35
447,10,17,0.04075001925230026,player-1,58,43,40,39
447,11,17,0.04929210990667343,player-2,69,49,48,45
448,1,18,0.04787486977875233,player-2,2,8,2,4
448,2,17,0.056625111028552055,player-2,3,10,7,8
448,3,18,0.04474981687963009,player-4,6,13,11,11
448,4,28,0.07362500764429569,player-3,7,21,20,17
448,5,17,0.050459057092666626,player-1,9,23,24,18
448,6,24,0.053416937589645386,player-1,12,28,28,20
448,7,17,0.06170803681015968,player-3,15,34,32,20
448,8,18,0.04912493750452995,player-1,17,38,32,21
448,9,26,0.0577499158680439,player-2,19,41,32,24
448,10,18,0.056042103096842766,player-3,25,43,36,26
448,11,17,0.05108397454023361,player-3,27,50,43,32
448,12,18,0.05816691555082798,player-1,30,54,49,32
448,13,17,0.06329198367893696,player-1,44,55,60,36
449,1,17,0.05041598342359066,player-3,5,4,1,6
449,2,17,0.06808387115597725,player-4,7,4,9,8
449,3,17,0.06566708907485008,player-1,13,11,11,9
449,4,17,0.041291117668151855,player-2,18,13,13,13
449,5,19,0.06191595457494259,player-1,24,18,15,13
449,6,17,0.054999953135848045,player-4,27,21,21,16
449,7,17,0.045209191739559174,player-1,35,22,22,19
449,8,17,0.0627078115940094,player-2,37,27,27,19
449,9,18,0.05654105916619301,player-4,44,27,30,21
449,10,17,0.0438750721514225,player-4,44,30,32,22
449,11,17,0.04679197445511818,player-1,46,33,32,26
449,12,17,0.08737505413591862,player-2,51,35,36,36
449,13,17,0.05979207344353199,player-3,57,43,36,47
449,14,17,0.04383409395813942,player-4,57,46,38,49
449,15,20,0.05666702054440975,player-4,59,57,45,53
450,1,19,0.05150004290044308,player-4,3,5,5,6
450,2,17,0.05612499080598354,player-3,6,15,10,9
450,3,17,0.07129204459488392,player-4,15,16,13,13
450,4,17,0.05658390000462532,player-1,19,18,20,15
450,5,18,0.06804196164011955,player-3,23,21,22,17
450,6,17,0.0541249755769968,player-3,23,23,25,26
450,7,18,0.052999937906861305,player-1,30,25,29,27
450,8,20,0.057374825701117516,player-4,36,27,31,31
450,9,17,0.04549999721348286,player-2,39,28,32,32
450,10,17,0.057165976613759995,player-3,43,30,41,32
450,11,17,0.06804103031754494,player-4,50,38,43,33
450,12,19,0.052208080887794495,player-3,54,40,44,39
450,13,17,0.05333288572728634,player-2,59,45,50,41
451,1,18,0.03950018435716629,player-2,2,1,4,3
451,2,24,0.05625002086162567,player-1,8,5,8,8
451,3,17,0.05349982529878616,player-3,12,13,11,11
451,4,19,0.054042087867856026,player-2,18,16,16,11
451,5,17,0.05870894528925419,player-1,27,20,18,18
451,6,17,0.06070802919566631,player-2,35,23,19,20
451,7,22,0.05445815622806549,player-4,41,27,21,29
451,8,17,0.05066697485744953,player-4,41,30,25,35
451,9,17,0.05024997517466545,player-1,50,31,28,40
451,10,17,0.054374802857637405,player-2,50,34,28,42
451,11,18,0.06333389319479465,player-4,50,44,43,45
451,12,25,0.05629099905490875,player-4,51,46,45,50
451,13,17,0.06079208105802536,player-1,53,51,49,53
452,1,17,0.059416983276605606,player-1,8,2,3,2
452,2,17,0.05633290857076645,player-2,21,13,12,2
452,3,20,0.05150004290044308,player-2,23,16,15,3
452,4,17,0.06454205140471458,player-4,26,17,21,7
452,5,17,0.040624989196658134,player-1,28,21,22,8
452,6,19,0.06645801477134228,player-4,33,22,25,12
452,7,19,0.059750163927674294,player-1,37,24,29,19
452,8,17,0.05070795305073261,player-4,37,24,30,27
452,9,17,0.05350005812942982,player-1,38,24,38,34
452,10,17,0.06016693077981472,player-2,40,27,42,43
452,11,17,0.05804188549518585,player-3,46,27,46,48
452,12,17,0.05183299072086811,player-4,50,31,51,51
453,1,19,0.05291705019772053,player-1,1,3,6,3
453,2,20,0.05925004370510578,player-3,1,12,6,12
453,3,17,0.05945796146988869,player-1,5,14,6,12
453,4,20,0.060416990891098976,player-1,17,16,11,13
453,5,19,0.05633290857076645,player-1,18,18,11,18
453,6,17,0.05608308129012585,player-4,20,25,11,23
453,7,17,0.05274987779557705,player-1,30,25,13,26
453,8,17,0.07958407513797283,player-2,37,28,19,30
453,9,18,0.06354181095957756,player-4,44,35,24,34
453,10,17,0.04658312536776066,player-4,44,35,24,35
453,11,19,0.061583006754517555,player-3,52,42,25,41
453,12,17,0.05712499842047691,player-2,57,46,29,44
453,13,17,0.05037500523030758,player-3,57,51,36,47
453,14,17,0.05470914766192436,player-4,60,56,48,51
454,1,18,0.053416937589645386,player-1,3,4,2,2
454,2,18,0.05283299833536148,player-2,9,5,3,5
454,3,20,0.046083005145192146,player-1,17,8,5,5
454,4,18,0.05179084837436676,player-4,22,11,7,8
454,5,17,0.045208027586340904,player-4,27,12,7,13
454,6,17,0.05175010301172733,player-1,31,12,10,15
454,7,18,0.05575013346970081,player-3,32,15,12,17
454,8,17,0.042833853513002396,player-3,33,18,15,20
454,9,17,0.04375004209578037,player-4,37,20,18,21
454,10,17,0.05787494592368603,player-1,41,24,18,24
454,11,17,0.058374833315610886,player-2,46,26,19,28
454,12,17,0.04237494431436062,player-3,47,26,25,30
454,13,17,0.0452499371021986,player-4,51,27,26,32
454,14,17,0.05625002086162567,player-1,58,32,26,35
454,15,17,0.05879206582903862,player-2,64,36,28,37
454,16,18,0.0527501106262207,player-4,71,36,39,41
455,1,17,0.051167095080018044,player-1,1,0,3,5
455,2,17,0.05141599103808403,player-2,1,11,8,5
455,3,19,0.06358395330607891,player-1,4,11,10,15
455,4,17,0.04395795986056328,player-4,4,11,12,17
455,5,22,0.053165946155786514,player-2,5,19,14,23
455,6,17,0.041082967072725296,player-2,8,22,17,23
455,7,17,0.05104183219373226,player-3,8,25,21,28
455,8,18,0.05324999801814556,player-1,17,33,21,33
455,9,19,0.05183299072086811,player-3,26,36,22,35
455,10,18,0.057499855756759644,player-3,36,41,36,41
455,11,18,0.054540811106562614,player-4,40,41,38,51
455,12,17,0.05075009539723396,player-4,45,45,43,63
456,1,17,0.04874984733760357,player-4,6,4,5,5
456,2,19,0.07333303801715374,player-3,11,6,11,13
456,3,17,0.055625103414058685,player-2,15,8,14,15
456,4,20,0.0527920201420784,player-2,15,13,15,19
456,5,19,0.0613329466432333,player-2,15,17,19,22
456,6,18,0.04287506453692913,player-2,17,19,21,27
456,7,18,0.044999876990914345,player-3,19,23,22,29
456,8,17,0.04866695962846279,player-3,22,27,35,30
456,9,20,0.04770909436047077,player-3,22,27,39,33
456,10,17,0.05145790055394173,player-1,26,29,48,39
456,11,18,0.06900005973875523,player-3,35,31,59,40
456,12,19,0.04370906390249729,player-1,40,31,63,42
457,1,17,0.05191704258322716,player-4,3,3,3,2
457,2,17,0.05712499842047691,player-1,7,9,6,2
457,3,17,0.060165999457240105,player-2,16,12,6,9
457,4,17,0.05270889960229397,player-3,17,12,12,11
457,5,20,0.05874992348253727,player-3,20,12,23,15
457,6,17,0.05625002086162567,player-1,25,17,26,18
457,7,18,0.05595805123448372,player-3,33,26,30,18
457,8,17,0.05112518556416035,player-3,33,33,39,20
457,9,17,0.05058315582573414,player-4,36,36,45,29
457,10,18,0.05925004370510578,player-2,40,41,48,32
457,11,17,0.04987511783838272,player-2,45,42,53,37
457,12,17,0.06291619502007961,player-3,45,44,56,40
458,1,17,0.051042065024375916,player-2,2,6,2,5
458,2,18,0.05924981087446213,player-4,6,9,6,8
458,3,17,0.05870801396667957,player-4,12,11,10,16
458,4,18,0.051541952416300774,player-2,14,15,12,18
458,5,24,0.05737505853176117,player-1,19,18,14,23
458,6,17,0.04133395850658417,player-3,21,20,16,23
458,7,17,0.0477079302072525,player-4,22,23,25,28
458,8,17,0.05045812577009201,player-1,27,23,28,30
458,9,17,0.057958997786045074,player-2,30,36,34,36
458,10,17,0.05570799112319946,player-3,37,39,39,39
458,11,17,0.03666686825454235,player-4,37,42,39,46
458,12,17,0.051042065024375916,player-1,52,48,40,49
458,13,19,0.05920883268117905,player-4,58,50,42,52
459,1,17,0.0700000673532486,player-3,4,8,6,4
459,2,19,0.05712499842047691,player-2,4,13,7,7
459,3,19,0.08204206824302673,player-3,5,20,18,16
459,4,18,0.06745895370841026,player-3,5,29,27,26
459,5,17,0.0527920201420784,player-3,7,33,30,27
459,6,17,0.06683403626084328,player-4,13,35,33,32
459,7,17,0.048042042180895805,player-1,18,37,33,33
459,8,17,0.05133403465151787,player-2,24,40,33,39
459,9,17,0.05575013346970081,player-3,26,44,38,43
459,10,17,0.04829186946153641,player-4,31,50,40,47
459,11,17,0.05250005051493645,player-1,36,59,45,63
460,1,18,0.05966587923467159,player-4,9,0,3,8
460,2,19,0.06337510421872139,player-2,11,3,7,10
460,3,17,0.05133310332894325,player-1,17,3,15,11
460,4,18,0.049083027988672256,player-3,20,5,16,12
460,5,20,0.059208134189248085,player-2,26,7,22,12
460,6,17,0.0452499371021986,player-4,28,8,22,20
460,7,17,0.059957848861813545,player-1,33,10,22,25
460,8,17,0.06379187107086182,player-2,33,11,25,30
460,9,17,0.053541967645287514,player-3,38,20,32,35
460,10,17,0.0541249755769968,player-4,45,22,33,43
460,11,20,0.05087489262223244,player-4,47,24,41,46
460,12,17,0.05445792339742184,player-2,54,29,46,46
461,1,17,0.06025005131959915,player-4,6,5,8,3
461,2,17,0.05658390000462532,player-1,11,5,16,3
461,3,17,0.05508400499820709,player-2,12,11,18,4
461,4,19,0.05608284845948219,player-1,15,16,19,8
461,5,17,0.05762488581240177,player-4,23,16,26,14
461,6,18,0.048999907448887825,player-2,32,22,31,18
461,7,20,0.06866687908768654,player-1,32,29,34,32
461,8,19,0.07404107600450516,player-1,44,31,40,38
461,9,17,0.05966611206531525,player-4,53,34,43,47
461,10,17,0.05450006574392319,player-1,59,38,47,57
462,1,17,0.05487492308020592,player-4,3,5,11,10
462,2,18,0.05504186265170574,player-2,6,9,15,15
462,3,20,0.08637504652142525,player-1,11,13,17,19
462,4,17,0.04070904105901718,player-3,13,16,21,20
462,5,17,0.052665825933218,player-4,17,20,25,23
462,6,20,0.05570799112319946,player-4,19,28,33,29
462,7,17,0.0416669063270092,player-2,25,30,36,33
462,8,17,0.06270897574722767,player-3,38,35,45,36
462,9,17,0.054791802540421486,player-4,44,40,52,37
462,10,17,0.07045804522931576,player-1,47,51,52,45
462,11,19,0.055208103731274605,player-4,47,54,55,51
463,1,17,0.06025005131959915,player-2,1,4,2,4
463,2,19,0.07570907473564148,player-1,6,14,7,12
463,3,19,0.05449983291327953,player-2,6,22,10,14
463,4,17,0.06583286449313164,player-1,15,22,19,22
463,5,17,0.051083043217659,player-2,18,25,19,27
463,6,19,0.059416983276605606,player-1,25,25,26,30
463,7,18,0.04958384670317173,player-1,26,30,30,30
463,8,17,0.05045789293944836,player-1,30,33,33,30
463,9,20,0.040207989513874054,none,30,35,33,35
463,10,17,0.04879198968410492,player-3,36,38,43,39
463,11,17,0.05129212513566017,player-4,38,40,46,47
463,12,18,0.04337495192885399,player-2,40,42,46,54
463,13,17,0.0452499371021986,player-2,45,45,47,55
464,1,18,0.07183407433331013,player-3,5,10,3,5
464,2,17,0.07449998520314693,player-3,15,13,15,9
464,3,18,0.05700020119547844,player-1,15,17,19,12
464,4,25,0.05350005812942982,none,18,19,21,12
464,5,24,0.057165976613759995,none,18,23,21,14
464,6,27,0.08279201574623585,player-1,24,28,27,25
464,7,17,0.050666043534874916,player-4,26,28,31,32
464,8,18,0.08104206062853336,player-2,28,37,37,44
464,9,19,0.058542005717754364,player-4,30,42,39,48
464,10,18,0.08041691035032272,player-4,33,47,43,54
465,1,17,0.059499870985746384,player-1,5,6,7,3
465,2,17,0.06704102270305157,player-2,10,17,17,12
465,3,20,0.05529192276299,player-2,12,23,19,15
465,4,19,0.06537511944770813,player-2,15,28,21,19
465,5,17,0.05291705019772053,player-1,19,34,21,27
465,6,17,0.052999937906861305,player-2,22,37,27,27
465,7,17,0.052666058763861656,player-3,23,39,29,27
465,8,19,0.052582938224077225,player-2,24,43,33,29
465,9,17,0.05804188549518585,player-1,27,53,36,35
465,10,17,0.0524159986525774,player-2,28,61,38,42
466,1,17,0.06600003689527512,player-1,2,5,4,11
466,2,17,0.040041981264948845,player-2,5,7,5,14
466,3,18,0.04087504930794239,player-4,10,9,7,20
466,4,17,0.04583294503390789,player-4,12,13,7,23
466,5,18,0.057499855756759644,player-2,16,19,11,23
466,6,17,0.04000007174909115,player-2,16,26,11,25
466,7,21,0.06187497638165951,player-3,19,30,22,25
466,8,17,0.11170795187354088,player-4,27,38,26,31
466,9,17,0.0399579294025898,player-1,28,38,29,32
466,10,18,0.06845803000032902,player-3,28,39,39,32
466,11,17,0.055040931329131126,player-3,31,43,46,38
466,12,17,0.05779089406132698,player-4,37,47,54,40
466,13,17,0.053999945521354675,player-1,48,59,63,40
467,1,17,0.04895799793303013,player-1,16,4,5,0
467,2,18,0.058499863371253014,player-3,18,15,10,1
467,3,17,0.062417006120085716,player-3,22,23,16,7
467,4,17,0.05133310332894325,player-4,25,29,18,15
467,5,17,0.05224999040365219,player-1,30,33,22,15
467,6,18,0.06291619502007961,player-3,36,40,30,20
467,7,22,0.06999983452260494,player-4,39,51,36,21
467,8,19,0.046416884288191795,player-2,40,57,36,25
467,9,17,0.0480839516967535,player-1,49,58,36,28
467,10,17,0.059125013649463654,player-2,51,59,41,30
467,11,18,0.04304107278585434,player-4,51,61,43,35
467,12,18,0.07083406671881676,player-1,55,63,47,37
468,1,17,0.04854192957282066,player-3,3,4,3,0
468,2,18,0.05470798350870609,player-1,8,10,16,2
468,3,17,0.06258301436901093,player-1,18,10,21,9
468,4,17,0.05495804361999035,player-2,22,20,24,21
468,5,18,0.040207989513874054,player-4,24,23,27,23
468,6,18,0.04766695201396942,player-1,31,25,31,28
468,7,17,0.0541249755769968,player-1,38,28,40,32
468,8,18,0.062166014686226845,player-3,40,33,44,36
468,9,18,0.06337487138807774,player-4,43,36,46,47
468,10,18,0.054042087867856026,player-1,45,36,47,49
468,11,18,0.049582915380597115,player-2,51,48,47,49
468,12,19,0.04708394408226013,player-4,55,48,48,57
469,1,20,0.04479195922613144,player-4,2,6,2,3
469,2,17,0.04591583274304867,player-2,3,14,2,4
469,3,18,0.06574997678399086,player-4,9,14,16,9
469,4,17,0.06491690874099731,player-4,16,14,25,12
469,5,19,0.06579188629984856,player-3,21,24,26,13
469,6,17,0.047666020691394806,player-2,24,25,30,16
469,7,17,0.05379202775657177,player-3,26,25,36,19
469,8,17,0.060999998822808266,player-4,31,33,40,37
469,9,21,0.05874992348253727,player-1,34,37,43,40
469,10,19,0.05558389239013195,player-4,40,40,45,50
469,11,18,0.06050011143088341,player-4,40,41,46,52
469,12,18,0.06616697646677494,player-1,42,46,52,58
470,1,17,0.0916668213903904,player-4,0,3,3,6
470,2,17,0.056999968364834785,player-1,8,5,5,8
470,3,17,0.04800013266503811,player-2,15,6,5,10
470,4,17,0.055042095482349396,player-3,19,10,13,15
470,5,26,0.05133403465151787,none,19,11,15,18
470,6,17,0.048083020374178886,player-1,26,14,15,23
470,7,17,0.060416990891098976,player-2,39,17,21,36
470,8,17,0.05083298310637474,player-3,39,22,24,43
470,9,17,0.05150004290044308,player-4,45,23,28,47
470,10,19,0.0602921936661005,player-3,53,27,32,49
470,11,18,0.05324999801814556,player-3,54,30,34,53
470,12,18,0.06858306005597115,player-4,57,34,35,56
470,13,23,0.07349997758865356,player-2,61,42,43,56
471,1,19,0.07379218004643917,player-2,0,4,6,2
471,2,19,0.05879090167582035,player-3,9,7,13,8
471,3,17,0.04841713234782219,player-2,15,12,16,9
471,4,17,0.050208065658807755,player-3,17,17,19,11
471,5,17,0.06337510421872139,player-4,26,18,25,18
471,6,17,0.03883405588567257,player-1,30,22,28,18
471,7,17,0.05708402022719383,player-2,31,31,33,33
471,8,18,0.05370797589421272,player-4,34,35,36,36
471,9,20,0.05904189310967922,player-3,39,48,37,39
471,10,17,0.05016685463488102,player-1,46,49,40,42
471,11,20,0.05587516352534294,player-1,47,58,40,42
472,1,17,0.05058315582573414,player-1,3,6,1,0
472,2,17,0.06316602230072021,player-2,7,14,2,1
472,3,17,0.052666058763861656,player-3,11,18,9,2
472,4,18,0.05687493830919266,player-1,13,25,13,6
472,5,18,0.0677080824971199,player-2,18,36,13,11
472,6,21,0.062208157032728195,player-2,26,40,16,20
472,7,18,0.049999915063381195,player-4,26,41,21,23
472,8,17,0.0764590222388506,player-4,35,45,24,23
472,9,17,0.059625133872032166,player-1,53,45,27,24
472,10,17,0.06966688670217991,player-2,61,49,34,28
472,11,17,0.06033317185938358,player-3,68,51,42,32
473,1,17,0.05566701292991638,player-3,0,2,6,4
473,2,23,0.05833292379975319,none,7,5,15,8
473,3,17,0.0637909397482872,player-1,10,15,19,13
473,4,18,0.05754106678068638,player-3,16,15,24,13
473,5,18,0.04929094575345516,player-4,22,15,34,20
473,6,18,0.06533297710120678,player-1,24,17,41,21
473,7,18,0.07133395411074162,player-2,31,21,47,31
473,8,17,0.05562487058341503,player-2,40,23,52,31
473,9,20,0.06162491627037525,player-2,43,29,54,38
473,10,18,0.05708308890461922,player-1,54,35,62,49
474,1,22,0.07204106077551842,player-1,7,1,6,17
474,2,17,0.05720905028283596,player-1,17,1,8,21
474,3,19,0.05129189230501652,player-4,20,1,12,28
474,4,18,0.054957810789346695,player-4,23,2,17,39
474,5,18,0.05320901982486248,player-1,27,8,24,43
474,6,17,0.04504108801484108,player-1,28,10,25,48
474,7,17,0.058499863371253014,player-2,33,17,31,54
474,8,17,0.04587485454976559,player-3,33,17,42,54
474,9,20,0.05287490785121918,player-3,33,21,45,61
474,10,17,0.042708124965429306,player-1,38,23,45,62
474,11,19,0.056167133152484894,player-4,42,28,55,70
474,12,17,0.0425002072006464,player-3,42,33,56,72
475,1,20,0.0797088723629713,player-1,8,2,12,5
475,2,17,0.04449998959898949,player-3,13,2,16,5
475,3,18,0.0563331414014101,player-1,15,5,16,10
475,4,19,0.05425000563263893,player-3,18,9,25,12
475,5,20,0.056416960433125496,player-1,24,12,31,15
475,6,17,0.0552500132471323,player-3,26,22,31,19
475,7,17,0.05250005051493645,player-4,33,26,33,22
475,8,17,0.06895908154547215,player-1,41,27,43,27
475,9,17,0.054957810789346695,player-2,43,33,45,27
475,10,18,0.07062498480081558,player-4,43,39,52,39
475,11,18,0.052208080887794495,player-1,45,46,52,39
475,12,25,0.05450006574392319,player-1,51,49,52,43
476,1,18,0.04879198968410492,player-1,11,6,0,9
476,2,17,0.05429191514849663,player-1,14,7,2,12
476,3,17,0.04924996756017208,player-2,16,15,2,16
476,4,17,0.06949994713068008,player-3,25,23,4,16
476,5,20,0.06333296187222004,player-3,33,29,6,25
476,6,20,0.05383300594985485,player-4,38,31,9,27
476,7,17,0.05112518556416035,player-2,46,37,18,27
476,8,19,0.04349998198449612,player-1,51,40,20,27
476,9,17,0.04966696724295616,player-4,56,40,23,34
476,10,17,0.05979207344353199,player-1,58,47,26,38
476,11,17,0.0477079302072525,player-2,65,48,26,41
476,12,19,0.05158386193215847,player-1,69,48,27,44
476,13,20,0.056541990488767624,player-3,69,54,32,47
477,1,19,0.06512505933642387,player-1,3,0,4,2
477,2,21,0.052333809435367584,player-4,5,4,4,5
477,3,17,0.044665997847914696,player-1,11,6,7,10
477,4,17,0.06566708907485008,player-2,18,14,13,14
477,5,17,0.05454104393720627,player-3,27,16,22,21
477,6,19,0.05787494592368603,player-2,30,28,31,30
477,7,17,0.06520794704556465,player-1,37,28,31,30
477,8,18,0.051625072956085205,player-3,38,31,38,37
477,9,25,0.08204206824302673,player-3,47,36,42,41
477,10,17,0.056916847825050354,player-4,50,42,42,47
477,11,17,0.04937499761581421,player-1,59,44,46,51
478,1,18,0.05129212513566017,player-3,5,2,7,10
478,2,17,0.04295795224606991,player-3,7,3,18,10
478,3,17,0.03958307206630707,player-4,10,7,18,11
478,4,17,0.054625095799565315,player-1,15,12,24,12
478,5,17,0.04641595296561718,player-2,15,22,26,16
478,6,16,0.0339169055223465,none,22,24,26,16
478,7,17,0.04287506453692913,player-4,22,26,26,20
478,8,17,0.04824995994567871,player-1,24,29,32,21
478,9,18,0.06370781920850277,player-3,32,33,36,22
478,10,17,0.052999937906861305,player-3,35,39,42,25
478,11,19,0.04679197445511818,player-2,35,42,43,29
478,12,17,0.05874992348253727,player-1,38,42,43,38
478,13,17,0.05629193037748337,player-2,39,49,46,39
478,14,18,0.0610831193625927,player-4,44,57,48,42
478,15,18,0.051625072956085205,player-1,49,59,50,45
479,1,17,0.06316695362329483,player-4,0,9,4,11
479,2,18,0.06579095497727394,player-2,2,19,7,16
479,3,18,0.04933308809995651,player-3,4,22,8,18
479,4,18,0.04441593773663044,player-4,4,25,12,20
479,5,18,0.0592090655118227,player-1,7,26,18,22
479,6,18,0.056958990171551704,player-2,14,29,22,27
479,7,18,0.060957856476306915,player-3,19,36,28,35
479,8,18,0.054915901273489,player-4,27,42,29,45
479,9,17,0.059416983276605606,player-4,32,51,32,62
480,1,17,0.043208012357354164,player-2,2,6,2,0
480,2,17,0.06754114292562008,player-3,6,16,9,4
480,3,17,0.05495804361999035,player-4,6,24,13,6
480,4,19,0.05362485535442829,player-3,13,28,15,11
480,5,21,0.07162499241530895,player-2,17,36,15,17
480,6,17,0.06783287972211838,player-3,19,38,22,20
480,7,17,0.051667215302586555,player-4,27,49,26,28
480,8,18,0.05449983291327953,player-2,31,53,26,28
480,9,18,0.04870910197496414,player-3,32,53,32,31
480,10,17,0.048208050429821014,player-3,37,53,40,32
480,11,18,0.06679189391434193,player-1,42,61,43,35
480,12,17,0.047582900151610374,player-1,44,63,51,35
480,13,17,0.05187513306736946,player-2,46,67,53,42
481,1,17,0.05220901221036911,player-3,0,1,2,4
481,2,17,0.05791592411696911,player-4,0,3,7,14
481,3,17,0.06079091690480709,player-1,6,8,11,19
481,4,20,0.07333396933972836,player-1,12,14,15,26
481,5,19,0.061625149101018906,player-1,18,19,20,28
481,6,17,0.05045812577009201,player-4,20,21,23,35
481,7,17,0.05187490023672581,player-1,34,21,26,35
481,8,17,0.07687509059906006,player-2,38,24,33,35
481,9,17,0.04941713996231556,player-3,40,25,40,35
481,10,18,0.04133395850658417,player-1,42,28,44,38
481,11,17,0.05687493830919266,player-1,45,32,48,42
481,12,24,0.049042049795389175,player-1,50,34,49,47
481,13,17,0.05033309571444988,player-3,50,37,56,47
482,1,18,0.04824995994567871,player-3,6,3,4,0
482,2,17,0.060999998822808266,player-3,9,9,9,4
482,3,17,0.049042049795389175,player-4,12,11,16,11
482,4,17,0.07358286529779434,player-1,19,11,21,17
482,5,17,0.057541998103260994,player-2,26,15,21,20
482,6,18,0.06279186345636845,player-4,26,21,21,31
482,7,17,0.046582892537117004,player-4,26,23,22,32
482,8,21,0.07708300836384296,none,28,23,29,32
482,9,17,0.0627920962870121,player-2,33,31,32,39
482,10,18,0.05683302879333496,player-4,33,36,36,47
482,11,18,0.04379195161163807,player-1,34,38,39,48
482,12,18,0.04875008016824722,player-2,38,43,45,51
482,13,17,0.046208035200834274,player-2,41,45,47,53
482,14,18,0.06070802919566631,player-4,49,47,54,54
483,1,17,0.06204191595315933,player-4,7,2,5,7
483,2,17,0.048791058361530304,player-1,17,4,14,7
483,3,17,0.04433281719684601,player-2,20,7,19,10
483,4,17,0.05720905028283596,player-3,27,9,23,11
483,5,17,0.08508306927978992,player-4,40,17,31,22
483,6,17,0.04924996756017208,player-1,43,21,37,27
483,7,17,0.0552500132471323,player-2,45,28,39,32
483,8,18,0.05425000563263893,player-4,46,31,41,33
483,9,17,0.0488748773932457,player-4,49,38,46,45
483,10,22,0.06270804442465305,player-2,55,39,48,51
484,1,17,0.04187505692243576,player-4,1,2,2,4
484,2,20,0.07524993270635605,player-4,4,6,10,14
484,3,17,0.06066588684916496,player-2,8,13,10,20
484,4,17,0.06074993871152401,player-3,16,15,16,25
484,5,18,0.05095801316201687,player-1,24,24,16,27
484,6,17,0.04975008778274059,player-1,29,30,17,34
484,7,17,0.04887511022388935,player-2,30,35,21,35
484,8,29,0.07783295586705208,player-3,30,35,33,37
484,9,19,0.058165984228253365,player-2,34,42,39,43
484,10,17,0.043084146454930305,player-1,44,42,40,43
484,11,17,0.048833200708031654,player-2,49,48,44,46
484,12,19,0.05983305163681507,player-1,56,54,47,47
485,1,32,0.0677499920129776,player-4,6,6,0,6
485,2,17,0.07049995474517345,player-2,6,8,5,12
485,3,18,0.05208281800150871,player-4,15,10,8,19
485,4,19,0.08091703057289124,player-2,19,12,13,25
485,5,17,0.04433305002748966,player-1,23,15,15,27
485,6,17,0.047625042498111725,player-2,27,17,17,30
485,7,17,0.04941713996231556,player-3,28,17,23,34
485,8,17,0.06425008177757263,player-4,30,22,28,39
485,9,17,0.053666066378355026,player-1,33,24,33,46
485,10,18,0.06725010462105274,player-3,41,27,39,54
485,11,17,0.049416907131671906,player-3,41,33,46,61
485,12,17,0.08733384311199188,player-4,51,35,49,69
486,1,17,0.06458279676735401,player-3,3,1,18,0
486,2,17,0.06970786489546299,player-4,4,6,20,2
486,3,18,0.06725010462105274,player-2,9,16,23,12
486,4,18,0.047625042498111725,player-3,12,17,23,12
486,5,21,0.051083043217659,player-3,14,23,26,13
486,6,17,0.049416907131671906,player-4,14,30,26,28
486,7,18,0.05266699008643627,player-2,14,31,28,35
486,8,18,0.06320816464722157,player-3,14,32,39,35
486,9,17,0.050083035603165627,player-3,15,35,44,37
486,10,25,0.07004197686910629,player-4,17,42,46,40
486,11,17,0.06754184141755104,player-1,20,45,50,47
486,12,17,0.059208134189248085,player-2,31,47,58,48
486,13,17,0.05170796066522598,player-3,33,54,66,54
487,1,17,0.052999937906861305,player-4,4,0,0,3
487,2,22,0.0653339084237814,player-2,11,1,6,13
487,3,18,0.05674990825355053,player-3,14,3,16,17
487,4,17,0.06174994632601738,player-3,17,6,23,19
487,5,17,0.05712499842047691,player-4,19,13,25,22
487,6,17,0.059208134189248085,player-1,21,27,29,24
487,7,17,0.042667146772146225,player-2,23,32,31,27
487,8,18,0.05516689270734787,player-4,29,34,35,30
487,9,18,0.05204183980822563,player-1,32,34,38,33
487,10,19,0.05083414725959301,player-3,36,41,42,39
487,11,21,0.05270820111036301,player-2,41,47,44,42
487,12,17,0.04650000482797623,player-3,43,53,45,44
487,13,17,0.05737505853176117,player-4,43,56,49,45
488,1,17,0.060582999140024185,player-1,16,9,7,5
488,2,18,0.057042110711336136,player-3,21,10,11,11
488,3,17,0.04187505692243576,player-3,21,16,21,13
488,4,17,0.042416853830218315,player-4,21,16,22,22
488,5,20,0.049459049478173256,player-4,27,17,28,23
488,6,19,0.04924996756017208,none,33,19,31,32
488,7,17,0.03879214636981487,player-3,35,20,38,32
488,8,17,0.051999930292367935,player-4,37,21,48,34
488,9,18,0.050165923312306404,player-2,43,29,56,36
488,10,18,0.05829217843711376,player-3,51,33,67,38
489,1,17,0.058542005717754364,player-3,3,5,3,0
489,2,17,0.06466708146035671,player-4,3,11,9,9
489,3,17,0.04354189150035381,player-1,5,12,11,11
489,4,17,0.04558311775326729,player-2,9,14,13,14
489,5,17,0.046208035200834274,player-3,10,19,19,16
489,6,21,0.054999953135848045,player-4,10,21,20,30
489,7,17,0.042625004425644875,player-1,15,21,20,32
489,8,19,0.05608401261270046,player-4,19,25,26,37
489,9,18,0.05725002847611904,player-4,24,30,29,44
489,10,19,0.05675014108419418,player-2,28,36,32,48
489,11,17,0.056833960115909576,player-1,37,38,36,53
489,12,20,0.09758397936820984,player-1,45,45,51,71
490,1,17,0.05033309571444988,player-3,4,3,5,0
490,2,17,0.04833401180803776,player-4,5,5,5,10
490,3,17,0.0790830235928297,player-1,12,8,13,11
490,4,17,0.06050011143088341,player-2,18,15,15,11
490,5,17,0.08545792661607265,player-3,26,18,26,15
490,6,17,0.061416998505592346,player-4,29,18,31,23
490,7,17,0.08516712114214897,player-1,33,18,37,23
490,8,17,0.054416945204138756,player-2,37,21,42,30
490,9,17,0.06933300755918026,player-3,41,26,49,31
490,10,17,0.05433405749499798,player-4,45,27,55,35
491,1,17,0.056625111028552055,player-1,5,1,4,1
491,2,17,0.07395795546472073,player-2,8,11,8,5
491,3,17,0.0627920962870121,player-3,10,18,13,6
491,4,17,0.052541960030794144,player-4,12,21,23,9
491,5,17,0.050291186198592186,player-1,17,30,23,17
491,6,17,0.04833308048546314,player-2,17,43,23,23
491,7,17,0.04349998198449612,player-3,18,45,27,23
491,8,17,0.042625004425644875,player-4,20,46,31,30
491,9,23,0.05850009620189667,player-3,21,51,36,32
491,10,17,0.051042065024375916,player-2,28,58,36,36
491,11,17,0.06316718645393848,player-3,28,61,41,42
492,1,17,0.059625133872032166,player-1,0,3,5,2
492,2,18,0.04833284765481949,player-3,5,5,10,5
492,3,17,0.0477079302072525,player-3,6,10,16,7
492,4,17,0.060542020946741104,player-4,7,14,22,14
492,5,17,0.0541668850928545,player-1,21,19,28,23
492,6,21,0.06087496876716614,player-2,27,24,32,24
492,7,18,0.07004197686910629,player-4,35,26,35,34
492,8,17,0.07629208266735077,player-4,42,34,42,41
492,9,18,0.04554190672934055,player-2,42,40,44,42
492,10,18,0.05670799873769283,player-3,47,45,53,47
493,1,19,0.05204114131629467,player-1,6,0,11,0
493,2,21,0.05408306606113911,player-4,8,2,13,3
493,3,17,0.05495804361999035,player-1,14,5,15,5
493,4,17,0.04375004209578037,player-2,14,9,18,6
493,5,18,0.04983297549188137,player-4,17,10,22,14
493,6,17,0.045999884605407715,player-4,20,14,26,19
493,7,17,0.05741720087826252,player-1,25,14,33,28
493,8,17,0.05229096859693527,player-2,28,18,35,37
493,9,17,0.0516669824719429,player-3,30,22,39,37
493,10,18,0.04779081791639328,player-1,41,23,39,39
493,11,17,0.06154179573059082,player-1,52,25,45,42
493,12,17,0.07583410479128361,player-2,55,34,47,47
494,1,31,0.06087496876716614,none,2,2,0,5
494,2,18,0.06520911119878292,player-3,2,7,8,5
494,3,19,0.056541990488767624,player-1,4,14,12,5
494,4,25,0.05454220809042454,player-4,4,22,12,7
494,5,17,0.055999960750341415,player-1,6,25,20,10
494,6,17,0.08604186587035656,player-2,11,32,28,16
494,7,17,0.05170819349586964,player-3,11,36,33,16
494,8,17,0.05954108200967312,player-4,17,39,40,19
494,9,18,0.04112487658858299,player-2,20,39,40,21
494,10,17,0.04562479443848133,player-2,24,41,41,22
494,11,19,0.053040916100144386,player-1,25,45,42,24
494,12,17,0.050083035603165627,player-4,27,46,49,28
494,13,18,0.06562494672834873,player-2,31,57,52,31
494,14,17,0.04816707223653793,player-2,31,65,52,37
495,1,17,0.06070779636502266,player-2,5,7,7,2
495,2,17,0.061583006754517555,player-3,11,7,17,2
495,3,17,0.054416945204138756,player-4,19,7,27,5
495,4,17,0.06037508137524128,player-1,24,12,29,10
495,5,17,0.051208073273301125,player-2,26,19,29,14
495,6,17,0.0552500132471323,player-3,29,20,37,18
495,7,18,0.05337502807378769,player-1,39,21,40,19
495,8,17,0.04312489181756973,player-1,41,22,43,20
495,9,17,0.045291148126125336,player-2,44,30,52,21
495,10,20,0.05362485535442829,player-2,47,36,55,25
496,1,17,0.04983297549188137,player-2,1,10,5,0
496,2,17,0.060416990891098976,player-3,1,16,16,3
496,3,17,0.06037508137524128,player-4,5,27,18,12
496,4,20,0.05024997517466545,player-4,11,27,20,23
496,5,17,0.06758305244147778,player-2,17,27,24,27
496,6,17,0.05345814861357212,player-3,21,35,32,34
496,7,17,0.05429214797914028,player-4,26,37,32,41
496,8,17,0.061959028244018555,player-1,32,42,35,47
496,9,19,0.09295810014009476,player-4,37,49,37,56
497,1,17,0.04374980926513672,player-3,3,3,4,1
497,2,19,0.050582922995090485,player-2,4,10,4,4
497,3,19,0.05845888517796993,player-3,7,14,9,10
497,4,18,0.04245806485414505,player-3,9,16,14,14
497,5,17,0.040624989196658134,player-3,9,16,21,14
497,6,17,0.0461251474916935,player-4,11,18,22,16
497,7,20,0.056499848142266273,player-4,13,22,24,26
497,8,18,0.0588749535381794,player-3,21,24,30,28
497,9,17,0.0616670586168766,player-3,24,29,36,34
497,10,18,0.04854192957282066,player-1,26,35,39,36
497,11,17,0.04691700451076031,player-1,35,42,39,37
497,12,18,0.06683310493826866,player-3,37,44,47,42
497,13,17,0.06016693077981472,player-3,40,44,49,43
497,14,17,0.052459072321653366,player-4,46,48,53,49
497,15,17,0.051791081205010414,player-1,53,52,55,51
498,1,17,0.0643748790025711,player-4,4,10,1,3
498,2,18,0.05650008097290993,player-2,5,15,8,3
498,3,17,0.062042148783802986,player-2,5,23,13,11
498,4,17,0.05566701292991638,player-3,11,26,27,16
498,5,17,0.04195910878479481,player-4,12,28,28,26
498,6,18,0.05324999801814556,player-2,15,32,31,29
498,7,18,0.05966704338788986,player-3,19,39,33,37
498,8,17,0.057416968047618866,player-3,21,43,34,38
498,9,17,0.04366692155599594,player-4,21,45,37,45
498,10,17,0.05249981768429279,player-1,25,46,44,46
498,11,20,0.059999991208314896,player-1,34,48,46,46
498,12,18,0.05333288572728634,player-4,37,51,47,50
499,1,17,0.04454096779227257,player-1,6,2,2,7
499,2,18,0.059916870668530464,player-3,13,7,7,11
499,3,19,0.05237502045929432,player-1,16,11,8,17
499,4,17,0.059125013649463654,player-4,22,17,13,22
499,5,18,0.04783296026289463,player-2,24,19,14,24
499,6,19,0.04850002005696297,player-4,29,21,17,33
499,7,19,0.08562509901821613,player-1,37,23,26,35
499,8,17,0.07520802319049835,player-4,41,23,28,39
499,9,18,0.055416952818632126,player-2,46,25,28,44
499,10,18,0.06229197606444359,player-3,52,32,33,50
499,11,17,0.07483409717679024,player-3,52,40,43,55
499,12,30,0.057541998103260994,player-1,55,43,45,56
500,1,17,0.05520787090063095,player-4,10,0,4,6
500,2,18,0.04575005732476711,player-2,15,7,9,7
500,3,24,0.06004096940159798,player-1,19,9,9,11
500,4,17,0.05254102870821953,player-3,23,12,18,13
500,5,18,0.0521661713719368,player-1,27,16,22,15
500,6,17,0.06987480446696281,player-1,30,19,24,18
500,7,17,0.06991694681346416,player-2,31,27,27,22
500,8,19,0.049582915380597115,player-1,31,29,34,27
500,9,17,0.06791693158447742,player-4,37,30,40,34
500,10,18,0.05600019358098507,player-2,38,34,42,40
500,11,17,0.045000109821558,player-2,43,39,44,41
500,12,17,0.06841681897640228,player-3,48,41,49,41
500,13,19,0.07191603071987629,player-2,54,46,51,42
