game num,round num,num_turns,duration (ms),winner,player1 pts,player2 pts,player3 pts,player4 pts,started on set,went out first
1,1,18,0.09133294224739075,player-4,7,4,4,1,player-3,player-4
1,2,20,0.06883288733661175,player-3,7,11,8,2,player-4,player-3
1,3,19,0.0616670586168766,player-3,8,12,15,10,player-1,player-3
1,4,20,0.060999998822808266,player-1,12,13,15,17,player-2,player-1
1,5,19,0.05270796827971935,player-1,19,21,16,18,player-3,player-1
1,6,20,0.05945796146988869,player-3,19,28,20,19,player-4,player-3
1,7,19,0.052833929657936096,player-3,20,29,27,27,player-1,player-3
1,8,20,0.05791708827018738,player-1,24,30,27,34,player-2,player-1
1,9,19,0.05170796066522598,player-1,31,38,28,35,player-3,player-1
1,10,20,0.05729193799197674,player-3,31,45,32,36,player-4,player-3
1,11,19,0.05108281038701534,player-3,32,46,39,44,player-1,player-3
1,12,20,0.062499893829226494,player-1,36,47,39,51,player-2,player-1
1,13,19,0.053167110309004784,player-1,43,55,40,52,player-3,player-1
2,1,17,0.06745895370841026,player-1,2,3,6,1,player-1,player-1
2,2,17,0.06587500683963299,player-2,5,7,11,1,player-2,player-2
2,3,17,0.0485831405967474,player-3,8,12,14,1,player-3,player-3
2,4,17,0.06500002928078175,player-4,12,12,24,7,player-4,player-4
2,5,17,0.06395811215043068,player-1,17,13,29,9,player-1,player-1
2,6,20,0.05783303640782833,player-1,22,19,33,13,player-2,player-1
2,7,23,0.06616604514420033,player-1,32,20,39,18,player-3,player-1
2,8,18,0.06929179653525352,player-1,36,20,40,18,player-4,player-1
2,9,17,0.042584026232361794,player-1,40,25,40,21,player-1,player-1
2,10,17,0.06120791658759117,player-2,44,30,47,24,player-2,player-2
2,11,17,0.04574982449412346,player-3,48,30,51,25,player-3,player-3
2,12,17,0.06474996916949749,player-4,52,34,56,39,player-4,player-4
3,1,20,0.061542028561234474,player-2,1,4,3,0,player-3,player-2
3,2,17,0.06470899097621441,player-4,1,7,10,8,player-4,player-4
3,3,19,0.06354204379022121,player-3,1,8,17,15,player-1,player-3
3,4,17,0.06975000724196434,player-2,1,18,18,19,player-2,player-2
3,5,17,0.05504116415977478,player-3,3,18,21,24,player-3,player-3
3,6,20,0.07166690193116665,player-3,3,21,30,30,player-4,player-3
3,7,18,0.055999960750341415,player-2,4,22,38,34,player-1,player-2
3,8,17,0.06129196844995022,player-2,6,26,39,38,player-2,player-2
3,9,17,0.045208027586340904,player-3,9,29,44,38,player-3,player-3
3,10,18,0.06633391603827477,player-1,13,29,49,45,player-4,player-1
3,11,18,0.05870801396667957,player-2,19,30,54,51,player-1,player-2
3,12,19,0.05808309651911259,player-4,21,37,55,57,player-2,player-4
3,13,17,0.05083298310637474,player-3,25,39,62,62,player-3,player-3
4,1,17,0.056541990488767624,player-3,8,0,8,1,player-3,player-3
4,2,18,0.05250005051493645,player-1,13,6,11,6,player-4,player-1
4,3,22,0.06687501445412636,player-2,17,17,13,11,player-1,player-2
4,4,17,0.039708102121949196,player-2,19,21,16,13,player-2,player-2
4,5,17,0.05224999040365219,player-3,23,27,20,13,player-3,player-3
4,6,17,0.06262492388486862,player-4,28,27,25,17,player-4,player-4
4,7,17,0.06349990144371986,player-1,33,29,28,20,player-1,player-1
4,8,17,0.06045796908438206,player-2,36,35,29,22,player-2,player-2
4,9,17,0.0724580604583025,player-3,38,43,31,26,player-3,player-3
4,10,17,0.06441585719585419,player-4,41,44,36,30,player-4,player-4
4,11,19,0.05250005051493645,player-3,44,46,45,33,player-1,player-3
4,12,17,0.06420817226171494,player-2,50,54,49,37,player-2,player-2
4,13,20,0.0744168646633625,player-2,53,65,54,43,player-3,player-2
5,1,19,0.06499979645013809,player-1,5,3,4,0,player-3,player-1
5,2,17,0.06379210390150547,player-4,11,11,11,8,player-4,player-4
5,3,17,0.04579196684062481,player-1,14,14,11,11,player-1,player-1
5,4,17,0.0630838330835104,player-2,16,24,12,14,player-2,player-2
5,5,20,0.05116686224937439,player-2,25,26,20,23,player-3,player-2
5,6,17,0.05720905028283596,player-4,25,29,23,26,player-4,player-4
5,7,21,0.08583301678299904,player-1,27,45,28,37,player-1,player-1
5,8,17,0.05012494511902332,player-2,30,56,29,39,player-2,player-2
5,9,19,0.050042057409882545,player-1,39,62,29,42,player-3,player-1
6,1,17,0.05791708827018738,player-3,6,5,5,4,player-3,player-3
6,2,17,0.05483301356434822,player-4,6,6,8,10,player-4,player-4
6,3,18,0.05874992348253727,player-2,9,10,9,12,player-1,player-2
6,4,17,0.0719169620424509,player-2,12,22,9,18,player-2,player-2
6,5,17,0.049541937187314034,player-3,17,26,16,20,player-3,player-3
6,6,20,0.053541967645287514,player-3,21,26,21,25,player-4,player-3
6,7,17,0.07041706703603268,player-1,22,30,28,29,player-1,player-1
6,8,17,0.04979199729859829,player-2,23,33,31,33,player-2,player-2
6,9,18,0.0919171143323183,player-4,30,40,37,38,player-3,player-4
6,10,17,0.057540833950042725,player-4,30,43,42,41,player-4,player-4
6,11,17,0.06529083475470543,player-1,31,43,44,45,player-1,player-1
6,12,17,0.06270897574722767,player-2,35,44,55,45,player-2,player-2
6,13,18,0.0742089468985796,player-4,42,49,61,50,player-3,player-4
7,1,17,0.05449983291327953,player-1,5,1,4,5,player-1,player-1
7,2,17,0.045457854866981506,player-2,5,6,5,7,player-2,player-2
7,3,19,0.06270804442465305,player-1,10,11,5,17,player-3,player-1
7,4,17,0.04549999721348286,player-4,11,17,8,22,player-4,player-4
7,5,17,0.06337487138807774,player-1,14,18,14,23,player-1,player-1
7,6,17,0.05550007335841656,player-2,16,26,19,23,player-2,player-2
7,7,17,0.05533406510949135,player-3,18,26,24,23,player-3,player-3
7,8,23,0.0825000461190939,player-2,22,26,29,31,player-4,player-2
7,9,17,0.06708386354148388,player-1,26,30,29,40,player-1,player-1
7,10,17,0.0527920201420784,player-2,33,32,31,45,player-2,player-2
7,11,17,0.05612499080598354,player-3,35,32,40,53,player-3,player-3
7,12,17,0.07524993270635605,player-4,45,41,40,66,player-4,player-4
8,1,17,0.04929094575345516,player-4,2,1,1,2,player-4,player-4
8,2,17,0.07041683420538902,player-1,7,8,6,8,player-1,player-1
8,3,20,0.06912508979439735,player-1,8,12,14,10,player-2,player-1
8,4,17,0.06516696885228157,player-3,15,16,19,16,player-3,player-3
8,5,17,0.06625009700655937,player-4,21,20,31,20,player-4,player-4
8,6,17,0.057374825701117516,player-1,24,24,35,22,player-1,player-1
8,7,17,0.05966704338788986,player-2,26,26,38,26,player-2,player-2
8,8,17,0.06108288653194904,player-3,31,33,43,30,player-3,player-3
8,9,18,0.06533414125442505,player-1,35,36,51,31,player-4,player-1
8,10,17,0.050584087148308754,player-1,35,40,51,35,player-1,player-1
8,11,17,0.07204199209809303,player-2,44,49,53,37,player-2,player-2
8,12,17,0.048040878027677536,player-3,47,52,56,41,player-3,player-3
9,1,19,0.060208141803741455,player-1,3,8,11,3,player-3,player-1
9,2,19,0.054666073992848396,player-2,6,14,11,9,player-4,player-2
9,3,20,0.0616670586168766,player-4,9,14,16,15,player-1,player-4
9,4,19,0.06208289414644241,player-4,14,21,20,24,player-2,player-4
9,5,22,0.06662518717348576,player-4,25,21,20,32,player-3,player-4
9,6,17,0.06008311174809933,player-4,31,22,22,35,player-4,player-4
9,7,23,0.06545893847942352,player-3,39,27,27,36,player-1,player-3
9,8,19,0.06254203617572784,player-4,50,33,34,38,player-2,player-4
9,9,17,0.05970778875052929,player-3,59,33,38,41,player-3,player-3
9,10,20,0.06029102951288223,player-3,60,35,40,43,player-4,player-3
10,1,17,0.05154102109372616,player-3,6,0,4,4,player-3,player-3
10,2,17,0.05991593934595585,player-4,7,4,7,9,player-4,player-4
10,3,19,0.09591691195964813,player-3,7,6,16,13,player-1,player-3
10,4,18,0.07262500002980232,player-3,8,14,20,16,player-2,player-3
10,5,17,0.05958392284810543,player-3,11,20,27,18,player-3,player-3
10,6,17,0.07258285768330097,player-4,14,23,35,21,player-4,player-4
10,7,17,0.05720788612961769,player-1,16,23,38,30,player-1,player-1
10,8,18,0.06283307448029518,player-3,19,28,39,30,player-2,player-3
10,9,20,0.06474996916949749,player-2,30,30,42,30,player-3,player-2
10,10,17,0.05516689270734787,player-4,36,30,42,36,player-4,player-4
10,11,20,0.06070802919566631,player-4,41,30,46,41,player-1,player-4
10,12,19,0.05708402022719383,player-4,43,32,48,47,player-2,player-4
10,13,17,0.06604194641113281,player-3,45,40,55,49,player-3,player-3
11,1,17,0.06129196844995022,player-4,5,0,8,6,player-4,player-4
11,2,17,0.04795799031853676,player-1,7,2,13,15,player-1,player-1
11,3,17,0.05837506614625454,player-2,10,6,21,15,player-2,player-2
11,4,20,0.053999945521354675,player-2,18,10,24,20,player-3,player-2
11,5,17,0.05429098382592201,player-4,18,11,25,25,player-4,player-4
11,6,17,0.07420801557600498,player-1,22,18,26,33,player-1,player-1
11,7,17,0.05625002086162567,player-2,28,26,30,35,player-2,player-2
11,8,19,0.0635830219835043,player-1,31,28,34,40,player-3,player-1
11,9,18,0.06179208867251873,player-1,33,30,40,42,player-4,player-1
11,10,17,0.05183299072086811,player-1,41,30,41,42,player-1,player-1
11,11,18,0.056040938943624496,player-3,44,34,42,44,player-2,player-3
11,12,18,0.05383300594985485,player-4,47,38,43,49,player-3,player-4
11,13,19,0.08858414366841316,player-2,52,46,45,51,player-4,player-2
11,14,18,0.13875006698071957,player-2,55,50,49,51,player-1,player-2
12,1,17,0.06933300755918026,player-3,10,10,8,0,player-3,player-3
12,2,21,0.06050011143088341,player-4,20,16,14,5,player-4,player-4
12,3,19,0.0829158816486597,player-3,26,20,15,5,player-1,player-3
12,4,17,0.06474996916949749,player-2,29,28,17,14,player-2,player-2
12,5,19,0.05904189310967922,player-1,36,35,18,17,player-3,player-1
12,6,20,0.06166682578623295,player-3,37,45,18,20,player-4,player-3
12,7,17,0.06129080429673195,player-1,43,51,24,20,player-1,player-1
12,8,21,0.061583006754517555,player-2,46,54,25,23,player-2,player-2
12,9,19,0.08395896293222904,player-1,66,66,35,26,player-3,player-1
13,1,19,0.06270897574722767,player-3,6,8,9,6,player-1,player-3
13,2,17,0.05083414725959301,player-2,7,14,9,9,player-2,player-2
13,3,19,0.06654206663370132,player-1,15,18,14,11,player-3,player-1
13,4,17,0.05420902743935585,player-4,16,19,17,13,player-4,player-4
13,5,18,0.05537504330277443,player-2,19,25,21,14,player-1,player-2
13,6,17,0.0641669612377882,player-2,21,34,22,15,player-2,player-2
13,7,17,0.052208080887794495,player-3,23,35,24,20,player-3,player-3
13,8,17,0.050999922677874565,player-4,26,37,31,21,player-4,player-4
13,9,18,0.06662518717348576,player-2,45,42,46,22,player-1,player-2
13,10,17,0.06870902143418789,player-2,45,46,46,28,player-2,player-2
13,11,18,0.06254180334508419,player-4,50,53,49,40,player-3,player-4
13,12,20,0.06745802238583565,player-3,58,53,55,42,player-4,player-3
14,1,19,0.06404216401278973,player-2,1,3,1,7,player-4,player-2
14,2,19,0.06754091009497643,player-3,1,5,3,15,player-1,player-3
14,3,18,0.050999922677874565,player-3,1,8,9,17,player-2,player-3
14,4,17,0.05670893006026745,player-3,6,18,10,18,player-3,player-3
14,5,18,0.0527920201420784,player-1,9,26,15,23,player-4,player-1
14,6,18,0.043459003791213036,player-2,13,28,15,25,player-1,player-2
14,7,26,0.04879198968410492,none,14,28,17,27,player-2,none
14,8,18,0.0541668850928545,player-4,18,30,20,29,player-3,player-4
14,9,23,0.06812508217990398,player-2,19,30,33,30,player-4,player-2
14,10,19,0.06358395330607891,player-3,22,30,43,38,player-1,player-3
14,11,18,0.0805840827524662,player-3,28,36,46,41,player-2,player-3
14,12,17,0.05249981768429279,player-3,36,36,49,43,player-3,player-3
14,13,18,0.04600011743605137,player-1,39,37,52,44,player-4,player-1
14,14,17,0.05704187788069248,player-1,42,46,57,57,player-1,player-1
15,1,19,0.05258317105472088,player-1,2,0,10,7,player-3,player-1
15,2,17,0.054666073992848396,player-4,5,5,14,11,player-4,player-4
15,3,19,0.06600003689527512,player-3,7,12,16,14,player-1,player-3
15,4,17,0.053833937272429466,player-2,11,16,18,15,player-2,player-2
15,5,18,0.048958929255604744,player-4,13,20,22,20,player-3,player-4
15,6,17,0.06620911881327629,player-4,17,25,22,26,player-4,player-4
15,7,20,0.0741670373827219,player-4,21,30,22,32,player-1,player-4
15,8,17,0.05504186265170574,player-2,28,31,26,34,player-2,player-2
15,9,17,0.05133403465151787,player-3,31,33,32,37,player-3,player-3
15,10,19,0.0766669400036335,player-2,40,45,34,44,player-4,player-2
15,11,21,0.05600019358098507,player-1,41,51,38,47,player-1,player-1
15,12,17,0.046625034883618355,player-2,44,56,38,49,player-2,player-2
16,1,20,0.06858399137854576,player-2,9,4,4,4,player-3,player-2
16,2,17,0.043833861127495766,player-4,11,7,11,9,player-4,player-4
16,3,18,0.06379210390150547,player-2,14,15,14,14,player-1,player-2
16,4,18,0.058999983593821526,player-3,14,20,16,19,player-2,player-3
16,5,17,0.044208019971847534,player-3,16,24,20,19,player-3,player-3
16,6,21,0.04729186184704304,none,16,26,25,23,player-4,none
16,7,18,0.048625050112605095,player-2,16,30,33,23,player-1,player-2
16,8,17,0.051083043217659,player-2,19,32,34,24,player-2,player-2
16,9,24,0.05316687747836113,player-2,23,47,37,25,player-3,player-2
16,10,17,0.05929195322096348,player-4,28,48,42,27,player-4,player-4
16,11,17,0.05312496796250343,player-1,28,54,43,32,player-1,player-1
16,12,17,0.05283299833536148,player-2,29,59,44,37,player-2,player-2
16,13,18,0.058625126257538795,player-4,31,63,49,47,player-3,player-4
17,1,17,0.0599580816924572,player-2,8,5,2,2,player-2,player-2
17,2,17,0.048208050429821014,player-3,8,5,6,2,player-3,player-3
17,3,17,0.06079208105802536,player-4,8,12,10,15,player-4,player-4
17,4,17,0.07545808330178261,player-1,17,17,20,15,player-1,player-1
17,5,17,0.05533290095627308,player-2,18,20,22,15,player-2,player-2
17,6,19,0.06341584958136082,player-1,35,20,28,26,player-3,player-1
17,7,17,0.0577080063521862,player-4,43,23,28,33,player-4,player-4
17,8,17,0.050708185881376266,player-1,46,27,36,33,player-1,player-1
17,9,22,0.0525421928614378,player-3,49,28,42,35,player-2,player-3
17,10,17,0.048832967877388,player-3,51,29,46,36,player-3,player-3
17,11,17,0.05479203537106514,player-4,53,32,52,39,player-4,player-4
18,1,18,0.05645793862640858,player-3,3,6,5,0,player-2,player-3
18,2,17,0.03558304160833359,none,4,8,15,0,player-3,none
18,3,17,0.05683302879333496,player-4,7,9,16,3,player-4,player-4
18,4,18,0.0477079302072525,player-2,7,12,20,4,player-1,player-2
18,5,17,0.0577080063521862,player-2,7,14,25,8,player-2,player-2
18,6,17,0.04933401942253113,player-3,10,14,32,12,player-3,player-3
18,7,17,0.06612506695091724,player-4,12,18,35,21,player-4,player-4
18,8,17,0.05395803600549698,player-1,16,21,39,26,player-1,player-1
18,9,17,0.04400010220706463,player-2,16,29,40,27,player-2,player-2
18,10,17,0.043958891183137894,player-3,17,30,41,27,player-3,player-3
18,11,18,0.06291712634265423,player-1,27,46,46,35,player-4,player-1
18,12,17,0.04420895129442215,player-1,32,47,50,41,player-1,player-1
18,13,20,0.06854184903204441,player-1,35,47,54,44,player-2,player-1
18,14,18,0.058959005400538445,player-4,35,51,57,52,player-3,player-4
19,1,20,0.06483308970928192,player-1,4,2,0,2,player-2,player-1
19,2,19,0.07512490265071392,player-1,12,9,10,12,player-3,player-1
19,3,19,0.05779089406132698,player-2,14,14,10,21,player-4,player-2
19,4,17,0.05191587843000889,player-1,16,14,15,22,player-1,player-1
19,5,17,0.057958997786045074,player-2,24,22,15,22,player-2,player-2
19,6,20,0.06137508898973465,player-2,28,25,19,27,player-3,player-2
19,7,17,0.06245891563594341,player-4,34,33,21,31,player-4,player-4
19,8,17,0.05712499842047691,player-1,42,37,26,38,player-1,player-1
19,9,19,0.05533406510949135,player-4,45,39,27,47,player-2,player-4
19,10,17,0.05474989302456379,player-3,45,41,30,54,player-3,player-3
19,11,18,0.061042141169309616,player-1,51,42,30,56,player-4,player-1
19,12,18,0.09433296509087086,player-2,59,45,32,64,player-1,player-2
20,1,17,0.06429199129343033,player-4,5,3,3,5,player-4,player-4
20,2,17,0.05537504330277443,player-1,12,8,8,9,player-1,player-1
20,3,17,0.06020884029567242,player-2,16,10,8,14,player-2,player-2
20,4,17,0.05266699008643627,player-3,18,12,16,14,player-3,player-3
20,5,17,0.05370797589421272,player-4,19,17,18,26,player-4,player-4
20,6,17,0.06191618740558624,player-1,26,21,22,30,player-1,player-1
20,7,20,0.08112494833767414,player-1,35,29,29,30,player-2,player-1
20,8,27,0.07374980486929417,none,48,32,34,31,player-3,none
20,9,19,0.06083305925130844,player-2,48,36,37,35,player-4,player-2
20,10,30,0.07404200732707977,player-2,52,36,51,46,player-1,player-2
21,1,20,0.07041706703603268,player-4,2,13,2,11,player-1,player-4
21,2,18,0.05712499842047691,player-3,2,26,14,21,player-2,player-3
21,3,18,0.04579196684062481,player-4,6,30,18,25,player-3,player-4
21,4,18,0.06308290176093578,player-1,8,30,21,35,player-4,player-1
21,5,18,0.061416998505592346,player-2,9,33,27,45,player-1,player-2
21,6,18,0.0588749535381794,player-3,11,34,30,51,player-2,player-3
21,7,17,0.06708316504955292,player-3,14,34,36,62,player-3,player-3
21,8,17,0.05175010301172733,player-4,14,38,38,67,player-4,player-4
22,1,19,0.09641703218221664,player-1,2,8,5,7,player-3,player-1
22,2,17,0.06174994632601738,player-4,4,13,6,12,player-4,player-4
22,3,18,0.07258402183651924,player-2,14,19,15,15,player-1,player-2
22,4,17,0.06350013427436352,player-2,23,26,17,19,player-2,player-2
22,5,17,0.06520794704556465,player-3,28,31,19,22,player-3,player-3
22,6,19,0.06991694681346416,player-2,33,38,27,23,player-4,player-2
22,7,17,0.05391589365899563,player-1,36,38,31,28,player-1,player-1
22,8,17,0.05708308890461922,player-2,36,41,38,30,player-2,player-2
22,9,20,0.07879198528826237,player-2,45,52,39,35,player-3,player-2
22,10,19,0.06145797669887543,player-2,50,56,39,36,player-4,player-2
22,11,18,0.0491670798510313,player-2,55,57,40,42,player-1,player-2
22,12,17,0.06320886313915253,player-2,57,64,40,45,player-2,player-2
23,1,21,0.06445799954235554,player-1,6,3,6,3,player-1,player-1
23,2,17,0.05712499842047691,player-2,9,7,6,5,player-2,player-2
23,3,18,0.0760410912334919,player-4,10,8,8,8,player-3,player-4
23,4,17,0.05862489342689514,player-4,13,12,8,10,player-4,player-4
23,5,17,0.06958306767046452,player-1,15,14,13,12,player-1,player-1
23,6,21,0.06650015711784363,player-2,17,21,26,19,player-2,player-2
23,7,17,0.058125006034970284,player-3,19,24,28,22,player-3,player-3
23,8,18,0.06704218685626984,player-1,39,24,28,28,player-4,player-1
23,9,17,0.04933285526931286,player-1,42,26,31,29,player-1,player-1
23,10,17,0.04700012505054474,player-2,42,35,33,34,player-2,player-2
23,11,17,0.07733306847512722,player-3,42,49,36,41,player-3,player-3
23,12,17,0.06145890802145004,player-4,50,54,44,51,player-4,player-4
24,1,23,0.0801661517471075,player-1,7,3,6,2,player-3,player-1
24,2,17,0.050083035603165627,player-4,10,8,7,5,player-4,player-4
24,3,20,0.07820804603397846,player-4,12,14,14,9,player-1,player-4
24,4,17,0.057042110711336136,player-2,16,27,20,10,player-2,player-2
24,5,17,0.06649992428719997,player-3,23,27,27,19,player-3,player-3
24,6,18,0.047625042498111725,player-1,23,29,30,23,player-4,player-1
24,7,18,0.04395795986056328,none,23,32,32,25,player-1,none
24,8,17,0.06287498399615288,player-2,29,36,36,27,player-2,player-2
24,9,18,0.058625126257538795,player-4,30,36,38,35,player-3,player-4
24,10,20,0.05712499842047691,player-3,34,37,40,42,player-4,player-3
24,11,17,0.06724987179040909,player-1,36,41,49,50,player-1,player-1
24,12,17,0.055999960750341415,player-2,38,43,53,56,player-2,player-2
24,13,19,0.06324984133243561,player-1,47,45,58,61,player-3,player-1
25,1,24,0.06608408875763416,player-2,4,9,1,1,player-3,player-2
25,2,17,0.045457854866981506,player-4,5,10,1,4,player-4,player-4
25,3,17,0.06137508898973465,player-1,14,10,7,5,player-1,player-1
25,4,18,0.05733291618525982,player-3,19,11,16,5,player-2,player-3
25,5,23,0.0694170594215393,player-1,28,17,18,9,player-3,player-1
25,6,17,0.045708147808909416,player-4,30,20,18,13,player-4,player-4
25,7,18,0.06700004450976849,player-2,35,31,20,16,player-1,player-2
25,8,17,0.0577499158680439,player-2,40,36,23,18,player-2,player-2
25,9,20,0.06362493149936199,player-2,43,42,29,24,player-3,player-2
25,10,18,0.05079200491309166,player-1,43,47,30,26,player-4,player-1
25,11,19,0.06383401341736317,player-3,45,53,32,29,player-1,player-3
25,12,17,0.0663751270622015,player-2,53,58,40,33,player-2,player-2
25,13,21,0.059165991842746735,player-3,53,71,43,41,player-3,player-3
26,1,26,0.06841588765382767,player-2,4,4,3,5,player-1,player-2
26,2,18,0.04812492989003658,player-3,8,9,4,7,player-2,player-3
26,3,20,0.07499987259507179,player-2,10,22,10,7,player-3,player-2
26,4,17,0.05529099144041538,player-4,11,29,10,11,player-4,player-4
26,5,19,0.05974993109703064,player-3,12,29,20,16,player-1,player-3
26,6,17,0.05174987018108368,player-2,17,31,24,18,player-2,player-2
26,7,17,0.05274987779557705,player-3,18,37,28,21,player-3,player-3
26,8,19,0.06583309732377529,player-2,24,38,34,27,player-4,player-2
26,9,19,0.04991702735424042,player-3,28,42,37,27,player-1,player-3
26,10,20,0.06345799192786217,player-1,29,51,39,27,player-2,player-1
26,11,17,0.06312504410743713,player-3,37,51,55,29,player-3,player-3
26,12,23,0.059916870668530464,player-2,37,66,57,36,player-4,player-2
27,1,21,0.0630419235676527,player-1,10,0,5,10,player-1,player-1
27,2,20,0.057333847507834435,player-1,19,1,12,13,player-2,player-1
27,3,18,0.05116686224937439,player-4,22,4,15,19,player-3,player-4
27,4,17,0.05475012585520744,player-4,27,4,23,24,player-4,player-4
27,5,17,0.046208035200834274,player-1,31,7,25,28,player-1,player-1
27,6,19,0.058625126257538795,player-4,36,12,28,31,player-2,player-4
27,7,21,0.059416983276605606,player-3,36,15,30,37,player-3,player-3
27,8,19,0.046999892219901085,player-2,36,18,30,40,player-4,player-2
27,9,19,0.0727921724319458,player-3,47,25,38,44,player-1,player-3
27,10,18,0.05483417771756649,player-3,52,28,42,46,player-2,player-3
27,11,32,0.07958291098475456,player-2,52,35,50,46,player-3,player-2
28,1,19,0.05645793862640858,player-3,3,3,6,4,player-1,player-3
28,2,18,0.049833906814455986,player-3,6,6,7,6,player-2,player-3
28,3,19,0.05087489262223244,player-1,11,9,13,6,player-3,player-1
28,4,18,0.05470891483128071,player-1,11,17,13,10,player-4,player-1
28,5,18,0.04129204899072647,player-2,15,23,14,10,player-1,player-2
28,6,18,0.07850001566112041,player-3,25,25,28,17,player-2,player-3
28,7,17,0.04791608080267906,player-3,26,25,35,18,player-3,player-3
28,8,17,0.04600011743605137,player-4,28,29,41,30,player-4,player-4
28,9,17,0.05350005812942982,player-1,36,32,43,34,player-1,player-1
28,10,17,0.0575000885874033,player-2,37,38,45,35,player-2,player-2
28,11,19,0.04787486977875233,player-1,42,41,49,35,player-3,player-1
28,12,17,0.06712507456541061,player-4,46,41,54,40,player-4,player-4
29,1,18,0.04845811054110527,player-4,1,2,0,9,player-3,player-4
29,2,20,0.05266699008643627,player-3,2,4,3,17,player-4,player-3
29,3,17,0.04608393646776676,player-1,5,8,8,20,player-1,player-1
29,4,19,0.05825003609061241,player-4,8,8,13,37,player-2,player-4
29,5,19,0.05529099144041538,player-1,18,10,26,44,player-3,player-1
29,6,20,0.058042118325829506,none,21,11,28,50,player-4,none
29,7,17,0.06037508137524128,player-1,23,13,32,51,player-1,player-1
29,8,19,0.053167110309004784,player-4,24,17,36,62,player-2,player-4
29,9,18,0.06558303721249104,player-4,29,20,38,62,player-3,player-4
29,10,20,0.060416990891098976,player-3,29,22,44,64,player-4,player-3
29,11,25,0.08050003089010715,player-1,34,22,54,66,player-1,player-1
29,12,15,0.032624928280711174,none,34,23,56,74,player-2,none
29,13,17,0.05550007335841656,player-3,38,31,62,76,player-3,player-3
30,1,20,0.06262492388486862,player-2,5,6,3,2,player-3,player-2
30,2,23,0.045582884922623634,none,5,13,4,7,player-4,none
30,3,17,0.052042072638869286,player-1,16,13,6,8,player-1,player-1
30,4,20,0.06920797750353813,player-1,19,17,9,19,player-2,player-1
30,5,19,0.058999983593821526,player-1,20,19,13,22,player-3,player-1
30,6,20,0.05904096178710461,player-3,24,24,20,24,player-4,player-3
30,7,17,0.06845803000032902,player-1,32,24,26,24,player-1,player-1
30,8,20,0.049958936870098114,player-1,36,29,26,28,player-2,player-1
30,9,18,0.0679579097777605,player-4,40,34,31,35,player-3,player-4
30,10,17,0.05308398976922035,player-4,40,38,35,46,player-4,player-4
30,11,18,0.05145790055394173,player-2,46,42,38,56,player-1,player-2
30,12,18,0.054582953453063965,player-3,52,43,39,60,player-2,player-3
31,1,17,0.057165976613759995,player-1,4,8,4,2,player-1,player-1
31,2,17,0.05429191514849663,player-2,4,15,6,9,player-2,player-2
31,3,18,0.07324991747736931,player-4,10,21,14,16,player-3,player-4
31,4,17,0.05508307367563248,player-4,19,25,21,17,player-4,player-4
31,5,17,0.0602498184889555,player-1,23,27,25,21,player-1,player-1
31,6,17,0.05224999040365219,player-2,27,31,29,23,player-2,player-2
31,7,17,0.0499580055475235,player-3,27,32,29,25,player-3,player-3
31,8,17,0.05850009620189667,player-4,33,34,36,25,player-4,player-4
31,9,18,0.0602498184889555,player-2,40,36,41,35,player-1,player-2
31,10,18,0.04945788532495499,player-3,45,37,52,35,player-2,player-3
31,11,18,0.045999884605407715,player-4,48,41,53,38,player-3,player-4
32,1,17,0.04737498238682747,player-1,4,6,4,0,player-1,player-1
32,2,21,0.060499878600239754,player-2,4,18,8,3,player-2,player-2
32,3,20,0.04470883868634701,player-2,6,22,10,5,player-3,player-2
32,4,17,0.059542013332247734,player-4,7,25,10,9,player-4,player-4
32,5,17,0.05679088644683361,player-1,11,27,13,16,player-1,player-1
32,6,17,0.05208398215472698,player-2,11,34,13,20,player-2,player-2
32,7,17,0.04937499761581421,player-3,15,35,17,25,player-3,player-3
32,8,19,0.06687501445412636,player-2,15,45,22,33,player-4,player-2
32,9,17,0.050584087148308754,player-1,21,45,23,39,player-1,player-1
32,10,18,0.049584079533815384,player-3,22,51,27,40,player-2,player-3
32,11,17,0.05816691555082798,player-3,26,57,29,44,player-3,player-3
33,1,17,0.0427919439971447,player-4,1,1,1,7,player-4,player-4
33,2,21,0.08149980567395687,player-1,13,5,5,11,player-1,player-1
33,3,17,0.05533290095627308,player-2,17,8,7,11,player-2,player-2
33,4,21,0.05008396692574024,player-3,19,15,8,14,player-3,player-3
33,5,17,0.05779205821454525,player-4,22,15,9,24,player-4,player-4
33,6,17,0.051208073273301125,player-1,29,19,14,28,player-1,player-1
33,7,17,0.04212488420307636,player-2,29,22,17,30,player-2,player-2
33,8,24,0.07145805284380913,player-2,35,28,23,30,player-3,player-2
33,9,17,0.06004190072417259,player-4,39,29,29,32,player-4,player-4
33,10,17,0.05858391523361206,player-1,43,33,35,35,player-1,player-1
33,11,22,0.05270796827971935,none,46,34,38,35,player-2,none
33,12,17,0.05012494511902332,player-3,48,38,41,38,player-3,player-3
33,13,17,0.065250089392066,player-4,57,38,49,42,player-4,player-4
34,1,18,0.052625080570578575,player-4,1,5,6,5,player-3,player-4
34,2,17,0.04674983210861683,player-4,3,8,6,6,player-4,player-4
34,3,19,0.06291596218943596,player-3,14,12,17,6,player-1,player-3
34,4,17,0.06920890882611275,player-2,15,21,23,21,player-2,player-2
34,5,18,0.06191595457494259,player-4,25,21,27,39,player-3,player-4
34,6,19,0.046999892219901085,player-2,26,30,28,39,player-4,player-2
34,7,18,0.05583278834819794,player-2,32,35,34,44,player-1,player-2
34,8,17,0.07145805284380913,player-2,35,45,38,45,player-2,player-2
34,9,17,0.07049995474517345,player-3,38,50,43,49,player-3,player-3
34,10,18,0.05308282561600208,player-1,38,53,43,50,player-4,player-1
35,1,18,0.06829202175140381,player-3,1,4,9,4,player-2,player-3
35,2,18,0.04375004209578037,player-4,9,6,11,6,player-3,player-4
35,3,20,0.04783296026289463,player-3,9,8,12,8,player-4,player-3
35,4,18,0.059125013649463654,player-2,11,15,13,9,player-1,player-2
35,5,19,0.06587500683963299,player-4,13,22,20,15,player-2,player-4
35,6,21,0.04316703416407108,none,13,22,22,18,player-3,none
35,7,17,0.05083414725959301,player-4,13,26,23,24,player-4,player-4
35,8,18,0.06708293221890926,player-2,15,35,24,28,player-1,player-2
35,9,17,0.05533406510949135,player-2,18,40,26,32,player-2,player-2
35,10,18,0.05195802077651024,player-4,21,44,30,39,player-3,player-4
35,11,17,0.05433405749499798,player-4,27,48,30,52,player-4,player-4
36,1,19,0.06062490865588188,player-3,4,0,5,0,player-1,player-3
36,2,17,0.05383300594985485,player-2,9,4,12,5,player-2,player-2
36,3,18,0.05066697485744953,player-4,12,4,18,7,player-3,player-4
36,4,17,0.04624994471669197,player-4,15,7,22,14,player-4,player-4
36,5,17,0.06279186345636845,player-1,18,13,24,16,player-1,player-1
36,6,17,0.053541967645287514,player-2,18,28,26,27,player-2,player-2
36,7,17,0.05437503568828106,player-3,22,33,34,27,player-3,player-3
36,8,18,0.06104097701609135,player-1,28,38,36,28,player-4,player-1
36,9,17,0.06558303721249104,player-1,29,41,41,33,player-1,player-1
36,10,17,0.08545815944671631,player-2,31,46,49,35,player-2,player-2
36,11,18,0.050791073590517044,player-4,31,48,52,38,player-3,player-4
36,12,19,0.04987511783838272,player-2,36,52,53,40,player-4,player-2
36,13,17,0.05070795305073261,player-1,43,54,57,40,player-1,player-1
37,1,17,0.05566584877669811,player-2,3,6,0,3,player-2,player-2
37,2,18,0.046208035200834274,player-4,5,7,4,8,player-3,player-4
37,3,17,0.05045812577009201,player-4,13,10,12,15,player-4,player-4
37,4,18,0.06483402103185654,player-2,14,15,15,17,player-1,player-2
37,5,18,0.0588330440223217,player-3,18,22,25,20,player-2,player-3
37,6,17,0.051167095080018044,player-3,18,29,30,23,player-3,player-3
37,7,17,0.05324999801814556,player-4,21,31,33,26,player-4,player-4
37,8,17,0.05820789374411106,player-1,26,33,36,26,player-1,player-1
37,9,17,0.06366590969264507,player-2,30,42,39,29,player-2,player-2
37,10,21,0.07116701453924179,player-3,30,47,42,31,player-3,player-3
37,11,17,0.05862489342689514,player-4,36,55,48,33,player-4,player-4
37,12,17,0.053999945521354675,player-1,41,55,50,38,player-1,player-1
37,13,18,0.04929187707602978,player-3,45,55,59,40,player-2,player-3
38,1,19,0.06770901381969452,player-2,0,6,0,12,player-4,player-2
38,2,17,0.05133403465151787,player-1,2,13,0,19,player-1,player-1
38,3,18,0.053999945521354675,player-3,5,15,3,21,player-2,player-3
38,4,21,0.05804095417261124,player-3,9,19,8,21,player-3,player-3
38,5,17,0.041791005060076714,player-4,12,20,9,28,player-4,player-4
38,6,17,0.06195809692144394,player-1,15,31,9,41,player-1,player-1
38,7,17,0.0541249755769968,player-2,20,36,16,43,player-2,player-2
38,8,17,0.05187490023672581,player-3,24,37,24,43,player-3,player-3
38,9,17,0.06366707384586334,player-4,34,40,35,47,player-4,player-4
38,10,17,0.05804188549518585,player-1,37,40,35,52,player-1,player-1
38,11,26,0.06433296948671341,player-3,38,42,39,52,player-2,player-3
38,12,17,0.04008389078080654,player-3,38,43,46,54,player-3,player-3
38,13,17,0.05529192276299,player-4,38,57,55,58,player-4,player-4
39,1,17,0.057958997786045074,player-4,0,8,9,6,player-4,player-4
39,2,18,0.06649992428719997,player-2,9,21,17,11,player-1,player-2
39,3,17,0.05670799873769283,player-2,14,25,24,14,player-2,player-2
39,4,18,0.06237509660422802,player-4,22,34,26,22,player-3,player-4
39,5,17,0.06504193879663944,player-4,29,47,33,31,player-4,player-4
39,6,19,0.05083298310637474,player-3,29,51,38,34,player-1,player-3
39,7,17,0.05808309651911259,player-2,29,56,42,37,player-2,player-2
39,8,17,0.050042057409882545,player-3,32,59,46,40,player-3,player-3
39,9,17,0.052208080887794495,player-4,36,67,52,52,player-4,player-4
40,1,17,0.06337510421872139,player-3,3,1,9,2,player-3,player-3
40,2,17,0.061416998505592346,player-4,5,7,9,6,player-4,player-4
40,3,17,0.05866703577339649,player-1,6,9,9,12,player-1,player-1
40,4,18,0.04537496715784073,player-3,11,11,10,13,player-2,player-3
40,5,19,0.05387491546571255,player-1,13,14,10,13,player-3,player-1
40,6,18,0.07308297790586948,player-1,16,17,12,19,player-4,player-1
40,7,17,0.04820898175239563,player-1,17,22,13,19,player-1,player-1
40,8,17,0.06325007416307926,player-2,22,26,18,23,player-2,player-2
40,9,17,0.0677499920129776,player-3,22,31,21,28,player-3,player-3
40,10,19,0.07462501525878906,player-2,27,35,29,28,player-4,player-2
40,11,17,0.04870910197496414,player-1,32,36,30,28,player-1,player-1
40,12,17,0.05933293141424656,player-2,36,39,31,34,player-2,player-2
40,13,17,0.06229197606444359,player-3,36,42,34,43,player-3,player-3
40,14,17,0.04591583274304867,player-4,36,45,37,46,player-4,player-4
40,15,19,0.08100015111267567,player-3,43,50,43,59,player-1,player-3
41,1,18,0.047791050747036934,player-3,3,5,8,7,player-2,player-3
41,2,17,0.056042103096842766,player-3,4,11,13,9,player-3,player-3
41,3,18,0.05654105916619301,player-1,11,17,14,18,player-4,player-1
41,4,34,0.061374856159090996,none,13,18,15,21,player-1,none
41,5,17,0.0539170578122139,player-2,17,22,17,21,player-2,player-2
41,6,18,0.052916817367076874,player-4,22,22,21,25,player-3,player-4
41,7,23,0.0630419235676527,player-2,27,28,25,26,player-4,player-2
41,8,17,0.05350005812942982,player-1,33,31,28,28,player-1,player-1
41,9,20,0.049083027988672256,none,43,32,28,29,player-2,none
41,10,17,0.05520903505384922,player-3,44,40,34,30,player-3,player-3
41,11,17,0.06704102270305157,player-4,49,45,38,36,player-4,player-4
41,12,21,0.047833891585469246,none,52,45,38,36,player-1,none
41,13,17,0.04658382385969162,player-2,54,47,41,36,player-2,player-2
41,14,17,0.06524985656142235,player-3,60,54,53,36,player-3,player-3
42,1,18,0.06583309732377529,player-1,4,2,0,5,player-4,player-1
42,2,17,0.07541710510849953,player-1,7,9,0,13,player-1,player-1
42,3,17,0.10145781561732292,player-2,10,12,6,14,player-2,player-2
42,4,17,0.05645793862640858,player-3,17,16,13,14,player-3,player-3
42,5,18,0.0990831758826971,player-1,20,23,15,25,player-4,player-1
42,6,17,0.22933282889425755,player-1,25,25,19,25,player-1,player-1
42,7,18,0.07870793342590332,player-3,39,28,19,29,player-2,player-3
42,8,17,0.06262492388486862,player-3,43,29,24,31,player-3,player-3
42,9,17,0.05354220047593117,player-4,43,37,29,35,player-4,player-4
42,10,19,0.06658397614955902,player-3,49,38,29,38,player-1,player-3
42,11,18,0.06879214197397232,player-3,50,52,33,44,player-2,player-3
42,12,18,0.06270804442465305,player-4,65,58,35,54,player-3,player-4
43,1,17,0.06683310493826866,player-2,6,7,1,11,player-2,player-2
43,2,19,0.07075001485645771,player-1,9,12,5,15,player-3,player-1
43,3,17,0.05979207344353199,player-4,9,12,5,22,player-4,player-4
43,4,17,0.06045913323760033,player-1,11,14,11,27,player-1,player-1
43,5,18,0.05333288572728634,player-3,15,20,13,27,player-2,player-3
43,6,17,0.05866703577339649,player-3,20,24,20,27,player-3,player-3
43,7,22,0.06466684862971306,player-1,23,27,21,36,player-4,player-1
43,8,17,0.05937507376074791,player-1,28,27,22,40,player-1,player-1
43,9,20,0.06150011904537678,player-1,36,29,23,43,player-2,player-1
43,10,17,0.05183415487408638,player-3,38,32,28,43,player-3,player-3
43,11,21,0.06970902904868126,player-4,45,33,33,46,player-4,player-4
43,12,18,0.07287482731044292,player-2,48,40,35,48,player-1,player-2
43,13,21,0.04624994471669197,none,52,41,38,48,player-2,none
43,14,17,0.059582991525530815,player-3,60,45,43,56,player-3,player-3
44,1,19,0.06633298471570015,player-3,3,10,10,0,player-1,player-3
44,2,17,0.07970794104039669,player-2,5,16,14,7,player-2,player-2
44,3,17,0.04854099825024605,player-3,5,18,21,7,player-3,player-3
44,4,17,0.054208096116781235,player-4,8,18,22,10,player-4,player-4
44,5,26,0.07612491026520729,player-2,20,24,25,10,player-1,player-2
44,6,18,0.053958967328071594,player-3,25,27,32,14,player-2,player-3
44,7,18,0.05754106678068638,player-4,32,30,36,17,player-3,player-4
44,8,17,0.06679212674498558,player-4,38,34,39,21,player-4,player-4
44,9,20,0.05137501284480095,player-4,41,37,41,25,player-1,player-4
44,10,17,0.045209191739559174,player-2,41,44,41,26,player-2,player-2
44,11,20,0.05612499080598354,player-2,46,48,43,29,player-3,player-2
44,12,22,0.07458310574293137,player-1,48,53,52,34,player-4,player-1
45,1,18,0.06762519478797913,player-4,8,0,2,9,player-3,player-4
45,2,17,0.04854099825024605,player-4,8,2,3,13,player-4,player-4
45,3,20,0.06329198367893696,player-4,9,5,3,22,player-1,player-4
45,4,20,0.06229081191122532,player-1,14,11,5,28,player-2,player-1
45,5,19,0.06350013427436352,player-1,25,22,5,29,player-3,player-1
45,6,17,0.05591707304120064,player-4,27,24,14,33,player-4,player-4
45,7,17,0.04895823076367378,player-1,33,27,17,35,player-1,player-1
45,8,17,0.051042065024375916,player-2,35,28,23,39,player-2,player-2
45,9,17,0.05487492308020592,player-3,41,31,27,39,player-3,player-3
45,10,28,0.06387499161064625,player-3,45,38,29,43,player-4,player-3
45,11,17,0.05979090929031372,player-1,47,41,36,55,player-1,player-1
45,12,19,0.05216686986386776,player-4,52,45,40,64,player-2,player-4
46,1,17,0.05329190753400326,player-1,8,0,10,8,player-1,player-1
46,2,20,0.059125013649463654,player-1,15,1,11,12,player-2,player-1
46,3,19,0.05137501284480095,player-1,23,10,11,20,player-3,player-1
46,4,17,0.06150011904537678,player-4,27,16,14,32,player-4,player-4
46,5,17,0.05766586400568485,player-1,37,18,17,34,player-1,player-1
46,6,27,0.06466708146035671,none,39,20,18,36,player-2,none
46,7,17,0.06608315743505955,player-3,42,21,22,40,player-3,player-3
46,8,17,0.054958974942564964,player-4,45,21,25,51,player-4,player-4
46,9,19,0.04966696724295616,player-3,47,23,27,54,player-1,player-3
46,10,17,0.05729193799197674,player-2,50,29,30,57,player-2,player-2
46,11,17,0.04375004209578037,player-3,53,31,34,59,player-3,player-3
46,12,21,0.05850009620189667,player-4,58,31,37,62,player-4,player-4
46,13,17,0.06312504410743713,player-1,62,34,37,68,player-1,player-1
47,1,23,0.051584094762802124,none,5,0,2,1,player-3,none
47,2,18,0.046083005145192146,player-1,18,0,12,6,player-4,player-1
47,3,17,0.053999945521354675,player-1,22,5,13,12,player-1,player-1
47,4,19,0.04537496715784073,player-4,24,9,14,14,player-2,player-4
47,5,17,0.05249981768429279,player-3,29,15,20,16,player-3,player-3
47,6,17,0.07233303040266037,player-4,29,24,22,19,player-4,player-4
47,7,18,0.050541944801807404,player-2,39,28,22,21,player-1,player-2
47,8,17,0.040041981264948845,player-2,41,33,23,24,player-2,player-2
47,9,19,0.060374848544597626,player-1,42,33,27,29,player-3,player-1
47,10,18,0.057582976296544075,player-1,51,35,29,29,player-4,player-1
47,11,17,0.04320894367992878,player-1,53,38,30,30,player-1,player-1
47,12,18,0.04691700451076031,player-3,56,43,32,31,player-2,player-3
47,13,17,0.049083027988672256,player-3,57,46,34,38,player-3,player-3
47,14,17,0.0616670586168766,player-4,66,48,36,43,player-4,player-4
48,1,17,0.06224983371794224,player-2,6,4,3,2,player-2,player-2
48,2,17,0.04866695962846279,player-3,8,4,3,6,player-3,player-3
48,3,18,0.06612506695091724,player-1,12,11,7,7,player-4,player-1
48,4,25,0.06391620263457298,none,16,17,14,13,player-1,none
48,5,19,0.07441709749400616,player-4,21,22,14,19,player-2,player-4
48,6,18,0.051042065024375916,player-4,23,22,21,22,player-3,player-4
48,7,20,0.06729201413691044,player-3,26,28,26,26,player-4,player-3
48,8,19,0.05787494592368603,player-3,28,32,31,26,player-1,player-3
48,9,19,0.06349990144371986,player-4,35,37,38,31,player-2,player-4
48,10,18,0.04729186184704304,player-4,36,46,39,35,player-3,player-4
48,11,21,0.05408283323049545,player-4,40,50,44,41,player-4,player-4
48,12,17,0.04612491466104984,player-1,45,55,46,45,player-1,player-1
49,1,18,0.04987488500773907,player-3,5,3,5,4,player-2,player-3
49,2,18,0.04787510260939598,player-4,5,5,8,7,player-3,player-4
49,3,17,0.04429183900356293,player-4,8,7,11,16,player-4,player-4
49,4,19,0.049708178266882896,player-3,10,7,18,17,player-1,player-3
49,5,21,0.06554205901920795,player-2,10,12,21,22,player-2,player-2
49,6,17,0.04833308048546314,player-3,15,16,28,24,player-3,player-3
49,7,19,0.05537504330277443,player-2,22,22,37,28,player-4,player-2
49,8,17,0.05433289334177971,player-1,28,24,37,30,player-1,player-1
49,9,18,0.051541952416300774,player-3,34,30,41,33,player-2,player-3
49,10,20,0.07254211232066154,player-2,37,38,49,40,player-3,player-2
49,11,23,0.059499870985746384,player-2,38,40,52,41,player-4,player-2
49,12,19,0.06570899859070778,player-3,46,46,54,45,player-1,player-3
50,1,20,0.05491706542670727,player-3,5,1,0,1,player-4,player-3
50,2,17,0.05970802158117294,player-1,9,7,0,7,player-1,player-1
50,3,18,0.048958929255604744,player-3,10,9,3,7,player-2,player-3
50,4,19,0.06004190072417259,player-1,15,13,4,10,player-3,player-1
50,5,17,0.04620896652340889,player-4,16,15,6,16,player-4,player-4
50,6,20,0.058542005717754364,player-4,17,15,13,22,player-1,player-4
50,7,18,0.04670792259275913,player-3,21,23,18,22,player-2,player-3
50,8,17,0.08725002408027649,player-3,35,27,27,25,player-3,player-3
50,9,20,0.057999975979328156,player-3,38,36,30,27,player-4,player-3
50,10,18,0.05037500523030758,player-2,42,38,34,30,player-1,player-2
50,11,26,0.051374780014157295,none,42,40,36,33,player-2,none
50,12,19,0.06337510421872139,player-1,45,50,43,40,player-3,player-1
50,13,17,0.05908403545618057,player-4,54,54,45,45,player-4,player-4
50,14,18,0.06483402103185654,player-2,61,54,48,51,player-1,player-2
51,1,17,0.04400010220706463,player-2,4,8,0,2,player-2,player-2
51,2,17,0.06387499161064625,player-3,7,12,12,7,player-3,player-3
51,3,19,0.06495811976492405,player-2,8,20,18,7,player-4,player-2
51,4,18,0.05916692316532135,player-2,14,22,22,8,player-1,player-2
51,5,17,0.05116686224937439,player-2,21,28,24,8,player-2,player-2
51,6,18,0.04912493750452995,player-4,27,36,30,17,player-3,player-4
51,7,21,0.06562517955899239,player-4,28,39,39,25,player-4,player-4
51,8,22,0.058208126574754715,player-2,29,44,44,33,player-1,player-2
51,9,17,0.039667123928666115,player-2,32,48,45,35,player-2,player-2
51,10,18,0.062042148783802986,player-4,32,57,46,42,player-3,player-4
51,11,17,0.06908411160111427,player-4,39,60,49,48,player-4,player-4
52,1,17,0.05333288572728634,player-4,0,5,0,12,player-4,player-4
52,2,17,0.0524159986525774,player-1,1,5,2,14,player-1,player-1
52,3,19,0.04754099063575268,player-4,1,6,4,21,player-2,player-4
52,4,24,0.07050018757581711,player-2,6,17,9,31,player-3,player-2
52,5,17,0.04691607318818569,player-4,8,19,14,38,player-4,player-4
52,6,18,0.060999998822808266,player-2,12,22,21,45,player-1,player-2
52,7,18,0.061125028878450394,player-3,13,31,27,48,player-2,player-3
52,8,17,0.057999975979328156,player-3,17,37,33,52,player-3,player-3
52,9,17,0.07108296267688274,player-4,26,41,41,60,player-4,player-4
53,1,18,0.04054117016494274,player-1,6,3,2,0,player-4,player-1
53,2,17,0.03700004890561104,player-1,8,5,2,3,player-1,player-1
53,3,18,0.0541668850928545,player-3,10,6,5,5,player-2,player-3
53,4,17,0.062000006437301636,player-3,10,11,7,8,player-3,player-3
53,5,18,0.06429105997085571,player-1,16,18,16,8,player-4,player-1
53,6,21,0.06287498399615288,player-1,21,19,18,15,player-1,player-1
53,7,19,0.06729201413691044,player-4,23,22,25,19,player-2,player-4
53,8,20,0.060582999140024185,player-2,27,27,27,26,player-3,player-2
53,9,17,0.06129196844995022,player-4,28,31,32,31,player-4,player-4
53,10,17,0.05625002086162567,player-1,33,32,34,32,player-1,player-1
53,11,18,0.05583302117884159,player-3,41,38,38,34,player-2,player-3
53,12,17,0.04395795986056328,player-3,41,42,41,37,player-3,player-3
53,13,18,0.06537511944770813,player-1,47,50,42,43,player-4,player-1
53,14,17,0.0902919564396143,player-1,52,51,42,48,player-1,player-1
53,15,21,0.07004197686910629,player-2,55,51,44,54,player-2,player-2
54,1,18,0.060999998822808266,player-1,3,0,4,4,player-4,player-1
54,2,17,0.0666249543428421,player-1,7,2,9,7,player-1,player-1
54,3,19,0.0603341031819582,player-4,13,7,14,18,player-2,player-4
54,4,17,0.054541975259780884,player-3,16,8,20,23,player-3,player-3
54,5,19,0.06979098543524742,player-2,18,14,24,34,player-4,player-2
54,6,17,0.06262515671551228,player-1,22,14,28,36,player-1,player-1
54,7,23,0.06725010462105274,player-4,28,17,35,45,player-2,player-4
54,8,17,0.047416891902685165,player-3,29,22,35,46,player-3,player-3
54,9,17,0.07483293302357197,player-4,33,25,42,53,player-4,player-4
54,10,20,0.07149996235966682,player-4,37,32,42,58,player-1,player-4
54,11,20,0.05474989302456379,player-1,43,33,42,60,player-2,player-1
54,12,17,0.04712492227554321,player-3,45,33,42,62,player-3,player-3
54,13,17,0.05620904266834259,player-4,47,35,45,70,player-4,player-4
55,1,20,0.07454212754964828,player-1,4,4,1,6,player-2,player-1
55,2,18,0.049541937187314034,player-4,6,4,7,14,player-3,player-4
55,3,17,0.058333855122327805,player-4,8,7,9,23,player-4,player-4
55,4,17,0.05483301356434822,player-1,16,11,11,25,player-1,player-1
55,5,19,0.07391604594886303,player-4,21,18,24,27,player-2,player-4
55,6,20,0.06174994632601738,player-2,23,27,30,37,player-3,player-2
55,7,18,0.05729193799197674,player-1,27,27,33,41,player-4,player-1
55,8,19,0.05050003528594971,player-3,29,32,34,47,player-1,player-3
55,9,17,0.06283307448029518,player-2,36,35,38,51,player-2,player-2
55,10,17,0.054582953453063965,player-3,36,38,43,53,player-3,player-3
55,11,18,0.05466700531542301,player-1,42,39,48,53,player-4,player-1
55,12,18,0.04400010220706463,player-2,45,50,50,56,player-1,player-2
56,1,17,0.051582930609583855,player-2,0,10,6,1,player-2,player-2
56,2,17,0.04775007255375385,player-3,9,12,15,6,player-3,player-3
56,3,17,0.05575013346970081,player-4,11,17,16,9,player-4,player-4
56,4,19,0.05950010381639004,player-3,16,19,24,10,player-1,player-3
56,5,17,0.04249997437000275,player-2,17,24,26,10,player-2,player-2
56,6,18,0.058999983593821526,player-4,21,32,37,14,player-3,player-4
56,7,25,0.07979199290275574,player-4,30,39,39,18,player-4,player-4
56,8,17,0.055625103414058685,player-1,32,39,41,22,player-1,player-1
56,9,25,0.052999937906861305,player-2,32,48,44,23,player-2,player-2
56,10,18,0.055958982557058334,player-4,34,51,44,23,player-3,player-4
56,11,18,0.044042011722922325,player-1,37,55,45,27,player-4,player-1
56,12,18,0.05629099905490875,player-2,39,62,45,36,player-1,player-2
56,13,19,0.0737910158932209,player-4,46,68,46,44,player-2,player-4
57,1,17,0.06570806726813316,player-1,4,2,2,6,player-1,player-1
57,2,17,0.04779198206961155,player-2,5,4,4,8,player-2,player-2
57,3,17,0.05508400499820709,player-3,5,8,11,12,player-3,player-3
57,4,17,0.08624978363513947,player-4,14,15,12,18,player-4,player-4
57,5,19,0.04945811815559864,none,16,16,12,20,player-1,none
57,6,17,0.04691584035754204,player-2,26,18,14,28,player-2,player-2
57,7,19,0.056999968364834785,player-1,38,20,20,32,player-3,player-1
57,8,18,0.0488748773932457,player-1,39,20,26,44,player-4,player-1
57,9,18,0.07983390241861343,player-2,45,26,32,44,player-1,player-2
57,10,17,0.06849993951618671,player-2,47,29,34,47,player-2,player-2
57,11,18,0.054791802540421486,player-4,57,37,39,48,player-3,player-4
57,12,17,0.042625004425644875,player-4,62,37,39,57,player-4,player-4
58,1,18,0.06670900620520115,player-4,4,3,2,3,player-3,player-4
58,2,19,0.04937499761581421,player-2,8,6,7,3,player-4,player-2
58,3,17,0.057999975979328156,player-1,14,11,8,3,player-1,player-1
58,4,19,0.06425008177757263,player-4,14,13,13,7,player-2,player-4
58,5,23,0.06441702134907246,none,21,22,20,9,player-3,none
58,6,22,0.06870785728096962,player-1,22,27,22,10,player-4,player-1
58,7,18,0.04349998198449612,player-2,23,29,25,11,player-1,player-2
58,8,19,0.06558303721249104,player-4,23,38,29,23,player-2,player-4
58,9,17,0.045082997530698776,player-3,27,44,29,27,player-3,player-3
58,10,19,0.04087504930794239,none,28,45,33,29,player-4,none
58,11,21,0.05725002847611904,player-1,31,46,35,32,player-1,player-1
58,12,27,0.06733299233019352,player-4,38,50,41,38,player-2,player-4
58,13,17,0.05462486296892166,player-3,38,54,47,39,player-3,player-3
58,14,25,0.06783404387533665,player-4,48,65,52,54,player-4,player-4
59,1,18,0.07279100827872753,player-4,9,2,2,6,player-3,player-4
59,2,21,0.05012517794966698,player-4,12,4,4,7,player-4,player-4
59,3,19,0.06362516433000565,player-3,20,9,4,11,player-1,player-3
59,4,17,0.0649578869342804,player-2,27,14,4,16,player-2,player-2
59,5,18,0.04824995994567871,player-4,34,22,10,25,player-3,player-4
59,6,17,0.05512498319149017,player-4,40,27,15,32,player-4,player-4
59,7,20,0.06870809011161327,player-4,49,36,18,40,player-1,player-4
59,8,27,0.06374996155500412,player-4,53,40,18,47,player-2,player-4
59,9,17,0.06700004450976849,player-3,59,42,23,51,player-3,player-3
59,10,18,0.04237494431436062,player-1,59,44,25,54,player-4,player-1
59,11,17,0.05729100666940212,player-1,62,47,27,60,player-1,player-1
60,1,23,0.06916699931025505,player-3,7,4,1,7,player-1,player-3
60,2,18,0.054958974942564964,player-3,7,5,5,12,player-2,player-3
60,3,17,0.05579204298555851,player-3,12,7,15,12,player-3,player-3
60,4,17,0.052167102694511414,player-4,15,12,24,18,player-4,player-4
60,5,18,0.06695790216326714,player-2,22,19,32,21,player-1,player-2
60,6,17,0.06441702134907246,player-2,28,24,33,21,player-2,player-2
60,7,20,0.052208080887794495,player-2,28,29,35,24,player-3,player-2
60,8,18,0.05387491546571255,player-1,32,30,35,29,player-4,player-1
60,9,17,0.043833861127495766,player-1,34,30,35,29,player-1,player-1
60,10,20,0.06054178811609745,player-1,34,36,39,36,player-2,player-1
60,11,17,0.05349982529878616,player-3,39,36,43,40,player-3,player-3
60,12,18,0.06437511183321476,player-1,48,36,50,46,player-4,player-1
60,13,17,0.07541687227785587,player-1,52,39,50,48,player-1,player-1
61,1,20,0.062417006120085716,player-1,7,3,4,6,player-2,player-1
61,2,18,0.04933401942253113,player-4,7,6,9,11,player-3,player-4
61,3,18,0.048625050112605095,player-1,12,11,13,17,player-4,player-1
61,4,18,0.05474989302456379,player-2,16,12,19,25,player-1,player-2
61,5,19,0.06383308209478855,player-4,18,21,24,34,player-2,player-4
61,6,19,0.06295903585851192,player-1,39,26,30,34,player-3,player-1
61,7,22,0.06570806726813316,player-1,45,31,35,35,player-4,player-1
61,8,20,0.04979199729859829,player-4,50,33,35,39,player-1,player-4
61,9,17,0.04670885391533375,player-2,52,40,35,43,player-2,player-2
61,10,18,0.05529099144041538,player-4,52,44,36,45,player-3,player-4
61,11,17,0.05050003528594971,player-4,57,44,43,51,player-4,player-4
62,1,19,0.07095793262124062,player-2,4,8,5,5,player-4,player-2
62,2,17,0.07958384230732918,player-1,24,11,19,9,player-1,player-1
62,3,32,0.06520911119878292,player-1,29,19,19,11,player-2,player-1
62,4,18,0.058542005717754364,player-4,33,22,24,14,player-3,player-4
62,5,25,0.07237493991851807,player-4,36,28,24,17,player-4,player-4
62,6,18,0.061125028878450394,player-2,38,31,31,22,player-1,player-2
62,7,19,0.06370898336172104,player-4,44,40,34,28,player-2,player-4
62,8,17,0.05566701292991638,player-3,47,41,35,28,player-3,player-3
62,9,18,0.042750034481287,player-1,55,41,36,32,player-4,player-1
62,10,23,0.07041590288281441,player-3,70,50,52,37,player-1,player-3
63,1,18,0.062499893829226494,player-4,6,6,9,0,player-3,player-4
63,2,20,0.09262491948902607,player-3,12,20,15,4,player-4,player-3
63,3,17,0.04775007255375385,player-1,18,21,17,5,player-1,player-1
63,4,17,0.05829194560647011,player-2,22,32,20,5,player-2,player-2
63,5,21,0.0535410363227129,player-3,24,36,22,5,player-3,player-3
63,6,24,0.06833299994468689,none,33,38,25,7,player-4,none
63,7,17,0.04870793782174587,player-1,38,38,26,7,player-1,player-1
63,8,17,0.04641711711883545,player-2,41,41,31,7,player-2,player-2
63,9,17,0.0439169816672802,player-3,43,44,34,8,player-3,player-3
63,10,17,0.054416945204138756,player-4,43,48,37,16,player-4,player-4
63,11,18,0.046999892219901085,player-2,43,51,39,22,player-1,player-2
63,12,18,0.051042065024375916,player-3,47,57,44,26,player-2,player-3
63,13,17,0.06666709668934345,player-3,49,61,57,30,player-3,player-3
64,1,18,0.04466692917048931,player-2,2,6,5,1,player-1,player-2
64,2,17,0.04816614091396332,player-2,8,15,8,1,player-2,player-2
64,3,17,0.0664170365780592,player-3,12,19,15,9,player-3,player-3
64,4,17,0.055541982874274254,player-4,17,22,18,18,player-4,player-4
64,5,17,0.07320893928408623,player-1,27,28,24,22,player-1,player-1
64,6,18,0.0574158038944006,player-3,34,28,28,26,player-2,player-3
64,7,17,0.060125021263957024,player-3,41,30,39,29,player-3,player-3
64,8,22,0.058584148064255714,player-1,50,34,47,30,player-4,player-1
64,9,24,0.058625126257538795,player-4,50,35,54,36,player-1,player-4
65,1,19,0.057999975979328156,player-2,0,10,3,8,player-4,player-2
65,2,19,0.0724999699741602,player-3,11,18,6,12,player-1,player-3
65,3,17,0.0588749535381794,player-2,12,25,8,26,player-2,player-2
65,4,18,0.0577499158680439,player-4,16,27,11,34,player-3,player-4
65,5,18,0.040708109736442566,player-1,16,27,12,36,player-4,player-1
65,6,18,0.046042026951909065,player-2,17,34,12,36,player-1,player-2
65,7,18,0.06916699931025505,player-3,25,41,25,45,player-2,player-3
65,8,18,0.04612491466104984,player-4,27,42,27,46,player-3,player-4
65,9,17,0.0671660527586937,player-4,28,45,33,47,player-4,player-4
65,10,17,0.09474996477365494,player-1,33,47,33,47,player-1,player-1
65,11,18,0.07679080590605736,player-3,33,51,39,55,player-2,player-3
66,1,19,0.06925011985003948,player-2,3,7,9,4,player-4,player-2
66,2,17,0.05370820872485638,player-1,9,13,9,7,player-1,player-1
66,3,17,0.051167095080018044,player-2,9,13,10,8,player-2,player-2
66,4,18,0.07079099304974079,player-4,16,17,19,10,player-3,player-4
66,5,18,0.04983297549188137,player-1,24,21,20,10,player-4,player-1
66,6,28,0.1054578460752964,player-4,26,35,20,17,player-1,player-4
66,7,20,0.06604217924177647,player-1,35,41,25,24,player-2,player-1
66,8,17,0.04987488500773907,player-3,38,45,27,28,player-3,player-3
66,9,18,0.04529091529548168,player-1,42,46,30,30,player-4,player-1
66,10,17,0.05062483251094818,player-1,44,50,35,36,player-1,player-1
66,11,17,0.05179201252758503,player-2,50,55,36,36,player-2,player-2
66,12,17,0.05470891483128071,player-3,58,59,41,36,player-3,player-3
66,13,17,0.046584056690335274,player-4,66,60,49,41,player-4,player-4
67,1,17,0.05970802158117294,player-3,2,1,5,3,player-3,player-3
67,2,17,0.05333288572728634,player-4,4,5,7,7,player-4,player-4
67,3,17,0.04933401942253113,player-1,12,8,9,7,player-1,player-1
67,4,17,0.04812492989003658,player-2,15,9,14,11,player-2,player-2
67,5,24,0.04987488500773907,none,18,9,18,14,player-3,none
67,6,18,0.06616697646677494,player-1,21,11,22,24,player-4,player-1
67,7,17,0.04754192195832729,player-1,26,11,23,27,player-1,player-1
67,8,31,0.06520794704556465,none,30,13,23,38,player-2,none
67,9,18,0.054999953135848045,player-4,30,16,26,43,player-3,player-4
67,10,17,0.056582968682050705,player-4,33,21,29,47,player-4,player-4
67,11,22,0.0630419235676527,player-2,35,27,35,53,player-1,player-2
67,12,19,0.0516669824719429,player-4,39,30,39,54,player-2,player-4
67,13,18,0.061957864090800285,player-4,49,32,42,58,player-3,player-4
67,14,19,0.055833952501416206,player-2,56,41,42,64,player-4,player-2
68,1,17,0.051625072956085205,player-4,0,3,3,4,player-4,player-4
68,2,19,0.049541937187314034,player-3,5,5,13,4,player-1,player-3
68,3,16,0.03795884549617767,none,6,8,14,6,player-2,none
68,4,21,0.06033293902873993,player-3,6,8,17,8,player-3,player-3
68,5,18,0.05174987018108368,player-1,9,10,21,9,player-4,player-1
68,6,17,0.06274995394051075,player-1,11,11,28,17,player-1,player-1
68,7,17,0.07062498480081558,player-2,11,23,31,24,player-2,player-2
68,8,19,0.04616705700755119,player-1,13,24,34,25,player-3,player-1
68,9,30,0.06449990905821323,player-1,24,25,41,28,player-4,player-1
68,10,26,0.07870793342590332,player-2,26,27,46,34,player-1,player-2
68,11,17,0.058791832998394966,player-2,34,37,50,43,player-2,player-2
68,12,24,0.06616581231355667,player-2,45,55,55,50,player-3,player-2
69,1,22,0.05124998278915882,none,3,6,7,2,player-2,none
69,2,17,0.051791081205010414,player-3,5,9,10,4,player-3,player-3
69,3,17,0.060165999457240105,player-4,11,9,12,15,player-4,player-4
69,4,18,0.05495804361999035,player-2,15,10,13,17,player-1,player-2
69,5,18,0.04283408634364605,player-3,19,10,15,20,player-2,player-3
69,6,17,0.04287506453692913,player-3,22,10,19,22,player-3,player-3
69,7,21,0.06575020961463451,player-4,23,15,19,31,player-4,player-4
69,8,18,0.05016685463488102,player-2,30,20,22,34,player-1,player-2
69,9,17,0.0516669824719429,player-2,33,22,22,36,player-2,player-2
69,10,18,0.06400002166628838,player-4,39,26,29,43,player-3,player-4
69,11,17,0.060333870351314545,player-4,41,35,32,48,player-4,player-4
69,12,19,0.06637489423155785,player-3,46,35,36,49,player-1,player-3
69,13,18,0.08120806887745857,player-3,50,41,40,54,player-2,player-3
69,14,17,0.05087512545287609,player-3,52,46,41,61,player-3,player-3
70,1,20,0.054416945204138756,player-3,7,2,16,6,player-4,player-3
70,2,17,0.06270804442465305,player-1,9,8,17,6,player-1,player-1
70,3,18,0.06566592492163181,player-3,15,18,20,11,player-2,player-3
70,4,29,0.06758305244147778,none,17,18,35,11,player-3,none
70,5,20,0.04941597580909729,player-3,18,29,38,14,player-4,player-3
70,6,20,0.060959020629525185,player-4,22,34,41,18,player-1,player-4
70,7,17,0.041708117350935936,player-2,23,41,42,21,player-2,player-2
70,8,18,0.05529192276299,player-4,27,48,46,30,player-3,player-4
70,9,17,0.06158393807709217,player-4,30,56,55,37,player-4,player-4
70,10,17,0.058167148381471634,player-1,36,56,65,37,player-1,player-1
71,1,19,0.06029196083545685,player-4,2,7,1,8,player-2,player-4
71,2,19,0.06725010462105274,player-1,9,7,3,8,player-3,player-1
71,3,17,0.08254195563495159,player-4,14,17,3,18,player-4,player-4
71,4,20,0.05191587843000889,player-4,15,17,7,30,player-1,player-4
71,5,17,0.0588330440223217,player-2,19,23,14,37,player-2,player-2
71,6,19,0.061959028244018555,player-1,27,27,16,41,player-3,player-1
71,7,17,0.05237502045929432,player-4,30,31,18,45,player-4,player-4
71,8,20,0.08804094977676868,player-4,30,45,25,64,player-1,player-4
72,1,21,0.0799158588051796,player-4,3,14,2,3,player-4,player-4
72,2,17,0.04941597580909729,player-1,4,21,2,7,player-1,player-1
72,3,20,0.054167117923498154,player-1,5,22,2,12,player-2,player-1
72,4,18,0.04695798270404339,player-4,11,24,10,19,player-3,player-4
72,5,18,0.06258394569158554,player-1,17,26,18,24,player-4,player-1
72,6,17,0.056208809837698936,player-1,17,37,18,28,player-1,player-1
72,7,17,0.050042057409882545,player-2,24,41,18,35,player-2,player-2
72,8,36,0.06045890040695667,player-2,30,50,18,37,player-3,player-2
72,9,20,0.06837514229118824,player-3,36,52,25,41,player-4,player-3
72,10,20,0.05179201252758503,player-4,40,53,28,45,player-1,player-4
72,11,20,0.0999579206109047,player-1,51,53,38,49,player-2,player-1
73,1,18,0.06270804442465305,player-1,4,5,2,1,player-4,player-1
73,2,17,0.07737497799098492,player-1,7,10,5,7,player-1,player-1
73,3,17,0.07612514309585094,player-2,7,21,9,9,player-2,player-2
73,4,21,0.08487515151500702,player-3,15,26,13,12,player-3,player-3
73,5,17,0.05545793101191521,player-4,16,28,13,15,player-4,player-4
73,6,21,0.07508392445743084,player-1,19,28,17,19,player-1,player-1
73,7,17,0.065250089392066,player-2,24,34,18,23,player-2,player-2
73,8,20,0.07124990224838257,player-2,29,39,21,23,player-3,player-2
73,9,18,0.08041597902774811,player-1,34,43,27,30,player-4,player-1
73,10,19,0.07479195483028889,player-3,38,47,32,33,player-1,player-3
73,11,19,0.11104089207947254,player-4,48,51,44,39,player-2,player-4
73,12,19,0.07341708987951279,player-1,55,51,44,48,player-3,player-1
73,13,17,0.06833299994468689,player-4,65,53,50,56,player-4,player-4
74,1,17,0.06704195402562618,player-4,3,3,8,3,player-4,player-4
74,2,17,0.0663751270622015,player-1,11,6,15,4,player-1,player-1
74,3,17,0.06820796988904476,player-2,13,11,16,6,player-2,player-2
74,4,18,0.04854192957282066,player-4,15,11,18,12,player-3,player-4
74,5,18,0.04787510260939598,player-1,18,16,21,17,player-4,player-1
74,6,18,0.06062490865588188,player-2,21,22,21,23,player-1,player-2
74,7,17,0.043833861127495766,player-2,22,25,22,23,player-2,player-2
74,8,18,0.05708308890461922,player-4,23,29,26,29,player-3,player-4
74,9,25,0.06545800715684891,none,29,35,27,30,player-4,none
74,10,17,0.05570799112319946,player-1,30,39,30,33,player-1,player-1
74,11,19,0.06754184141755104,player-4,32,39,33,36,player-2,player-4
74,12,19,0.07650000043213367,player-1,36,45,33,43,player-3,player-1
74,13,18,0.05725002847611904,player-1,40,51,38,47,player-4,player-1
74,14,21,0.08037500083446503,player-1,45,53,44,53,player-1,player-1
75,1,30,0.07841596379876137,player-3,10,4,2,8,player-2,player-3
75,2,17,0.060416990891098976,player-3,14,10,6,8,player-3,player-3
75,3,17,0.06091594696044922,player-4,19,16,6,12,player-4,player-4
75,4,18,0.07083406671881676,player-2,23,20,6,12,player-1,player-2
75,5,18,0.05037500523030758,player-3,23,24,11,13,player-2,player-3
75,6,18,0.04566693678498268,player-4,23,26,13,15,player-3,player-4
75,7,20,0.04950002767145634,player-3,24,26,19,19,player-4,player-3
75,8,17,0.06391690112650394,player-1,28,30,26,23,player-1,player-1
75,9,17,0.06374996155500412,player-2,31,35,30,24,player-2,player-2
75,10,18,0.058916863054037094,player-4,32,35,34,30,player-3,player-4
75,11,17,0.050791073590517044,player-4,33,37,35,33,player-4,player-4
75,12,18,0.04366692155599594,player-2,37,40,38,36,player-1,player-2
75,13,17,0.04849978722631931,player-2,40,46,39,38,player-2,player-2
75,14,17,0.040291110053658485,player-3,41,50,45,38,player-3,player-3
75,15,18,0.04991702735424042,player-1,46,50,49,44,player-4,player-1
75,16,17,0.06324984133243561,player-1,52,50,56,49,player-1,player-1
76,1,17,0.05208398215472698,player-4,5,4,6,13,player-4,player-4
76,2,17,0.059542013332247734,player-1,15,6,8,21,player-1,player-1
76,3,17,0.05791708827018738,player-2,17,8,9,22,player-2,player-2
76,4,18,0.08316710591316223,player-4,17,12,17,29,player-3,player-4
76,5,18,0.052582938224077225,player-1,20,15,17,33,player-4,player-1
76,6,18,0.06120908074080944,player-2,26,19,18,37,player-1,player-2
76,7,17,0.05120900459587574,player-2,32,22,18,39,player-2,player-2
76,8,18,0.05837506614625454,player-4,33,24,29,44,player-3,player-4
76,9,17,0.062417006120085716,player-4,33,26,32,54,player-4,player-4
76,10,17,0.0535410363227129,player-1,39,30,38,61,player-1,player-1
76,11,18,0.05583302117884159,player-3,40,32,42,65,player-2,player-3
76,12,19,0.051999930292367935,player-1,44,34,46,68,player-3,player-1
77,1,17,0.054165953770279884,player-3,2,0,5,1,player-3,player-3
77,2,24,0.06441702134907246,none,4,2,11,3,player-4,none
77,3,17,0.06920890882611275,player-1,13,2,12,7,player-1,player-1
77,4,18,0.06312504410743713,player-3,15,4,16,13,player-2,player-3
77,5,17,0.0649159774184227,player-3,19,6,26,13,player-3,player-3
77,6,19,0.045625027269124985,none,20,8,28,14,player-4,none
77,7,17,0.06491690874099731,player-1,32,12,33,16,player-1,player-1
77,8,18,0.05587493069469929,player-3,34,15,34,19,player-2,player-3
77,9,18,0.06925011985003948,player-4,35,15,37,25,player-3,player-4
77,10,20,0.07179216481745243,player-3,38,19,46,31,player-4,player-3
77,11,17,0.0510411337018013,player-1,42,26,46,32,player-1,player-1
77,12,19,0.06387499161064625,player-4,45,27,50,35,player-2,player-4
77,13,17,0.058584148064255714,player-3,49,29,59,41,player-3,player-3
78,1,19,0.06362493149936199,player-1,13,4,10,7,player-3,player-1
78,2,17,0.05712499842047691,player-4,17,6,17,12,player-4,player-4
78,3,21,0.0641250517219305,player-1,18,7,21,19,player-1,player-1
78,4,17,0.07216609083116055,player-2,22,15,31,21,player-2,player-2
78,5,17,0.0766250304877758,player-3,29,18,39,21,player-3,player-3
78,6,17,0.06429199129343033,player-4,31,20,39,23,player-4,player-4
78,7,17,0.06350013427436352,player-1,38,26,42,23,player-1,player-1
78,8,17,0.06329081952571869,player-2,41,33,44,24,player-2,player-2
78,9,18,0.06604194641113281,player-4,48,39,53,26,player-3,player-4
79,1,17,0.0893748365342617,player-2,2,6,2,3,player-2,player-2
79,2,19,0.07699988782405853,player-1,11,9,6,11,player-3,player-1
79,3,18,0.08491589687764645,player-1,16,12,13,17,player-4,player-1
79,4,25,0.0877920538187027,player-1,20,15,14,19,player-1,player-1
79,5,24,0.07295818068087101,player-1,25,16,14,21,player-2,player-1
79,6,18,0.11395802721381187,player-4,37,17,28,22,player-3,player-4
79,7,20,0.08200015872716904,player-3,37,23,35,23,player-4,player-3
79,8,19,0.0660410150885582,player-3,40,28,42,24,player-1,player-3
79,9,17,0.06429199129343033,player-2,43,39,45,27,player-2,player-2
79,10,22,0.06733299233019352,player-4,51,41,47,29,player-3,player-4
79,11,17,0.08629215881228447,player-4,58,41,50,38,player-4,player-4
80,1,17,0.0635830219835043,player-3,2,3,6,0,player-3,player-3
80,2,20,0.1052080187946558,player-3,8,12,9,7,player-4,player-3
80,3,17,0.05650008097290993,player-1,13,15,11,11,player-1,player-1
80,4,17,0.06679212674498558,player-2,23,20,14,16,player-2,player-2
80,5,17,0.06583309732377529,player-3,24,23,17,16,player-3,player-3
80,6,20,0.05929195322096348,player-3,28,30,29,19,player-4,player-3
80,7,17,0.0602079089730978,player-1,39,33,40,20,player-1,player-1
80,8,17,0.05345791578292847,player-2,46,36,44,22,player-2,player-2
80,9,19,0.08737482130527496,player-1,51,40,52,22,player-3,player-1
81,1,17,0.07999991066753864,player-3,6,6,3,3,player-3,player-3
81,2,17,0.08112494833767414,player-4,13,12,3,9,player-4,player-4
81,3,18,0.07537496276199818,player-2,25,15,4,11,player-1,player-2
81,4,17,0.07762503810226917,player-2,32,21,9,11,player-2,player-2
81,5,17,0.049042049795389175,player-3,37,21,15,15,player-3,player-3
81,6,17,0.044291140511631966,player-4,37,21,15,25,player-4,player-4
81,7,18,0.0499580055475235,player-2,39,27,15,29,player-1,player-2
81,8,17,0.04700012505054474,player-2,41,29,16,33,player-2,player-2
81,9,19,0.06579095497727394,player-1,52,31,20,38,player-3,player-1
81,10,18,0.056040938943624496,player-1,54,35,25,42,player-4,player-1
81,11,18,0.06829085759818554,player-2,58,39,32,42,player-1,player-2
81,12,34,0.07187505252659321,player-3,58,41,32,50,player-2,player-3
81,13,17,0.05108397454023361,player-3,60,43,41,51,player-3,player-3
82,1,18,0.07312488742172718,player-3,5,7,15,3,player-2,player-3
82,2,19,0.0491670798510313,player-1,17,13,20,3,player-3,player-1
82,3,17,0.0644167885184288,player-4,24,15,27,6,player-4,player-4
82,4,17,0.046040862798690796,player-1,31,17,28,7,player-1,player-1
82,5,18,0.07200008258223534,player-3,36,19,31,15,player-2,player-3
82,6,17,0.05816691555082798,player-3,38,27,33,17,player-3,player-3
82,7,17,0.08154194802045822,player-4,38,27,36,19,player-4,player-4
82,8,17,0.054916832596063614,player-1,43,27,37,22,player-1,player-1
82,9,17,0.060584163293242455,player-2,53,33,39,28,player-2,player-2
82,10,18,0.05374988541007042,player-4,55,35,42,29,player-3,player-4
82,11,18,0.05270796827971935,player-1,67,39,45,31,player-4,player-1
83,1,17,0.05425000563263893,player-2,4,5,4,5,player-2,player-2
83,2,18,0.061208149418234825,player-4,14,8,9,12,player-3,player-4
83,3,21,0.059959013015031815,player-4,14,14,11,20,player-4,player-4
83,4,23,0.067833811044693,player-3,20,16,16,31,player-1,player-3
83,5,18,0.04895799793303013,player-3,24,20,21,31,player-2,player-3
83,6,27,0.07558288052678108,player-1,31,21,37,40,player-3,player-1
83,7,19,0.06933393888175488,player-2,37,33,43,42,player-4,player-2
83,8,19,0.05491706542670727,player-3,39,39,46,50,player-1,player-3
83,9,23,0.06466708146035671,player-4,42,43,55,59,player-2,player-4
84,1,19,0.0741251278668642,player-4,3,2,0,11,player-2,player-4
84,2,17,0.049416907131671906,player-3,7,5,8,14,player-3,player-3
84,3,18,0.06433390080928802,player-1,10,12,8,19,player-4,player-1
84,4,21,0.04937499761581421,player-1,17,13,9,21,player-1,player-1
84,5,21,0.06254110485315323,player-2,26,18,13,29,player-2,player-2
84,6,18,0.044999876990914345,player-4,28,24,13,32,player-3,player-4
84,7,17,0.051957787945866585,player-4,29,27,15,38,player-4,player-4
84,8,17,0.060999998822808266,player-1,32,30,15,45,player-1,player-1
84,9,17,0.040958868339657784,player-2,33,39,16,49,player-2,player-2
84,10,18,0.048582907766103745,player-4,38,39,20,55,player-3,player-4
84,11,19,0.060625141486525536,player-2,44,40,22,61,player-4,player-2
85,1,23,0.0666249543428421,player-4,8,3,5,7,player-2,player-4
85,2,18,0.05091587081551552,player-4,11,6,9,12,player-3,player-4
85,3,17,0.05129189230501652,player-4,12,10,10,20,player-4,player-4
85,4,18,0.06137508898973465,player-2,18,15,17,22,player-1,player-2
85,5,17,0.053541967645287514,player-2,21,24,17,31,player-2,player-2
85,6,17,0.05074986256659031,player-3,27,28,23,31,player-3,player-3
85,7,17,0.053416937589645386,player-4,27,31,23,35,player-4,player-4
85,8,17,0.05395803600549698,player-1,39,38,27,35,player-1,player-1
85,9,18,0.048040878027677536,player-3,43,43,32,37,player-2,player-3
85,10,17,0.06899982690811157,player-3,53,50,43,45,player-3,player-3
85,11,17,0.0477498397231102,player-4,56,54,46,47,player-4,player-4
86,1,19,0.05575013346970081,player-4,9,5,2,7,player-2,player-4
86,2,21,0.055625103414058685,player-3,12,14,11,14,player-3,player-3
86,3,18,0.04420895129442215,player-1,20,14,11,15,player-4,player-1
86,4,22,0.061416998505592346,player-2,20,18,13,16,player-1,player-2
86,5,17,0.05945819430053234,player-2,24,22,13,16,player-2,player-2
86,6,22,0.06562494672834873,player-4,24,24,21,17,player-3,player-4
86,7,17,0.061791855841875076,player-4,28,24,25,28,player-4,player-4
86,8,18,0.049666035920381546,player-2,36,26,26,30,player-1,player-2
86,9,18,0.05579204298555851,player-3,38,32,28,32,player-2,player-3
86,10,17,0.05320785567164421,player-3,43,36,35,32,player-3,player-3
86,11,17,0.0563750509172678,player-4,47,37,42,37,player-4,player-4
86,12,18,0.05583302117884159,player-2,49,41,42,42,player-1,player-2
86,13,17,0.06108288653194904,player-2,50,54,42,48,player-2,player-2
87,1,18,0.045666005462408066,player-1,3,2,0,4,player-4,player-1
87,2,27,0.07220800034701824,player-3,11,5,4,5,player-1,player-3
87,3,18,0.05591590888798237,player-3,14,12,6,5,player-2,player-3
87,4,18,0.05529192276299,player-4,18,14,9,5,player-3,player-4
87,5,19,0.05112495273351669,player-2,19,21,12,6,player-4,player-2
87,6,17,0.04529091529548168,player-1,21,21,15,6,player-1,player-1
87,7,19,0.052958959713578224,player-4,23,25,20,14,player-2,player-4
87,8,17,0.04679197445511818,player-3,25,29,29,22,player-3,player-3
87,9,18,0.05737505853176117,player-1,28,29,32,24,player-4,player-1
87,10,17,0.061583006754517555,player-1,34,29,39,25,player-1,player-1
87,11,17,0.05937507376074791,player-2,36,32,48,30,player-2,player-2
87,12,21,0.057499855756759644,player-3,42,36,56,35,player-3,player-3
87,13,18,0.05562487058341503,player-1,50,40,62,35,player-4,player-1
88,1,18,0.060791848227381706,player-1,3,2,5,5,player-4,player-1
88,2,17,0.05970802158117294,player-1,12,4,7,16,player-1,player-1
88,3,17,0.06216694600880146,player-2,12,20,9,22,player-2,player-2
88,4,17,0.053833937272429466,player-3,20,20,12,26,player-3,player-3
88,5,22,0.06341701373457909,player-1,28,22,16,28,player-4,player-1
88,6,18,0.0686252024024725,player-2,32,25,22,30,player-1,player-2
88,7,17,0.056666089221835136,player-2,38,27,23,33,player-2,player-2
88,8,17,0.0563750509172678,player-3,38,31,24,38,player-3,player-3
88,9,17,0.07083290256559849,player-4,44,39,35,43,player-4,player-4
88,10,19,0.05262484773993492,player-3,49,43,44,47,player-1,player-3
88,11,17,0.04349998198449612,player-2,55,45,45,47,player-2,player-2
89,1,19,0.04449998959898949,player-1,1,1,4,0,player-3,player-1
89,2,21,0.05729100666940212,player-4,5,6,8,1,player-4,player-4
89,3,17,0.07304106839001179,player-1,11,6,10,3,player-1,player-1
89,4,18,0.05333404988050461,player-3,13,7,16,3,player-2,player-3
89,5,18,0.08058291859924793,player-4,14,7,19,10,player-3,player-4
89,6,17,0.06433296948671341,player-4,21,9,26,17,player-4,player-4
89,7,22,0.05612499080598354,player-2,24,9,28,18,player-1,player-2
89,8,18,0.06287521682679653,player-3,24,10,33,20,player-2,player-3
89,9,18,0.046958914026618004,player-4,29,14,36,23,player-3,player-4
89,10,19,0.07295887917280197,player-2,47,18,44,32,player-4,player-2
89,11,17,0.05816691555082798,player-1,55,22,44,35,player-1,player-1
89,12,17,0.054541975259780884,player-2,58,29,51,40,player-2,player-2
90,1,17,0.05408399738371372,player-1,3,2,9,2,player-1,player-1
90,2,17,0.05150004290044308,player-2,8,8,16,3,player-2,player-2
90,3,17,0.06550014950335026,player-3,8,11,23,4,player-3,player-3
90,4,17,0.08225021883845329,player-4,17,15,32,14,player-4,player-4
90,5,18,0.060999998822808266,player-2,24,17,40,18,player-1,player-2
90,6,27,0.07441709749400616,player-4,32,23,57,33,player-2,player-4
90,7,18,0.06037508137524128,player-4,32,26,64,34,player-3,player-4
90,8,17,0.0537908636033535,player-4,32,26,66,37,player-4,player-4
90,9,20,0.10108295828104019,player-4,32,33,68,45,player-1,player-4
91,1,19,0.069082947447896,player-3,6,6,5,6,player-1,player-3
91,2,18,0.04729209467768669,player-3,8,7,9,6,player-2,player-3
91,3,17,0.059165991842746735,player-3,14,10,12,9,player-3,player-3
91,4,18,0.07087504491209984,player-1,14,15,16,11,player-4,player-1
91,5,17,0.06004096940159798,player-1,24,16,16,14,player-1,player-1
91,6,18,0.06587477400898933,player-3,29,20,23,16,player-2,player-3
91,7,17,0.05145790055394173,player-3,35,23,31,19,player-3,player-3
91,8,17,0.07512490265071392,player-4,43,28,43,21,player-4,player-4
91,9,17,0.06091711111366749,player-1,51,33,51,24,player-1,player-1
92,1,18,0.053666066378355026,player-3,2,4,4,0,player-2,player-3
92,2,18,0.05712499842047691,player-4,2,5,13,6,player-3,player-4
92,3,22,0.04716706462204456,none,4,6,15,7,player-4,none
92,4,22,0.058459118008613586,player-2,7,7,18,10,player-1,player-2
92,5,22,0.060125021263957024,player-3,11,10,26,10,player-2,player-3
92,6,18,0.05770917050540447,player-4,11,13,32,12,player-3,player-4
92,7,20,0.06337510421872139,player-3,11,17,44,14,player-4,player-3
92,8,18,0.06437511183321476,player-2,16,20,44,21,player-1,player-2
92,9,17,0.06354204379022121,player-2,18,32,45,29,player-2,player-2
92,10,17,0.05966704338788986,player-3,23,40,53,31,player-3,player-3
92,11,20,0.05700020119547844,player-3,24,40,59,32,player-4,player-3
92,12,17,0.09229197166860104,player-1,32,43,64,32,player-1,player-1
92,13,19,0.063000014051795,player-4,40,47,73,44,player-2,player-4
93,1,33,0.07283291779458523,player-2,5,4,5,0,player-2,player-2
93,2,17,0.04087504930794239,player-3,7,5,9,2,player-3,player-3
93,3,17,0.05570799112319946,player-4,14,8,12,7,player-4,player-4
93,4,17,0.055999960750341415,player-1,27,11,17,7,player-1,player-1
93,5,17,0.042208004742860794,player-2,29,13,17,9,player-2,player-2
93,6,20,0.057040946558117867,player-2,38,24,17,19,player-3,player-2
93,7,17,0.06345799192786217,player-4,38,28,21,27,player-4,player-4
93,8,27,0.06320816464722157,none,40,32,23,27,player-1,none
93,9,18,0.054541975259780884,player-3,43,38,23,29,player-2,player-3
93,10,17,0.06670807488262653,player-3,51,40,30,29,player-3,player-3
93,11,19,0.045250169932842255,player-2,51,41,34,32,player-4,player-2
93,12,17,0.08299993351101875,player-1,69,42,43,37,player-1,player-1
94,1,17,0.06133411079645157,player-4,5,1,11,6,player-4,player-4
94,2,19,0.04900014027953148,player-3,10,2,14,12,player-1,player-3
94,3,17,0.06045796908438206,player-2,18,7,17,15,player-2,player-2
94,4,17,0.053042080253362656,player-3,20,10,24,18,player-3,player-3
94,5,17,0.049625057727098465,player-4,20,16,27,28,player-4,player-4
94,6,18,0.06783404387533665,player-2,21,18,31,33,player-1,player-2
94,7,18,0.05245814099907875,player-3,21,18,32,36,player-2,player-3
94,8,18,0.04845811054110527,player-4,21,21,33,40,player-3,player-4
94,9,20,0.043084146454930305,player-3,23,22,40,41,player-4,player-3
94,10,19,0.050999922677874565,player-3,28,22,41,41,player-1,player-3
94,11,18,0.04795799031853676,player-3,30,23,41,43,player-2,player-3
94,12,38,0.06545800715684891,none,34,23,44,43,player-3,none
94,13,17,0.05537504330277443,player-4,39,27,47,48,player-4,player-4
94,14,19,0.048208050429821014,player-3,42,27,50,48,player-1,player-3
94,15,18,0.05208398215472698,player-3,43,29,51,50,player-2,player-3
94,16,17,0.05970802158117294,player-3,46,31,61,52,player-3,player-3
95,1,18,0.046582892537117004,player-2,2,13,0,2,player-1,player-2
95,2,24,0.0537908636033535,player-1,8,15,5,5,player-2,player-1
95,3,17,0.052582938224077225,player-3,11,15,8,6,player-3,player-3
95,4,18,0.05345791578292847,player-1,19,23,9,9,player-4,player-1
95,5,17,0.05124998278915882,player-1,25,24,12,9,player-1,player-1
95,6,17,0.05287514068186283,player-2,27,32,15,11,player-2,player-2
95,7,17,0.054541975259780884,player-3,29,39,22,13,player-3,player-3
95,8,19,0.054042087867856026,player-2,33,41,27,15,player-4,player-2
95,9,23,0.06287498399615288,player-3,36,44,30,22,player-1,player-3
95,10,20,0.046042026951909065,player-1,40,46,30,22,player-2,player-1
95,11,18,0.06395881064236164,player-4,45,51,34,27,player-3,player-4
95,12,19,0.05729100666940212,player-2,45,52,41,28,player-4,player-2
95,13,18,0.05208281800150871,player-2,47,54,46,32,player-1,player-2
95,14,17,0.050208065658807755,player-2,49,61,48,35,player-2,player-2
95,15,18,0.048832967877388,player-4,55,61,50,37,player-3,player-4
96,1,20,0.07812492549419403,player-3,4,11,10,10,player-4,player-3
96,2,22,0.07154117338359356,player-2,10,13,10,17,player-1,player-2
96,3,20,0.06404193118214607,player-1,13,17,14,21,player-2,player-1
96,4,17,0.053541967645287514,player-3,15,20,17,24,player-3,player-3
96,5,19,0.05783280357718468,player-2,17,24,19,30,player-4,player-2
96,6,20,0.05212496034801006,player-4,19,30,23,38,player-1,player-4
96,7,17,0.054666073992848396,player-2,27,38,25,42,player-2,player-2
96,8,17,0.03466685302555561,none,27,39,31,47,player-3,none
96,9,18,0.06391596980392933,player-1,38,39,37,50,player-4,player-1
96,10,17,0.063000014051795,player-1,54,45,40,52,player-1,player-1
96,11,17,0.04612491466104984,player-2,61,52,40,55,player-2,player-2
97,1,17,0.052541960030794144,player-1,4,2,2,3,player-1,player-1
97,2,17,0.05095801316201687,player-2,11,6,2,7,player-2,player-2
97,3,17,0.05124998278915882,player-3,13,13,5,8,player-3,player-3
97,4,17,0.04145805723965168,player-4,15,13,6,12,player-4,player-4
97,5,17,0.057791825383901596,player-1,18,15,11,17,player-1,player-1
97,6,28,0.08233310654759407,player-1,20,19,28,17,player-2,player-1
97,7,17,0.044999876990914345,player-3,28,21,29,18,player-3,player-3
97,8,21,0.07258309051394463,player-4,32,26,31,22,player-4,player-4
97,9,17,0.06483285687863827,player-1,43,26,39,29,player-1,player-1
97,10,17,0.06045890040695667,player-2,44,35,39,35,player-2,player-2
97,11,19,0.05329214036464691,player-1,46,35,43,36,player-3,player-1
97,12,17,0.06395811215043068,player-4,56,35,47,38,player-4,player-4
98,1,17,0.05470891483128071,player-3,7,4,5,4,player-3,player-3
98,2,17,0.06858282722532749,player-4,9,7,6,13,player-4,player-4
98,3,17,0.05091587081551552,player-1,13,11,16,21,player-1,player-1
98,4,17,0.0652919989079237,player-2,19,20,19,31,player-2,player-2
98,5,17,0.05224999040365219,player-3,25,25,22,35,player-3,player-3
98,6,17,0.050250208005309105,player-4,27,33,30,37,player-4,player-4
98,7,17,0.06029196083545685,player-1,33,35,31,39,player-1,player-1
98,8,19,0.05508284084498882,player-4,34,43,39,44,player-2,player-4
98,9,18,0.04283292219042778,player-4,35,44,41,45,player-3,player-4
98,10,21,0.05787494592368603,player-4,37,48,46,46,player-4,player-4
98,11,17,0.05391612648963928,player-1,44,52,55,49,player-1,player-1
99,1,18,0.06362493149936199,player-4,0,8,8,12,player-3,player-4
99,2,17,0.05045812577009201,player-4,5,15,12,20,player-4,player-4
99,3,17,0.05587493069469929,player-1,11,20,12,21,player-1,player-1
99,4,18,0.054415781050920486,player-3,13,22,24,24,player-2,player-3
99,5,18,0.05212496034801006,player-4,16,23,32,29,player-3,player-4
99,6,17,0.04095816984772682,player-4,17,23,37,34,player-4,player-4
99,7,20,0.04991702735424042,player-4,20,23,39,38,player-1,player-4
99,8,19,0.05195802077651024,player-4,21,26,39,41,player-2,player-4
99,9,17,0.06545917131006718,player-3,24,26,50,43,player-3,player-3
99,10,18,0.04687486216425896,player-1,32,26,54,46,player-4,player-1
99,11,23,0.06116693839430809,player-3,34,36,61,47,player-1,player-3
99,12,22,0.06341608241200447,player-3,39,37,67,53,player-2,player-3
100,1,17,0.040082959458231926,player-1,5,0,0,2,player-1,player-1
100,2,17,0.04554213955998421,player-2,7,17,8,11,player-2,player-2
100,3,18,0.0502921175211668,player-4,11,25,11,17,player-3,player-4
100,4,17,0.0537908636033535,player-4,18,25,16,19,player-4,player-4
100,5,17,0.0414170790463686,player-1,23,25,17,20,player-1,player-1
100,6,24,0.05495804361999035,none,31,33,21,22,player-2,none
100,7,18,0.063000014051795,player-4,38,37,27,25,player-3,player-4
100,8,19,0.07120799273252487,player-2,41,45,30,32,player-4,player-2
100,9,17,0.04700012505054474,player-1,45,47,31,34,player-1,player-1
100,10,17,0.05745887756347656,player-2,47,55,31,36,player-2,player-2
100,11,19,0.06045796908438206,player-1,49,62,34,39,player-3,player-1
101,1,18,0.04787486977875233,player-2,3,4,1,1,player-1,player-2
101,2,17,0.058167148381471634,player-2,9,8,6,1,player-2,player-2
101,3,22,0.06537488661706448,player-4,12,12,13,4,player-3,player-4
101,4,17,0.05045789293944836,player-4,15,12,20,11,player-4,player-4
101,5,20,0.09641679935157299,player-4,23,16,23,17,player-1,player-4
101,6,19,0.07087504491209984,player-4,25,17,27,20,player-2,player-4
101,7,17,0.06520794704556465,player-3,27,21,32,20,player-3,player-3
101,8,17,0.05537504330277443,player-4,31,23,32,24,player-4,player-4
101,9,18,0.06050011143088341,player-2,42,25,45,25,player-1,player-2
101,10,18,0.05908310413360596,player-3,45,27,52,26,player-2,player-3
101,11,19,0.05508307367563248,player-1,47,28,53,28,player-3,player-1
102,1,18,0.04912493750452995,player-2,2,5,1,1,player-1,player-2
102,2,17,0.060542020946741104,player-2,7,8,2,2,player-2,player-2
102,3,21,0.050541944801807404,player-3,9,10,7,4,player-3,player-3
102,4,17,0.058416975662112236,player-4,9,13,15,10,player-4,player-4
102,5,17,0.04512513987720013,player-1,14,14,15,11,player-1,player-1
102,6,19,0.05012517794966698,player-4,20,17,21,15,player-2,player-4
102,7,18,0.051584094762802124,player-4,24,19,21,17,player-3,player-4
102,8,19,0.0538751482963562,player-2,24,32,26,18,player-4,player-2
102,9,18,0.05729217082262039,player-2,31,34,30,22,player-1,player-2
102,10,19,0.06487499922513962,player-4,39,37,35,26,player-2,player-4
102,11,17,0.0927080400288105,player-3,39,41,48,34,player-3,player-3
102,12,17,0.08683395572006702,player-4,44,43,51,40,player-4,player-4
102,13,17,0.057459110394120216,player-1,56,47,52,43,player-1,player-1
103,1,20,0.06283284164965153,player-2,0,7,6,5,player-3,player-2
103,2,17,0.05012494511902332,player-4,3,7,8,15,player-4,player-4
103,3,17,0.0991250853985548,player-1,9,15,10,19,player-1,player-1
103,4,17,0.08370797149837017,player-2,12,20,19,20,player-2,player-2
103,5,18,0.0647080596536398,player-4,13,24,23,25,player-3,player-4
103,6,19,0.06916699931025505,player-2,18,27,31,28,player-4,player-2
103,7,17,0.052999937906861305,player-1,23,29,33,28,player-1,player-1
103,8,17,0.041499966755509377,player-2,25,33,33,29,player-2,player-2
103,9,17,0.05829194560647011,player-3,26,34,37,34,player-3,player-3
103,10,17,0.07279193960130215,player-4,30,36,47,42,player-4,player-4
103,11,17,0.05545886233448982,player-1,38,39,58,42,player-1,player-1
103,12,17,0.04566693678498268,player-2,40,40,62,42,player-2,player-2
104,1,19,0.05770917050540447,player-2,6,9,0,4,player-4,player-2
104,2,17,0.05633290857076645,player-1,10,11,0,5,player-1,player-1
104,3,18,0.07754098623991013,player-3,16,15,11,16,player-2,player-3
104,4,17,0.05720788612961769,player-3,22,19,14,16,player-3,player-3
104,5,17,0.04791701212525368,player-4,25,22,19,21,player-4,player-4
104,6,19,0.055625103414058685,player-3,29,26,22,25,player-1,player-3
104,7,19,0.06508314982056618,player-4,29,26,27,39,player-2,player-4
104,8,17,0.06262492388486862,player-3,34,28,28,44,player-3,player-3
104,9,17,0.04570884630084038,player-4,34,33,31,53,player-4,player-4
104,10,17,0.04529207944869995,player-1,40,33,33,57,player-1,player-1
104,11,19,0.05908380262553692,player-4,42,40,35,61,player-2,player-4
105,1,17,0.05220901221036911,player-1,8,1,3,0,player-1,player-1
105,2,18,0.05787494592368603,player-3,12,6,11,5,player-2,player-3
105,3,21,0.0630419235676527,player-3,18,14,22,10,player-3,player-3
105,4,17,0.06850017234683037,player-4,24,20,33,13,player-4,player-4
105,5,17,0.05287514068186283,player-1,33,26,40,15,player-1,player-1
105,6,20,0.07025012746453285,player-1,39,34,41,29,player-2,player-1
105,7,17,0.050208065658807755,player-3,41,37,46,30,player-3,player-3
105,8,20,0.059582991525530815,player-3,41,42,47,35,player-4,player-3
105,9,20,0.059542013332247734,player-4,44,42,52,43,player-1,player-4
105,10,17,0.0563331414014101,player-2,45,51,55,47,player-2,player-2
106,1,19,0.049042049795389175,player-1,5,2,1,1,player-3,player-1
106,2,17,0.05475012585520744,player-4,11,4,4,6,player-4,player-4
106,3,19,0.06108381785452366,player-3,19,6,9,14,player-1,player-3
106,4,17,0.05974993109703064,player-2,24,14,12,20,player-2,player-2
106,5,17,0.0654999166727066,player-3,32,16,15,24,player-3,player-3
106,6,18,0.04733400419354439,player-1,37,18,16,26,player-4,player-1
106,7,19,0.04979199729859829,player-3,41,19,23,26,player-1,player-3
106,8,17,0.0452499371021986,player-2,47,21,23,27,player-2,player-2
106,9,18,0.07095816545188427,player-4,50,27,28,31,player-3,player-4
106,10,17,0.058165984228253365,player-4,52,28,34,36,player-4,player-4
106,11,17,0.04937499761581421,player-1,56,34,38,44,player-1,player-1
106,12,23,0.06758398376405239,player-4,57,40,48,51,player-2,player-4
107,1,18,0.0674158800393343,player-2,2,3,4,0,player-1,player-2
107,2,17,0.054042087867856026,player-2,4,9,6,6,player-2,player-2
107,3,18,0.05529099144041538,player-4,10,14,12,12,player-3,player-4
107,4,18,0.05516619421541691,player-1,10,16,16,13,player-4,player-1
107,5,17,0.060957856476306915,player-1,12,18,18,19,player-1,player-1
107,6,18,0.05683302879333496,player-3,14,22,22,19,player-2,player-3
107,7,33,0.06570806726813316,none,16,23,25,23,player-3,none
107,8,17,0.05616690032184124,player-4,22,27,30,29,player-4,player-4
107,9,17,0.05550007335841656,player-1,31,32,34,38,player-1,player-1
107,10,17,0.05150004290044308,player-2,37,34,35,39,player-2,player-2
107,11,17,0.0641669612377882,player-3,41,39,40,46,player-3,player-3
107,12,26,0.054167117923498154,player-1,43,41,40,53,player-4,player-1
107,13,17,0.06091594696044922,player-1,48,43,40,53,player-1,player-1
107,14,28,0.0663751270622015,player-1,57,45,51,60,player-2,player-1
108,1,17,0.04575005732476711,player-4,4,4,1,5,player-4,player-4
108,2,20,0.07187481969594955,player-4,11,11,6,16,player-1,player-4
108,3,17,0.04395795986056328,player-2,15,21,6,16,player-2,player-2
108,4,17,0.05516689270734787,player-3,17,21,10,20,player-3,player-3
108,5,17,0.04829093813896179,player-4,18,23,14,24,player-4,player-4
108,6,23,0.0691248569637537,player-3,20,25,23,32,player-1,player-3
108,7,17,0.0617089681327343,player-2,25,27,26,33,player-2,player-2
108,8,18,0.0641250517219305,player-4,28,35,29,42,player-3,player-4
108,9,18,0.06125005893409252,player-1,30,39,35,44,player-4,player-1
108,10,17,0.04812492989003658,player-1,38,42,44,48,player-1,player-1
108,11,18,0.05095801316201687,player-3,48,46,48,51,player-2,player-3
108,12,17,0.05437503568828106,player-3,50,52,50,56,player-3,player-3
109,1,17,0.051167095080018044,player-2,2,3,1,5,player-2,player-2
109,2,17,0.04724995233118534,player-3,4,4,3,8,player-3,player-3
109,3,17,0.06083305925130844,player-4,15,14,13,18,player-4,player-4
109,4,20,0.04887511022388935,player-4,23,16,15,20,player-1,player-4
109,5,17,0.0577499158680439,player-2,23,32,19,32,player-2,player-2
109,6,17,0.06316718645393848,player-3,35,34,25,40,player-3,player-3
109,7,17,0.07049995474517345,player-4,39,39,35,47,player-4,player-4
109,8,17,0.05970895290374756,player-1,46,39,35,56,player-1,player-1
109,9,18,0.059125013649463654,player-3,53,41,37,57,player-2,player-3
109,10,22,0.057957833632826805,player-4,60,48,38,64,player-3,player-4
110,1,17,0.05733408033847809,player-2,3,8,1,2,player-2,player-2
110,2,17,0.049416907131671906,player-3,3,9,7,6,player-3,player-3
110,3,18,0.05462486296892166,player-1,6,17,9,8,player-4,player-1
110,4,21,0.06474996916949749,player-1,10,17,11,21,player-1,player-1
110,5,17,0.04070787690579891,player-2,12,18,13,22,player-2,player-2
110,6,19,0.06033293902873993,player-1,17,25,15,26,player-3,player-1
110,7,19,0.05212496034801006,player-2,22,40,21,28,player-4,player-2
110,8,19,0.04670792259275913,player-3,23,40,24,28,player-1,player-3
110,9,18,0.06758421659469604,player-3,23,46,24,33,player-2,player-3
110,10,18,0.0702079851180315,player-4,28,56,30,37,player-3,player-4
110,11,20,0.0630419235676527,player-3,28,59,38,41,player-4,player-3
111,1,17,0.05070795305073261,player-2,8,7,0,8,player-2,player-2
111,2,17,0.041041988879442215,player-3,8,10,5,10,player-3,player-3
111,3,18,0.04370789974927902,player-1,9,12,12,15,player-4,player-1
111,4,19,0.05929195322096348,player-3,11,17,22,15,player-1,player-3
111,5,17,0.0646661501377821,player-2,16,24,26,23,player-2,player-2
111,6,19,0.04824995994567871,player-1,18,24,31,25,player-3,player-1
111,7,17,0.05016685463488102,player-4,23,29,35,28,player-4,player-4
111,8,17,0.06454205140471458,player-1,30,30,39,35,player-1,player-1
111,9,17,0.06008311174809933,player-2,30,35,41,43,player-2,player-2
111,10,20,0.06241584196686745,player-2,36,38,45,45,player-3,player-2
111,11,18,0.0524579081684351,player-1,39,38,45,47,player-4,player-1
111,12,17,0.04454189911484718,player-1,44,41,45,51,player-1,player-1
111,13,20,0.07595797069370747,player-1,56,45,62,51,player-2,player-1
112,1,17,0.07020914927124977,player-1,6,3,0,4,player-1,player-1
112,2,17,0.047208042815327644,player-2,6,9,0,8,player-2,player-2
112,3,17,0.06108288653194904,player-3,8,16,2,11,player-3,player-3
112,4,17,0.05654105916619301,player-4,8,19,3,13,player-4,player-4
112,5,17,0.05545793101191521,player-1,12,25,10,22,player-1,player-1
112,6,17,0.07724994793534279,player-2,21,25,13,26,player-2,player-2
112,7,17,0.0517088919878006,player-3,21,32,18,28,player-3,player-3
112,8,17,0.05195802077651024,player-4,24,36,18,32,player-4,player-4
112,9,17,0.05508307367563248,player-1,35,38,21,36,player-1,player-1
112,10,17,0.06191595457494259,player-2,39,52,23,46,player-2,player-2
112,11,17,0.07099984213709831,player-3,50,55,30,48,player-3,player-3
113,1,17,0.06158393807709217,player-3,3,6,1,0,player-3,player-3
113,2,17,0.05562487058341503,player-4,4,6,5,4,player-4,player-4
113,3,21,0.0635830219835043,player-1,11,9,12,9,player-1,player-1
113,4,17,0.07083290256559849,player-2,11,27,14,22,player-2,player-2
113,5,20,0.04712492227554321,player-2,15,30,18,22,player-3,player-2
113,6,17,0.05879206582903862,player-4,19,35,22,32,player-4,player-4
113,7,17,0.05324999801814556,player-1,23,37,24,38,player-1,player-1
113,8,18,0.09091687388718128,player-3,28,39,26,43,player-2,player-3
113,9,17,0.05037500523030758,player-3,32,44,30,44,player-3,player-3
113,10,17,0.04395912401378155,player-4,33,46,32,51,player-4,player-4
113,11,19,0.05666702054440975,player-3,38,48,37,51,player-1,player-3
113,12,18,0.045625027269124985,player-3,40,54,37,55,player-2,player-3
114,1,18,0.06083282642066479,player-2,1,8,3,2,player-1,player-2
114,2,18,0.049582915380597115,player-3,2,11,6,4,player-2,player-3
114,3,18,0.046083005145192146,player-4,5,14,10,5,player-3,player-4
114,4,18,0.0539170578122139,player-1,11,16,12,6,player-4,player-1
114,5,18,0.06641680374741554,player-2,12,17,15,7,player-1,player-2
114,6,17,0.06508384831249714,player-2,18,23,19,10,player-2,player-2
114,7,17,0.069458968937397,player-3,18,28,22,14,player-3,player-3
114,8,17,0.061416998505592346,player-4,22,31,22,17,player-4,player-4
114,9,17,0.04837499000132084,player-1,25,33,24,20,player-1,player-1
114,10,17,0.05833292379975319,player-2,30,35,24,20,player-2,player-2
114,11,17,0.058582983911037445,player-3,32,38,31,24,player-3,player-3
114,12,18,0.056999968364834785,player-1,33,38,31,27,player-4,player-1
114,13,18,0.05441717803478241,player-2,37,49,31,29,player-1,player-2
114,14,17,0.048208050429821014,player-2,39,52,38,36,player-2,player-2
114,15,17,0.05183299072086811,player-3,39,52,40,40,player-3,player-3
114,16,17,0.05991593934595585,player-4,40,56,44,42,player-4,player-4
114,17,17,0.04824995994567871,player-1,45,59,44,44,player-1,player-1
115,1,17,0.06066611967980862,player-4,0,1,4,4,player-4,player-4
115,2,18,0.061583006754517555,player-2,2,3,8,8,player-1,player-2
115,3,19,0.05195802077651024,player-4,6,5,10,13,player-2,player-4
115,4,21,0.048459041863679886,player-3,9,8,12,15,player-3,player-3
115,5,18,0.05137501284480095,player-1,14,12,14,17,player-4,player-1
115,6,18,0.060999998822808266,player-2,14,19,14,24,player-1,player-2
115,7,17,0.06479187868535519,player-2,16,26,16,26,player-2,player-2
115,8,19,0.0643748790025711,player-1,19,34,18,28,player-3,player-1
115,9,17,0.05874992348253727,player-4,26,39,18,34,player-4,player-4
115,10,17,0.06620795466005802,player-1,32,43,18,42,player-1,player-1
115,11,17,0.05645817145705223,player-2,36,44,24,46,player-2,player-2
115,12,18,0.058416975662112236,player-4,36,44,28,49,player-3,player-4
115,13,25,0.06137508898973465,player-4,36,44,31,52,player-4,player-4
115,14,17,0.04933308809995651,player-1,40,44,32,52,player-1,player-1
115,15,17,0.05874992348253727,player-2,43,46,38,56,player-2,player-2
116,1,18,0.06962497718632221,player-3,5,0,4,6,player-2,player-3
116,2,18,0.07733399979770184,player-4,7,1,8,13,player-3,player-4
116,3,22,0.07345899939537048,player-1,14,3,11,13,player-4,player-1
116,4,17,0.07483409717679024,player-1,17,3,15,21,player-1,player-1
116,5,18,0.07791607640683651,player-3,22,8,30,28,player-2,player-3
116,6,23,0.05037500523030758,none,22,9,32,28,player-3,none
116,7,17,0.0588330440223217,player-4,28,11,34,28,player-4,player-4
116,8,19,0.06304099224507809,player-3,31,21,34,28,player-1,player-3
116,9,27,0.08154194802045822,player-4,35,22,35,36,player-2,player-4
116,10,20,0.06479094736278057,player-2,38,26,37,44,player-3,player-2
116,11,19,0.0478341244161129,player-2,42,29,37,46,player-4,player-2
116,12,18,0.057791126891970634,player-2,44,34,40,50,player-1,player-2
116,13,18,0.06420910358428955,player-3,44,42,40,54,player-2,player-3
116,14,27,0.07845903746783733,none,60,46,40,56,player-3,none
117,1,17,0.05850009620189667,player-3,4,4,3,0,player-3,player-3
117,2,21,0.05704187788069248,none,8,4,9,2,player-4,none
117,3,17,0.05425000563263893,player-1,13,12,12,4,player-1,player-1
117,4,17,0.08187512867152691,player-2,18,22,14,9,player-2,player-2
117,5,20,0.0766250304877758,player-2,19,33,15,12,player-3,player-2
117,6,17,0.05362485535442829,player-4,20,33,15,14,player-4,player-4
117,7,17,0.09808293543756008,player-1,25,37,15,15,player-1,player-1
117,8,18,0.12791692279279232,player-3,30,37,25,17,player-2,player-3
117,9,18,0.04454189911484718,player-4,30,37,31,18,player-3,player-4
117,10,20,0.051250215619802475,player-3,34,39,35,18,player-4,player-3
117,11,17,0.0588330440223217,player-1,39,39,38,22,player-1,player-1
117,12,20,0.048208050429821014,none,42,40,38,27,player-2,none
117,13,18,0.05583302117884159,player-4,47,41,40,34,player-3,player-4
117,14,17,0.08970801718533039,player-4,53,47,46,43,player-4,player-4
117,15,18,0.06949994713068008,player-2,57,52,54,45,player-1,player-2
118,1,18,0.21237507462501526,player-3,2,8,8,6,player-2,player-3
118,2,19,0.25649997405707836,player-1,4,11,9,14,player-3,player-1
118,3,17,0.1502500381320715,player-4,4,14,10,18,player-4,player-4
118,4,18,0.17224997282028198,player-2,15,16,11,22,player-1,player-2
118,5,18,0.1787920482456684,player-3,19,16,15,24,player-2,player-3
118,6,20,0.15300000086426735,player-2,19,17,16,24,player-3,player-2
118,7,17,0.13370811939239502,player-4,19,21,16,27,player-4,player-4
118,8,19,0.16362499445676804,player-3,21,29,26,37,player-1,player-3
118,9,17,0.18729106523096561,player-2,26,32,26,38,player-2,player-2
118,10,17,0.12666615657508373,player-3,28,33,31,41,player-3,player-3
118,11,17,0.19900011830031872,player-4,34,33,35,44,player-4,player-4
118,12,19,0.20533311180770397,player-3,37,36,37,49,player-1,player-3
118,13,18,0.283209141343832,player-3,42,43,40,59,player-2,player-3
119,1,17,0.12366590090095997,player-1,1,1,3,1,player-1,player-1
119,2,17,0.06337487138807774,player-2,8,5,3,6,player-2,player-2
119,3,19,0.06020907312631607,player-1,8,5,8,10,player-3,player-1
119,4,17,0.05724979564547539,player-4,11,7,11,13,player-4,player-4
119,5,18,0.05945796146988869,player-2,12,10,11,14,player-1,player-2
119,6,19,0.11024996638298035,player-4,14,15,14,23,player-2,player-4
119,7,20,0.06820796988904476,none,16,15,18,23,player-3,none
119,8,17,0.07612491026520729,player-4,22,22,24,28,player-4,player-4
119,9,17,0.0668747816234827,player-1,26,26,28,33,player-1,player-1
119,10,19,0.0539170578122139,player-4,26,27,29,35,player-2,player-4
119,11,20,0.06225006654858589,player-2,28,35,29,37,player-3,player-2
119,12,17,0.05291705019772053,player-4,28,35,33,44,player-4,player-4
119,13,17,0.05645793862640858,player-1,37,37,35,47,player-1,player-1
119,14,17,0.05208305083215237,player-2,39,40,39,47,player-2,player-2
119,15,17,0.0516669824719429,player-3,43,40,41,47,player-3,player-3
119,16,18,0.0653339084237814,player-1,50,44,47,50,player-4,player-1
119,17,18,0.06704195402562618,player-2,51,62,49,61,player-1,player-2
120,1,27,0.07575005292892456,none,7,0,6,9,player-2,none
120,2,17,0.0888751819729805,player-3,9,3,11,11,player-3,player-3
120,3,25,0.05966704338788986,none,11,7,19,19,player-4,none
120,4,17,0.06716698408126831,player-1,14,11,22,21,player-1,player-1
120,5,17,0.06229197606444359,player-2,17,14,25,23,player-2,player-2
120,6,19,0.06729201413691044,player-1,26,20,33,26,player-3,player-1
120,7,17,0.059542013332247734,player-4,29,20,42,33,player-4,player-4
120,8,18,0.06308290176093578,player-2,33,31,44,36,player-1,player-2
120,9,23,0.0754999928176403,player-4,33,33,55,39,player-2,player-4
120,10,17,0.06295810453593731,player-3,35,34,60,39,player-3,player-3
120,11,18,0.07366598583757877,player-1,41,34,65,45,player-4,player-1
121,1,18,0.07479102350771427,player-3,4,4,1,4,player-2,player-3
121,2,17,0.0563750509172678,player-3,7,9,3,7,player-3,player-3
121,3,17,0.05191704258322716,player-4,11,13,10,12,player-4,player-4
121,4,17,0.060374848544597626,player-1,22,15,20,13,player-1,player-1
121,5,18,0.0715828500688076,player-3,26,19,25,13,player-2,player-3
121,6,17,0.06016693077981472,player-3,26,26,31,14,player-3,player-3
121,7,17,0.044833170250058174,player-4,28,29,35,17,player-4,player-4
121,8,17,0.047416891902685165,player-1,35,31,36,21,player-1,player-1
121,9,17,0.058999983593821526,player-2,39,35,44,23,player-2,player-2
121,10,18,0.051999930292367935,player-4,40,36,47,29,player-3,player-4
121,11,20,0.05991593934595585,player-3,40,40,49,31,player-4,player-3
121,12,17,0.04850002005696297,player-1,45,42,51,33,player-1,player-1
121,13,21,0.06395787931978703,player-2,47,49,54,41,player-2,player-2
122,1,18,0.05629216320812702,player-3,1,0,2,7,player-2,player-3
122,2,17,0.05920790135860443,player-3,4,4,12,10,player-3,player-3
122,3,19,0.07124990224838257,player-2,12,16,12,13,player-4,player-2
122,4,17,0.06074993871152401,player-1,19,18,22,13,player-1,player-1
122,5,18,0.06458302959799767,player-3,26,21,28,16,player-2,player-3
122,6,17,0.05829101428389549,player-3,30,23,32,17,player-3,player-3
122,7,17,0.07999991066753864,player-4,33,34,38,30,player-4,player-4
122,8,17,0.05762488581240177,player-1,35,37,39,35,player-1,player-1
122,9,17,0.04924996756017208,player-2,37,40,41,35,player-2,player-2
122,10,17,0.056208111345767975,player-3,40,43,42,41,player-3,player-3
122,11,22,0.05691708065569401,player-1,43,47,43,48,player-4,player-1
122,12,23,0.07524993270635605,player-3,44,51,45,57,player-1,player-3
123,1,34,0.07262500002980232,player-1,0,0,0,9,player-4,player-1
123,2,18,0.06074993871152401,player-2,0,1,4,14,player-1,player-2
123,3,17,0.07145805284380913,player-2,10,8,12,14,player-2,player-2
123,4,29,0.08862512186169624,player-3,22,10,26,15,player-3,player-3
123,5,24,0.0855419784784317,player-3,24,11,32,17,player-4,player-3
123,6,18,0.05870778113603592,player-2,24,12,33,18,player-1,player-2
123,7,17,0.07270812056958675,player-2,24,20,38,22,player-2,player-2
123,8,17,0.06262492388486862,player-3,37,24,48,30,player-3,player-3
123,9,18,0.0575000885874033,player-1,52,26,53,37,player-4,player-1
124,1,17,0.04829210229218006,player-3,0,2,6,3,player-3,player-3
124,2,19,0.13699987903237343,player-2,8,7,11,3,player-4,player-2
124,3,17,0.11254195123910904,player-1,12,13,14,10,player-1,player-1
124,4,18,0.07424992509186268,player-3,14,15,18,17,player-2,player-3
124,5,18,0.17324998043477535,player-4,14,26,26,21,player-3,player-4
124,6,18,0.05537504330277443,player-1,16,27,28,23,player-4,player-1
124,7,19,0.05708402022719383,player-3,18,29,33,27,player-1,player-3
124,8,17,0.08199992589652538,player-2,20,41,33,34,player-2,player-2
124,9,17,0.06216694600880146,player-3,20,43,36,36,player-3,player-3
124,10,18,0.06070802919566631,player-1,22,46,40,41,player-4,player-1
124,11,19,0.05729193799197674,player-3,22,49,43,45,player-1,player-3
124,12,19,0.07599988020956516,player-4,23,57,48,51,player-2,player-4
125,1,18,0.06795907393097878,player-1,0,5,8,0,player-4,player-1
125,2,17,0.06266706623136997,player-1,1,12,9,5,player-1,player-1
125,3,18,0.07220800034701824,player-3,4,22,12,9,player-2,player-3
125,4,17,0.06537511944770813,player-3,6,25,12,11,player-3,player-3
125,5,19,0.056916847825050354,player-2,6,31,12,17,player-4,player-2
125,6,17,0.05133310332894325,player-1,8,33,14,17,player-1,player-1
125,7,20,0.06916606798768044,player-1,11,36,14,24,player-2,player-1
125,8,17,0.07541594095528126,player-3,17,41,17,27,player-3,player-3
125,9,17,0.06445799954235554,player-4,21,44,22,36,player-4,player-4
125,10,17,0.0694170594215393,player-1,28,51,27,38,player-1,player-1
125,11,18,0.07049995474517345,player-3,28,53,34,41,player-2,player-3
125,12,20,0.07208297029137611,player-2,30,58,37,41,player-3,player-2
125,13,18,0.0491670798510313,player-1,37,60,40,42,player-4,player-1
126,1,17,0.06616697646677494,player-3,0,8,0,3,player-3,player-3
126,2,18,0.05495804361999035,player-1,5,12,6,9,player-4,player-1
126,3,17,0.057833967730402946,player-1,8,13,10,16,player-1,player-1
126,4,17,0.06966688670217991,player-2,13,16,12,21,player-2,player-2
126,5,20,0.08095800876617432,player-2,21,25,18,23,player-3,player-2
126,6,17,0.051582930609583855,player-4,24,26,22,31,player-4,player-4
126,7,20,0.05308305844664574,player-4,24,28,27,33,player-1,player-4
126,8,19,0.07862504571676254,player-4,28,33,28,37,player-2,player-4
126,9,17,0.05291705019772053,player-3,31,35,30,41,player-3,player-3
126,10,17,0.07291696965694427,player-4,36,35,37,44,player-4,player-4
126,11,17,0.06400002166628838,player-1,38,42,41,50,player-1,player-1
126,12,19,0.06316695362329483,player-4,40,46,43,56,player-2,player-4
127,1,17,0.05070888437330723,player-2,4,2,0,3,player-2,player-2
127,2,17,0.06858306005597115,player-3,12,6,13,3,player-3,player-3
127,3,18,0.0561252236366272,player-1,28,8,20,3,player-4,player-1
127,4,21,0.1002501230686903,player-1,32,13,21,6,player-1,player-1
127,5,17,0.07450021803379059,player-2,37,28,27,15,player-2,player-2
127,6,17,0.08975015953183174,player-3,37,30,34,17,player-3,player-3
127,7,20,0.0617089681327343,player-3,38,35,36,19,player-4,player-3
127,8,17,0.052958959713578224,player-1,38,42,36,26,player-1,player-1
127,9,17,0.049042049795389175,player-2,40,49,37,30,player-2,player-2
127,10,18,0.04670792259275913,player-4,40,55,41,38,player-3,player-4
127,11,17,0.10316609404981136,player-4,45,59,45,43,player-4,player-4
128,1,17,0.07633306086063385,player-4,8,3,3,5,player-4,player-4
128,2,18,0.05875015631318092,player-2,9,13,7,5,player-1,player-2
128,3,17,0.06270804442465305,player-2,15,16,7,8,player-2,player-2
128,4,17,0.05974993109703064,player-3,21,16,14,9,player-3,player-3
128,5,17,0.05454104393720627,player-4,24,16,17,17,player-4,player-4
128,6,17,0.05733408033847809,player-1,29,16,17,21,player-1,player-1
128,7,18,0.0654999166727066,player-3,30,18,22,21,player-2,player-3
128,8,17,0.05100015550851822,player-3,31,21,27,23,player-3,player-3
128,9,17,0.061166007071733475,player-4,31,27,27,37,player-4,player-4
128,10,19,0.07916707545518875,player-3,34,35,30,41,player-1,player-3
128,11,18,0.06262492388486862,player-3,39,42,32,46,player-2,player-3
128,12,19,0.06524985656142235,player-1,44,42,33,47,player-3,player-1
128,13,18,0.05991593934595585,player-1,49,42,33,53,player-4,player-1
128,14,18,0.056499848142266273,player-2,55,48,37,59,player-1,player-2
129,1,19,0.056333839893341064,player-4,1,4,0,9,player-2,player-4
129,2,24,0.0876658596098423,none,4,16,6,14,player-3,none
129,3,17,0.04937499761581421,player-4,6,20,13,14,player-4,player-4
129,4,18,0.03941706381738186,none,8,23,15,19,player-1,none
129,5,19,0.056582968682050705,player-4,11,26,15,23,player-2,player-4
129,6,17,0.048999907448887825,player-3,14,28,17,25,player-3,player-3
129,7,18,0.08845794945955276,player-1,24,29,25,31,player-4,player-1
129,8,19,0.060165999457240105,player-3,31,29,28,32,player-1,player-3
129,9,17,0.0449582003057003,player-2,35,36,30,34,player-2,player-2
129,10,20,0.05408306606113911,player-2,35,40,33,40,player-3,player-2
129,11,18,0.04604109562933445,player-1,39,40,33,43,player-4,player-1
129,12,17,0.09541702456772327,player-1,45,43,34,44,player-1,player-1
129,13,22,0.04804111085832119,none,47,46,34,45,player-2,none
129,14,19,0.0694170594215393,player-1,48,50,39,52,player-3,player-1
130,1,20,0.04058307968080044,none,5,3,2,0,player-3,none
130,2,19,0.05512498319149017,player-2,7,8,7,3,player-4,player-2
130,3,18,0.05487515591084957,player-2,8,19,8,6,player-1,player-2
130,4,17,0.054167117923498154,player-2,11,35,8,9,player-2,player-2
130,5,17,0.06229104474186897,player-3,11,43,11,13,player-3,player-3
130,6,18,0.06462517194449902,player-1,19,46,14,15,player-4,player-1
130,7,18,0.04950002767145634,player-2,25,48,16,15,player-1,player-2
130,8,17,0.041499966755509377,player-2,29,51,16,18,player-2,player-2
130,9,17,0.0791249331086874,player-3,38,53,18,18,player-3,player-3
130,10,17,0.054459087550640106,player-4,39,57,20,25,player-4,player-4
130,11,17,0.05579204298555851,player-1,51,57,26,26,player-1,player-1
130,12,19,0.053167110309004784,player-4,52,59,29,36,player-2,player-4
130,13,19,0.06308290176093578,player-1,56,62,31,36,player-3,player-1
130,14,17,0.07333396933972836,player-4,58,64,39,48,player-4,player-4
131,1,17,0.05620787851512432,player-3,3,3,6,0,player-3,player-3
131,2,19,0.06695790216326714,player-2,11,10,11,1,player-4,player-2
131,3,18,0.050208065658807755,player-2,13,12,14,4,player-1,player-2
131,4,18,0.059499870985746384,player-3,14,17,20,6,player-2,player-3
131,5,17,0.05470798350870609,player-3,20,17,29,8,player-3,player-3
131,6,18,0.05645886994898319,player-1,25,19,32,14,player-4,player-1
131,7,16,0.04487507976591587,none,27,19,32,18,player-1,none
131,8,17,0.06191595457494259,player-2,29,24,32,20,player-2,player-2
131,9,17,0.05375011824071407,player-3,29,29,33,25,player-3,player-3
131,10,20,0.04850002005696297,none,29,38,41,31,player-4,none
131,11,17,0.06374996155500412,player-1,39,42,41,44,player-1,player-1
131,12,19,0.0588749535381794,player-4,46,43,55,58,player-2,player-4
132,1,18,0.04754215478897095,player-2,1,7,0,6,player-1,player-2
132,2,17,0.07058307528495789,player-2,3,13,3,8,player-2,player-2
132,3,17,0.07133278995752335,player-3,5,15,11,10,player-3,player-3
132,4,18,0.05633290857076645,player-1,7,17,19,12,player-4,player-1
132,5,20,0.05333288572728634,player-4,12,18,22,17,player-1,player-4
132,6,18,0.06408290937542915,player-3,15,23,27,17,player-2,player-3
132,7,17,0.04624994471669197,player-3,18,23,33,20,player-3,player-3
132,8,18,0.07633306086063385,player-1,19,26,40,23,player-4,player-1
132,9,19,0.08554104715585709,player-3,25,38,44,32,player-1,player-3
132,10,17,0.056541990488767624,player-2,27,42,47,34,player-2,player-2
132,11,19,0.047625042498111725,player-1,32,44,49,35,player-3,player-1
132,12,19,0.057208118960261345,player-2,32,49,53,35,player-4,player-2
132,13,17,0.06500002928078175,player-1,34,52,56,40,player-1,player-1
132,14,18,0.06083399057388306,player-3,39,57,60,42,player-2,player-3
132,15,18,0.06758398376405239,player-4,43,61,64,48,player-3,player-4
133,1,20,0.05925004370510578,player-2,1,13,2,10,player-3,player-2
133,2,18,0.0691248569637537,player-1,7,14,4,14,player-4,player-1
133,3,17,0.04554190672934055,player-1,14,14,7,19,player-1,player-1
133,4,17,0.08050003089010715,player-2,14,23,8,26,player-2,player-2
133,5,19,0.0630419235676527,player-1,16,23,11,28,player-3,player-1
133,6,17,0.0552500132471323,player-4,16,24,14,38,player-4,player-4
133,7,20,0.07016584277153015,player-4,21,30,16,48,player-1,player-4
133,8,17,0.06433296948671341,player-2,21,33,21,60,player-2,player-2
133,9,17,0.05845795385539532,player-3,29,33,28,61,player-3,player-3
133,10,18,0.06458302959799767,player-1,32,34,34,67,player-4,player-1
134,1,18,0.06712507456541061,player-1,1,4,6,1,player-4,player-1
134,2,17,0.05350005812942982,player-1,5,6,7,2,player-1,player-1
134,3,17,0.0705420970916748,player-2,11,8,13,5,player-2,player-2
134,4,17,0.06333296187222004,player-3,23,12,15,10,player-3,player-3
134,5,24,0.061583006754517555,player-3,23,16,20,11,player-4,player-3
134,6,18,0.05408399738371372,player-2,25,20,22,15,player-1,player-2
134,7,19,0.07362500764429569,player-4,31,33,25,18,player-2,player-4
134,8,17,0.051416922360658646,player-3,34,36,27,18,player-3,player-3
134,9,21,0.08462485857307911,player-4,38,40,40,23,player-4,player-4
134,10,24,0.0919171143323183,player-4,41,50,46,24,player-1,player-4
134,11,22,0.06987503729760647,player-3,49,54,48,24,player-2,player-3
134,12,17,0.05829194560647011,player-3,59,55,55,24,player-3,player-3
135,1,20,0.06929202936589718,player-2,3,13,6,10,player-3,player-2
135,2,17,0.06212480366230011,player-4,8,14,8,19,player-4,player-4
135,3,18,0.07566693238914013,player-2,14,28,14,26,player-1,player-2
135,4,18,0.062000006437301636,player-3,21,35,20,33,player-2,player-3
135,5,17,0.048457877710461617,player-3,23,38,22,38,player-3,player-3
135,6,17,0.04850002005696297,player-4,24,38,26,45,player-4,player-4
135,7,17,0.057833967730402946,player-1,26,41,32,48,player-1,player-1
135,8,21,0.0849580392241478,player-2,28,44,32,52,player-2,player-2
135,9,19,0.06083282642066479,player-1,31,47,37,52,player-3,player-1
135,10,23,0.06395787931978703,none,33,50,39,52,player-4,none
136,1,22,0.06262492388486862,player-4,0,3,4,5,player-3,player-4
136,2,17,0.06587500683963299,player-4,2,7,8,8,player-4,player-4
136,3,17,0.06945803761482239,player-1,13,10,15,9,player-1,player-1
136,4,18,0.05575013346970081,player-3,15,17,20,16,player-2,player-3
136,5,17,0.046459026634693146,player-3,15,23,25,16,player-3,player-3
136,6,17,0.04891701973974705,player-4,19,26,29,19,player-4,player-4
136,7,17,0.09099999442696571,player-1,28,30,33,23,player-1,player-1
136,8,17,0.06070919334888458,player-2,33,39,33,26,player-2,player-2
136,9,17,0.06579188629984856,player-3,35,40,43,26,player-3,player-3
136,10,17,0.06070802919566631,player-4,35,42,49,28,player-4,player-4
136,11,17,0.07608393207192421,player-1,41,47,58,30,player-1,player-1
136,12,18,0.08037500083446503,player-3,46,49,64,36,player-2,player-3
137,1,17,0.06512505933642387,player-2,7,9,7,4,player-2,player-2
137,2,17,0.048791058361530304,player-3,10,14,12,9,player-3,player-3
137,3,18,0.046416884288191795,player-1,14,15,16,10,player-4,player-1
137,4,18,0.060959020629525185,player-2,20,26,16,12,player-1,player-2
137,5,17,0.05266699008643627,player-2,23,30,16,18,player-2,player-2
137,6,17,0.06641680374741554,player-3,25,36,20,22,player-3,player-3
137,7,17,0.04254095256328583,player-4,26,39,20,24,player-4,player-4
137,8,18,0.07370812818408012,player-2,26,39,20,31,player-1,player-2
137,9,18,0.04762480966746807,player-3,27,43,28,37,player-2,player-3
137,10,17,0.06329198367893696,player-3,32,52,34,38,player-3,player-3
137,11,19,0.03758305683732033,none,35,54,37,39,player-4,none
137,12,18,0.071333022788167,player-2,35,62,49,45,player-1,player-2
138,1,20,0.07166690193116665,player-3,0,9,9,4,player-4,player-3
138,2,19,0.04816707223653793,player-3,7,12,9,7,player-1,player-3
138,3,17,0.048457877710461617,player-2,13,15,11,10,player-2,player-2
138,4,15,0.0327499583363533,none,16,18,12,10,player-3,none
138,5,19,0.04174979403614998,none,16,21,19,11,player-4,none
138,6,18,0.053208088502287865,player-2,18,24,19,11,player-1,player-2
138,7,18,0.04400010220706463,player-3,18,31,22,14,player-2,player-3
138,8,17,0.0730000901967287,player-3,28,41,26,17,player-3,player-3
138,9,17,0.06374996155500412,player-4,29,46,31,28,player-4,player-4
138,10,17,0.05820789374411106,player-1,34,50,35,34,player-1,player-1
138,11,17,0.056541990488767624,player-2,36,64,40,39,player-2,player-2
139,1,17,0.05483301356434822,player-4,2,0,2,5,player-4,player-4
139,2,17,0.05370797589421272,player-1,6,2,7,13,player-1,player-1
139,3,17,0.05791708827018738,player-2,20,12,18,19,player-2,player-2
139,4,17,0.04970794543623924,player-3,24,14,25,21,player-3,player-3
139,5,17,0.04816707223653793,player-4,27,18,31,22,player-4,player-4
139,6,24,0.06733299233019352,player-4,31,19,34,25,player-1,player-4
139,7,17,0.05595805123448372,player-2,41,33,34,28,player-2,player-2
139,8,18,0.05379202775657177,player-4,44,33,38,36,player-3,player-4
139,9,17,0.05545793101191521,player-4,49,35,41,46,player-4,player-4
139,10,19,0.05608401261270046,player-3,57,39,42,46,player-1,player-3
139,11,17,0.07483293302357197,player-2,66,42,48,47,player-2,player-2
140,1,18,0.057165976613759995,player-2,0,7,0,2,player-1,player-2
140,2,18,0.057499855756759644,player-3,1,13,2,2,player-2,player-3
140,3,17,0.06570806726813316,player-3,12,15,9,4,player-3,player-3
140,4,18,0.051208073273301125,player-1,16,19,11,5,player-4,player-1
140,5,24,0.07329205982387066,player-4,22,26,23,20,player-1,player-4
140,6,19,0.05712499842047691,player-4,24,28,25,27,player-2,player-4
140,7,19,0.059582991525530815,player-1,27,32,33,32,player-3,player-1
140,8,17,0.04770909436047077,player-4,30,36,33,36,player-4,player-4
140,9,17,0.07312488742172718,player-1,33,40,38,38,player-1,player-1
140,10,17,0.05137501284480095,player-2,39,44,39,40,player-2,player-2
140,11,20,0.0763328280299902,player-2,45,58,42,49,player-3,player-2
141,1,20,0.06612483412027359,player-1,9,4,2,2,player-2,player-1
141,2,19,0.07200008258223534,player-1,23,20,13,12,player-3,player-1
141,3,17,0.06237509660422802,player-4,24,28,17,15,player-4,player-4
141,4,17,0.06212480366230011,player-1,26,34,17,21,player-1,player-1
141,5,18,0.0649159774184227,player-3,28,37,19,24,player-2,player-3
141,6,19,0.05224999040365219,player-1,33,39,26,32,player-3,player-1
141,7,17,0.0749160535633564,player-4,36,41,30,38,player-4,player-4
141,8,17,0.04224991425871849,player-1,41,43,31,42,player-1,player-1
141,9,18,0.06674998439848423,player-3,41,48,34,47,player-2,player-3
141,10,18,0.04987511783838272,player-4,42,48,37,53,player-3,player-4
142,1,17,0.04291697405278683,player-4,5,0,1,7,player-4,player-4
142,2,21,0.06987503729760647,player-1,15,6,6,10,player-1,player-1
142,3,17,0.06341608241200447,player-2,15,10,8,15,player-2,player-2
142,4,22,0.07083313539624214,player-4,18,13,12,20,player-3,player-4
142,5,17,0.04891701973974705,player-4,18,21,16,24,player-4,player-4
142,6,19,0.07441593334078789,player-3,25,25,20,24,player-1,player-3
142,7,17,0.07795891724526882,player-2,34,30,26,29,player-2,player-2
142,8,18,0.06520911119878292,player-4,34,31,27,34,player-3,player-4
142,9,17,0.06074993871152401,player-4,34,31,29,43,player-4,player-4
142,10,18,0.044999876990914345,player-2,38,34,31,43,player-1,player-2
142,11,17,0.05208305083215237,player-2,38,43,34,51,player-2,player-2
142,12,18,0.04666694439947605,player-4,43,44,34,54,player-3,player-4
142,13,17,0.06720796227455139,player-4,49,45,34,63,player-4,player-4
143,1,17,0.047582900151610374,player-4,1,3,4,2,player-4,player-4
143,2,17,0.05124998278915882,player-1,6,3,4,9,player-1,player-1
143,3,20,0.05587516352534294,player-1,9,7,6,16,player-2,player-1
143,4,17,0.046625034883618355,player-3,9,7,11,19,player-3,player-3
143,5,17,0.04050019197165966,player-4,11,7,14,26,player-4,player-4
143,6,20,0.05795806646347046,player-4,14,7,19,29,player-1,player-4
143,7,18,0.045040855184197426,player-3,20,10,24,31,player-2,player-3
143,8,21,0.0869168434292078,player-3,32,17,33,31,player-3,player-3
143,9,20,0.04154210910201073,none,32,20,33,35,player-4,none
143,10,17,0.07987511344254017,player-1,41,23,47,35,player-1,player-1
143,11,20,0.06620795466005802,player-1,48,29,51,36,player-2,player-1
143,12,17,0.0642088707536459,player-3,50,32,57,38,player-3,player-3
144,1,22,0.07312488742172718,player-2,8,2,9,0,player-1,player-2
144,2,17,0.05616690032184124,player-2,15,5,14,2,player-2,player-2
144,3,17,0.052999937906861305,player-3,22,7,16,7,player-3,player-3
144,4,18,0.05820882506668568,player-1,26,11,20,9,player-4,player-1
144,5,18,0.049999915063381195,player-2,31,15,21,9,player-1,player-2
144,6,24,0.06649992428719997,player-1,40,21,27,10,player-2,player-1
144,7,19,0.0639590434730053,player-1,44,24,30,15,player-3,player-1
144,8,18,0.06508408114314079,player-1,49,28,35,22,player-4,player-1
144,9,20,0.06070802919566631,player-4,51,30,44,31,player-1,player-4
144,10,19,0.06441585719585419,player-4,54,31,50,34,player-2,player-4
145,1,17,0.046999892219901085,player-2,3,6,2,7,player-2,player-2
145,2,20,0.0577499158680439,player-2,5,13,9,7,player-3,player-2
145,3,17,0.062000006437301636,player-4,8,15,16,14,player-4,player-4
145,4,18,0.06183306686580181,player-2,12,21,16,19,player-1,player-2
145,5,19,0.06954208947718143,player-4,12,26,28,26,player-2,player-4
145,6,17,0.043459003791213036,player-3,13,26,32,28,player-3,player-3
145,7,18,0.08041597902774811,player-1,21,37,34,30,player-4,player-1
145,8,18,0.06283307448029518,player-2,21,41,36,31,player-1,player-2
145,9,17,0.061125028878450394,player-2,23,52,39,31,player-2,player-2
145,10,17,0.05320901982486248,player-3,27,53,42,32,player-3,player-3
145,11,23,0.07970817387104034,player-2,28,59,45,43,player-4,player-2
146,1,19,0.11241715401411057,player-1,5,5,5,1,player-3,player-1
146,2,17,0.05737505853176117,player-4,6,5,7,1,player-4,player-4
146,3,17,0.11537503451108932,player-1,16,7,13,5,player-1,player-1
146,4,17,0.07912516593933105,player-2,19,12,22,8,player-2,player-2
146,5,17,0.058416975662112236,player-3,24,14,29,8,player-3,player-3
146,6,20,0.07575005292892456,player-3,24,21,35,16,player-4,player-3
146,7,18,0.06187497638165951,player-2,26,31,42,16,player-1,player-2
146,8,17,0.04816683940589428,player-2,26,35,43,17,player-2,player-2
146,9,24,0.05870801396667957,none,29,38,44,17,player-3,none
146,10,20,0.061542028561234474,player-3,31,38,53,24,player-4,player-3
146,11,17,0.07091695442795753,player-1,32,42,54,28,player-1,player-1
146,12,17,0.06308313459157944,player-2,38,48,55,34,player-2,player-2
146,13,17,0.0439169816672802,player-3,42,52,59,34,player-3,player-3
147,1,20,0.06400002166628838,player-4,1,6,5,9,player-1,player-4
147,2,20,0.043958891183137894,none,5,8,5,9,player-2,none
147,3,23,0.0813330989331007,player-1,17,12,11,9,player-3,player-1
147,4,17,0.08766702376306057,player-4,23,15,18,15,player-4,player-4
147,5,17,0.05687493830919266,player-1,31,19,21,15,player-1,player-1
147,6,20,0.10166596621274948,player-1,36,25,21,22,player-2,player-1
147,7,17,0.0630419235676527,player-3,42,29,31,22,player-3,player-3
147,8,17,0.08562486618757248,player-4,46,32,35,29,player-4,player-4
147,9,20,0.0829158816486597,player-4,48,36,43,38,player-1,player-4
147,10,17,0.11375010944902897,player-2,49,40,49,44,player-2,player-2
147,11,20,0.09633391164243221,player-2,52,42,49,46,player-3,player-2
148,1,20,0.05770893767476082,player-2,3,8,0,0,player-3,player-2
148,2,17,0.06620818749070168,player-4,6,9,0,5,player-4,player-4
148,3,17,0.05979207344353199,player-1,11,12,1,11,player-1,player-1
148,4,28,0.06441702134907246,none,14,16,1,17,player-2,none
148,5,17,0.05520787090063095,player-3,14,18,2,20,player-3,player-3
148,6,18,0.06820913404226303,player-1,18,22,2,26,player-4,player-1
148,7,18,0.04883413203060627,player-2,20,30,2,31,player-1,player-2
148,8,17,0.04870793782174587,player-2,20,32,5,39,player-2,player-2
148,9,17,0.06283284164965153,player-3,22,35,8,42,player-3,player-3
148,10,18,0.05100015550851822,player-1,22,36,13,46,player-4,player-1
148,11,17,0.06725010462105274,player-1,28,41,15,51,player-1,player-1
148,12,19,0.05491706542670727,player-4,30,43,19,56,player-2,player-4
148,13,17,0.08841697126626968,player-3,34,53,29,56,player-3,player-3
149,1,19,0.06874999962747097,player-2,2,7,5,5,player-4,player-2
149,2,20,0.06683310493826866,player-4,6,11,7,12,player-1,player-4
149,3,17,0.06354204379022121,player-2,17,20,18,17,player-2,player-2
149,4,17,0.04795799031853676,player-3,21,26,19,19,player-3,player-3
149,5,18,0.07216609083116055,player-1,27,30,22,26,player-4,player-1
149,6,17,0.05670893006026745,player-1,29,30,24,28,player-1,player-1
149,7,27,0.06654090248048306,none,32,34,27,33,player-2,none
149,8,17,0.045208027586340904,player-3,32,35,34,37,player-3,player-3
149,9,17,0.04824995994567871,player-4,36,38,35,44,player-4,player-4
149,10,23,0.08933315984904766,player-3,52,53,38,55,player-1,player-3
150,1,18,0.05045789293944836,player-1,8,0,1,2,player-4,player-1
150,2,17,0.052958959713578224,player-1,15,3,3,4,player-1,player-1
150,3,18,0.04591606557369232,player-3,20,8,7,4,player-2,player-3
150,4,17,0.05233287811279297,player-3,20,13,17,6,player-3,player-3
150,5,17,0.050416914746165276,player-4,23,15,21,10,player-4,player-4
150,6,21,0.04375004209578037,none,25,15,23,11,player-1,none
150,7,28,0.06691622547805309,none,33,18,23,13,player-2,none
150,8,19,0.04912493750452995,player-1,38,19,28,14,player-3,player-1
150,9,17,0.06162491627037525,player-4,45,22,29,18,player-4,player-4
150,10,21,0.05962490104138851,player-1,47,22,29,20,player-1,player-1
150,11,17,0.05966587923467159,player-2,52,26,32,24,player-2,player-2
150,12,17,0.05337502807378769,player-3,55,32,38,24,player-3,player-3
150,13,17,0.05308282561600208,player-4,58,33,47,35,player-4,player-4
151,1,18,0.05495804361999035,player-1,2,7,2,2,player-4,player-1
151,2,17,0.04041590727865696,player-1,7,10,3,3,player-1,player-1
151,3,18,0.05445792339742184,player-3,7,14,14,6,player-2,player-3
151,4,18,0.05604187026619911,player-4,13,14,14,9,player-3,player-4
151,5,17,0.06174994632601738,player-4,13,19,16,11,player-4,player-4
151,6,18,0.05591590888798237,player-2,22,23,16,13,player-1,player-2
151,7,18,0.0452918466180563,player-3,23,24,20,18,player-2,player-3
151,8,17,0.04395795986056328,player-3,25,24,28,18,player-3,player-3
151,9,19,0.060165999457240105,player-2,28,33,31,21,player-4,player-2
151,10,18,0.054582953453063965,player-2,29,41,31,28,player-1,player-2
151,11,17,0.051791081205010414,player-2,31,43,35,30,player-2,player-2
151,12,17,0.05450006574392319,player-3,35,48,35,34,player-3,player-3
151,13,28,0.06466684862971306,player-3,39,53,43,35,player-4,player-3
151,14,20,0.07433397695422173,player-4,44,54,46,41,player-1,player-4
151,15,26,0.06616697646677494,none,49,61,50,49,player-2,none
152,1,18,0.06920797750353813,player-1,11,2,6,4,player-4,player-1
152,2,17,0.052333809435367584,player-1,14,2,6,6,player-1,player-1
152,3,18,0.044457847252488136,player-3,14,5,8,12,player-2,player-3
152,4,19,0.07604085840284824,player-1,17,13,12,22,player-3,player-1
152,5,18,0.05124998278915882,player-1,22,17,13,28,player-4,player-1
152,6,23,0.04912493750452995,none,26,19,17,29,player-1,none
152,7,17,0.06150011904537678,player-2,35,21,17,37,player-2,player-2
152,8,18,0.06174994632601738,player-4,38,28,21,42,player-3,player-4
152,9,17,0.0688750296831131,player-4,45,31,23,49,player-4,player-4
152,10,23,0.04491698928177357,none,51,33,24,49,player-1,none
152,11,19,0.055791810154914856,player-4,53,33,31,50,player-2,player-4
152,12,17,0.05729193799197674,player-3,58,40,33,52,player-3,player-3
152,13,19,0.07054186426103115,player-2,58,48,36,60,player-4,player-2
153,1,17,0.05224999040365219,player-4,1,7,0,1,player-4,player-4
153,2,18,0.05775014869868755,player-2,5,10,2,9,player-1,player-2
153,3,22,0.0639590434730053,player-3,8,12,5,13,player-2,player-3
153,4,17,0.0588749535381794,player-3,11,21,9,19,player-3,player-3
153,5,18,0.060416990891098976,player-1,13,21,12,28,player-4,player-1
153,6,23,0.0777500681579113,player-3,20,32,24,30,player-1,player-3
153,7,17,0.04633283242583275,player-2,22,35,27,32,player-2,player-2
153,8,18,0.04587485454976559,player-4,24,39,32,38,player-3,player-4
153,9,23,0.07608393207192421,player-2,30,47,38,42,player-4,player-2
153,10,18,0.06283307448029518,player-2,30,52,44,48,player-1,player-2
154,1,17,0.053999945521354675,player-3,3,0,1,1,player-3,player-3
154,2,17,0.05441601388156414,player-4,5,12,13,8,player-4,player-4
154,3,18,0.043625012040138245,player-2,6,16,13,8,player-1,player-2
154,4,17,0.05195802077651024,player-2,10,23,22,12,player-2,player-2
154,5,17,0.04449998959898949,player-3,15,25,23,14,player-3,player-3
154,6,19,0.0463749747723341,player-2,16,31,24,16,player-4,player-2
154,7,17,0.05425000563263893,player-1,24,36,26,16,player-1,player-1
154,8,17,0.04191603511571884,player-2,24,47,26,17,player-2,player-2
154,9,17,0.05516689270734787,player-3,26,50,29,23,player-3,player-3
154,10,17,0.06224983371794224,player-4,28,50,35,25,player-4,player-4
154,11,17,0.05833292379975319,player-1,34,54,39,28,player-1,player-1
154,12,22,0.06933300755918026,player-3,46,62,44,35,player-2,player-3
154,13,19,0.05766702815890312,player-1,47,64,45,37,player-3,player-1
155,1,19,0.05920790135860443,player-3,6,4,4,2,player-1,player-3
155,2,17,0.06291712634265423,player-2,11,5,8,7,player-2,player-2
155,3,17,0.055833952501416206,player-3,18,6,16,8,player-3,player-3
155,4,18,0.07624994032084942,player-1,22,7,21,15,player-4,player-1
155,5,17,0.05283299833536148,player-1,24,11,26,16,player-1,player-1
155,6,17,0.05270913243293762,player-2,24,13,33,19,player-2,player-2
155,7,17,0.06216694600880146,player-3,26,17,33,21,player-3,player-3
155,8,19,0.049625057727098465,player-2,31,20,34,23,player-4,player-2
155,9,19,0.05229096859693527,player-3,33,26,34,25,player-1,player-3
155,10,26,0.06674998439848423,player-3,35,29,42,31,player-2,player-3
155,11,20,0.0602498184889555,player-2,38,35,47,31,player-3,player-2
155,12,17,0.05920790135860443,player-4,38,41,49,36,player-4,player-4
155,13,18,0.06066588684916496,player-2,38,45,55,40,player-1,player-2
155,14,19,0.06483285687863827,player-4,43,49,55,50,player-2,player-4
155,15,17,0.04900014027953148,player-3,48,49,63,53,player-3,player-3
156,1,20,0.0566248781979084,player-1,4,3,8,6,player-2,player-1
156,2,19,0.05333311855792999,player-1,4,5,14,12,player-3,player-1
156,3,17,0.07575005292892456,player-4,8,7,25,24,player-4,player-4
156,4,20,0.07012509740889072,player-4,11,7,40,32,player-1,player-4
156,5,17,0.041499966755509377,player-2,14,8,46,34,player-2,player-2
156,6,20,0.05983398295938969,player-2,23,11,47,38,player-3,player-2
156,7,17,0.048999907448887825,player-4,27,14,51,39,player-4,player-4
156,8,21,0.06487499922513962,player-1,30,16,59,54,player-1,player-1
156,9,19,0.049625057727098465,player-4,30,19,60,62,player-2,player-4
156,10,17,0.044999876990914345,player-3,34,22,68,62,player-3,player-3
157,1,18,0.05170796066522598,player-2,1,7,1,2,player-1,player-2
157,2,19,0.05012494511902332,player-4,5,11,3,6,player-2,player-4
157,3,17,0.05716690793633461,player-3,11,11,9,8,player-3,player-3
157,4,17,0.05141599103808403,player-4,13,14,14,10,player-4,player-4
157,5,18,0.05329214036464691,player-2,16,20,16,12,player-1,player-2
157,6,17,0.04787510260939598,player-2,21,30,19,16,player-2,player-2
157,7,20,0.09470898658037186,player-2,21,41,32,29,player-3,player-2
157,8,18,0.058542005717754364,player-1,27,41,34,35,player-4,player-1
157,9,18,0.05987496115267277,player-2,29,45,35,35,player-1,player-2
157,10,17,0.04479195922613144,player-2,32,51,36,35,player-2,player-2
157,11,18,0.05979090929031372,player-4,38,63,37,43,player-3,player-4
158,1,23,0.06754114292562008,player-3,0,5,3,3,player-1,player-3
158,2,23,0.06054108962416649,none,3,6,12,10,player-2,none
158,3,17,0.05333311855792999,player-3,11,6,21,12,player-3,player-3
158,4,18,0.056499848142266273,player-1,18,12,28,18,player-4,player-1
158,5,19,0.051042065024375916,player-3,21,15,33,22,player-1,player-3
158,6,23,0.07191719487309456,player-4,28,19,40,27,player-2,player-4
158,7,19,0.054208096116781235,player-1,33,23,44,31,player-3,player-1
158,8,17,0.043833162635564804,player-4,33,26,47,36,player-4,player-4
158,9,17,0.05587493069469929,player-1,46,30,53,40,player-1,player-1
158,10,31,0.06854184903204441,player-4,48,33,57,41,player-2,player-4
159,1,18,0.07812492549419403,player-1,7,6,10,2,player-4,player-1
159,2,17,0.06029079668223858,player-1,7,11,11,8,player-1,player-1
159,3,31,0.06566685624420643,none,16,17,18,12,player-2,none
159,4,17,0.05933316424489021,player-3,19,22,21,14,player-3,player-3
159,5,17,0.05333311855792999,player-4,21,24,23,25,player-4,player-4
159,6,19,0.06470899097621441,player-3,21,26,31,29,player-1,player-3
159,7,17,0.05458318628370762,player-2,25,33,35,30,player-2,player-2
159,8,18,0.05208398215472698,player-4,30,33,36,37,player-3,player-4
159,9,21,0.06062490865588188,player-4,31,34,36,40,player-4,player-4
159,10,17,0.056167133152484894,player-1,37,38,44,40,player-1,player-1
159,11,19,0.06091617979109287,player-4,37,39,51,46,player-2,player-4
159,12,25,0.06579188629984856,player-3,42,46,56,48,player-3,player-3
159,13,20,0.060333870351314545,player-3,50,46,60,48,player-4,player-3
160,1,18,0.05224999040365219,player-3,5,6,2,7,player-2,player-3
160,2,17,0.05429191514849663,player-3,11,13,7,12,player-3,player-3
160,3,23,0.06670807488262653,player-2,13,13,13,20,player-4,player-2
160,4,18,0.04945811815559864,player-2,15,21,14,30,player-1,player-2
160,5,20,0.07295794785022736,player-1,26,26,17,40,player-2,player-1
160,6,17,0.04841713234782219,player-3,31,29,20,42,player-3,player-3
160,7,17,0.055999960750341415,player-4,35,34,20,50,player-4,player-4
160,8,18,0.06745802238583565,player-2,39,35,26,57,player-1,player-2
160,9,18,0.06870809011161327,player-3,47,35,36,58,player-2,player-3
160,10,17,0.048625050112605095,player-3,49,35,42,60,player-3,player-3
160,11,17,0.04241708666086197,player-4,49,40,45,65,player-4,player-4
161,1,23,0.07099984213709831,player-1,9,7,5,2,player-3,player-1
161,2,26,0.06579211913049221,player-1,14,11,5,3,player-4,player-1
161,3,17,0.043625012040138245,player-1,15,12,6,6,player-1,player-1
161,4,17,0.09758397936820984,player-2,22,18,8,9,player-2,player-2
161,5,17,0.06804196164011955,player-3,31,24,17,16,player-3,player-3
161,6,17,0.0575000885874033,player-4,32,26,19,20,player-4,player-4
161,7,17,0.05333288572728634,player-1,41,26,21,25,player-1,player-1
161,8,19,0.05966681055724621,player-4,57,41,26,28,player-2,player-4
161,9,18,0.0664170365780592,player-4,64,48,31,36,player-3,player-4
161,10,17,0.0592090655118227,player-4,67,52,38,38,player-4,player-4
162,1,18,0.06308406591415405,player-2,2,5,6,0,player-1,player-2
162,2,18,0.05045789293944836,player-3,4,6,12,3,player-2,player-3
162,3,17,0.0592090655118227,player-3,6,10,14,12,player-3,player-3
162,4,21,0.069082947447896,player-4,6,13,16,13,player-4,player-4
162,5,17,0.06608315743505955,player-1,10,20,26,14,player-1,player-1
162,6,18,0.06816606037318707,player-3,13,26,29,16,player-2,player-3
162,7,19,0.05712499842047691,player-1,19,32,29,22,player-3,player-1
162,8,19,0.057584140449762344,player-2,26,37,31,24,player-4,player-2
162,9,20,0.05433312617242336,player-4,29,39,32,24,player-1,player-4
162,10,18,0.06654090248048306,player-3,31,42,35,28,player-2,player-3
162,11,17,0.0577080063521862,player-3,34,42,43,30,player-3,player-3
162,12,17,0.05337502807378769,player-4,41,47,43,34,player-4,player-4
162,13,17,0.06495905108749866,player-1,45,47,45,34,player-1,player-1
162,14,17,0.06841705180704594,player-2,48,60,53,34,player-2,player-2
163,1,17,0.06554112769663334,player-4,0,2,3,2,player-4,player-4
163,2,18,0.08533312939107418,player-2,0,11,3,8,player-1,player-2
163,3,17,0.06491714157164097,player-2,6,15,13,11,player-2,player-2
163,4,19,0.0463330652564764,player-1,8,18,16,13,player-3,player-1
163,5,17,0.057958997786045074,player-4,10,22,16,23,player-4,player-4
163,6,19,0.07233303040266037,player-3,14,27,21,25,player-1,player-3
163,7,17,0.05129189230501652,player-2,20,30,29,27,player-2,player-2
163,8,17,0.048832967877388,player-3,24,36,34,31,player-3,player-3
163,9,17,0.04487507976591587,player-4,24,36,39,35,player-4,player-4
163,10,17,0.0505838543176651,player-1,35,38,39,39,player-1,player-1
163,11,18,0.051999930292367935,player-3,40,39,43,39,player-2,player-3
163,12,18,0.058459118008613586,player-4,47,44,47,41,player-3,player-4
163,13,17,0.06325007416307926,player-4,49,48,49,46,player-4,player-4
163,14,17,0.054791104048490524,player-1,54,49,53,55,player-1,player-1
164,1,17,0.06416719406843185,player-1,7,6,5,6,player-1,player-1
164,2,18,0.05337502807378769,player-3,12,14,6,9,player-2,player-3
164,3,20,0.06337510421872139,player-2,14,14,10,16,player-3,player-2
164,4,17,0.050040893256664276,player-4,14,18,16,17,player-4,player-4
164,5,19,0.05429191514849663,player-3,16,26,24,26,player-1,player-3
164,6,20,0.05837506614625454,player-1,17,28,26,29,player-2,player-1
164,7,20,0.05970802158117294,player-2,19,30,30,32,player-3,player-2
164,8,23,0.08324999362230301,player-2,19,34,38,38,player-4,player-2
164,9,17,0.08245906792581081,player-1,24,41,40,41,player-1,player-1
164,10,17,0.07437518797814846,player-2,27,47,44,42,player-2,player-2
164,11,17,0.04620896652340889,player-3,28,47,48,45,player-3,player-3
164,12,17,0.05383300594985485,player-4,28,48,49,50,player-4,player-4
164,13,20,0.048582907766103745,player-4,31,48,55,55,player-1,player-4
165,1,17,0.05075009539723396,player-3,3,4,5,3,player-3,player-3
165,2,17,0.05833292379975319,player-4,9,9,10,5,player-4,player-4
165,3,17,0.05024997517466545,player-1,23,14,13,9,player-1,player-1
165,4,17,0.04991702735424042,player-2,23,27,16,11,player-2,player-2
165,5,17,0.06204191595315933,player-3,28,32,19,14,player-3,player-3
165,6,27,0.0716671347618103,player-2,35,41,19,24,player-4,player-2
165,7,21,0.06849993951618671,player-1,43,43,20,28,player-1,player-1
165,8,17,0.07108296267688274,player-2,47,46,24,33,player-2,player-2
165,9,20,0.07254094816744328,player-2,55,53,27,35,player-3,player-2
165,10,19,0.0612910371273756,player-2,58,59,29,42,player-4,player-2
166,1,17,0.05712499842047691,player-3,4,3,7,3,player-3,player-3
166,2,18,0.06425008177757263,player-1,7,6,14,3,player-4,player-1
166,3,17,0.06600003689527512,player-1,14,6,17,5,player-1,player-1
166,4,17,0.05766702815890312,player-2,18,12,21,7,player-2,player-2
166,5,17,0.04354189150035381,player-3,19,15,26,7,player-3,player-3
166,6,18,0.046416884288191795,player-1,19,17,26,8,player-4,player-1
166,7,17,0.06925011985003948,player-1,25,28,30,8,player-1,player-1
166,8,17,0.06091617979109287,player-2,27,33,32,12,player-2,player-2
166,9,17,0.0461251474916935,player-3,27,35,34,15,player-3,player-3
166,10,17,0.05095801316201687,player-4,30,37,38,18,player-4,player-4
166,11,19,0.050957780331373215,player-3,31,41,45,19,player-1,player-3
166,12,22,0.06508291698992252,player-3,36,45,46,27,player-2,player-3
166,13,18,0.06479211151599884,player-4,38,48,52,29,player-3,player-4
166,14,17,0.04829186946153641,player-4,43,48,56,32,player-4,player-4
166,15,17,0.07308297790586948,player-1,45,55,56,36,player-1,player-1
167,1,17,0.05237502045929432,player-3,2,6,9,4,player-3,player-3
167,2,19,0.06591598503291607,player-2,8,10,11,5,player-4,player-2
167,3,17,0.0588330440223217,player-1,21,22,20,5,player-1,player-1
167,4,18,0.05212519317865372,player-3,23,29,20,5,player-2,player-3
167,5,17,0.04737498238682747,player-3,26,30,27,8,player-3,player-3
167,6,17,0.063000014051795,player-4,32,30,37,12,player-4,player-4
167,7,18,0.05729193799197674,player-2,34,34,39,17,player-1,player-2
167,8,22,0.0594588927924633,player-3,34,36,39,18,player-2,player-3
167,9,20,0.0552500132471323,player-2,35,41,41,22,player-3,player-2
167,10,19,0.04933401942253113,player-2,35,53,43,28,player-4,player-2
167,11,19,0.053167110309004784,player-3,36,53,47,35,player-1,player-3
167,12,17,0.06400002166628838,player-2,40,61,51,38,player-2,player-2
167,13,18,0.05216686986386776,player-4,41,62,52,38,player-3,player-4
168,1,18,0.053291209042072296,player-4,6,1,6,0,player-3,player-4
168,2,18,0.054040923714637756,player-1,9,3,12,7,player-4,player-1
168,3,18,0.048083020374178886,player-2,15,9,13,12,player-1,player-2
168,4,19,0.05566701292991638,player-4,17,17,14,20,player-2,player-4
168,5,17,0.0503340270370245,player-3,21,22,16,22,player-3,player-3
168,6,20,0.06800005212426186,player-3,35,22,31,29,player-4,player-3
168,7,25,0.05087489262223244,none,36,24,32,34,player-1,none
168,8,20,0.05283299833536148,player-1,43,30,34,41,player-2,player-1
168,9,20,0.06537488661706448,player-2,49,37,38,41,player-3,player-2
168,10,17,0.05487492308020592,player-4,49,37,38,46,player-4,player-4
168,11,17,0.06491690874099731,player-1,51,40,46,53,player-1,player-1
168,12,17,0.04641711711883545,player-2,52,41,48,56,player-2,player-2
169,1,17,0.052999937906861305,player-4,2,4,2,4,player-4,player-4
169,2,17,0.050541944801807404,player-1,8,8,2,6,player-1,player-1
169,3,18,0.05516689270734787,player-3,14,19,14,7,player-2,player-3
169,4,17,0.04712492227554321,player-3,18,22,18,11,player-3,player-3
169,5,18,0.0514171551913023,player-1,27,24,20,17,player-4,player-1
169,6,17,0.05470914766192436,player-1,32,24,20,24,player-1,player-1
169,7,22,0.05950010381639004,player-3,33,27,24,28,player-2,player-3
169,8,17,0.055165961384773254,player-3,37,29,28,32,player-3,player-3
169,9,17,0.048999907448887825,player-4,40,33,33,34,player-4,player-4
169,10,17,0.06691715680062771,player-1,45,37,34,36,player-1,player-1
169,11,17,0.05229189991950989,player-2,52,37,36,38,player-2,player-2
169,12,19,0.056916847825050354,player-1,59,41,41,43,player-3,player-1
170,1,18,0.05816691555082798,player-3,2,0,6,5,player-2,player-3
170,2,17,0.04795799031853676,player-3,4,3,7,5,player-3,player-3
170,3,17,0.06495811976492405,player-4,8,8,12,5,player-4,player-4
170,4,19,0.0538751482963562,player-3,11,14,17,8,player-1,player-3
170,5,20,0.047208042815327644,player-1,14,18,19,9,player-2,player-1
170,6,24,0.06854208186268806,player-2,15,26,25,11,player-3,player-2
170,7,18,0.051999930292367935,player-1,18,28,28,13,player-4,player-1
170,8,17,0.06670807488262653,player-1,26,33,33,17,player-1,player-1
170,9,17,0.05804095417261124,player-2,29,34,35,20,player-2,player-2
170,10,18,0.054541975259780884,player-4,30,42,36,27,player-3,player-4
170,11,18,0.04812492989003658,player-1,32,43,36,34,player-4,player-1
170,12,17,0.05629099905490875,player-1,37,51,38,39,player-1,player-1
170,13,17,0.05233311094343662,player-2,37,55,41,41,player-2,player-2
170,14,18,0.0719169620424509,player-4,47,56,49,47,player-3,player-4
171,1,19,0.05587516352534294,player-2,4,6,0,3,player-4,player-2
171,2,17,0.06683287210762501,player-1,15,8,0,4,player-1,player-1
171,3,17,0.05845795385539532,player-2,18,14,4,8,player-2,player-2
171,4,17,0.06174994632601738,player-3,25,22,6,13,player-3,player-3
171,5,17,0.04533282481133938,player-4,26,22,8,18,player-4,player-4
171,6,17,0.056582968682050705,player-1,32,25,8,21,player-1,player-1
171,7,19,0.06087496876716614,player-4,34,30,11,25,player-2,player-4
171,8,19,0.06970902904868126,player-1,45,35,16,26,player-3,player-1
171,9,17,0.048416201025247574,player-4,51,35,16,36,player-4,player-4
171,10,17,0.05737505853176117,player-1,56,35,27,45,player-1,player-1
171,11,20,0.0641250517219305,player-1,63,43,29,45,player-2,player-1
171,12,18,0.058208126574754715,player-4,67,48,37,49,player-3,player-4
172,1,17,0.05787494592368603,player-4,4,3,3,0,player-4,player-4
172,2,28,0.0635411124676466,player-4,10,5,6,4,player-1,player-4
172,3,17,0.05270796827971935,player-2,18,12,10,6,player-2,player-2
172,4,18,0.060167163610458374,player-4,19,14,14,17,player-3,player-4
172,5,19,0.0527920201420784,player-2,22,28,19,20,player-4,player-2
172,6,19,0.06074993871152401,player-3,33,38,26,25,player-1,player-3
172,7,17,0.07595797069370747,player-2,37,49,30,40,player-2,player-2
172,8,17,0.08779088966548443,player-3,48,49,39,41,player-3,player-3
172,9,17,0.07241708226501942,player-4,52,57,42,47,player-4,player-4
173,1,17,0.058542005717754364,player-3,4,2,13,0,player-3,player-3
173,2,18,0.05787494592368603,player-1,15,2,20,6,player-4,player-1
173,3,17,0.07379194721579552,player-1,20,2,22,12,player-1,player-1
173,4,22,0.08512497879564762,player-3,22,6,25,12,player-2,player-3
173,5,17,0.044582877308130264,player-3,23,10,31,12,player-3,player-3
173,6,15,0.03804103471338749,none,26,10,32,18,player-4,none
173,7,23,0.07458403706550598,player-3,30,11,35,25,player-1,player-3
173,8,17,0.06512505933642387,player-2,32,17,36,27,player-2,player-2
173,9,17,0.05529215559363365,player-3,32,21,42,27,player-3,player-3
173,10,17,0.0675420742481947,player-4,34,26,46,32,player-4,player-4
173,11,17,0.049582915380597115,player-1,36,29,48,38,player-1,player-1
173,12,17,0.05266699008643627,player-2,38,29,51,44,player-2,player-2
173,13,17,0.06579188629984856,player-3,40,31,68,49,player-3,player-3
174,1,17,0.07345899939537048,player-1,10,6,4,6,player-1,player-1
174,2,19,0.06929202936589718,player-4,14,8,4,19,player-2,player-4
174,3,17,0.07991702295839787,player-3,16,16,4,20,player-3,player-3
174,4,20,0.07083290256559849,player-3,20,22,11,23,player-4,player-3
174,5,17,0.07837498560547829,player-1,23,29,16,28,player-1,player-1
174,6,17,0.06433296948671341,player-2,31,33,23,33,player-2,player-2
174,7,18,0.05866703577339649,player-4,33,38,27,38,player-3,player-4
174,8,17,0.058582983911037445,player-4,35,40,34,41,player-4,player-4
174,9,21,0.0590828713029623,player-1,38,44,42,41,player-1,player-1
174,10,19,0.05237502045929432,player-4,38,45,52,49,player-2,player-4
174,11,19,0.07008295506238937,player-1,46,45,54,53,player-3,player-1
175,1,18,0.0599161721765995,player-1,12,0,3,12,player-4,player-1
175,2,17,0.051083043217659,player-1,18,1,4,12,player-1,player-1
175,3,17,0.05895807407796383,player-2,22,12,10,12,player-2,player-2
175,4,17,0.05800020880997181,player-3,24,17,21,18,player-3,player-3
175,5,20,0.07895799353718758,player-3,31,23,34,23,player-4,player-3
175,6,21,0.06420817226171494,none,36,27,39,29,player-1,none
175,7,19,0.062000006437301636,player-4,49,29,41,30,player-2,player-4
175,8,17,0.04654214717447758,player-3,50,35,49,30,player-3,player-3
175,9,17,0.050625065341591835,player-4,50,36,50,40,player-4,player-4
176,1,22,0.0879999715834856,player-2,9,5,2,5,player-1,player-2
176,2,17,0.05150004290044308,player-2,12,13,2,10,player-2,player-2
176,3,17,0.04495796747505665,player-3,14,13,7,12,player-3,player-3
176,4,19,0.05400017835199833,player-2,18,15,7,15,player-4,player-2
176,5,18,0.056208111345767975,player-2,19,22,7,19,player-1,player-2
176,6,17,0.05366699770092964,player-2,21,25,10,20,player-2,player-2
176,7,17,0.06229104474186897,player-3,25,28,12,23,player-3,player-3
176,8,18,0.059042125940322876,player-1,35,28,19,25,player-4,player-1
176,9,17,0.07866695523262024,player-1,41,37,26,27,player-1,player-1
176,10,17,0.06699981167912483,player-2,47,44,31,32,player-2,player-2
176,11,17,0.05487492308020592,player-3,52,45,37,34,player-3,player-3
176,12,18,0.05195802077651024,player-1,63,50,42,36,player-4,player-1
177,1,19,0.059167155995965004,player-1,0,5,4,7,player-3,player-1
177,2,18,0.07983413524925709,player-1,2,9,6,14,player-4,player-1
177,3,18,0.043999869376420975,player-2,5,9,6,16,player-1,player-2
177,4,28,0.0702079851180315,player-1,17,10,18,20,player-2,player-1
177,5,17,0.05966704338788986,player-3,21,11,27,24,player-3,player-3
177,6,20,0.06650015711784363,player-3,23,13,30,32,player-4,player-3
177,7,17,0.047208042815327644,player-1,26,17,35,35,player-1,player-1
177,8,24,0.04991702735424042,player-1,33,18,36,36,player-2,player-1
177,9,19,0.05045789293944836,player-1,37,22,36,38,player-3,player-1
177,10,17,0.06329198367893696,player-4,39,25,38,48,player-4,player-4
177,11,20,0.05466700531542301,player-4,39,28,42,52,player-1,player-4
177,12,18,0.07258309051394463,player-3,46,29,63,59,player-2,player-3
178,1,18,0.05820905789732933,player-3,4,4,0,3,player-2,player-3
178,2,18,0.06220908835530281,player-4,6,11,9,6,player-3,player-4
178,3,20,0.06762496195733547,player-3,12,16,10,9,player-4,player-3
178,4,17,0.05829194560647011,player-1,21,19,16,14,player-1,player-1
178,5,17,0.05495804361999035,player-2,24,22,21,25,player-2,player-2
178,6,17,0.05370797589421272,player-3,29,24,27,31,player-3,player-3
178,7,17,0.05825003609061241,player-4,31,32,31,33,player-4,player-4
178,8,17,0.04612491466104984,player-1,38,36,35,33,player-1,player-1
178,9,22,0.06145797669887543,player-3,39,38,36,37,player-2,player-3
178,10,17,0.06879097782075405,player-3,40,41,44,37,player-3,player-3
178,11,21,0.0592090655118227,player-4,42,43,49,42,player-4,player-4
178,12,17,0.05837506614625454,player-1,43,45,51,48,player-1,player-1
178,13,18,0.05574990063905716,player-3,49,45,53,50,player-2,player-3
179,1,17,0.044665997847914696,player-1,5,1,2,3,player-1,player-1
179,2,17,0.04475004971027374,player-2,5,4,6,7,player-2,player-2
179,3,17,0.055540818721055984,player-3,16,15,9,9,player-3,player-3
179,4,18,0.05370797589421272,player-1,22,22,20,10,player-4,player-1
179,5,24,0.06345892325043678,player-4,25,23,22,17,player-1,player-4
179,6,17,0.057167140766978264,player-2,33,30,22,20,player-2,player-2
179,7,17,0.05512498319149017,player-3,35,32,27,24,player-3,player-3
179,8,18,0.0630838330835104,player-1,37,33,30,24,player-4,player-1
179,9,17,0.05258317105472088,player-1,41,35,37,24,player-1,player-1
179,10,18,0.06554089486598969,player-3,46,36,42,30,player-2,player-3
179,11,18,0.0512909609824419,player-4,49,40,43,39,player-3,player-4
179,12,17,0.04812492989003658,player-4,50,42,45,42,player-4,player-4
179,13,22,0.06241584196686745,player-2,52,44,48,47,player-1,player-2
180,1,17,0.05825003609061241,player-1,5,2,1,4,player-1,player-1
180,2,17,0.0577499158680439,player-2,5,6,4,4,player-2,player-2
180,3,18,0.05087512545287609,player-4,5,8,5,8,player-3,player-4
180,4,17,0.045625027269124985,player-4,10,8,7,14,player-4,player-4
180,5,17,0.06116693839430809,player-1,14,17,12,20,player-1,player-1
180,6,17,0.049582915380597115,player-2,20,21,14,22,player-2,player-2
180,7,20,0.05966587923467159,player-2,23,28,17,23,player-3,player-2
180,8,19,0.05445792339742184,player-2,26,34,17,28,player-4,player-2
180,9,18,0.04287506453692913,player-2,30,36,18,31,player-1,player-2
180,10,19,0.07470790296792984,player-4,41,39,28,36,player-2,player-4
180,11,17,0.05629193037748337,player-3,43,45,37,40,player-3,player-3
180,12,17,0.043958891183137894,player-4,48,45,47,45,player-4,player-4
180,13,19,0.046416884288191795,player-3,48,46,50,48,player-1,player-3
180,14,17,0.04475004971027374,player-2,48,49,51,51,player-2,player-2
181,1,17,0.05191704258322716,player-4,2,2,2,1,player-4,player-4
181,2,18,0.06533414125442505,player-2,6,6,7,7,player-1,player-2
181,3,17,0.05837506614625454,player-2,10,11,11,14,player-2,player-2
181,4,17,0.041084131225943565,player-3,12,13,14,17,player-3,player-3
181,5,17,0.0653339084237814,player-4,12,17,18,21,player-4,player-4
181,6,17,0.05262484773993492,player-1,17,21,18,27,player-1,player-1
181,7,22,0.05070888437330723,none,18,22,20,29,player-2,none
181,8,17,0.04675006493926048,player-3,23,23,21,31,player-3,player-3
181,9,19,0.07324991747736931,player-2,26,26,24,37,player-4,player-2
181,10,18,0.04820898175239563,player-2,33,28,29,41,player-1,player-2
181,11,17,0.054999953135848045,player-2,35,34,30,44,player-2,player-2
181,12,20,0.06520794704556465,player-2,37,47,31,52,player-3,player-2
181,13,17,0.06070802919566631,player-4,41,48,35,54,player-4,player-4
182,1,17,0.05645817145705223,player-3,9,0,9,3,player-3,player-3
182,2,26,0.06987503729760647,none,11,0,13,5,player-4,none
182,3,19,0.049042049795389175,player-3,13,6,15,8,player-1,player-3
182,4,19,0.05745794624090195,player-4,13,11,21,13,player-2,player-4
182,5,17,0.05604187026619911,player-3,13,11,28,18,player-3,player-3
182,6,28,0.07812515832483768,player-3,16,13,39,22,player-4,player-3
182,7,18,0.05850009620189667,player-2,21,21,48,26,player-1,player-2
182,8,17,0.057582976296544075,player-2,22,31,49,31,player-2,player-2
182,9,17,0.050999922677874565,player-3,28,34,55,31,player-3,player-3
182,10,19,0.04912493750452995,player-2,33,34,60,34,player-4,player-2
182,11,17,0.061957864090800285,player-1,38,36,66,34,player-1,player-1
183,1,17,0.05212496034801006,player-2,3,3,10,0,player-2,player-2
183,2,18,0.060333870351314545,player-4,6,4,11,8,player-3,player-4
183,3,17,0.05887518636882305,player-4,13,6,21,10,player-4,player-4
183,4,17,0.0602921936661005,player-1,14,13,25,14,player-1,player-1
183,5,17,0.05758320912718773,player-2,19,18,26,19,player-2,player-2
183,6,18,0.05345814861357212,player-4,19,21,26,26,player-3,player-4
183,7,17,0.046584056690335274,player-4,29,30,29,35,player-4,player-4
183,8,20,0.05308398976922035,player-4,30,35,29,37,player-1,player-4
183,9,18,0.0491670798510313,player-3,32,39,34,37,player-2,player-3
183,10,17,0.05937507376074791,player-3,34,39,40,43,player-3,player-3
183,11,18,0.04529091529548168,player-1,38,43,43,47,player-4,player-1
183,12,21,0.0541249755769968,player-1,46,43,45,50,player-1,player-1
183,13,18,0.04691700451076031,player-3,54,44,50,50,player-2,player-3
184,1,17,0.05825003609061241,player-2,8,7,0,3,player-2,player-2
184,2,26,0.08220784366130829,player-4,8,12,4,16,player-3,player-4
184,3,18,0.0588749535381794,player-1,11,17,11,25,player-4,player-1
184,4,17,0.05641602911055088,player-1,13,20,15,26,player-1,player-1
184,5,17,0.0724580604583025,player-2,17,31,19,32,player-2,player-2
184,6,17,0.044999876990914345,player-3,20,33,21,35,player-3,player-3
184,7,20,0.052333809435367584,player-3,21,35,21,37,player-4,player-3
184,8,17,0.04891701973974705,player-1,25,35,25,37,player-1,player-1
184,9,18,0.07349997758865356,player-3,25,35,28,37,player-2,player-3
184,10,18,0.054584117606282234,player-4,25,37,32,40,player-3,player-4
184,11,20,0.06849993951618671,player-3,32,43,38,46,player-4,player-3
184,12,25,0.06558303721249104,player-1,35,48,39,48,player-1,player-1
184,13,23,0.06733392365276814,player-4,39,52,41,52,player-2,player-4
185,1,17,0.04724995233118534,player-2,3,2,1,4,player-2,player-2
185,2,17,0.07304106839001179,player-3,10,2,3,7,player-3,player-3
185,3,19,0.0539170578122139,player-2,21,19,6,11,player-4,player-2
185,4,17,0.04812516272068024,player-1,28,19,8,11,player-1,player-1
185,5,17,0.06937514990568161,player-2,30,25,19,15,player-2,player-2
185,6,21,0.054791104048490524,player-3,32,26,21,19,player-3,player-3
185,7,17,0.04233303479850292,player-4,37,26,22,26,player-4,player-4
185,8,18,0.061957864090800285,player-2,44,31,22,30,player-1,player-2
185,9,20,0.0616670586168766,player-1,54,32,24,37,player-2,player-1
185,10,17,0.05787494592368603,player-3,54,33,31,43,player-3,player-3
185,11,17,0.046791043132543564,player-4,54,34,36,49,player-4,player-4
185,12,19,0.057042110711336136,player-3,60,36,43,51,player-1,player-3
186,1,17,0.09970786049962044,player-4,10,2,2,5,player-4,player-4
186,2,17,0.04945811815559864,player-1,12,5,3,9,player-1,player-1
186,3,19,0.048791058361530304,player-4,16,7,4,12,player-2,player-4
186,4,17,0.04291604273021221,player-3,18,9,12,12,player-3,player-3
186,5,17,0.08454197086393833,player-4,21,13,23,18,player-4,player-4
186,6,18,0.05904096178710461,player-2,22,22,26,24,player-1,player-2
186,7,17,0.06925011985003948,player-2,28,28,29,27,player-2,player-2
186,8,17,0.07108389399945736,player-3,29,37,31,30,player-3,player-3
186,9,18,0.059999991208314896,player-1,36,41,34,35,player-4,player-1
186,10,18,0.06029102951288223,player-2,42,50,38,35,player-1,player-2
186,11,17,0.059416983276605606,player-2,49,52,38,36,player-2,player-2
186,12,19,0.05270796827971935,player-1,50,55,38,37,player-3,player-1
186,13,17,0.04816683940589428,player-4,50,56,38,42,player-4,player-4
186,14,17,0.045042019337415695,player-1,52,58,40,42,player-1,player-1
187,1,19,0.05324999801814556,player-4,1,1,6,3,player-2,player-4
187,2,17,0.07591606117784977,player-3,7,5,12,9,player-3,player-3
187,3,17,0.04424992948770523,player-4,7,6,12,11,player-4,player-4
187,4,17,0.07745902985334396,player-1,8,7,20,18,player-1,player-1
187,5,17,0.05929195322096348,player-2,13,11,25,21,player-2,player-2
187,6,17,0.06029196083545685,player-3,19,13,26,26,player-3,player-3
187,7,18,0.052582938224077225,player-1,23,13,29,32,player-4,player-1
187,8,18,0.06120884791016579,player-2,26,18,33,38,player-1,player-2
187,9,18,0.05133403465151787,player-3,36,18,42,46,player-2,player-3
187,10,17,0.06704195402562618,player-3,39,21,44,50,player-3,player-3
187,11,17,0.048165908083319664,player-4,41,22,49,56,player-4,player-4
187,12,18,0.04554190672934055,player-2,44,25,51,59,player-1,player-2
187,13,17,0.042041996493935585,player-2,46,31,55,59,player-2,player-2
188,1,17,0.05237502045929432,player-4,4,9,7,8,player-4,player-4
188,2,18,0.05741603672504425,player-2,5,17,9,12,player-1,player-2
188,3,17,0.07879105396568775,player-2,5,27,10,17,player-2,player-2
188,4,19,0.04933308809995651,player-1,12,27,14,18,player-3,player-1
188,5,17,0.046625034883618355,player-4,16,27,14,25,player-4,player-4
188,6,17,0.04975008778274059,player-1,23,31,17,27,player-1,player-1
188,7,17,0.05425000563263893,player-2,26,34,23,38,player-2,player-2
188,8,17,0.07187505252659321,player-3,35,43,26,40,player-3,player-3
188,9,23,0.05995878018438816,player-2,36,51,30,46,player-4,player-2
188,10,20,0.06016693077981472,player-4,40,51,38,52,player-1,player-4
189,1,17,0.05270796827971935,player-1,5,3,3,2,player-1,player-1
189,2,18,0.052582938224077225,player-3,6,4,3,2,player-2,player-3
189,3,17,0.04683295264840126,player-3,6,10,7,2,player-3,player-3
189,4,17,0.05345814861357212,player-4,13,12,11,4,player-4,player-4
189,5,23,0.041624996811151505,none,15,14,18,4,player-1,none
189,6,25,0.07449998520314693,player-2,20,15,22,4,player-2,player-2
189,7,17,0.040790997445583344,player-3,27,18,25,6,player-3,player-3
189,8,17,0.054208096116781235,player-4,27,20,35,14,player-4,player-4
189,9,17,0.05458318628370762,player-1,32,23,35,19,player-1,player-1
189,10,19,0.04991702735424042,player-4,34,25,36,23,player-2,player-4
189,11,17,0.06712484173476696,player-3,34,31,46,32,player-3,player-3
189,12,18,0.05950010381639004,player-1,37,39,46,35,player-4,player-1
189,13,18,0.05808309651911259,player-2,45,43,46,35,player-1,player-2
189,14,18,0.04554213955998421,player-3,49,45,55,36,player-2,player-3
190,1,23,0.06070896051824093,player-2,5,4,4,6,player-4,player-2
190,2,17,0.05795806646347046,player-1,8,4,7,11,player-1,player-1
190,3,17,0.050541944801807404,player-2,10,7,7,16,player-2,player-2
190,4,19,0.05983398295938969,player-1,12,11,16,22,player-3,player-1
190,5,17,0.04300009459257126,player-4,18,12,18,29,player-4,player-4
190,6,19,0.06520911119878292,player-3,19,12,22,29,player-1,player-3
190,7,18,0.05950010381639004,player-3,21,17,24,36,player-2,player-3
190,8,20,0.06145797669887543,player-2,25,25,24,39,player-3,player-2
190,9,17,0.0688750296831131,player-4,32,27,28,44,player-4,player-4
190,10,17,0.038250116631388664,none,33,27,30,45,player-1,none
190,11,15,0.031624920666217804,none,36,29,30,50,player-2,none
190,12,17,0.05287490785121918,player-3,41,29,31,50,player-3,player-3
190,13,19,0.04950002767145634,player-2,41,35,33,51,player-4,player-2
190,14,17,0.05712499842047691,player-1,45,35,35,55,player-1,player-1
190,15,17,0.051459064707159996,player-2,55,43,37,57,player-2,player-2
191,1,17,0.06125005893409252,player-1,4,5,1,10,player-1,player-1
191,2,17,0.04629208706319332,player-2,9,11,6,10,player-2,player-2
191,3,31,0.05950010381639004,none,15,12,11,10,player-3,none
191,4,17,0.05212496034801006,player-4,18,12,14,15,player-4,player-4
191,5,17,0.047084176912903786,player-1,20,20,16,15,player-1,player-1
191,6,17,0.06229197606444359,player-2,21,23,18,20,player-2,player-2
191,7,17,0.05183299072086811,player-3,21,26,19,24,player-3,player-3
191,8,17,0.05583302117884159,player-4,26,31,23,38,player-4,player-4
191,9,19,0.05308398976922035,player-3,32,31,26,41,player-1,player-3
191,10,19,0.0628340058028698,player-4,32,39,38,49,player-2,player-4
191,11,19,0.055374810472130775,player-1,35,40,42,53,player-3,player-1
191,12,17,0.050833914428949356,player-4,36,47,44,58,player-4,player-4
192,1,18,0.07320800796151161,player-3,6,8,7,10,player-2,player-3
192,2,20,0.06820890121161938,player-2,12,9,10,14,player-3,player-2
192,3,18,0.05695805884897709,player-1,17,10,16,16,player-4,player-1
192,4,17,0.05791708827018738,player-1,24,10,23,19,player-1,player-1
192,5,17,0.045999884605407715,player-2,31,13,26,21,player-2,player-2
192,6,17,0.05154102109372616,player-3,40,20,35,24,player-3,player-3
192,7,17,0.05687517113983631,player-4,41,24,37,31,player-4,player-4
192,8,20,0.061499886214733124,player-4,45,24,41,36,player-1,player-4
192,9,17,0.04641595296561718,player-2,45,34,41,36,player-2,player-2
192,10,17,0.069458968937397,player-3,52,36,60,36,player-3,player-3
193,1,20,0.06079208105802536,player-1,8,3,2,3,player-2,player-1
193,2,25,0.05904119461774826,player-3,9,5,10,6,player-3,player-3
193,3,28,0.08495897054672241,player-3,19,10,13,22,player-4,player-3
193,4,17,0.04633399657905102,player-1,27,11,14,23,player-1,player-1
193,5,19,0.06400002166628838,player-4,29,16,14,24,player-2,player-4
193,6,17,0.04241708666086197,player-3,30,17,24,24,player-3,player-3
193,7,19,0.07120892405509949,player-2,34,22,30,26,player-4,player-2
193,8,18,0.09462493471801281,player-2,39,27,32,35,player-1,player-2
193,9,17,0.04824995994567871,player-2,44,29,35,36,player-2,player-2
193,10,21,0.05695805884897709,none,46,37,37,37,player-3,none
193,11,20,0.06654183380305767,player-3,53,37,41,38,player-4,player-3
193,12,17,0.07787486538290977,player-1,56,44,51,39,player-1,player-1
194,1,17,0.059165991842746735,player-3,4,9,1,10,player-3,player-3
194,2,17,0.053042080253362656,player-4,7,10,4,15,player-4,player-4
194,3,18,0.07270812056958675,player-2,13,15,10,16,player-1,player-2
194,4,22,0.06770784966647625,player-3,18,22,13,16,player-2,player-3
194,5,20,0.06787478923797607,player-2,22,26,14,21,player-3,player-2
194,6,21,0.06400002166628838,player-4,26,28,17,23,player-4,player-4
194,7,18,0.060499878600239754,player-2,30,34,17,25,player-1,player-2
194,8,17,0.04516704939305782,player-2,30,35,21,29,player-2,player-2
194,9,18,0.05745794624090195,player-4,36,40,23,38,player-3,player-4
194,10,17,0.05583302117884159,player-4,36,43,29,44,player-4,player-4
194,11,17,0.062333885580301285,player-1,44,48,32,47,player-1,player-1
194,12,18,0.04987511783838272,player-3,48,53,39,49,player-2,player-3
195,1,17,0.06008404307067394,player-3,7,1,11,0,player-3,player-3
195,2,18,0.06633298471570015,player-1,12,2,14,4,player-4,player-1
195,3,18,0.07216702215373516,player-2,12,5,22,19,player-1,player-2
195,4,20,0.050999922677874565,player-1,17,7,24,19,player-2,player-1
195,5,18,0.060750171542167664,player-4,22,15,24,26,player-3,player-4
195,6,20,0.050582922995090485,player-3,23,18,28,30,player-4,player-3
195,7,17,0.045582884922623634,player-1,26,20,28,37,player-1,player-1
195,8,19,0.051167095080018044,player-4,26,23,35,38,player-2,player-4
195,9,32,0.07745809853076935,player-2,32,26,39,40,player-3,player-2
195,10,23,0.06600003689527512,none,34,26,41,47,player-4,none
195,11,19,0.04616705700755119,player-3,36,27,43,49,player-1,player-3
195,12,17,0.06274995394051075,player-2,36,29,45,50,player-2,player-2
195,13,20,0.0628340058028698,player-2,41,37,48,50,player-3,player-2
195,14,18,0.05358387716114521,player-1,43,38,54,55,player-4,player-1
195,15,18,0.05350005812942982,player-2,45,44,57,60,player-1,player-2
196,1,18,0.08562486618757248,player-2,0,6,3,6,player-1,player-2
196,2,23,0.07824995554983616,player-4,6,9,8,11,player-2,player-4
196,3,22,0.07083290256559849,player-4,7,10,10,11,player-3,player-4
196,4,20,0.07054186426103115,player-3,9,12,17,20,player-4,player-3
196,5,21,0.06520794704556465,player-1,12,15,19,27,player-1,player-1
196,6,18,0.05233287811279297,player-3,16,23,25,30,player-2,player-3
196,7,17,0.051625072956085205,player-3,22,27,35,36,player-3,player-3
196,8,17,0.054165953770279884,player-4,26,34,41,42,player-4,player-4
196,9,17,0.057459110394120216,player-1,35,36,47,45,player-1,player-1
196,10,17,0.06445799954235554,player-2,37,41,53,52,player-2,player-2
196,11,22,0.05966704338788986,player-4,37,41,58,70,player-3,player-4
197,1,17,0.0641669612377882,player-4,4,3,0,11,player-4,player-4
197,2,19,0.06308290176093578,player-3,7,4,1,14,player-1,player-3
197,3,24,0.05933316424489021,player-1,11,4,3,16,player-2,player-1
197,4,19,0.06587500683963299,player-1,28,4,8,19,player-3,player-1
197,5,17,0.048459041863679886,player-4,31,5,12,25,player-4,player-4
197,6,17,0.06537511944770813,player-1,37,6,17,29,player-1,player-1
197,7,17,0.059165991842746735,player-2,44,13,17,38,player-2,player-2
197,8,17,0.0689169391989708,player-3,49,15,24,42,player-3,player-3
197,9,18,0.05095801316201687,player-1,56,16,29,47,player-4,player-1
197,10,17,0.044791027903556824,player-1,58,16,31,50,player-1,player-1
197,11,19,0.0552500132471323,player-4,65,18,32,61,player-2,player-4
197,12,17,0.044667162001132965,player-3,67,20,39,61,player-3,player-3
198,1,17,0.05212496034801006,player-4,10,9,2,10,player-4,player-4
198,2,18,0.05233311094343662,player-2,12,18,4,10,player-1,player-2
198,3,17,0.05520787090063095,player-2,17,24,4,20,player-2,player-2
198,4,17,0.045791035518050194,player-3,17,27,5,20,player-3,player-3
198,5,18,0.06008311174809933,player-1,22,27,8,24,player-4,player-1
198,6,17,0.058125006034970284,player-1,27,29,16,27,player-1,player-1
198,7,17,0.0599161721765995,player-2,27,36,17,34,player-2,player-2
198,8,18,0.06154109723865986,player-4,27,44,22,40,player-3,player-4
198,9,17,0.05333311855792999,player-4,33,46,26,46,player-4,player-4
198,10,17,0.053416937589645386,player-1,37,46,29,51,player-1,player-1
198,11,19,0.05629216320812702,player-4,42,47,35,55,player-2,player-4
199,1,17,0.06737513467669487,player-3,4,5,8,4,player-3,player-3
199,2,19,0.04270882345736027,player-2,5,6,9,7,player-4,player-2
199,3,18,0.05704187788069248,player-2,7,10,14,11,player-1,player-2
199,4,19,0.05137501284480095,player-4,8,11,16,15,player-2,player-4
199,5,20,0.07650000043213367,player-2,14,22,20,27,player-3,player-2
199,6,18,0.06858306005597115,player-1,24,24,25,33,player-4,player-1
199,7,18,0.05445885471999645,player-2,26,29,25,37,player-1,player-2
199,8,17,0.0679998192936182,player-2,37,37,33,39,player-2,player-2
199,9,17,0.05720905028283596,player-3,37,44,37,39,player-3,player-3
199,10,27,0.09458302520215511,player-2,56,53,37,40,player-4,player-2
199,11,17,0.0412908848375082,player-1,64,56,37,42,player-1,player-1
200,1,17,0.05425000563263893,player-3,0,3,4,0,player-3,player-3
200,2,18,0.0627078115940094,player-1,4,11,12,0,player-4,player-1
200,3,17,0.05579204298555851,player-1,6,13,15,9,player-1,player-1
200,4,22,0.06216694600880146,player-3,12,19,22,10,player-2,player-3
200,5,17,0.05587516352534294,player-3,14,28,29,12,player-3,player-3
200,6,17,0.054957810789346695,player-4,14,35,34,21,player-4,player-4
200,7,18,0.049208989366889,player-2,18,36,35,26,player-1,player-2
200,8,18,0.06449990905821323,player-3,24,36,41,30,player-2,player-3
200,9,17,0.06783311255276203,player-3,26,46,46,32,player-3,player-3
200,10,17,0.06195809692144394,player-4,27,54,50,41,player-4,player-4
200,11,17,0.04987511783838272,player-1,31,56,55,43,player-1,player-1
200,12,19,0.05737505853176117,player-4,32,61,56,50,player-2,player-4
201,1,17,0.04579080268740654,player-3,5,2,5,1,player-3,player-3
201,2,18,0.04879198968410492,player-1,11,3,6,11,player-4,player-1
201,3,20,0.06400002166628838,player-4,12,5,9,16,player-1,player-4
201,4,20,0.05779089406132698,player-1,15,6,9,21,player-2,player-1
201,5,19,0.06954185664653778,player-1,22,10,12,23,player-3,player-1
201,6,17,0.050999922677874565,player-4,25,17,17,33,player-4,player-4
201,7,17,0.05100015550851822,player-1,29,21,18,33,player-1,player-1
201,8,17,0.05866587162017822,player-2,36,33,26,38,player-2,player-2
201,9,18,0.05050003528594971,player-4,37,41,26,44,player-3,player-4
201,10,17,0.08395896293222904,player-4,45,43,31,56,player-4,player-4
201,11,20,0.05320901982486248,player-4,49,45,40,59,player-1,player-4
202,1,17,0.06712507456541061,player-1,10,3,9,2,player-1,player-1
202,2,17,0.05362485535442829,player-2,14,6,9,5,player-2,player-2
202,3,17,0.055582961067557335,player-3,16,7,14,7,player-3,player-3
202,4,18,0.06687501445412636,player-1,25,11,20,18,player-4,player-1
202,5,19,0.05854107439517975,player-3,29,15,30,21,player-1,player-3
202,6,18,0.04987488500773907,player-3,35,17,35,24,player-2,player-3
202,7,17,0.05850009620189667,player-3,42,19,46,32,player-3,player-3
202,8,17,0.04158308729529381,player-4,49,21,49,38,player-4,player-4
202,9,22,0.046625034883618355,none,53,25,49,40,player-1,none
203,1,22,0.054042087867856026,player-3,0,3,7,0,player-2,player-3
203,2,19,0.07004197686910629,player-1,3,13,9,14,player-3,player-1
203,3,19,0.04829210229218006,player-2,10,18,10,15,player-4,player-2
203,4,17,0.050708185881376266,player-1,12,23,10,20,player-1,player-1
203,5,17,0.05283299833536148,player-2,17,25,15,28,player-2,player-2
203,6,18,0.043625012040138245,player-4,17,27,19,34,player-3,player-4
203,7,17,0.049625057727098465,player-4,22,27,22,42,player-4,player-4
203,8,19,0.07441593334078789,player-3,30,30,25,43,player-1,player-3
203,9,18,0.048040878027677536,player-3,31,33,27,43,player-2,player-3
203,10,25,0.053165946155786514,player-3,34,35,30,46,player-3,player-3
203,11,19,0.07758289575576782,player-2,34,44,31,52,player-4,player-2
203,12,17,0.04904181696474552,player-1,35,48,33,61,player-1,player-1
204,1,17,0.06733299233019352,player-3,5,8,8,6,player-3,player-3
204,2,23,0.048832967877388,none,5,13,10,8,player-4,none
204,3,19,0.054625095799565315,player-3,7,16,14,10,player-1,player-3
204,4,19,0.05574990063905716,player-4,13,18,17,15,player-2,player-4
204,5,20,0.0592090655118227,player-2,20,22,19,15,player-3,player-2
204,6,17,0.06712507456541061,player-4,22,29,19,16,player-4,player-4
204,7,17,0.05879206582903862,player-1,28,33,26,20,player-1,player-1
204,8,23,0.07195794023573399,player-4,36,50,29,21,player-2,player-4
204,9,18,0.053584109991788864,player-4,40,51,32,27,player-3,player-4
204,10,19,0.055584125220775604,player-2,42,59,37,35,player-4,player-2
204,11,18,0.05620904266834259,player-2,46,66,41,40,player-1,player-2
205,1,18,0.05612499080598354,player-4,10,2,7,7,player-3,player-4
205,2,18,0.05712499842047691,player-1,12,14,7,16,player-4,player-1
205,3,26,0.06983289495110512,player-2,13,21,11,24,player-1,player-2
205,4,17,0.06591714918613434,player-2,13,28,14,34,player-2,player-2
205,5,17,0.05220901221036911,player-3,17,30,16,41,player-3,player-3
205,6,17,0.047625042498111725,player-4,18,38,19,49,player-4,player-4
205,7,17,0.04787510260939598,player-1,23,40,24,49,player-1,player-1
205,8,18,0.05295802839100361,player-3,27,44,26,51,player-2,player-3
205,9,17,0.06004096940159798,player-3,30,46,29,58,player-3,player-3
206,1,27,0.07029203698039055,player-3,1,9,1,0,player-1,player-3
206,2,20,0.05345791578292847,none,1,12,1,2,player-2,none
206,3,18,0.05204183980822563,player-4,3,12,3,4,player-3,player-4
206,4,17,0.06474996916949749,player-4,7,14,10,10,player-4,player-4
206,5,17,0.057499855756759644,player-1,9,17,12,14,player-1,player-1
206,6,18,0.05866587162017822,player-3,12,22,13,21,player-2,player-3
206,7,18,0.055666081607341766,player-4,13,24,20,25,player-3,player-4
206,8,22,0.05791615694761276,player-1,20,26,23,27,player-4,player-1
206,9,19,0.049833208322525024,player-3,25,31,26,28,player-1,player-3
206,10,17,0.05416618660092354,player-2,25,38,27,32,player-2,player-2
206,11,17,0.06229197606444359,player-3,27,41,33,33,player-3,player-3
206,12,18,0.05374988541007042,player-1,28,45,35,33,player-4,player-1
206,13,19,0.04991702735424042,player-3,32,45,38,37,player-1,player-3
206,14,17,0.06566708907485008,player-2,36,51,42,37,player-2,player-2
206,15,17,0.06400002166628838,player-3,36,58,44,41,player-3,player-3
206,16,18,0.0641250517219305,player-1,47,71,44,46,player-4,player-1
207,1,18,0.09229197166860104,player-4,6,5,10,6,player-3,player-4
207,2,18,0.062000006437301636,player-1,9,8,15,12,player-4,player-1
207,3,19,0.06495811976492405,player-3,15,11,17,17,player-1,player-3
207,4,17,0.05529215559363365,player-2,24,17,23,18,player-2,player-2
207,5,17,0.06362493149936199,player-3,24,19,27,18,player-3,player-3
207,6,17,0.059208134189248085,player-4,26,25,27,32,player-4,player-4
207,7,18,0.05191704258322716,player-2,30,26,29,36,player-1,player-2
207,8,18,0.04429090768098831,player-3,35,34,30,38,player-2,player-3
207,9,18,0.0510411337018013,player-4,35,39,33,40,player-3,player-4
207,10,19,0.05216686986386776,player-2,36,40,37,44,player-4,player-2
207,11,17,0.06233411841094494,player-1,41,45,41,52,player-1,player-1
207,12,18,0.0513328704982996,player-3,43,48,48,55,player-2,player-3
208,1,17,0.0628340058028698,player-3,5,11,3,6,player-3,player-3
208,2,17,0.059582991525530815,player-4,8,17,4,17,player-4,player-4
208,3,32,0.06958399899303913,none,10,19,6,20,player-1,none
208,4,17,0.049083027988672256,player-2,13,26,9,23,player-2,player-2
208,5,18,0.07062498480081558,player-4,14,33,19,29,player-3,player-4
208,6,19,0.05616690032184124,player-2,16,41,23,36,player-4,player-2
208,7,22,0.09362492710351944,player-2,23,47,26,36,player-1,player-2
208,8,17,0.05937507376074791,player-2,23,54,28,38,player-2,player-2
208,9,28,0.08199992589652538,none,27,59,36,45,player-3,none
209,1,19,0.05270913243293762,player-2,3,2,3,1,player-4,player-2
209,2,19,0.07533305324614048,player-3,6,13,6,6,player-1,player-3
209,3,17,0.06337510421872139,player-2,14,20,11,6,player-2,player-2
209,4,22,0.054541975259780884,player-4,16,20,16,14,player-3,player-4
209,5,18,0.0539170578122139,player-1,17,25,17,17,player-4,player-1
209,6,17,0.04924996756017208,player-1,21,27,19,18,player-1,player-1
209,7,17,0.04249997437000275,player-2,23,35,20,18,player-2,player-2
209,8,17,0.04924996756017208,player-3,29,35,31,20,player-3,player-3
209,9,17,0.04591606557369232,player-4,29,39,42,25,player-4,player-4
209,10,17,0.06733415648341179,player-1,42,40,49,25,player-1,player-1
209,11,17,0.0612910371273756,player-2,43,42,58,29,player-2,player-2
210,1,17,0.061333877965807915,player-4,3,2,3,10,player-4,player-4
210,2,17,0.05808286368846893,player-1,5,2,3,12,player-1,player-1
210,3,17,0.042208004742860794,player-2,10,4,4,17,player-2,player-2
210,4,19,0.05566701292991638,player-1,14,14,6,25,player-3,player-1
210,5,17,0.05658320151269436,player-4,19,17,6,29,player-4,player-4
210,6,22,0.063000014051795,player-2,23,24,16,38,player-1,player-2
210,7,19,0.06516696885228157,player-4,31,24,20,39,player-2,player-4
210,8,19,0.053999945521354675,player-1,32,31,25,43,player-3,player-1
210,9,17,0.05449983291327953,player-4,34,34,27,50,player-4,player-4
210,10,17,0.0649578869342804,player-1,36,44,33,52,player-1,player-1
210,11,17,0.04587508738040924,player-2,38,44,38,61,player-2,player-2
211,1,17,0.06779097020626068,player-1,1,2,1,5,player-1,player-1
211,2,19,0.05087512545287609,player-4,6,8,3,9,player-2,player-4
211,3,17,0.06312504410743713,player-3,7,13,8,13,player-3,player-3
211,4,17,0.062000006437301636,player-4,17,13,16,16,player-4,player-4
211,5,17,0.06600003689527512,player-1,26,17,16,16,player-1,player-1
211,6,18,0.05220901221036911,player-3,28,23,21,21,player-2,player-3
211,7,17,0.04837499000132084,player-3,30,23,24,23,player-3,player-3
211,8,17,0.051374780014157295,player-4,32,23,29,31,player-4,player-4
211,9,17,0.056499848142266273,player-1,33,28,32,40,player-1,player-1
211,10,17,0.057416968047618866,player-2,34,41,39,48,player-2,player-2
211,11,19,0.04095910117030144,none,40,41,39,49,player-3,none
211,12,20,0.06579211913049221,player-3,40,43,43,56,player-4,player-3
211,13,17,0.05379202775657177,player-1,43,47,49,57,player-1,player-1
212,1,17,0.04624994471669197,player-2,5,2,1,5,player-2,player-2
212,2,30,0.05333288572728634,none,11,4,2,5,player-3,none
212,3,18,0.04537519998848438,player-1,22,8,3,11,player-4,player-1
212,4,17,0.059165991842746735,player-1,23,13,3,15,player-1,player-1
212,5,18,0.05462486296892166,player-3,24,19,4,18,player-2,player-3
212,6,17,0.07920898497104645,player-3,34,22,10,22,player-3,player-3
212,7,19,0.0867089256644249,player-2,42,27,13,28,player-4,player-2
212,8,20,0.07154210470616817,player-4,50,30,21,30,player-1,player-4
212,9,18,0.04775007255375385,player-3,51,33,23,33,player-2,player-3
212,10,17,0.050582922995090485,player-3,54,34,26,33,player-3,player-3
212,11,28,0.07804203778505325,player-3,55,51,26,34,player-4,player-3
212,12,17,0.0602079089730978,player-1,61,51,31,38,player-1,player-1
212,13,19,0.06516603752970695,player-4,66,55,33,43,player-2,player-4
212,14,16,0.0405418686568737,none,66,59,33,45,player-3,none
213,1,18,0.07812492549419403,player-3,0,3,0,4,player-2,player-3
213,2,17,0.06329198367893696,player-3,8,5,1,6,player-3,player-3
213,3,17,0.04737498238682747,player-4,9,9,2,8,player-4,player-4
213,4,17,0.08050003089010715,player-1,13,15,10,12,player-1,player-1
213,5,18,0.07329205982387066,player-3,17,17,19,15,player-2,player-3
213,6,20,0.09787501767277718,player-2,26,25,29,22,player-3,player-2
213,7,18,0.044665997847914696,none,33,25,33,23,player-4,none
213,8,17,0.04795799031853676,player-1,40,30,38,27,player-1,player-1
213,9,17,0.05625002086162567,player-2,45,33,40,29,player-2,player-2
213,10,24,0.06508291698992252,player-2,51,44,41,31,player-3,player-2
213,11,18,0.04404108040034771,player-1,60,45,47,32,player-4,player-1
214,1,19,0.059374840930104256,player-1,19,2,8,7,player-3,player-1
214,2,19,0.07475004531443119,player-2,26,3,16,14,player-4,player-2
214,3,17,0.05729193799197674,player-1,33,7,16,14,player-1,player-1
214,4,21,0.054459087550640106,player-2,35,10,21,20,player-2,player-2
214,5,17,0.08187489584088326,player-3,43,12,27,28,player-3,player-3
214,6,22,0.06600003689527512,player-1,51,12,30,30,player-4,player-1
214,7,17,0.061540864408016205,player-1,58,15,34,32,player-1,player-1
214,8,17,0.0647080596536398,player-2,65,20,41,34,player-2,player-2
215,1,17,0.052665825933218,player-3,7,4,5,3,player-3,player-3
215,2,22,0.08033402264118195,player-1,13,8,10,8,player-4,player-1
215,3,17,0.04804111085832119,player-1,18,10,12,8,player-1,player-1
215,4,20,0.04870793782174587,player-1,18,14,13,10,player-2,player-1
215,5,19,0.056791817769408226,player-1,22,17,13,13,player-3,player-1
215,6,17,0.05983305163681507,player-4,24,26,18,22,player-4,player-4
215,7,18,0.047582900151610374,player-2,31,26,19,28,player-1,player-2
215,8,17,0.059499870985746384,player-2,31,32,21,28,player-2,player-2
215,9,18,0.042750034481287,player-4,31,33,23,29,player-3,player-4
215,10,17,0.041624996811151505,player-4,31,39,29,33,player-4,player-4
215,11,19,0.05716690793633461,player-3,35,40,42,36,player-1,player-3
215,12,17,0.041999854147434235,player-2,39,43,46,39,player-2,player-2
215,13,18,0.06187497638165951,player-4,43,49,49,46,player-3,player-4
215,14,17,0.05187490023672581,player-4,49,62,53,50,player-4,player-4
216,1,17,0.04674983210861683,player-4,1,0,2,5,player-4,player-4
216,2,17,0.055999960750341415,player-1,5,0,7,9,player-1,player-1
216,3,17,0.0664170365780592,player-2,5,10,11,9,player-2,player-2
216,4,17,0.05870801396667957,player-3,6,12,14,13,player-3,player-3
216,5,17,0.048625050112605095,player-4,8,15,15,18,player-4,player-4
216,6,21,0.05870801396667957,player-1,10,23,19,20,player-1,player-1
216,7,17,0.04337518475949764,player-2,11,27,21,20,player-2,player-2
216,8,17,0.04045804962515831,player-3,13,27,27,21,player-3,player-3
216,9,18,0.055165961384773254,player-1,19,29,31,28,player-4,player-1
216,10,18,0.04787510260939598,player-2,22,33,38,29,player-1,player-2
216,11,18,0.04904181696474552,player-3,26,33,39,32,player-2,player-3
216,12,17,0.05149981006979942,player-3,26,39,46,32,player-3,player-3
216,13,17,0.06870785728096962,player-4,26,48,48,43,player-4,player-4
216,14,17,0.06841705180704594,player-1,32,50,54,46,player-1,player-1
216,15,17,0.04933401942253113,player-2,32,59,57,51,player-2,player-2
217,1,20,0.054833944886922836,player-4,6,1,1,0,player-1,player-4
217,2,20,0.07745809853076935,player-1,17,7,14,6,player-2,player-1
217,3,19,0.047459034249186516,player-1,24,8,18,9,player-3,player-1
217,4,17,0.04833284765481949,player-4,26,8,22,11,player-4,player-4
217,5,20,0.05983398295938969,player-4,30,8,26,23,player-1,player-4
217,6,19,0.0627920962870121,player-4,36,15,26,25,player-2,player-4
217,7,17,0.04850002005696297,player-3,46,18,31,30,player-3,player-3
217,8,18,0.051541952416300774,player-1,50,22,35,36,player-4,player-1
217,9,17,0.054915901273489,player-1,52,25,36,42,player-1,player-1
217,10,17,0.050999922677874565,player-2,56,29,38,50,player-2,player-2
217,11,17,0.042457832023501396,player-3,62,29,45,52,player-3,player-3
218,1,17,0.06191711872816086,player-2,6,3,5,6,player-2,player-2
218,2,18,0.05804095417261124,player-4,13,3,9,13,player-3,player-4
218,3,18,0.04924996756017208,player-1,19,5,9,17,player-4,player-1
218,4,19,0.04575005732476711,player-3,21,8,12,17,player-1,player-3
218,5,17,0.05437503568828106,player-2,32,21,15,27,player-2,player-2
218,6,17,0.04879198968410492,player-3,41,22,20,34,player-3,player-3
218,7,18,0.045625027269124985,player-1,42,23,23,38,player-4,player-1
218,8,19,0.04570884630084038,player-3,47,23,27,40,player-1,player-3
218,9,17,0.048042042180895805,player-2,49,26,30,43,player-2,player-2
218,10,20,0.04970910958945751,player-2,56,32,30,44,player-3,player-2
218,11,17,0.04733307287096977,player-4,61,32,35,57,player-4,player-4
218,12,20,0.05333404988050461,player-4,61,34,39,60,player-1,player-4
219,1,21,0.06391690112650394,player-2,6,3,6,0,player-2,player-2
219,2,17,0.05474989302456379,player-3,11,5,10,5,player-3,player-3
219,3,21,0.05045789293944836,player-4,16,5,13,13,player-4,player-4
219,4,17,0.04929187707602978,player-1,17,5,13,24,player-1,player-1
219,5,17,0.05604187026619911,player-2,21,12,16,26,player-2,player-2
219,6,18,0.06270897574722767,player-4,23,18,19,29,player-3,player-4
219,7,17,0.05324999801814556,player-4,26,21,24,34,player-4,player-4
219,8,18,0.05045882426202297,player-2,28,26,28,36,player-1,player-2
219,9,18,0.055625103414058685,player-3,32,29,34,36,player-2,player-3
219,10,17,0.052541960030794144,player-3,32,32,38,43,player-3,player-3
219,11,21,0.05574990063905716,player-4,35,37,44,45,player-4,player-4
219,12,17,0.04937499761581421,player-1,36,43,49,47,player-1,player-1
219,13,18,0.046208035200834274,player-3,38,45,50,48,player-2,player-3
219,14,17,0.06679189391434193,player-3,43,47,53,52,player-3,player-3
219,15,18,0.061042141169309616,player-1,43,54,54,62,player-4,player-1
220,1,19,0.06183306686580181,player-1,4,8,2,5,player-3,player-1
220,2,18,0.05925004370510578,player-1,11,21,5,15,player-4,player-1
220,3,17,0.08220784366130829,player-1,18,28,8,22,player-1,player-1
220,4,17,0.05725002847611904,player-2,20,35,11,22,player-2,player-2
220,5,22,0.08720811456441879,player-4,28,39,13,28,player-3,player-4
220,6,18,0.07145805284380913,player-1,30,42,20,29,player-4,player-1
220,7,25,0.048832967877388,none,32,45,24,31,player-1,none
220,8,17,0.04975008778274059,player-2,36,51,28,38,player-2,player-2
220,9,17,0.0952498521655798,player-3,43,56,33,38,player-3,player-3
220,10,17,0.05933293141424656,player-4,47,57,44,41,player-4,player-4
220,11,17,0.06504100747406483,player-1,48,57,52,53,player-1,player-1
221,1,17,0.07987511344254017,player-1,18,0,11,11,player-1,player-1
221,2,18,0.04458311013877392,player-3,22,5,11,13,player-2,player-3
221,3,17,0.06591691635549068,player-3,23,9,11,19,player-3,player-3
221,4,15,0.03758305683732033,none,27,13,13,20,player-4,none
221,5,18,0.06050011143088341,player-2,29,27,25,33,player-1,player-2
221,6,17,0.06383401341736317,player-2,34,28,27,33,player-2,player-2
221,7,18,0.04712515510618687,player-4,39,30,30,47,player-3,player-4
221,8,17,0.055459095165133476,player-4,39,34,36,53,player-4,player-4
221,9,17,0.05329190753400326,player-1,45,42,39,61,player-1,player-1
222,1,18,0.05825003609061241,player-3,3,2,1,0,player-2,player-3
222,2,17,0.05341717042028904,player-3,5,8,2,4,player-3,player-3
222,3,20,0.058791832998394966,player-3,7,14,4,10,player-4,player-3
222,4,17,0.04249997437000275,player-1,9,14,10,16,player-1,player-1
222,5,17,0.05574990063905716,player-2,9,16,11,19,player-2,player-2
222,6,17,0.06712507456541061,player-3,19,25,16,19,player-3,player-3
222,7,17,0.06304099224507809,player-4,22,25,19,24,player-4,player-4
222,8,17,0.08641602471470833,player-1,28,25,22,35,player-1,player-1
222,9,17,0.06579211913049221,player-2,31,26,22,44,player-2,player-2
222,10,17,0.04795799031853676,player-3,34,27,29,44,player-3,player-3
222,11,18,0.054416945204138756,player-1,37,29,32,53,player-4,player-1
222,12,18,0.05466584116220474,player-2,41,30,36,55,player-1,player-2
222,13,23,0.07700012065470219,player-4,43,32,42,59,player-2,player-4
222,14,23,0.053167110309004784,none,44,36,42,62,player-3,none
222,15,17,0.06841588765382767,player-4,51,39,44,69,player-4,player-4
223,1,17,0.0616670586168766,player-3,5,0,8,10,player-3,player-3
223,2,17,0.05270796827971935,player-4,7,7,9,24,player-4,player-4
223,3,17,0.058125006034970284,player-1,15,9,17,25,player-1,player-1
223,4,17,0.0563750509172678,player-2,15,18,17,30,player-2,player-2
223,5,17,0.05595805123448372,player-3,17,25,25,32,player-3,player-3
223,6,17,0.05537504330277443,player-4,21,25,35,38,player-4,player-4
223,7,19,0.07212511263787746,player-3,24,28,41,47,player-1,player-3
223,8,17,0.04158401861786842,player-2,29,32,41,50,player-2,player-2
223,9,17,0.049416907131671906,player-3,34,33,49,54,player-3,player-3
223,10,18,0.055666081607341766,player-1,46,36,49,62,player-4,player-1
223,11,24,0.07045804522931576,player-4,56,43,50,76,player-1,player-4
224,1,17,0.06245914846658707,player-2,6,7,1,5,player-2,player-2
224,2,18,0.04475004971027374,player-4,9,7,4,9,player-3,player-4
224,3,17,0.04687509499490261,player-4,10,9,8,14,player-4,player-4
224,4,17,0.060374848544597626,player-1,13,11,12,17,player-1,player-1
224,5,17,0.05420902743935585,player-2,18,19,16,19,player-2,player-2
224,6,18,0.07145805284380913,player-4,20,19,23,24,player-3,player-4
224,7,19,0.05441601388156414,player-2,23,23,25,28,player-4,player-2
224,8,18,0.056916847825050354,player-2,28,23,32,31,player-1,player-2
224,9,18,0.054625095799565315,player-3,28,27,35,36,player-2,player-3
224,10,17,0.06408290937542915,player-3,28,34,35,44,player-3,player-3
224,11,17,0.059957848861813545,player-4,28,46,43,59,player-4,player-4
225,1,17,0.05562487058341503,player-3,0,4,3,0,player-3,player-3
225,2,18,0.05650008097290993,player-1,1,7,4,4,player-4,player-1
225,3,17,0.05558389239013195,player-1,7,9,8,6,player-1,player-1
225,4,18,0.06225006654858589,player-3,9,14,10,8,player-2,player-3
225,5,17,0.05487492308020592,player-3,16,14,11,13,player-3,player-3
225,6,17,0.06495811976492405,player-4,20,14,16,16,player-4,player-4
225,7,19,0.050958944484591484,player-3,24,14,19,19,player-1,player-3
225,8,20,0.0641669612377882,player-1,26,17,19,24,player-2,player-1
225,9,17,0.05504186265170574,player-3,30,22,21,27,player-3,player-3
225,10,18,0.061583006754517555,player-1,37,28,29,32,player-4,player-1
225,11,18,0.04216702654957771,player-2,38,31,30,34,player-1,player-2
225,12,17,0.06612506695091724,player-2,42,35,32,36,player-2,player-2
225,13,17,0.06449990905821323,player-3,51,36,45,38,player-3,player-3
225,14,21,0.08220807649195194,player-4,54,40,48,40,player-4,player-4
226,1,20,0.05708308890461922,player-3,2,7,4,1,player-4,player-3
226,2,18,0.07604202255606651,player-2,5,11,6,1,player-1,player-2
226,3,17,0.05324999801814556,player-2,10,13,6,3,player-2,player-2
226,4,17,0.03995909355580807,player-3,11,17,10,5,player-3,player-3
226,5,22,0.06566615775227547,player-1,20,17,13,8,player-4,player-1
226,6,20,0.0588330440223217,player-4,22,20,17,11,player-1,player-4
226,7,17,0.06699981167912483,player-2,22,33,20,15,player-2,player-2
226,8,18,0.05674990825355053,player-4,23,35,25,15,player-3,player-4
226,9,17,0.04900014027953148,player-4,24,35,32,16,player-4,player-4
226,10,17,0.04337495192885399,player-1,30,35,32,16,player-1,player-1
226,11,25,0.08950009942054749,player-2,36,39,48,22,player-2,player-2
226,12,17,0.05650008097290993,player-3,42,43,50,23,player-3,player-3
226,13,17,0.04229205660521984,player-4,45,46,50,28,player-4,player-4
226,14,17,0.05170796066522598,player-1,50,49,56,31,player-1,player-1
227,1,20,0.06866594776511192,player-4,2,0,5,8,player-1,player-4
227,2,17,0.056374818086624146,player-2,5,3,8,15,player-2,player-2
227,3,17,0.06729201413691044,player-3,7,10,17,15,player-3,player-3
227,4,17,0.0516669824719429,player-4,10,14,25,17,player-4,player-4
227,5,17,0.06183399818837643,player-1,23,14,27,24,player-1,player-1
227,6,20,0.07833284325897694,player-1,32,17,38,29,player-2,player-1
227,7,20,0.04954217001795769,player-2,37,18,38,30,player-3,player-2
227,8,20,0.06183399818837643,player-3,40,28,42,33,player-4,player-3
227,9,20,0.06783287972211838,player-4,42,28,44,43,player-1,player-4
227,10,19,0.0616670586168766,player-4,43,31,47,49,player-2,player-4
227,11,19,0.05345814861357212,player-1,45,34,49,52,player-3,player-1
227,12,18,0.09054201655089855,player-1,50,34,52,55,player-4,player-1
228,1,17,0.06445799954235554,player-3,1,1,7,5,player-3,player-3
228,2,18,0.08683302439749241,player-1,14,6,10,8,player-4,player-1
228,3,17,0.07266714237630367,player-1,36,6,22,15,player-1,player-1
228,4,18,0.051208073273301125,player-3,40,8,25,17,player-2,player-3
228,5,20,0.05633407272398472,player-2,42,14,28,19,player-3,player-2
228,6,17,0.05333288572728634,player-4,49,15,30,20,player-4,player-4
228,7,20,0.07670908235013485,player-4,56,15,37,24,player-1,player-4
228,8,17,0.07770792581140995,player-2,59,31,39,26,player-2,player-2
228,9,17,0.052167102694511414,player-3,61,31,41,26,player-3,player-3
229,1,17,0.05983398295938969,player-1,2,9,5,8,player-1,player-1
229,2,18,0.0494588166475296,player-3,5,10,14,10,player-2,player-3
229,3,19,0.056833960115909576,player-1,14,13,14,13,player-3,player-1
229,4,17,0.051083043217659,player-4,19,13,14,20,player-4,player-4
229,5,19,0.0641250517219305,player-3,22,15,22,28,player-1,player-3
229,6,19,0.06004096940159798,player-4,30,24,30,38,player-2,player-4
229,7,18,0.04675006493926048,player-4,31,27,31,43,player-3,player-4
229,8,18,0.056999968364834785,player-1,35,34,35,46,player-4,player-1
229,9,18,0.06558303721249104,player-2,41,35,41,47,player-1,player-2
229,10,19,0.05824980325996876,player-4,43,40,45,57,player-2,player-4
229,11,17,0.054416945204138756,player-3,50,40,48,58,player-3,player-3
229,12,17,0.06095808930695057,player-4,56,47,57,71,player-4,player-4
230,1,19,0.05374988541007042,player-3,4,3,13,0,player-1,player-3
230,2,19,0.05604117177426815,player-4,7,7,16,2,player-2,player-4
230,3,18,0.052999937906861305,player-4,10,11,18,10,player-3,player-4
230,4,21,0.06208312697708607,player-4,12,14,21,16,player-4,player-4
230,5,17,0.05562487058341503,player-1,17,19,26,23,player-1,player-1
230,6,17,0.049416208639740944,player-2,21,26,26,24,player-2,player-2
230,7,22,0.06674998439848423,player-4,31,37,30,31,player-3,player-4
230,8,19,0.07266690954566002,player-2,43,46,40,38,player-4,player-2
230,9,19,0.06316695362329483,player-3,45,49,43,40,player-1,player-3
230,10,21,0.06883405148983002,player-2,55,61,45,44,player-2,player-2
231,1,19,0.05850009620189667,player-2,2,8,5,2,player-4,player-2
231,2,17,0.04975008778274059,player-1,3,13,9,5,player-1,player-1
231,3,17,0.0527501106262207,player-2,3,20,10,5,player-2,player-2
231,4,17,0.052165938541293144,player-3,8,26,20,5,player-3,player-3
231,5,20,0.0700000673532486,player-3,8,32,25,9,player-4,player-3
231,6,17,0.04987511783838272,player-1,12,34,26,12,player-1,player-1
231,7,20,0.05404185503721237,player-1,13,36,28,15,player-2,player-1
231,8,19,0.048625050112605095,player-1,17,37,29,19,player-3,player-1
231,9,17,0.05079200491309166,player-4,22,47,33,21,player-4,player-4
231,10,17,0.050999922677874565,player-1,28,55,35,21,player-1,player-1
231,11,17,0.04475004971027374,player-2,32,62,35,21,player-2,player-2
231,12,20,0.07766601629555225,player-2,36,72,39,28,player-3,player-2
232,1,17,0.04279077984392643,player-2,3,2,3,2,player-2,player-2
232,2,17,0.05308305844664574,player-3,7,5,7,7,player-3,player-3
232,3,17,0.05283299833536148,player-4,15,9,13,17,player-4,player-4
232,4,17,0.05249981768429279,player-1,18,12,16,25,player-1,player-1
232,5,25,0.07254211232066154,player-2,22,18,21,30,player-2,player-2
232,6,17,0.07533282041549683,player-3,26,22,30,30,player-3,player-3
232,7,18,0.06462493911385536,player-1,35,25,33,31,player-4,player-1
232,8,19,0.05658390000462532,player-3,37,37,41,31,player-1,player-3
232,9,17,0.0602921936661005,player-2,41,43,43,40,player-2,player-2
232,10,17,0.06637489423155785,player-3,46,45,45,43,player-3,player-3
232,11,17,0.05504116415977478,player-4,50,48,48,45,player-4,player-4
232,12,17,0.06516696885228157,player-1,61,52,50,47,player-1,player-1
233,1,17,0.05895807407796383,player-2,2,8,4,3,player-2,player-2
233,2,17,0.09029218927025795,player-3,6,10,10,3,player-3,player-3
233,3,17,0.05629193037748337,player-4,10,10,12,8,player-4,player-4
233,4,17,0.05395920015871525,player-1,17,10,17,10,player-1,player-1
233,5,19,0.05187490023672581,player-4,23,13,20,13,player-2,player-4
233,6,17,0.06079091690480709,player-3,24,14,30,15,player-3,player-3
233,7,17,0.05041714757680893,player-4,24,16,36,17,player-4,player-4
233,8,18,0.05654222331941128,player-2,31,21,38,17,player-1,player-2
233,9,18,0.04187482409179211,player-3,31,23,38,19,player-2,player-3
233,10,18,0.054042087867856026,player-4,34,26,39,20,player-3,player-4
233,11,19,0.08595804683864117,player-2,43,37,46,28,player-4,player-2
233,12,19,0.04833401180803776,player-3,49,41,49,33,player-1,player-3
233,13,17,0.04154117777943611,player-2,53,46,51,38,player-2,player-2
234,1,18,0.06329198367893696,player-1,6,4,5,4,player-4,player-1
234,2,21,0.05012494511902332,none,11,6,5,7,player-1,none
234,3,17,0.0510411337018013,player-2,17,12,7,14,player-2,player-2
234,4,18,0.06170803681015968,player-4,24,16,14,21,player-3,player-4
234,5,17,0.05274987779557705,player-4,28,16,15,23,player-4,player-4
234,6,17,0.06770901381969452,player-1,35,20,21,29,player-1,player-1
234,7,21,0.06258278153836727,player-2,37,27,34,33,player-2,player-2
234,8,17,0.0539170578122139,player-3,37,42,41,33,player-3,player-3
234,9,18,0.05687517113983631,player-1,37,44,43,43,player-4,player-1
234,10,19,0.060416990891098976,player-3,38,48,56,52,player-1,player-3
235,1,17,0.06558396853506565,player-3,5,3,6,0,player-3,player-3
235,2,18,0.05787494592368603,player-1,12,4,8,4,player-4,player-1
235,3,17,0.04233303479850292,player-1,16,4,10,7,player-1,player-1
235,4,18,0.04470790736377239,player-3,18,8,12,9,player-2,player-3
235,5,17,0.06825011223554611,player-3,24,15,13,14,player-3,player-3
235,6,18,0.05204183980822563,player-1,27,18,22,16,player-4,player-1
235,7,18,0.047582900151610374,player-2,28,24,27,19,player-1,player-2
235,8,17,0.06195809692144394,player-2,38,24,35,21,player-2,player-2
235,9,19,0.04924996756017208,player-1,42,25,40,30,player-3,player-1
235,10,31,0.07637497037649155,player-2,44,29,47,32,player-4,player-2
235,11,19,0.0643748790025711,player-3,46,34,55,38,player-1,player-3
236,1,18,0.05520787090063095,player-3,0,5,2,2,player-2,player-3
236,2,18,0.04549999721348286,player-4,2,11,2,4,player-3,player-4
236,3,17,0.05587516352534294,player-4,5,15,3,7,player-4,player-4
236,4,17,0.061125028878450394,player-1,12,19,9,9,player-1,player-1
236,5,17,0.05283299833536148,player-2,16,23,9,12,player-2,player-2
236,6,20,0.06312504410743713,player-2,21,24,13,17,player-3,player-2
236,7,18,0.06345799192786217,player-1,22,25,18,20,player-4,player-1
236,8,19,0.05833408795297146,player-3,26,35,28,25,player-1,player-3
236,9,17,0.055541982874274254,player-2,32,36,31,30,player-2,player-2
236,10,19,0.055999960750341415,player-1,37,42,32,30,player-3,player-1
236,11,17,0.046708155423402786,player-4,39,44,35,34,player-4,player-4
236,12,18,0.0588330440223217,player-2,44,50,41,47,player-1,player-2
236,13,17,0.05408306606113911,player-2,53,53,44,53,player-2,player-2
237,1,17,0.05508307367563248,player-2,0,5,1,2,player-2,player-2
237,2,18,0.05945796146988869,player-4,5,5,11,2,player-3,player-4
237,3,20,0.0554998405277729,player-3,8,6,13,9,player-4,player-3
237,4,17,0.05658390000462532,player-1,15,8,16,13,player-1,player-1
237,5,19,0.04987488500773907,player-4,18,16,21,21,player-2,player-4
237,6,17,0.07083406671881676,player-3,22,22,28,22,player-3,player-3
237,7,17,0.05691614933311939,player-4,25,24,37,25,player-4,player-4
237,8,18,0.06087520159780979,player-2,28,31,44,33,player-1,player-2
237,9,17,0.0538751482963562,player-2,35,40,46,33,player-2,player-2
237,10,18,0.049999915063381195,player-4,40,44,54,33,player-3,player-4
237,11,18,0.061125028878450394,player-1,48,44,59,36,player-4,player-1
238,1,19,0.056040938943624496,player-3,4,3,4,3,player-1,player-3
238,2,18,0.04766695201396942,player-3,4,5,8,9,player-2,player-3
238,3,17,0.054582953453063965,player-3,5,10,13,13,player-3,player-3
238,4,19,0.06229197606444359,player-2,7,19,21,13,player-4,player-2
238,5,17,0.04579196684062481,player-1,10,20,25,14,player-1,player-1
238,6,17,0.057916855439543724,player-2,14,25,28,14,player-2,player-2
238,7,17,0.06574997678399086,player-3,21,25,35,16,player-3,player-3
238,8,19,0.07299985736608505,player-2,28,32,42,23,player-4,player-2
238,9,17,0.0541249755769968,player-1,33,36,45,25,player-1,player-1
238,10,17,0.06587500683963299,player-2,33,42,47,30,player-2,player-2
238,11,17,0.06354087963700294,player-3,33,43,54,35,player-3,player-3
238,12,22,0.06329198367893696,player-1,35,50,62,36,player-4,player-1
238,13,18,0.0599580816924572,player-2,40,54,67,42,player-1,player-2
239,1,20,0.0588749535381794,player-2,0,10,2,7,player-3,player-2
239,2,18,0.045625027269124985,player-1,9,13,4,9,player-4,player-1
239,3,18,0.044416869059205055,player-2,11,15,4,10,player-1,player-2
239,4,17,0.04850002005696297,player-2,12,23,8,10,player-2,player-2
239,5,19,0.046625034883618355,player-1,17,24,10,10,player-3,player-1
239,6,18,0.05375011824071407,player-1,24,25,11,13,player-4,player-1
239,7,18,0.04483293741941452,player-2,24,27,17,15,player-1,player-2
239,8,17,0.05783303640782833,player-2,32,33,21,21,player-2,player-2
239,9,18,0.059540849179029465,player-4,37,36,25,29,player-3,player-4
239,10,18,0.051625072956085205,player-1,37,37,27,36,player-4,player-1
239,11,17,0.044625019654631615,player-1,39,38,27,36,player-1,player-1
239,12,19,0.052916817367076874,none,41,40,30,48,player-2,none
239,13,17,0.05066697485744953,player-3,43,48,33,53,player-3,player-3
240,1,17,0.05220784805715084,player-4,2,3,9,3,player-4,player-4
240,2,18,0.06312504410743713,player-2,3,3,16,11,player-1,player-2
240,3,18,0.06716698408126831,player-3,5,11,25,15,player-2,player-3
240,4,18,0.04641595296561718,player-4,7,15,25,22,player-3,player-4
240,5,17,0.0677919015288353,player-4,12,21,30,23,player-4,player-4
240,6,17,0.05241716280579567,player-1,12,27,30,30,player-1,player-1
240,7,22,0.07962505333125591,player-3,18,45,32,33,player-2,player-3
240,8,18,0.060999998822808266,player-4,25,48,39,43,player-3,player-4
240,9,17,0.055540818721055984,player-4,25,58,42,57,player-4,player-4
241,1,18,0.06758305244147778,player-3,3,5,3,3,player-2,player-3
241,2,19,0.05024997517466545,player-1,16,8,7,4,player-3,player-1
241,3,20,0.05879206582903862,player-3,16,18,7,5,player-4,player-3
241,4,17,0.06958283483982086,player-1,21,23,8,8,player-1,player-1
241,5,18,0.05558389239013195,player-3,24,25,15,12,player-2,player-3
241,6,17,0.054582953453063965,player-3,29,28,16,16,player-3,player-3
241,7,17,0.062499893829226494,player-4,32,33,20,19,player-4,player-4
241,8,18,0.058208126574754715,player-2,33,47,20,21,player-1,player-2
241,9,17,0.06558303721249104,player-2,35,51,25,23,player-2,player-2
241,10,18,0.04616682417690754,player-4,35,55,33,26,player-3,player-4
241,11,18,0.04954100586473942,player-1,43,62,36,27,player-4,player-1
241,12,17,0.06033317185938358,player-1,49,63,36,30,player-1,player-1
241,13,18,0.07454096339643002,player-3,53,72,39,36,player-2,player-3
242,1,17,0.06608385592699051,player-2,3,13,5,0,player-2,player-2
242,2,17,0.04424992948770523,player-3,7,17,11,1,player-3,player-3
242,3,17,0.05929195322096348,player-4,9,21,15,6,player-4,player-4
242,4,20,0.05241716280579567,player-4,10,21,15,12,player-1,player-4
242,5,17,0.04545808769762516,player-2,15,25,15,14,player-2,player-2
242,6,18,0.05120900459587574,player-4,15,31,17,16,player-3,player-4
242,7,17,0.04862481728196144,player-4,18,31,20,23,player-4,player-4
242,8,25,0.11587492190301418,player-1,27,35,37,28,player-1,player-1
242,9,18,0.05250005051493645,player-3,29,41,42,30,player-2,player-3
242,10,17,0.06904196925461292,player-3,41,41,50,35,player-3,player-3
242,11,21,0.0577499158680439,player-4,45,49,51,38,player-4,player-4
242,12,18,0.048083020374178886,player-2,45,52,53,43,player-1,player-2
242,13,17,0.07229205220937729,player-2,49,58,60,45,player-2,player-2
243,1,17,0.08208397775888443,player-4,7,8,4,4,player-4,player-4
243,2,17,0.07504201494157314,player-1,16,10,4,6,player-1,player-1
243,3,18,0.07254094816744328,player-3,19,13,14,6,player-2,player-3
243,4,17,0.04933308809995651,player-3,21,16,21,9,player-3,player-3
243,5,18,0.0635830219835043,player-1,26,16,22,13,player-4,player-1
243,6,17,0.09450013749301434,player-1,31,21,29,29,player-1,player-1
243,7,18,0.07125013507902622,player-3,39,23,40,31,player-2,player-3
243,8,20,0.04316703416407108,none,39,28,41,33,player-3,none
243,9,17,0.06866594776511192,player-4,40,32,51,40,player-4,player-4
243,10,17,0.05295802839100361,player-1,43,38,55,43,player-1,player-1
243,11,25,0.05962490104138851,player-2,48,50,57,45,player-2,player-2
244,1,23,0.06158393807709217,none,2,2,6,3,player-1,none
244,2,18,0.04850002005696297,player-3,3,2,10,4,player-2,player-3
244,3,17,0.06841681897640228,player-3,13,2,20,9,player-3,player-3
244,4,17,0.062417006120085716,player-4,18,6,24,17,player-4,player-4
244,5,20,0.06516603752970695,player-4,24,9,30,21,player-1,player-4
244,6,17,0.07095793262124062,player-2,26,15,32,28,player-2,player-2
244,7,19,0.08454103954136372,player-1,33,25,35,35,player-3,player-1
244,8,17,0.05312496796250343,player-4,33,25,43,44,player-4,player-4
244,9,19,0.06379210390150547,player-3,35,32,48,48,player-1,player-3
244,10,18,0.05079200491309166,player-3,38,35,53,49,player-2,player-3
244,11,17,0.06641610525548458,player-3,38,40,57,53,player-3,player-3
244,12,17,0.058416975662112236,player-4,43,42,59,57,player-4,player-4
245,1,19,0.06262515671551228,player-1,7,5,7,3,player-3,player-1
245,2,17,0.05345791578292847,player-4,7,5,11,12,player-4,player-4
245,3,26,0.07324991747736931,player-2,15,6,15,16,player-1,player-2
245,4,18,0.06454205140471458,player-3,15,9,21,21,player-2,player-3
245,5,17,0.06591691635549068,player-3,16,13,28,23,player-3,player-3
245,6,17,0.0563750509172678,player-4,18,16,36,24,player-4,player-4
245,7,18,0.04424992948770523,player-2,19,20,36,28,player-1,player-2
245,8,17,0.053791096433997154,player-2,21,25,39,28,player-2,player-2
245,9,19,0.07037492468953133,player-1,31,30,39,33,player-3,player-1
245,10,19,0.08075009100139141,player-2,31,32,46,42,player-4,player-2
245,11,18,0.06729084998369217,player-2,31,43,53,44,player-1,player-2
245,12,17,0.063000014051795,player-2,36,44,54,53,player-2,player-2
245,13,21,0.08183298632502556,player-3,43,50,55,59,player-3,player-3
246,1,19,0.048416899517178535,player-3,4,2,1,4,player-1,player-3
246,2,19,0.03787502646446228,none,7,4,1,9,player-2,none
246,3,21,0.061416998505592346,player-3,17,16,3,15,player-3,player-3
246,4,19,0.037125078961253166,none,24,16,4,16,player-4,none
246,5,21,0.05324999801814556,player-1,32,17,6,23,player-1,player-1
246,6,17,0.053208088502287865,player-2,39,20,8,26,player-2,player-2
246,7,19,0.04875008016824722,none,41,20,9,26,player-3,none
246,8,19,0.05429191514849663,player-2,43,30,16,27,player-4,player-2
246,9,17,0.05195802077651024,player-1,48,32,20,29,player-1,player-1
246,10,18,0.060165999457240105,player-3,55,35,20,29,player-2,player-3
246,11,18,0.07425015792250633,player-4,55,43,22,36,player-3,player-4
246,12,17,0.06541702896356583,player-4,55,47,28,41,player-4,player-4
246,13,17,0.07158308289945126,player-1,63,54,32,42,player-1,player-1
246,14,17,0.06083305925130844,player-2,65,56,32,46,player-2,player-2
247,1,17,0.0599580816924572,player-1,0,3,5,6,player-1,player-1
247,2,17,0.0669590663164854,player-2,5,16,7,11,player-2,player-2
247,3,17,0.060542020946741104,player-3,8,21,15,13,player-3,player-3
247,4,18,0.05250005051493645,player-1,11,27,15,16,player-4,player-1
247,5,19,0.0689169391989708,player-3,17,35,19,19,player-1,player-3
247,6,21,0.061125028878450394,player-2,28,39,19,19,player-2,player-2
247,7,20,0.05908310413360596,player-2,31,44,24,22,player-3,player-2
247,8,17,0.06745895370841026,player-4,34,47,25,25,player-4,player-4
247,9,17,0.0463749747723341,player-1,37,49,27,28,player-1,player-1
247,10,17,0.04754215478897095,player-2,38,55,27,32,player-2,player-2
247,11,17,0.07295911200344563,player-3,45,62,42,37,player-3,player-3
247,12,17,0.06466708146035671,player-4,47,62,47,50,player-4,player-4
248,1,17,0.05079084075987339,player-2,2,5,2,3,player-2,player-2
248,2,17,0.05287514068186283,player-3,3,8,10,4,player-3,player-3
248,3,18,0.05920790135860443,player-1,7,10,12,6,player-4,player-1
248,4,17,0.053625088185071945,player-1,15,15,12,10,player-1,player-1
248,5,18,0.05570915527641773,player-3,17,16,16,12,player-2,player-3
248,6,21,0.05416618660092354,player-3,24,24,18,12,player-3,player-3
248,7,20,0.0641669612377882,player-3,32,25,27,14,player-4,player-3
248,8,19,0.052208080887794495,player-3,35,32,30,16,player-1,player-3
248,9,18,0.07041590288281441,player-3,38,39,33,26,player-2,player-3
248,10,18,0.05516689270734787,player-4,45,44,37,35,player-3,player-4
248,11,19,0.060999998822808266,player-2,45,46,42,36,player-4,player-2
248,12,20,0.0627501867711544,player-4,50,52,46,45,player-1,player-4
248,13,18,0.06841705180704594,player-3,61,56,53,47,player-2,player-3
249,1,24,0.06754184141755104,player-2,5,14,2,2,player-3,player-2
249,2,19,0.044708140194416046,player-2,9,14,3,3,player-4,player-2
249,3,18,0.06683403626084328,player-2,11,17,4,5,player-1,player-2
249,4,23,0.0643748790025711,player-4,14,22,6,11,player-2,player-4
249,5,17,0.05933316424489021,player-3,22,25,10,11,player-3,player-3
249,6,18,0.04891585558652878,player-1,22,27,12,13,player-4,player-1
249,7,17,0.051541952416300774,player-1,23,28,16,15,player-1,player-1
249,8,17,0.0630419235676527,player-2,31,34,21,15,player-2,player-2
249,9,18,0.05725002847611904,player-4,37,34,24,17,player-3,player-4
249,10,18,0.0677499920129776,player-1,41,41,24,31,player-4,player-1
249,11,18,0.059499870985746384,player-2,41,54,32,33,player-1,player-2
249,12,30,0.0730419997125864,player-3,42,61,33,38,player-2,player-3
249,13,17,0.06337510421872139,player-3,47,67,34,42,player-3,player-3
250,1,17,0.0754999928176403,player-4,3,2,5,9,player-4,player-4
250,2,19,0.056459102779626846,player-3,3,4,9,17,player-1,player-3
250,3,18,0.05158316344022751,player-3,8,5,14,19,player-2,player-3
250,4,17,0.04791608080267906,player-3,12,5,15,19,player-3,player-3
250,5,18,0.06616697646677494,player-1,15,6,16,23,player-4,player-1
250,6,18,0.0575000885874033,player-2,16,8,19,27,player-1,player-2
250,7,17,0.06987480446696281,player-2,16,13,29,36,player-2,player-2
250,8,18,0.06383308209478855,player-4,21,17,29,38,player-3,player-4
250,9,17,0.05137501284480095,player-4,21,17,30,41,player-4,player-4
250,10,18,0.05041598342359066,player-2,23,19,32,47,player-1,player-2
250,11,17,0.04924996756017208,player-2,28,26,36,51,player-2,player-2
250,12,18,0.07025012746453285,player-4,34,32,40,57,player-3,player-4
250,13,20,0.05924981087446213,player-3,36,32,45,59,player-4,player-3
250,14,20,0.05733408033847809,player-4,40,32,50,66,player-1,player-4
250,15,17,0.06154109723865986,player-2,48,39,58,71,player-2,player-2
251,1,18,0.06612506695091724,player-2,2,4,5,7,player-1,player-2
251,2,19,0.07258402183651924,player-4,7,10,7,18,player-2,player-4
251,3,17,0.07350021041929722,player-3,7,18,17,24,player-3,player-3
251,4,18,0.0777500681579113,player-1,20,18,21,28,player-4,player-1
251,5,19,0.06608315743505955,player-3,26,19,29,30,player-1,player-3
251,6,17,0.09620795026421547,player-2,28,32,31,31,player-2,player-2
251,7,17,0.052541960030794144,player-3,29,34,35,35,player-3,player-3
251,8,18,0.06183399818837643,player-1,31,37,41,40,player-4,player-1
251,9,17,0.05545816384255886,player-1,39,41,46,42,player-1,player-1
251,10,18,0.08420809172093868,player-3,42,45,49,48,player-2,player-3
251,11,17,0.059999991208314896,player-3,49,49,57,48,player-3,player-3
252,1,18,0.05520903505384922,player-2,2,1,0,1,player-1,player-2
252,2,17,0.04854099825024605,player-2,5,3,8,1,player-2,player-2
252,3,18,0.05204183980822563,player-4,11,3,14,3,player-3,player-4
252,4,20,0.061374856159090996,player-3,16,13,17,3,player-4,player-3
252,5,17,0.045082997530698776,player-1,20,14,17,5,player-1,player-1
252,6,19,0.06145890802145004,player-4,27,14,25,14,player-2,player-4
252,7,18,0.053084222599864006,player-4,30,19,39,20,player-3,player-4
252,8,17,0.04929094575345516,player-4,34,22,42,30,player-4,player-4
252,9,17,0.047666020691394806,player-1,42,26,44,34,player-1,player-1
252,10,17,0.05320901982486248,player-2,48,32,47,36,player-2,player-2
252,11,17,0.04083407111465931,player-3,54,32,52,37,player-3,player-3
253,1,17,0.04733400419354439,player-3,0,3,4,4,player-3,player-3
253,2,21,0.06008287891745567,player-4,2,10,7,9,player-4,player-4
253,3,17,0.04837499000132084,player-1,6,12,7,9,player-1,player-1
253,4,20,0.08075009100139141,player-1,11,21,12,15,player-2,player-1
253,5,17,0.0602498184889555,player-3,18,29,13,17,player-3,player-3
253,6,19,0.075541902333498,player-2,27,29,21,20,player-4,player-2
253,7,17,0.0524159986525774,player-1,37,29,32,24,player-1,player-1
253,8,17,0.05174987018108368,player-2,37,32,34,24,player-2,player-2
253,9,17,0.056499848142266273,player-3,39,39,36,28,player-3,player-3
253,10,17,0.049250200390815735,player-4,39,40,43,30,player-4,player-4
253,11,17,0.04966696724295616,player-1,44,42,46,32,player-1,player-1
253,12,23,0.06020907312631607,none,44,46,53,33,player-2,none
253,13,22,0.07783295586705208,player-4,44,56,55,36,player-3,player-4
253,14,18,0.051625072956085205,player-1,53,58,55,43,player-4,player-1
254,1,17,0.04341709427535534,player-4,3,1,1,12,player-4,player-4
254,2,17,0.03979215398430824,player-1,5,2,1,14,player-1,player-1
254,3,19,0.053333817049860954,player-4,10,3,3,23,player-2,player-4
254,4,17,0.06266706623136997,player-3,13,8,7,30,player-3,player-3
254,5,17,0.06445799954235554,player-4,16,10,8,38,player-4,player-4
254,6,17,0.06354204379022121,player-1,29,13,15,40,player-1,player-1
254,7,17,0.041082967072725296,player-2,32,14,15,41,player-2,player-2
254,8,17,0.05029188469052315,player-3,36,19,19,42,player-3,player-3
254,9,17,0.05116686224937439,player-4,36,21,25,50,player-4,player-4
254,10,17,0.06641680374741554,player-1,43,21,35,52,player-1,player-1
254,11,17,0.05595805123448372,player-2,43,27,38,60,player-2,player-2
254,12,22,0.058125006034970284,player-4,43,31,38,64,player-3,player-4
254,13,20,0.05124998278915882,player-3,47,31,46,67,player-4,player-3
254,14,17,0.05783280357718468,player-1,57,37,52,67,player-1,player-1
255,1,26,0.05829194560647011,player-1,5,1,0,3,player-4,player-1
255,2,17,0.044625019654631615,player-1,11,1,4,8,player-1,player-1
255,3,17,0.05837506614625454,player-2,16,3,12,11,player-2,player-2
255,4,17,0.04737498238682747,player-3,17,7,14,11,player-3,player-3
255,5,17,0.05070795305073261,player-4,20,12,14,12,player-4,player-4
255,6,18,0.05362485535442829,player-2,28,15,17,20,player-1,player-2
255,7,18,0.05895807407796383,player-3,34,23,19,20,player-2,player-3
255,8,18,0.05508400499820709,player-4,37,30,24,25,player-3,player-4
255,9,19,0.06695790216326714,player-2,39,32,25,28,player-4,player-2
255,10,17,0.05258386954665184,player-1,45,33,29,32,player-1,player-1
255,11,25,0.09595812298357487,player-2,48,35,32,33,player-2,player-2
255,12,17,0.058416975662112236,player-3,53,39,37,35,player-3,player-3
255,13,19,0.05395803600549698,player-2,53,48,40,36,player-4,player-2
255,14,18,0.04979199729859829,player-2,56,52,40,37,player-1,player-2
255,15,19,0.05083298310637474,player-4,57,55,40,51,player-2,player-4
256,1,18,0.06754091009497643,player-2,6,0,7,5,player-1,player-2
256,2,18,0.05116686224937439,player-3,9,2,9,7,player-2,player-3
256,3,22,0.08554104715585709,player-4,11,10,15,22,player-3,player-4
256,4,22,0.06975000724196434,player-1,18,14,16,23,player-4,player-1
256,5,17,0.04375004209578037,player-1,23,17,18,25,player-1,player-1
256,6,20,0.05333288572728634,player-1,26,18,21,30,player-2,player-1
256,7,18,0.06258301436901093,player-4,30,27,24,33,player-3,player-4
256,8,18,0.06554112769663334,player-1,31,29,24,34,player-4,player-1
256,9,17,0.05220784805715084,player-1,37,29,24,34,player-1,player-1
256,10,17,0.0613329466432333,player-2,40,31,26,38,player-2,player-2
256,11,17,0.05683302879333496,player-3,43,32,32,46,player-3,player-3
256,12,20,0.0900421291589737,player-3,52,40,43,49,player-4,player-3
256,13,17,0.057499855756759644,player-1,61,42,44,50,player-1,player-1
257,1,17,0.051916809752583504,player-1,4,2,5,4,player-1,player-1
257,2,19,0.05087489262223244,player-4,12,8,12,5,player-2,player-4
257,3,19,0.05158316344022751,player-1,16,10,17,5,player-3,player-1
257,4,18,0.04829210229218006,player-1,18,13,20,9,player-4,player-1
257,5,17,0.05387491546571255,player-1,25,17,25,9,player-1,player-1
257,6,23,0.060625141486525536,player-4,28,18,31,10,player-2,player-4
257,7,18,0.07483409717679024,player-4,31,18,33,12,player-3,player-4
257,8,18,0.06904196925461292,player-1,33,22,41,19,player-4,player-1
257,9,17,0.05191587843000889,player-1,35,25,46,31,player-1,player-1
257,10,18,0.049165915697813034,player-3,35,26,47,36,player-2,player-3
257,11,17,0.04950002767145634,player-3,37,26,51,39,player-3,player-3
257,12,18,0.05466700531542301,player-1,43,27,52,44,player-4,player-1
257,13,17,0.058167148381471634,player-1,51,30,58,44,player-1,player-1
258,1,21,0.06425008177757263,player-2,3,5,1,1,player-2,player-2
258,2,17,0.06337510421872139,player-3,8,7,7,2,player-3,player-3
258,3,19,0.05829194560647011,player-2,21,23,7,4,player-4,player-2
258,4,20,0.052582938224077225,player-4,22,23,11,8,player-1,player-4
258,5,17,0.0478341244161129,player-2,25,26,13,11,player-2,player-2
258,6,18,0.05191704258322716,player-4,25,31,26,21,player-3,player-4
258,7,19,0.06437511183321476,player-2,27,39,26,29,player-4,player-2
258,8,17,0.06208312697708607,player-1,38,40,28,31,player-1,player-1
258,9,17,0.07195910438895226,player-2,41,48,31,36,player-2,player-2
258,10,18,0.063000014051795,player-4,43,49,38,37,player-3,player-4
258,11,18,0.05508400499820709,player-1,46,54,41,43,player-4,player-1
258,12,19,0.06025005131959915,player-3,47,60,44,49,player-1,player-3
259,1,17,0.07462501525878906,player-3,11,2,7,3,player-3,player-3
259,2,15,0.03654207102954388,none,13,7,12,4,player-4,none
259,3,17,0.07337518036365509,player-1,19,15,20,6,player-1,player-1
259,4,17,0.049541937187314034,player-2,28,20,24,10,player-2,player-2
259,5,18,0.05741603672504425,player-4,29,29,30,13,player-3,player-4
259,6,18,0.04850002005696297,player-1,32,32,30,18,player-4,player-1
259,7,18,0.0577080063521862,player-2,40,33,32,29,player-1,player-2
259,8,17,0.06958399899303913,player-2,50,40,34,37,player-2,player-2
259,9,17,0.06904196925461292,player-3,58,44,46,41,player-3,player-3
260,1,20,0.06841705180704594,player-3,4,0,10,3,player-4,player-3
260,2,18,0.05437503568828106,player-2,6,9,13,6,player-1,player-2
260,3,19,0.06016693077981472,player-4,9,17,14,12,player-2,player-4
260,4,17,0.043584033846855164,player-3,10,17,23,12,player-3,player-3
260,5,17,0.05829194560647011,player-4,12,19,26,22,player-4,player-4
260,6,18,0.062166014686226845,player-2,22,34,30,26,player-1,player-2
260,7,17,0.053540803492069244,player-2,33,40,33,33,player-2,player-2
260,8,18,0.0541249755769968,player-4,40,40,41,35,player-3,player-4
260,9,18,0.048208050429821014,player-1,44,42,46,43,player-4,player-1
260,10,17,0.05308398976922035,player-1,51,43,53,46,player-1,player-1
261,1,19,0.077791977673769,player-3,6,6,8,5,player-1,player-3
261,2,19,0.07974985055625439,player-4,14,10,14,6,player-2,player-4
261,3,18,0.06699981167912483,player-4,16,13,14,15,player-3,player-4
261,4,18,0.09166705422103405,player-1,20,21,17,17,player-4,player-1
261,5,18,0.07299985736608505,player-2,22,34,19,21,player-1,player-2
261,6,17,0.05866587162017822,player-2,27,41,19,28,player-2,player-2
261,7,18,0.06670807488262653,player-4,34,44,19,38,player-3,player-4
261,8,17,0.05091587081551552,player-4,36,44,21,42,player-4,player-4
261,9,18,0.040999846532940865,player-2,39,48,24,43,player-1,player-2
261,10,26,0.06487499922513962,player-3,42,50,27,50,player-2,player-3
262,1,17,0.04245922900736332,player-1,3,0,4,4,player-1,player-1
262,2,17,0.044625019654631615,player-2,4,3,4,9,player-2,player-2
262,3,21,0.060165999457240105,player-3,6,14,8,9,player-3,player-3
262,4,19,0.055042095482349396,player-2,11,20,12,11,player-4,player-2
262,5,17,0.047582900151610374,player-1,12,20,19,13,player-1,player-1
262,6,17,0.05633290857076645,player-2,20,24,22,23,player-2,player-2
262,7,17,0.042958883568644524,player-3,26,27,22,23,player-3,player-3
262,8,18,0.06804103031754494,player-1,28,32,26,30,player-4,player-1
262,9,17,0.05908310413360596,player-1,31,36,29,31,player-1,player-1
262,10,17,0.0477498397231102,player-2,32,40,32,36,player-2,player-2
262,11,17,0.05929102189838886,player-3,35,40,36,36,player-3,player-3
262,12,17,0.04854216240346432,player-4,36,43,37,39,player-4,player-4
262,13,19,0.058540841564536095,player-3,41,43,44,40,player-1,player-3
262,14,17,0.05270913243293762,player-2,43,45,45,43,player-2,player-2
262,15,17,0.046165892854332924,player-3,48,46,49,45,player-3,player-3
262,16,17,0.05108397454023361,player-4,50,48,55,53,player-4,player-4
263,1,17,0.06741704419255257,player-3,6,6,8,2,player-3,player-3
263,2,18,0.05508307367563248,player-1,6,9,16,8,player-4,player-1
263,3,20,0.07370905950665474,player-4,12,9,18,12,player-1,player-4
263,4,21,0.05787494592368603,player-2,14,18,23,17,player-2,player-2
263,5,17,0.05466700531542301,player-3,16,23,25,23,player-3,player-3
263,6,17,0.04929210990667343,player-4,21,23,32,33,player-4,player-4
263,7,18,0.057666096836328506,player-2,23,32,36,43,player-1,player-2
263,8,19,0.053541967645287514,player-4,30,38,39,52,player-2,player-4
263,9,19,0.05666585639119148,player-1,38,40,41,54,player-3,player-1
263,10,17,0.05158316344022751,player-4,39,44,44,56,player-4,player-4
264,1,17,0.05237502045929432,player-1,10,5,7,0,player-1,player-1
264,2,25,0.05733314901590347,player-2,17,11,9,2,player-2,player-2
264,3,18,0.05212496034801006,player-4,22,17,10,13,player-3,player-4
264,4,20,0.06454205140471458,player-3,22,23,14,19,player-4,player-3
264,5,17,0.048208050429821014,player-1,26,25,16,20,player-1,player-1
264,6,17,0.056416960433125496,player-2,33,29,20,24,player-2,player-2
264,7,19,0.05629216320812702,player-1,43,32,24,24,player-3,player-1
264,8,17,0.04733400419354439,player-4,43,35,29,26,player-4,player-4
264,9,17,0.05683302879333496,player-1,52,36,32,27,player-1,player-1
264,10,17,0.05308305844664574,player-2,56,42,38,31,player-2,player-2
264,11,17,0.05962490104138851,player-3,58,42,41,36,player-3,player-3
264,12,25,0.07750000804662704,player-4,62,46,43,39,player-4,player-4
265,1,18,0.07037492468953133,player-3,4,12,4,9,player-2,player-3
265,2,20,0.0666249543428421,player-2,10,21,8,15,player-3,player-2
265,3,18,0.05074986256659031,player-1,17,23,9,16,player-4,player-1
265,4,18,0.04933308809995651,player-2,20,28,10,18,player-1,player-2
265,5,18,0.06037508137524128,player-3,24,29,21,18,player-2,player-3
265,6,20,0.06579188629984856,player-2,36,42,23,29,player-3,player-2
265,7,17,0.058833975344896317,player-4,40,48,29,32,player-4,player-4
265,8,17,0.041665975004434586,player-1,47,49,29,32,player-1,player-1
265,9,18,0.0700000673532486,player-3,55,54,32,35,player-2,player-3
265,10,17,0.052042072638869286,player-3,56,60,37,39,player-3,player-3
265,11,17,0.04775007255375385,player-4,59,62,42,43,player-4,player-4
266,1,17,0.054165953770279884,player-1,3,4,3,4,player-1,player-1
266,2,17,0.042665982618927956,player-2,8,7,4,6,player-2,player-2
266,3,18,0.06079091690480709,player-4,11,14,5,6,player-3,player-4
266,4,17,0.05791592411696911,player-4,13,18,14,15,player-4,player-4
266,5,17,0.049083027988672256,player-1,18,18,21,15,player-1,player-1
266,6,18,0.05633407272398472,player-3,20,20,24,18,player-2,player-3
266,7,16,0.03729201853275299,none,20,22,26,22,player-3,none
266,8,20,0.05550007335841656,player-3,23,29,28,27,player-4,player-3
266,9,17,0.06137508898973465,player-1,29,32,35,30,player-1,player-1
266,10,17,0.056833960115909576,player-2,32,35,39,34,player-2,player-2
266,11,19,0.05470798350870609,player-1,38,39,47,34,player-3,player-1
266,12,18,0.04795799031853676,player-1,48,44,50,36,player-4,player-1
266,13,17,0.06316602230072021,player-1,52,49,51,38,player-1,player-1
267,1,18,0.06220885552465916,player-4,9,2,4,7,player-3,player-4
267,2,29,0.0577080063521862,none,9,5,4,11,player-4,none
267,3,17,0.05324999801814556,player-1,12,9,5,18,player-1,player-1
267,4,19,0.04858383908867836,player-4,14,15,6,19,player-2,player-4
267,5,19,0.05470798350870609,player-1,24,17,14,26,player-3,player-1
267,6,18,0.05808309651911259,player-1,30,23,16,31,player-4,player-1
267,7,19,0.050208065658807755,player-3,33,25,21,31,player-1,player-3
267,8,17,0.05308282561600208,player-2,37,29,22,37,player-2,player-2
267,9,17,0.05179201252758503,player-3,37,35,23,41,player-3,player-3
267,10,17,0.04924996756017208,player-4,40,36,25,45,player-4,player-4
267,11,18,0.04200008697807789,player-2,44,42,25,45,player-1,player-2
267,12,21,0.046999892219901085,player-2,46,46,26,45,player-2,player-2
267,13,18,0.08091609925031662,player-4,50,50,31,49,player-3,player-4
267,14,17,0.05829078145325184,player-4,56,50,36,59,player-4,player-4
268,1,20,0.04675006493926048,none,2,0,2,3,player-1,none
268,2,17,0.05250005051493645,player-2,9,3,7,5,player-2,player-2
268,3,21,0.07233303040266037,player-3,24,8,11,9,player-3,player-3
268,4,17,0.050083035603165627,player-4,24,10,13,19,player-4,player-4
268,5,20,0.059208134189248085,player-4,30,12,16,26,player-1,player-4
268,6,17,0.04533282481133938,player-2,38,16,16,26,player-2,player-2
268,7,20,0.05966587923467159,player-2,38,19,22,32,player-3,player-2
268,8,18,0.06487499922513962,player-1,42,19,25,37,player-4,player-1
268,9,17,0.0642088707536459,player-1,50,23,25,44,player-1,player-1
268,10,17,0.04829186946153641,player-2,51,31,28,48,player-2,player-2
268,11,17,0.048625050112605095,player-3,60,40,38,52,player-3,player-3
268,12,17,0.06362493149936199,player-4,63,42,43,53,player-4,player-4
269,1,17,0.045958906412124634,player-2,7,4,3,2,player-2,player-2
269,2,17,0.05708308890461922,player-3,13,13,4,8,player-3,player-3
269,3,17,0.05341600626707077,player-4,16,13,14,15,player-4,player-4
269,4,19,0.047416891902685165,player-3,19,16,18,17,player-1,player-3
269,5,18,0.043833162635564804,player-3,20,16,26,19,player-2,player-3
269,6,19,0.050459057092666626,player-1,26,16,28,24,player-3,player-1
269,7,17,0.047457870095968246,player-4,26,20,28,31,player-4,player-4
269,8,17,0.06070802919566631,player-1,34,21,30,38,player-1,player-1
269,9,17,0.04512490704655647,player-2,39,22,33,38,player-2,player-2
269,10,24,0.07108296267688274,player-2,46,28,34,40,player-3,player-2
269,11,18,0.05395803600549698,player-1,50,34,39,44,player-4,player-1
269,12,17,0.06229104474186897,player-1,57,36,44,45,player-1,player-1
270,1,17,0.07808301597833633,player-3,2,0,10,3,player-3,player-3
270,2,17,0.0683339312672615,player-4,5,5,12,12,player-4,player-4
270,3,17,0.041999854147434235,player-1,6,6,12,15,player-1,player-1
270,4,17,0.07570791058242321,player-2,12,10,18,21,player-2,player-2
270,5,19,0.07108296267688274,player-1,17,21,27,31,player-3,player-1
270,6,17,0.06862496957182884,player-4,22,26,27,38,player-4,player-4
270,7,18,0.054999953135848045,player-2,25,26,29,42,player-1,player-2
270,8,18,0.05891593173146248,player-3,29,28,30,51,player-2,player-3
270,9,18,0.05258386954665184,player-4,31,30,34,58,player-3,player-4
270,10,18,0.0499160960316658,player-1,32,34,35,59,player-4,player-1
270,11,17,0.053833937272429466,player-1,34,38,40,65,player-1,player-1
271,1,19,0.0590828713029623,player-4,3,0,5,6,player-2,player-4
271,2,17,0.06749993190169334,player-3,9,1,13,6,player-3,player-3
271,3,17,0.05474989302456379,player-4,12,4,13,10,player-4,player-4
271,4,17,0.05383300594985485,player-1,18,4,20,10,player-1,player-1
271,5,17,0.04745880141854286,player-2,23,7,22,13,player-2,player-2
271,6,18,0.052042072638869286,player-4,27,11,22,23,player-3,player-4
271,7,18,0.07620896212756634,player-1,32,15,24,25,player-4,player-1
271,8,19,0.04345807246863842,player-3,33,18,30,28,player-1,player-3
271,9,15,0.032125040888786316,none,34,19,32,31,player-2,none
271,10,17,0.041291117668151855,player-3,35,21,35,33,player-3,player-3
271,11,18,0.05804118700325489,player-1,40,24,37,39,player-4,player-1
271,12,20,0.04824995994567871,player-4,43,24,44,42,player-1,player-4
271,13,17,0.05658320151269436,player-2,49,26,46,47,player-2,player-2
271,14,18,0.06829202175140381,player-4,51,37,46,49,player-3,player-4
271,15,17,0.06558396853506565,player-4,53,40,46,53,player-4,player-4
271,16,17,0.04870910197496414,player-1,60,43,51,53,player-1,player-1
272,1,17,0.04987511783838272,player-2,7,2,2,0,player-2,player-2
272,2,17,0.045082997530698776,player-3,9,3,3,1,player-3,player-3
272,3,17,0.06441702134907246,player-4,13,4,10,5,player-4,player-4
272,4,17,0.05845795385539532,player-1,20,7,16,6,player-1,player-1
272,5,18,0.05645793862640858,player-3,27,17,19,9,player-2,player-3
272,6,17,0.0566248781979084,player-3,29,24,25,13,player-3,player-3
272,7,17,0.056625111028552055,player-4,33,24,31,16,player-4,player-4
272,8,19,0.05787494592368603,player-3,35,34,39,19,player-1,player-3
272,9,17,0.05270796827971935,player-2,35,43,44,24,player-2,player-2
272,10,17,0.056791119277477264,player-3,35,48,53,28,player-3,player-3
272,11,23,0.05604187026619911,none,36,53,54,36,player-4,none
272,12,17,0.0654999166727066,player-1,38,57,59,40,player-1,player-1
272,13,17,0.056167133152484894,player-2,46,62,61,43,player-2,player-2
273,1,17,0.0502078328281641,player-2,4,4,1,5,player-2,player-2
273,2,19,0.06762496195733547,player-1,11,6,3,7,player-3,player-1
273,3,19,0.062417006120085716,player-2,13,14,6,9,player-4,player-2
273,4,18,0.05425000563263893,player-2,16,25,7,14,player-1,player-2
273,5,22,0.0654999166727066,player-3,21,30,14,19,player-2,player-3
273,6,18,0.042833155021071434,player-4,21,31,17,21,player-3,player-4
273,7,17,0.06229197606444359,player-4,25,31,24,26,player-4,player-4
273,8,17,0.060542020946741104,player-1,33,39,28,29,player-1,player-1
273,9,17,0.041665975004434586,player-2,41,42,29,31,player-2,player-2
273,10,18,0.0524579081684351,player-4,45,48,31,31,player-3,player-4
273,11,19,0.056459102779626846,player-2,46,57,35,40,player-4,player-2
273,12,17,0.07816706784069538,player-1,56,59,41,46,player-1,player-1
274,1,17,0.0441248994320631,player-3,4,0,4,1,player-3,player-3
274,2,22,0.04987488500773907,player-1,13,2,6,3,player-4,player-1
274,3,17,0.06883381865918636,player-1,20,3,12,6,player-1,player-1
274,4,37,0.08683302439749241,player-2,20,5,20,7,player-2,player-2
274,5,18,0.06795814260840416,player-4,31,7,28,17,player-3,player-4
274,6,18,0.052416929975152016,player-1,35,12,34,18,player-4,player-1
274,7,17,0.04954100586473942,player-1,36,12,34,18,player-1,player-1
274,8,17,0.04737498238682747,player-2,41,16,38,20,player-2,player-2
274,9,18,0.054999953135848045,player-4,45,21,40,20,player-3,player-4
274,10,17,0.06912508979439735,player-4,47,25,47,31,player-4,player-4
274,11,21,0.06962521001696587,player-1,50,26,49,33,player-1,player-1
274,12,24,0.05316687747836113,player-1,51,27,54,36,player-2,player-1
275,1,17,0.050208065658807755,player-3,4,2,6,0,player-3,player-3
275,2,18,0.072915805503726,player-1,14,11,18,2,player-4,player-1
275,3,21,0.06491690874099731,player-1,14,17,20,8,player-1,player-1
275,4,17,0.06083305925130844,player-2,16,30,29,8,player-2,player-2
275,5,17,0.07125013507902622,player-3,19,35,31,9,player-3,player-3
275,6,17,0.061042141169309616,player-4,19,35,43,15,player-4,player-4
275,7,17,0.053042080253362656,player-1,24,37,49,17,player-1,player-1
275,8,17,0.05224999040365219,player-2,34,41,56,22,player-2,player-2
275,9,18,0.053999945521354675,player-4,34,42,58,31,player-3,player-4
275,10,17,0.04924996756017208,player-4,37,48,64,37,player-4,player-4
276,1,17,0.0849999487400055,player-4,3,8,0,9,player-4,player-4
276,2,18,0.05570822395384312,player-2,5,18,0,13,player-1,player-2
276,3,17,0.04091695882380009,player-2,11,23,3,16,player-2,player-2
276,4,17,0.06545800715684891,player-3,17,29,3,23,player-3,player-3
276,5,17,0.060042133554816246,player-4,20,35,7,30,player-4,player-4
276,6,17,0.04812516272068024,player-1,20,37,12,34,player-1,player-1
276,7,22,0.04216702654957771,none,26,40,16,35,player-2,none
276,8,18,0.058957841247320175,player-4,29,40,20,43,player-3,player-4
276,9,20,0.05050003528594971,player-3,30,40,20,47,player-4,player-3
276,10,17,0.05091703496873379,player-1,35,41,21,53,player-1,player-1
276,11,18,0.07562479004263878,player-3,43,48,30,61,player-2,player-3
277,1,17,0.06983289495110512,player-1,4,5,0,0,player-1,player-1
277,2,18,0.05987519398331642,player-3,4,12,0,8,player-2,player-3
277,3,19,0.04375004209578037,player-1,8,16,1,8,player-3,player-1
277,4,21,0.05979207344353199,player-4,10,22,8,23,player-4,player-4
277,5,18,0.05454220809042454,player-2,13,27,21,29,player-1,player-2
277,6,18,0.057541998103260994,player-3,16,29,32,32,player-2,player-3
277,7,18,0.05512521602213383,player-4,18,29,35,38,player-3,player-4
277,8,17,0.05141599103808403,player-4,23,31,41,39,player-4,player-4
277,9,17,0.06262492388486862,player-1,25,34,41,43,player-1,player-1
277,10,20,0.061125028878450394,player-1,29,36,41,49,player-2,player-1
277,11,19,0.06254203617572784,player-1,37,42,43,51,player-3,player-1
277,12,17,0.05150004290044308,player-4,40,50,45,62,player-4,player-4
278,1,20,0.08812500163912773,player-3,7,3,4,0,player-4,player-3
278,2,18,0.04779198206961155,player-2,10,4,9,2,player-1,player-2
278,3,18,0.049999915063381195,player-3,11,8,13,2,player-2,player-3
278,4,20,0.07254094816744328,player-2,15,18,21,9,player-3,player-2
278,5,18,0.05274987779557705,player-1,21,19,22,13,player-4,player-1
278,6,18,0.05362485535442829,player-2,30,20,24,15,player-1,player-2
278,7,17,0.0677080824971199,player-2,37,27,30,19,player-2,player-2
278,8,17,0.04937499761581421,player-3,37,30,34,19,player-3,player-3
278,9,17,0.06649992428719997,player-4,42,33,41,26,player-4,player-4
278,10,17,0.05074986256659031,player-1,48,35,45,31,player-1,player-1
278,11,17,0.05200016312301159,player-2,52,38,53,34,player-2,player-2
279,1,19,0.043833162635564804,player-2,3,3,1,3,player-4,player-2
279,2,17,0.05066697485744953,player-1,7,3,1,4,player-1,player-1
279,3,17,0.0599580816924572,player-2,11,7,1,8,player-2,player-2
279,4,17,0.05129212513566017,player-3,13,7,5,10,player-3,player-3
279,5,24,0.06666709668934345,player-3,13,12,7,14,player-4,player-3
279,6,17,0.04387483932077885,player-1,17,15,7,16,player-1,player-1
279,7,18,0.05208305083215237,player-3,21,17,8,19,player-2,player-3
279,8,19,0.05504186265170574,player-1,23,23,14,20,player-3,player-1
279,9,19,0.07808301597833633,player-2,27,31,21,25,player-4,player-2
279,10,17,0.049833906814455986,player-1,32,36,22,28,player-1,player-1
279,11,17,0.051582930609583855,player-2,36,36,23,32,player-2,player-2
279,12,19,0.10641594417393208,player-1,44,40,28,38,player-3,player-1
279,13,18,0.07566693238914013,player-1,49,45,32,47,player-4,player-1
279,14,18,0.055416952818632126,player-2,51,50,32,50,player-1,player-2
280,1,18,0.0705840066075325,player-2,4,1,1,5,player-1,player-2
280,2,18,0.063000014051795,player-3,8,4,3,7,player-2,player-3
280,3,17,0.05024997517466545,player-3,10,4,12,10,player-3,player-3
280,4,17,0.06900005973875523,player-4,15,11,18,13,player-4,player-4
280,5,17,0.055165961384773254,player-1,24,16,20,13,player-1,player-1
280,6,17,0.04795915447175503,player-2,29,20,20,15,player-2,player-2
280,7,17,0.05837506614625454,player-3,37,24,23,17,player-3,player-3
280,8,17,0.06729201413691044,player-4,38,24,27,27,player-4,player-4
280,9,18,0.06087496876716614,player-2,45,28,33,30,player-1,player-2
280,10,24,0.07904204539954662,player-1,52,36,43,30,player-2,player-1
280,11,19,0.0616670586168766,player-1,55,40,47,32,player-3,player-1
281,1,17,0.07516681216657162,player-1,6,3,7,7,player-1,player-1
281,2,17,0.08366582915186882,player-2,14,9,9,7,player-2,player-2
281,3,17,0.05033309571444988,player-3,16,11,14,8,player-3,player-3
281,4,18,0.05487492308020592,player-1,23,13,22,14,player-4,player-1
281,5,17,0.05295802839100361,player-1,28,13,22,17,player-1,player-1
281,6,17,0.053625088185071945,player-2,32,15,28,18,player-2,player-2
281,7,17,0.045000109821558,player-3,38,17,34,19,player-3,player-3
281,8,17,0.060625141486525536,player-4,41,24,40,29,player-4,player-4
281,9,19,0.06187497638165951,player-3,43,33,42,34,player-1,player-3
281,10,20,0.060499878600239754,player-1,53,34,45,42,player-2,player-1
281,11,18,0.051541952416300774,player-4,60,38,47,45,player-3,player-4
282,1,18,0.05408306606113911,player-2,6,3,2,0,player-1,player-2
282,2,18,0.04991702735424042,player-3,11,6,3,0,player-2,player-3
282,3,26,0.05866703577339649,player-4,14,8,5,4,player-3,player-4
282,4,19,0.06070896051824093,player-2,14,14,10,13,player-4,player-2
282,5,17,0.07337518036365509,player-1,23,16,13,14,player-1,player-1
282,6,18,0.05250005051493645,player-3,23,17,15,20,player-2,player-3
282,7,18,0.03866688348352909,none,27,19,17,20,player-3,none
282,8,17,0.07054186426103115,player-4,29,25,17,34,player-4,player-4
282,9,17,0.0577080063521862,player-1,39,30,21,45,player-1,player-1
282,10,17,0.05874992348253727,player-2,42,34,24,50,player-2,player-2
282,11,18,0.05670799873769283,player-4,44,43,34,55,player-3,player-4
282,12,17,0.06245914846658707,player-4,45,44,38,56,player-4,player-4
283,1,17,0.05229189991950989,player-3,0,0,8,1,player-3,player-3
283,2,18,0.04666694439947605,player-1,6,3,9,5,player-4,player-1
283,3,17,0.06970786489546299,player-1,15,8,15,10,player-1,player-1
283,4,17,0.051167095080018044,player-2,18,14,15,16,player-2,player-2
283,5,17,0.04575005732476711,player-3,21,21,18,19,player-3,player-3
283,6,17,0.07404107600450516,player-4,21,21,21,29,player-4,player-4
283,7,17,0.04341709427535534,player-1,24,22,23,32,player-1,player-1
283,8,17,0.050666043534874916,player-2,26,27,23,32,player-2,player-2
283,9,19,0.05370914004743099,player-1,29,27,24,35,player-3,player-1
283,10,17,0.04391605034470558,player-4,31,28,25,36,player-4,player-4
283,11,17,0.058582983911037445,player-1,38,31,25,46,player-1,player-1
283,12,17,0.07033394649624825,player-2,49,33,31,46,player-2,player-2
283,13,17,0.05425000563263893,player-3,54,33,34,47,player-3,player-3
283,14,17,0.04837499000132084,player-4,61,33,38,48,player-4,player-4
283,15,19,0.06433296948671341,player-3,73,35,41,53,player-1,player-3
284,1,18,0.04912493750452995,player-1,3,0,1,8,player-4,player-1
284,2,17,0.06316602230072021,player-1,5,6,4,17,player-1,player-1
284,3,18,0.054541975259780884,player-3,7,11,4,20,player-2,player-3
284,4,24,0.0612910371273756,none,17,18,9,20,player-3,none
284,5,18,0.07066689431667328,player-1,23,18,21,24,player-4,player-1
284,6,18,0.06674998439848423,player-2,27,21,29,26,player-1,player-2
284,7,20,0.046999892219901085,player-1,29,22,29,29,player-2,player-1
284,8,17,0.0627078115940094,player-3,36,24,39,29,player-3,player-3
284,9,17,0.06916699931025505,player-4,36,29,44,33,player-4,player-4
284,10,19,0.07050018757581711,player-3,39,31,48,40,player-1,player-3
284,11,20,0.06516696885228157,player-1,46,34,51,44,player-2,player-1
284,12,17,0.05250005051493645,player-3,51,37,63,52,player-3,player-3
285,1,17,0.05529192276299,player-1,6,6,3,0,player-1,player-1
285,2,17,0.0700000673532486,player-2,9,14,8,6,player-2,player-2
285,3,17,0.05783303640782833,player-3,13,15,15,13,player-3,player-3
285,4,20,0.047625042498111725,player-3,15,16,22,16,player-4,player-3
285,5,21,0.05112495273351669,player-1,16,20,25,18,player-1,player-1
285,6,17,0.05625002086162567,player-2,18,21,25,24,player-2,player-2
285,7,19,0.05950010381639004,player-1,23,24,29,32,player-3,player-1
285,8,17,0.05712499842047691,player-4,25,30,30,37,player-4,player-4
285,9,20,0.05245883949100971,player-4,28,30,34,42,player-1,player-4
285,10,17,0.053999945521354675,player-2,30,33,39,44,player-2,player-2
285,11,19,0.0580840278416872,player-1,36,37,42,48,player-3,player-1
285,12,18,0.04870793782174587,player-1,37,37,46,52,player-4,player-1
285,13,18,0.05970895290374756,player-2,40,40,46,55,player-1,player-2
285,14,17,0.05400017835199833,player-2,41,42,51,55,player-2,player-2
285,15,17,0.058208126574754715,player-3,41,46,57,59,player-3,player-3
286,1,22,0.07629208266735077,player-1,6,6,4,9,player-4,player-1
286,2,17,0.05279085598886013,player-1,16,8,4,11,player-1,player-1
286,3,18,0.05033309571444988,player-3,21,13,7,11,player-2,player-3
286,4,17,0.04516681656241417,player-3,22,14,14,11,player-3,player-3
286,5,17,0.054791104048490524,player-4,25,18,16,14,player-4,player-4
286,6,20,0.06491714157164097,player-4,32,21,17,19,player-1,player-4
286,7,17,0.05712499842047691,player-2,44,26,20,23,player-2,player-2
286,8,18,0.05412520840764046,player-4,45,31,21,29,player-3,player-4
286,9,17,0.06229197606444359,player-4,48,36,23,32,player-4,player-4
286,10,17,0.052999937906861305,player-1,51,38,27,38,player-1,player-1
286,11,22,0.05987496115267277,player-3,52,40,29,45,player-2,player-3
286,12,18,0.05925004370510578,player-4,59,40,40,51,player-3,player-4
286,13,17,0.05512498319149017,player-4,67,49,42,61,player-4,player-4
287,1,18,0.051584094762802124,player-4,6,4,10,4,player-3,player-4
287,2,17,0.043665990233421326,player-4,8,6,12,6,player-4,player-4
287,3,17,0.04970887675881386,player-1,14,8,16,10,player-1,player-1
287,4,17,0.054459087550640106,player-2,14,11,18,17,player-2,player-2
287,5,18,0.056499848142266273,player-4,19,16,25,26,player-3,player-4
287,6,20,0.05175010301172733,player-3,27,22,36,29,player-4,player-3
287,7,17,0.0658340286463499,player-1,30,23,37,30,player-1,player-1
287,8,17,0.04616705700755119,player-2,31,31,41,32,player-2,player-2
287,9,19,0.07037492468953133,player-1,36,34,50,35,player-3,player-1
287,10,17,0.04633399657905102,player-4,38,37,57,39,player-4,player-4
287,11,20,0.050999922677874565,player-4,40,38,61,41,player-1,player-4
288,1,17,0.05083298310637474,player-3,2,5,6,0,player-3,player-3
288,2,18,0.06474996916949749,player-1,8,7,8,10,player-4,player-1
288,3,17,0.044833170250058174,player-1,18,8,13,12,player-1,player-1
288,4,18,0.05887518636882305,player-3,28,14,24,17,player-2,player-3
288,5,19,0.05279085598886013,player-1,33,19,24,19,player-3,player-1
288,6,17,0.05470891483128071,player-4,34,22,30,21,player-4,player-4
288,7,20,0.06408407352864742,player-4,38,28,33,31,player-1,player-4
288,8,17,0.08704094216227531,player-2,38,41,37,40,player-2,player-2
288,9,19,0.06225006654858589,player-1,47,44,44,43,player-3,player-1
288,10,17,0.06787502206861973,player-4,52,50,48,55,player-4,player-4
289,1,17,0.06862496957182884,player-4,3,8,4,10,player-4,player-4
289,2,17,0.05712499842047691,player-1,12,11,9,12,player-1,player-1
289,3,17,0.047582900151610374,player-2,16,17,12,14,player-2,player-2
289,4,20,0.055333832278847694,player-2,18,17,17,14,player-3,player-2
289,5,17,0.04754192195832729,player-4,18,24,20,21,player-4,player-4
289,6,18,0.05379202775657177,player-2,24,31,25,23,player-1,player-2
289,7,17,0.049833906814455986,player-2,24,35,30,26,player-2,player-2
289,8,18,0.0541249755769968,player-4,27,39,38,34,player-3,player-4
289,9,29,0.0577080063521862,none,32,42,42,34,player-4,none
289,10,19,0.06349990144371986,player-3,32,49,42,40,player-1,player-3
289,11,23,0.06649992428719997,player-4,35,56,44,46,player-2,player-4
290,1,20,0.06733392365276814,player-4,6,3,7,1,player-1,player-4
290,2,18,0.0779998954385519,player-3,8,7,19,13,player-2,player-3
290,3,17,0.054541975259780884,player-3,10,7,29,16,player-3,player-3
290,4,33,0.08899997919797897,player-4,27,16,30,18,player-4,player-4
290,5,17,0.050416216254234314,player-1,31,19,39,21,player-1,player-1
290,6,17,0.04470907151699066,player-2,35,21,42,24,player-2,player-2
290,7,17,0.044625019654631615,player-3,37,22,46,24,player-3,player-3
290,8,30,0.07858406752347946,none,39,31,48,24,player-4,none
290,9,18,0.054040923714637756,player-2,41,35,52,29,player-1,player-2
290,10,17,0.06208289414644241,player-2,41,46,52,33,player-2,player-2
290,11,17,0.08145789615809917,player-3,44,51,58,35,player-3,player-3
291,1,17,0.0441248994320631,player-4,0,1,2,9,player-4,player-4
291,2,17,0.05183299072086811,player-1,6,1,3,12,player-1,player-1
291,3,17,0.06583309732377529,player-2,6,5,10,17,player-2,player-2
291,4,18,0.05124998278915882,player-4,7,5,11,25,player-3,player-4
291,5,17,0.05208398215472698,player-4,8,6,11,30,player-4,player-4
291,6,17,0.046042026951909065,player-1,10,11,12,32,player-1,player-1
291,7,17,0.05150004290044308,player-2,18,15,20,42,player-2,player-2
291,8,17,0.05016685463488102,player-3,21,17,29,44,player-3,player-3
291,9,17,0.055541982874274254,player-4,24,17,37,50,player-4,player-4
291,10,17,0.11337501928210258,player-1,28,25,38,57,player-1,player-1
291,11,18,0.053582945838570595,player-3,30,34,39,60,player-2,player-3
291,12,17,0.05229189991950989,player-3,33,36,43,62,player-3,player-3
291,13,21,0.0541249755769968,player-4,36,36,45,67,player-4,player-4
292,1,17,0.05816691555082798,player-4,0,7,6,5,player-4,player-4
292,2,17,0.048165908083319664,player-1,1,8,6,7,player-1,player-1
292,3,20,0.05966704338788986,player-1,6,14,9,11,player-2,player-1
292,4,18,0.042082974687218666,player-4,6,15,13,14,player-3,player-4
292,5,18,0.06162491627037525,player-1,11,20,20,16,player-4,player-1
292,6,17,0.058374833315610886,player-1,20,34,20,22,player-1,player-1
292,7,18,0.057916855439543724,player-3,27,36,24,22,player-2,player-3
292,8,17,0.05329214036464691,player-3,28,47,27,26,player-3,player-3
292,9,17,0.05608284845948219,player-4,28,54,27,32,player-4,player-4
292,10,19,0.05595805123448372,player-3,30,64,28,38,player-1,player-3
293,1,17,0.05483301356434822,player-3,5,1,8,2,player-3,player-3
293,2,19,0.06483402103185654,player-2,9,3,8,4,player-4,player-2
293,3,17,0.06366590969264507,player-1,18,4,11,4,player-1,player-1
293,4,20,0.062000006437301636,player-1,19,14,13,12,player-2,player-1
293,5,17,0.056833960115909576,player-3,22,21,19,18,player-3,player-3
293,6,17,0.055582961067557335,player-4,29,21,28,21,player-4,player-4
293,7,18,0.05895807407796383,player-2,35,24,36,22,player-1,player-2
293,8,18,0.07191603071987629,player-3,41,30,41,30,player-2,player-3
293,9,19,0.05687493830919266,player-1,45,32,42,35,player-3,player-1
293,10,17,0.06225006654858589,player-4,46,39,46,41,player-4,player-4
293,11,17,0.05733314901590347,player-1,53,41,49,48,player-1,player-1
294,1,17,0.0438750721514225,player-3,2,2,2,3,player-3,player-3
294,2,17,0.0588330440223217,player-4,11,5,8,9,player-4,player-4
294,3,20,0.05037500523030758,player-4,19,12,12,13,player-1,player-4
294,4,17,0.05937507376074791,player-2,24,17,12,15,player-2,player-2
294,5,17,0.05487492308020592,player-3,25,19,16,18,player-3,player-3
294,6,17,0.05745794624090195,player-4,29,27,16,22,player-4,player-4
294,7,17,0.049791065976023674,player-1,36,29,16,22,player-1,player-1
294,8,17,0.05933293141424656,player-2,43,42,16,26,player-2,player-2
294,9,21,0.056499848142266273,none,50,49,31,29,player-3,none
294,10,18,0.05291705019772053,player-1,53,49,31,31,player-4,player-1
294,11,18,0.04387483932077885,player-2,53,55,34,32,player-1,player-2
294,12,17,0.05545793101191521,player-2,56,63,36,37,player-2,player-2
295,1,17,0.05679205060005188,player-1,8,0,0,11,player-1,player-1
295,2,22,0.045250169932842255,none,9,2,5,13,player-2,none
295,3,21,0.056625111028552055,player-3,14,3,6,17,player-3,player-3
295,4,23,0.06545800715684891,none,23,7,6,23,player-4,none
295,5,17,0.07162499241530895,player-1,26,8,6,27,player-1,player-1
295,6,17,0.056208809837698936,player-2,29,13,11,29,player-2,player-2
295,7,17,0.04141614772379398,player-3,30,13,16,32,player-3,player-3
295,8,17,0.05379202775657177,player-4,32,19,22,37,player-4,player-4
295,9,17,0.06337510421872139,player-1,39,19,25,40,player-1,player-1
295,10,19,0.06533297710120678,player-4,48,27,27,47,player-2,player-4
295,11,19,0.05008396692574024,player-1,51,27,33,48,player-3,player-1
295,12,17,0.0710408203303814,player-4,55,27,38,55,player-4,player-4
295,13,17,0.048459041863679886,player-1,63,29,39,58,player-1,player-1
296,1,23,0.05075009539723396,player-4,2,2,2,1,player-2,player-4
296,2,17,0.05783303640782833,player-3,7,3,12,4,player-3,player-3
296,3,17,0.054541975259780884,player-4,14,3,12,6,player-4,player-4
296,4,21,0.07216702215373516,player-1,18,14,15,14,player-1,player-1
296,5,17,0.05116686224937439,player-2,21,17,17,16,player-2,player-2
296,6,17,0.05104183219373226,player-3,21,17,25,17,player-3,player-3
296,7,20,0.06425008177757263,player-3,24,21,32,23,player-4,player-3
296,8,18,0.057999975979328156,player-2,27,32,37,25,player-1,player-2
296,9,20,0.06558303721249104,player-1,33,35,38,26,player-2,player-1
296,10,18,0.056042103096842766,player-4,38,38,40,32,player-3,player-4
296,11,21,0.07975008338689804,player-4,41,49,48,38,player-4,player-4
296,12,18,0.04979083314538002,player-2,46,51,52,39,player-1,player-2
296,13,17,0.0463749747723341,player-2,54,52,57,39,player-2,player-2
297,1,20,0.04916614852845669,none,6,10,4,4,player-3,none
297,2,17,0.06725010462105274,player-4,10,12,9,11,player-4,player-4
297,3,17,0.07720803841948509,player-1,11,20,16,19,player-1,player-1
297,4,18,0.06170920096337795,player-3,13,22,19,24,player-2,player-3
297,5,17,0.06408314220607281,player-3,17,27,24,26,player-3,player-3
297,6,18,0.06270897574722767,player-1,23,32,28,33,player-4,player-1
297,7,17,0.0527920201420784,player-1,24,34,33,35,player-1,player-1
297,8,17,0.049042049795389175,player-2,29,40,35,36,player-2,player-2
297,9,19,0.0791249331086874,player-1,43,43,46,37,player-3,player-1
297,10,17,0.05675014108419418,player-4,43,44,47,39,player-4,player-4
297,11,19,0.07029203698039055,player-3,47,55,50,41,player-1,player-3
297,12,17,0.045958906412124634,player-2,53,59,54,45,player-2,player-2
298,1,21,0.06579095497727394,player-4,3,0,3,8,player-4,player-4
298,2,17,0.038624973967671394,player-1,7,3,3,11,player-1,player-1
298,3,17,0.05508307367563248,player-2,7,6,6,22,player-2,player-2
298,4,20,0.051416922360658646,none,14,16,9,26,player-3,none
298,5,18,0.049584079533815384,player-1,19,21,11,28,player-4,player-1
298,6,17,0.0527501106262207,player-1,25,26,11,32,player-1,player-1
298,7,18,0.06029196083545685,player-3,26,28,14,33,player-2,player-3
298,8,17,0.06683403626084328,player-3,33,31,20,38,player-3,player-3
298,9,19,0.05133403465151787,player-2,33,33,23,42,player-4,player-2
298,10,17,0.05479087121784687,player-1,37,34,24,49,player-1,player-1
298,11,17,0.061583006754517555,player-2,40,39,24,56,player-2,player-2
298,12,17,0.06229104474186897,player-3,44,42,26,58,player-3,player-3
299,1,17,0.05124998278915882,player-3,0,4,6,1,player-3,player-3
299,2,17,0.05179201252758503,player-4,7,10,13,4,player-4,player-4
299,3,19,0.05866680294275284,player-3,7,17,13,6,player-1,player-3
299,4,17,0.07095909677445889,player-2,8,22,15,6,player-2,player-2
299,5,20,0.047666020691394806,player-2,9,28,16,8,player-3,player-2
299,6,17,0.05291588604450226,player-4,13,30,16,12,player-4,player-4
299,7,19,0.06400002166628838,player-3,18,34,20,14,player-1,player-3
299,8,19,0.07049995474517345,player-4,22,37,22,19,player-2,player-4
299,9,20,0.06691715680062771,player-2,34,45,31,22,player-3,player-2
299,10,18,0.048999907448887825,player-1,39,45,31,22,player-4,player-1
299,11,17,0.05237502045929432,player-1,44,49,33,25,player-1,player-1
299,12,19,0.07854192517697811,player-4,58,50,41,34,player-2,player-4
299,13,17,0.0524579081684351,player-3,58,55,43,41,player-3,player-3
300,1,17,0.0527501106262207,player-3,1,6,3,1,player-3,player-3
300,2,18,0.04575005732476711,player-1,8,9,6,1,player-4,player-1
300,3,17,0.06333389319479465,player-1,15,9,10,3,player-1,player-1
300,4,17,0.059916870668530464,player-2,18,12,13,3,player-2,player-2
300,5,21,0.08233287371695042,player-3,22,19,21,11,player-3,player-3
300,6,20,0.07899990305304527,player-3,27,21,26,14,player-4,player-3
300,7,17,0.05537504330277443,player-1,29,21,30,14,player-1,player-1
300,8,18,0.10145804844796658,player-3,31,23,33,20,player-2,player-3
300,9,17,0.06383401341736317,player-3,31,23,39,21,player-3,player-3
300,10,19,0.10629184544086456,player-2,38,25,43,29,player-4,player-2
300,11,17,0.05070911720395088,player-1,40,31,52,34,player-1,player-1
300,12,18,0.07387506775557995,player-3,45,33,53,37,player-2,player-3
300,13,17,0.0524159986525774,player-3,47,38,59,42,player-3,player-3
301,1,17,0.08175009861588478,player-3,3,6,7,7,player-3,player-3
301,2,18,0.05833315663039684,player-1,8,6,9,12,player-4,player-1
301,3,18,0.04870793782174587,player-2,12,10,10,15,player-1,player-2
301,4,17,0.04829186946153641,player-2,13,11,10,18,player-2,player-2
301,5,17,0.06625009700655937,player-3,14,12,12,22,player-3,player-3
301,6,17,0.07595890201628208,player-4,18,18,18,25,player-4,player-4
301,7,17,0.06383401341736317,player-1,22,18,25,34,player-1,player-1
301,8,18,0.054165953770279884,player-3,24,24,30,34,player-2,player-3
301,9,18,0.04512490704655647,player-4,25,24,37,38,player-3,player-4
301,10,22,0.05179201252758503,player-1,35,26,42,41,player-4,player-1
301,11,17,0.04779081791639328,player-1,37,28,46,45,player-1,player-1
301,12,18,0.055541982874274254,player-3,42,34,49,51,player-2,player-3
301,13,22,0.047833891585469246,player-4,48,37,50,54,player-3,player-4
301,14,17,0.049042049795389175,player-4,53,38,51,61,player-4,player-4
302,1,17,0.07337494753301144,player-3,1,5,3,3,player-3,player-3
302,2,17,0.055791111662983894,player-4,1,5,6,7,player-4,player-4
302,3,17,0.04558311775326729,player-1,2,7,9,11,player-1,player-1
302,4,18,0.04683411680161953,player-3,4,9,10,15,player-2,player-3
302,5,17,0.04862481728196144,player-3,4,12,13,15,player-3,player-3
302,6,17,0.05691591650247574,player-4,4,12,16,23,player-4,player-4
302,7,19,0.05870801396667957,player-3,10,16,23,31,player-1,player-3
302,8,18,0.05729193799197674,player-3,10,21,26,39,player-2,player-3
302,9,25,0.07116585038602352,none,10,22,31,43,player-3,none
302,10,17,0.06449990905821323,player-4,19,27,42,52,player-4,player-4
302,11,18,0.05804188549518585,player-2,20,32,46,56,player-1,player-2
302,12,17,0.051541952416300774,player-2,20,34,51,62,player-2,player-2
302,13,17,0.05312496796250343,player-3,24,42,57,64,player-3,player-3
303,1,19,0.04470790736377239,player-2,3,1,1,3,player-4,player-2
303,2,17,0.063000014051795,player-1,9,3,2,4,player-1,player-1
303,3,17,0.08570798672735691,player-2,14,11,3,6,player-2,player-2
303,4,17,0.05441601388156414,player-3,14,12,4,9,player-3,player-3
303,5,20,0.07595797069370747,player-3,21,22,12,15,player-4,player-3
303,6,20,0.060125021263957024,player-4,25,29,18,19,player-1,player-4
303,7,18,0.06529083475470543,player-3,28,30,22,22,player-2,player-3
303,8,19,0.0603341031819582,player-1,31,32,23,22,player-3,player-1
303,9,20,0.07187505252659321,player-3,35,36,26,29,player-4,player-3
303,10,19,0.06304215639829636,player-3,37,40,28,38,player-1,player-3
303,11,17,0.03995816223323345,player-2,43,42,30,42,player-2,player-2
303,12,18,0.0477079302072525,player-4,48,42,32,47,player-3,player-4
303,13,17,0.04912493750452995,player-4,48,45,35,47,player-4,player-4
303,14,17,0.04574982449412346,player-1,51,47,35,47,player-1,player-1
303,15,17,0.06154179573059082,player-2,55,50,44,47,player-2,player-2
303,16,18,0.06445799954235554,player-4,62,57,47,50,player-3,player-4
304,1,21,0.06733299233019352,none,0,2,0,6,player-2,none
304,2,17,0.05070888437330723,player-3,5,5,3,8,player-3,player-3
304,3,18,0.05712499842047691,player-1,10,8,4,14,player-4,player-1
304,4,19,0.05958392284810543,player-3,15,17,11,18,player-1,player-3
304,5,17,0.06320816464722157,player-2,19,30,11,18,player-2,player-2
304,6,18,0.07275003008544445,player-4,26,33,18,29,player-3,player-4
304,7,17,0.056499848142266273,player-4,27,35,23,32,player-4,player-4
304,8,18,0.04616705700755119,player-2,31,39,25,34,player-1,player-2
304,9,19,0.061125028878450394,player-4,35,40,28,39,player-2,player-4
304,10,18,0.06600003689527512,player-4,36,43,29,51,player-3,player-4
304,11,17,0.06679189391434193,player-4,40,55,33,63,player-4,player-4
305,1,17,0.058374833315610886,player-3,3,1,3,5,player-3,player-3
305,2,18,0.05270796827971935,player-1,7,2,9,8,player-4,player-1
305,3,17,0.041499966755509377,player-1,7,2,11,9,player-1,player-1
305,4,18,0.05483301356434822,player-3,12,6,13,9,player-2,player-3
305,5,18,0.0516669824719429,player-4,21,8,17,16,player-3,player-4
305,6,17,0.04870793782174587,player-4,25,8,18,21,player-4,player-4
305,7,17,0.07141707465052605,player-1,37,13,24,25,player-1,player-1
305,8,17,0.05895807407796383,player-2,44,17,29,30,player-2,player-2
305,9,19,0.05233311094343662,player-1,45,19,33,30,player-3,player-1
305,10,26,0.08783303201198578,player-1,49,20,39,42,player-4,player-1
305,11,17,0.056459102779626846,player-1,54,21,44,46,player-1,player-1
305,12,18,0.056416960433125496,player-3,56,22,52,48,player-2,player-3
306,1,17,0.0932919792830944,player-4,10,1,10,7,player-4,player-4
306,2,17,0.05733408033847809,player-1,14,8,16,8,player-1,player-1
306,3,20,0.047999899834394455,player-1,23,11,16,14,player-2,player-1
306,4,17,0.050416914746165276,player-3,27,14,18,18,player-3,player-3
306,5,17,0.07762503810226917,player-4,35,14,26,24,player-4,player-4
306,6,18,0.06962521001696587,player-2,36,21,26,28,player-1,player-2
306,7,17,0.06900005973875523,player-2,42,23,31,33,player-2,player-2
306,8,18,0.05587493069469929,player-4,48,23,35,37,player-3,player-4
306,9,17,0.05574990063905716,player-4,50,25,38,43,player-4,player-4
306,10,19,0.055459095165133476,player-3,54,28,42,46,player-1,player-3
306,11,14,0.03158301115036011,none,54,29,47,51,player-2,none
307,1,17,0.05833408795297146,player-4,1,3,3,4,player-4,player-4
307,2,18,0.052291201427578926,player-2,3,6,9,13,player-1,player-2
307,3,27,0.08379202336072922,player-4,5,7,30,20,player-2,player-4
307,4,19,0.07366714999079704,player-1,10,8,35,22,player-3,player-1
307,5,17,0.06162491627037525,player-4,10,11,39,26,player-4,player-4
307,6,18,0.059916870668530464,player-2,10,15,41,30,player-1,player-2
307,7,17,0.05233287811279297,player-2,11,22,46,35,player-2,player-2
307,8,17,0.049708178266882896,player-3,12,22,53,38,player-3,player-3
307,9,24,0.07487484253942966,player-3,15,24,57,41,player-4,player-3
307,10,17,0.06183306686580181,player-1,18,26,61,45,player-1,player-1
307,11,18,0.04920782521367073,player-3,18,29,69,49,player-2,player-3
307,12,17,0.05000014789402485,player-3,18,34,70,49,player-3,player-3
307,13,17,0.07845903746783733,player-4,25,38,77,58,player-4,player-4
308,1,19,0.06595789454877377,player-4,10,3,6,4,player-2,player-4
308,2,17,0.054999953135848045,player-3,15,12,10,7,player-3,player-3
308,3,17,0.06087496876716614,player-4,15,18,15,17,player-4,player-4
308,4,17,0.07087504491209984,player-1,20,21,17,21,player-1,player-1
308,5,17,0.05804095417261124,player-2,26,28,17,23,player-2,player-2
308,6,17,0.06224983371794224,player-3,28,33,23,26,player-3,player-3
308,7,19,0.051165930926799774,player-2,28,36,25,30,player-4,player-2
308,8,18,0.07016700692474842,player-2,31,39,30,36,player-1,player-2
308,9,19,0.07275003008544445,player-4,33,42,44,48,player-2,player-4
308,10,19,0.07049995474517345,player-1,36,46,46,52,player-3,player-1
308,11,19,0.04854192957282066,player-2,36,48,49,54,player-4,player-2
309,1,17,0.06458302959799767,player-2,5,4,2,2,player-2,player-2
309,2,18,0.05608308129012585,player-4,6,5,5,6,player-3,player-4
309,3,18,0.06829202175140381,player-1,8,7,11,10,player-4,player-1
309,4,17,0.05441601388156414,player-1,12,12,14,11,player-1,player-1
309,5,17,0.07175002247095108,player-2,16,18,16,17,player-2,player-2
309,6,25,0.09062490426003933,player-3,29,18,19,20,player-3,player-3
309,7,17,0.05370797589421272,player-4,29,23,21,22,player-4,player-4
309,8,18,0.059208134189248085,player-2,30,32,21,26,player-1,player-2
309,9,17,0.04437495954334736,player-2,32,35,23,27,player-2,player-2
309,10,18,0.06479211151599884,player-4,36,43,25,35,player-3,player-4
309,11,17,0.061499886214733124,player-4,39,43,31,43,player-4,player-4
309,12,17,0.05420902743935585,player-1,41,44,31,47,player-1,player-1
309,13,21,0.041125109419226646,none,43,47,32,51,player-2,none
309,14,20,0.0527920201420784,player-2,45,52,36,51,player-3,player-2
310,1,17,0.057541998103260994,player-4,2,0,4,6,player-4,player-4
310,2,31,0.06291596218943596,none,4,4,6,8,player-1,none
310,3,17,0.05733314901590347,player-2,8,8,6,13,player-2,player-2
310,4,17,0.06737490184605122,player-3,16,10,9,15,player-3,player-3
310,5,17,0.06629177369177341,player-4,18,17,10,27,player-4,player-4
310,6,22,0.06441609002649784,player-2,22,24,10,27,player-1,player-2
310,7,18,0.05608401261270046,player-3,25,28,11,35,player-2,player-3
310,8,19,0.07587508298456669,player-1,31,36,16,38,player-3,player-1
310,9,19,0.05083298310637474,player-2,35,43,16,39,player-4,player-2
310,10,18,0.057459110394120216,player-2,35,52,16,41,player-1,player-2
310,11,18,0.050958944484591484,player-3,40,55,21,47,player-2,player-3
311,1,18,0.056167133152484894,player-2,4,8,4,2,player-1,player-2
311,2,17,0.05270820111036301,player-2,5,9,5,4,player-2,player-2
311,3,18,0.05470798350870609,player-4,13,15,8,11,player-3,player-4
311,4,17,0.04737498238682747,player-4,15,19,9,16,player-4,player-4
311,5,17,0.06208382546901703,player-1,18,22,11,18,player-1,player-1
311,6,19,0.055833952501416206,player-4,22,26,17,22,player-2,player-4
311,7,22,0.06791693158447742,player-4,27,30,22,35,player-3,player-4
311,8,19,0.06420910358428955,player-2,31,31,27,38,player-4,player-2
311,9,20,0.05916692316532135,player-4,35,31,30,41,player-1,player-4
311,10,18,0.057582976296544075,player-3,36,33,35,45,player-2,player-3
311,11,17,0.06666709668934345,player-3,43,39,39,48,player-3,player-3
311,12,17,0.06425008177757263,player-4,48,48,42,56,player-4,player-4
312,1,17,0.05187490023672581,player-4,2,1,4,5,player-4,player-4
312,2,19,0.07612491026520729,player-3,5,6,11,7,player-1,player-3
312,3,17,0.062208157032728195,player-2,9,13,17,9,player-2,player-2
312,4,20,0.057374825701117516,player-2,11,23,21,13,player-3,player-2
312,5,24,0.06837490946054459,player-3,12,23,23,16,player-4,player-3
312,6,17,0.045208027586340904,player-1,16,25,27,16,player-1,player-1
312,7,17,0.05425000563263893,player-2,19,27,35,18,player-2,player-2
312,8,18,0.049666035920381546,player-4,23,31,35,22,player-3,player-4
312,9,18,0.056999968364834785,player-1,27,33,40,25,player-4,player-1
312,10,17,0.05587493069469929,player-1,32,34,41,28,player-1,player-1
312,11,18,0.0512909609824419,player-3,39,41,42,34,player-2,player-3
312,12,17,0.04908395931124687,player-3,45,45,43,36,player-3,player-3
312,13,19,0.0849580392241478,player-2,53,55,54,40,player-4,player-2
313,1,19,0.05208305083215237,player-4,1,4,5,9,player-2,player-4
313,2,19,0.05191587843000889,player-1,3,6,10,9,player-3,player-1
313,3,19,0.04891701973974705,player-2,7,8,10,10,player-4,player-2
313,4,17,0.06374996155500412,player-1,11,8,18,10,player-1,player-1
313,5,17,0.058833975344896317,player-2,11,13,19,12,player-2,player-2
313,6,17,0.05262484773993492,player-3,13,15,25,12,player-3,player-3
313,7,17,0.051625072956085205,player-4,13,17,25,20,player-4,player-4
313,8,19,0.05787494592368603,player-3,16,18,32,22,player-1,player-3
313,9,17,0.06083305925130844,player-2,18,27,36,26,player-2,player-2
313,10,17,0.056374818086624146,player-3,21,30,44,31,player-3,player-3
313,11,18,0.06170803681015968,player-1,27,34,48,40,player-4,player-1
313,12,19,0.05091703496873379,player-3,30,36,52,42,player-1,player-3
313,13,18,0.0490827951580286,player-3,35,40,55,42,player-2,player-3
313,14,17,0.07908395491540432,player-3,45,53,62,52,player-3,player-3
314,1,24,0.06116693839430809,player-2,3,5,3,1,player-3,player-2
314,2,17,0.050999922677874565,player-4,5,5,5,7,player-4,player-4
314,3,22,0.0666249543428421,player-2,11,15,6,7,player-1,player-2
314,4,17,0.054540811106562614,player-2,18,18,9,16,player-2,player-2
314,5,18,0.08537503890693188,player-4,19,22,16,20,player-3,player-4
314,6,20,0.07270812056958675,player-3,19,26,20,23,player-4,player-3
314,7,19,0.057582976296544075,player-3,19,29,23,24,player-1,player-3
314,8,18,0.057208118960261345,player-3,19,33,25,24,player-2,player-3
314,9,17,0.0700000673532486,player-3,23,42,30,24,player-3,player-3
314,10,17,0.055833952501416206,player-4,34,42,38,25,player-4,player-4
314,11,20,0.08425000123679638,player-4,42,44,41,34,player-1,player-4
314,12,17,0.05587516352534294,player-2,45,46,45,36,player-2,player-2
314,13,18,0.04950002767145634,player-4,47,49,45,40,player-3,player-4
314,14,20,0.06416602991521358,player-3,60,49,59,45,player-4,player-3
315,1,17,0.03737513907253742,none,0,8,0,0,player-2,none
315,2,19,0.06574997678399086,player-1,9,11,0,7,player-3,player-1
315,3,21,0.08783303201198578,player-4,11,22,7,14,player-4,player-4
315,4,18,0.06766710430383682,player-2,13,28,11,20,player-1,player-2
315,5,17,0.05862489342689514,player-2,15,33,14,27,player-2,player-2
315,6,20,0.06524985656142235,player-2,22,40,17,31,player-3,player-2
315,7,34,0.07037492468953133,player-1,29,45,18,34,player-4,player-1
315,8,17,0.05491706542670727,player-1,38,52,22,44,player-1,player-1
315,9,20,0.056208111345767975,player-1,41,54,24,47,player-2,player-1
316,1,16,0.036624958738684654,none,2,0,2,2,player-4,none
316,2,17,0.06366614252328873,player-1,3,3,4,11,player-1,player-1
316,3,22,0.053958967328071594,player-3,3,4,4,17,player-2,player-3
316,4,17,0.04675006493926048,player-3,15,5,16,26,player-3,player-3
316,5,17,0.05537504330277443,player-4,17,7,22,35,player-4,player-4
316,6,18,0.056999968364834785,player-2,20,18,26,37,player-1,player-2
316,7,17,0.06354087963700294,player-2,26,22,28,39,player-2,player-2
316,8,22,0.08187512867152691,player-4,29,28,36,43,player-3,player-4
316,9,17,0.058584148064255714,player-4,31,34,38,51,player-4,player-4
316,10,17,0.04824995994567871,player-1,36,37,42,51,player-1,player-1
316,11,18,0.04258309490978718,player-3,37,42,44,55,player-2,player-3
316,12,17,0.05283299833536148,player-3,40,45,47,59,player-3,player-3
317,1,17,0.069082947447896,player-4,4,8,10,7,player-4,player-4
317,2,20,0.06504100747406483,player-4,12,8,16,19,player-1,player-4
317,3,17,0.058499863371253014,player-2,14,11,19,23,player-2,player-2
317,4,17,0.06816699169576168,player-3,19,11,21,33,player-3,player-3
317,5,17,0.05437503568828106,player-4,23,14,24,45,player-4,player-4
317,6,18,0.057999975979328156,player-2,27,19,28,47,player-1,player-2
317,7,17,0.07404200732707977,player-2,33,21,32,47,player-2,player-2
317,8,19,0.0461251474916935,player-1,34,24,33,48,player-3,player-1
317,9,19,0.04016701132059097,none,34,25,36,51,player-4,none
317,10,20,0.06520887836813927,player-4,35,32,36,61,player-1,player-4
317,11,17,0.0577080063521862,player-2,39,40,37,65,player-2,player-2
318,1,18,0.06091617979109287,player-1,4,3,5,7,player-4,player-1
318,2,19,0.04691607318818569,player-3,9,8,9,10,player-1,player-3
318,3,17,0.07258309051394463,player-2,18,9,13,17,player-2,player-2
318,4,17,0.05183299072086811,player-3,19,13,14,22,player-3,player-3
318,5,20,0.06270804442465305,player-3,19,22,18,25,player-4,player-3
318,6,20,0.07712491787970066,player-4,20,22,26,33,player-1,player-4
318,7,17,0.05816691555082798,player-2,25,31,26,40,player-2,player-2
318,8,17,0.06566708907485008,player-3,31,35,34,48,player-3,player-3
318,9,17,0.05466677248477936,player-4,34,37,34,55,player-4,player-4
318,10,17,0.053833937272429466,player-1,39,39,38,56,player-1,player-1
318,11,23,0.0700000673532486,player-4,41,46,39,62,player-2,player-4
319,1,19,0.09562494233250618,player-2,3,8,0,3,player-4,player-2
319,2,20,0.06116693839430809,player-4,4,14,3,11,player-1,player-4
319,3,19,0.06070896051824093,player-4,5,19,11,18,player-2,player-4
319,4,17,0.0485831405967474,player-3,8,23,18,20,player-3,player-3
319,5,18,0.05808286368846893,player-1,13,23,22,24,player-4,player-1
319,6,17,0.06204098463058472,player-1,16,23,33,38,player-1,player-1
319,7,19,0.06504100747406483,player-4,20,27,39,41,player-2,player-4
319,8,17,0.05150004290044308,player-3,21,27,41,44,player-3,player-3
319,9,17,0.05437503568828106,player-4,21,29,44,51,player-4,player-4
319,10,17,0.05708308890461922,player-1,25,32,48,55,player-1,player-1
319,11,17,0.05595805123448372,player-2,29,37,52,59,player-2,player-2
319,12,17,0.059957848861813545,player-3,32,44,53,66,player-3,player-3
320,1,19,0.0563750509172678,player-3,6,2,4,4,player-1,player-3
320,2,17,0.05950010381639004,player-2,8,5,4,14,player-2,player-2
320,3,17,0.046083005145192146,player-3,10,6,11,14,player-3,player-3
320,4,17,0.06849993951618671,player-4,10,8,16,21,player-4,player-4
320,5,18,0.051165930926799774,player-2,12,16,19,24,player-1,player-2
320,6,17,0.05395920015871525,player-2,20,19,26,25,player-2,player-2
320,7,18,0.05183415487408638,player-4,23,25,27,27,player-3,player-4
320,8,18,0.06304099224507809,player-1,35,31,32,38,player-4,player-1
320,9,17,0.055999960750341415,player-1,38,35,37,43,player-1,player-1
320,10,19,0.04854099825024605,player-4,44,39,39,45,player-2,player-4
320,11,17,0.04212488420307636,player-3,45,41,45,48,player-3,player-3
320,12,18,0.06529106758534908,player-1,49,48,50,49,player-4,player-1
320,13,17,0.0527920201420784,player-1,57,50,55,51,player-1,player-1
321,1,17,0.05987496115267277,player-3,2,1,3,4,player-3,player-3
321,2,22,0.04775007255375385,player-1,6,4,7,6,player-4,player-1
321,3,18,0.052333809435367584,player-2,6,5,12,9,player-1,player-2
321,4,18,0.04595797508955002,player-3,10,10,14,11,player-2,player-3
321,5,18,0.05233311094343662,player-4,12,11,14,13,player-3,player-4
321,6,21,0.07604085840284824,player-4,16,11,17,20,player-4,player-4
321,7,17,0.05370914004743099,player-1,33,15,29,23,player-1,player-1
321,8,17,0.06579188629984856,player-2,33,19,31,29,player-2,player-2
321,9,17,0.05508307367563248,player-3,34,21,40,32,player-3,player-3
321,10,17,0.04375004209578037,player-4,42,23,46,33,player-4,player-4
321,11,18,0.06975000724196434,player-2,46,37,48,44,player-1,player-2
321,12,17,0.05766586400568485,player-2,52,38,48,44,player-2,player-2
322,1,18,0.06804196164011955,player-4,4,6,8,6,player-3,player-4
322,2,17,0.048958929255604744,player-4,4,12,13,7,player-4,player-4
322,3,19,0.0927499495446682,player-3,8,18,13,13,player-1,player-3
322,4,17,0.05404185503721237,player-2,18,21,18,14,player-2,player-2
322,5,20,0.06625009700655937,player-2,19,29,19,21,player-3,player-2
322,6,17,0.06579188629984856,player-4,24,38,25,34,player-4,player-4
322,7,23,0.07875007577240467,player-3,28,47,27,41,player-1,player-3
322,8,19,0.04929210990667343,player-4,31,49,28,53,player-2,player-4
323,1,20,0.05245814099907875,player-1,3,4,1,2,player-2,player-1
323,2,18,0.06408407352864742,player-4,11,8,3,12,player-3,player-4
323,3,17,0.046165892854332924,player-4,14,10,4,13,player-4,player-4
323,4,20,0.07724994793534279,player-4,21,14,11,24,player-1,player-4
323,5,20,0.06324984133243561,player-1,27,19,12,32,player-2,player-1
323,6,19,0.061042141169309616,player-1,36,28,22,36,player-3,player-1
323,7,17,0.04266691394150257,player-4,36,28,22,42,player-4,player-4
323,8,19,0.06095808930695057,player-3,48,31,27,44,player-1,player-3
323,9,20,0.05475012585520744,player-1,51,35,31,46,player-2,player-1
323,10,19,0.056208809837698936,player-1,60,38,32,53,player-3,player-1
323,11,17,0.051582930609583855,player-4,62,45,32,58,player-4,player-4
324,1,20,0.05775014869868755,player-1,8,2,1,8,player-2,player-1
324,2,24,0.06866711191833019,player-2,11,9,4,11,player-3,player-2
324,3,17,0.07070903666317463,player-4,14,13,6,14,player-4,player-4
324,4,17,0.06254110485315323,player-1,17,18,10,22,player-1,player-1
324,5,17,0.06512505933642387,player-2,24,22,11,26,player-2,player-2
324,6,17,0.047999899834394455,player-3,24,23,13,28,player-3,player-3
324,7,18,0.04479195922613144,player-1,25,25,13,33,player-4,player-1
324,8,20,0.05829194560647011,player-4,29,27,18,37,player-1,player-4
324,9,18,0.049625057727098465,player-3,38,32,28,40,player-2,player-3
324,10,17,0.06158393807709217,player-3,49,37,38,42,player-3,player-3
324,11,17,0.04683295264840126,player-4,50,38,41,46,player-4,player-4
324,12,17,0.060416990891098976,player-1,61,39,43,54,player-1,player-1
325,1,18,0.058582983911037445,player-4,4,6,7,7,player-3,player-4
325,2,24,0.0724999699741602,player-3,5,6,9,11,player-4,player-3
325,3,23,0.0617089681327343,player-3,10,19,23,22,player-1,player-3
325,4,17,0.05529215559363365,player-2,17,23,30,25,player-2,player-2
325,5,17,0.05529192276299,player-3,25,28,32,28,player-3,player-3
325,6,17,0.05745794624090195,player-4,33,28,38,34,player-4,player-4
325,7,17,0.07554213516414165,player-1,44,36,42,45,player-1,player-1
325,8,17,0.05633407272398472,player-2,47,42,45,51,player-2,player-2
325,9,20,0.0499580055475235,player-2,49,47,50,54,player-3,player-2
326,1,22,0.06354204379022121,player-1,6,0,9,2,player-4,player-1
326,2,18,0.05845795385539532,player-2,12,4,11,7,player-1,player-2
326,3,17,0.0514171551913023,player-2,13,11,13,11,player-2,player-2
326,4,17,0.05720905028283596,player-3,23,17,17,12,player-3,player-3
326,5,18,0.05308398976922035,player-1,24,17,19,14,player-4,player-1
326,6,18,0.06366707384586334,player-2,29,28,19,24,player-1,player-2
326,7,18,0.05537504330277443,player-3,34,34,23,26,player-2,player-3
326,8,19,0.06679212674498558,player-1,45,44,26,32,player-3,player-1
326,9,17,0.04629208706319332,player-4,45,45,27,40,player-4,player-4
326,10,18,0.07362500764429569,player-2,48,54,30,50,player-1,player-2
327,1,19,0.055582961067557335,player-1,1,4,7,2,player-3,player-1
327,2,19,0.10058283805847168,player-2,8,6,13,2,player-4,player-2
327,3,18,0.06304215639829636,player-2,13,7,15,9,player-1,player-2
327,4,17,0.06908318027853966,player-2,13,16,22,9,player-2,player-2
327,5,20,0.08120783604681492,player-2,13,23,24,18,player-3,player-2
327,6,18,0.07250020280480385,player-1,20,31,30,20,player-4,player-1
327,7,18,0.06120791658759117,player-2,26,35,38,20,player-1,player-2
327,8,21,0.05320785567164421,player-2,28,40,41,22,player-2,player-2
327,9,19,0.05454220809042454,player-1,41,43,48,23,player-3,player-1
327,10,24,0.06795884110033512,none,41,49,50,28,player-4,none
327,11,17,0.05687493830919266,player-1,42,54,56,32,player-1,player-1
327,12,17,0.05737505853176117,player-2,44,56,56,37,player-2,player-2
328,1,17,0.05379202775657177,player-1,2,3,3,4,player-1,player-1
328,2,17,0.06616697646677494,player-2,8,5,3,10,player-2,player-2
328,3,20,0.05429098382592201,player-2,9,13,5,11,player-3,player-2
328,4,17,0.07266714237630367,player-4,12,19,9,13,player-4,player-4
328,5,23,0.052999937906861305,none,13,25,13,15,player-1,none
328,6,18,0.0612910371273756,player-3,20,27,18,17,player-2,player-3
328,7,18,0.04350021481513977,player-4,22,32,20,19,player-3,player-4
328,8,18,0.0652919989079237,player-1,28,36,22,26,player-4,player-1
328,9,28,0.08237478323280811,none,33,40,23,36,player-1,none
328,10,17,0.054625095799565315,player-2,35,45,27,37,player-2,player-2
328,11,20,0.04841713234782219,player-2,38,50,31,39,player-3,player-2
328,12,20,0.06591691635549068,player-3,46,54,35,51,player-4,player-3
329,1,19,0.07424992509186268,player-3,1,5,9,2,player-1,player-3
329,2,17,0.05595805123448372,player-2,8,6,11,6,player-2,player-2
329,3,18,0.05866680294275284,player-4,11,15,15,11,player-3,player-4
329,4,17,0.05845795385539532,player-4,16,19,15,13,player-4,player-4
329,5,17,0.11320807971060276,player-1,20,25,19,15,player-1,player-1
329,6,17,0.06604194641113281,player-2,26,33,21,19,player-2,player-2
329,7,17,0.06308290176093578,player-3,26,40,21,20,player-3,player-3
329,8,21,0.06504100747406483,player-4,31,46,26,28,player-4,player-4
329,9,18,0.06445799954235554,player-2,33,52,26,33,player-1,player-2
329,10,18,0.05350005812942982,player-3,37,53,29,35,player-2,player-3
329,11,17,0.04724995233118534,player-3,39,56,32,37,player-3,player-3
329,12,17,0.06512505933642387,player-4,45,60,32,46,player-4,player-4
330,1,17,0.06329198367893696,player-1,7,6,3,3,player-1,player-1
330,2,18,0.07066689431667328,player-3,7,8,8,16,player-2,player-3
330,3,18,0.091959023848176,player-4,15,12,11,18,player-3,player-4
330,4,17,0.05045789293944836,player-4,15,17,14,26,player-4,player-4
330,5,17,0.0563750509172678,player-1,20,17,19,32,player-1,player-1
330,6,17,0.05324999801814556,player-2,20,20,19,39,player-2,player-2
330,7,18,0.05479203537106514,player-4,20,32,28,44,player-3,player-4
330,8,18,0.04554097540676594,player-1,22,34,30,49,player-4,player-1
330,9,17,0.04700012505054474,player-1,24,36,37,56,player-1,player-1
330,10,17,0.048250192776322365,player-2,31,40,43,59,player-2,player-2
330,11,17,0.0588330440223217,player-3,37,45,48,62,player-3,player-3
331,1,17,0.05000014789402485,player-1,5,3,2,6,player-1,player-1
331,2,17,0.06958399899303913,player-2,10,16,4,9,player-2,player-2
331,3,19,0.043208012357354164,player-1,12,19,7,10,player-3,player-1
331,4,21,0.05145790055394173,player-4,14,23,8,17,player-4,player-4
331,5,17,0.056833960115909576,player-1,21,23,16,21,player-1,player-1
331,6,18,0.06466708146035671,player-3,27,27,23,27,player-2,player-3
331,7,20,0.060125021263957024,player-2,29,32,26,29,player-3,player-2
331,8,20,0.07104198448359966,player-3,41,34,36,30,player-4,player-3
331,9,19,0.0638752244412899,player-3,48,40,42,34,player-1,player-3
331,10,18,0.05700020119547844,player-3,56,41,48,41,player-2,player-3
332,1,17,0.05829194560647011,player-3,2,7,8,6,player-3,player-3
332,2,17,0.04612491466104984,player-4,3,7,12,9,player-4,player-4
332,3,19,0.08062506094574928,player-3,7,7,20,11,player-1,player-3
332,4,20,0.06979214958846569,player-1,12,11,28,12,player-2,player-1
332,5,19,0.06450014188885689,player-1,18,18,30,18,player-3,player-1
332,6,19,0.054416945204138756,player-2,19,32,35,21,player-4,player-2
332,7,17,0.06229104474186897,player-1,25,32,35,28,player-1,player-1
332,8,18,0.06474996916949749,player-3,32,33,48,30,player-2,player-3
332,9,17,0.04587508738040924,player-3,34,38,52,30,player-3,player-3
332,10,17,0.05933293141424656,player-4,35,40,54,39,player-4,player-4
332,11,17,0.06329198367893696,player-1,37,45,59,48,player-1,player-1
332,12,18,0.05625002086162567,player-3,42,53,64,51,player-2,player-3
333,1,19,0.05379202775657177,player-4,3,4,2,3,player-2,player-4
333,2,18,0.05691614933311939,player-4,5,9,5,10,player-3,player-4
333,3,18,0.058167148381471634,player-1,15,11,15,13,player-4,player-1
333,4,18,0.06091594696044922,player-2,26,25,19,19,player-1,player-2
333,5,19,0.06429199129343033,player-4,34,30,22,27,player-2,player-4
333,6,17,0.0554998405277729,player-3,34,30,26,29,player-3,player-3
333,7,20,0.046625034883618355,player-3,36,34,32,31,player-4,player-3
333,8,19,0.04575005732476711,player-3,38,34,33,32,player-1,player-3
333,9,17,0.057625118643045425,player-2,41,37,35,35,player-2,player-2
333,10,17,0.041582854464650154,player-3,44,37,38,35,player-3,player-3
333,11,30,0.06704102270305157,none,46,37,40,38,player-4,none
333,12,17,0.042250147089362144,player-1,47,41,44,42,player-1,player-1
333,13,17,0.05512498319149017,player-2,47,48,44,48,player-2,player-2
333,14,18,0.06204098463058472,player-4,48,54,50,49,player-3,player-4
334,1,18,0.07308297790586948,player-4,3,4,2,2,player-3,player-4
334,2,17,0.07324991747736931,player-4,5,11,11,4,player-4,player-4
334,3,18,0.05179201252758503,player-2,7,15,17,5,player-1,player-2
334,4,18,0.06250012665987015,player-3,14,16,26,8,player-2,player-3
334,5,17,0.05095801316201687,player-3,15,19,32,12,player-3,player-3
334,6,19,0.045625027269124985,player-2,18,22,32,12,player-4,player-2
334,7,18,0.05833408795297146,player-2,21,32,34,14,player-1,player-2
334,8,17,0.07383408956229687,player-2,23,39,47,24,player-2,player-2
334,9,18,0.06474996916949749,player-4,24,49,47,25,player-3,player-4
334,10,17,0.053208088502287865,player-4,27,58,58,28,player-4,player-4
334,11,17,0.05208305083215237,player-1,34,59,65,30,player-1,player-1
334,12,17,0.054042087867856026,player-2,42,71,65,34,player-2,player-2
335,1,20,0.062125036492943764,player-3,3,2,7,2,player-4,player-3
335,2,22,0.06050011143088341,player-2,9,3,10,4,player-1,player-2
335,3,18,0.0502078328281641,player-3,10,5,13,7,player-2,player-3
335,4,21,0.07404200732707977,player-3,13,8,16,9,player-3,player-3
335,5,19,0.07433397695422173,player-2,16,17,19,13,player-4,player-2
335,6,19,0.045000109821558,player-3,17,18,27,14,player-1,player-3
335,7,19,0.06183306686580181,player-4,21,21,37,25,player-2,player-4
335,8,20,0.07829209789633751,player-2,23,26,40,29,player-3,player-2
335,9,22,0.06733299233019352,player-1,33,31,41,35,player-4,player-1
335,10,18,0.06958399899303913,player-2,34,34,41,39,player-1,player-2
335,11,21,0.05650008097290993,player-2,39,41,50,42,player-2,player-2
335,12,17,0.04037492908537388,none,45,44,58,47,player-3,none
336,1,17,0.05516689270734787,player-1,5,1,3,3,player-1,player-1
336,2,17,0.06429199129343033,player-2,13,4,3,5,player-2,player-2
336,3,17,0.07837498560547829,player-3,13,12,18,12,player-3,player-3
336,4,17,0.058125006034970284,player-4,17,19,18,18,player-4,player-4
336,5,18,0.05691591650247574,player-2,23,20,22,20,player-1,player-2
336,6,17,0.0503340270370245,player-2,26,29,29,23,player-2,player-2
336,7,17,0.059042125940322876,player-3,28,40,32,32,player-3,player-3
336,8,20,0.0502921175211668,player-3,30,42,37,32,player-4,player-3
336,9,19,0.04683295264840126,player-3,35,42,42,36,player-1,player-3
336,10,17,0.061416998505592346,player-2,36,49,43,38,player-2,player-2
336,11,18,0.053582945838570595,player-4,38,50,47,44,player-3,player-4
336,12,19,0.06345799192786217,player-2,45,60,49,46,player-4,player-2
337,1,17,0.045582884922623634,player-3,0,4,1,1,player-3,player-3
337,2,18,0.05374988541007042,player-1,3,14,6,7,player-4,player-1
337,3,17,0.06208289414644241,player-1,3,16,6,16,player-1,player-1
337,4,17,0.050040893256664276,player-2,7,17,6,16,player-2,player-2
337,5,17,0.06474996916949749,player-3,16,17,16,21,player-3,player-3
337,6,18,0.05266699008643627,player-1,26,26,16,24,player-4,player-1
337,7,17,0.04416611045598984,player-1,35,26,20,27,player-1,player-1
337,8,18,0.04987488500773907,player-3,37,32,28,31,player-2,player-3
337,9,17,0.047708163037896156,player-3,40,36,36,33,player-3,player-3
337,10,17,0.04716683179140091,player-4,40,37,38,39,player-4,player-4
337,11,17,0.0477079302072525,player-1,43,42,40,39,player-1,player-1
337,12,17,0.04683295264840126,player-2,44,45,41,42,player-2,player-2
337,13,18,0.045042019337415695,player-4,47,46,46,50,player-3,player-4
337,14,16,0.04175002686679363,none,48,48,52,56,player-4,none
338,1,14,0.030542025342583656,none,0,0,0,4,player-3,none
338,2,19,0.04983297549188137,player-2,2,2,0,8,player-4,player-2
338,3,20,0.03824988380074501,none,3,5,0,14,player-1,none
338,4,18,0.062374863773584366,player-3,5,13,5,16,player-2,player-3
338,5,20,0.05770917050540447,player-2,9,21,9,16,player-3,player-2
338,6,18,0.5223329644650221,player-1,14,30,13,20,player-4,player-1
338,7,18,0.05754106678068638,player-2,19,33,15,24,player-1,player-2
338,8,37,0.10645785368978977,none,23,46,23,28,player-2,none
338,9,20,0.05208281800150871,player-2,26,52,25,32,player-3,player-2
338,10,17,0.05287490785121918,player-4,26,54,25,38,player-4,player-4
338,11,17,0.06308406591415405,player-1,31,60,27,38,player-1,player-1
338,12,17,0.04975008778274059,player-2,39,62,30,45,player-2,player-2
339,1,18,0.046208035200834274,player-4,0,4,2,3,player-3,player-4
339,2,17,0.04512490704655647,player-4,5,5,7,7,player-4,player-4
339,3,17,0.046083005145192146,player-1,15,5,17,11,player-1,player-1
339,4,18,0.06883288733661175,player-3,20,7,31,16,player-2,player-3
339,5,22,0.06066705100238323,player-4,23,11,33,21,player-3,player-4
339,6,17,0.04279217682778835,player-4,26,14,33,28,player-4,player-4
339,7,17,0.056999968364834785,player-1,39,14,36,34,player-1,player-1
339,8,19,0.06720796227455139,player-4,39,19,44,40,player-2,player-4
339,9,19,0.05795806646347046,player-1,46,19,46,42,player-3,player-1
339,10,17,0.05083298310637474,player-4,55,22,56,44,player-4,player-4
340,1,17,0.04575005732476711,player-3,3,0,1,1,player-3,player-3
340,2,18,0.05687493830919266,player-1,7,0,3,2,player-4,player-1
340,3,25,0.06145797669887543,none,9,8,7,13,player-1,none
340,4,17,0.06704102270305157,player-2,10,18,15,19,player-2,player-2
340,5,17,0.05641602911055088,player-3,12,20,17,22,player-3,player-3
340,6,21,0.05029095336794853,player-4,13,25,21,23,player-4,player-4
340,7,17,0.06370898336172104,player-1,24,27,23,25,player-1,player-1
340,8,18,0.05108397454023361,player-3,24,32,30,25,player-2,player-3
340,9,17,0.04724995233118534,player-3,25,37,37,29,player-3,player-3
340,10,21,0.07962505333125591,player-4,27,45,43,38,player-4,player-4
340,11,18,0.04766695201396942,player-2,31,48,47,42,player-1,player-2
340,12,17,0.04224991425871849,player-2,33,52,49,44,player-2,player-2
340,13,20,0.05166581831872463,player-2,35,52,50,48,player-3,player-2
341,1,19,0.05029188469052315,player-1,3,0,2,2,player-3,player-1
341,2,17,0.049416907131671906,player-4,3,4,10,7,player-4,player-4
341,3,17,0.059374840930104256,player-1,8,9,13,10,player-1,player-1
341,4,17,0.0702079851180315,player-2,12,24,19,10,player-2,player-2
341,5,17,0.05054101347923279,player-3,17,24,25,11,player-3,player-3
341,6,17,0.07791700772941113,player-4,29,27,40,13,player-4,player-4
341,7,25,0.05312496796250343,none,31,27,42,14,player-1,none
341,8,17,0.054999953135848045,player-2,34,29,44,15,player-2,player-2
341,9,21,0.05024997517466545,player-3,34,32,49,19,player-3,player-3
341,10,17,0.04549999721348286,player-4,36,36,51,24,player-4,player-4
341,11,22,0.07683294825255871,player-2,41,41,54,26,player-1,player-2
341,12,18,0.05837506614625454,player-3,41,46,60,28,player-2,player-3
342,1,17,0.06104097701609135,player-4,6,2,3,7,player-4,player-4
342,2,17,0.055333832278847694,player-1,8,5,6,12,player-1,player-1
342,3,18,0.07454189471900463,player-3,9,9,17,12,player-2,player-3
342,4,23,0.07066689431667328,player-1,19,16,24,20,player-3,player-1
342,5,18,0.05729100666940212,player-1,25,19,25,24,player-4,player-1
342,6,17,0.0588330440223217,player-1,29,21,32,24,player-1,player-1
342,7,17,0.05762488581240177,player-2,34,35,42,28,player-2,player-2
342,8,27,0.06191711872816086,player-1,40,35,45,38,player-3,player-1
342,9,18,0.04729093052446842,player-1,43,37,47,41,player-4,player-1
342,10,18,0.05620904266834259,player-2,43,46,50,41,player-1,player-2
342,11,17,0.05766702815890312,player-2,43,51,54,48,player-2,player-2
342,12,17,0.053541967645287514,player-3,43,53,59,54,player-3,player-3
343,1,18,0.06145797669887543,player-2,3,5,3,5,player-1,player-2
343,2,17,0.04850002005696297,player-2,4,13,3,7,player-2,player-2
343,3,18,0.055042095482349396,player-4,6,25,5,15,player-3,player-4
343,4,17,0.04583294503390789,player-4,9,26,8,19,player-4,player-4
343,5,17,0.062000006437301636,player-1,10,27,14,25,player-1,player-1
343,6,19,0.06504100747406483,player-4,16,45,14,31,player-2,player-4
343,7,20,0.04729093052446842,player-2,24,49,14,34,player-3,player-2
343,8,18,0.05904096178710461,player-1,32,51,14,35,player-4,player-1
343,9,17,0.042584026232361794,player-1,34,55,14,36,player-1,player-1
343,10,17,0.05970802158117294,player-2,39,61,16,36,player-2,player-2
343,11,19,0.06266706623136997,player-1,51,62,20,42,player-3,player-1
344,1,18,0.04579196684062481,player-3,0,2,6,0,player-2,player-3
344,2,19,0.0541668850928545,player-1,4,8,12,0,player-3,player-1
344,3,17,0.04958314821124077,player-4,6,8,17,13,player-4,player-4
344,4,20,0.043040839955210686,none,6,10,17,13,player-1,none
344,5,17,0.05516689270734787,player-2,10,12,17,16,player-2,player-2
344,6,18,0.05829101428389549,player-4,19,12,24,18,player-3,player-4
344,7,19,0.05283299833536148,player-2,22,13,26,24,player-4,player-2
344,8,17,0.04024989902973175,player-1,29,13,26,24,player-1,player-1
344,9,18,0.06879097782075405,player-3,29,15,34,31,player-2,player-3
344,10,34,0.0885410699993372,player-4,36,22,42,40,player-3,player-4
344,11,18,0.059999991208314896,player-1,38,22,45,43,player-4,player-1
344,12,18,0.05333311855792999,player-2,39,30,50,49,player-1,player-2
344,13,17,0.04795799031853676,player-2,43,36,53,55,player-2,player-2
344,14,19,0.05733314901590347,player-1,45,39,57,56,player-3,player-1
345,1,17,0.05508400499820709,player-3,2,5,2,6,player-3,player-3
345,2,17,0.06449990905821323,player-4,9,9,7,10,player-4,player-4
345,3,17,0.06416602991521358,player-1,25,14,12,12,player-1,player-1
345,4,18,0.05566701292991638,player-3,31,16,18,18,player-2,player-3
345,5,22,0.05558389239013195,player-4,35,21,21,23,player-3,player-4
345,6,18,0.048999907448887825,player-1,37,23,24,29,player-4,player-1
345,7,18,0.042084138840436935,player-2,38,36,27,30,player-1,player-2
345,8,17,0.06195809692144394,player-2,44,38,31,31,player-2,player-2
345,9,17,0.06250012665987015,player-3,52,41,37,33,player-3,player-3
345,10,17,0.040250131860375404,player-4,53,43,38,39,player-4,player-4
345,11,17,0.052958959713578224,player-1,57,46,40,41,player-1,player-1
345,12,17,0.050541944801807404,player-2,60,48,47,41,player-2,player-2
346,1,17,0.06433296948671341,player-3,2,5,6,9,player-3,player-3
346,2,18,0.040833139792084694,player-1,7,5,7,9,player-4,player-1
346,3,19,0.06220885552465916,player-3,11,9,16,19,player-1,player-3
346,4,17,0.05512498319149017,player-2,22,13,23,28,player-2,player-2
346,5,17,0.04870793782174587,player-3,22,17,26,35,player-3,player-3
346,6,18,0.05120784044265747,player-1,27,19,26,43,player-4,player-1
346,7,17,0.05337502807378769,player-1,32,21,27,48,player-1,player-1
346,8,18,0.06174994632601738,player-3,40,25,28,53,player-2,player-3
346,9,17,0.056499848142266273,player-3,48,26,34,60,player-3,player-3
346,10,17,0.05970895290374756,player-4,50,32,37,70,player-4,player-4
347,1,19,0.05441601388156414,player-3,6,0,5,4,player-1,player-3
347,2,17,0.056416960433125496,player-2,9,10,7,4,player-2,player-2
347,3,17,0.05862489342689514,player-3,12,12,13,7,player-3,player-3
347,4,17,0.04575005732476711,player-4,12,13,17,10,player-4,player-4
347,5,18,0.054416945204138756,player-2,12,20,17,11,player-1,player-2
347,6,17,0.050833914428949356,player-2,13,25,21,19,player-2,player-2
347,7,18,0.047625042498111725,player-4,18,27,21,23,player-3,player-4
347,8,17,0.0779579859226942,player-4,19,33,24,32,player-4,player-4
347,9,17,0.0627078115940094,player-1,24,35,28,42,player-1,player-1
347,10,17,0.05666702054440975,player-2,33,39,28,46,player-2,player-2
347,11,17,0.07399986498057842,player-3,34,42,36,51,player-3,player-3
347,12,19,0.05908403545618057,player-2,41,48,37,55,player-4,player-2
348,1,19,0.06325007416307926,player-2,0,9,4,5,player-4,player-2
348,2,17,0.052459072321653366,player-1,4,11,4,8,player-1,player-1
348,3,17,0.060582999140024185,player-2,7,21,10,8,player-2,player-2
348,4,17,0.059499870985746384,player-3,12,24,12,11,player-3,player-3
348,5,17,0.06629200652241707,player-4,14,26,20,14,player-4,player-4
348,6,21,0.07729092612862587,player-1,20,26,32,15,player-1,player-1
348,7,17,0.05204114131629467,player-2,21,30,35,18,player-2,player-2
348,8,19,0.055167125537991524,player-1,31,30,41,19,player-3,player-1
348,9,20,0.05666585639119148,player-3,34,39,44,21,player-4,player-3
348,10,19,0.05387491546571255,player-3,36,41,45,25,player-1,player-3
348,11,18,0.058542005717754364,player-3,40,43,47,25,player-2,player-3
348,12,17,0.04491698928177357,player-3,42,50,51,25,player-3,player-3
348,13,17,0.05895807407796383,player-4,46,57,53,34,player-4,player-4
348,14,17,0.053167110309004784,player-1,53,59,55,44,player-1,player-1
349,1,19,0.05679088644683361,player-2,3,5,5,0,player-4,player-2
349,2,17,0.0647080596536398,player-1,11,8,10,1,player-1,player-1
349,3,18,0.04912517033517361,player-3,14,8,18,4,player-2,player-3
349,4,18,0.08408306166529655,player-4,22,17,23,24,player-3,player-4
349,5,17,0.0502921175211668,player-4,24,23,24,28,player-4,player-4
349,6,28,0.08820812217891216,player-4,25,23,30,34,player-1,player-4
349,7,17,0.04829210229218006,player-2,25,31,30,37,player-2,player-2
349,8,19,0.05725002847611904,player-1,27,36,35,37,player-3,player-1
349,9,18,0.06141583435237408,player-1,30,38,42,39,player-4,player-1
349,10,18,0.04254188388586044,player-2,33,41,43,43,player-1,player-2
349,11,20,0.0499580055475235,player-1,35,46,46,45,player-2,player-1
349,12,17,0.05675014108419418,player-3,43,56,52,51,player-3,player-3
350,1,17,0.055999960750341415,player-2,2,9,0,0,player-2,player-2
350,2,18,0.057167140766978264,player-4,5,14,13,10,player-3,player-4
350,3,18,0.053666066378355026,player-1,19,18,19,17,player-4,player-1
350,4,17,0.05433289334177971,player-1,23,20,21,23,player-1,player-1
350,5,22,0.044625019654631615,none,26,22,22,24,player-2,none
350,6,18,0.04324992187321186,player-4,29,23,22,26,player-3,player-4
350,7,22,0.05237502045929432,player-1,36,24,23,28,player-4,player-1
350,8,24,0.06754091009497643,player-4,39,34,27,37,player-1,player-4
350,9,24,0.10183313861489296,none,40,35,27,41,player-2,none
350,10,13,0.03054109402000904,none,45,35,28,43,player-3,none
350,11,17,0.05512498319149017,player-4,49,35,31,54,player-4,player-4
350,12,18,0.04733400419354439,player-2,52,40,32,55,player-1,player-2
350,13,19,0.05729193799197674,player-4,54,43,32,61,player-2,player-4
351,1,17,0.08791708387434483,player-2,4,6,3,1,player-2,player-2
351,2,19,0.09229104034602642,player-1,7,10,3,8,player-3,player-1
351,3,17,0.06150011904537678,player-4,14,10,10,12,player-4,player-4
351,4,17,0.042750034481287,player-1,17,11,10,14,player-1,player-1
351,5,17,0.06770901381969452,player-2,23,17,12,19,player-2,player-2
351,6,18,0.0474581029266119,player-4,24,22,22,30,player-3,player-4
351,7,17,0.0563750509172678,player-4,26,25,27,32,player-4,player-4
351,8,19,0.06937491707503796,player-3,27,25,35,34,player-1,player-3
351,9,17,0.054916832596063614,player-2,29,33,38,40,player-2,player-2
351,10,19,0.05783303640782833,player-1,33,37,48,49,player-3,player-1
351,11,17,0.04654191434383392,player-4,39,39,48,52,player-4,player-4
351,12,18,0.048165908083319664,player-2,42,41,48,56,player-1,player-2
351,13,18,0.06808293983340263,player-3,45,41,55,62,player-2,player-3
352,1,25,0.06087496876716614,player-1,2,1,2,3,player-1,player-1
352,2,20,0.06254203617572784,player-1,12,3,10,8,player-2,player-1
352,3,17,0.04533305764198303,player-3,13,3,12,8,player-3,player-3
352,4,17,0.0696659553796053,player-4,18,8,15,10,player-4,player-4
352,5,17,0.06591691635549068,player-1,25,12,18,13,player-1,player-1
352,6,19,0.059999991208314896,player-4,27,13,23,18,player-2,player-4
352,7,21,0.0541249755769968,player-3,30,22,32,20,player-3,player-3
352,8,17,0.06304215639829636,player-4,32,25,39,20,player-4,player-4
352,9,17,0.05445792339742184,player-1,39,27,43,22,player-1,player-1
352,10,19,0.0685409177094698,player-4,50,30,47,26,player-2,player-4
352,11,17,0.04720780998468399,player-3,53,34,48,28,player-3,player-3
353,1,21,0.055374810472130775,player-1,9,0,3,0,player-1,player-1
353,2,20,0.06854184903204441,player-1,17,6,9,0,player-2,player-1
353,3,17,0.037125078961253166,player-3,18,8,16,1,player-3,player-3
353,4,19,0.06991694681346416,player-2,28,12,18,2,player-4,player-2
353,5,19,0.059999991208314896,player-3,34,17,21,4,player-1,player-3
353,6,18,0.0660410150885582,player-3,36,21,22,8,player-2,player-3
353,7,17,0.05550007335841656,player-3,40,28,30,15,player-3,player-3
353,8,18,0.059042125940322876,player-1,52,28,33,15,player-4,player-1
353,9,21,0.06183399818837643,player-1,63,34,36,19,player-1,player-1
353,10,18,0.05320901982486248,player-3,65,40,39,23,player-2,player-3
354,1,17,0.0700000673532486,player-4,4,6,5,4,player-4,player-4
354,2,21,0.06833299994468689,player-1,10,11,9,9,player-1,player-1
354,3,17,0.0638328492641449,player-2,14,19,11,15,player-2,player-2
354,4,18,0.04554097540676594,player-4,14,22,13,16,player-3,player-4
354,5,19,0.09487522765994072,player-2,24,25,16,18,player-4,player-2
354,6,22,0.06424984894692898,player-2,26,32,20,20,player-1,player-2
354,7,17,0.05404185503721237,player-2,26,33,26,22,player-2,player-2
354,8,17,0.043416162952780724,player-3,31,36,38,25,player-3,player-3
354,9,18,0.055625103414058685,player-1,37,36,48,26,player-4,player-1
354,10,17,0.044250162318348885,player-1,40,39,50,26,player-1,player-1
354,11,18,0.05029188469052315,player-3,41,44,51,28,player-2,player-3
354,12,18,0.0539170578122139,player-4,41,48,52,30,player-3,player-4
354,13,17,0.06608315743505955,player-4,43,53,56,37,player-4,player-4
354,14,17,0.05766702815890312,player-1,50,60,59,47,player-1,player-1
355,1,18,0.055165961384773254,player-4,0,4,2,5,player-3,player-4
355,2,20,0.06366707384586334,player-3,1,8,6,11,player-4,player-3
355,3,17,0.04491698928177357,player-1,2,15,6,12,player-1,player-1
355,4,17,0.046208035200834274,player-2,5,19,8,16,player-2,player-2
355,5,17,0.05016685463488102,player-3,8,23,11,23,player-3,player-3
355,6,18,0.07324991747736931,player-1,8,25,16,31,player-4,player-1
355,7,20,0.053041847422719,player-4,12,25,20,36,player-1,player-4
355,8,17,0.04987511783838272,player-2,18,31,23,40,player-2,player-2
355,9,17,0.06404193118214607,player-3,27,37,29,43,player-3,player-3
355,10,17,0.05187513306736946,player-4,34,45,39,52,player-4,player-4
355,11,22,0.06312481127679348,player-2,43,48,43,56,player-1,player-2
356,1,18,0.054584117606282234,player-4,7,7,6,6,player-3,player-4
356,2,18,0.07112487219274044,player-1,10,16,17,17,player-4,player-1
356,3,17,0.0563331414014101,player-1,15,16,21,22,player-1,player-1
356,4,18,0.05312496796250343,player-3,15,17,24,26,player-2,player-3
356,5,25,0.04929187707602978,none,17,21,27,27,player-3,none
356,6,18,0.07324991747736931,player-1,24,21,30,28,player-4,player-1
356,7,21,0.05200016312301159,player-1,26,22,32,34,player-1,player-1
356,8,18,0.06262492388486862,player-3,37,39,35,42,player-2,player-3
356,9,20,0.07187481969594955,player-2,48,44,37,44,player-3,player-2
356,10,17,0.053416937589645386,player-4,50,50,39,50,player-4,player-4
357,1,21,0.08425000123679638,player-3,10,21,17,13,player-3,player-3
357,2,19,0.04766695201396942,player-2,15,23,17,19,player-4,player-2
357,3,17,0.052999937906861305,player-1,29,30,28,25,player-1,player-1
357,4,18,0.05174987018108368,player-3,33,35,30,27,player-2,player-3
357,5,18,0.05766702815890312,player-4,40,43,40,36,player-3,player-4
357,6,17,0.046958914026618004,player-4,44,47,42,42,player-4,player-4
357,7,20,0.06366707384586334,player-4,55,51,58,49,player-1,player-4
358,1,17,0.059125013649463654,player-3,1,5,6,3,player-3,player-3
358,2,18,0.05595805123448372,player-1,3,13,9,6,player-4,player-1
358,3,18,0.06787502206861973,player-2,5,19,12,13,player-1,player-2
358,4,18,0.06145797669887543,player-3,8,23,14,19,player-2,player-3
358,5,17,0.048999907448887825,player-3,12,31,16,20,player-3,player-3
358,6,17,0.056416960433125496,player-4,12,32,21,24,player-4,player-4
358,7,18,0.06208312697708607,player-2,14,38,24,36,player-1,player-2
358,8,17,0.05474989302456379,player-2,16,40,25,38,player-2,player-2
358,9,17,0.061583006754517555,player-3,25,42,39,38,player-3,player-3
358,10,18,0.05404185503721237,player-1,26,43,40,41,player-4,player-1
358,11,17,0.06387499161064625,player-1,33,49,40,44,player-1,player-1
358,12,18,0.08745817467570305,player-3,35,52,43,47,player-2,player-3
358,13,17,0.09554112330079079,player-3,37,56,47,54,player-3,player-3
359,1,17,0.05516689270734787,player-3,4,9,4,3,player-3,player-3
359,2,17,0.057541998103260994,player-4,6,11,6,7,player-4,player-4
359,3,19,0.04816707223653793,player-3,8,12,6,8,player-1,player-3
359,4,18,0.061042141169309616,player-3,18,13,14,12,player-2,player-3
359,5,22,0.07008388638496399,player-4,20,13,20,19,player-3,player-4
359,6,17,0.05229189991950989,player-4,29,17,27,25,player-4,player-4
359,7,18,0.050999922677874565,player-2,29,20,36,26,player-1,player-2
359,8,19,0.052541960030794144,player-4,31,26,41,27,player-2,player-4
359,9,17,0.049042049795389175,player-3,31,26,45,27,player-3,player-3
359,10,17,0.06437511183321476,player-4,36,34,45,32,player-4,player-4
359,11,17,0.05329190753400326,player-1,39,44,49,38,player-1,player-1
359,12,17,0.0527920201420784,player-2,42,50,50,41,player-2,player-2
359,13,20,0.05458388477563858,player-2,43,55,52,43,player-3,player-2
359,14,17,0.08199992589652538,player-4,48,62,58,43,player-4,player-4
360,1,17,0.05529215559363365,player-1,6,2,5,1,player-1,player-1
360,2,18,0.056167133152484894,player-3,8,3,16,3,player-2,player-3
360,3,17,0.050999922677874565,player-3,8,7,19,6,player-3,player-3
360,4,17,0.05612499080598354,player-4,11,13,21,9,player-4,player-4
360,5,17,0.05879206582903862,player-1,20,16,27,15,player-1,player-1
360,6,19,0.05533406510949135,player-4,21,20,30,27,player-2,player-4
360,7,17,0.07358402945101261,player-3,23,29,39,31,player-3,player-3
360,8,20,0.059582991525530815,player-3,28,29,43,33,player-4,player-3
360,9,17,0.05112495273351669,player-1,32,34,46,42,player-1,player-1
360,10,18,0.051582930609583855,player-3,39,38,55,42,player-2,player-3
360,11,19,0.052791088819503784,player-1,42,38,57,42,player-3,player-1
360,12,18,0.05474989302456379,player-1,44,42,59,49,player-4,player-1
361,1,17,0.05508307367563248,player-3,3,6,4,0,player-3,player-3
361,2,16,0.03454205580055714,none,3,9,4,0,player-4,none
361,3,19,0.04862481728196144,player-3,6,12,4,3,player-1,player-3
361,4,18,0.060750171542167664,player-3,7,16,8,12,player-2,player-3
361,5,19,0.05587516352534294,player-1,10,20,11,17,player-3,player-1
361,6,18,0.049999915063381195,player-1,16,23,22,17,player-4,player-1
361,7,17,0.050999922677874565,player-1,18,37,26,24,player-1,player-1
361,8,17,0.0628340058028698,player-2,20,37,29,35,player-2,player-2
361,9,18,0.056499848142266273,player-4,25,44,29,40,player-3,player-4
361,10,19,0.07066596299409866,player-2,34,46,36,44,player-4,player-2
361,11,20,0.05191587843000889,player-4,36,46,38,48,player-1,player-4
361,12,17,0.05370890721678734,player-2,38,52,42,50,player-2,player-2
362,1,17,0.051165930926799774,player-4,3,8,6,9,player-4,player-4
362,2,18,0.04883413203060627,player-2,4,20,7,9,player-1,player-2
362,3,17,0.05537504330277443,player-2,8,25,11,11,player-2,player-2
362,4,17,0.05629216320812702,player-3,16,25,16,16,player-3,player-3
362,5,17,0.044250162318348885,player-4,20,28,21,16,player-4,player-4
362,6,18,0.051833922043442726,player-2,27,36,25,23,player-1,player-2
362,7,17,0.05808286368846893,player-2,32,46,29,23,player-2,player-2
362,8,17,0.04370906390249729,player-3,35,52,33,26,player-3,player-3
362,9,17,0.044625019654631615,player-4,36,52,37,33,player-4,player-4
362,10,17,0.051999930292367935,player-1,41,56,42,35,player-1,player-1
362,11,18,0.04691700451076031,player-3,43,59,49,40,player-2,player-3
362,12,17,0.0399579294025898,player-3,46,59,52,45,player-3,player-3
363,1,18,0.06233295425772667,player-3,5,11,6,11,player-2,player-3
363,2,17,0.047459034249186516,player-3,9,16,8,12,player-3,player-3
363,3,17,0.058999983593821526,player-4,15,20,10,21,player-4,player-4
363,4,27,0.06962497718632221,player-3,21,20,16,25,player-1,player-3
363,5,17,0.05587516352534294,player-2,34,25,22,32,player-2,player-2
363,6,20,0.05866703577339649,player-2,42,37,23,39,player-3,player-2
363,7,17,0.0524579081684351,player-4,44,42,23,43,player-4,player-4
363,8,17,0.05250005051493645,player-1,46,48,32,47,player-1,player-1
363,9,18,0.062125036492943764,player-3,48,58,37,50,player-2,player-3
364,1,17,0.06233411841094494,player-3,2,9,1,2,player-3,player-3
364,2,18,0.04087504930794239,player-1,4,16,5,7,player-4,player-1
364,3,19,0.06354087963700294,player-3,11,19,11,9,player-1,player-3
364,4,19,0.05837506614625454,player-4,13,26,13,17,player-2,player-4
364,5,18,0.05766702815890312,player-4,17,36,13,23,player-3,player-4
364,6,17,0.06208289414644241,player-4,18,39,18,30,player-4,player-4
364,7,17,0.04991586320102215,player-1,23,41,23,37,player-1,player-1
364,8,17,0.054167117923498154,player-2,33,51,23,37,player-2,player-2
364,9,23,0.051541952416300774,none,36,52,23,42,player-3,none
364,10,20,0.05829194560647011,player-3,46,57,31,51,player-4,player-3
365,1,18,0.06366614252328873,player-2,0,3,9,3,player-1,player-2
365,2,17,0.05487515591084957,player-2,2,9,15,8,player-2,player-2
365,3,17,0.05512498319149017,player-3,4,14,19,14,player-3,player-3
365,4,19,0.060167163610458374,player-2,8,25,28,15,player-4,player-2
365,5,17,0.046708155423402786,player-1,12,25,29,16,player-1,player-1
365,6,17,0.04858383908867836,player-2,14,30,30,16,player-2,player-2
365,7,17,0.050083035603165627,player-3,18,37,39,17,player-3,player-3
365,8,17,0.0566248781979084,player-4,20,37,45,19,player-4,player-4
365,9,20,0.05154218524694443,player-4,22,39,47,27,player-1,player-4
365,10,17,0.05766702815890312,player-2,28,55,50,32,player-2,player-2
365,11,17,0.0352917704731226,none,30,55,51,32,player-3,none
365,12,18,0.05725002847611904,player-1,35,58,53,35,player-4,player-1
365,13,17,0.0527920201420784,player-1,37,60,55,41,player-1,player-1
366,1,21,0.05308305844664574,player-1,1,0,8,4,player-1,player-1
366,2,17,0.04133395850658417,player-2,1,1,10,5,player-2,player-2
366,3,17,0.046042026951909065,player-3,3,5,13,10,player-3,player-3
366,4,17,0.05650008097290993,player-4,5,8,15,19,player-4,player-4
366,5,19,0.06129196844995022,player-3,10,8,21,19,player-1,player-3
366,6,17,0.06291712634265423,player-2,16,14,23,27,player-2,player-2
366,7,18,0.057958997786045074,player-4,23,14,25,34,player-3,player-4
366,8,17,0.05458388477563858,player-4,29,14,33,40,player-4,player-4
366,9,22,0.07308297790586948,player-2,29,22,39,54,player-1,player-2
366,10,18,0.04454189911484718,player-3,32,23,41,57,player-2,player-3
366,11,17,0.04412513226270676,player-3,33,29,42,61,player-3,player-3
366,12,17,0.07516704499721527,player-4,38,30,45,69,player-4,player-4
366,13,18,0.043625012040138245,player-2,41,33,50,70,player-1,player-2
367,1,17,0.05400017835199833,player-1,6,3,4,3,player-1,player-1
367,2,17,0.044416869059205055,player-2,7,6,11,7,player-2,player-2
367,3,17,0.052625080570578575,player-3,8,12,12,7,player-3,player-3
367,4,17,0.055625103414058685,player-4,14,13,16,9,player-4,player-4
367,5,17,0.056165968999266624,player-1,16,13,18,16,player-1,player-1
367,6,17,0.05187490023672581,player-2,20,23,23,16,player-2,player-2
367,7,18,0.04220916889607906,player-4,22,25,26,22,player-3,player-4
367,8,17,0.0541249755769968,player-4,22,32,34,28,player-4,player-4
367,9,17,0.05870917811989784,player-1,28,34,38,33,player-1,player-1
367,10,18,0.0585832167416811,player-3,30,36,48,35,player-2,player-3
367,11,20,0.07762503810226917,player-2,40,43,53,37,player-3,player-2
367,12,29,0.04866695962846279,none,40,43,60,42,player-4,none
368,1,17,0.07349997758865356,player-4,1,5,0,9,player-4,player-4
368,2,17,0.0577080063521862,player-1,11,7,0,9,player-1,player-1
368,3,19,0.040041981264948845,none,11,8,3,10,player-2,none
368,4,17,0.05537504330277443,player-3,16,10,11,14,player-3,player-3
368,5,17,0.041041988879442215,player-4,20,12,18,17,player-4,player-4
368,6,17,0.040624989196658134,player-1,21,14,20,22,player-1,player-1
368,7,18,0.05650008097290993,player-3,26,25,30,24,player-2,player-3
368,8,18,0.0657911878079176,player-4,32,27,39,30,player-3,player-4
368,9,18,0.04437495954334736,player-1,35,30,42,35,player-4,player-1
368,10,18,0.04829210229218006,player-2,42,40,44,38,player-1,player-2
368,11,18,0.05570799112319946,player-3,45,41,46,50,player-2,player-3
368,12,17,0.044459011405706406,player-3,49,41,50,55,player-3,player-3
368,13,17,0.05383417010307312,player-4,52,41,53,59,player-4,player-4
369,1,17,0.04816707223653793,player-4,4,3,2,2,player-4,player-4
369,2,17,0.053916824981570244,player-1,5,5,5,4,player-1,player-1
369,3,22,0.0574581790715456,player-3,11,6,14,11,player-2,player-3
369,4,17,0.057541998103260994,player-3,14,10,21,18,player-3,player-3
369,5,21,0.06170803681015968,player-4,21,14,32,24,player-4,player-4
369,6,18,0.06074993871152401,player-2,24,18,36,27,player-1,player-2
369,7,20,0.06008311174809933,player-1,32,24,38,34,player-2,player-1
369,8,20,0.05729193799197674,player-2,33,32,39,39,player-3,player-2
369,9,17,0.06416602991521358,player-4,37,37,39,44,player-4,player-4
369,10,18,0.05966611206531525,player-2,43,38,43,44,player-1,player-2
369,11,17,0.05445885471999645,player-2,50,42,45,51,player-2,player-2
369,12,19,0.05512498319149017,player-1,50,46,48,56,player-3,player-1
370,1,18,0.05870894528925419,player-3,0,4,1,2,player-2,player-3
370,2,19,0.06320886313915253,player-1,0,4,1,12,player-3,player-1
370,3,17,0.046457862481474876,player-4,1,4,3,19,player-4,player-4
370,4,18,0.06541702896356583,player-2,6,5,13,20,player-1,player-2
370,5,19,0.05308282561600208,player-4,8,9,15,23,player-2,player-4
370,6,18,0.07049995474517345,player-4,10,16,22,30,player-3,player-4
370,7,18,0.057666096836328506,player-1,10,19,31,32,player-4,player-1
370,8,19,0.06895791739225388,player-3,13,22,33,35,player-1,player-3
370,9,18,0.0655842013657093,player-3,19,24,39,38,player-2,player-3
370,10,17,0.05004182457923889,player-3,24,30,45,38,player-3,player-3
370,11,17,0.07883389480412006,player-4,29,32,49,41,player-4,player-4
370,12,17,0.050958944484591484,player-1,35,32,55,44,player-1,player-1
370,13,17,0.04920782521367073,player-2,40,37,59,45,player-2,player-2
370,14,17,0.058167148381471634,player-3,48,41,67,48,player-3,player-3
371,1,18,0.06987480446696281,player-4,1,6,3,4,player-3,player-4
371,2,17,0.052958959713578224,player-4,2,7,3,9,player-4,player-4
371,3,17,0.05933293141424656,player-1,9,9,7,14,player-1,player-1
371,4,17,0.06787502206861973,player-2,12,20,7,23,player-2,player-2
371,5,17,0.05004112608730793,player-3,16,21,17,25,player-3,player-3
371,6,17,0.0491670798510313,player-4,19,21,21,26,player-4,player-4
371,7,17,0.06291712634265423,player-1,25,26,21,27,player-1,player-1
371,8,17,0.05820789374411106,player-2,26,35,24,35,player-2,player-2
371,9,17,0.054208096116781235,player-3,29,37,27,37,player-3,player-3
371,10,18,0.04724995233118534,player-1,35,37,27,37,player-4,player-1
371,11,17,0.04545808769762516,player-1,36,38,35,44,player-1,player-1
371,12,18,0.049833208322525024,player-3,37,39,38,49,player-2,player-3
371,13,19,0.049625057727098465,player-1,39,41,38,50,player-3,player-1
371,14,17,0.0563750509172678,player-4,41,49,40,53,player-4,player-4
372,1,17,0.0537908636033535,player-2,1,5,0,7,player-2,player-2
372,2,19,0.03708316944539547,none,3,7,4,10,player-3,none
372,3,19,0.07308297790586948,player-2,10,8,11,14,player-4,player-2
372,4,19,0.06562494672834873,player-3,14,12,19,24,player-1,player-3
372,5,17,0.05112495273351669,player-2,15,18,22,29,player-2,player-2
372,6,17,0.0663332175463438,player-3,20,20,27,30,player-3,player-3
372,7,21,0.05341600626707077,player-4,23,33,28,36,player-4,player-4
372,8,22,0.06266613490879536,player-2,29,38,35,43,player-1,player-2
372,9,17,0.052167102694511414,player-2,31,46,38,46,player-2,player-2
372,10,17,0.054999953135848045,player-3,31,48,39,50,player-3,player-3
372,11,17,0.04691700451076031,player-4,34,52,43,55,player-4,player-4
373,1,20,0.06862496957182884,player-4,0,5,11,9,player-1,player-4
373,2,20,0.05870801396667957,player-1,0,8,13,15,player-2,player-1
373,3,18,0.05291588604450226,player-4,0,9,16,22,player-3,player-4
373,4,18,0.049999915063381195,player-1,6,13,20,25,player-4,player-1
373,5,17,0.04616682417690754,player-1,9,14,23,25,player-1,player-1
373,6,20,0.05725002847611904,player-1,18,19,24,31,player-2,player-1
373,7,18,0.04824995994567871,player-4,21,20,24,38,player-3,player-4
373,8,20,0.05129189230501652,player-3,24,22,31,43,player-4,player-3
373,9,17,0.04300009459257126,player-1,31,22,32,43,player-1,player-1
373,10,17,0.063000014051795,player-2,34,39,34,51,player-2,player-2
373,11,19,0.05533290095627308,player-1,37,41,35,55,player-3,player-1
373,12,20,0.04829210229218006,player-3,39,42,40,57,player-4,player-3
373,13,19,0.06541679613292217,player-3,45,48,48,60,player-1,player-3
374,1,17,0.07237493991851807,player-2,6,3,6,3,player-2,player-2
374,2,17,0.07074978202581406,player-3,13,5,16,10,player-3,player-3
374,3,18,0.056165968999266624,player-1,17,8,16,15,player-4,player-1
374,4,17,0.047333771362900734,player-1,19,8,16,17,player-1,player-1
374,5,17,0.05816691555082798,player-2,28,12,18,19,player-2,player-2
374,6,24,0.05679205060005188,player-2,33,21,18,25,player-3,player-2
374,7,18,0.08350005373358727,player-1,34,27,18,30,player-4,player-1
374,8,17,0.05270796827971935,player-1,35,27,20,35,player-1,player-1
374,9,19,0.05095801316201687,player-4,36,29,23,37,player-2,player-4
374,10,19,0.06204098463058472,player-1,45,31,27,51,player-3,player-1
374,11,17,0.053584109991788864,player-4,48,32,27,56,player-4,player-4
374,12,17,0.06283307448029518,player-1,54,34,27,63,player-1,player-1
374,13,22,0.04962482489645481,player-3,56,38,35,64,player-2,player-3
375,1,19,0.07675006054341793,player-3,4,2,6,1,player-1,player-3
375,2,18,0.047416193410754204,player-3,4,5,13,1,player-2,player-3
375,3,22,0.06779213435947895,player-4,5,8,15,10,player-3,player-4
375,4,17,0.05108397454023361,player-4,5,8,16,21,player-4,player-4
375,5,18,0.05195802077651024,player-2,10,9,16,23,player-1,player-2
375,6,20,0.057333847507834435,player-1,12,14,20,25,player-2,player-1
375,7,17,0.05474989302456379,player-3,19,17,27,28,player-3,player-3
375,8,23,0.06624986417591572,player-2,23,20,32,29,player-4,player-2
375,9,18,0.05908403545618057,player-2,31,27,40,37,player-1,player-2
375,10,20,0.05445885471999645,player-1,40,27,43,41,player-2,player-1
375,11,17,0.05816691555082798,player-3,44,29,49,46,player-3,player-3
375,12,17,0.04924996756017208,player-4,49,34,49,51,player-4,player-4
375,13,15,0.03229198046028614,none,50,36,54,52,player-1,none
376,1,19,0.05804095417261124,player-3,2,5,0,3,player-1,player-3
376,2,17,0.0516669824719429,player-2,8,11,2,4,player-2,player-2
376,3,17,0.04283292219042778,player-3,12,12,7,6,player-3,player-3
376,4,17,0.046958914026618004,player-4,14,15,12,10,player-4,player-4
376,5,17,0.041791005060076714,player-1,24,17,15,11,player-1,player-1
376,6,18,0.053957803174853325,player-3,27,18,17,15,player-2,player-3
376,7,18,0.04929210990667343,player-4,29,20,17,20,player-3,player-4
376,8,18,0.04737498238682747,player-1,33,20,17,22,player-4,player-1
376,9,17,0.059416983276605606,player-1,37,20,19,27,player-1,player-1
376,10,19,0.061166007071733475,player-4,43,22,24,29,player-2,player-4
376,11,17,0.05916692316532135,player-3,47,27,25,29,player-3,player-3
376,12,17,0.04879198968410492,player-4,56,27,26,38,player-4,player-4
376,13,20,0.05320785567164421,player-4,62,27,34,43,player-1,player-4
376,14,17,0.047625042498111725,player-2,63,27,34,48,player-2,player-2
376,15,20,0.05583302117884159,player-2,66,34,37,49,player-3,player-2
377,1,17,0.0575000885874033,player-2,2,10,2,5,player-2,player-2
377,2,17,0.04900014027953148,player-3,2,13,3,5,player-3,player-3
377,3,27,0.06975000724196434,none,8,13,8,17,player-4,none
377,4,17,0.055999960750341415,player-1,12,15,9,19,player-1,player-1
377,5,17,0.050958944484591484,player-2,15,21,9,19,player-2,player-2
377,6,18,0.06008404307067394,player-4,19,22,11,29,player-3,player-4
377,7,17,0.054541975259780884,player-4,24,24,17,38,player-4,player-4
377,8,17,0.0525421928614378,player-1,25,27,19,43,player-1,player-1
377,9,17,0.03916607238352299,player-2,29,29,21,51,player-2,player-2
377,10,17,0.07275003008544445,player-3,36,29,25,53,player-3,player-3
377,11,19,0.05237502045929432,player-2,37,39,33,60,player-4,player-2
377,12,17,0.06441702134907246,player-1,43,42,36,60,player-1,player-1
378,1,17,0.04924996756017208,player-3,4,5,2,9,player-3,player-3
378,2,17,0.05700020119547844,player-4,8,5,8,18,player-4,player-4
378,3,18,0.04337518475949764,player-2,12,6,12,20,player-1,player-2
378,4,17,0.072915805503726,player-2,18,11,16,28,player-2,player-2
378,5,18,0.06745802238583565,player-4,25,11,18,30,player-3,player-4
378,6,17,0.16012508422136307,player-4,27,13,19,34,player-4,player-4
378,7,19,0.0849999487400055,player-3,31,19,23,37,player-1,player-3
378,8,17,0.06120791658759117,player-2,38,27,23,45,player-2,player-2
378,9,18,0.049541937187314034,player-4,41,31,25,46,player-3,player-4
378,10,18,0.058499863371253014,player-1,45,33,27,52,player-4,player-1
378,11,20,0.0541668850928545,player-4,49,37,27,58,player-1,player-4
378,12,17,0.05362485535442829,player-2,53,43,37,63,player-2,player-2
379,1,17,0.06566708907485008,player-4,5,4,0,9,player-4,player-4
379,2,25,0.05845795385539532,player-1,12,7,0,9,player-1,player-1
379,3,17,0.049042049795389175,player-2,13,11,2,9,player-2,player-2
379,4,17,0.05520903505384922,player-3,13,16,4,9,player-3,player-3
379,5,19,0.08091609925031662,player-2,23,19,13,16,player-4,player-2
379,6,17,0.05383300594985485,player-1,29,24,13,16,player-1,player-1
379,7,19,0.06312481127679348,player-4,30,25,17,18,player-2,player-4
379,8,18,0.04729209467768669,player-4,31,33,23,24,player-3,player-4
379,9,17,0.044208019971847534,player-4,34,35,23,30,player-4,player-4
379,10,18,0.058208126574754715,player-2,40,44,27,30,player-1,player-2
379,11,17,0.048457877710461617,player-2,42,51,30,30,player-2,player-2
379,12,17,0.06608315743505955,player-3,49,56,34,33,player-3,player-3
379,13,17,0.06579211913049221,player-4,53,61,38,46,player-4,player-4
380,1,18,0.05870801396667957,player-1,0,0,6,2,player-4,player-1
380,2,18,0.057208817452192307,player-2,4,3,7,5,player-1,player-2
380,3,21,0.07149996235966682,player-2,9,8,8,10,player-2,player-2
380,4,17,0.05558319389820099,player-3,9,14,12,14,player-3,player-3
380,5,18,0.04558381624519825,player-1,10,15,15,15,player-4,player-1
380,6,17,0.04875008016824722,player-1,18,15,16,17,player-1,player-1
380,7,17,0.04937499761581421,player-2,19,19,20,18,player-2,player-2
380,8,17,0.053042080253362656,player-3,22,26,22,21,player-3,player-3
380,9,17,0.0535410363227129,player-4,25,28,23,29,player-4,player-4
380,10,17,0.05612499080598354,player-1,33,31,25,29,player-1,player-1
380,11,22,0.056208111345767975,player-3,39,36,30,30,player-2,player-3
380,12,17,0.0527920201420784,player-3,42,41,34,37,player-3,player-3
380,13,17,0.0475000124424696,player-4,45,46,36,43,player-4,player-4
380,14,17,0.05312496796250343,player-1,51,48,41,45,player-1,player-1
380,15,17,0.05775014869868755,player-2,54,53,41,56,player-2,player-2
381,1,17,0.054999953135848045,player-3,4,6,2,1,player-3,player-3
381,2,17,0.05808286368846893,player-4,4,11,11,6,player-4,player-4
381,3,17,0.05150004290044308,player-1,7,13,19,11,player-1,player-1
381,4,17,0.056582968682050705,player-2,11,20,20,14,player-2,player-2
381,5,18,0.04850002005696297,player-4,14,30,22,17,player-3,player-4
381,6,17,0.04270905628800392,player-4,15,30,25,22,player-4,player-4
381,7,17,0.05158316344022751,player-1,16,34,25,27,player-1,player-1
381,8,17,0.06829202175140381,player-2,20,35,33,33,player-2,player-2
381,9,17,0.04800013266503811,player-3,23,42,40,33,player-3,player-3
381,10,19,0.057165976613759995,player-2,24,49,42,38,player-4,player-2
381,11,19,0.05316687747836113,player-3,25,50,47,39,player-1,player-3
381,12,17,0.061791855841875076,player-2,31,53,54,48,player-2,player-2
382,1,20,0.057791126891970634,player-3,10,3,5,6,player-4,player-3
382,2,21,0.07474981248378754,player-1,15,10,7,8,player-1,player-1
382,3,18,0.05870801396667957,player-3,19,13,10,11,player-2,player-3
382,4,18,0.043625012040138245,player-4,20,15,16,18,player-3,player-4
382,5,18,0.057541998103260994,player-1,26,19,20,24,player-4,player-1
382,6,17,0.057499855756759644,player-1,31,21,28,26,player-1,player-1
382,7,17,0.060999998822808266,player-2,35,33,34,37,player-2,player-2
382,8,17,0.04429207183420658,player-3,39,35,39,40,player-3,player-3
382,9,18,0.06637489423155785,player-1,50,42,41,50,player-4,player-1
382,10,17,0.07408298552036285,player-1,50,46,43,56,player-1,player-1
383,1,19,0.053040916100144386,player-1,4,2,1,1,player-3,player-1
383,2,21,0.043791020289063454,player-4,7,4,2,8,player-4,player-4
383,3,18,0.05608284845948219,player-2,14,7,4,10,player-1,player-2
383,4,17,0.05075009539723396,player-2,17,7,8,15,player-2,player-2
383,5,17,0.06420793943107128,player-3,21,13,13,27,player-3,player-3
383,6,20,0.05574990063905716,player-3,28,14,27,28,player-4,player-3
383,7,19,0.054999953135848045,player-3,28,15,35,37,player-1,player-3
383,8,17,0.04779198206961155,player-2,33,18,37,40,player-2,player-2
383,9,19,0.05229096859693527,player-1,37,21,41,41,player-3,player-1
383,10,18,0.046291155740618706,player-1,41,25,45,41,player-4,player-1
383,11,17,0.041791005060076714,player-1,44,25,50,41,player-1,player-1
383,12,17,0.053416937589645386,player-2,44,31,55,45,player-2,player-2
383,13,17,0.05395803600549698,player-3,46,34,65,50,player-3,player-3
384,1,17,0.054374802857637405,player-4,5,0,0,4,player-4,player-4
384,2,18,0.06237509660422802,player-2,14,3,8,9,player-1,player-2
384,3,17,0.0502921175211668,player-2,19,7,14,14,player-2,player-2
384,4,20,0.05175010301172733,player-2,23,12,14,16,player-3,player-2
384,5,17,0.04974985495209694,player-4,27,12,18,27,player-4,player-4
384,6,17,0.048208050429821014,player-1,32,14,20,31,player-1,player-1
384,7,17,0.04529207944869995,player-2,34,24,21,33,player-2,player-2
384,8,17,0.054833944886922836,player-3,34,26,22,36,player-3,player-3
384,9,26,0.07950002327561378,player-1,50,29,30,42,player-4,player-1
384,10,20,0.04945811815559864,player-4,52,30,32,46,player-1,player-4
384,11,20,0.051083043217659,player-1,58,30,33,48,player-2,player-1
384,12,17,0.04533305764198303,player-3,58,31,40,48,player-3,player-3
384,13,17,0.04508392885327339,player-4,61,32,40,52,player-4,player-4
385,1,19,0.06087496876716614,player-4,3,4,0,5,player-2,player-4
385,2,23,0.045625027269124985,none,5,5,2,8,player-3,none
385,3,17,0.04929094575345516,player-4,5,12,7,16,player-4,player-4
385,4,17,0.061125028878450394,player-1,9,16,11,16,player-1,player-1
385,5,29,0.07125013507902622,player-2,20,17,16,17,player-2,player-2
385,6,17,0.05875015631318092,player-3,24,23,22,22,player-3,player-3
385,7,17,0.051582930609583855,player-4,24,27,27,27,player-4,player-4
385,8,17,0.049084192141890526,player-1,35,27,30,34,player-1,player-1
385,9,22,0.0675420742481947,player-3,38,33,32,34,player-2,player-3
385,10,17,0.06700004450976849,player-3,40,41,34,39,player-3,player-3
385,11,17,0.0588749535381794,player-4,42,47,34,50,player-4,player-4
385,12,17,0.05941605195403099,player-1,45,53,37,58,player-1,player-1
386,1,17,0.051042065024375916,player-1,2,0,3,7,player-1,player-1
386,2,17,0.058791134506464005,player-2,3,6,5,8,player-2,player-2
386,3,17,0.05233287811279297,player-3,9,6,12,10,player-3,player-3
386,4,19,0.056999968364834785,player-2,13,6,14,15,player-4,player-2
386,5,19,0.061499886214733124,player-3,16,7,18,17,player-1,player-3
386,6,18,0.060542020946741104,player-3,20,20,29,21,player-2,player-3
386,7,20,0.07387506775557995,player-2,29,27,36,24,player-3,player-2
386,8,20,0.04833308048546314,player-3,29,30,37,24,player-4,player-3
386,9,17,0.052416929975152016,player-1,33,35,41,27,player-1,player-1
386,10,22,0.05079200491309166,player-3,37,37,41,30,player-2,player-3
386,11,18,0.04895799793303013,player-4,39,37,46,36,player-3,player-4
386,12,17,0.05674990825355053,player-4,41,40,46,48,player-4,player-4
386,13,17,0.05162484012544155,player-1,44,42,49,55,player-1,player-1
386,14,17,0.05970802158117294,player-2,46,48,49,58,player-2,player-2
387,1,17,0.05120784044265747,player-3,10,1,9,8,player-3,player-3
387,2,18,0.04491698928177357,player-1,17,4,9,9,player-4,player-1
387,3,17,0.06391596980392933,player-1,26,10,12,18,player-1,player-1
387,4,17,0.05620787851512432,player-2,32,13,12,23,player-2,player-2
387,5,21,0.06212480366230011,player-3,35,17,15,28,player-3,player-3
387,6,24,0.07012509740889072,player-3,38,22,17,29,player-4,player-3
387,7,17,0.05729100666940212,player-1,47,23,17,31,player-1,player-1
387,8,17,0.04691607318818569,player-2,49,26,18,34,player-2,player-2
387,9,17,0.04341709427535534,player-3,53,26,28,38,player-3,player-3
387,10,17,0.0499160960316658,player-4,55,30,34,39,player-4,player-4
387,11,18,0.04075001925230026,player-2,57,33,35,42,player-1,player-2
387,12,22,0.06929179653525352,player-3,59,39,39,46,player-2,player-3
387,13,17,0.04795915447175503,player-3,65,41,42,49,player-3,player-3
388,1,17,0.05429098382592201,player-3,5,3,9,2,player-3,player-3
388,2,17,0.07179100066423416,player-4,8,8,12,9,player-4,player-4
388,3,17,0.05250005051493645,player-1,13,10,19,11,player-1,player-1
388,4,17,0.07345806807279587,player-2,15,15,25,19,player-2,player-2
388,5,24,0.04979199729859829,none,22,17,26,19,player-3,none
388,6,17,0.053040916100144386,player-4,24,19,32,25,player-4,player-4
388,7,17,0.0612910371273756,player-1,29,26,39,36,player-1,player-1
388,8,20,0.06429105997085571,player-1,36,32,39,39,player-2,player-1
388,9,17,0.04575005732476711,player-3,36,38,42,44,player-3,player-3
388,10,33,0.08933315984904766,none,49,43,48,51,player-4,none
388,11,21,0.07287482731044292,player-1,53,49,52,54,player-1,player-1
389,1,17,0.06866711191833019,player-1,6,5,6,3,player-1,player-1
389,2,17,0.05387491546571255,player-2,8,6,8,8,player-2,player-2
389,3,22,0.05112495273351669,player-4,12,7,18,9,player-3,player-4
389,4,19,0.06329198367893696,player-2,12,13,22,9,player-4,player-2
389,5,17,0.04641711711883545,player-1,17,18,24,9,player-1,player-1
389,6,17,0.06370898336172104,player-2,18,19,24,12,player-2,player-2
389,7,17,0.04983297549188137,player-3,18,23,28,16,player-3,player-3
389,8,24,0.06220792420208454,player-3,19,26,31,19,player-4,player-3
389,9,17,0.05050003528594971,player-1,23,26,31,22,player-1,player-1
389,10,17,0.05433312617242336,player-2,26,27,34,29,player-2,player-2
389,11,17,0.053999945521354675,player-3,27,35,39,33,player-3,player-3
389,12,19,0.062000006437301636,player-2,37,40,44,34,player-4,player-2
389,13,18,0.05875015631318092,player-2,43,46,44,37,player-1,player-2
389,14,19,0.0688750296831131,player-4,47,50,47,42,player-2,player-4
389,15,17,0.08541694842278957,player-3,51,52,55,47,player-3,player-3
390,1,18,0.05283299833536148,player-2,1,3,2,4,player-1,player-2
390,2,17,0.05329190753400326,player-2,6,9,7,6,player-2,player-2
390,3,30,0.07095793262124062,player-4,19,11,14,11,player-3,player-4
390,4,18,0.053999945521354675,player-1,24,11,17,12,player-4,player-1
390,5,17,0.06087496876716614,player-1,28,22,20,14,player-1,player-1
390,6,17,0.05616690032184124,player-2,29,28,21,18,player-2,player-2
390,7,18,0.0711251050233841,player-4,29,34,26,33,player-3,player-4
390,8,17,0.05362485535442829,player-4,35,36,31,39,player-4,player-4
390,9,18,0.056666089221835136,player-2,39,41,38,44,player-1,player-2
390,10,19,0.05779205821454525,player-4,40,45,40,50,player-2,player-4
390,11,17,0.08108397014439106,player-3,50,48,54,52,player-3,player-3
391,1,17,0.05562487058341503,player-1,14,2,8,6,player-1,player-1
391,2,19,0.060791848227381706,player-4,16,4,12,8,player-2,player-4
391,3,18,0.06170803681015968,player-4,21,4,22,17,player-3,player-4
391,4,20,0.058542005717754364,player-3,24,8,31,19,player-4,player-3
391,5,17,0.05383300594985485,player-1,28,14,37,25,player-1,player-1
391,6,17,0.08595897816121578,player-2,35,17,44,26,player-2,player-2
391,7,17,0.04924996756017208,player-3,35,22,49,32,player-3,player-3
391,8,18,0.055374810472130775,player-1,37,25,50,36,player-4,player-1
391,9,17,0.06566592492163181,player-1,47,26,53,46,player-1,player-1
392,1,22,0.06179092451930046,player-1,1,2,2,8,player-4,player-1
392,2,15,0.03458303399384022,none,1,5,4,10,player-1,none
392,3,17,0.06937491707503796,player-2,3,11,9,17,player-2,player-2
392,4,17,0.05270796827971935,player-3,3,15,13,23,player-3,player-3
392,5,17,0.04583294503390789,player-4,7,17,17,26,player-4,player-4
392,6,20,0.06466708146035671,player-4,9,24,23,38,player-1,player-4
392,7,19,0.05270889960229397,player-4,10,25,23,43,player-2,player-4
392,8,17,0.04983297549188137,player-3,12,26,31,50,player-3,player-3
392,9,17,0.057916855439543724,player-4,12,31,39,58,player-4,player-4
392,10,17,0.047666020691394806,player-1,20,33,41,59,player-1,player-1
392,11,17,0.05008396692574024,player-2,20,43,45,65,player-2,player-2
393,1,20,0.0577080063521862,player-4,3,3,2,3,player-1,player-4
393,2,18,0.047208042815327644,player-3,11,5,9,7,player-2,player-3
393,3,17,0.04329206421971321,player-3,20,7,11,7,player-3,player-3
393,4,17,0.06745802238583565,player-4,27,11,16,12,player-4,player-4
393,5,17,0.05329214036464691,player-1,29,14,19,21,player-1,player-1
393,6,18,0.0499580055475235,player-3,32,16,24,25,player-2,player-3
393,7,17,0.0702079851180315,player-3,35,24,27,31,player-3,player-3
393,8,26,0.06937491707503796,player-1,42,24,31,38,player-4,player-1
393,9,18,0.04979199729859829,player-2,44,37,37,38,player-1,player-2
393,10,17,0.05087512545287609,player-2,47,38,42,39,player-2,player-2
393,11,17,0.05174987018108368,player-3,52,40,45,43,player-3,player-3
393,12,19,0.08291704580187798,player-2,59,49,45,45,player-4,player-2
394,1,17,0.05075009539723396,player-1,4,5,1,4,player-1,player-1
394,2,17,0.05579204298555851,player-2,10,12,7,7,player-2,player-2
394,3,17,0.06933300755918026,player-3,14,18,17,11,player-3,player-3
394,4,19,0.047584064304828644,player-2,18,22,19,12,player-4,player-2
394,5,19,0.059416983276605606,player-3,20,23,20,15,player-1,player-3
394,6,18,0.04991702735424042,player-3,24,27,25,16,player-2,player-3
394,7,17,0.05758390761911869,player-3,24,31,32,20,player-3,player-3
394,8,18,0.056499848142266273,player-1,31,38,32,21,player-4,player-1
394,9,17,0.05041598342359066,player-1,39,39,37,22,player-1,player-1
394,10,17,0.06320816464722157,player-2,43,55,39,27,player-2,player-2
394,11,22,0.05729217082262039,player-4,55,55,43,30,player-3,player-4
394,12,18,0.06070802919566631,player-1,61,63,46,33,player-4,player-1
395,1,17,0.051541952416300774,player-2,2,9,2,2,player-2,player-2
395,2,17,0.061042141169309616,player-3,9,13,6,2,player-3,player-3
395,3,18,0.05425000563263893,player-1,11,17,9,3,player-4,player-1
395,4,17,0.047958921641111374,player-1,12,18,9,6,player-1,player-1
395,5,17,0.051459064707159996,player-2,15,29,10,8,player-2,player-2
395,6,17,0.061125028878450394,player-3,22,32,12,10,player-3,player-3
395,7,17,0.04929210990667343,player-4,23,34,14,16,player-4,player-4
395,8,17,0.052582938224077225,player-1,26,36,16,19,player-1,player-1
395,9,18,0.056999968364834785,player-3,29,37,21,21,player-2,player-3
395,10,19,0.06108405068516731,player-1,33,38,22,24,player-3,player-1
395,11,17,5.748833063989878,player-4,33,40,30,38,player-4,player-4
395,12,20,0.06441585719585419,player-4,34,45,32,47,player-1,player-4
395,13,30,0.06895791739225388,player-3,35,49,42,49,player-2,player-3
395,14,20,0.05962490104138851,player-2,39,55,42,57,player-3,player-2
396,1,17,0.056374818086624146,player-3,1,3,8,8,player-3,player-3
396,2,17,0.06595905870199203,player-4,5,14,10,8,player-4,player-4
396,3,17,0.047250185161828995,player-1,7,16,10,12,player-1,player-1
396,4,17,0.05904096178710461,player-2,7,22,16,15,player-2,player-2
396,5,17,0.058582983911037445,player-3,12,22,24,21,player-3,player-3
396,6,17,0.06262492388486862,player-4,13,28,24,25,player-4,player-4
396,7,17,0.042250147089362144,player-1,19,30,24,26,player-1,player-1
396,8,17,0.05204183980822563,player-2,23,33,26,32,player-2,player-2
396,9,19,0.04370789974927902,player-1,31,34,29,34,player-3,player-1
396,10,19,0.06754091009497643,player-2,33,44,29,36,player-4,player-2
396,11,22,0.06975000724196434,player-2,36,47,38,45,player-1,player-2
396,12,18,0.04991702735424042,player-3,39,48,47,46,player-2,player-3
396,13,27,0.060374848544597626,player-1,40,50,55,48,player-3,player-1
396,14,17,0.049416907131671906,player-4,40,53,62,56,player-4,player-4
397,1,19,0.06279186345636845,player-4,2,2,3,4,player-2,player-4
397,2,17,0.05587516352534294,player-3,7,3,14,4,player-3,player-3
397,3,19,0.05083298310637474,player-2,7,6,17,7,player-4,player-2
397,4,18,0.0627078115940094,player-2,12,9,19,9,player-1,player-2
397,5,20,0.07233419455587864,player-1,29,12,36,16,player-2,player-1
397,6,17,0.04350021481513977,player-3,32,12,36,16,player-3,player-3
397,7,25,0.07004197686910629,player-4,33,18,36,27,player-4,player-4
397,8,17,0.04933308809995651,player-1,38,18,36,28,player-1,player-1
397,9,17,0.0524579081684351,player-2,39,21,38,30,player-2,player-2
397,10,18,0.05516689270734787,player-4,39,26,43,41,player-3,player-4
397,11,17,0.058416975662112236,player-4,44,32,48,48,player-4,player-4
397,12,20,0.05479203537106514,player-4,49,36,53,48,player-1,player-4
398,1,18,0.04645809531211853,player-3,4,1,4,2,player-2,player-3
398,2,17,0.05570892244577408,player-3,6,1,9,10,player-3,player-3
398,3,18,0.0541249755769968,player-1,6,3,10,20,player-4,player-1
398,4,22,0.05870894528925419,player-2,15,9,14,25,player-1,player-2
398,5,17,0.056999968364834785,player-2,20,16,16,30,player-2,player-2
398,6,17,0.04570907913148403,player-3,26,16,22,30,player-3,player-3
398,7,17,0.05179201252758503,player-4,31,24,34,41,player-4,player-4
398,8,19,0.05154102109372616,player-3,37,26,38,42,player-1,player-3
398,9,17,0.04695798270404339,player-2,49,29,42,42,player-2,player-2
398,10,17,0.06395811215043068,player-3,53,33,52,46,player-3,player-3
399,1,21,0.05224999040365219,player-1,7,3,6,0,player-1,player-1
399,2,18,0.05429191514849663,player-3,12,3,15,1,player-2,player-3
399,3,17,0.06758281961083412,player-3,22,6,18,3,player-3,player-3
399,4,17,0.058125006034970284,player-4,23,7,23,8,player-4,player-4
399,5,19,0.06554205901920795,player-3,23,9,33,13,player-1,player-3
399,6,17,0.050084199756383896,player-2,25,16,36,17,player-2,player-2
399,7,17,0.059625133872032166,player-3,29,21,39,17,player-3,player-3
399,8,17,0.0554998405277729,player-4,36,23,43,21,player-4,player-4
399,9,17,0.05425000563263893,player-1,41,24,46,22,player-1,player-1
399,10,18,0.05075009539723396,player-3,41,26,54,24,player-2,player-3
399,11,20,0.05674990825355053,player-2,52,31,57,29,player-3,player-2
400,1,20,0.06512505933642387,player-4,2,0,3,7,player-1,player-4
400,2,19,0.07029203698039055,player-4,9,4,10,10,player-2,player-4
400,3,17,0.049625057727098465,player-3,15,11,18,10,player-3,player-3
400,4,17,0.05283299833536148,player-4,16,13,19,14,player-4,player-4
400,5,17,0.06762496195733547,player-1,27,17,21,16,player-1,player-1
400,6,17,0.05687517113983631,player-2,27,25,28,20,player-2,player-2
400,7,24,0.06950017996132374,none,36,31,40,20,player-3,none
400,8,20,0.06316695362329483,player-3,46,33,44,26,player-4,player-3
400,9,17,0.06337510421872139,player-1,49,39,47,33,player-1,player-1
400,10,18,0.04775007255375385,player-3,52,43,50,34,player-2,player-3
401,1,17,0.05866703577339649,player-3,4,3,7,2,player-3,player-3
401,2,17,0.054416945204138756,player-4,6,11,11,7,player-4,player-4
401,3,17,0.0637909397482872,player-1,11,17,11,11,player-1,player-1
401,4,17,0.058459118008613586,player-2,15,25,13,15,player-2,player-2
401,5,17,0.07212511263787746,player-3,24,31,22,15,player-3,player-3
401,6,18,0.06758305244147778,player-1,27,33,25,22,player-4,player-1
401,7,17,0.07645809091627598,player-1,32,35,32,26,player-1,player-1
401,8,17,0.0552500132471323,player-2,37,39,34,28,player-2,player-2
401,9,17,0.06179092451930046,player-3,37,40,49,31,player-3,player-3
401,10,23,0.06833299994468689,player-2,40,47,54,34,player-4,player-2
401,11,17,0.046042026951909065,player-1,48,48,54,37,player-1,player-1
402,1,17,0.055208103731274605,player-2,6,4,2,4,player-2,player-2
402,2,19,0.05816691555082798,player-1,17,11,15,4,player-3,player-1
402,3,17,0.05137501284480095,player-4,17,13,17,5,player-4,player-4
402,4,18,0.0575000885874033,player-2,21,20,19,7,player-1,player-2
402,5,17,0.04479079507291317,player-2,24,22,23,11,player-2,player-2
402,6,18,0.048832967877388,player-4,24,26,26,15,player-3,player-4
402,7,23,0.06362516433000565,player-2,24,32,30,24,player-4,player-2
402,8,23,0.058125006034970284,none,27,34,33,33,player-1,none
402,9,17,0.0441248994320631,player-2,29,44,37,35,player-2,player-2
402,10,17,0.04224991425871849,player-3,31,46,42,37,player-3,player-3
402,11,17,0.06425008177757263,player-4,33,49,43,47,player-4,player-4
402,12,19,0.06116693839430809,player-3,40,51,49,51,player-1,player-3
403,1,17,0.062166014686226845,player-2,4,8,10,0,player-2,player-2
403,2,18,0.06824987940490246,player-4,11,19,14,5,player-3,player-4
403,3,18,0.05629099905490875,player-1,20,20,23,14,player-4,player-1
403,4,17,0.06729108281433582,player-1,26,22,28,22,player-1,player-1
403,5,17,0.05608401261270046,player-2,28,30,33,28,player-2,player-2
403,6,17,0.05341600626707077,player-3,29,31,40,30,player-3,player-3
403,7,17,0.054333824664354324,player-4,29,42,44,38,player-4,player-4
403,8,17,0.0613329466432333,player-1,41,42,48,46,player-1,player-1
403,9,17,0.057999975979328156,player-2,46,46,48,54,player-2,player-2
404,1,17,0.04675006493926048,player-1,4,3,5,2,player-1,player-1
404,2,19,0.09458302520215511,player-4,9,11,16,6,player-2,player-4
404,3,18,0.04433305002748966,player-4,9,12,16,7,player-3,player-4
404,4,19,0.06150011904537678,player-2,12,13,24,12,player-4,player-2
404,5,17,0.052208080887794495,player-1,22,16,30,13,player-1,player-1
404,6,20,0.05716690793633461,player-1,32,22,34,21,player-2,player-1
404,7,26,0.06079208105802536,player-4,34,26,40,27,player-3,player-4
404,8,19,0.05120900459587574,player-2,37,30,45,34,player-4,player-2
404,9,20,0.04974985495209694,player-4,38,33,46,40,player-1,player-4
404,10,17,0.07820781320333481,player-2,44,37,53,51,player-2,player-2
404,11,17,0.04549999721348286,player-3,45,40,56,52,player-3,player-3
405,1,17,0.06933300755918026,player-3,2,7,7,4,player-3,player-3
405,2,18,0.07987511344254017,player-1,12,21,23,10,player-4,player-1
405,3,18,0.04837499000132084,player-2,15,23,27,12,player-1,player-2
405,4,18,0.05274987779557705,player-3,15,28,36,16,player-2,player-3
405,5,20,0.0488748773932457,player-2,22,34,38,16,player-3,player-2
405,6,19,0.05933409556746483,player-2,24,35,45,19,player-4,player-2
405,7,17,0.04537496715784073,player-1,36,36,45,23,player-1,player-1
405,8,18,0.055040931329131126,player-3,36,42,49,27,player-2,player-3
405,9,24,0.050541944801807404,player-2,36,45,51,28,player-3,player-2
405,10,19,0.04520895890891552,player-2,39,47,54,29,player-4,player-2
405,11,18,0.055584125220775604,player-2,42,52,54,32,player-1,player-2
405,12,17,0.06583286449313164,player-2,43,58,63,32,player-2,player-2
406,1,20,0.07583294063806534,player-1,12,2,9,0,player-2,player-1
406,2,17,0.056791817769408226,player-3,15,9,14,4,player-3,player-3
406,3,17,0.0588749535381794,player-4,18,14,20,11,player-4,player-4
406,4,18,0.06679096259176731,player-2,27,20,28,17,player-1,player-2
406,5,23,0.07579103112220764,player-4,27,37,28,22,player-2,player-4
406,6,17,0.0663751270622015,player-3,28,40,34,27,player-3,player-3
406,7,17,0.05037500523030758,player-4,30,42,36,33,player-4,player-4
406,8,17,0.053958967328071594,player-1,36,47,38,39,player-1,player-1
406,9,18,0.0554998405277729,player-3,46,52,39,39,player-2,player-3
406,10,17,0.05237502045929432,player-3,46,53,42,39,player-3,player-3
406,11,18,0.06283307448029518,player-1,54,57,44,45,player-4,player-1
407,1,18,0.06329198367893696,player-3,0,16,5,0,player-2,player-3
407,2,17,0.04912493750452995,player-3,3,16,11,1,player-3,player-3
407,3,17,0.06975000724196434,player-4,5,19,15,6,player-4,player-4
407,4,17,0.05379202775657177,player-1,12,21,16,9,player-1,player-1
407,5,17,0.08183298632502556,player-2,13,34,21,21,player-2,player-2
407,6,17,0.05966704338788986,player-3,13,37,27,25,player-3,player-3
407,7,17,0.04970887675881386,player-4,13,43,31,28,player-4,player-4
407,8,17,0.04874984733760357,player-1,17,49,36,30,player-1,player-1
407,9,23,0.08287513628602028,player-4,23,49,36,38,player-2,player-4
407,10,17,0.0766669400036335,player-3,28,55,46,41,player-3,player-3
407,11,18,0.06108405068516731,player-1,33,56,50,48,player-4,player-1
408,1,18,0.06079208105802536,player-2,2,9,3,6,player-1,player-2
408,2,18,0.11999998241662979,none,2,13,11,7,player-2,none
408,3,17,0.05112495273351669,player-3,5,18,14,7,player-3,player-3
408,4,18,0.05595805123448372,player-1,11,20,14,10,player-4,player-1
408,5,21,0.04800013266503811,player-1,18,22,17,12,player-1,player-1
408,6,20,0.04345807246863842,none,20,23,17,15,player-2,none
408,7,17,0.05587516352534294,player-3,20,29,21,21,player-3,player-3
408,8,18,0.055625103414058685,player-1,21,31,24,28,player-4,player-1
408,9,20,0.06574997678399086,player-4,22,36,35,35,player-1,player-4
408,10,18,0.07879198528826237,player-3,25,40,43,41,player-2,player-3
408,11,18,0.06737490184605122,player-4,28,46,46,45,player-3,player-4
408,12,18,0.053167110309004784,player-1,29,48,49,46,player-4,player-1
408,13,19,0.09787501767277718,player-3,38,60,50,58,player-1,player-3
409,1,18,0.054042087867856026,player-3,3,0,0,2,player-2,player-3
409,2,17,0.05137501284480095,player-3,6,1,2,5,player-3,player-3
409,3,19,0.06454112008213997,player-2,10,4,4,6,player-4,player-2
409,4,17,0.0452499371021986,player-1,14,8,6,9,player-1,player-1
409,5,20,0.05945796146988869,player-1,21,10,11,16,player-2,player-1
409,6,17,0.060499878600239754,player-3,25,15,14,18,player-3,player-3
409,7,18,0.057625118643045425,player-1,28,20,16,20,player-4,player-1
409,8,19,0.05629216320812702,player-3,31,27,19,27,player-1,player-3
409,9,17,0.044082989916205406,player-2,37,29,22,27,player-2,player-2
409,10,17,0.05466700531542301,player-3,44,33,27,28,player-3,player-3
409,11,17,0.05733291618525982,player-4,51,34,33,34,player-4,player-4
409,12,17,0.0685409177094698,player-1,54,40,33,42,player-1,player-1
409,13,17,0.0654999166727066,player-2,60,45,38,46,player-2,player-2
409,14,18,0.06329198367893696,player-4,66,52,39,53,player-3,player-4
410,1,17,0.06749993190169334,player-2,4,10,6,13,player-2,player-2
410,2,23,0.0665830448269844,player-1,8,10,8,19,player-3,player-1
410,3,21,0.058666104450821877,player-4,13,12,13,24,player-4,player-4
410,4,17,0.05487492308020592,player-1,24,14,19,25,player-1,player-1
410,5,19,0.04837499000132084,player-4,25,16,19,28,player-2,player-4
410,6,19,0.06512505933642387,player-1,30,19,24,32,player-3,player-1
410,7,17,0.05479087121784687,player-4,36,27,27,41,player-4,player-4
410,8,17,0.06166612729430199,player-1,39,34,27,46,player-1,player-1
410,9,17,0.058499863371253014,player-2,45,38,34,50,player-2,player-2
410,10,18,0.04587508738040924,player-4,49,40,38,59,player-3,player-4
410,11,17,0.07566600106656551,player-4,54,51,43,63,player-4,player-4
411,1,21,0.04974985495209694,player-2,2,5,2,4,player-2,player-2
411,2,21,0.06283307448029518,player-3,8,5,17,6,player-3,player-3
411,3,17,0.04754192195832729,player-4,11,12,21,11,player-4,player-4
411,4,20,0.05554105155169964,player-4,16,20,27,18,player-1,player-4
411,5,18,0.05191704258322716,player-3,16,26,34,22,player-2,player-3
411,6,17,0.05204183980822563,player-3,17,28,38,23,player-3,player-3
411,7,17,0.05658320151269436,player-4,19,35,40,27,player-4,player-4
411,8,17,0.0475000124424696,player-1,21,38,41,32,player-1,player-1
411,9,18,0.060999998822808266,player-3,22,38,42,33,player-2,player-3
411,10,17,0.06800005212426186,player-3,28,46,43,37,player-3,player-3
411,11,17,0.061416998505592346,player-4,31,49,47,47,player-4,player-4
411,12,20,0.07066596299409866,player-4,41,50,50,56,player-1,player-4
412,1,17,0.0574581790715456,player-3,1,6,6,0,player-3,player-3
412,2,20,0.05116686224937439,player-3,1,9,16,7,player-4,player-3
412,3,19,0.058999983593821526,player-3,4,11,20,11,player-1,player-3
412,4,17,0.05079200491309166,player-2,9,19,25,12,player-2,player-2
412,5,17,0.0510411337018013,player-3,15,29,30,12,player-3,player-3
412,6,23,0.04824995994567871,player-2,23,29,30,13,player-4,player-2
412,7,17,0.04370906390249729,player-1,26,29,31,16,player-1,player-1
412,8,19,0.07254187949001789,player-4,35,31,38,19,player-2,player-4
412,9,18,0.05512498319149017,player-4,35,32,39,33,player-3,player-4
412,10,18,0.043416861444711685,player-1,36,33,40,39,player-4,player-1
412,11,17,0.05712499842047691,player-1,43,34,40,43,player-1,player-1
412,12,20,0.05024997517466545,player-1,49,39,40,43,player-2,player-1
412,13,17,0.054541975259780884,player-3,53,41,45,47,player-3,player-3
412,14,17,0.07150019519031048,player-4,60,47,48,53,player-4,player-4
413,1,17,0.05908403545618057,player-2,7,6,0,1,player-2,player-2
413,2,17,0.04983297549188137,player-3,8,11,7,1,player-3,player-3
413,3,18,0.05891709588468075,player-1,19,17,14,4,player-4,player-1
413,4,17,0.0539170578122139,player-1,20,24,17,7,player-1,player-1
413,5,19,0.06191711872816086,player-4,20,34,21,15,player-2,player-4
413,6,21,0.061208149418234825,player-3,21,37,29,19,player-3,player-3
413,7,17,0.05020899698138237,player-4,26,39,35,19,player-4,player-4
413,8,17,0.06395787931978703,player-1,26,41,39,24,player-1,player-1
413,9,17,0.05045812577009201,player-2,26,47,41,25,player-2,player-2
413,10,18,0.04824995994567871,player-4,29,55,44,30,player-3,player-4
413,11,17,0.05725002847611904,player-4,29,58,44,36,player-4,player-4
413,12,17,0.05716690793633461,player-1,37,61,45,42,player-1,player-1
414,1,17,0.0664170365780592,player-2,4,8,5,3,player-2,player-2
414,2,19,0.053541967645287514,player-1,8,10,12,7,player-3,player-1
414,3,18,0.051208073273301125,player-1,13,16,17,7,player-4,player-1
414,4,17,0.05533290095627308,player-1,18,22,26,9,player-1,player-1
414,5,17,0.0541249755769968,player-2,22,36,29,12,player-2,player-2
414,6,17,0.05595805123448372,player-3,22,44,30,12,player-3,player-3
414,7,23,0.08304091170430183,player-2,31,45,36,19,player-4,player-2
414,8,17,0.052167102694511414,player-1,35,48,37,21,player-1,player-1
414,9,17,0.07974985055625439,player-2,50,67,42,34,player-2,player-2
415,1,19,0.057541998103260994,player-3,0,1,7,9,player-1,player-3
415,2,18,0.04941713996231556,player-3,6,2,14,11,player-2,player-3
415,3,16,0.03187498077750206,none,8,9,14,11,player-3,none
415,4,18,0.0649578869342804,player-1,8,13,17,16,player-4,player-1
415,5,17,0.0610831193625927,player-1,15,16,21,18,player-1,player-1
415,6,26,0.06783287972211838,player-3,20,22,23,19,player-2,player-3
415,7,17,0.04795915447175503,player-3,30,22,31,24,player-3,player-3
415,8,17,0.06258301436901093,player-4,34,30,32,30,player-4,player-4
415,9,19,0.06274995394051075,player-3,37,30,34,41,player-1,player-3
415,10,17,0.06037508137524128,player-2,47,36,34,47,player-2,player-2
415,11,17,0.053167110309004784,player-3,51,43,36,49,player-3,player-3
415,12,18,0.06408290937542915,player-1,53,48,40,52,player-4,player-1
416,1,18,0.054958974942564964,player-4,3,4,4,1,player-3,player-4
416,2,17,0.03824988380074501,player-4,5,9,5,2,player-4,player-4
416,3,17,0.05879206582903862,player-1,9,9,7,8,player-1,player-1
416,4,20,0.061540864408016205,player-1,13,10,15,10,player-2,player-1
416,5,23,0.08199992589652538,player-1,28,17,19,21,player-3,player-1
416,6,27,0.07937499321997166,player-2,34,32,19,21,player-4,player-2
416,7,18,0.07162499241530895,player-2,39,35,27,25,player-1,player-2
416,8,21,0.06125005893409252,player-2,44,41,29,33,player-2,player-2
416,9,20,0.06449990905821323,player-2,48,49,30,39,player-3,player-2
416,10,18,0.04779198206961155,player-1,51,51,33,43,player-4,player-1
416,11,17,0.0727078877389431,player-1,60,53,35,47,player-1,player-1
417,1,19,0.05708308890461922,player-3,2,7,3,2,player-1,player-3
417,2,17,0.07629184983670712,player-2,15,12,8,9,player-2,player-2
417,3,18,0.053958967328071594,player-4,23,17,16,19,player-3,player-4
417,4,17,0.03912486135959625,player-4,25,17,19,22,player-4,player-4
417,5,17,0.0677080824971199,player-1,32,20,29,25,player-1,player-1
417,6,18,0.056584132835268974,player-3,34,23,31,27,player-2,player-3
417,7,17,0.07558288052678108,player-3,34,24,38,38,player-3,player-3
417,8,19,0.0707919243723154,player-2,38,33,48,41,player-4,player-2
417,9,19,0.062417006120085716,player-3,43,36,56,42,player-1,player-3
417,10,18,0.05533313378691673,player-3,46,41,61,46,player-2,player-3
418,1,19,0.05350005812942982,player-3,6,5,14,0,player-1,player-3
418,2,19,0.05629193037748337,player-4,6,16,19,12,player-2,player-4
418,3,18,0.05250005051493645,player-4,10,17,21,17,player-3,player-4
418,4,17,0.05070888437330723,player-4,13,21,21,28,player-4,player-4
418,5,17,0.08579203858971596,player-1,16,30,26,37,player-1,player-1
418,6,17,0.05212496034801006,player-2,21,33,32,48,player-2,player-2
418,7,17,0.04812516272068024,player-3,21,35,34,50,player-3,player-3
418,8,17,0.06254203617572784,player-4,27,40,39,60,player-4,player-4
419,1,17,0.057208118960261345,player-1,6,5,7,6,player-1,player-1
419,2,18,0.0478341244161129,player-3,6,9,11,7,player-2,player-3
419,3,17,0.05454104393720627,player-3,9,12,19,8,player-3,player-3
419,4,20,0.06125005893409252,player-3,18,18,21,9,player-4,player-3
419,5,18,0.05495920777320862,player-2,27,21,23,9,player-1,player-2
419,6,19,0.07729115895926952,player-4,27,39,24,19,player-2,player-4
419,7,17,0.06345799192786217,player-3,36,39,35,19,player-3,player-3
419,8,20,0.0527920201420784,player-3,36,40,42,21,player-4,player-3
419,9,19,0.0719169620424509,player-3,39,54,43,22,player-1,player-3
419,10,17,0.05929195322096348,player-2,41,55,47,32,player-2,player-2
419,11,19,0.06629200652241707,player-1,44,63,56,37,player-3,player-1
420,1,18,0.06545800715684891,player-4,9,0,10,3,player-3,player-4
420,2,21,0.047457870095968246,player-4,11,1,14,6,player-4,player-4
420,3,17,0.04612491466104984,player-1,16,4,20,11,player-1,player-1
420,4,17,0.053167110309004784,player-2,20,7,26,13,player-2,player-2
420,5,18,0.04783296026289463,player-4,25,13,28,19,player-3,player-4
420,6,17,0.04616705700755119,player-4,26,16,28,28,player-4,player-4
420,7,20,0.06291712634265423,player-4,29,23,30,35,player-1,player-4
420,8,17,0.0779998954385519,player-2,30,25,32,39,player-2,player-2
420,9,18,0.05070795305073261,player-4,32,34,37,47,player-3,player-4
420,10,18,0.05408283323049545,player-1,34,36,43,57,player-4,player-1
420,11,17,0.059582991525530815,player-1,46,41,54,67,player-1,player-1
421,1,18,0.04366692155599594,player-4,2,2,5,2,player-3,player-4
421,2,19,0.05345791578292847,player-2,3,6,9,5,player-4,player-2
421,3,21,0.0643748790025711,player-1,4,10,15,7,player-1,player-1
421,4,21,0.052208080887794495,player-2,6,11,19,11,player-2,player-2
421,5,17,0.061374856159090996,player-3,8,19,28,14,player-3,player-3
421,6,21,0.05212496034801006,player-4,8,22,31,19,player-4,player-4
421,7,17,0.047416891902685165,player-1,14,25,35,23,player-1,player-1
421,8,17,0.05925004370510578,player-2,18,36,41,29,player-2,player-2
421,9,17,0.05229096859693527,player-3,28,37,47,35,player-3,player-3
421,10,17,0.06304099224507809,player-4,30,44,47,39,player-4,player-4
421,11,19,0.07224990986287594,player-3,40,50,51,47,player-1,player-3
421,12,18,0.06987503729760647,player-3,51,52,59,48,player-2,player-3
422,1,18,0.038458965718746185,none,3,0,1,2,player-3,none
422,2,19,0.05708285607397556,player-2,18,1,9,3,player-4,player-2
422,3,19,0.09191595017910004,player-3,21,5,14,6,player-1,player-3
422,4,18,0.0577080063521862,player-3,26,6,18,6,player-2,player-3
422,5,17,0.09408313781023026,player-3,33,14,30,8,player-3,player-3
422,6,17,0.06129196844995022,player-4,34,20,35,10,player-4,player-4
422,7,17,0.05254102870821953,player-1,48,21,40,16,player-1,player-1
422,8,17,0.05970802158117294,player-2,50,33,41,20,player-2,player-2
422,9,17,0.04383292980492115,player-3,53,42,42,21,player-3,player-3
422,10,20,0.08883303962647915,player-3,53,51,42,33,player-4,player-3
422,11,19,0.05604187026619911,player-3,59,55,46,38,player-1,player-3
423,1,17,0.06320793181657791,player-3,5,4,6,0,player-3,player-3
423,2,17,0.05270796827971935,player-4,7,5,9,2,player-4,player-4
423,3,18,0.05970802158117294,player-2,13,9,13,6,player-1,player-2
423,4,17,0.05458318628370762,player-2,15,15,18,9,player-2,player-2
423,5,17,0.05745887756347656,player-3,18,20,21,15,player-3,player-3
423,6,17,0.06358395330607891,player-4,18,34,23,22,player-4,player-4
423,7,17,0.0438750721514225,player-1,26,37,26,26,player-1,player-1
423,8,18,0.058791832998394966,player-3,29,41,34,30,player-2,player-3
423,9,17,0.053167110309004784,player-3,35,41,38,30,player-3,player-3
423,10,19,0.08245906792581081,player-2,38,47,39,34,player-4,player-2
423,11,17,0.06029196083545685,player-1,43,51,45,38,player-1,player-1
423,12,21,0.059916870668530464,player-2,45,53,51,38,player-2,player-2
423,13,18,0.0503340270370245,player-4,47,53,51,40,player-3,player-4
423,14,18,0.05724979564547539,player-1,50,58,60,44,player-4,player-1
424,1,17,0.05787494592368603,player-3,4,2,3,0,player-3,player-3
424,2,18,0.06379210390150547,player-1,13,10,14,2,player-4,player-1
424,3,20,0.06308290176093578,player-4,14,15,17,8,player-1,player-4
424,4,17,0.05250005051493645,player-2,14,21,20,16,player-2,player-2
424,5,18,0.051958952099084854,player-4,16,21,24,22,player-3,player-4
424,6,18,0.058959005400538445,player-1,25,25,24,28,player-4,player-1
424,7,17,0.04874984733760357,player-1,28,26,26,29,player-1,player-1
424,8,18,0.06562517955899239,player-3,29,28,28,35,player-2,player-3
424,9,18,0.04000007174909115,player-4,31,30,30,42,player-3,player-4
424,10,19,0.05508400499820709,player-2,31,36,32,44,player-4,player-2
424,11,17,0.054040923714637756,player-1,36,38,34,46,player-1,player-1
424,12,17,0.06137508898973465,player-2,38,42,35,51,player-2,player-2
424,13,17,0.05150004290044308,player-3,46,42,38,53,player-3,player-3
424,14,17,0.05462486296892166,player-4,47,44,42,57,player-4,player-4
425,1,17,0.06495811976492405,player-1,7,5,2,2,player-1,player-1
425,2,22,0.044582877308130264,player-3,7,10,11,4,player-2,player-3
425,3,17,0.06933300755918026,player-3,17,13,15,4,player-3,player-3
425,4,23,0.07412489503622055,player-2,19,16,15,7,player-4,player-2
425,5,17,0.05350005812942982,player-1,24,19,21,8,player-1,player-1
425,6,18,0.04824995994567871,player-3,28,22,23,12,player-2,player-3
425,7,19,0.05312496796250343,player-1,29,27,26,14,player-3,player-1
425,8,19,0.05933316424489021,player-2,36,28,28,19,player-4,player-2
425,9,22,0.05212496034801006,player-2,38,37,31,20,player-1,player-2
425,10,21,0.07204199209809303,player-2,42,49,37,28,player-2,player-2
425,11,19,0.0524579081684351,player-1,43,49,40,31,player-3,player-1
425,12,33,0.0743749551475048,player-4,43,50,58,33,player-4,player-4
426,1,17,0.05545793101191521,player-2,12,9,4,1,player-2,player-2
426,2,17,0.0541668850928545,player-3,14,20,9,4,player-3,player-3
426,3,20,0.059542013332247734,player-3,20,23,16,7,player-4,player-3
426,4,17,0.05537504330277443,player-1,22,27,16,10,player-1,player-1
426,5,18,0.04741596058011055,player-3,22,31,19,12,player-2,player-3
426,6,18,0.05433289334177971,player-4,22,38,23,22,player-3,player-4
426,7,18,0.052165938541293144,player-1,28,44,27,26,player-4,player-1
426,8,17,0.0541249755769968,player-1,29,44,32,31,player-1,player-1
426,9,19,0.10691606439650059,player-4,37,61,38,40,player-2,player-4
427,1,18,0.06283307448029518,player-2,5,7,6,3,player-1,player-2
427,2,17,0.05054101347923279,player-2,12,14,9,3,player-2,player-2
427,3,17,0.06445799954235554,player-3,15,14,17,7,player-3,player-3
427,4,17,0.04454189911484718,player-4,17,18,22,13,player-4,player-4
427,5,21,0.0563331414014101,player-1,17,20,29,18,player-1,player-1
427,6,17,0.04095816984772682,player-2,19,24,37,18,player-2,player-2
427,7,20,0.04337495192885399,player-2,19,35,40,18,player-3,player-2
427,8,19,0.05645793862640858,player-2,19,39,42,25,player-4,player-2
427,9,17,0.046083005145192146,player-1,26,39,44,26,player-1,player-1
427,10,17,0.0707919243723154,player-2,34,51,45,31,player-2,player-2
427,11,17,0.04416611045598984,player-3,38,51,50,36,player-3,player-3
427,12,17,0.051582930609583855,player-4,41,52,50,40,player-4,player-4
427,13,17,0.04670792259275913,player-1,42,52,52,45,player-1,player-1
427,14,17,0.0624579843133688,player-2,46,64,54,54,player-2,player-2
428,1,17,0.08616596460342407,player-3,5,2,4,6,player-3,player-3
428,2,17,0.07954193279147148,player-4,14,2,13,12,player-4,player-4
428,3,18,0.04929210990667343,player-2,18,6,14,14,player-1,player-2
428,4,20,0.06312504410743713,player-1,31,9,22,16,player-2,player-1
428,5,17,0.054416945204138756,player-3,34,12,29,22,player-3,player-3
428,6,18,0.07229112088680267,player-1,39,14,33,27,player-4,player-1
428,7,17,0.04579196684062481,player-1,42,16,35,28,player-1,player-1
428,8,17,0.05845795385539532,player-2,50,28,41,40,player-2,player-2
428,9,17,0.06387499161064625,player-3,53,28,53,45,player-3,player-3
429,1,17,0.054666073992848396,player-3,2,4,5,5,player-3,player-3
429,2,17,0.053541967645287514,player-4,5,4,6,13,player-4,player-4
429,3,17,0.07200008258223534,player-1,12,8,6,20,player-1,player-1
429,4,17,0.04449998959898949,player-2,12,10,10,24,player-2,player-2
429,5,17,0.054582953453063965,player-3,13,10,15,27,player-3,player-3
429,6,17,0.04058307968080044,player-4,19,14,15,29,player-4,player-4
429,7,18,0.04733307287096977,player-2,22,20,17,30,player-1,player-2
429,8,19,0.05208398215472698,player-4,22,24,18,33,player-2,player-4
429,9,17,0.044625019654631615,player-3,23,24,23,35,player-3,player-3
429,10,17,0.04233396612107754,player-4,25,29,24,39,player-4,player-4
429,11,17,0.05445815622806549,player-1,33,35,29,40,player-1,player-1
429,12,20,0.048999907448887825,player-1,41,45,36,40,player-2,player-1
429,13,18,0.054958974942564964,player-4,42,45,43,54,player-3,player-4
429,14,17,0.05150004290044308,player-4,43,48,46,56,player-4,player-4
430,1,17,0.053584109991788864,player-4,3,4,4,6,player-4,player-4
430,2,19,0.048832967877388,player-3,8,4,9,7,player-1,player-3
430,3,17,0.05425000563263893,player-2,9,7,15,13,player-2,player-2
430,4,17,0.05624978803098202,player-3,15,9,23,13,player-3,player-3
430,5,17,0.05850009620189667,player-4,18,10,23,21,player-4,player-4
430,6,17,0.057625118643045425,player-1,26,11,24,27,player-1,player-1
430,7,19,0.06287498399615288,player-4,26,18,28,39,player-2,player-4
430,8,17,0.044999876990914345,player-3,26,24,30,39,player-3,player-3
430,9,18,0.05445792339742184,player-1,29,30,33,39,player-4,player-1
430,10,21,0.04787486977875233,player-1,32,30,33,41,player-1,player-1
430,11,17,0.043042004108428955,player-2,34,41,37,43,player-2,player-2
430,12,18,0.07158308289945126,player-4,37,41,43,54,player-3,player-4
430,13,25,0.07337494753301144,player-4,42,49,49,73,player-4,player-4
431,1,17,0.06791693158447742,player-3,1,7,8,4,player-3,player-3
431,2,19,0.05574990063905716,player-2,7,12,13,6,player-4,player-2
431,3,17,0.05729193799197674,player-1,7,17,15,15,player-1,player-1
431,4,18,0.056791817769408226,player-3,9,17,20,15,player-2,player-3
431,5,19,0.07487484253942966,player-1,12,21,21,20,player-3,player-1
431,6,21,0.053416937589645386,player-4,14,24,22,26,player-4,player-4
431,7,18,0.05770893767476082,player-2,16,26,26,31,player-1,player-2
431,8,18,0.06458302959799767,player-3,21,27,37,31,player-2,player-3
431,9,20,0.059125013649463654,player-2,22,37,48,35,player-3,player-2
431,10,18,0.05070795305073261,player-1,27,40,49,39,player-4,player-1
431,11,18,0.04650000482797623,player-2,29,45,51,46,player-1,player-2
431,12,18,0.05491706542670727,player-3,32,47,64,50,player-2,player-3
431,13,17,0.06737490184605122,player-3,35,49,67,51,player-3,player-3
432,1,17,0.06462493911385536,player-1,5,2,3,5,player-1,player-1
432,2,17,0.0727921724319458,player-2,9,15,7,9,player-2,player-2
432,3,17,0.05891709588468075,player-3,11,17,19,12,player-3,player-3
432,4,17,0.05612499080598354,player-4,17,18,23,18,player-4,player-4
432,5,17,0.05683302879333496,player-1,23,19,25,21,player-1,player-1
432,6,20,0.05495804361999035,player-1,29,24,25,21,player-2,player-1
432,7,17,0.09391596540808678,player-3,31,29,27,21,player-3,player-3
432,8,18,0.06841705180704594,player-1,40,30,34,25,player-4,player-1
432,9,17,0.05825003609061241,player-1,44,30,42,30,player-1,player-1
432,10,17,0.05470798350870609,player-2,44,36,47,38,player-2,player-2
432,11,17,0.05170796066522598,player-3,46,41,51,38,player-3,player-3
432,12,23,0.05920790135860443,player-2,48,44,55,39,player-4,player-2
433,1,19,0.05224999040365219,player-3,0,3,5,1,player-1,player-3
433,2,18,0.06954208947718143,player-3,2,11,10,5,player-2,player-3
433,3,24,0.04870793782174587,none,2,14,11,10,player-3,none
433,4,18,0.04341709427535534,player-1,7,16,14,15,player-4,player-1
433,5,17,0.08558318950235844,player-1,10,22,16,22,player-1,player-1
433,6,17,0.04970794543623924,player-2,12,25,18,29,player-2,player-2
433,7,17,0.05458388477563858,player-3,18,27,31,30,player-3,player-3
433,8,21,0.06362493149936199,player-4,23,27,33,35,player-4,player-4
433,9,26,0.060374848544597626,player-2,26,31,34,39,player-1,player-2
433,10,17,0.04529091529548168,player-2,30,38,36,43,player-2,player-2
433,11,17,0.06654206663370132,player-3,33,44,42,49,player-3,player-3
433,12,20,0.05587516352534294,player-3,35,53,48,49,player-4,player-3
434,1,17,0.06004096940159798,player-2,6,8,2,5,player-2,player-2
434,2,16,0.05041714757680893,none,9,10,5,8,player-3,none
434,3,17,0.06983405910432339,player-4,9,11,5,11,player-4,player-4
434,4,19,0.05441601388156414,player-3,13,17,11,11,player-1,player-3
434,5,18,0.05475012585520744,player-3,19,19,17,21,player-2,player-3
434,6,17,0.05974993109703064,player-3,23,21,23,27,player-3,player-3
434,7,17,0.0441248994320631,player-4,25,25,27,32,player-4,player-4
434,8,19,0.04895799793303013,player-3,29,28,28,33,player-1,player-3
434,9,18,0.0603341031819582,player-3,29,31,33,33,player-2,player-3
434,10,17,0.06166589446365833,player-3,32,43,37,38,player-3,player-3
434,11,20,0.05970802158117294,player-3,36,57,37,43,player-4,player-3
435,1,21,0.05495804361999035,player-1,11,6,10,5,player-1,player-1
435,2,22,0.06849993951618671,player-3,16,14,15,10,player-2,player-3
435,3,18,0.057459110394120216,player-4,18,18,19,19,player-3,player-4
435,4,17,0.056958990171551704,player-4,22,18,24,25,player-4,player-4
435,5,17,0.050625065341591835,player-1,30,18,29,27,player-1,player-1
435,6,18,0.06270897574722767,player-3,31,19,34,31,player-2,player-3
435,7,18,0.05266699008643627,player-4,32,26,37,41,player-3,player-4
435,8,18,0.06091711111366749,player-1,37,30,49,42,player-4,player-1
435,9,17,0.04175002686679363,player-1,46,30,51,44,player-1,player-1
435,10,17,0.08512497879564762,player-2,48,36,55,53,player-2,player-2
436,1,17,0.057625118643045425,player-2,3,1,1,4,player-2,player-2
436,2,17,0.061542028561234474,player-3,7,5,8,4,player-3,player-3
436,3,18,0.057625118643045425,player-1,11,8,12,9,player-4,player-1
436,4,17,0.04712515510618687,player-1,14,10,13,10,player-1,player-1
436,5,17,0.06566592492163181,player-2,22,15,25,11,player-2,player-2
436,6,19,0.051208073273301125,player-1,28,18,27,13,player-3,player-1
436,7,20,0.05920790135860443,player-3,30,23,38,26,player-4,player-3
436,8,17,0.047667184844613075,player-1,33,23,39,27,player-1,player-1
436,9,19,0.06191711872816086,player-4,38,27,43,28,player-2,player-4
436,10,18,0.05070795305073261,player-4,38,29,47,32,player-3,player-4
436,11,19,0.07233396172523499,player-2,43,34,47,38,player-4,player-2
436,12,25,0.07254211232066154,player-1,46,39,47,42,player-1,player-1
436,13,18,0.042457832023501396,player-3,49,41,55,42,player-2,player-3
437,1,17,0.05758390761911869,player-4,3,3,0,11,player-4,player-4
437,2,24,0.07233303040266037,player-4,7,4,2,17,player-1,player-4
437,3,17,0.05829217843711376,player-2,9,9,6,17,player-2,player-2
437,4,17,0.045042019337415695,player-3,11,9,9,19,player-3,player-3
437,5,17,0.05137501284480095,player-4,11,16,11,22,player-4,player-4
437,6,17,0.05479203537106514,player-1,16,19,14,22,player-1,player-1
437,7,18,0.05437503568828106,player-3,19,22,20,22,player-2,player-3
437,8,17,0.04833308048546314,player-3,22,23,21,22,player-3,player-3
437,9,17,0.058582983911037445,player-4,22,27,26,30,player-4,player-4
437,10,19,0.05625002086162567,player-3,31,34,29,41,player-1,player-3
437,11,18,0.051083043217659,player-3,32,39,42,43,player-2,player-3
437,12,19,0.062417006120085716,player-1,42,39,48,44,player-3,player-1
437,13,20,0.05862489342689514,player-3,47,44,55,46,player-4,player-3
438,1,17,0.05708308890461922,player-1,8,5,7,5,player-1,player-1
438,2,18,0.05879206582903862,player-3,9,6,10,9,player-2,player-3
438,3,21,0.050708185881376266,player-3,12,6,17,11,player-3,player-3
438,4,19,0.0535410363227129,player-2,14,11,17,13,player-4,player-2
438,5,17,0.04700012505054474,player-1,21,11,19,18,player-1,player-1
438,6,19,0.0605839304625988,player-4,26,13,21,25,player-2,player-4
438,7,20,0.05929102189838886,player-2,28,15,27,25,player-3,player-2
438,8,18,0.09825010783970356,player-1,30,16,36,32,player-4,player-1
438,9,17,0.06191711872816086,player-1,35,17,38,38,player-1,player-1
438,10,17,0.06500002928078175,player-2,43,27,38,47,player-2,player-2
438,11,17,0.05208305083215237,player-3,45,31,43,47,player-3,player-3
438,12,17,0.06345799192786217,player-4,48,41,48,55,player-4,player-4
438,13,19,0.051167095080018044,player-3,49,43,55,59,player-1,player-3
439,1,18,0.05175010301172733,player-3,3,4,3,2,player-2,player-3
439,2,18,0.07045804522931576,player-4,7,9,18,13,player-3,player-4
439,3,17,0.060125021263957024,player-4,10,15,18,20,player-4,player-4
439,4,18,0.059957848861813545,player-2,15,27,21,28,player-1,player-2
439,5,17,0.06262515671551228,player-2,18,34,24,30,player-2,player-2
439,6,17,0.04095910117030144,player-3,21,34,27,30,player-3,player-3
439,7,17,0.054042087867856026,player-4,27,37,32,37,player-4,player-4
439,8,17,0.05458388477563858,player-1,30,39,34,45,player-1,player-1
439,9,17,0.045791035518050194,player-2,33,43,35,49,player-2,player-2
439,10,18,0.08512497879564762,player-4,37,44,36,61,player-3,player-4
440,1,17,0.04191603511571884,player-3,1,0,1,2,player-3,player-3
440,2,18,0.05891593173146248,player-1,6,4,3,3,player-4,player-1
440,3,17,0.06633391603827477,player-1,11,6,10,5,player-1,player-1
440,4,17,0.04666694439947605,player-2,20,11,11,9,player-2,player-2
440,5,20,0.05174987018108368,player-2,24,19,16,12,player-3,player-2
440,6,23,0.06762496195733547,player-2,31,26,20,16,player-4,player-2
440,7,17,0.059625133872032166,player-1,39,29,25,24,player-1,player-1
440,8,18,0.054459087550640106,player-3,44,34,25,26,player-2,player-3
440,9,17,0.05379202775657177,player-3,44,34,29,34,player-3,player-3
440,10,19,0.054167117923498154,player-2,47,45,31,34,player-4,player-2
440,11,17,0.06070779636502266,player-1,49,50,33,39,player-1,player-1
440,12,17,0.06483308970928192,player-2,57,53,33,39,player-2,player-2
440,13,18,0.060542020946741104,player-4,63,55,37,42,player-3,player-4
441,1,19,0.05612499080598354,player-1,6,4,2,7,player-3,player-1
441,2,28,0.0879999715834856,player-3,21,8,9,12,player-4,player-3
441,3,17,0.04712515510618687,player-1,27,9,12,12,player-1,player-1
441,4,18,0.05908310413360596,player-3,29,18,17,14,player-2,player-3
441,5,17,0.05120784044265747,player-3,31,25,24,22,player-3,player-3
441,6,17,0.05950010381639004,player-4,31,31,24,30,player-4,player-4
441,7,17,0.052582938224077225,player-1,37,34,24,31,player-1,player-1
441,8,17,0.0643748790025711,player-2,39,41,33,33,player-2,player-2
441,9,17,0.06170803681015968,player-3,39,44,39,34,player-3,player-3
441,10,18,0.05929102189838886,player-1,45,48,41,37,player-4,player-1
441,11,18,0.05370890721678734,player-2,45,54,46,39,player-1,player-2
441,12,19,0.04741712473332882,player-4,48,54,48,43,player-2,player-4
441,13,20,0.07504108361899853,player-2,50,61,52,45,player-3,player-2
442,1,17,0.06174994632601738,player-1,5,3,3,1,player-1,player-1
442,2,17,0.060791149735450745,player-2,9,11,6,1,player-2,player-2
442,3,17,0.047625042498111725,player-3,16,19,16,4,player-3,player-3
442,4,17,0.050958944484591484,player-4,21,19,22,8,player-4,player-4
442,5,27,0.10720803402364254,player-3,27,31,26,14,player-1,player-3
442,6,18,0.053208088502287865,player-3,34,35,27,20,player-2,player-3
442,7,21,0.07570791058242321,player-3,43,42,32,24,player-3,player-3
442,8,18,0.047625042498111725,player-1,46,43,32,25,player-4,player-1
442,9,18,0.05041714757680893,player-2,47,50,37,30,player-1,player-2
442,10,17,0.06087496876716614,player-2,50,51,37,37,player-2,player-2
442,11,17,0.061042141169309616,player-3,52,56,44,43,player-3,player-3
442,12,19,0.06333296187222004,player-2,54,60,45,46,player-4,player-2
443,1,17,0.06587500683963299,player-1,5,8,10,3,player-1,player-1
443,2,18,0.07679103873670101,player-3,7,10,12,12,player-2,player-3
443,3,18,0.05374988541007042,player-4,7,13,13,30,player-3,player-4
443,4,17,0.07662479765713215,player-4,12,17,21,39,player-4,player-4
443,5,17,0.05374988541007042,player-1,15,22,28,44,player-1,player-1
443,6,17,0.05645793862640858,player-2,25,24,31,47,player-2,player-2
443,7,19,0.06062490865588188,player-1,30,30,32,51,player-3,player-1
443,8,23,0.06491714157164097,player-2,30,39,32,57,player-4,player-2
443,9,18,0.046708155423402786,player-2,33,45,33,57,player-1,player-2
444,1,18,0.06645801477134228,player-3,4,7,3,3,player-2,player-3
444,2,18,0.06649992428719997,player-4,5,13,10,14,player-3,player-4
444,3,18,0.09445799514651299,player-1,8,20,13,16,player-4,player-1
444,4,18,0.07154187187552452,player-2,18,24,13,16,player-1,player-2
444,5,18,0.05087489262223244,player-3,21,26,19,19,player-2,player-3
444,6,18,0.05224999040365219,player-4,21,27,20,28,player-3,player-4
444,7,20,0.0502921175211668,player-3,22,31,24,34,player-4,player-3
444,8,17,0.051167095080018044,player-1,23,32,29,39,player-1,player-1
444,9,19,0.06229197606444359,player-4,35,33,31,43,player-2,player-4
444,10,20,0.05725002847611904,player-2,45,35,37,46,player-3,player-2
444,11,20,0.06112479604780674,player-3,45,36,39,49,player-4,player-3
444,12,18,0.05987496115267277,player-2,54,43,48,53,player-1,player-2
445,1,19,0.07349997758865356,player-3,3,2,11,7,player-1,player-3
445,2,17,0.05987496115267277,player-2,8,8,22,7,player-2,player-2
445,3,20,0.056582968682050705,player-2,11,18,24,11,player-3,player-2
445,4,18,0.06762496195733547,player-1,16,27,35,18,player-4,player-1
445,5,18,0.07099984213709831,player-2,21,31,39,18,player-1,player-2
445,6,17,0.047833193093538284,player-2,22,34,39,22,player-2,player-2
445,7,18,0.05766702815890312,player-4,28,41,41,29,player-3,player-4
445,8,17,0.046083005145192146,player-4,33,41,44,36,player-4,player-4
445,9,17,0.059125013649463654,player-1,35,42,49,38,player-1,player-1
445,10,19,0.061542028561234474,player-4,37,44,49,46,player-2,player-4
445,11,17,0.04183407872915268,player-3,39,45,53,46,player-3,player-3
445,12,18,0.05966704338788986,player-1,40,52,57,46,player-4,player-1
445,13,20,0.05154102109372616,player-4,41,54,60,49,player-1,player-4
446,1,17,0.0563750509172678,player-2,1,7,0,0,player-2,player-2
446,2,19,0.09300000965595245,player-1,10,7,5,5,player-3,player-1
446,3,17,0.057416968047618866,player-4,13,12,7,7,player-4,player-4
446,4,26,0.0592090655118227,player-2,16,15,8,13,player-1,player-2
446,5,20,0.0741670373827219,player-1,33,28,23,13,player-2,player-1
446,6,17,0.04187482409179211,player-3,36,30,25,15,player-3,player-3
446,7,17,0.05687493830919266,player-4,39,30,31,24,player-4,player-4
446,8,17,0.06474996916949749,player-1,43,40,35,28,player-1,player-1
446,9,17,0.06287498399615288,player-2,46,52,44,28,player-2,player-2
446,10,17,0.060999998822808266,player-3,51,58,49,33,player-3,player-3
447,1,17,0.06679096259176731,player-4,8,7,7,9,player-4,player-4
447,2,17,0.06849993951618671,player-1,11,12,7,11,player-1,player-1
447,3,17,0.05154218524694443,player-2,14,19,9,14,player-2,player-2
447,4,17,0.06533414125442505,player-3,22,22,12,17,player-3,player-3
447,5,17,0.04537496715784073,player-4,23,23,17,22,player-4,player-4
447,6,17,0.06954115815460682,player-1,32,23,23,22,player-1,player-1
447,7,18,0.0389590859413147,player-3,35,27,29,23,player-2,player-3
447,8,18,0.08949986658990383,player-4,41,42,36,25,player-3,player-4
447,9,21,0.05987519398331642,player-4,41,43,38,25,player-4,player-4
447,10,17,0.04875008016824722,player-1,42,43,38,30,player-1,player-1
447,11,17,0.05045812577009201,player-2,53,49,46,36,player-2,player-2
447,12,20,0.06850017234683037,player-2,55,51,47,42,player-3,player-2
448,1,19,0.060125021263957024,player-3,3,0,6,8,player-1,player-3
448,2,17,0.06362493149936199,player-2,10,2,8,11,player-2,player-2
448,3,17,0.043042004108428955,player-3,11,4,17,11,player-3,player-3
448,4,18,0.05512498319149017,player-1,15,14,17,15,player-4,player-1
448,5,19,0.048999907448887825,player-3,15,16,21,18,player-1,player-3
448,6,24,0.054791104048490524,player-1,18,21,25,20,player-2,player-1
448,7,17,0.0627501867711544,player-3,21,27,30,20,player-3,player-3
448,8,18,0.040458980947732925,player-1,23,31,30,21,player-4,player-1
448,9,18,0.05808309651911259,player-2,25,35,32,25,player-1,player-2
448,10,17,0.0691248569637537,player-2,25,45,36,32,player-2,player-2
448,11,17,0.05329097621142864,player-3,25,50,36,37,player-3,player-3
448,12,18,0.04720897413790226,player-1,26,53,36,37,player-4,player-1
448,13,17,0.06445799954235554,player-1,40,54,47,41,player-1,player-1
448,14,32,0.08466606959700584,player-1,42,61,51,48,player-2,player-1
449,1,17,0.05183299072086811,player-3,8,0,6,1,player-3,player-3
449,2,17,0.05420902743935585,player-4,10,0,12,2,player-4,player-4
449,3,17,0.06745895370841026,player-1,16,7,14,3,player-1,player-1
449,4,17,0.04537496715784073,player-2,21,9,16,7,player-2,player-2
449,5,19,0.0665830448269844,player-1,27,14,18,7,player-3,player-1
449,6,17,0.049999915063381195,player-4,30,17,24,10,player-4,player-4
449,7,17,0.0391670037060976,player-1,38,18,25,13,player-1,player-1
449,8,17,0.04966696724295616,player-2,40,23,30,13,player-2,player-2
449,9,18,0.054042087867856026,player-4,47,23,33,20,player-3,player-4
449,10,19,0.03945804201066494,none,49,25,34,21,player-4,none
449,11,21,0.05554105155169964,player-1,50,26,38,22,player-1,player-1
449,12,17,0.07270812056958675,player-2,52,29,45,31,player-2,player-2
449,13,18,0.057957833632826805,player-4,62,30,53,34,player-3,player-4
450,1,19,0.052042072638869286,player-4,3,8,2,6,player-2,player-4
450,2,17,0.05508307367563248,player-3,6,14,6,9,player-3,player-3
450,3,17,0.0624579843133688,player-4,8,15,8,16,player-4,player-4
450,4,19,0.058416975662112236,player-3,11,17,16,16,player-1,player-3
450,5,17,0.04816707223653793,player-2,12,20,18,18,player-2,player-2
450,6,17,0.05687517113983631,player-3,14,28,18,18,player-3,player-3
450,7,18,0.04733400419354439,player-1,20,32,20,18,player-4,player-1
450,8,20,0.05666702054440975,player-4,26,34,22,22,player-1,player-4
450,9,20,0.0541249755769968,player-1,30,38,23,23,player-2,player-1
450,10,23,0.06737490184605122,player-1,35,38,32,26,player-3,player-1
450,11,17,0.07624994032084942,player-4,44,44,34,32,player-4,player-4
450,12,18,0.048582907766103745,player-2,46,48,37,36,player-1,player-2
450,13,17,0.06666593253612518,player-2,46,54,40,40,player-2,player-2
450,14,17,0.048999907448887825,player-3,48,59,41,41,player-3,player-3
451,1,17,0.04812492989003658,player-1,2,3,4,5,player-1,player-1
451,2,19,0.06029196083545685,player-4,2,7,10,9,player-2,player-4
451,3,19,0.0502921175211668,player-1,6,10,14,9,player-3,player-1
451,4,18,0.05129189230501652,player-1,10,10,19,12,player-4,player-1
451,5,17,0.05150004290044308,player-1,11,10,20,14,player-1,player-1
451,6,17,0.05874992348253727,player-2,15,13,21,18,player-2,player-2
451,7,17,0.039125094190239906,player-3,18,13,24,20,player-3,player-3
451,8,18,0.0588749535381794,player-1,18,16,28,24,player-4,player-1
451,9,17,0.049999915063381195,player-1,27,17,31,29,player-1,player-1
451,10,17,0.053582945838570595,player-2,29,22,36,34,player-2,player-2
451,11,18,0.05733291618525982,player-4,31,27,42,36,player-3,player-4
451,12,17,0.0463749747723341,player-4,32,27,43,50,player-4,player-4
451,13,17,0.06712484173476696,player-1,37,32,44,53,player-1,player-1
451,14,26,0.060542020946741104,player-3,44,33,54,54,player-2,player-3
451,15,18,0.0524579081684351,player-4,46,33,57,57,player-3,player-4
452,1,17,0.062000006437301636,player-1,13,4,3,5,player-1,player-1
452,2,17,0.05483301356434822,player-2,26,15,12,5,player-2,player-2
452,3,18,0.06687501445412636,player-4,29,18,13,11,player-3,player-4
452,4,17,0.0641250517219305,player-4,32,19,19,16,player-4,player-4
452,5,17,0.04633399657905102,player-1,34,23,20,17,player-1,player-1
452,6,19,0.07066596299409866,player-4,38,25,27,22,player-2,player-4
452,7,17,0.06074993871152401,player-3,42,25,31,24,player-3,player-3
452,8,18,0.06795884110033512,player-1,44,29,31,27,player-4,player-1
452,9,17,0.05795923061668873,player-1,45,31,37,29,player-1,player-1
452,10,17,0.05383300594985485,player-2,47,36,37,31,player-2,player-2
452,11,17,0.05937507376074791,player-3,53,36,41,36,player-3,player-3
452,12,18,0.06062490865588188,player-1,54,40,45,40,player-4,player-1
452,13,18,0.05550007335841656,player-2,60,48,51,41,player-1,player-2
453,1,19,0.06479094736278057,player-1,1,0,6,1,player-3,player-1
453,2,17,0.06854208186268806,player-4,12,6,8,7,player-4,player-4
453,3,18,0.059499870985746384,player-2,19,11,13,7,player-1,player-2
453,4,18,0.05216686986386776,player-3,23,17,19,7,player-2,player-3
453,5,18,0.04970794543623924,player-4,24,17,19,10,player-3,player-4
453,6,17,0.055958982557058334,player-4,26,24,19,15,player-4,player-4
453,7,17,0.05691614933311939,player-1,34,29,21,15,player-1,player-1
453,8,19,0.1080420333892107,player-4,41,31,33,18,player-2,player-4
453,9,17,0.06474996916949749,player-3,45,40,42,27,player-3,player-3
453,10,17,0.05087512545287609,player-4,47,45,48,35,player-4,player-4
453,11,17,0.05075009539723396,player-1,55,51,51,39,player-1,player-1
454,1,18,0.049040885642170906,player-1,10,4,4,4,player-4,player-1
454,2,17,0.04891701973974705,player-1,17,4,4,10,player-1,player-1
454,3,31,0.05845795385539532,none,20,6,5,13,player-2,none
454,4,17,0.055374810472130775,player-3,20,12,11,17,player-3,player-3
454,5,17,0.05145790055394173,player-4,23,16,19,22,player-4,player-4
454,6,17,0.05250005051493645,player-1,27,16,25,24,player-1,player-1
454,7,21,0.06070896051824093,player-2,28,19,27,27,player-2,player-2
454,8,19,0.06524985656142235,player-1,31,21,28,29,player-3,player-1
454,9,17,0.04650000482797623,player-4,35,21,34,34,player-4,player-4
454,10,17,0.06095808930695057,player-1,44,21,35,37,player-1,player-1
454,11,21,0.05483301356434822,player-2,44,30,37,39,player-2,player-2
454,12,19,0.04616612568497658,player-1,49,32,41,40,player-3,player-1
454,13,17,0.047416891902685165,player-4,53,33,42,42,player-4,player-4
454,14,21,0.0742089468985796,player-1,56,45,42,42,player-1,player-1
454,15,17,0.06295787170529366,player-2,59,53,43,42,player-2,player-2
455,1,17,0.060625141486525536,player-1,3,2,4,1,player-1,player-1
455,2,18,0.056541990488767624,player-3,7,8,17,9,player-2,player-3
455,3,17,0.058416975662112236,player-3,7,8,21,16,player-3,player-3
455,4,17,0.045582884922623634,player-4,7,8,23,18,player-4,player-4
455,5,18,0.047208042815327644,player-2,10,11,26,21,player-1,player-2
455,6,17,0.04237517714500427,player-2,13,14,29,21,player-2,player-2
455,7,17,0.058374833315610886,player-3,15,18,31,24,player-3,player-3
455,8,19,0.05633290857076645,player-2,20,27,32,26,player-4,player-2
455,9,17,0.059333862736821175,player-1,22,33,39,31,player-1,player-1
455,10,18,0.05954178050160408,player-3,32,46,46,37,player-2,player-3
455,11,18,0.060999998822808266,player-4,36,46,48,47,player-3,player-4
455,12,18,0.05195802077651024,player-1,39,52,51,52,player-4,player-1
456,1,17,0.05045812577009201,player-4,3,5,4,9,player-4,player-4
456,2,18,0.06929202936589718,player-2,8,7,11,14,player-1,player-2
456,3,18,0.04629185423254967,player-3,8,8,17,18,player-2,player-3
456,4,23,0.05908380262553692,player-1,16,14,19,19,player-3,player-1
456,5,17,0.05829101428389549,player-4,16,21,23,24,player-4,player-4
456,6,18,0.04449998959898949,player-2,18,23,25,29,player-1,player-2
456,7,18,0.05066697485744953,player-3,20,24,26,31,player-2,player-3
456,8,17,0.05925004370510578,player-3,23,28,39,32,player-3,player-3
456,9,20,0.061959028244018555,player-3,27,30,40,38,player-4,player-3
456,10,17,0.05300017073750496,player-1,37,35,44,44,player-1,player-1
456,11,18,0.06341608241200447,player-3,41,37,47,48,player-2,player-3
456,12,19,0.05645886994898319,player-1,49,39,51,52,player-3,player-1
457,1,17,0.06808317266404629,player-4,0,4,8,8,player-4,player-4
457,2,17,0.05229096859693527,player-1,4,6,9,8,player-1,player-1
457,3,17,0.05895807407796383,player-2,12,8,13,10,player-2,player-2
457,4,18,0.054167117923498154,player-4,16,12,20,14,player-3,player-4
457,5,20,0.05966704338788986,player-3,19,12,31,18,player-4,player-3
457,6,17,0.0675420742481947,player-1,22,15,36,21,player-1,player-1
457,7,18,0.04870886914432049,player-3,27,17,39,23,player-2,player-3
457,8,17,0.04800013266503811,player-3,35,23,46,25,player-3,player-3
457,9,23,0.05433312617242336,player-2,35,26,51,30,player-4,player-2
457,10,18,0.06066705100238323,player-2,39,31,54,33,player-1,player-2
457,11,18,0.04800013266503811,player-3,40,35,57,36,player-2,player-3
457,12,17,0.05925004370510578,player-3,43,41,59,41,player-3,player-3
458,1,20,0.06183306686580181,player-1,4,3,0,1,player-2,player-1
458,2,20,0.06729201413691044,player-2,6,9,4,5,player-3,player-2
458,3,17,0.051291193813085556,player-4,8,11,15,7,player-4,player-4
458,4,23,0.07079099304974079,player-3,11,12,21,9,player-1,player-3
458,5,19,0.05550007335841656,player-4,18,13,27,23,player-2,player-4
458,6,17,0.04979083314538002,player-3,20,16,32,25,player-3,player-3
458,7,18,0.055999960750341415,player-1,23,23,35,31,player-4,player-1
458,8,18,0.04850002005696297,player-2,26,30,37,32,player-1,player-2
458,9,19,0.05591590888798237,player-4,29,34,39,36,player-2,player-4
458,10,18,0.07724994793534279,player-4,33,39,44,44,player-3,player-4
458,11,17,0.04158308729529381,player-4,33,42,44,51,player-4,player-4
458,12,17,0.05224999040365219,player-1,48,48,45,54,player-1,player-1
459,1,17,0.059582991525530815,player-3,8,1,11,6,player-3,player-3
459,2,19,0.05237502045929432,player-2,8,5,12,9,player-4,player-2
459,3,17,0.09008310735225677,player-1,10,11,14,20,player-1,player-1
459,4,17,0.05308305844664574,player-2,13,20,19,27,player-2,player-2
459,5,17,0.04812516272068024,player-3,15,24,22,28,player-3,player-3
459,6,17,0.05479087121784687,player-4,17,27,22,28,player-4,player-4
459,7,17,0.05137501284480095,player-1,25,30,27,28,player-1,player-1
459,8,17,0.04712515510618687,player-2,29,32,27,31,player-2,player-2
459,9,23,0.07045804522931576,player-1,35,38,32,38,player-3,player-1
459,10,18,0.05283299833536148,player-1,40,41,32,45,player-4,player-1
459,11,21,0.07037492468953133,player-1,45,50,37,65,player-1,player-1
460,1,18,0.0538751482963562,player-4,2,3,6,2,player-3,player-4
460,2,22,0.06962497718632221,player-1,10,12,16,12,player-4,player-1
460,3,18,0.05583302117884159,player-2,18,19,22,15,player-1,player-2
460,4,18,0.059416983276605606,player-3,20,23,29,24,player-2,player-3
460,5,18,0.06304099224507809,player-4,26,28,36,31,player-3,player-4
460,6,17,0.04720780998468399,player-4,28,29,36,39,player-4,player-4
460,7,17,0.059042125940322876,player-1,29,31,39,39,player-1,player-1
460,8,19,0.06179208867251873,player-4,32,34,42,48,player-2,player-4
460,9,18,0.0503340270370245,player-4,38,38,47,51,player-3,player-4
460,10,18,0.061583006754517555,player-1,45,44,48,62,player-4,player-1
461,1,17,0.05437503568828106,player-4,6,5,8,3,player-4,player-4
461,2,18,0.05925004370510578,player-2,13,10,13,6,player-1,player-2
461,3,17,0.051833223551511765,player-2,15,13,16,12,player-2,player-2
461,4,21,0.05579087883234024,player-3,15,16,23,15,player-3,player-3
461,5,17,0.06125005893409252,player-4,20,16,28,22,player-4,player-4
461,6,19,0.05587493069469929,player-3,20,23,31,23,player-1,player-3
461,7,20,0.05620787851512432,player-1,20,26,44,25,player-2,player-1
461,8,19,0.07075001485645771,player-1,32,28,50,31,player-3,player-1
461,9,19,0.05654105916619301,player-2,39,32,54,35,player-4,player-2
461,10,19,0.061791855841875076,player-3,47,39,63,44,player-1,player-3
462,1,18,0.06308290176093578,player-1,6,3,7,10,player-4,player-1
462,2,17,0.048459041863679886,player-1,7,6,9,12,player-1,player-1
462,3,17,0.060542020946741104,player-2,13,10,16,20,player-2,player-2
462,4,17,0.04066689871251583,player-3,15,13,20,21,player-3,player-3
462,5,17,0.04833401180803776,player-4,19,15,24,26,player-4,player-4
462,6,19,0.05704117938876152,player-3,21,20,30,29,player-1,player-3
462,7,17,0.04254188388586044,player-2,27,22,33,33,player-2,player-2
462,8,17,0.05829101428389549,player-3,33,25,47,33,player-3,player-3
462,9,22,0.07254118099808693,player-1,33,32,47,43,player-4,player-1
462,10,19,0.059125013649463654,player-3,35,38,50,48,player-1,player-3
462,11,18,0.054582953453063965,player-3,35,38,55,55,player-2,player-3
462,12,17,0.06208289414644241,player-3,40,40,62,64,player-3,player-3
463,1,18,0.0728340819478035,player-3,5,12,1,0,player-2,player-3
463,2,18,0.05537504330277443,player-4,7,19,6,1,player-3,player-4
463,3,18,0.0563750509172678,player-1,9,21,10,2,player-4,player-1
463,4,17,0.051541952416300774,player-1,18,21,19,10,player-1,player-1
463,5,17,0.05879206582903862,player-2,26,30,25,17,player-2,player-2
463,6,19,0.06345799192786217,player-1,34,34,32,19,player-3,player-1
463,7,17,0.056958990171551704,player-4,34,36,42,22,player-4,player-4
463,8,17,0.0514171551913023,player-1,40,44,42,28,player-1,player-1
463,9,17,0.05379202775657177,player-2,40,49,43,31,player-2,player-2
463,10,20,0.05708308890461922,player-2,48,50,51,33,player-3,player-2
463,11,17,0.045791035518050194,player-4,50,52,56,37,player-4,player-4
464,1,17,0.06783404387533665,player-2,1,4,5,6,player-2,player-2
464,2,17,0.08362508378922939,player-3,11,7,17,10,player-3,player-3
464,3,24,0.05950010381639004,player-3,17,9,22,17,player-4,player-3
464,4,25,0.05445792339742184,none,20,11,24,17,player-1,none
464,5,18,0.05791615694761276,player-3,24,15,30,19,player-2,player-3
464,6,17,0.05487515591084957,player-3,24,17,33,23,player-3,player-3
464,7,25,0.07145898416638374,player-4,28,19,34,35,player-4,player-4
464,8,17,0.059416983276605606,player-1,30,25,41,45,player-1,player-1
464,9,17,0.05554105155169964,player-2,30,31,48,54,player-2,player-2
464,10,17,0.08674990385770798,player-3,33,33,56,58,player-3,player-3
464,11,18,0.06591598503291607,player-1,39,37,61,61,player-4,player-1
465,1,17,0.06391690112650394,player-1,2,3,3,0,player-1,player-1
465,2,18,0.04679197445511818,player-3,3,9,9,4,player-2,player-3
465,3,17,0.04695798270404339,player-3,5,11,11,4,player-3,player-3
465,4,26,0.06570806726813316,none,8,11,14,10,player-4,none
465,5,17,0.0499160960316658,player-1,10,16,16,18,player-1,player-1
465,6,17,0.0499580055475235,player-2,13,21,20,18,player-2,player-2
465,7,17,0.05250005051493645,player-3,14,27,23,20,player-3,player-3
465,8,19,0.048625050112605095,player-2,15,31,27,22,player-4,player-2
465,9,19,0.05579204298555851,player-3,17,37,31,27,player-1,player-3
465,10,19,0.05870801396667957,player-4,20,46,35,37,player-2,player-4
465,11,17,0.04724995233118534,player-3,22,46,39,40,player-3,player-3
465,12,17,0.043625012040138245,player-4,26,49,40,45,player-4,player-4
465,13,18,0.060125021263957024,player-2,35,60,48,50,player-1,player-2
466,1,17,0.06141606718301773,player-1,5,5,3,2,player-1,player-1
466,2,18,0.04787510260939598,player-3,10,7,3,8,player-2,player-3
466,3,17,0.05079200491309166,player-3,11,13,7,11,player-3,player-3
466,4,19,0.06008311174809933,player-2,15,21,9,14,player-4,player-2
466,5,18,0.06554205901920795,player-2,19,27,13,14,player-1,player-2
466,6,17,0.05208398215472698,player-2,22,30,15,16,player-2,player-2
466,7,21,0.08141598664224148,player-3,22,33,25,19,player-3,player-3
466,8,17,0.0666249543428421,player-4,24,36,27,27,player-4,player-4
466,9,17,0.042999861761927605,player-1,25,36,30,28,player-1,player-1
466,10,17,0.056833960115909576,player-2,29,42,34,31,player-2,player-2
466,11,17,0.05787494592368603,player-3,32,45,40,36,player-3,player-3
466,12,17,0.07362500764429569,player-4,36,51,50,38,player-4,player-4
466,13,17,0.05670893006026745,player-1,45,60,59,41,player-1,player-1
467,1,17,0.05729217082262039,player-1,4,4,2,4,player-1,player-1
467,2,18,0.0439169816672802,player-3,6,8,6,7,player-2,player-3
467,3,17,0.061959028244018555,player-3,10,17,12,14,player-3,player-3
467,4,17,0.04895799793303013,player-4,16,20,18,20,player-4,player-4
467,5,17,0.053041847422719,player-1,19,25,26,20,player-1,player-1
467,6,17,0.06095808930695057,player-2,24,30,29,26,player-2,player-2
467,7,20,0.058999983593821526,player-2,32,33,34,27,player-3,player-2
467,8,22,0.05675014108419418,player-1,38,40,34,34,player-4,player-1
467,9,17,0.045000109821558,player-1,43,42,39,39,player-1,player-1
467,10,17,0.06350013427436352,player-2,46,46,46,42,player-2,player-2
467,11,18,0.04483293741941452,player-4,46,48,48,47,player-3,player-4
467,12,21,0.062374863773584366,player-4,46,50,49,51,player-4,player-4
468,1,17,0.052582938224077225,player-3,0,6,4,0,player-3,player-3
468,2,18,0.05562487058341503,player-1,5,12,17,2,player-4,player-1
468,3,17,0.06395787931978703,player-1,17,12,22,10,player-1,player-1
468,4,17,0.056042103096842766,player-2,25,17,24,14,player-2,player-2
468,5,17,0.03770901821553707,player-3,27,17,30,14,player-3,player-3
468,6,17,0.05587516352534294,player-4,32,17,32,21,player-4,player-4
468,7,17,0.05375011824071407,player-1,44,20,41,25,player-1,player-1
468,8,18,0.04654191434383392,player-3,44,25,47,26,player-2,player-3
468,9,18,0.05487492308020592,player-4,53,31,55,28,player-3,player-4
469,1,27,0.049582915380597115,none,1,0,2,3,player-1,none
469,2,22,0.05579204298555851,player-3,4,2,2,7,player-2,player-3
469,3,17,0.06208312697708607,player-3,8,10,6,16,player-3,player-3
469,4,18,0.06312504410743713,player-1,17,10,11,20,player-4,player-1
469,5,17,0.06579188629984856,player-1,18,14,12,24,player-1,player-1
469,6,18,0.048791058361530304,player-3,28,14,16,31,player-2,player-3
469,7,26,0.07104105316102505,player-4,34,18,18,47,player-3,player-4
469,8,17,0.04541710950434208,player-4,36,19,20,50,player-4,player-4
469,9,22,0.060957856476306915,player-2,43,23,28,53,player-1,player-2
469,10,17,0.04766578786075115,player-2,49,23,34,54,player-2,player-2
469,11,22,0.05016685463488102,none,52,25,35,57,player-3,none
469,12,19,0.06487499922513962,player-2,56,32,42,62,player-4,player-2
469,13,17,0.05233311094343662,player-1,61,34,42,63,player-1,player-1
470,1,26,0.08725002408027649,player-1,0,5,2,6,player-4,player-1
470,2,17,0.06233295425772667,player-1,14,7,9,6,player-1,player-1
470,3,20,0.07145898416638374,player-1,27,8,22,17,player-2,player-1
470,4,19,0.05733291618525982,player-1,30,12,25,22,player-3,player-1
470,5,26,0.05179084837436676,none,30,13,27,25,player-4,none
470,6,17,0.04950002767145634,player-1,36,16,27,27,player-1,player-1
470,7,18,0.07904111407697201,player-3,47,27,28,32,player-2,player-3
470,8,17,0.053374795243144035,player-3,47,31,30,37,player-3,player-3
470,9,17,0.053042080253362656,player-4,51,32,32,41,player-4,player-4
470,10,17,0.058125006034970284,player-1,59,32,35,46,player-1,player-1
470,11,27,0.0724580604583025,player-4,62,36,35,56,player-2,player-4
470,12,18,0.04229182377457619,player-4,63,38,39,62,player-3,player-4
471,1,19,0.055999960750341415,player-2,8,0,2,2,player-4,player-2
471,2,17,0.05129189230501652,player-1,10,5,5,10,player-1,player-1
471,3,17,0.041250139474868774,player-2,14,13,8,10,player-2,player-2
471,4,21,0.06812508217990398,player-3,16,23,14,10,player-3,player-3
471,5,19,0.06325007416307926,player-2,20,26,24,17,player-4,player-2
471,6,31,0.0766250304877758,player-3,27,29,28,17,player-1,player-3
471,7,19,0.06787502206861973,player-4,28,31,33,28,player-2,player-4
471,8,18,0.05458318628370762,player-4,31,32,38,36,player-3,player-4
471,9,17,0.05270796827971935,player-4,34,35,42,43,player-4,player-4
471,10,17,0.04591699689626694,player-1,36,36,46,43,player-1,player-1
471,11,18,0.0624160747975111,player-3,39,43,47,46,player-2,player-3
471,12,17,0.06837514229118824,player-3,43,52,49,46,player-3,player-3
471,13,17,0.05966611206531525,player-4,45,55,52,54,player-4,player-4
472,1,17,0.048832967877388,player-1,6,3,6,9,player-1,player-1
472,2,17,0.050667207688093185,player-2,9,5,6,12,player-2,player-2
472,3,19,0.05616690032184124,player-1,14,9,13,14,player-3,player-1
472,4,18,0.05479203537106514,player-1,17,9,18,17,player-4,player-1
472,5,17,0.045084161683917046,player-1,23,12,18,20,player-1,player-1
472,6,25,0.058999983593821526,none,25,19,20,22,player-2,none
472,7,18,0.04533398896455765,player-4,25,24,22,26,player-3,player-4
472,8,17,0.06433390080928802,player-4,32,33,23,27,player-4,player-4
472,9,18,0.04570791497826576,player-2,33,33,26,31,player-1,player-2
472,10,17,0.06429082714021206,player-2,42,42,28,32,player-2,player-2
472,11,17,0.061208149418234825,player-3,49,44,36,36,player-3,player-3
472,12,18,0.051208073273301125,player-1,52,48,38,39,player-4,player-1
472,13,17,0.05312496796250343,player-1,54,48,45,43,player-1,player-1
472,14,26,0.07079099304974079,player-3,55,51,56,46,player-2,player-3
473,1,17,0.0474581029266119,player-3,0,2,6,4,player-3,player-3
473,2,18,0.062374863773584366,player-1,6,6,9,7,player-4,player-1
473,3,17,0.05983305163681507,player-1,8,15,15,16,player-1,player-1
473,4,17,0.06125005893409252,player-2,11,17,17,21,player-2,player-2
473,5,19,0.04829093813896179,player-1,18,17,26,27,player-3,player-1
473,6,18,0.046791043132543564,player-1,22,17,32,33,player-4,player-1
473,7,17,0.07058284245431423,player-1,27,20,41,39,player-1,player-1
473,8,17,0.05641602911055088,player-2,36,22,46,39,player-2,player-2
473,9,24,0.07683294825255871,player-2,39,24,51,43,player-3,player-2
473,10,17,0.06325007416307926,player-4,39,36,58,44,player-4,player-4
473,11,17,0.06408314220607281,player-1,40,43,60,46,player-1,player-1
474,1,17,0.0705420970916748,player-4,2,2,0,3,player-4,player-4
474,2,17,0.06929202936589718,player-1,17,2,2,7,player-1,player-1
474,3,19,0.05629099905490875,player-4,20,2,6,10,player-2,player-4
474,4,19,0.05645793862640858,player-1,27,6,9,11,player-3,player-1
474,5,18,0.06316718645393848,player-1,31,12,16,15,player-4,player-1
474,6,17,0.04533398896455765,player-1,35,16,16,21,player-1,player-1
474,7,17,0.05566701292991638,player-2,37,22,19,25,player-2,player-2
474,8,17,0.05437503568828106,player-3,37,22,30,25,player-3,player-3
474,9,18,0.05120900459587574,player-1,37,24,30,30,player-4,player-1
474,10,17,0.04379195161163807,player-1,41,25,34,34,player-1,player-1
474,11,17,0.06070896051824093,player-2,41,30,38,34,player-2,player-2
474,12,17,0.04383292980492115,player-3,41,35,39,36,player-3,player-3
474,13,17,0.04516704939305782,player-4,44,38,39,36,player-4,player-4
474,14,19,0.05204114131629467,player-3,48,44,40,38,player-1,player-3
474,15,18,0.05050003528594971,player-3,52,45,41,40,player-2,player-3
474,16,17,0.07491698488593102,player-3,57,52,52,46,player-3,player-3
475,1,19,0.08083297871053219,player-4,4,0,13,4,player-2,player-4
475,2,17,0.04687509499490261,player-3,7,4,16,4,player-3,player-3
475,3,18,0.053791794925928116,player-1,9,7,17,8,player-4,player-1
475,4,23,0.07499987259507179,player-3,17,14,21,9,player-1,player-3
475,5,19,0.06183306686580181,player-4,19,17,28,13,player-2,player-4
475,6,22,0.07258402183651924,player-4,21,27,28,24,player-3,player-4
475,7,17,0.05337502807378769,player-4,24,32,38,27,player-4,player-4
475,8,17,0.07112487219274044,player-1,31,36,42,31,player-1,player-1
475,9,25,0.07399986498057842,player-2,36,39,44,32,player-2,player-2
475,10,17,0.061542028561234474,player-3,42,43,54,35,player-3,player-3
475,11,17,0.0577080063521862,player-4,44,52,54,37,player-4,player-4
475,12,19,0.04316703416407108,player-3,45,53,60,38,player-1,player-3
476,1,18,0.04974985495209694,player-1,10,6,0,10,player-4,player-1
476,2,17,0.04000007174909115,player-1,15,10,0,11,player-1,player-1
476,3,17,0.06008287891745567,player-2,22,16,2,14,player-2,player-2
476,4,17,0.059999991208314896,player-3,25,24,5,14,player-3,player-3
476,5,17,0.059542013332247734,player-4,29,26,5,21,player-4,player-4
476,6,18,0.05395803600549698,player-2,33,36,9,23,player-1,player-2
476,7,17,0.051999930292367935,player-2,41,42,18,23,player-2,player-2
476,8,17,0.04416704177856445,player-3,43,44,22,25,player-3,player-3
476,9,17,0.0475000124424696,player-4,48,44,30,33,player-4,player-4
476,10,17,0.05645793862640858,player-1,56,50,34,36,player-1,player-1
476,11,20,0.05558389239013195,player-1,71,51,34,39,player-2,player-1
477,1,19,0.058791134506464005,player-1,3,0,4,2,player-3,player-1
477,2,20,0.05779089406132698,none,6,4,10,2,player-4,none
477,3,20,0.05150004290044308,player-4,7,7,13,8,player-1,player-4
477,4,19,0.055208103731274605,player-4,7,9,16,14,player-2,player-4
477,5,18,0.0538751482963562,player-4,15,9,26,18,player-3,player-4
477,6,18,0.051791081205010414,player-1,25,14,35,19,player-4,player-1
477,7,17,0.057582976296544075,player-1,34,14,39,22,player-1,player-1
477,8,21,0.04137493669986725,none,39,18,39,22,player-2,none
477,9,18,0.06079208105802536,player-4,41,21,43,34,player-3,player-4
477,10,18,0.052167102694511414,player-1,44,33,43,36,player-4,player-1
477,11,23,0.07449998520314693,player-3,48,35,48,45,player-1,player-3
477,12,17,0.06858399137854576,player-2,55,48,53,47,player-2,player-2
478,1,17,0.05045789293944836,player-2,3,6,4,7,player-2,player-2
478,2,18,0.05183299072086811,player-4,5,7,9,8,player-3,player-4
478,3,27,0.05587493069469929,none,5,13,13,8,player-4,none
478,4,17,0.055999960750341415,player-1,7,15,18,15,player-1,player-1
478,5,17,0.04666694439947605,player-2,7,22,20,19,player-2,player-2
478,6,16,0.034207943826913834,none,14,24,20,19,player-3,none
478,7,19,0.04587508738040924,player-2,15,31,20,21,player-4,player-2
478,8,17,0.041624996811151505,player-1,20,31,20,22,player-1,player-1
478,9,18,0.05983398295938969,player-3,23,35,25,25,player-2,player-3
478,10,17,0.06420793943107128,player-3,25,40,29,28,player-3,player-3
478,11,17,0.0577080063521862,player-4,33,48,38,34,player-4,player-4
478,12,21,0.06641587242484093,player-1,41,48,38,41,player-1,player-1
478,13,17,0.06745802238583565,player-2,46,54,40,48,player-2,player-2
479,1,18,0.04566693678498268,player-1,4,3,4,4,player-4,player-1
479,2,17,0.05875015631318092,player-1,11,6,7,10,player-1,player-1
479,3,17,0.04904181696474552,player-2,16,8,7,13,player-2,player-2
479,4,20,0.04537496715784073,player-2,16,15,11,13,player-3,player-2
479,5,18,0.04266691394150257,player-1,20,15,13,15,player-4,player-1
479,6,17,0.05329190753400326,player-1,22,18,13,16,player-1,player-1
479,7,18,0.06291712634265423,player-3,32,18,14,20,player-2,player-3
479,8,17,0.056459102779626846,player-3,37,18,22,23,player-3,player-3
479,9,18,0.05570799112319946,player-1,41,20,23,32,player-4,player-1
479,10,17,0.036999816074967384,player-1,43,20,27,33,player-1,player-1
479,11,17,0.058999983593821526,player-2,48,29,28,40,player-2,player-2
479,12,18,0.04987488500773907,player-4,48,34,34,43,player-3,player-4
479,13,18,0.08245790377259254,player-1,51,42,36,51,player-4,player-1
479,14,19,0.07299985736608505,player-3,54,54,37,57,player-1,player-3
480,1,17,0.04462478682398796,player-2,2,6,2,0,player-2,player-2
480,2,17,0.07204106077551842,player-3,9,7,17,0,player-3,player-3
480,3,17,0.0652919989079237,player-4,12,9,26,12,player-4,player-4
480,4,17,0.04100007936358452,player-1,15,11,26,15,player-1,player-1
480,5,18,0.08625001646578312,player-3,19,19,31,25,player-2,player-3
480,6,18,0.08733314462006092,player-4,26,19,41,31,player-3,player-4
480,7,18,0.05370914004743099,player-1,31,19,41,38,player-4,player-1
480,8,17,0.0627920962870121,player-1,35,30,41,43,player-1,player-1
480,9,21,0.06041605956852436,player-2,36,35,43,49,player-2,player-2
480,10,18,0.06508314982056618,player-4,37,43,45,56,player-3,player-4
480,11,18,0.05866703577339649,player-1,41,50,47,66,player-4,player-1
481,1,17,0.05291705019772053,player-3,0,5,3,1,player-3,player-3
481,2,17,0.055584125220775604,player-4,4,8,3,6,player-4,player-4
481,3,26,0.08129095658659935,player-2,4,22,7,18,player-1,player-2
481,4,23,0.05237502045929432,none,6,31,9,24,player-2,none
481,5,17,0.04429183900356293,player-3,7,33,12,25,player-3,player-3
481,6,17,0.04566693678498268,player-4,10,36,13,36,player-4,player-4
481,7,17,0.052999937906861305,player-1,24,36,16,36,player-1,player-1
481,8,31,0.10037492029368877,player-4,26,41,25,42,player-2,player-4
481,9,17,0.050625065341591835,player-3,28,42,32,42,player-3,player-3
481,10,18,0.042667146772146225,player-1,30,45,36,45,player-4,player-1
481,11,17,0.04449998959898949,player-1,35,47,38,45,player-1,player-1
481,12,18,0.05070795305073261,player-3,36,51,40,48,player-2,player-3
481,13,17,0.051625072956085205,player-3,36,56,47,48,player-3,player-3
482,1,18,0.05354220047593117,player-3,5,4,4,0,player-2,player-3
482,2,17,0.057374825701117516,player-3,8,10,9,4,player-3,player-3
482,3,17,0.05766586400568485,player-4,12,10,9,13,player-4,player-4
482,4,17,0.06441609002649784,player-1,17,10,12,20,player-1,player-1
482,5,17,0.05333311855792999,player-2,24,16,14,20,player-2,player-2
482,6,17,0.053666066378355026,player-3,24,20,15,20,player-3,player-3
482,7,17,0.05083298310637474,player-4,25,20,19,22,player-4,player-4
482,8,21,0.06429199129343033,none,27,20,26,22,player-1,none
482,9,17,0.06779097020626068,player-2,32,28,33,32,player-2,player-2
482,10,17,0.05037500523030758,player-3,37,28,36,35,player-3,player-3
482,11,18,0.05466700531542301,player-1,38,38,42,36,player-4,player-1
482,12,18,0.04916614852845669,player-2,42,43,48,39,player-1,player-2
482,13,17,0.04729093052446842,player-2,45,45,50,41,player-2,player-2
482,14,17,0.05925004370510578,player-3,45,50,59,45,player-3,player-3
483,1,17,0.062000006437301636,player-4,4,3,0,7,player-4,player-4
483,2,23,0.04570791497826576,none,5,5,6,10,player-1,none
483,3,17,0.04516704939305782,player-2,8,8,11,13,player-2,player-2
483,4,17,0.04487484693527222,player-3,8,14,16,14,player-3,player-3
483,5,17,0.08729100227355957,player-4,21,22,24,21,player-4,player-4
483,6,17,0.05112518556416035,player-1,24,26,30,26,player-1,player-1
483,7,17,0.06079208105802536,player-2,25,33,35,32,player-2,player-2
483,8,19,0.06700004450976849,player-1,26,36,35,32,player-3,player-1
483,9,17,0.058374833315610886,player-4,30,38,38,35,player-4,player-4
483,10,17,0.05104183219373226,player-1,34,40,40,39,player-1,player-1
483,11,17,0.05691708065569401,player-2,36,49,40,39,player-2,player-2
483,12,17,0.0502921175211668,player-3,42,57,42,43,player-3,player-3
484,1,18,0.0441248994320631,player-1,3,0,2,4,player-4,player-1
484,2,17,0.06204098463058472,player-1,4,0,4,11,player-1,player-1
484,3,18,0.056999968364834785,player-3,4,3,6,17,player-2,player-3
484,4,19,0.06866711191833019,player-1,13,5,11,27,player-3,player-1
484,5,18,0.05675014108419418,player-1,22,13,11,33,player-4,player-1
484,6,17,0.05187513306736946,player-1,23,16,15,34,player-1,player-1
484,7,20,0.057459110394120216,player-1,30,16,20,35,player-2,player-1
484,8,22,0.0780841801315546,player-4,37,16,34,42,player-3,player-4
484,9,18,0.06329105235636234,player-1,45,20,38,49,player-4,player-1
484,10,17,0.04466692917048931,player-1,49,21,41,51,player-1,player-1
484,11,19,0.0566248781979084,player-4,54,26,45,63,player-2,player-4
484,12,18,0.05691614933311939,player-4,56,32,48,71,player-3,player-4
485,1,17,0.051833922043442726,player-1,2,3,2,3,player-1,player-1
485,2,18,0.05808286368846893,player-3,8,11,3,3,player-2,player-3
485,3,17,0.050208065658807755,player-3,12,15,7,3,player-3,player-3
485,4,17,0.06820820271968842,player-4,13,19,9,12,player-4,player-4
485,5,18,0.04654191434383392,player-2,21,24,11,12,player-1,player-2
485,6,17,0.049582915380597115,player-2,23,26,12,16,player-2,player-2
485,7,17,0.041665975004434586,player-3,26,27,15,17,player-3,player-3
485,8,17,0.06383401341736317,player-4,26,36,20,22,player-4,player-4
485,9,17,0.05537504330277443,player-1,30,36,26,23,player-1,player-1
485,10,18,0.05966587923467159,player-3,37,37,33,23,player-2,player-3
485,11,17,0.050666043534874916,player-3,37,43,40,30,player-3,player-3
485,12,17,0.07762503810226917,player-4,47,45,43,38,player-4,player-4
485,13,17,0.05758390761911869,player-1,59,45,49,38,player-1,player-1
486,1,17,0.05958392284810543,player-3,3,1,18,0,player-3,player-3
486,2,17,0.05508400499820709,player-4,6,4,22,5,player-4,player-4
486,3,18,0.04691700451076031,player-2,6,8,22,7,player-1,player-2
486,4,18,0.05124998278915882,player-3,13,9,31,7,player-2,player-3
486,5,20,0.053416937589645386,player-2,13,16,37,8,player-3,player-2
486,6,18,0.044042011722922325,player-1,18,16,39,10,player-4,player-1
486,7,18,0.04812516272068024,player-2,19,22,43,11,player-1,player-2
486,8,19,0.056042103096842766,player-4,24,24,48,14,player-2,player-4
486,9,17,0.05170819349586964,player-3,25,25,50,16,player-3,player-3
486,10,17,0.05200016312301159,player-4,27,33,53,24,player-4,player-4
486,11,17,0.063000014051795,player-1,28,33,54,28,player-1,player-1
486,12,17,0.05983305163681507,player-2,39,35,62,29,player-2,player-2
487,1,17,0.052167102694511414,player-4,4,0,0,3,player-4,player-4
487,2,17,0.0552500132471323,player-1,10,5,4,9,player-1,player-1
487,3,18,0.04854192957282066,player-3,12,10,6,11,player-2,player-3
487,4,17,0.06320816464722157,player-3,15,13,13,13,player-3,player-3
487,5,19,0.06283307448029518,player-2,17,21,15,16,player-4,player-2
487,6,17,0.059916870668530464,player-1,19,35,19,18,player-1,player-1
487,7,18,0.0488748773932457,player-3,19,37,23,26,player-2,player-3
487,8,18,0.06508408114314079,player-4,25,39,27,29,player-3,player-4
487,9,24,0.07670815102756023,player-3,33,42,36,32,player-4,player-3
487,10,19,0.06066705100238323,player-3,39,45,40,34,player-1,player-3
487,11,18,0.05045812577009201,player-3,41,48,45,34,player-2,player-3
487,12,19,0.055584125220775604,player-1,44,57,45,41,player-3,player-1
487,13,24,0.062125036492943764,player-3,44,60,45,43,player-4,player-3
488,1,17,0.05324999801814556,player-1,6,2,2,6,player-1,player-1
488,2,19,0.061499886214733124,player-4,8,3,4,9,player-2,player-4
488,3,27,0.06650015711784363,player-1,10,5,5,11,player-3,player-1
488,4,18,0.05204114131629467,player-1,15,5,7,16,player-4,player-1
488,5,20,0.05391612648963928,player-4,21,6,13,17,player-1,player-4
488,6,17,0.05087489262223244,player-2,26,11,16,21,player-2,player-2
488,7,21,0.05337502807378769,player-3,26,12,24,21,player-3,player-3
488,8,19,0.05233311094343662,player-2,32,22,28,26,player-4,player-2
488,9,22,0.07245899178087711,player-2,40,37,30,26,player-1,player-2
488,10,18,0.050833914428949356,player-3,47,38,32,28,player-2,player-3
488,11,17,0.0499580055475235,player-3,51,41,37,34,player-3,player-3
488,12,17,0.05591590888798237,player-4,53,44,42,47,player-4,player-4
488,13,17,0.05604187026619911,player-1,64,51,51,57,player-1,player-1
489,1,17,0.06095808930695057,player-3,3,7,4,5,player-3,player-3
489,2,17,0.0668747816234827,player-4,5,13,9,6,player-4,player-4
489,3,17,0.04083290696144104,player-1,13,16,10,6,player-1,player-1
489,4,20,0.05512498319149017,player-1,17,20,10,8,player-2,player-1
489,5,17,0.04454213194549084,player-3,18,28,14,10,player-3,player-3
489,6,18,0.057040946558117867,player-1,23,33,14,13,player-4,player-1
489,7,18,0.04912493750452995,player-2,27,36,14,15,player-1,player-2
489,8,19,0.05587493069469929,player-4,31,42,20,20,player-2,player-4
489,9,19,0.058833975344896317,player-1,34,42,20,25,player-3,player-1
489,10,17,0.056374818086624146,player-4,43,45,24,27,player-4,player-4
489,11,18,0.06729084998369217,player-2,46,53,28,28,player-1,player-2
489,12,17,0.1271250657737255,player-2,52,69,32,31,player-2,player-2
490,1,19,0.08216709829866886,player-1,1,5,3,0,player-3,player-1
490,2,25,0.06825011223554611,player-4,4,11,8,6,player-4,player-4
490,3,17,0.06929109804332256,player-1,14,14,16,7,player-1,player-1
490,4,18,0.05629099905490875,player-3,15,18,21,12,player-2,player-3
490,5,17,0.06408290937542915,player-3,23,21,33,12,player-3,player-3
490,6,17,0.05854107439517975,player-4,26,21,38,20,player-4,player-4
490,7,17,0.05529192276299,player-1,35,25,42,20,player-1,player-1
490,8,21,0.05037500523030758,player-2,35,39,46,25,player-2,player-2
490,9,17,0.06812484934926033,player-3,43,44,50,29,player-3,player-3
490,10,17,0.05570799112319946,player-4,46,47,59,38,player-4,player-4
491,1,17,0.059416983276605606,player-1,3,1,6,10,player-1,player-1
491,2,17,0.05495804361999035,player-2,4,5,6,17,player-2,player-2
491,3,17,0.07183314301073551,player-3,10,9,8,22,player-3,player-3
491,4,17,0.04624994471669197,player-4,11,12,10,29,player-4,player-4
491,5,17,0.05208305083215237,player-1,16,21,10,37,player-1,player-1
491,6,17,0.053416937589645386,player-2,17,30,12,41,player-2,player-2
491,7,17,0.04900014027953148,player-3,18,38,19,43,player-3,player-3
491,8,19,0.04624994471669197,player-2,20,41,23,44,player-4,player-2
491,9,23,0.058957841247320175,player-3,21,50,27,46,player-1,player-3
491,10,18,0.058999983593821526,player-3,25,59,31,50,player-2,player-3
492,1,17,0.06433296948671341,player-1,2,2,0,2,player-1,player-1
492,2,17,0.062499893829226494,player-2,4,17,4,6,player-2,player-2
492,3,17,0.04941597580909729,player-3,5,22,10,8,player-3,player-3
492,4,17,0.057416968047618866,player-4,6,28,12,15,player-4,player-4
492,5,22,0.08337502367794514,player-2,11,40,20,24,player-1,player-2
492,6,21,0.06287498399615288,player-2,17,45,24,25,player-2,player-2
492,7,19,0.05687493830919266,player-1,30,47,29,26,player-3,player-1
492,8,20,0.08312519639730453,player-3,36,54,38,29,player-4,player-3
492,9,18,0.04983297549188137,player-2,36,58,40,31,player-1,player-2
492,10,18,0.06975000724196434,player-3,49,64,52,31,player-2,player-3
493,1,17,0.05587493069469929,player-3,2,6,2,4,player-3,player-3
493,2,17,0.04966696724295616,player-4,6,12,6,7,player-4,player-4
493,3,17,0.06120908074080944,player-1,14,15,11,10,player-1,player-1
493,4,20,0.05570799112319946,player-1,28,19,12,12,player-2,player-1
493,5,17,0.04595797508955002,player-3,31,22,20,16,player-3,player-3
493,6,17,0.04987511783838272,player-4,39,33,20,16,player-4,player-4
493,7,17,0.0539170578122139,player-1,41,38,25,23,player-1,player-1
493,8,17,0.056541990488767624,player-2,45,41,27,28,player-2,player-2
493,9,18,0.05108397454023361,player-4,45,44,32,34,player-3,player-4
493,10,17,0.04512513987720013,player-4,49,46,32,38,player-4,player-4
493,11,18,0.055165961384773254,player-2,53,55,32,41,player-1,player-2
493,12,20,0.10058307088911533,player-1,67,58,36,45,player-2,player-1
494,1,17,0.052167102694511414,player-1,12,1,1,2,player-1,player-1
494,2,17,0.06337487138807774,player-2,12,6,4,2,player-2,player-2
494,3,17,0.056167133152484894,player-3,13,16,7,2,player-3,player-3
494,4,18,0.04933285526931286,player-1,18,18,8,8,player-4,player-1
494,5,19,0.06258301436901093,player-3,19,23,10,10,player-1,player-3
494,6,17,0.08437503129243851,player-2,25,29,15,12,player-2,player-2
494,7,17,0.06912508979439735,player-3,31,29,19,14,player-3,player-3
494,8,19,0.07141591049730778,player-2,33,38,24,21,player-4,player-2
494,9,18,0.047999899834394455,player-2,36,41,26,26,player-1,player-2
494,10,18,0.046208035200834274,player-3,39,44,33,28,player-2,player-3
494,11,18,0.0853340607136488,player-4,42,54,49,34,player-3,player-4
494,12,19,0.0613329466432333,player-2,50,56,52,42,player-4,player-2
495,1,17,0.055999960750341415,player-2,0,10,3,1,player-2,player-2
495,2,17,0.0652919989079237,player-3,4,11,14,1,player-3,player-3
495,3,20,0.05087489262223244,player-3,7,12,20,5,player-4,player-3
495,4,17,0.06658397614955902,player-1,13,14,24,7,player-1,player-1
495,5,18,0.05650008097290993,player-3,16,16,30,7,player-2,player-3
495,6,17,0.05687517113983631,player-3,19,19,35,11,player-3,player-3
495,7,19,0.058959005400538445,player-2,21,24,43,12,player-4,player-2
495,8,17,0.05529192276299,player-1,26,27,43,17,player-1,player-1
495,9,22,0.0580840278416872,player-3,27,32,49,19,player-2,player-3
495,10,20,0.055416952818632126,player-2,30,38,52,23,player-3,player-2
495,11,17,0.04312489181756973,player-4,35,38,55,26,player-4,player-4
495,12,19,0.05825003609061241,player-3,41,40,61,31,player-1,player-3
496,1,17,0.05045882426202297,player-2,1,10,5,0,player-2,player-2
496,2,22,0.07233303040266037,player-4,4,16,11,4,player-3,player-4
496,3,17,0.06279186345636845,player-4,11,23,17,13,player-4,player-4
496,4,20,0.05154102109372616,player-4,17,23,19,24,player-1,player-4
496,5,17,0.07058377377688885,player-2,19,31,27,32,player-2,player-2
496,6,21,0.06262515671551228,player-3,27,49,34,34,player-3,player-3
496,7,19,0.05745794624090195,player-2,32,55,34,36,player-4,player-2
496,8,17,0.05433289334177971,player-1,41,59,34,39,player-1,player-1
496,9,20,0.07395795546472073,player-1,56,62,40,43,player-2,player-1
497,1,23,0.05470891483128071,player-1,3,2,3,0,player-3,player-1
497,2,19,0.05349982529878616,player-2,4,6,3,6,player-4,player-2
497,3,18,0.05316687747836113,player-2,9,10,3,12,player-1,player-2
497,4,18,0.04454189911484718,player-3,11,12,8,16,player-2,player-3
497,5,18,0.05337502807378769,player-4,11,14,8,17,player-3,player-4
497,6,21,0.06637489423155785,player-4,16,22,15,18,player-4,player-4
497,7,19,0.063000014051795,player-3,18,25,22,25,player-1,player-3
497,8,19,0.05625002086162567,player-4,21,34,29,34,player-2,player-4
497,9,19,0.06795814260840416,player-1,26,40,35,40,player-3,player-1
497,10,18,0.06499979645013809,player-1,30,40,35,52,player-4,player-1
497,11,17,0.049459049478173256,player-1,40,44,39,54,player-1,player-1
497,12,17,0.06595789454877377,player-2,42,46,47,59,player-2,player-2
498,1,17,0.06295787170529366,player-4,2,1,0,5,player-4,player-4
498,2,19,0.07020891644060612,player-3,3,5,8,8,player-1,player-3
498,3,17,0.0686252024024725,player-2,3,13,13,16,player-2,player-2
498,4,17,0.06729201413691044,player-3,9,16,27,21,player-3,player-3
498,5,17,0.045208027586340904,player-4,10,18,28,31,player-4,player-4
498,6,18,0.05645886994898319,player-2,13,22,31,34,player-1,player-2
498,7,18,0.06404193118214607,player-3,13,25,31,35,player-2,player-3
498,8,17,0.07049995474517345,player-3,17,31,34,35,player-3,player-3
498,9,17,0.05174987018108368,player-4,20,36,40,37,player-4,player-4
498,10,19,0.05387491546571255,player-3,24,39,44,40,player-1,player-3
498,11,18,0.05729217082262039,player-3,24,44,49,43,player-2,player-3
498,12,17,0.0588330440223217,player-3,29,47,56,46,player-3,player-3
498,13,17,0.06874999962747097,player-4,31,50,61,56,player-4,player-4
499,1,22,0.04933285526931286,none,4,2,2,1,player-1,none
499,2,18,0.06595812737941742,player-3,8,10,7,5,player-2,player-3
499,3,18,0.06162491627037525,player-4,11,14,12,9,player-3,player-4
499,4,17,0.06337510421872139,player-4,17,20,15,18,player-4,player-4
499,5,19,0.06495811976492405,player-3,17,23,18,18,player-1,player-3
499,6,19,0.049042049795389175,player-4,22,25,21,27,player-2,player-4
499,7,17,0.06587500683963299,player-3,25,31,25,29,player-3,player-3
499,8,18,0.05579204298555851,player-1,31,35,27,34,player-4,player-1
499,9,17,0.05512498319149017,player-1,33,37,33,34,player-1,player-1
499,10,22,0.08224998600780964,player-3,38,42,35,40,player-2,player-3
499,11,17,0.07200008258223534,player-3,38,48,44,45,player-3,player-3
499,12,19,0.05970802158117294,player-2,40,51,46,48,player-4,player-2
499,13,17,0.06687501445412636,player-1,45,53,49,48,player-1,player-1
500,1,17,0.07620803080499172,player-4,8,3,7,2,player-4,player-4
500,2,22,0.07562502287328243,player-2,9,8,9,4,player-1,player-2
500,3,21,0.06320816464722157,player-2,12,14,11,4,player-2,player-2
500,4,17,0.05541602149605751,player-3,16,17,20,6,player-3,player-3
500,5,20,0.06562494672834873,player-3,21,21,32,7,player-4,player-3
500,6,17,0.05124998278915882,player-1,24,24,35,12,player-1,player-1
500,7,17,0.07400009781122208,player-2,25,32,38,20,player-2,player-2
500,8,22,0.058582983911037445,player-4,25,36,40,29,player-3,player-4
500,9,17,0.062125036492943764,player-4,27,37,44,36,player-4,player-4
500,10,21,0.060959020629525185,player-1,30,40,46,43,player-1,player-1
500,11,18,0.05587493069469929,player-3,34,43,49,47,player-2,player-3
500,12,18,0.06324984133243561,player-4,37,44,52,50,player-3,player-4
500,13,17,0.046208035200834274,player-4,39,47,59,51,player-4,player-4
500,14,19,0.0855419784784317,player-3,46,49,65,54,player-1,player-3
