game num,round num,num_turns,duration (ms),winner,player1 pts,player2 pts,player3 pts,player4 pts,started on set,went out first
1,1,17,0.09795790538191795,player-3,4,4,7,7,player-3,player-3
1,2,19,0.07754191756248474,player-2,9,12,11,11,player-4,player-2
1,3,17,0.06295903585851192,player-1,16,19,15,15,player-1,player-1
1,4,19,0.06199977360665798,player-4,20,23,20,23,player-2,player-4
1,5,17,0.06074993871152401,player-3,24,27,27,30,player-3,player-3
1,6,19,0.0624160747975111,player-2,29,35,31,34,player-4,player-2
1,7,17,0.0577499158680439,player-1,36,42,35,38,player-1,player-1
1,8,19,0.11737504974007607,player-4,40,46,40,46,player-2,player-4
1,9,17,0.06633298471570015,player-3,44,50,47,53,player-3,player-3
2,1,17,0.06758281961083412,player-1,6,5,7,1,player-1,player-1
2,2,19,0.06120791658759117,player-4,6,12,12,4,player-2,player-4
2,3,17,0.05970802158117294,player-3,15,17,16,8,player-3,player-3
2,4,17,0.06229104474186897,player-4,23,19,19,10,player-4,player-4
2,5,17,0.049416907131671906,player-1,31,23,21,14,player-1,player-1
2,6,17,0.05570892244577408,player-2,33,30,23,16,player-2,player-2
2,7,23,0.06391620263457298,player-1,43,31,29,21,player-3,player-1
2,8,18,0.05670799873769283,player-1,49,32,31,21,player-4,player-1
2,9,18,0.04295795224606991,player-2,50,45,31,22,player-1,player-2
2,10,17,0.053042080253362656,player-2,52,53,38,22,player-2,player-2
2,11,17,0.04191696643829346,player-3,54,54,45,22,player-3,player-3
2,12,18,0.06345892325043678,player-1,63,57,49,30,player-4,player-1
3,1,19,0.05075009539723396,player-1,6,3,0,1,player-3,player-1
3,2,17,0.08141715079545975,player-4,6,9,1,12,player-4,player-4
3,3,20,0.05695805884897709,player-4,8,12,1,21,player-1,player-4
3,4,18,0.06237509660422802,player-3,9,16,1,22,player-2,player-3
3,5,17,0.04854099825024605,player-3,11,16,4,25,player-3,player-3
3,6,18,0.05608308129012585,player-1,17,17,14,29,player-4,player-1
3,7,19,0.03954209387302399,none,18,17,15,32,player-1,none
3,8,17,0.06366684101521969,player-2,20,30,17,33,player-2,player-2
3,9,19,0.04587508738040924,player-1,27,35,18,33,player-3,player-1
3,10,17,0.054374802857637405,player-4,36,36,23,40,player-4,player-4
3,11,30,0.06570899859070778,player-2,38,39,25,40,player-1,player-2
3,12,17,0.07179193198680878,player-2,41,49,27,40,player-2,player-2
3,13,17,0.05708308890461922,player-3,44,57,32,42,player-3,player-3
3,14,17,0.07116701453924179,player-4,47,61,36,49,player-4,player-4
4,1,17,0.05187490023672581,player-3,5,2,8,1,player-3,player-3
4,2,22,0.062125036492943764,player-1,9,4,12,2,player-4,player-1
4,3,17,0.055541982874274254,player-1,15,6,19,3,player-1,player-1
4,4,19,0.044625019654631615,player-4,21,7,22,8,player-2,player-4
4,5,20,0.05075009539723396,player-2,23,10,25,9,player-3,player-2
4,6,22,0.07408298552036285,player-1,34,17,37,11,player-4,player-1
4,7,18,0.057374825701117516,player-2,34,23,37,15,player-1,player-2
4,8,23,0.06212480366230011,none,35,26,39,16,player-2,none
4,9,17,0.06083305925130844,player-3,45,37,44,17,player-3,player-3
4,10,17,0.05287490785121918,player-4,45,38,46,26,player-4,player-4
4,11,21,0.05012494511902332,player-1,49,42,48,32,player-1,player-1
4,12,19,0.06829178892076015,player-4,58,47,51,40,player-2,player-4
5,1,21,0.0780418049544096,player-3,5,0,9,0,player-3,player-3
5,2,18,0.05491706542670727,player-1,13,0,12,2,player-4,player-1
5,3,17,0.05004182457923889,player-1,17,2,14,7,player-1,player-1
5,4,17,0.0477498397231102,player-2,17,7,14,11,player-2,player-2
5,5,18,0.05245883949100971,player-4,23,11,23,16,player-3,player-4
5,6,24,0.054958974942564964,player-3,23,14,26,22,player-4,player-3
5,7,20,0.08562509901821613,player-4,28,20,31,30,player-1,player-4
5,8,17,0.04433398135006428,player-2,31,30,34,32,player-2,player-2
5,9,20,0.045666005462408066,player-2,33,38,34,33,player-3,player-2
5,10,17,0.047457870095968246,player-4,33,42,39,43,player-4,player-4
5,11,31,0.07499987259507179,player-3,39,48,43,45,player-1,player-3
5,12,17,0.05950010381639004,player-2,44,52,47,50,player-2,player-2
6,1,17,0.05370797589421272,player-3,6,4,4,4,player-3,player-3
6,2,18,0.055791111662983894,player-1,15,4,13,5,player-4,player-1
6,3,18,0.061125028878450394,player-2,19,5,13,7,player-1,player-2
6,4,17,0.05224999040365219,player-2,22,14,15,13,player-2,player-2
6,5,17,0.04212488420307636,player-3,22,18,20,13,player-3,player-3
6,6,21,0.05470914766192436,player-4,28,22,20,15,player-4,player-4
6,7,18,0.047708163037896156,player-2,29,26,20,18,player-1,player-2
6,8,19,0.04779198206961155,player-4,32,27,22,23,player-2,player-4
6,9,18,0.05112495273351669,player-4,36,27,24,25,player-3,player-4
6,10,23,0.06458396092057228,player-2,38,34,28,31,player-4,player-2
6,11,17,0.055042095482349396,player-1,43,34,30,40,player-1,player-1
6,12,19,0.05441717803478241,player-4,48,40,40,51,player-2,player-4
6,13,18,0.0654999166727066,player-4,48,40,43,59,player-3,player-4
6,14,18,0.05387491546571255,player-1,57,51,45,62,player-4,player-1
7,1,18,0.054625095799565315,player-2,8,1,2,1,player-1,player-2
7,2,24,0.06708293221890926,player-1,12,4,6,5,player-2,player-1
7,3,17,0.051625072956085205,player-3,16,6,8,10,player-3,player-3
7,4,17,0.054666073992848396,player-4,22,7,12,11,player-4,player-4
7,5,17,0.046999892219901085,player-1,33,8,21,15,player-1,player-1
7,6,18,0.04870793782174587,player-3,35,11,33,18,player-2,player-3
7,7,17,0.05229213275015354,player-3,37,15,38,20,player-3,player-3
7,8,17,0.05991593934595585,player-4,40,15,45,22,player-4,player-4
7,9,17,0.06008287891745567,player-1,44,20,45,25,player-1,player-1
7,10,17,0.050999922677874565,player-2,47,23,47,26,player-2,player-2
7,11,18,0.0563750509172678,player-4,49,23,50,33,player-3,player-4
7,12,18,0.058416975662112236,player-1,57,31,50,37,player-4,player-1
8,1,20,0.04654098302125931,player-3,3,3,5,6,player-4,player-3
8,2,17,0.06512505933642387,player-1,9,5,10,14,player-1,player-1
8,3,18,0.06466591730713844,player-3,15,7,13,17,player-2,player-3
8,4,18,0.059542013332247734,player-4,22,12,17,28,player-3,player-4
8,5,17,0.048042042180895805,player-4,25,14,19,36,player-4,player-4
8,6,21,0.06079091690480709,player-1,33,16,19,40,player-1,player-1
8,7,17,0.04979199729859829,player-2,33,21,19,40,player-2,player-2
8,8,18,0.055459095165133476,player-4,34,24,20,41,player-3,player-4
8,9,21,0.05420902743935585,player-4,35,27,27,42,player-4,player-4
8,10,17,0.04291580989956856,player-1,41,29,29,45,player-1,player-1
8,11,17,0.06337487138807774,player-2,44,34,33,49,player-2,player-2
8,12,21,0.05045812577009201,none,47,34,36,54,player-3,none
8,13,18,0.056582968682050705,player-1,50,38,42,55,player-4,player-1
8,14,17,0.05966704338788986,player-1,51,38,50,63,player-1,player-1
9,1,18,0.05104183219373226,player-4,4,4,3,4,player-3,player-4
9,2,26,0.06537511944770813,player-1,8,14,3,6,player-4,player-1
9,3,18,0.05470891483128071,player-2,11,20,3,10,player-1,player-2
9,4,18,0.059416983276605606,player-3,11,21,14,12,player-2,player-3
9,5,17,0.0439169816672802,player-3,17,21,16,15,player-3,player-3
9,6,24,0.08479109965264797,player-3,25,22,25,17,player-4,player-3
9,7,19,0.056165968999266624,player-3,27,27,33,17,player-1,player-3
9,8,22,0.069458968937397,player-3,32,35,42,21,player-2,player-3
9,9,17,0.057999975979328156,player-3,41,35,46,24,player-3,player-3
9,10,17,0.048832967877388,player-4,44,35,51,28,player-4,player-4
9,11,23,0.055625103414058685,player-3,45,42,53,30,player-1,player-3
9,12,17,0.052625080570578575,player-2,45,54,55,31,player-2,player-2
10,1,18,0.041041988879442215,player-4,2,0,0,5,player-3,player-4
10,2,17,0.052416929975152016,player-4,3,1,3,8,player-4,player-4
10,3,18,0.056165968999266624,player-2,6,4,9,12,player-1,player-2
10,4,17,0.059916870668530464,player-2,9,5,12,15,player-2,player-2
10,5,17,0.05487492308020592,player-3,12,11,19,16,player-3,player-3
10,6,17,0.05295802839100361,player-4,18,15,25,16,player-4,player-4
10,7,20,0.057416968047618866,player-4,20,20,27,24,player-1,player-4
10,8,18,0.048708170652389526,player-3,20,21,35,25,player-2,player-3
10,9,18,0.0541249755769968,player-4,23,22,38,31,player-3,player-4
10,10,18,0.04912493750452995,player-1,28,23,38,33,player-4,player-1
10,11,29,0.0692091416567564,none,33,23,42,37,player-1,none
10,12,18,0.04874984733760357,player-3,38,25,43,39,player-2,player-3
10,13,18,0.06600003689527512,player-4,39,26,49,41,player-3,player-4
10,14,21,0.07045897655189037,player-4,41,30,50,49,player-4,player-4
10,15,18,0.06333389319479465,player-2,45,32,53,51,player-1,player-2
10,16,18,0.062125036492943764,player-3,48,37,54,55,player-2,player-3
11,1,17,0.050999922677874565,player-4,1,0,2,6,player-4,player-4
11,2,18,0.056916847825050354,player-2,5,3,7,11,player-1,player-2
11,3,19,0.06908411160111427,player-4,8,9,12,19,player-2,player-4
11,4,17,0.04345807246863842,player-3,13,9,22,19,player-3,player-3
11,5,26,0.06579095497727394,none,16,14,24,20,player-4,none
11,6,18,0.05775014869868755,player-2,20,19,25,20,player-1,player-2
11,7,17,0.04945788532495499,player-2,22,25,27,22,player-2,player-2
11,8,19,0.04583294503390789,player-1,28,26,33,25,player-3,player-1
11,9,17,0.051582930609583855,player-4,30,32,37,27,player-4,player-4
11,10,19,0.04650000482797623,player-3,32,32,39,31,player-1,player-3
11,11,17,0.04670792259275913,player-2,32,33,39,33,player-2,player-2
11,12,19,0.05466677248477936,player-1,33,38,46,42,player-3,player-1
11,13,18,0.051999930292367935,player-1,35,38,46,45,player-4,player-1
11,14,17,0.04066689871251583,player-1,44,40,46,45,player-1,player-1
11,15,17,0.04437519237399101,player-2,46,42,46,51,player-2,player-2
11,16,20,0.05987496115267277,player-2,49,45,49,51,player-3,player-2
11,17,19,0.04729209467768669,player-2,52,46,49,62,player-4,player-2
12,1,17,0.06808317266404629,player-3,0,1,7,3,player-3,player-3
12,2,18,0.04816614091396332,player-1,2,4,12,12,player-4,player-1
12,3,17,0.059165991842746735,player-1,13,6,12,12,player-1,player-1
12,4,17,0.06125005893409252,player-2,18,11,17,14,player-2,player-2
12,5,23,0.08508400060236454,player-1,24,17,20,23,player-3,player-1
12,6,18,0.06104190833866596,player-1,28,21,26,27,player-4,player-1
12,7,17,0.0602079089730978,player-1,33,26,32,27,player-1,player-1
12,8,20,0.05891593173146248,player-1,34,27,34,27,player-2,player-1
12,9,17,0.07020914927124977,player-3,38,30,42,27,player-3,player-3
12,10,17,0.07779081352055073,player-4,41,34,44,33,player-4,player-4
12,11,17,0.049541937187314034,player-1,48,36,48,33,player-1,player-1
12,12,18,0.05608308129012585,player-3,53,37,56,39,player-2,player-3
13,1,19,0.07033301517367363,player-3,4,7,7,3,player-1,player-3
13,2,21,0.07495912723243237,player-2,9,13,12,3,player-2,player-2
13,3,23,0.06791716441512108,player-1,16,17,18,8,player-3,player-1
13,4,19,0.05508400499820709,player-2,18,23,18,10,player-4,player-2
13,5,18,0.059125013649463654,player-2,21,29,22,11,player-1,player-2
13,6,22,0.06866687908768654,player-3,23,34,26,13,player-2,player-3
13,7,17,0.0639590434730053,player-3,23,34,29,15,player-3,player-3
13,8,21,0.06250012665987015,player-4,27,35,35,17,player-4,player-4
13,9,18,0.06991694681346416,player-2,46,40,50,18,player-1,player-2
13,10,18,0.0688750296831131,player-3,48,42,54,20,player-2,player-3
14,1,18,0.05608308129012585,player-1,1,1,1,3,player-4,player-1
14,2,17,0.06820796988904476,player-1,5,5,8,9,player-1,player-1
14,3,21,0.05625002086162567,player-2,7,5,9,10,player-2,player-2
14,4,17,0.054666073992848396,player-3,13,13,11,14,player-3,player-3
14,5,20,0.052541960030794144,player-3,17,16,15,17,player-4,player-3
14,6,25,0.08862488903105259,player-1,23,22,17,31,player-1,player-1
14,7,26,0.055374810472130775,none,24,22,19,33,player-2,none
14,8,18,0.056208111345767975,player-4,28,24,22,35,player-3,player-4
14,9,21,0.06354087963700294,player-4,32,24,30,37,player-4,player-4
14,10,17,0.0566248781979084,player-1,38,24,37,39,player-1,player-1
14,11,18,0.0633331947028637,player-3,44,24,39,44,player-2,player-3
14,12,17,0.04987488500773907,player-3,48,26,43,45,player-3,player-3
14,13,23,0.05712499842047691,player-2,51,31,44,47,player-4,player-2
14,14,17,0.06033293902873993,player-1,53,34,48,48,player-1,player-1
15,1,19,0.054208096116781235,player-1,12,0,7,3,player-3,player-1
15,2,17,0.05004112608730793,player-4,12,5,13,5,player-4,player-4
15,3,17,0.06129196844995022,player-1,12,12,14,7,player-1,player-1
15,4,18,0.05383300594985485,player-3,15,16,22,8,player-2,player-3
15,5,18,0.04787510260939598,player-4,17,20,26,13,player-3,player-4
15,6,17,0.050582922995090485,player-4,17,22,30,20,player-4,player-4
15,7,18,0.06083399057388306,player-2,21,22,34,22,player-1,player-2
15,8,17,0.05720788612961769,player-2,27,24,34,28,player-2,player-2
15,9,17,0.05570892244577408,player-3,31,24,41,29,player-3,player-3
15,10,17,0.07295794785022736,player-4,38,31,48,34,player-4,player-4
15,11,18,0.050999922677874565,player-2,40,36,48,36,player-1,player-2
15,12,19,0.05133403465151787,player-4,41,38,49,47,player-2,player-4
15,13,17,0.05279085598886013,player-3,44,41,54,51,player-3,player-3
15,14,18,0.047625042498111725,player-1,46,43,54,54,player-4,player-1
16,1,17,0.05850009620189667,player-3,6,2,6,1,player-3,player-3
16,2,17,0.05479203537106514,player-4,8,2,7,13,player-4,player-4
16,3,18,0.0505838543176651,player-2,14,8,9,13,player-1,player-2
16,4,17,0.05870801396667957,player-2,14,19,10,20,player-2,player-2
16,5,17,0.04320894367992878,player-3,16,21,14,20,player-3,player-3
16,6,18,0.04354119300842285,player-1,16,23,16,26,player-4,player-1
16,7,18,0.04812516272068024,player-2,16,27,24,26,player-1,player-2
16,8,19,0.05270796827971935,player-4,18,29,24,29,player-2,player-4
16,9,19,0.04670792259275913,player-1,26,29,28,32,player-3,player-1
16,10,17,0.05270796827971935,player-4,32,30,39,34,player-4,player-4
16,11,17,0.046459026634693146,player-1,40,32,39,35,player-1,player-1
16,12,17,0.048582907766103745,player-2,40,37,42,39,player-2,player-2
16,13,18,0.04837499000132084,player-4,42,38,45,45,player-3,player-4
16,14,19,0.05470798350870609,player-2,42,48,45,51,player-4,player-2
16,15,19,0.05691591650247574,player-3,47,58,56,51,player-1,player-3
17,1,17,0.05991593934595585,player-2,4,5,3,2,player-2,player-2
17,2,17,0.04829210229218006,player-3,7,7,9,3,player-3,player-3
17,3,22,0.06704195402562618,player-1,18,10,15,7,player-4,player-1
17,4,17,0.0765831209719181,player-1,24,15,25,7,player-1,player-1
17,5,19,0.05129212513566017,player-4,24,17,25,12,player-2,player-4
17,6,19,0.06125005893409252,player-1,41,17,31,23,player-3,player-1
17,7,17,0.057625118643045425,player-4,47,18,32,26,player-4,player-4
17,8,17,0.04475004971027374,player-1,48,21,38,29,player-1,player-1
17,9,19,0.05354220047593117,player-4,51,21,39,35,player-2,player-4
17,10,17,0.04683295264840126,player-3,53,21,45,37,player-3,player-3
17,11,19,0.05391589365899563,player-2,54,26,45,40,player-4,player-2
17,12,18,0.03733392804861069,none,56,31,49,40,player-1,none
18,1,21,0.06166589446365833,player-2,0,6,1,0,player-2,player-2
18,2,17,0.03733299672603607,none,1,8,10,0,player-3,none
18,3,18,0.059542013332247734,player-1,3,13,10,0,player-4,player-1
18,4,17,0.0463749747723341,player-1,4,15,10,4,player-1,player-1
18,5,19,0.06087496876716614,player-4,6,19,11,12,player-2,player-4
18,6,22,0.06029196083545685,player-4,11,24,12,18,player-3,player-4
18,7,17,0.06312481127679348,player-4,11,28,17,24,player-4,player-4
18,8,17,0.04604109562933445,player-1,15,29,21,27,player-1,player-1
18,9,17,0.04537496715784073,player-2,17,37,23,27,player-2,player-2
18,10,17,0.045625027269124985,player-3,19,41,25,30,player-3,player-3
18,11,17,0.05487492308020592,player-4,28,51,37,32,player-4,player-4
18,12,17,0.051040900871157646,player-1,30,53,39,37,player-1,player-1
18,13,17,0.05070795305073261,player-2,35,54,41,39,player-2,player-2
18,14,17,0.05591707304120064,player-3,37,58,44,40,player-3,player-3
18,15,18,0.04966696724295616,player-1,42,62,50,45,player-4,player-1
19,1,17,0.05224999040365219,player-2,14,6,0,9,player-2,player-2
19,2,19,0.06845803000032902,player-1,22,13,10,19,player-3,player-1
19,3,17,0.06645801477134228,player-4,22,13,12,23,player-4,player-4
19,4,17,0.06183283403515816,player-1,30,15,14,23,player-1,player-1
19,5,17,0.05483301356434822,player-2,37,19,16,28,player-2,player-2
19,6,19,0.06691715680062771,player-1,40,28,21,31,player-3,player-1
19,7,17,0.04537496715784073,player-4,42,33,22,31,player-4,player-4
19,8,17,0.05129212513566017,player-1,55,37,27,31,player-1,player-1
19,9,18,0.048042042180895805,player-3,58,42,28,35,player-2,player-3
19,10,17,0.04287506453692913,player-3,60,42,33,38,player-3,player-3
19,11,19,0.05924981087446213,player-2,63,47,37,41,player-4,player-2
20,1,17,0.05775014869868755,player-4,0,0,5,10,player-4,player-4
20,2,17,0.11016614735126495,player-1,8,2,7,13,player-1,player-1
20,3,18,0.06837490946054459,player-3,9,3,19,20,player-2,player-3
20,4,19,0.05591590888798237,player-1,18,9,23,20,player-3,player-1
20,5,19,0.05874992348253727,player-2,26,12,30,28,player-4,player-2
20,6,28,0.07087481208145618,player-4,29,18,30,32,player-1,player-4
20,7,24,0.10175001807510853,player-1,44,28,33,45,player-2,player-1
20,8,17,0.056541990488767624,player-3,51,33,41,48,player-3,player-3
20,9,18,0.06374996155500412,player-1,57,34,43,51,player-4,player-1
21,1,17,0.05337502807378769,player-1,7,9,0,3,player-1,player-1
21,2,17,0.05679205060005188,player-2,8,15,2,5,player-2,player-2
21,3,18,0.044082989916205406,player-4,12,19,5,9,player-3,player-4
21,4,19,0.06591691635549068,player-2,12,24,10,17,player-4,player-2
21,5,18,0.06520794704556465,player-2,12,27,16,26,player-1,player-2
21,6,18,0.05729193799197674,player-3,16,28,22,32,player-2,player-3
21,7,17,0.05616620182991028,player-3,16,32,28,38,player-3,player-3
21,8,17,0.04737521521747112,player-4,20,35,30,45,player-4,player-4
21,9,18,0.056625111028552055,player-2,23,39,34,50,player-1,player-2
21,10,17,0.04591606557369232,player-2,24,42,34,51,player-2,player-2
21,11,17,0.04179193638265133,player-3,24,43,41,53,player-3,player-3
21,12,20,0.03912486135959625,none,25,43,41,55,player-4,none
21,13,17,0.05795806646347046,player-1,29,48,44,60,player-1,player-1
22,1,17,0.05737505853176117,player-3,5,3,9,1,player-3,player-3
22,2,19,0.0738748349249363,player-2,9,6,12,3,player-4,player-2
22,3,18,0.06420910358428955,player-2,13,11,16,6,player-1,player-2
22,4,21,0.07262500002980232,player-2,16,16,16,12,player-2,player-2
22,5,18,0.0641250517219305,player-4,19,20,17,15,player-3,player-4
22,6,19,0.06987503729760647,player-2,21,29,23,22,player-4,player-2
22,7,20,0.06558280438184738,player-4,27,33,27,28,player-1,player-4
22,8,19,0.07108412683010101,player-4,30,39,34,33,player-2,player-4
22,9,18,0.05962490104138851,player-4,32,43,38,37,player-3,player-4
22,10,17,0.054540811106562614,player-4,35,45,41,44,player-4,player-4
22,11,18,0.05075009539723396,player-2,40,46,42,50,player-1,player-2
22,12,18,0.05362485535442829,player-3,42,48,42,53,player-2,player-3
23,1,21,0.05804095417261124,player-1,6,3,6,3,player-1,player-1
23,2,17,0.05429191514849663,player-2,12,4,6,3,player-2,player-2
23,3,17,0.06141583435237408,player-3,21,7,14,5,player-3,player-3
23,4,17,0.05987496115267277,player-4,23,14,17,7,player-4,player-4
23,5,17,0.06912508979439735,player-1,27,23,27,8,player-1,player-1
23,6,17,0.06070896051824093,player-2,32,24,37,8,player-2,player-2
23,7,17,0.06270804442465305,player-3,34,24,43,11,player-3,player-3
23,8,17,0.06191711872816086,player-4,45,24,47,15,player-4,player-4
23,9,17,0.05358387716114521,player-1,49,26,50,17,player-1,player-1
23,10,17,0.04529207944869995,player-2,50,39,51,18,player-2,player-2
24,1,18,0.061374856159090996,player-4,0,0,9,2,player-3,player-4
24,2,17,0.053416937589645386,player-4,3,5,10,5,player-4,player-4
24,3,17,0.06104190833866596,player-1,7,9,15,6,player-1,player-1
24,4,17,0.0449582003057003,player-2,10,12,18,8,player-2,player-2
24,5,17,0.08045812137424946,player-3,15,15,22,8,player-3,player-3
24,6,17,0.05312496796250343,player-4,18,15,25,12,player-4,player-4
24,7,23,0.10995892807841301,player-3,19,18,28,16,player-1,player-3
24,8,19,0.06841705180704594,player-4,24,18,28,16,player-2,player-4
24,9,18,0.056416960433125496,player-4,25,20,32,26,player-3,player-4
24,10,19,0.061042141169309616,player-2,27,29,37,28,player-4,player-2
24,11,17,0.058125006034970284,player-1,29,33,42,31,player-1,player-1
24,12,17,0.0541249755769968,player-2,34,41,46,39,player-2,player-2
24,13,20,0.061750179156661034,player-2,42,45,50,44,player-3,player-2
24,14,17,0.04300009459257126,player-4,44,46,53,57,player-4,player-4
25,1,18,0.051791779696941376,player-4,0,3,1,3,player-3,player-4
25,2,17,0.05233311094343662,player-4,2,10,1,10,player-4,player-4
25,3,17,0.06325007416307926,player-1,11,10,7,11,player-1,player-1
25,4,18,0.05820789374411106,player-3,13,11,10,15,player-2,player-3
25,5,17,0.05729100666940212,player-3,14,13,13,17,player-3,player-3
25,6,17,0.05079200491309166,player-4,19,14,22,24,player-4,player-4
25,7,17,0.06962497718632221,player-1,24,17,26,25,player-1,player-1
25,8,18,0.06862496957182884,player-3,27,21,32,26,player-2,player-3
25,9,17,0.059999991208314896,player-3,27,23,40,26,player-3,player-3
25,10,19,0.057666096836328506,player-2,29,29,40,28,player-4,player-2
25,11,17,0.06833299994468689,player-1,36,36,42,33,player-1,player-1
25,12,17,0.04733284004032612,player-2,39,40,46,33,player-2,player-2
25,13,18,0.0524579081684351,player-4,39,45,50,34,player-3,player-4
25,14,23,0.2134579699486494,player-2,40,53,50,36,player-4,player-2
25,15,20,0.06975000724196434,player-4,45,63,53,51,player-1,player-4
26,1,19,0.05333288572728634,player-3,3,3,4,2,player-1,player-3
26,2,17,0.16554188914597034,player-2,5,11,5,6,player-2,player-2
26,3,19,0.06145797669887543,player-1,8,12,7,9,player-3,player-1
26,4,20,0.07424992509186268,player-3,8,12,17,14,player-4,player-3
26,5,18,0.058125006034970284,player-2,13,15,17,16,player-1,player-2
26,6,17,0.05716690793633461,player-2,14,15,20,20,player-2,player-2
26,7,17,0.05725002847611904,player-3,15,21,24,23,player-3,player-3
26,8,17,0.06745802238583565,player-4,21,21,26,31,player-4,player-4
26,9,17,0.04829093813896179,player-1,24,23,27,32,player-1,player-1
26,10,17,0.057416968047618866,player-2,28,29,29,32,player-2,player-2
26,11,17,0.06562494672834873,player-3,36,29,45,34,player-3,player-3
26,12,26,0.07175002247095108,none,37,30,47,36,player-4,none
26,13,17,0.0524159986525774,player-1,43,33,49,37,player-1,player-1
26,14,17,0.05929102189838886,player-2,46,39,49,38,player-2,player-2
26,15,17,0.05625002086162567,player-3,50,45,51,38,player-3,player-3
27,1,19,0.0603341031819582,player-3,1,2,9,5,player-1,player-3
27,2,18,0.05329097621142864,player-3,6,5,10,6,player-2,player-3
27,3,17,0.05508307367563248,player-3,6,8,18,6,player-3,player-3
27,4,18,0.0639590434730053,player-1,11,9,21,8,player-4,player-1
27,5,17,0.07795891724526882,player-1,14,16,26,8,player-1,player-1
27,6,18,0.22675003856420517,player-3,15,17,34,10,player-2,player-3
27,7,17,0.054999953135848045,player-3,15,21,35,14,player-3,player-3
27,8,19,0.14895782805979252,player-2,18,33,35,15,player-4,player-2
27,9,17,0.1235839445143938,player-1,28,41,36,15,player-1,player-1
27,10,18,0.05741603672504425,player-3,28,47,39,16,player-2,player-3
27,11,17,0.04887511022388935,player-3,28,53,45,16,player-3,player-3
27,12,20,0.06991694681346416,player-3,28,60,57,22,player-4,player-3
27,13,17,0.08774991147220135,player-1,29,67,60,25,player-1,player-1
27,14,29,0.0764590222388506,none,29,72,62,27,player-2,none
27,15,17,0.06612483412027359,player-3,33,72,65,34,player-3,player-3
28,1,23,0.07262500002980232,player-3,3,3,9,4,player-1,player-3
28,2,18,0.04950002767145634,player-3,6,6,10,6,player-2,player-3
28,3,19,0.07162499241530895,player-1,14,14,13,6,player-3,player-1
28,4,18,0.05474989302456379,player-1,14,14,14,11,player-4,player-1
28,5,18,0.046250177547335625,player-2,18,20,15,11,player-1,player-2
28,6,17,0.048999907448887825,player-2,18,25,19,11,player-2,player-2
28,7,18,0.05241716280579567,player-4,21,27,23,19,player-3,player-4
28,8,27,0.11370796710252762,player-2,22,34,26,25,player-4,player-2
28,9,17,0.052167102694511414,player-1,31,37,26,28,player-1,player-1
28,10,28,0.08270912803709507,player-1,44,44,28,29,player-2,player-1
28,11,17,0.05295802839100361,player-3,47,48,36,29,player-3,player-3
28,12,17,0.06679189391434193,player-4,49,49,39,38,player-4,player-4
28,13,17,0.060416990891098976,player-1,57,50,39,39,player-1,player-1
28,14,17,0.06241584196686745,player-2,64,52,40,41,player-2,player-2
29,1,17,0.0524579081684351,player-3,4,0,1,1,player-3,player-3
29,2,19,0.051541952416300774,player-2,6,4,1,5,player-4,player-2
29,3,17,0.052040908485651016,player-1,9,6,4,8,player-1,player-1
29,4,17,0.04820898175239563,player-2,11,13,10,10,player-2,player-2
29,5,21,0.06891717202961445,player-3,11,17,14,11,player-3,player-3
29,6,17,0.058125006034970284,player-4,11,19,16,22,player-4,player-4
29,7,20,0.05054101347923279,player-4,11,21,24,27,player-1,player-4
29,8,18,0.05150004290044308,player-3,14,28,25,29,player-2,player-3
29,9,19,0.06845779716968536,player-1,19,28,34,38,player-3,player-1
29,10,18,0.06170803681015968,player-1,19,30,40,41,player-4,player-1
29,11,17,0.05012494511902332,player-1,21,30,42,44,player-1,player-1
29,12,15,0.034333206713199615,none,21,31,44,51,player-2,none
29,13,17,0.06329105235636234,player-3,25,38,56,51,player-3,player-3
29,14,17,0.061540864408016205,player-4,31,38,59,53,player-4,player-4
29,15,17,0.05441601388156414,player-1,36,38,60,55,player-1,player-1
29,16,17,0.07345806807279587,player-2,43,43,66,60,player-2,player-2
30,1,17,0.06274995394051075,player-3,6,5,5,2,player-3,player-3
30,2,21,0.0577080063521862,player-4,7,10,6,5,player-4,player-4
30,3,17,0.0485831405967474,player-1,22,10,10,6,player-1,player-1
30,4,17,0.07020821794867516,player-2,25,13,14,10,player-2,player-2
30,5,18,0.04587485454976559,player-4,25,13,18,16,player-3,player-4
30,6,19,0.0441668089479208,player-2,32,16,19,21,player-4,player-2
30,7,17,0.05050003528594971,player-1,37,18,19,26,player-1,player-1
30,8,17,0.045042019337415695,player-2,37,28,19,30,player-2,player-2
30,9,32,0.08070794865489006,player-2,39,35,25,33,player-3,player-2
30,10,19,0.05445792339742184,player-2,39,42,29,41,player-4,player-2
30,11,18,0.05433405749499798,player-2,45,46,32,48,player-1,player-2
30,12,18,0.053999945521354675,player-3,47,47,41,52,player-2,player-3
30,13,23,0.06320793181657791,player-1,48,53,42,55,player-3,player-1
31,1,17,0.05866680294275284,player-1,7,5,7,6,player-1,player-1
31,2,17,0.06329198367893696,player-2,11,15,12,11,player-2,player-2
31,3,19,0.0602079089730978,player-1,12,19,14,12,player-3,player-1
31,4,17,0.05645793862640858,player-4,21,23,21,14,player-4,player-4
31,5,25,0.06208289414644241,none,24,24,23,15,player-1,none
31,6,23,0.06449990905821323,player-4,28,24,26,16,player-2,player-4
31,7,23,0.08600018918514252,player-1,33,27,28,18,player-3,player-1
31,8,19,0.07483293302357197,player-2,38,30,34,18,player-4,player-2
31,9,18,0.08729100227355957,player-2,45,32,39,28,player-1,player-2
31,10,18,0.07512490265071392,player-3,50,33,50,28,player-2,player-3
32,1,17,0.059957848861813545,player-1,8,3,3,3,player-1,player-1
32,2,17,0.06512505933642387,player-2,15,6,6,3,player-2,player-2
32,3,20,0.06408314220607281,player-2,19,10,8,4,player-3,player-2
32,4,18,0.08220784366130829,player-1,20,16,19,5,player-4,player-1
32,5,17,0.04987511783838272,player-1,22,16,22,8,player-1,player-1
32,6,19,0.06245891563594341,player-4,26,21,22,22,player-2,player-4
32,7,17,0.042584026232361794,player-3,27,24,28,25,player-3,player-3
32,8,17,0.06324984133243561,player-4,27,24,32,33,player-4,player-4
32,9,18,0.0541249755769968,player-2,29,28,38,39,player-1,player-2
32,10,17,0.04970887675881386,player-2,32,35,40,46,player-2,player-2
32,11,17,0.06083399057388306,player-3,43,42,42,52,player-3,player-3
32,12,19,0.08445791900157928,player-2,55,52,46,58,player-4,player-2
33,1,18,0.04650000482797623,player-1,7,0,1,2,player-4,player-1
33,2,17,0.06329198367893696,player-1,23,0,1,3,player-1,player-1
33,3,17,0.05679205060005188,player-2,24,4,4,5,player-2,player-2
33,4,21,0.052416929975152016,player-3,26,11,5,8,player-3,player-3
33,5,17,0.059999991208314896,player-4,29,13,6,25,player-4,player-4
33,6,17,0.05625002086162567,player-1,37,15,9,28,player-1,player-1
33,7,17,0.04333304241299629,player-2,40,18,12,30,player-2,player-2
33,8,24,0.06829202175140381,player-2,45,24,18,31,player-3,player-2
33,9,20,0.04816707223653793,player-3,45,26,30,32,player-4,player-3
33,10,17,0.057999975979328156,player-1,49,30,35,35,player-1,player-1
33,11,24,0.059499870985746384,player-1,53,33,39,41,player-2,player-1
33,12,19,0.05537504330277443,player-1,57,38,43,44,player-3,player-1
34,1,18,0.0512909609824419,player-4,1,5,6,8,player-3,player-4
34,2,18,0.05483301356434822,player-1,5,6,6,8,player-4,player-1
34,3,19,0.0616670586168766,player-3,8,12,15,8,player-1,player-3
34,4,19,0.06566592492163181,player-4,10,17,16,13,player-2,player-4
34,5,18,0.06066705100238323,player-4,24,17,20,22,player-3,player-4
34,6,20,0.0832919031381607,player-3,28,18,24,22,player-4,player-3
34,7,17,0.06025005131959915,player-1,35,22,27,27,player-1,player-1
34,8,17,0.06666709668934345,player-2,36,28,27,27,player-2,player-2
34,9,19,0.08187512867152691,player-1,41,35,29,32,player-3,player-1
34,10,18,0.07329089567065239,player-1,43,38,29,36,player-4,player-1
34,11,17,0.0563750509172678,player-1,46,40,31,40,player-1,player-1
34,12,19,0.06629200652241707,player-4,54,45,31,50,player-2,player-4
34,13,19,0.06229197606444359,player-1,62,48,35,56,player-3,player-1
35,1,20,0.0694170594215393,player-1,9,6,1,2,player-2,player-1
35,2,18,0.054958974942564964,player-4,13,6,6,5,player-3,player-4
35,3,20,0.0588749535381794,player-3,14,8,8,8,player-4,player-3
35,4,22,0.07399986498057842,player-2,18,12,13,9,player-1,player-2
35,5,17,0.03900006413459778,player-2,21,16,13,12,player-2,player-2
35,6,27,0.05650008097290993,player-1,23,16,19,14,player-3,player-1
35,7,17,0.04475004971027374,player-4,25,20,20,17,player-4,player-4
35,8,18,0.0539170578122139,player-2,29,30,20,20,player-1,player-2
35,9,18,0.05254102870821953,player-3,29,32,23,21,player-2,player-3
35,10,18,0.040667131543159485,player-4,30,33,29,24,player-3,player-4
35,11,17,0.06145797669887543,player-4,35,40,29,28,player-4,player-4
35,12,19,0.051083043217659,player-3,42,40,33,28,player-1,player-3
35,13,18,0.04712492227554321,player-3,44,45,38,31,player-2,player-3
35,14,17,0.04729093052446842,player-3,47,48,46,37,player-3,player-3
35,15,20,0.08054194040596485,player-3,47,52,49,42,player-4,player-3
35,16,17,0.05825003609061241,player-1,55,52,51,47,player-1,player-1
36,1,17,0.052999937906861305,player-1,6,0,4,2,player-1,player-1
36,2,17,0.05000014789402485,player-2,16,3,8,2,player-2,player-2
36,3,18,0.051416922360658646,player-4,19,7,13,4,player-3,player-4
36,4,17,0.051958952099084854,player-4,21,9,21,10,player-4,player-4
36,5,17,0.054459087550640106,player-1,22,9,24,12,player-1,player-1
36,6,17,0.058959005400538445,player-2,23,15,26,16,player-2,player-2
36,7,25,0.05570799112319946,player-3,23,17,35,18,player-3,player-3
36,8,17,0.04537496715784073,player-4,26,17,37,21,player-4,player-4
36,9,17,0.07420801557600498,player-1,39,20,48,23,player-1,player-1
36,10,20,0.0782911665737629,player-1,50,25,55,24,player-2,player-1
37,1,17,0.053042080253362656,player-2,4,4,0,1,player-2,player-2
37,2,17,0.04895799793303013,player-3,4,8,3,2,player-3,player-3
37,3,18,0.06466708146035671,player-1,6,15,4,6,player-4,player-1
37,4,17,0.05808309651911259,player-1,10,19,6,8,player-1,player-1
37,5,23,0.05133403465151787,player-4,11,21,6,14,player-2,player-4
37,6,17,0.0477079302072525,player-3,11,23,19,17,player-3,player-3
37,7,18,0.0491670798510313,player-1,13,25,21,18,player-4,player-1
37,8,17,0.05904119461774826,player-1,19,28,21,18,player-1,player-1
37,9,17,0.19954098388552666,player-2,20,37,21,20,player-2,player-2
37,10,21,0.08345791138708591,player-3,20,41,24,24,player-3,player-3
37,11,17,0.07987488061189651,player-4,21,44,26,29,player-4,player-4
37,12,18,0.049541937187314034,player-2,21,50,28,33,player-1,player-2
37,13,18,0.05487515591084957,player-3,25,50,37,35,player-2,player-3
37,14,18,0.05250005051493645,player-4,28,51,40,40,player-3,player-4
37,15,18,0.05075009539723396,player-1,36,52,48,46,player-4,player-1
37,16,17,0.05929195322096348,player-1,42,53,49,49,player-1,player-1
38,1,20,0.0677499920129776,player-3,7,6,7,4,player-4,player-3
38,2,17,0.06470899097621441,player-1,13,10,11,7,player-1,player-1
38,3,20,0.06820796988904476,player-1,18,12,11,12,player-2,player-1
38,4,18,0.062417006120085716,player-4,20,16,18,19,player-3,player-4
38,5,17,0.05537504330277443,player-4,20,23,20,24,player-4,player-4
38,6,17,0.08075009100139141,player-1,26,29,20,31,player-1,player-1
38,7,17,0.052208080887794495,player-2,27,37,20,33,player-2,player-2
38,8,18,0.046625034883618355,player-4,27,37,21,36,player-3,player-4
38,9,18,0.059582991525530815,player-1,30,37,25,43,player-4,player-1
38,10,18,0.06308406591415405,player-2,32,40,30,45,player-1,player-2
38,11,34,0.06329221650958061,player-3,35,40,32,47,player-2,player-3
38,12,19,0.04016701132059097,none,37,41,34,47,player-3,none
38,13,17,0.05445792339742184,player-4,39,45,43,51,player-4,player-4
38,14,17,0.05087512545287609,player-1,40,47,46,61,player-1,player-1
39,1,17,0.040040817111730576,player-4,1,1,2,3,player-4,player-4
39,2,19,0.05587493069469929,player-3,5,4,10,6,player-1,player-3
39,3,18,0.05295802839100361,player-3,5,9,20,7,player-2,player-3
39,4,17,0.0724580604583025,player-3,7,14,27,7,player-3,player-3
39,5,17,0.04445808008313179,player-4,9,15,28,15,player-4,player-4
39,6,20,0.04287506453692913,none,9,15,30,15,player-1,none
39,7,17,0.053416937589645386,player-2,12,19,37,15,player-2,player-2
39,8,17,0.05016708746552467,player-3,15,21,41,18,player-3,player-3
39,9,17,0.04975008778274059,player-4,17,25,45,23,player-4,player-4
39,10,17,0.049584079533815384,player-1,20,30,49,25,player-1,player-1
39,11,17,0.07204082794487476,player-2,27,40,53,28,player-2,player-2
39,12,18,0.05175010301172733,player-4,27,45,54,33,player-3,player-4
39,13,17,0.052042072638869286,player-4,29,48,59,37,player-4,player-4
39,14,17,0.04075001925230026,player-1,31,48,62,40,player-1,player-1
39,15,18,0.05024997517466545,player-3,36,51,68,43,player-2,player-3
40,1,18,0.06920890882611275,player-4,1,1,3,4,player-3,player-4
40,2,17,0.054915901273489,player-4,2,7,5,11,player-4,player-4
40,3,17,0.053999945521354675,player-1,5,9,9,14,player-1,player-1
40,4,19,0.05395803600549698,player-4,7,11,10,18,player-2,player-4
40,5,18,0.048083020374178886,player-4,7,18,10,25,player-3,player-4
40,6,18,0.04937499761581421,player-1,12,21,16,30,player-4,player-1
40,7,17,0.049250200390815735,player-1,15,24,22,31,player-1,player-1
40,8,18,0.054791104048490524,player-3,15,28,26,35,player-2,player-3
40,9,17,0.05429214797914028,player-3,15,31,30,37,player-3,player-3
40,10,19,0.06491690874099731,player-2,20,35,38,37,player-4,player-2
40,11,17,0.04950002767145634,player-1,22,37,39,37,player-1,player-1
40,12,17,0.05625002086162567,player-2,25,39,44,40,player-2,player-2
40,13,18,0.06004190072417259,player-4,27,42,45,46,player-3,player-4
40,14,21,0.05037500523030758,player-4,28,42,46,49,player-4,player-4
40,15,17,0.04479195922613144,player-1,36,47,46,52,player-1,player-1
40,16,17,0.04391605034470558,player-2,37,56,49,52,player-2,player-2
41,1,21,0.05950010381639004,player-2,3,5,3,3,player-2,player-2
41,2,17,0.04945811815559864,player-3,7,5,6,5,player-3,player-3
41,3,17,0.05837506614625454,player-4,12,10,10,12,player-4,player-4
41,4,17,0.04033301956951618,player-1,16,11,11,14,player-1,player-1
41,5,17,0.05495804361999035,player-2,21,13,13,20,player-2,player-2
41,6,22,0.0712911132723093,player-4,24,15,14,29,player-3,player-4
41,7,18,0.05083298310637474,player-1,27,17,18,30,player-4,player-1
41,8,17,0.05858391523361206,player-1,33,20,21,32,player-1,player-1
41,9,17,0.043165870010852814,player-2,35,22,21,34,player-2,player-2
41,10,17,0.05708308890461922,player-3,36,29,28,35,player-3,player-3
41,11,17,0.06808387115597725,player-4,41,33,28,42,player-4,player-4
41,12,23,0.05383300594985485,player-3,45,34,32,42,player-1,player-3
41,13,17,0.049791065976023674,player-2,45,36,35,42,player-2,player-2
41,14,17,0.06700004450976849,player-3,45,45,37,44,player-3,player-3
41,15,17,0.05608284845948219,player-4,46,46,37,47,player-4,player-4
41,16,22,0.07066689431667328,none,48,48,37,49,player-1,none
41,17,20,0.05691614933311939,player-1,58,50,38,51,player-2,player-1
42,1,18,0.05900021642446518,player-1,5,0,4,3,player-4,player-1
42,2,20,0.06874999962747097,player-4,8,10,4,14,player-1,player-4
42,3,20,0.0851659569889307,player-1,19,13,14,15,player-2,player-1
42,4,17,0.057958997786045074,player-3,26,17,25,19,player-3,player-3
42,5,18,0.09729200974106789,player-1,33,24,25,21,player-4,player-1
42,6,17,0.0605839304625988,player-1,41,27,29,21,player-1,player-1
42,7,18,0.07366714999079704,player-3,48,30,32,23,player-2,player-3
42,8,17,0.04791701212525368,player-3,52,31,36,26,player-3,player-3
42,9,17,0.050666043534874916,player-4,57,32,38,33,player-4,player-4
42,10,18,0.05533290095627308,player-2,58,37,40,39,player-1,player-2
42,11,17,0.053999945521354675,player-2,59,39,42,44,player-2,player-2
43,1,17,0.0513328704982996,player-2,0,5,1,2,player-2,player-2
43,2,18,0.0741251278668642,player-4,0,7,5,11,player-3,player-4
43,3,18,0.057042110711336136,player-1,7,10,12,13,player-4,player-1
43,4,17,0.0612910371273756,player-1,12,12,17,22,player-1,player-1
43,5,20,0.06454205140471458,player-1,18,13,19,26,player-2,player-1
43,6,17,0.06404193118214607,player-3,23,17,26,26,player-3,player-3
43,7,17,0.04987511783838272,player-4,23,25,29,29,player-4,player-4
43,8,17,0.06850017234683037,player-1,26,28,32,37,player-1,player-1
43,9,17,0.07100007496774197,player-2,30,48,33,44,player-2,player-2
43,10,17,0.08216709829866886,player-3,30,48,40,46,player-3,player-3
43,11,17,0.07820897735655308,player-4,36,50,46,50,player-4,player-4
44,1,17,0.06895791739225388,player-1,13,3,9,0,player-1,player-1
44,2,19,0.09150011464953423,player-4,18,5,18,7,player-2,player-4
44,3,28,0.06920797750353813,player-2,19,9,20,10,player-3,player-2
44,4,17,0.048459041863679886,player-4,19,13,22,12,player-4,player-4
44,5,22,0.071333022788167,player-2,22,20,23,16,player-1,player-2
44,6,20,0.06924988701939583,player-1,29,24,28,26,player-2,player-1
44,7,18,0.05383300594985485,player-4,32,31,35,27,player-3,player-4
44,8,19,0.10475004091858864,player-2,32,37,40,29,player-4,player-2
44,9,17,0.0477079302072525,player-1,36,40,42,31,player-1,player-1
44,10,17,0.060999998822808266,player-2,36,48,48,38,player-2,player-2
44,11,19,0.05862489342689514,player-1,40,49,50,43,player-3,player-1
44,12,22,0.13104197569191456,player-1,40,56,53,59,player-4,player-1
45,1,18,0.07641687989234924,player-4,7,4,5,7,player-3,player-4
45,2,28,0.07345899939537048,none,8,5,11,11,player-4,none
45,3,20,0.08108280599117279,player-4,11,8,12,16,player-1,player-4
45,4,17,0.060625141486525536,player-2,12,13,12,19,player-2,player-2
45,5,19,0.07062498480081558,player-1,18,16,15,20,player-3,player-1
45,6,19,0.06958306767046452,player-2,25,18,19,20,player-4,player-2
45,7,25,0.06866687908768654,player-1,27,24,21,23,player-1,player-1
45,8,17,0.054416945204138756,player-2,29,27,25,25,player-2,player-2
45,9,17,0.062125036492943764,player-3,32,31,27,25,player-3,player-3
45,10,20,0.05212519317865372,player-3,32,32,31,29,player-4,player-3
45,11,18,0.07554213516414165,player-2,42,41,36,31,player-1,player-2
45,12,19,0.05579204298555851,player-4,47,45,40,40,player-2,player-4
45,13,17,0.06674998439848423,player-3,57,45,45,42,player-3,player-3
46,1,17,0.056999968364834785,player-1,6,0,7,9,player-1,player-1
46,2,19,0.05454104393720627,player-4,9,1,12,10,player-2,player-4
46,3,19,0.06379187107086182,player-1,13,6,16,17,player-3,player-1
46,4,17,0.06474996916949749,player-4,17,8,19,25,player-4,player-4
46,5,18,0.06558303721249104,player-2,27,14,22,27,player-1,player-2
46,6,18,0.06229197606444359,player-3,33,21,28,27,player-2,player-3
46,7,18,0.06991601549088955,player-4,39,23,32,29,player-3,player-4
46,8,17,0.07370789535343647,player-4,42,30,33,32,player-4,player-4
46,9,21,0.06070802919566631,player-1,49,36,38,38,player-1,player-1
46,10,17,0.08599995635449886,player-2,50,41,38,41,player-2,player-2
46,11,17,0.045459019020199776,player-3,50,43,47,41,player-3,player-3
46,12,17,0.06074993871152401,player-4,53,52,47,47,player-4,player-4
47,1,22,0.062000006437301636,player-4,2,2,2,7,player-3,player-4
47,2,18,0.05737505853176117,player-1,11,8,9,7,player-4,player-1
47,3,17,0.061625149101018906,player-1,13,8,10,14,player-1,player-1
47,4,19,0.04891608841717243,player-4,15,12,11,16,player-2,player-4
47,5,18,0.05233287811279297,player-4,16,12,16,16,player-3,player-4
47,6,21,0.10062498040497303,player-4,16,24,21,23,player-4,player-4
47,7,18,0.045000109821558,player-2,24,33,25,30,player-1,player-2
47,8,17,0.04191603511571884,player-2,26,38,26,33,player-2,player-2
47,9,18,0.054167117923498154,player-4,28,38,29,36,player-3,player-4
47,10,17,0.04875008016824722,player-4,33,40,29,39,player-4,player-4
47,11,26,0.06975000724196434,player-2,40,43,29,43,player-1,player-2
47,12,22,0.0665830448269844,player-3,43,45,30,44,player-2,player-3
47,13,20,0.04912493750452995,player-2,44,47,32,46,player-3,player-2
47,14,17,0.06608385592699051,player-4,53,49,34,51,player-4,player-4
48,1,23,0.06691715680062771,player-4,0,5,3,6,player-2,player-4
48,2,19,0.05287490785121918,player-1,3,8,5,12,player-3,player-1
48,3,17,0.05933409556746483,player-4,8,12,7,21,player-4,player-4
48,4,21,0.07049995474517345,player-1,15,12,17,23,player-1,player-1
48,5,17,0.058791832998394966,player-2,20,15,21,24,player-2,player-2
48,6,18,0.05291705019772053,player-4,22,15,28,27,player-3,player-4
48,7,17,0.055416952818632126,player-4,23,17,28,30,player-4,player-4
48,8,19,0.05445792339742184,player-3,24,21,32,30,player-1,player-3
48,9,20,0.07291696965694427,player-1,33,24,35,31,player-2,player-1
48,10,19,0.04866695962846279,player-1,38,26,36,33,player-3,player-1
48,11,19,0.050625065341591835,player-2,41,29,39,35,player-4,player-2
48,12,17,0.0474581029266119,player-1,46,34,41,39,player-1,player-1
48,13,17,0.05545886233448982,player-2,48,37,45,40,player-2,player-2
48,14,19,0.05379202775657177,player-1,51,39,51,43,player-3,player-1
49,1,17,0.0527501106262207,player-2,3,11,1,2,player-2,player-2
49,2,17,0.04791701212525368,player-3,3,14,4,5,player-3,player-3
49,3,17,0.045791035518050194,player-4,6,16,7,14,player-4,player-4
49,4,17,0.04487484693527222,player-1,13,17,16,17,player-1,player-1
49,5,18,0.058125006034970284,player-3,18,18,19,18,player-2,player-3
49,6,17,0.04354189150035381,player-3,23,22,26,20,player-3,player-3
49,7,20,0.06220908835530281,player-3,25,23,29,23,player-4,player-3
49,8,17,0.04424992948770523,player-1,36,23,37,23,player-1,player-1
49,9,17,0.059582991525530815,player-2,38,26,41,30,player-2,player-2
49,10,17,0.05970778875052929,player-3,44,30,51,35,player-3,player-3
49,11,17,0.05108397454023361,player-4,46,30,52,42,player-4,player-4
49,12,17,0.05224999040365219,player-1,50,32,52,44,player-1,player-1
50,1,17,0.043665990233421326,player-4,3,0,1,4,player-4,player-4
50,2,17,0.05974993109703064,player-1,7,6,1,10,player-1,player-1
50,3,22,0.05874992348253727,player-3,10,7,5,10,player-2,player-3
50,4,17,0.04170904867351055,player-3,13,8,8,11,player-3,player-3
50,5,17,0.045208027586340904,player-4,14,9,8,13,player-4,player-4
50,6,18,0.058666104450821877,player-2,15,12,13,17,player-1,player-2
50,7,18,0.04812492989003658,player-3,15,16,17,21,player-2,player-3
50,8,17,0.05150004290044308,player-3,23,17,20,22,player-3,player-3
50,9,20,0.054999953135848045,player-3,26,25,20,24,player-4,player-3
50,10,19,0.05566701292991638,player-3,28,31,22,24,player-1,player-3
50,11,17,0.04612491466104984,player-2,28,39,23,24,player-2,player-2
50,12,19,0.06845803000032902,player-1,35,40,26,31,player-3,player-1
50,13,18,0.05679205060005188,player-1,43,44,30,33,player-4,player-1
50,14,17,0.049042049795389175,player-1,47,47,31,34,player-1,player-1
50,15,31,0.07408391684293747,player-4,50,53,32,38,player-2,player-4
50,16,18,0.048083020374178886,player-4,57,57,34,41,player-3,player-4
50,17,18,0.0538751482963562,player-1,62,63,38,47,player-4,player-1
51,1,18,0.05045812577009201,player-3,2,4,6,1,player-2,player-3
51,2,17,0.055625103414058685,player-3,2,6,16,9,player-3,player-3
51,3,25,0.06641610525548458,none,2,10,18,18,player-4,none
51,4,18,0.05508307367563248,player-2,6,14,21,20,player-1,player-2
51,5,17,0.05908403545618057,player-2,18,16,29,20,player-2,player-2
51,6,17,0.04629092290997505,player-3,21,16,37,23,player-3,player-3
51,7,17,0.05075009539723396,player-4,21,24,40,37,player-4,player-4
51,8,22,0.05729100666940212,player-2,22,29,45,45,player-1,player-2
51,9,21,0.050582922995090485,player-2,24,35,46,47,player-2,player-2
51,10,18,0.05779089406132698,player-4,26,38,50,49,player-3,player-4
51,11,20,0.07654214277863503,player-3,31,45,58,54,player-4,player-3
51,12,18,0.04870910197496414,player-2,31,54,59,59,player-1,player-2
52,1,17,0.06145797669887543,player-4,0,5,0,8,player-4,player-4
52,2,19,0.06091711111366749,player-3,8,10,8,9,player-1,player-3
52,3,18,0.04554213955998421,player-3,8,11,14,13,player-2,player-3
52,4,17,0.053999945521354675,player-3,10,14,17,14,player-3,player-3
52,5,17,0.06216694600880146,player-4,13,16,22,16,player-4,player-4
52,6,20,0.06129196844995022,player-4,17,19,27,19,player-1,player-4
52,7,18,0.0605839304625988,player-3,18,24,32,26,player-2,player-3
52,8,17,0.059042125940322876,player-3,18,33,34,26,player-3,player-3
52,9,17,0.06433413363993168,player-4,19,39,34,33,player-4,player-4
52,10,20,0.07545785047113895,player-4,23,39,34,41,player-1,player-4
52,11,19,0.06074993871152401,player-4,28,41,34,47,player-2,player-4
52,12,17,0.04741596058011055,player-3,32,41,37,48,player-3,player-3
52,13,20,0.051999930292367935,player-3,32,43,38,51,player-4,player-3
52,14,17,0.05150004290044308,player-1,40,43,40,53,player-1,player-1
52,15,17,0.05208281800150871,player-2,44,54,41,55,player-2,player-2
53,1,17,0.04424992948770523,player-4,1,3,2,7,player-4,player-4
53,2,20,0.06187497638165951,player-4,3,9,2,10,player-1,player-4
53,3,20,0.04658312536776066,player-1,7,11,4,11,player-2,player-1
53,4,19,0.06258394569158554,player-1,18,13,9,14,player-3,player-1
53,5,18,0.06991601549088955,player-1,24,24,12,14,player-4,player-1
53,6,17,0.05029095336794853,player-1,31,26,12,18,player-1,player-1
53,7,17,0.059125013649463654,player-2,36,31,16,23,player-2,player-2
53,8,20,0.11358293704688549,player-2,40,36,18,30,player-3,player-2
53,9,17,0.2560419961810112,player-4,46,41,26,36,player-4,player-4
53,10,17,0.0929578673094511,player-1,48,45,26,37,player-1,player-1
53,11,18,0.06979191675782204,player-3,53,47,29,39,player-2,player-3
53,12,17,0.06487499922513962,player-3,56,52,34,39,player-3,player-3
53,13,20,0.06941589526832104,player-3,58,56,42,43,player-4,player-3
54,1,18,0.05391612648963928,player-1,3,4,6,4,player-4,player-1
54,2,18,0.06104190833866596,player-2,8,11,12,9,player-1,player-2
54,3,17,0.05470798350870609,player-2,14,14,13,14,player-2,player-2
54,4,17,0.05487492308020592,player-3,17,15,19,19,player-3,player-3
54,5,17,0.05554105155169964,player-4,17,18,21,26,player-4,player-4
54,6,18,0.054042087867856026,player-2,19,21,23,30,player-1,player-2
54,7,19,0.06162491627037525,player-4,21,23,24,33,player-2,player-4
54,8,17,0.042291125282645226,player-3,21,23,25,34,player-3,player-3
54,9,17,0.0950000248849392,player-4,25,24,27,36,player-4,player-4
54,10,26,0.08833291940391064,none,29,26,28,37,player-1,none
54,11,18,0.05654105916619301,player-3,32,27,36,37,player-2,player-3
54,12,17,0.06087496876716614,player-3,32,27,39,43,player-3,player-3
54,13,17,0.058374833315610886,player-4,32,29,39,52,player-4,player-4
54,14,17,0.0802080612629652,player-1,35,35,43,58,player-1,player-1
54,15,17,0.07475004531443119,player-2,39,43,49,62,player-2,player-2
55,1,18,0.0660829246044159,player-3,1,4,4,3,player-2,player-3
55,2,17,0.23199990391731262,player-3,1,4,9,4,player-3,player-3
55,3,17,0.067500164732337,player-4,9,7,16,12,player-4,player-4
55,4,19,0.06387499161064625,player-3,12,10,19,13,player-1,player-3
55,5,19,0.055916840210556984,player-4,16,16,22,16,player-2,player-4
55,6,17,0.06295810453593731,player-3,20,28,25,24,player-3,player-3
55,7,33,0.08787494152784348,player-4,22,35,27,27,player-4,player-4
55,8,17,0.04579196684062481,player-1,28,40,31,27,player-1,player-1
55,9,17,0.045208027586340904,player-2,34,41,31,27,player-2,player-2
55,10,17,0.051541952416300774,player-3,34,44,37,29,player-3,player-3
55,11,25,0.06312504410743713,player-4,35,45,41,41,player-4,player-4
55,12,21,0.0552500132471323,player-1,42,45,47,44,player-1,player-1
55,13,23,0.050459057092666626,none,42,46,47,46,player-2,none
55,14,17,0.05904119461774826,player-3,44,50,50,48,player-3,player-3
55,15,19,0.0488748773932457,player-2,44,61,54,49,player-4,player-2
56,1,17,0.05229189991950989,player-2,0,7,3,3,player-2,player-2
56,2,17,0.04612491466104984,player-3,9,9,12,8,player-3,player-3
56,3,23,0.06541586481034756,player-2,9,13,15,13,player-4,player-2
56,4,18,0.04620896652340889,player-2,9,17,16,15,player-1,player-2
56,5,19,0.05224999040365219,player-4,12,21,18,18,player-2,player-4
56,6,35,0.06950017996132374,player-1,17,23,23,18,player-3,player-1
56,7,17,0.05083298310637474,player-4,21,23,28,22,player-4,player-4
56,8,18,0.05291705019772053,player-2,23,30,30,25,player-1,player-2
56,9,18,0.04170788452029228,player-3,25,32,35,26,player-2,player-3
56,10,18,0.04720897413790226,player-4,27,35,35,26,player-3,player-4
56,11,18,0.06208312697708607,player-1,31,38,38,31,player-4,player-1
56,12,17,0.04570907913148403,player-1,34,38,38,35,player-1,player-1
56,13,19,0.06816722452640533,player-4,38,46,43,46,player-2,player-4
56,14,18,0.06595789454877377,player-4,46,51,48,52,player-3,player-4
57,1,17,0.05216686986386776,player-1,5,0,2,5,player-1,player-1
57,2,18,0.05804118700325489,player-3,11,1,6,9,player-2,player-3
57,3,17,0.04237494431436062,player-3,14,4,9,9,player-3,player-3
57,4,19,0.07108296267688274,player-2,22,9,11,10,player-4,player-2
57,5,17,0.04474981687963009,player-1,29,10,14,10,player-1,player-1
57,6,18,0.045582884922623634,player-3,29,13,17,13,player-2,player-3
57,7,17,0.054625095799565315,player-3,35,15,20,18,player-3,player-3
57,8,18,0.04816614091396332,player-1,36,15,26,30,player-4,player-1
57,9,17,0.06087496876716614,player-1,39,17,29,32,player-1,player-1
57,10,17,0.050791073590517044,player-2,42,25,35,34,player-2,player-2
57,11,17,0.05083298310637474,player-3,44,25,44,36,player-3,player-3
57,12,21,0.05229096859693527,player-4,52,25,44,44,player-4,player-4
57,13,21,0.07766694761812687,player-1,64,30,49,47,player-1,player-1
58,1,17,0.06520794704556465,player-3,10,2,11,4,player-3,player-3
58,2,19,0.04929210990667343,player-2,10,2,16,8,player-4,player-2
58,3,18,0.05087512545287609,player-2,11,11,18,13,player-1,player-2
58,4,18,0.04700012505054474,player-3,15,11,26,14,player-2,player-3
58,5,23,0.06066705100238323,none,22,20,33,16,player-3,none
58,6,20,0.05087489262223244,player-3,22,24,41,17,player-4,player-3
58,7,23,0.05154218524694443,player-3,25,26,47,18,player-1,player-3
58,8,17,0.08341693319380283,player-2,29,27,56,27,player-2,player-2
58,9,17,0.05008396692574024,player-3,30,32,57,29,player-3,player-3
58,10,17,0.042833853513002396,player-4,31,34,60,35,player-4,player-4
58,11,21,0.052584102377295494,player-1,37,36,60,38,player-1,player-1
58,12,17,0.052042072638869286,player-2,40,42,62,41,player-2,player-2
59,1,18,0.05941605195403099,player-4,4,3,3,2,player-3,player-4
59,2,17,0.04716706462204456,player-4,4,5,3,6,player-4,player-4
59,3,17,0.058959005400538445,player-1,14,9,7,6,player-1,player-1
59,4,20,0.0749579630792141,player-1,15,12,9,10,player-2,player-1
59,5,18,0.048250192776322365,player-4,22,20,15,19,player-3,player-4
59,6,17,0.0554998405277729,player-4,26,22,20,23,player-4,player-4
59,7,17,0.057916855439543724,player-1,27,31,25,27,player-1,player-1
59,8,18,0.04904181696474552,player-3,29,32,25,30,player-2,player-3
59,9,17,0.06808293983340263,player-3,33,33,29,30,player-3,player-3
59,10,17,0.04887511022388935,player-4,35,37,33,38,player-4,player-4
59,11,17,0.06420793943107128,player-1,39,38,34,43,player-1,player-1
59,12,17,0.07058307528495789,player-2,41,52,36,53,player-2,player-2
60,1,22,0.05579204298555851,player-2,6,1,3,8,player-1,player-2
60,2,17,0.04787510260939598,player-2,9,9,6,11,player-2,player-2
60,3,18,0.04970794543623924,player-4,13,11,11,20,player-3,player-4
60,4,17,0.05291611887514591,player-4,16,16,17,28,player-4,player-4
60,5,17,0.059999991208314896,player-1,19,23,20,36,player-1,player-1
60,6,24,0.0703341793268919,player-1,30,28,24,39,player-2,player-1
60,7,19,0.045082997530698776,player-1,36,31,26,42,player-3,player-1
60,8,17,0.0527501106262207,player-4,39,34,28,53,player-4,player-4
60,9,19,0.05775014869868755,player-3,40,36,35,59,player-1,player-3
60,10,17,0.046040862798690796,player-2,40,41,36,65,player-2,player-2
61,1,19,0.05704117938876152,player-4,6,2,4,7,player-2,player-4
61,2,20,0.052999937906861305,player-2,9,11,10,10,player-3,player-2
61,3,17,0.04950002767145634,player-4,11,11,15,16,player-4,player-4
61,4,18,0.04924996756017208,player-2,15,20,17,20,player-1,player-2
61,5,19,0.0688750296831131,player-4,18,23,24,28,player-2,player-4
61,6,19,0.0653339084237814,player-1,39,28,30,28,player-3,player-1
61,7,19,0.062000006437301636,player-2,43,34,39,32,player-4,player-2
61,8,18,0.04808278754353523,player-2,49,39,39,34,player-1,player-2
61,9,17,0.04629208706319332,player-2,51,46,39,38,player-2,player-2
61,10,18,0.05075009539723396,player-4,55,48,44,40,player-3,player-4
61,11,17,0.058625126257538795,player-4,61,53,47,41,player-4,player-4
62,1,40,0.08566700853407383,none,0,1,3,4,player-4,none
62,2,17,0.08616596460342407,player-1,20,4,17,8,player-1,player-1
62,3,26,0.0563331414014101,none,20,6,20,11,player-2,none
62,4,18,0.061167171224951744,player-4,24,7,24,13,player-3,player-4
62,5,18,0.049165915697813034,player-1,25,14,31,15,player-4,player-1
62,6,18,0.07541710510849953,player-2,28,15,33,21,player-1,player-2
62,7,18,0.08004205301404,player-3,30,21,37,24,player-2,player-3
62,8,19,0.06033293902873993,player-1,35,26,37,28,player-3,player-1
62,9,23,0.07233303040266037,player-2,35,27,46,33,player-4,player-2
62,10,17,0.050040893256664276,player-1,40,33,51,34,player-1,player-1
62,11,17,0.04854216240346432,player-2,41,36,53,39,player-2,player-2
62,12,18,0.05679205060005188,player-4,46,40,55,48,player-3,player-4
63,1,17,0.052208080887794495,player-3,1,1,9,2,player-3,player-3
63,2,22,0.08808309212327003,player-1,5,3,10,7,player-4,player-1
63,3,17,0.05745887756347656,player-1,10,6,12,8,player-1,player-1
63,4,17,0.06029196083545685,player-2,13,8,13,13,player-2,player-2
63,5,17,0.0499580055475235,player-3,13,13,19,18,player-3,player-3
63,6,17,0.0588749535381794,player-4,21,22,21,21,player-4,player-4
63,7,19,0.04991702735424042,player-3,23,26,27,21,player-1,player-3
63,8,18,0.048667192459106445,player-3,24,33,34,22,player-2,player-3
63,9,17,0.04433305002748966,player-3,26,35,39,23,player-3,player-3
63,10,17,0.04933285526931286,player-4,26,37,44,27,player-4,player-4
63,11,18,0.06216694600880146,player-2,26,39,50,38,player-1,player-2
63,12,22,0.06800005212426186,player-3,28,39,53,45,player-2,player-3
63,13,17,0.06733299233019352,player-3,30,42,58,45,player-3,player-3
63,14,18,0.06404099985957146,player-1,41,43,63,49,player-4,player-1
64,1,17,0.04887511022388935,player-1,2,0,4,9,player-1,player-1
64,2,17,0.054916832596063614,player-2,4,5,11,13,player-2,player-2
64,3,17,0.060416990891098976,player-3,9,11,15,17,player-3,player-3
64,4,26,0.07408298552036285,player-1,13,17,19,20,player-4,player-1
64,5,18,0.06433390080928802,player-2,15,23,28,21,player-1,player-2
64,6,17,0.04841596819460392,player-2,17,26,29,23,player-2,player-2
64,7,17,0.05104183219373226,player-3,19,28,32,26,player-3,player-3
64,8,17,0.049958936870098114,player-4,20,33,35,30,player-4,player-4
64,9,23,0.05608284845948219,player-3,20,34,44,34,player-1,player-3
64,10,17,0.06258301436901093,player-2,28,37,49,37,player-2,player-2
64,11,17,0.0705840066075325,player-3,31,38,53,44,player-3,player-3
64,12,21,0.065250089392066,player-4,31,40,53,45,player-4,player-4
64,13,17,0.057625118643045425,player-1,35,40,57,53,player-1,player-1
64,14,17,0.06312504410743713,player-2,41,50,59,61,player-2,player-2
65,1,20,0.08575012907385826,player-3,2,1,11,6,player-4,player-3
65,2,17,0.05595805123448372,player-1,5,5,11,8,player-1,player-1
65,3,17,0.06404099985957146,player-2,6,14,13,20,player-2,player-2
65,4,18,0.05666702054440975,player-4,8,18,15,24,player-3,player-4
65,5,17,0.04312512464821339,player-4,10,23,16,26,player-4,player-4
65,6,17,0.054416945204138756,player-1,18,26,17,29,player-1,player-1
65,7,25,0.07612514309585094,player-2,18,36,22,32,player-2,player-2
65,8,21,0.07116701453924179,player-3,22,38,25,33,player-3,player-3
65,9,17,0.06895815022289753,player-4,23,40,27,33,player-4,player-4
65,10,17,0.05591707304120064,player-1,28,42,27,37,player-1,player-1
65,11,17,0.06008311174809933,player-2,36,49,32,37,player-2,player-2
65,12,18,0.0713749323040247,player-4,47,51,40,38,player-3,player-4
65,13,18,0.13383408077061176,player-1,56,59,47,41,player-4,player-1
66,1,18,0.07175002247095108,player-1,4,0,3,7,player-4,player-1
66,2,17,0.07045804522931576,player-1,7,1,8,10,player-1,player-1
66,3,18,0.06150011904537678,player-3,7,2,13,10,player-2,player-3
66,4,18,0.07512490265071392,player-4,14,6,22,12,player-3,player-4
66,5,24,0.06191711872816086,none,16,8,24,12,player-4,none
66,6,23,0.08687516674399376,player-3,22,18,27,12,player-1,player-3
66,7,22,0.05370890721678734,player-3,24,20,30,13,player-2,player-3
66,8,17,0.050999922677874565,player-3,27,24,32,17,player-3,player-3
66,9,23,0.05783303640782833,player-2,27,27,32,19,player-4,player-2
66,10,17,0.05195802077651024,player-1,29,31,36,23,player-1,player-1
66,11,17,0.05470891483128071,player-2,39,45,37,23,player-2,player-2
66,12,20,0.05670799873769283,player-2,43,52,38,25,player-3,player-2
66,13,17,0.046625034883618355,player-4,51,53,46,30,player-4,player-4
66,14,17,0.056625111028552055,player-1,54,58,50,30,player-1,player-1
67,1,17,0.058999983593821526,player-3,2,3,5,3,player-3,player-3
67,2,17,0.04616612568497658,player-4,4,6,6,8,player-4,player-4
67,3,19,0.056999968364834785,player-3,11,6,9,8,player-1,player-3
67,4,17,0.05000014789402485,player-2,14,7,14,12,player-2,player-2
67,5,17,0.047459034249186516,player-3,18,8,20,12,player-3,player-3
67,6,20,0.061916885897517204,player-3,24,10,29,14,player-4,player-3
67,7,17,0.049042049795389175,player-1,30,10,30,17,player-1,player-1
67,8,20,0.056582968682050705,player-1,33,13,31,18,player-2,player-1
67,9,19,0.058374833315610886,player-1,34,14,37,23,player-3,player-1
67,10,18,0.057999975979328156,player-1,38,17,42,25,player-4,player-1
67,11,17,0.06087496876716614,player-1,42,24,44,25,player-1,player-1
67,12,17,0.09870808571577072,player-2,44,28,46,30,player-2,player-2
67,13,18,0.07454212754964828,player-4,53,30,49,32,player-3,player-4
68,1,18,0.06970786489546299,player-1,2,6,2,4,player-4,player-1
68,2,19,0.05541602149605751,player-3,6,9,12,4,player-1,player-3
68,3,18,0.05266699008643627,player-3,9,10,13,5,player-2,player-3
68,4,17,0.05008280277252197,player-3,11,13,15,7,player-3,player-3
68,5,18,0.04712492227554321,player-1,14,15,19,8,player-4,player-1
68,6,17,0.07116701453924179,player-1,16,16,26,16,player-1,player-1
68,7,17,0.08908286690711975,player-2,19,22,35,20,player-2,player-2
68,8,21,0.05645793862640858,player-3,20,23,41,21,player-3,player-3
68,9,26,0.06808293983340263,none,24,23,47,23,player-4,none
68,10,21,0.06783311255276203,player-1,30,24,51,27,player-1,player-1
68,11,18,0.06325007416307926,player-3,36,24,57,31,player-2,player-3
68,12,21,0.06087496876716614,player-3,40,27,61,31,player-3,player-3
69,1,17,0.04479195922613144,player-2,2,3,2,1,player-2,player-2
69,2,17,0.05341717042028904,player-3,7,6,5,1,player-3,player-3
69,3,17,0.06237509660422802,player-4,15,6,7,9,player-4,player-4
69,4,18,0.05425000563263893,player-2,17,13,7,9,player-1,player-2
69,5,18,0.0641669612377882,player-3,19,14,13,9,player-2,player-3
69,6,17,0.049999915063381195,player-3,19,15,19,9,player-3,player-3
69,7,20,0.07349997758865356,player-3,19,16,23,9,player-4,player-3
69,8,18,0.05370797589421272,player-2,26,21,26,12,player-1,player-2
69,9,17,0.05208305083215237,player-2,29,23,28,14,player-2,player-2
69,10,19,0.055541982874274254,none,32,26,30,20,player-3,none
69,11,18,0.054208096116781235,player-1,35,28,32,25,player-4,player-1
69,12,18,0.06074993871152401,player-2,39,30,32,26,player-1,player-2
69,13,18,0.049582915380597115,player-3,39,34,34,33,player-2,player-3
69,14,17,0.0510411337018013,player-3,41,38,37,35,player-3,player-3
69,15,20,0.06208312697708607,player-3,45,38,45,36,player-4,player-3
69,16,19,0.08604186587035656,player-3,52,43,47,37,player-1,player-3
69,17,17,0.13658404350280762,player-2,53,53,47,41,player-2,player-2
70,1,18,0.10562501847743988,player-1,3,0,2,2,player-4,player-1
70,2,17,0.06749993190169334,player-1,5,5,3,6,player-1,player-1
70,3,17,0.06883288733661175,player-2,9,9,9,7,player-2,player-2
70,4,17,0.16020797193050385,player-3,14,11,18,8,player-3,player-3
70,5,17,0.04983413964509964,player-4,16,16,18,16,player-4,player-4
70,6,20,0.20520808175206184,player-4,16,17,20,23,player-1,player-4
70,7,18,0.05375011824071407,player-3,17,18,24,24,player-2,player-3
70,8,17,0.06104097701609135,player-3,20,21,29,27,player-3,player-3
70,9,17,0.051208073273301125,player-4,20,22,30,31,player-4,player-4
70,10,19,0.06558396853506565,player-3,21,26,35,35,player-1,player-3
70,11,17,0.07762503810226917,player-2,23,32,42,38,player-2,player-2
70,12,17,0.05916692316532135,player-3,24,34,45,44,player-3,player-3
70,13,18,0.07820781320333481,player-1,27,38,45,47,player-4,player-1
70,14,17,0.06625009700655937,player-1,34,38,48,51,player-1,player-1
70,15,17,0.06612506695091724,player-2,38,45,55,51,player-2,player-2
70,16,18,0.062000006437301636,player-4,45,45,57,61,player-3,player-4
71,1,17,0.05895807407796383,player-2,4,7,1,3,player-2,player-2
71,2,19,0.06450014188885689,player-1,7,10,3,4,player-3,player-1
71,3,17,0.0677499920129776,player-4,9,14,3,12,player-4,player-4
71,4,21,0.0760830007493496,player-1,15,14,5,13,player-1,player-1
71,5,18,0.06466708146035671,player-3,15,15,9,13,player-2,player-3
71,6,19,0.0641669612377882,player-1,21,18,10,15,player-3,player-1
71,7,18,0.06212480366230011,player-1,25,25,12,20,player-4,player-1
71,8,17,0.07137516513466835,player-1,26,25,16,28,player-1,player-1
71,9,20,0.05283299833536148,player-1,34,26,17,28,player-2,player-1
71,10,17,0.04720897413790226,player-3,39,30,23,29,player-3,player-3
71,11,18,0.05366699770092964,player-1,45,34,32,33,player-4,player-1
71,12,17,0.0475000124424696,player-1,48,38,32,35,player-1,player-1
71,13,18,0.05904096178710461,player-3,48,43,41,39,player-2,player-3
71,14,17,0.045291148126125336,player-3,50,44,45,42,player-3,player-3
71,15,17,0.06516696885228157,player-4,53,46,50,48,player-4,player-4
72,1,17,0.06616604514420033,player-4,7,5,2,8,player-4,player-4
72,2,18,0.045208027586340904,player-2,10,7,4,8,player-1,player-2
72,3,17,0.06008287891745567,player-2,10,10,4,10,player-2,player-2
72,4,18,0.05012494511902332,player-4,16,12,12,17,player-3,player-4
72,5,17,0.06908318027853966,player-4,19,13,17,23,player-4,player-4
72,6,24,0.06929202936589718,none,19,22,18,24,player-1,none
72,7,17,0.04950002767145634,player-2,23,28,20,25,player-2,player-2
72,8,36,0.059625133872032166,player-2,29,37,20,27,player-3,player-2
72,9,32,0.06029196083545685,player-3,31,37,28,31,player-4,player-3
72,10,20,0.04637520760297775,player-4,34,38,30,39,player-1,player-4
72,11,17,0.0660829246044159,player-2,34,40,37,44,player-2,player-2
72,12,17,0.05312496796250343,player-3,35,44,42,47,player-3,player-3
72,13,19,0.04870793782174587,player-2,35,46,45,49,player-4,player-2
72,14,17,0.0467090867459774,player-1,43,48,49,57,player-1,player-1
73,1,17,0.04775007255375385,player-4,10,6,5,7,player-4,player-4
73,2,17,0.0727921724319458,player-1,23,17,11,21,player-1,player-1
73,3,17,0.050708185881376266,player-2,23,22,12,21,player-2,player-2
73,4,17,0.06070802919566631,player-3,25,25,18,25,player-3,player-3
73,5,20,0.061416998505592346,player-3,30,29,27,27,player-4,player-3
73,6,21,0.05687493830919266,player-1,35,30,31,32,player-1,player-1
73,7,17,0.06329198367893696,player-2,41,36,31,35,player-2,player-2
73,8,20,0.06858282722532749,player-2,44,41,33,35,player-3,player-2
73,9,18,0.07512490265071392,player-1,47,45,36,42,player-4,player-1
73,10,19,0.06545800715684891,player-3,54,52,41,47,player-1,player-3
73,11,17,0.06066705100238323,player-2,55,62,44,47,player-2,player-2
74,1,17,0.06895908154547215,player-4,0,1,2,7,player-4,player-4
74,2,17,0.09533390402793884,player-1,4,3,3,8,player-1,player-1
74,3,17,0.0491670798510313,player-2,4,11,5,12,player-2,player-2
74,4,18,0.04854216240346432,player-4,6,11,6,15,player-3,player-4
74,5,18,0.04887511022388935,player-1,10,13,12,15,player-4,player-1
74,6,17,0.05337502807378769,player-1,13,18,12,21,player-1,player-1
74,7,17,0.04529207944869995,player-2,14,21,12,23,player-2,player-2
74,8,17,0.058374833315610886,player-3,20,22,15,27,player-3,player-3
74,9,19,0.060999998822808266,player-2,20,28,15,28,player-4,player-2
74,10,18,0.044625019654631615,player-2,20,30,16,32,player-1,player-2
74,11,18,0.05833408795297146,player-3,20,32,18,35,player-2,player-3
74,12,18,0.0649578869342804,player-4,23,41,18,40,player-3,player-4
74,13,15,0.03245798870921135,none,27,46,19,42,player-4,none
74,14,21,0.08445791900157928,player-1,32,52,25,53,player-1,player-1
75,1,20,0.0664170365780592,player-1,9,7,7,2,player-2,player-1
75,2,19,0.06095808930695057,player-1,14,9,13,3,player-3,player-1
75,3,20,0.10166713036596775,player-3,16,9,18,8,player-4,player-3
75,4,25,0.06975000724196434,player-1,21,10,20,8,player-1,player-1
75,5,26,0.06125005893409252,player-3,21,12,25,8,player-2,player-3
75,6,18,0.05104183219373226,player-4,21,14,26,11,player-3,player-4
75,7,19,0.05479203537106514,player-2,27,15,27,16,player-4,player-2
75,8,17,0.06841588765382767,player-1,31,19,32,22,player-1,player-1
75,9,17,0.14295801520347595,player-2,36,22,34,22,player-2,player-2
75,10,18,0.07858383469283581,player-4,36,22,36,29,player-3,player-4
75,11,17,0.05791708827018738,player-4,39,22,41,34,player-4,player-4
75,12,17,0.04045804962515831,player-1,43,22,42,36,player-1,player-1
75,13,17,0.047042034566402435,player-2,48,28,44,38,player-2,player-2
75,14,20,0.05083298310637474,player-2,50,30,47,40,player-3,player-2
75,15,18,0.07008318789303303,player-1,51,32,54,47,player-4,player-1
76,1,17,0.0708338338881731,player-4,1,2,4,4,player-4,player-4
76,2,17,0.06783287972211838,player-1,3,7,8,7,player-1,player-1
76,3,22,0.06812508217990398,player-3,3,9,12,12,player-2,player-3
76,4,18,0.07012509740889072,player-4,6,14,16,18,player-3,player-4
76,5,17,0.06379187107086182,player-4,6,17,20,23,player-4,player-4
76,6,20,0.0869168434292078,player-4,15,17,21,32,player-1,player-4
76,7,19,0.06137508898973465,player-4,15,18,27,34,player-2,player-4
76,8,20,0.07529114373028278,player-2,19,29,29,41,player-3,player-2
76,9,17,0.065250089392066,player-4,19,32,30,48,player-4,player-4
76,10,17,0.07583294063806534,player-1,29,33,35,55,player-1,player-1
76,11,17,0.059499870985746384,player-2,33,38,40,56,player-2,player-2
76,12,21,0.062417006120085716,player-3,34,40,40,62,player-3,player-3
77,1,17,0.04629185423254967,player-3,2,0,5,1,player-3,player-3
77,2,19,0.08329097181558609,player-2,2,6,9,5,player-4,player-2
77,3,17,0.0524579081684351,player-1,10,6,12,5,player-1,player-1
77,4,20,0.05870894528925419,player-1,12,9,12,7,player-2,player-1
77,5,19,0.07433397695422173,player-1,18,17,16,9,player-3,player-1
77,6,20,0.044999876990914345,none,21,21,18,11,player-4,none
77,7,18,0.05533313378691673,player-2,24,24,21,11,player-1,player-2
77,8,17,0.05287490785121918,player-2,24,27,21,14,player-2,player-2
77,9,18,0.04716706462204456,player-4,24,29,24,18,player-3,player-4
77,10,18,0.058208126574754715,player-1,26,31,30,21,player-4,player-1
77,11,19,0.055541982874274254,player-3,30,33,32,22,player-1,player-3
77,12,19,0.05904189310967922,player-4,38,38,37,25,player-2,player-4
77,13,17,0.05466700531542301,player-3,41,39,39,27,player-3,player-3
77,14,17,0.05737505853176117,player-4,44,40,40,35,player-4,player-4
77,15,17,0.1483331434428692,player-1,49,41,42,39,player-1,player-1
77,16,21,0.07270812056958675,player-2,51,50,43,40,player-2,player-2
77,17,18,0.10270788334310055,player-4,54,55,45,47,player-3,player-4
78,1,18,0.0741670373827219,player-4,12,10,8,5,player-3,player-4
78,2,17,0.0789170153439045,player-4,22,10,8,18,player-4,player-4
78,3,17,0.05933409556746483,player-1,24,11,10,21,player-1,player-1
78,4,19,0.07462501525878906,player-4,28,21,15,29,player-2,player-4
78,5,17,0.07416587322950363,player-3,34,25,18,31,player-3,player-3
78,6,18,0.05654105916619301,player-1,38,27,20,33,player-4,player-1
78,7,17,0.08399994112551212,player-1,45,33,23,33,player-1,player-1
78,8,22,0.06891600787639618,player-3,49,37,24,34,player-2,player-3
78,9,22,0.06833299994468689,player-4,52,41,29,35,player-3,player-4
78,10,17,0.059584155678749084,player-4,56,45,34,39,player-4,player-4
78,11,18,0.09283400140702724,player-2,59,52,40,42,player-1,player-2
78,12,17,0.05429191514849663,player-2,62,58,40,46,player-2,player-2
79,1,19,0.08004182018339634,player-4,5,4,3,4,player-2,player-4
79,2,17,0.05108397454023361,player-3,8,4,8,5,player-3,player-3
79,3,21,0.06916699931025505,player-4,9,4,10,9,player-4,player-4
79,4,17,0.055625103414058685,player-1,12,4,13,10,player-1,player-1
79,5,17,0.04491698928177357,player-2,13,6,13,11,player-2,player-2
79,6,18,0.09316718205809593,player-4,25,7,27,12,player-3,player-4
79,7,17,0.06812508217990398,player-4,27,14,30,19,player-4,player-4
79,8,18,0.061416998505592346,player-2,32,23,33,20,player-1,player-2
79,9,22,0.047042034566402435,none,34,25,35,20,player-2,none
79,10,17,0.04575005732476711,player-3,34,27,40,21,player-3,player-3
79,11,17,0.07629208266735077,player-4,41,27,43,29,player-4,player-4
79,12,19,0.05324999801814556,player-3,45,27,48,30,player-1,player-3
79,13,17,0.05804095417261124,player-2,48,37,48,33,player-2,player-2
79,14,17,0.05729100666940212,player-3,51,40,59,36,player-3,player-3
80,1,17,0.05862489342689514,player-3,2,2,6,0,player-3,player-3
80,2,17,0.06629200652241707,player-4,5,2,6,6,player-4,player-4
80,3,20,0.05600019358098507,player-4,8,7,8,7,player-1,player-4
80,4,17,0.05633290857076645,player-2,14,10,11,11,player-2,player-2
80,5,21,0.05962490104138851,player-3,20,15,15,15,player-3,player-3
80,6,18,0.05312496796250343,player-1,30,15,17,17,player-4,player-1
80,7,18,0.07412489503622055,player-2,34,15,25,18,player-1,player-2
80,8,18,0.05729217082262039,player-3,36,20,31,19,player-2,player-3
80,9,30,0.07275003008544445,none,36,25,39,19,player-3,none
80,10,18,0.07212487980723381,player-1,41,32,41,22,player-4,player-1
80,11,17,0.05249981768429279,player-1,43,34,47,22,player-1,player-1
80,12,20,0.06862496957182884,player-1,51,36,52,29,player-2,player-1
81,1,17,0.05795806646347046,player-3,0,1,5,1,player-3,player-3
81,2,17,0.05520787090063095,player-4,4,3,7,6,player-4,player-4
81,3,18,0.05545793101191521,player-2,8,13,8,11,player-1,player-2
81,4,28,0.055167125537991524,none,8,15,8,11,player-2,none
81,5,17,0.05154102109372616,player-3,9,15,11,13,player-3,player-3
81,6,19,0.05362485535442829,player-2,12,16,14,16,player-4,player-2
81,7,18,0.045625027269124985,player-2,14,22,18,19,player-1,player-2
81,8,17,0.05258386954665184,player-2,18,25,19,21,player-2,player-2
81,9,18,0.051541952416300774,player-4,23,27,21,21,player-3,player-4
81,10,19,0.05645886994898319,player-2,26,31,25,23,player-4,player-2
81,11,17,0.05779205821454525,player-1,32,31,26,28,player-1,player-1
81,12,23,0.05070795305073261,none,32,35,26,33,player-2,none
81,13,17,0.054040923714637756,player-3,38,38,30,37,player-3,player-3
81,14,17,0.057208118960261345,player-4,39,44,30,42,player-4,player-4
81,15,18,0.05004182457923889,player-2,42,44,33,49,player-1,player-2
81,16,18,0.04354189150035381,player-3,43,44,36,54,player-2,player-3
81,17,19,0.07137516513466835,player-1,45,45,41,58,player-3,player-1
82,1,21,0.060582999140024185,player-2,0,9,5,0,player-2,player-2
82,2,35,0.08199992589652538,player-1,11,14,7,0,player-3,player-1
82,3,20,0.07520918734371662,player-3,18,22,10,1,player-4,player-3
82,4,17,0.03841612488031387,player-1,24,22,11,2,player-1,player-1
82,5,21,0.06954185664653778,player-2,26,25,15,8,player-2,player-2
82,6,17,0.04679197445511818,player-3,28,29,20,8,player-3,player-3
82,7,24,0.06670807488262653,player-3,28,38,32,10,player-4,player-3
82,8,18,0.05383300594985485,player-2,36,41,37,15,player-1,player-2
82,9,17,0.050584087148308754,player-2,41,45,37,22,player-2,player-2
82,10,17,0.05150004290044308,player-3,49,46,41,22,player-3,player-3
82,11,17,0.058374833315610886,player-4,54,49,45,34,player-4,player-4
82,12,17,0.05179084837436676,player-1,57,50,48,36,player-1,player-1
83,1,24,0.0463330652564764,none,3,3,0,2,player-2,none
83,2,18,0.06087496876716614,player-4,13,6,5,9,player-3,player-4
83,3,19,0.05320901982486248,player-2,13,12,6,14,player-4,player-2
83,4,17,0.05066697485744953,player-1,22,16,11,19,player-1,player-1
83,5,17,0.03987504169344902,player-2,22,23,15,19,player-2,player-2
83,6,21,0.07045897655189037,player-3,27,30,25,24,player-3,player-3
83,7,19,0.07358402945101261,player-2,29,37,29,26,player-4,player-2
83,8,20,0.0541249755769968,player-4,34,39,39,28,player-1,player-4
83,9,20,0.055042095482349396,player-1,41,40,42,33,player-2,player-1
83,10,17,0.049666035920381546,player-3,43,45,54,34,player-3,player-3
83,11,23,0.06791693158447742,player-2,51,52,54,39,player-4,player-2
84,1,19,0.06654206663370132,player-4,3,2,2,7,player-2,player-4
84,2,24,0.06512505933642387,player-2,5,5,7,7,player-3,player-2
84,3,24,0.07679197005927563,player-3,8,11,7,12,player-4,player-3
84,4,17,0.04175002686679363,player-1,21,13,9,12,player-1,player-1
84,5,19,0.054999953135848045,player-4,22,14,13,17,player-2,player-4
84,6,17,0.047459034249186516,player-3,25,19,14,19,player-3,player-3
84,7,18,0.04533398896455765,player-1,27,19,19,24,player-4,player-1
84,8,17,0.049042049795389175,player-1,31,23,19,27,player-1,player-1
84,9,18,0.041207997128367424,player-3,34,26,21,29,player-2,player-3
84,10,18,0.04929187707602978,player-4,39,26,25,33,player-3,player-4
84,11,19,0.05670893006026745,player-2,39,29,26,40,player-4,player-2
84,12,17,0.05974993109703064,player-1,46,32,26,44,player-1,player-1
84,13,17,0.05091703496873379,player-2,53,33,36,53,player-2,player-2
84,14,19,0.05308305844664574,player-1,53,33,43,57,player-3,player-1
84,15,18,0.06487499922513962,player-1,60,36,47,59,player-4,player-1
85,1,17,0.05612499080598354,player-2,2,2,6,0,player-2,player-2
85,2,18,0.05208305083215237,player-4,7,2,9,4,player-3,player-4
85,3,17,0.05545886233448982,player-4,9,4,12,11,player-4,player-4
85,4,18,0.06283307448029518,player-2,11,9,13,20,player-1,player-2
85,5,17,0.04895799793303013,player-2,13,13,13,22,player-2,player-2
85,6,17,0.052167102694511414,player-3,15,21,16,24,player-3,player-3
85,7,17,0.05208398215472698,player-4,20,23,16,31,player-4,player-4
85,8,17,0.0535410363227129,player-1,32,30,20,31,player-1,player-1
85,9,18,0.044833868741989136,player-3,36,32,29,32,player-2,player-3
85,10,17,0.07679080590605736,player-3,47,33,34,39,player-3,player-3
85,11,23,0.1330419909209013,player-2,50,38,34,43,player-4,player-2
85,12,17,0.0538751482963562,player-1,57,38,40,43,player-1,player-1
85,13,20,0.05974993109703064,player-1,58,42,44,45,player-2,player-1
86,1,18,0.06849993951618671,player-3,5,1,6,2,player-2,player-3
86,2,17,0.06233295425772667,player-3,8,2,9,2,player-3,player-3
86,3,17,0.04641595296561718,player-4,13,5,9,7,player-4,player-4
86,4,18,0.056584132835268974,player-2,14,11,9,7,player-1,player-2
86,5,17,0.04966696724295616,player-2,23,14,14,10,player-2,player-2
86,6,17,0.048625050112605095,player-3,23,15,17,14,player-3,player-3
86,7,17,0.07083313539624214,player-4,27,18,21,25,player-4,player-4
86,8,17,0.1222090795636177,player-1,31,18,26,31,player-1,player-1
86,9,17,0.051999930292367935,player-2,32,22,27,32,player-2,player-2
86,10,17,0.053041847422719,player-3,37,24,37,32,player-3,player-3
86,11,17,0.057540833950042725,player-4,38,28,38,41,player-4,player-4
86,12,17,0.04837499000132084,player-1,44,29,40,43,player-1,player-1
86,13,17,0.05287490785121918,player-2,49,35,40,43,player-2,player-2
86,14,17,0.0435409601777792,player-3,50,35,46,46,player-3,player-3
86,15,18,0.05379202775657177,player-1,56,37,47,52,player-4,player-1
87,1,21,0.054416945204138756,player-4,0,5,2,8,player-4,player-4
87,2,18,0.04570791497826576,player-2,3,7,5,9,player-1,player-2
87,3,17,0.05724979564547539,player-2,7,15,7,9,player-2,player-2
87,4,18,0.059125013649463654,player-4,11,17,10,9,player-3,player-4
87,5,19,0.05250005051493645,player-2,12,22,13,10,player-4,player-2
87,6,25,0.06254203617572784,player-1,13,27,14,12,player-1,player-1
87,7,18,0.07425015792250633,player-3,15,29,18,12,player-2,player-3
87,8,17,0.05291611887514591,player-3,21,29,23,16,player-3,player-3
87,9,17,0.06133411079645157,player-4,23,29,28,18,player-4,player-4
87,10,17,0.06720819510519505,player-1,29,29,35,19,player-1,player-1
87,11,17,0.0627078115940094,player-2,36,35,40,24,player-2,player-2
87,12,17,0.052582938224077225,player-3,43,35,43,28,player-3,player-3
87,13,18,0.05470891483128071,player-1,47,39,45,34,player-4,player-1
87,14,17,0.04312489181756973,player-1,49,43,48,36,player-1,player-1
87,15,17,0.0566667877137661,player-2,57,45,51,41,player-2,player-2
88,1,27,0.05454104393720627,none,1,1,2,2,player-4,none
88,2,17,0.05895807407796383,player-1,15,6,2,3,player-1,player-1
88,3,23,0.06666709668934345,player-4,18,10,4,7,player-2,player-4
88,4,17,0.05137501284480095,player-3,22,16,7,14,player-3,player-3
88,5,18,0.06320886313915253,player-1,34,21,14,14,player-4,player-1
88,6,18,0.06479211151599884,player-2,36,22,22,14,player-1,player-2
88,7,17,0.06495811976492405,player-2,39,25,23,14,player-2,player-2
88,8,21,0.06541702896356583,player-3,39,28,27,17,player-3,player-3
88,9,17,0.08437503129243851,player-4,46,28,30,31,player-4,player-4
88,10,20,0.06325007416307926,player-4,47,33,34,31,player-1,player-4
88,11,19,0.07054093293845654,player-4,48,36,34,34,player-2,player-4
88,12,18,0.08287490345537663,player-4,55,36,38,35,player-3,player-4
88,13,18,0.056999968364834785,player-1,61,36,42,38,player-4,player-1
89,1,17,0.042667146772146225,player-3,0,1,8,0,player-3,player-3
89,2,24,0.0613329466432333,player-3,5,3,18,5,player-4,player-3
89,3,17,0.04875008016824722,player-1,10,4,21,8,player-1,player-1
89,4,18,0.041499966755509377,player-3,12,5,27,8,player-2,player-3
89,5,18,0.04454189911484718,player-4,12,6,28,9,player-3,player-4
89,6,18,0.05566701292991638,player-1,21,12,37,14,player-4,player-1
89,7,21,0.05508400499820709,player-1,25,12,39,21,player-1,player-1
89,8,20,0.052167102694511414,player-1,29,14,39,24,player-2,player-1
89,9,18,0.045666005462408066,player-4,31,14,43,34,player-3,player-4
89,10,17,0.05562487058341503,player-4,31,20,49,36,player-4,player-4
89,11,18,0.06687501445412636,player-2,35,27,49,37,player-1,player-2
89,12,19,0.055541982874274254,player-4,40,29,51,43,player-2,player-4
89,13,17,0.055666081607341766,player-3,44,35,54,43,player-3,player-3
89,14,17,0.05024997517466545,player-4,44,37,57,50,player-4,player-4
90,1,17,0.05450006574392319,player-1,3,2,9,2,player-1,player-1
90,2,18,0.0575000885874033,player-3,3,3,16,3,player-2,player-3
90,3,21,0.06283284164965153,player-3,6,3,24,5,player-3,player-3
90,4,17,0.04641711711883545,player-4,11,7,31,10,player-4,player-4
90,5,17,0.05929195322096348,player-1,13,7,37,14,player-1,player-1
90,6,24,0.0677499920129776,player-1,17,8,39,17,player-2,player-1
90,7,17,0.043082982301712036,player-3,19,10,45,20,player-3,player-3
90,8,18,0.05833315663039684,player-1,22,10,48,23,player-4,player-1
90,9,17,0.06400002166628838,player-1,24,13,49,26,player-1,player-1
90,10,20,0.08408306166529655,player-1,32,15,52,29,player-2,player-1
90,11,17,0.05000014789402485,player-3,44,24,58,31,player-3,player-3
91,1,18,0.05425000563263893,player-2,5,3,3,4,player-1,player-2
91,2,27,0.07324991747736931,player-4,5,4,3,13,player-2,player-4
91,3,18,0.05520787090063095,player-4,5,6,7,16,player-3,player-4
91,4,21,0.06629200652241707,player-4,6,12,15,16,player-4,player-4
91,5,17,0.05137501284480095,player-1,13,15,18,16,player-1,player-1
91,6,18,0.0599580816924572,player-3,13,18,23,16,player-2,player-3
91,7,17,0.050582922995090485,player-3,13,21,32,19,player-3,player-3
91,8,18,0.056833960115909576,player-1,18,24,35,21,player-4,player-1
91,9,17,0.04337495192885399,player-1,20,27,39,24,player-1,player-1
91,10,17,0.04775007255375385,player-2,23,30,41,26,player-2,player-2
91,11,19,0.05329097621142864,player-1,31,31,44,30,player-3,player-1
91,12,20,0.05966704338788986,player-3,31,32,51,33,player-4,player-3
91,13,17,0.049791065976023674,player-1,38,32,52,42,player-1,player-1
91,14,17,0.0527501106262207,player-2,40,37,56,42,player-2,player-2
91,15,20,0.051582930609583855,player-2,42,42,59,42,player-3,player-2
92,1,17,0.055916840210556984,player-2,0,8,3,2,player-2,player-2
92,2,18,0.04629092290997505,player-4,3,8,3,7,player-3,player-4
92,3,21,0.0485831405967474,player-4,5,9,5,11,player-4,player-4
92,4,22,0.05974993109703064,player-2,10,10,9,14,player-1,player-2
92,5,19,0.048999907448887825,player-4,12,14,11,14,player-2,player-4
92,6,26,0.060499878600239754,player-4,15,16,13,19,player-3,player-4
92,7,17,0.057167140766978264,player-4,16,20,17,23,player-4,player-4
92,8,20,0.04579196684062481,player-4,18,21,19,25,player-1,player-4
92,9,17,0.05133310332894325,player-2,20,27,19,25,player-2,player-2
92,10,18,0.06808293983340263,player-4,25,28,30,27,player-3,player-4
92,11,17,0.04854099825024605,player-4,25,28,32,32,player-4,player-4
92,12,17,0.061957864090800285,player-1,33,31,37,32,player-1,player-1
92,13,17,0.054167117923498154,player-2,36,34,44,34,player-2,player-2
92,14,17,0.05970895290374756,player-3,41,35,50,37,player-3,player-3
92,15,17,0.04337495192885399,player-4,47,39,54,45,player-4,player-4
93,1,17,0.04241708666086197,player-2,1,2,1,0,player-2,player-2
93,2,17,0.040082959458231926,player-3,3,3,8,0,player-3,player-3
93,3,19,0.06362493149936199,player-2,5,7,8,2,player-4,player-2
93,4,17,0.053958967328071594,player-1,9,16,10,5,player-1,player-1
93,5,17,0.04987488500773907,player-2,11,18,13,9,player-2,player-2
93,6,17,0.05891709588468075,player-3,12,18,17,12,player-3,player-3
93,7,17,0.05474989302456379,player-4,14,22,20,18,player-4,player-4
93,8,19,0.0541249755769968,player-3,23,22,32,21,player-1,player-3
93,9,17,0.0475000124424696,player-2,29,26,35,22,player-2,player-2
93,10,22,0.07995893247425556,player-4,38,28,38,23,player-3,player-4
93,11,23,0.06466591730713844,player-2,42,31,40,27,player-4,player-2
93,12,17,0.0815829262137413,player-1,60,32,49,32,player-1,player-1
94,1,19,0.06820913404226303,player-2,7,0,0,5,player-4,player-2
94,2,19,0.051208073273301125,player-3,11,5,3,7,player-1,player-3
94,3,17,0.05487515591084957,player-2,16,12,3,10,player-2,player-2
94,4,17,0.051958952099084854,player-3,20,12,8,13,player-3,player-3
94,5,21,0.046042026951909065,player-4,20,13,8,20,player-4,player-4
94,6,18,0.06620795466005802,player-2,28,23,16,22,player-1,player-2
94,7,21,0.052165938541293144,player-2,30,26,18,26,player-2,player-2
94,8,17,0.0463330652564764,player-3,30,30,22,32,player-3,player-3
94,9,17,0.039125094190239906,player-4,32,33,22,40,player-4,player-4
94,10,20,0.05570799112319946,player-4,33,36,23,41,player-1,player-4
94,11,17,0.040250131860375404,player-2,35,45,23,43,player-2,player-2
94,12,22,0.05329190753400326,player-4,37,47,24,50,player-3,player-4
94,13,17,0.04258309490978718,player-4,38,48,24,54,player-4,player-4
95,1,17,0.048208050429821014,player-1,4,3,0,0,player-1,player-1
95,2,17,0.045082997530698776,player-2,9,11,2,1,player-2,player-2
95,3,17,0.05337502807378769,player-3,17,19,8,5,player-3,player-3
95,4,20,0.0635411124676466,player-3,24,23,11,8,player-4,player-3
95,5,17,0.05087512545287609,player-1,30,24,14,8,player-1,player-1
95,6,18,0.04775007255375385,player-3,32,27,25,10,player-2,player-3
95,7,17,0.047250185161828995,player-3,34,29,31,13,player-3,player-3
95,8,19,0.04733284004032612,player-2,35,34,33,18,player-4,player-2
95,9,17,0.049625057727098465,player-1,42,36,33,18,player-1,player-1
95,10,20,0.047208042815327644,player-1,46,38,33,18,player-2,player-1
95,11,25,0.06725010462105274,none,49,39,39,19,player-3,none
95,12,19,0.0554998405277729,player-2,53,44,42,20,player-4,player-2
95,13,17,0.04391605034470558,player-1,55,45,46,23,player-1,player-1
96,1,17,0.04791584797203541,player-4,5,2,3,2,player-4,player-4
96,2,17,0.047582900151610374,player-1,10,2,6,3,player-1,player-1
96,3,18,0.07395795546472073,player-3,18,9,13,4,player-2,player-3
96,4,17,0.04854099825024605,player-3,20,10,18,7,player-3,player-3
96,5,17,0.050042057409882545,player-4,22,10,21,12,player-4,player-4
96,6,20,0.0516669824719429,player-4,24,16,25,20,player-1,player-4
96,7,20,0.060916878283023834,player-1,30,20,27,22,player-2,player-1
96,8,17,0.035582808777689934,none,30,21,32,27,player-3,none
96,9,17,0.055957818403840065,player-4,35,24,38,33,player-4,player-4
96,10,17,0.10987510904669762,player-1,42,28,41,35,player-1,player-1
96,11,17,0.05658390000462532,player-2,44,37,43,35,player-2,player-2
96,12,18,0.060416990891098976,player-4,44,42,51,42,player-3,player-4
96,13,19,0.05379202775657177,player-2,50,45,51,51,player-4,player-2
97,1,22,0.058916863054037094,none,3,6,4,4,player-1,none
97,2,17,0.051459064707159996,player-2,8,8,5,4,player-2,player-2
97,3,17,0.05091703496873379,player-3,10,8,8,6,player-3,player-3
97,4,19,0.05479203537106514,player-2,12,15,10,8,player-4,player-2
97,5,17,0.06362493149936199,player-1,16,16,10,8,player-1,player-1
97,6,19,0.073291826993227,player-4,19,20,14,8,player-2,player-4
97,7,17,0.04695798270404339,player-3,20,22,17,10,player-3,player-3
97,8,17,0.06625009700655937,player-4,22,25,19,15,player-4,player-4
97,9,18,0.059374840930104256,player-2,33,26,20,21,player-1,player-2
97,10,18,0.09508314542472363,player-3,38,28,30,29,player-2,player-3
97,11,19,0.05416618660092354,player-1,41,31,34,29,player-3,player-1
97,12,19,0.0452499371021986,player-2,45,34,34,30,player-4,player-2
97,13,18,0.04695798270404339,player-2,47,35,37,34,player-1,player-2
97,14,17,0.05312496796250343,player-2,48,39,40,36,player-2,player-2
97,15,17,0.049541937187314034,player-3,52,39,44,36,player-3,player-3
97,16,17,0.049833906814455986,player-4,52,41,52,41,player-4,player-4
98,1,17,0.06783404387533665,player-3,2,3,7,6,player-3,player-3
98,2,18,0.05308398976922035,player-1,3,5,9,10,player-4,player-1
98,3,17,0.0541249755769968,player-1,9,9,14,16,player-1,player-1
98,4,17,0.05070795305073261,player-2,9,20,16,19,player-2,player-2
98,5,17,0.0477498397231102,player-3,9,23,19,22,player-3,player-3
98,6,17,0.060542020946741104,player-4,11,25,25,25,player-4,player-4
98,7,17,0.04375004209578037,player-1,17,27,26,26,player-1,player-1
98,8,20,0.05466700531542301,player-1,17,33,30,29,player-2,player-1
98,9,20,0.05691708065569401,player-2,26,45,31,33,player-3,player-2
98,10,24,0.07070810534060001,player-3,30,52,34,36,player-4,player-3
98,11,17,0.053999945521354675,player-1,37,56,43,39,player-1,player-1
98,12,17,0.06087496876716614,player-2,39,66,49,46,player-2,player-2
99,1,21,0.06858306005597115,player-3,1,2,6,3,player-3,player-3
99,2,17,0.05445815622806549,player-4,7,10,7,4,player-4,player-4
99,3,17,0.049582915380597115,player-1,10,14,9,6,player-1,player-1
99,4,17,0.05083298310637474,player-2,13,17,13,8,player-2,player-2
99,5,19,0.0635411124676466,player-1,28,17,19,8,player-3,player-1
99,6,18,0.04545808769762516,player-1,33,19,19,11,player-4,player-1
99,7,17,0.041499966755509377,player-1,38,22,21,12,player-1,player-1
99,8,19,0.0424159225076437,player-4,41,24,23,19,player-2,player-4
99,9,17,0.06533297710120678,player-3,48,24,34,19,player-3,player-3
99,10,18,0.08929218165576458,player-1,51,25,35,25,player-4,player-1
99,11,17,0.05654105916619301,player-1,56,27,36,27,player-1,player-1
99,12,20,0.06083305925130844,player-1,60,32,38,30,player-2,player-1
99,13,17,0.05845795385539532,player-3,65,33,38,30,player-3,player-3
100,1,17,0.04233303479850292,player-1,5,0,0,2,player-1,player-1
100,2,19,0.052625080570578575,player-4,8,3,0,4,player-2,player-4
100,3,17,0.05029188469052315,player-3,13,12,5,9,player-3,player-3
100,4,17,0.05366699770092964,player-4,20,12,10,11,player-4,player-4
100,5,22,0.0535410363227129,player-2,21,14,14,12,player-1,player-2
100,6,18,0.07241591811180115,player-3,27,17,29,17,player-2,player-3
100,7,20,0.07554120384156704,player-2,29,22,31,20,player-3,player-2
100,8,17,0.053625088185071945,player-4,29,23,36,23,player-4,player-4
100,9,17,0.06120908074080944,player-1,34,23,41,23,player-1,player-1
100,10,17,0.05691708065569401,player-2,36,33,41,26,player-2,player-2
100,11,17,0.0512909609824419,player-3,41,34,46,30,player-3,player-3
100,12,17,0.050083035603165627,player-4,45,38,47,33,player-4,player-4
100,13,29,0.06091617979109287,player-1,54,39,47,35,player-1,player-1
101,1,18,0.04912517033517361,player-2,3,4,1,1,player-1,player-2
101,2,18,0.058540841564536095,player-3,4,10,5,1,player-2,player-3
101,3,19,0.05250005051493645,player-1,7,12,10,1,player-3,player-1
101,4,17,0.05154102109372616,player-4,10,12,17,8,player-4,player-4
101,5,19,0.07212511263787746,player-3,13,14,27,16,player-1,player-3
101,6,17,0.05450006574392319,player-2,18,20,27,17,player-2,player-2
101,7,17,0.054584117606282234,player-3,22,26,33,17,player-3,player-3
101,8,20,0.06162491627037525,player-3,25,33,34,23,player-4,player-3
101,9,18,0.06079208105802536,player-2,36,35,47,24,player-1,player-2
101,10,19,0.061374856159090996,player-4,39,37,55,32,player-2,player-4
101,11,17,0.05320901982486248,player-3,41,39,59,33,player-3,player-3
102,1,18,0.04850002005696297,player-2,4,8,1,1,player-1,player-2
102,2,17,0.05229213275015354,player-2,7,12,2,1,player-2,player-2
102,3,22,0.04800013266503811,none,7,12,4,1,player-3,none
102,4,18,0.07362500764429569,player-1,15,15,10,7,player-4,player-1
102,5,19,0.05254102870821953,player-3,15,16,16,12,player-1,player-3
102,6,19,0.04949979484081268,player-4,21,19,22,16,player-2,player-4
102,7,19,0.042250147089362144,none,21,21,24,17,player-3,none
102,8,17,0.05554105155169964,player-4,23,25,29,20,player-4,player-4
102,9,18,0.047165900468826294,player-2,26,30,30,20,player-1,player-2
102,10,19,0.063000014051795,player-4,32,33,34,24,player-2,player-4
102,11,18,0.055165961384773254,player-4,33,38,38,31,player-3,player-4
102,12,17,0.05937507376074791,player-4,41,38,39,38,player-4,player-4
102,13,17,0.0639171339571476,player-1,46,38,45,39,player-1,player-1
102,14,17,0.04812516272068024,player-2,48,43,45,44,player-2,player-2
102,15,29,0.07975008338689804,player-3,49,45,48,44,player-3,player-3
102,16,17,0.055040931329131126,player-4,51,46,48,50,player-4,player-4
102,17,17,0.06791693158447742,player-1,54,48,48,50,player-1,player-1
103,1,20,0.06554205901920795,player-2,0,4,5,5,player-3,player-2
103,2,17,0.05308305844664574,player-4,0,4,7,11,player-4,player-4
103,3,17,0.04145805723965168,player-1,4,6,9,12,player-1,player-1
103,4,21,0.08366699330508709,player-2,6,12,12,19,player-2,player-2
103,5,18,0.053374795243144035,player-4,8,18,16,20,player-3,player-4
103,6,19,0.06495811976492405,player-2,13,21,24,23,player-4,player-2
103,7,22,0.06449990905821323,player-2,18,27,30,23,player-1,player-2
103,8,17,0.03762519918382168,player-2,24,30,30,23,player-2,player-2
103,9,17,0.060959020629525185,player-3,32,36,43,24,player-3,player-3
103,10,18,0.06654183380305767,player-1,35,42,43,29,player-4,player-1
103,11,17,0.07220800034701824,player-1,43,45,54,29,player-1,player-1
103,12,17,0.042665982618927956,player-2,45,46,58,29,player-2,player-2
104,1,18,0.05583302117884159,player-1,2,6,0,5,player-4,player-1
104,2,19,0.0566667877137661,player-3,4,8,2,13,player-1,player-3
104,3,19,0.04674983210861683,player-4,4,15,5,16,player-2,player-4
104,4,17,0.04175002686679363,player-3,5,16,7,17,player-3,player-3
104,5,17,0.044958898797631264,player-4,8,19,12,22,player-4,player-4
104,6,18,0.051042065024375916,player-2,9,22,18,24,player-1,player-2
104,7,18,0.04754099063575268,player-3,16,22,21,27,player-2,player-3
104,8,19,0.08825003169476986,player-1,30,31,28,39,player-3,player-1
104,9,17,0.050208065658807755,player-4,36,33,32,43,player-4,player-4
104,10,17,0.04433281719684601,player-1,43,33,34,51,player-1,player-1
104,11,19,0.0599580816924572,player-4,45,36,39,57,player-2,player-4
104,12,18,0.07066596299409866,player-4,46,39,47,64,player-3,player-4
105,1,17,0.04075001925230026,player-1,6,0,2,5,player-1,player-1
105,2,17,0.05666702054440975,player-2,8,9,10,15,player-2,player-2
105,3,17,0.05079084075987339,player-3,10,17,21,15,player-3,player-3
105,4,19,0.09733391925692558,player-2,24,21,26,17,player-4,player-2
105,5,17,0.046459026634693146,player-1,33,27,33,19,player-1,player-1
105,6,17,0.062000006437301636,player-2,34,35,34,26,player-2,player-2
105,7,18,0.05520787090063095,player-4,36,40,40,26,player-3,player-4
105,8,17,0.050541944801807404,player-4,39,48,40,28,player-4,player-4
105,9,20,0.05679088644683361,player-4,42,48,45,36,player-1,player-4
105,10,17,0.05075009539723396,player-2,43,55,48,40,player-2,player-2
105,11,17,0.07250020280480385,player-3,51,55,54,43,player-3,player-3
106,1,18,0.04441710188984871,player-4,2,0,1,4,player-3,player-4
106,2,20,0.05708285607397556,player-3,3,1,6,7,player-4,player-3
106,3,19,0.059208134189248085,player-3,11,3,11,15,player-1,player-3
106,4,17,0.050582922995090485,player-2,18,7,16,16,player-2,player-2
106,5,17,0.04133302718400955,player-3,21,7,20,19,player-3,player-3
106,6,17,0.06916606798768044,player-4,24,8,26,22,player-4,player-4
106,7,17,0.0413751695305109,player-1,33,9,29,24,player-1,player-1
106,8,17,0.05387491546571255,player-2,38,10,32,26,player-2,player-2
106,9,17,0.0602079089730978,player-3,44,14,43,29,player-3,player-3
106,10,19,0.06424984894692898,player-2,46,18,45,31,player-4,player-2
106,11,17,0.048832967877388,player-1,51,24,51,38,player-1,player-1
107,1,18,0.07099984213709831,player-2,4,4,2,2,player-1,player-2
107,2,21,0.06004190072417259,player-2,9,10,8,6,player-2,player-2
107,3,18,0.05179201252758503,player-4,13,12,12,14,player-3,player-4
107,4,17,0.0491670798510313,player-4,16,12,12,19,player-4,player-4
107,5,18,0.050541944801807404,player-2,20,18,14,25,player-1,player-2
107,6,20,0.05470914766192436,player-1,29,26,17,25,player-2,player-1
107,7,19,0.056833960115909576,player-1,38,32,21,27,player-3,player-1
107,8,17,0.05533313378691673,player-4,44,36,26,29,player-4,player-4
107,9,21,0.058333855122327805,player-1,49,37,31,33,player-1,player-1
107,10,17,0.06362493149936199,player-2,52,42,32,35,player-2,player-2
107,11,17,0.058542005717754364,player-3,55,45,35,39,player-3,player-3
107,12,17,0.04779198206961155,player-4,55,48,35,52,player-4,player-4
108,1,17,0.04716613329946995,player-4,1,1,3,13,player-4,player-4
108,2,17,0.05529192276299,player-1,8,2,4,16,player-1,player-1
108,3,17,0.11304207146167755,player-2,14,7,11,26,player-2,player-2
108,4,17,0.06020884029567242,player-3,16,9,14,31,player-3,player-3
108,5,17,0.05683302879333496,player-4,17,11,18,35,player-4,player-4
108,6,17,0.07529091089963913,player-1,19,11,21,35,player-1,player-1
108,7,17,0.08291611447930336,player-2,24,13,24,36,player-2,player-2
108,8,18,0.056499848142266273,player-4,30,13,24,46,player-3,player-4
108,9,17,0.0649578869342804,player-4,32,13,31,56,player-4,player-4
108,10,26,0.06983312778174877,player-2,36,17,42,60,player-1,player-2
108,11,18,0.05179201252758503,player-3,46,21,46,63,player-2,player-3
108,12,21,0.07833284325897694,player-3,48,24,51,73,player-3,player-3
108,13,18,0.045999884605407715,player-1,50,25,53,75,player-4,player-1
109,1,17,0.05341600626707077,player-2,3,2,0,0,player-2,player-2
109,2,17,0.04879198968410492,player-3,8,2,3,1,player-3,player-3
109,3,17,0.05937507376074791,player-4,8,8,8,7,player-4,player-4
109,4,24,0.07320800796151161,player-4,19,9,20,7,player-1,player-4
109,5,17,0.06258301436901093,player-2,19,18,21,10,player-2,player-2
109,6,17,0.08483300916850567,player-3,30,20,27,17,player-3,player-3
109,7,17,0.07354095578193665,player-4,30,20,29,25,player-4,player-4
109,8,17,0.05458318628370762,player-1,40,20,29,29,player-1,player-1
109,9,17,0.05804095417261124,player-2,40,26,33,32,player-2,player-2
109,10,17,0.056833960115909576,player-3,41,31,38,35,player-3,player-3
109,11,17,0.06116693839430809,player-4,45,31,38,38,player-4,player-4
109,12,17,0.04891701973974705,player-1,51,32,38,38,player-1,player-1
109,13,17,0.04616612568497658,player-2,51,40,39,38,player-2,player-2
109,14,17,0.04854192957282066,player-3,51,42,41,38,player-3,player-3
109,15,17,0.06654206663370132,player-4,54,52,43,43,player-4,player-4
109,16,17,0.06287498399615288,player-1,58,53,46,53,player-1,player-1
110,1,17,0.06174994632601738,player-2,2,2,1,3,player-2,player-2
110,2,17,0.05350005812942982,player-3,2,9,4,6,player-3,player-3
110,3,18,0.06625009700655937,player-1,11,15,9,10,player-4,player-1
110,4,17,0.06374996155500412,player-1,21,15,13,13,player-1,player-1
110,5,18,0.052958959713578224,player-3,30,16,26,16,player-2,player-3
110,6,18,0.057208118960261345,player-4,32,18,32,23,player-3,player-4
110,7,20,0.05570892244577408,player-3,37,25,38,24,player-4,player-3
110,8,19,0.052625080570578575,player-3,40,25,40,24,player-1,player-3
110,9,25,0.061959028244018555,player-2,42,32,42,29,player-2,player-2
110,10,17,0.06450014188885689,player-3,50,36,48,34,player-3,player-3
110,11,19,0.06766594015061855,player-2,51,43,53,36,player-4,player-2
111,1,17,0.0550001859664917,player-2,11,6,0,4,player-2,player-2
111,2,22,0.04458380863070488,none,11,8,1,6,player-3,none
111,3,19,0.049625057727098465,player-2,11,10,6,11,player-4,player-2
111,4,17,0.06029196083545685,player-1,14,13,17,13,player-1,player-1
111,5,20,0.09399978443980217,player-1,20,20,21,25,player-2,player-1
111,6,19,0.05462486296892166,player-1,21,20,23,27,player-3,player-1
111,7,17,0.057042110711336136,player-4,22,22,25,32,player-4,player-4
111,8,17,0.05566584877669811,player-1,33,22,25,37,player-1,player-1
111,9,18,0.051999930292367935,player-3,39,26,28,38,player-2,player-3
111,10,17,0.05270796827971935,player-3,42,33,31,43,player-3,player-3
111,11,17,0.03679213114082813,player-4,48,33,33,44,player-4,player-4
111,12,17,0.060165999457240105,player-1,54,35,37,47,player-1,player-1
111,13,17,0.06791600026190281,player-2,60,46,44,47,player-2,player-2
112,1,17,0.06591691635549068,player-1,11,7,0,4,player-1,player-1
112,2,18,0.04929094575345516,player-3,13,12,2,8,player-2,player-3
112,3,17,0.05375011824071407,player-3,19,14,7,14,player-3,player-3
112,4,17,0.04712492227554321,player-4,24,15,7,18,player-4,player-4
112,5,21,0.08562509901821613,player-1,24,15,7,25,player-1,player-1
112,6,17,0.09783287532627583,player-2,32,16,15,25,player-2,player-2
112,7,17,0.061166007071733475,player-3,35,19,22,29,player-3,player-3
112,8,17,0.05095801316201687,player-4,36,22,22,32,player-4,player-4
112,9,17,0.04850002005696297,player-1,40,24,24,38,player-1,player-1
112,10,23,0.06924988701939583,player-4,45,32,27,43,player-2,player-4
112,11,17,0.0705840066075325,player-3,56,35,34,45,player-3,player-3
112,12,17,0.06354204379022121,player-4,57,37,36,50,player-4,player-4
112,13,17,0.04645809531211853,player-1,73,37,36,52,player-1,player-1
113,1,18,0.07104105316102505,player-4,9,1,0,10,player-3,player-4
113,2,17,0.05395803600549698,player-4,14,3,5,12,player-4,player-4
113,3,21,0.07487507537007332,player-1,21,6,12,17,player-1,player-1
113,4,17,0.06545917131006718,player-2,21,15,13,19,player-2,player-2
113,5,18,0.045208027586340904,player-4,21,18,16,26,player-3,player-4
113,6,17,0.04474981687963009,player-4,23,20,19,29,player-4,player-4
113,7,17,0.09870901703834534,player-1,25,24,23,32,player-1,player-1
113,8,17,0.11570798233151436,player-2,28,29,25,40,player-2,player-2
113,9,24,0.053165946155786514,none,28,31,26,40,player-3,none
113,10,18,0.04845811054110527,player-1,32,33,28,42,player-4,player-1
113,11,19,0.05691708065569401,player-3,35,38,33,42,player-1,player-3
113,12,19,0.06008311174809933,player-4,36,40,36,45,player-2,player-4
113,13,18,0.05850009620189667,player-4,41,40,39,52,player-3,player-4
113,14,17,0.06029196083545685,player-4,42,43,45,60,player-4,player-4
114,1,26,0.07587485015392303,player-2,3,10,2,5,player-1,player-2
114,2,17,0.053833937272429466,player-2,5,17,3,9,player-2,player-2
114,3,19,0.051374780014157295,player-1,11,20,4,10,player-3,player-1
114,4,17,0.0452499371021986,player-4,14,22,4,15,player-4,player-4
114,5,20,0.05191611126065254,player-4,17,29,8,20,player-1,player-4
114,6,17,0.06025005131959915,player-2,23,38,12,20,player-2,player-2
114,7,18,0.07270812056958675,player-4,25,41,16,23,player-3,player-4
114,8,17,0.06866711191833019,player-4,32,42,17,30,player-4,player-4
114,9,17,0.05408399738371372,player-1,35,45,20,30,player-1,player-1
114,10,17,0.04966696724295616,player-2,37,48,21,32,player-2,player-2
114,11,19,0.06420793943107128,player-1,41,56,24,41,player-3,player-1
114,12,22,0.05604187026619911,player-1,43,56,24,44,player-4,player-1
115,1,20,0.06350013427436352,player-3,7,5,5,5,player-4,player-3
115,2,18,0.053167110309004784,player-2,13,7,9,10,player-1,player-2
115,3,18,0.049999915063381195,player-3,15,10,15,12,player-2,player-3
115,4,21,0.0463330652564764,player-3,18,13,17,14,player-3,player-3
115,5,17,0.054167117923498154,player-4,18,17,23,20,player-4,player-4
115,6,20,0.06008381024003029,player-4,20,20,24,26,player-1,player-4
115,7,17,0.06166589446365833,player-2,22,27,24,30,player-2,player-2
115,8,19,0.06991601549088955,player-1,29,39,28,32,player-3,player-1
115,9,17,0.06912508979439735,player-4,29,44,28,47,player-4,player-4
115,10,18,0.05395920015871525,player-2,37,48,34,49,player-1,player-2
115,11,19,0.05716690793633461,player-4,39,49,43,51,player-2,player-4
116,1,17,0.0580840278416872,player-2,2,5,5,3,player-2,player-2
116,2,17,0.05725002847611904,player-3,2,8,10,5,player-3,player-3
116,3,17,0.06504100747406483,player-4,8,8,11,9,player-4,player-4
116,4,17,0.06045890040695667,player-1,13,9,11,11,player-1,player-1
116,5,17,0.0624160747975111,player-2,18,18,18,17,player-2,player-2
116,6,19,0.049083027988672256,player-1,21,22,21,17,player-3,player-1
116,7,18,0.052042072638869286,player-1,27,24,24,21,player-4,player-1
116,8,26,0.07391604594886303,player-2,29,30,25,26,player-1,player-2
116,9,29,0.06387499161064625,player-2,30,37,30,27,player-2,player-2
116,10,17,0.04775007255375385,player-3,30,40,34,27,player-3,player-3
116,11,19,0.039582839235663414,player-2,34,43,34,29,player-4,player-2
116,12,19,0.04675006493926048,player-3,35,44,42,31,player-1,player-3
116,13,18,0.05791592411696911,player-3,35,48,46,32,player-2,player-3
116,14,17,0.04120916128158569,player-3,35,49,48,36,player-3,player-3
116,15,17,0.05641579627990723,player-4,38,59,52,39,player-4,player-4
116,16,17,0.03845803439617157,player-1,42,60,58,39,player-1,player-1
117,1,20,0.04724995233118534,player-2,6,5,2,0,player-3,player-2
117,2,18,0.04800013266503811,player-1,11,9,5,1,player-4,player-1
117,3,17,0.04612491466104984,player-1,18,11,8,9,player-1,player-1
117,4,17,0.05529099144041538,player-2,23,13,14,14,player-2,player-2
117,5,17,0.05375011824071407,player-3,24,17,19,14,player-3,player-3
117,6,19,0.06279093213379383,player-2,30,23,22,19,player-4,player-2
117,7,18,0.059750163927674294,player-2,40,36,29,23,player-1,player-2
117,8,17,0.04258309490978718,player-2,43,37,29,27,player-2,player-2
117,9,18,0.038708094507455826,player-4,43,37,35,28,player-3,player-4
117,10,17,0.0527501106262207,player-4,43,39,38,33,player-4,player-4
117,11,17,0.056833960115909576,player-1,48,43,43,33,player-1,player-1
117,12,18,0.04837499000132084,player-3,48,49,47,41,player-2,player-3
117,13,17,0.04962482489645481,player-3,50,51,53,45,player-3,player-3
118,1,17,0.054915901273489,player-2,3,1,6,2,player-2,player-2
118,2,22,0.06383401341736317,player-4,5,3,7,4,player-3,player-4
118,3,17,0.05558389239013195,player-4,7,9,10,10,player-4,player-4
118,4,17,0.044042011722922325,player-1,8,12,15,11,player-1,player-1
118,5,17,0.04454213194549084,player-2,10,18,16,14,player-2,player-2
118,6,28,0.06808293983340263,none,10,19,19,16,player-3,none
118,7,19,0.05279085598886013,player-2,10,26,19,21,player-4,player-2
118,8,17,0.04879198968410492,player-1,14,28,19,22,player-1,player-1
118,9,19,0.06166682578623295,player-4,14,29,22,26,player-2,player-4
118,10,17,0.038458965718746185,player-3,16,30,27,29,player-3,player-3
118,11,19,0.058125006034970284,player-2,25,31,33,33,player-4,player-2
118,12,19,0.05550007335841656,player-3,28,34,35,38,player-1,player-3
118,13,20,0.08545909076929092,player-1,34,36,35,39,player-2,player-1
118,14,19,0.06254087202250957,player-1,40,38,35,43,player-3,player-1
118,15,18,0.05404185503721237,player-1,41,40,39,45,player-4,player-1
118,16,20,0.05587493069469929,player-4,44,40,39,49,player-1,player-4
118,17,18,0.06287498399615288,player-3,46,42,49,50,player-2,player-3
118,18,23,0.06050011143088341,player-1,49,45,49,51,player-3,player-1
118,19,22,0.06849993951618671,player-1,59,49,51,55,player-4,player-1
119,1,26,0.06395811215043068,player-2,4,1,0,2,player-1,player-2
119,2,19,0.059957848861813545,player-4,10,3,4,7,player-2,player-4
119,3,17,0.06395811215043068,player-3,12,4,12,10,player-3,player-3
119,4,17,0.05908310413360596,player-4,12,4,20,15,player-4,player-4
119,5,17,0.05333311855792999,player-1,14,5,20,15,player-1,player-1
119,6,29,0.056666089221835136,none,14,5,22,19,player-2,none
119,7,20,0.04170904867351055,none,16,5,26,19,player-3,none
119,8,19,0.0691248569637537,player-2,19,14,29,21,player-4,player-2
119,9,17,0.05600019358098507,player-1,22,15,29,22,player-1,player-1
119,10,20,0.06983312778174877,player-1,25,20,37,23,player-2,player-1
119,11,19,0.051999930292367935,player-1,25,21,40,29,player-3,player-1
119,12,28,0.07762503810226917,player-3,30,23,45,36,player-4,player-3
119,13,18,0.0577080063521862,player-2,36,24,45,39,player-1,player-2
119,14,17,0.04470907151699066,player-2,38,27,46,39,player-2,player-2
119,15,23,0.05050003528594971,player-1,42,31,49,41,player-3,player-1
119,16,24,0.05433312617242336,none,42,35,49,41,player-4,none
119,17,17,0.0602498184889555,player-1,44,41,51,45,player-1,player-1
119,18,18,0.03900006413459778,none,45,43,59,45,player-2,none
120,1,22,0.06783404387533665,player-3,1,2,5,8,player-2,player-3
120,2,18,0.048459041863679886,player-4,6,2,10,17,player-3,player-4
120,3,18,0.05324999801814556,player-1,11,5,14,17,player-4,player-1
120,4,19,0.06541609764099121,player-3,16,22,22,29,player-1,player-3
120,5,21,0.0702918041497469,player-2,19,28,26,34,player-2,player-2
120,6,19,0.06420910358428955,player-1,23,29,30,35,player-3,player-1
120,7,17,0.06633391603827477,player-4,30,29,32,37,player-4,player-4
120,8,22,0.06025005131959915,player-2,34,40,35,43,player-1,player-2
120,9,17,0.08562486618757248,player-2,40,41,38,45,player-2,player-2
120,10,18,0.08199992589652538,player-4,43,44,40,47,player-3,player-4
120,11,18,0.05220901221036911,player-1,48,45,44,50,player-4,player-1
120,12,17,0.06570783443748951,player-1,53,47,44,54,player-1,player-1
121,1,20,0.05783280357718468,player-1,3,3,0,4,player-2,player-1
121,2,17,0.0427919439971447,player-3,7,7,4,5,player-3,player-3
121,3,18,0.05283299833536148,player-1,9,9,6,9,player-4,player-1
121,4,21,0.05075009539723396,player-1,11,9,11,10,player-1,player-1
121,5,17,0.054541975259780884,player-2,22,15,13,10,player-2,player-2
121,6,18,0.06333296187222004,player-4,25,17,16,16,player-3,player-4
121,7,17,0.06562494672834873,player-4,28,18,18,23,player-4,player-4
121,8,17,0.05183415487408638,player-1,31,23,20,24,player-1,player-1
121,9,23,0.07012486457824707,player-4,31,24,30,25,player-2,player-4
121,10,18,0.05420902743935585,player-4,31,31,32,28,player-3,player-4
121,11,22,0.046042026951909065,player-1,36,34,35,32,player-4,player-1
121,12,20,0.0566248781979084,player-4,37,34,40,35,player-1,player-4
121,13,18,0.050708185881376266,player-3,40,35,41,35,player-2,player-3
121,14,19,0.06700004450976849,player-1,42,39,42,37,player-3,player-1
121,15,17,0.06466708146035671,player-4,46,39,44,40,player-4,player-4
121,16,17,0.05466700531542301,player-1,54,40,47,40,player-1,player-1
122,1,17,0.04487484693527222,player-2,1,6,4,2,player-2,player-2
122,2,17,0.05270796827971935,player-3,4,10,14,5,player-3,player-3
122,3,19,0.06704195402562618,player-2,15,17,18,10,player-4,player-2
122,4,17,0.05345791578292847,player-1,22,19,28,10,player-1,player-1
122,5,17,0.05212519317865372,player-2,26,23,34,10,player-2,player-2
122,6,17,0.059750163927674294,player-3,28,26,40,10,player-3,player-3
122,7,17,0.06550014950335026,player-4,28,28,40,18,player-4,player-4
122,8,18,0.04970910958945751,player-2,33,31,47,22,player-1,player-2
122,9,18,0.05066697485744953,player-3,35,33,50,24,player-2,player-3
122,10,17,0.05050003528594971,player-3,38,36,55,26,player-3,player-3
122,11,18,0.049916794523596764,player-1,44,36,57,26,player-4,player-1
123,1,18,0.05795806646347046,player-1,3,1,4,1,player-4,player-1
123,2,17,0.05050003528594971,player-1,12,1,4,4,player-1,player-1
123,3,17,0.08841720409691334,player-2,22,8,12,4,player-2,player-2
123,4,25,0.07537519559264183,player-3,34,10,20,5,player-3,player-3
123,5,18,0.05829194560647011,player-1,38,14,22,5,player-4,player-1
123,6,17,0.05070911720395088,player-1,42,18,22,13,player-1,player-1
123,7,17,0.06262515671551228,player-2,46,19,24,15,player-2,player-2
123,8,18,0.04937499761581421,player-4,46,23,31,20,player-3,player-4
123,9,20,0.05650008097290993,player-3,50,23,37,22,player-4,player-3
123,10,20,0.04691700451076031,player-4,51,24,41,29,player-1,player-4
123,11,17,0.043625012040138245,player-2,55,27,47,32,player-2,player-2
124,1,17,0.04391605034470558,player-3,0,2,6,3,player-3,player-3
124,2,17,0.062125036492943764,player-4,1,9,9,6,player-4,player-4
124,3,19,0.07762503810226917,player-3,13,18,28,12,player-1,player-3
124,4,18,0.05179201252758503,player-3,17,18,34,12,player-2,player-3
124,5,18,0.05712499842047691,player-4,17,22,39,15,player-3,player-4
124,6,19,0.05433405749499798,player-2,20,30,41,17,player-4,player-2
124,7,17,0.05012517794966698,player-1,23,35,43,26,player-1,player-1
124,8,18,0.06458279676735401,player-3,25,43,45,31,player-2,player-3
124,9,19,0.05208281800150871,player-1,28,43,52,33,player-3,player-1
124,10,18,0.048208050429821014,player-1,29,44,56,38,player-4,player-1
124,11,18,0.058833975344896317,player-2,32,48,59,40,player-1,player-2
124,12,17,0.06324984133243561,player-2,35,55,62,40,player-2,player-2
124,13,17,0.04612491466104984,player-3,36,57,64,43,player-3,player-3
125,1,17,0.04650000482797623,player-4,0,4,4,2,player-4,player-4
125,2,19,0.05183299072086811,player-3,1,8,11,2,player-1,player-3
125,3,17,0.05337502807378769,player-2,5,15,14,13,player-2,player-2
125,4,17,0.04541594535112381,player-3,11,20,22,17,player-3,player-3
125,5,17,0.045625027269124985,player-4,11,20,22,25,player-4,player-4
125,6,17,0.041082967072725296,player-1,13,22,24,25,player-1,player-1
125,7,17,0.062417006120085716,player-2,13,29,26,28,player-2,player-2
125,8,17,0.0588749535381794,player-3,24,30,33,32,player-3,player-3
125,9,19,0.07358286529779434,player-2,27,43,35,37,player-4,player-2
125,10,19,0.05679205060005188,player-3,29,49,41,37,player-1,player-3
125,11,18,0.052167102694511414,player-3,31,55,48,42,player-2,player-3
125,12,18,0.05787494592368603,player-4,40,55,51,43,player-3,player-4
125,13,22,0.05037500523030758,player-1,45,55,56,46,player-4,player-1
126,1,18,0.055416952818632126,player-4,2,5,3,12,player-3,player-4
126,2,18,0.054541975259780884,player-1,7,5,5,13,player-4,player-1
126,3,19,0.05433405749499798,player-3,11,11,9,20,player-1,player-3
126,4,17,0.054833944886922836,player-2,11,15,11,20,player-2,player-2
126,5,21,0.07841712795197964,player-3,15,17,17,28,player-3,player-3
126,6,22,0.06091617979109287,player-1,18,20,20,30,player-4,player-1
126,7,17,0.05224999040365219,player-1,23,26,28,32,player-1,player-1
126,8,24,0.0730419997125864,player-1,29,32,29,35,player-2,player-1
126,9,20,0.05537504330277443,player-2,33,35,30,38,player-3,player-2
126,10,17,0.062167178839445114,player-4,38,37,37,41,player-4,player-4
126,11,18,0.055208103731274605,player-2,42,43,40,43,player-1,player-2
126,12,19,0.05729193799197674,player-4,48,46,41,45,player-2,player-4
126,13,17,0.053916824981570244,player-3,50,53,52,46,player-3,player-3
127,1,18,0.03800005652010441,none,2,2,4,3,player-2,none
127,2,27,0.0749579630792141,player-1,14,9,18,10,player-3,player-1
127,3,17,0.05470798350870609,player-4,14,13,21,17,player-4,player-4
127,4,20,0.058791832998394966,player-4,16,21,21,22,player-1,player-4
127,5,20,0.07462501525878906,player-1,27,23,30,33,player-2,player-1
127,6,17,0.06108288653194904,player-3,31,30,33,37,player-3,player-3
127,7,17,0.04391605034470558,player-4,34,31,38,45,player-4,player-4
127,8,17,0.05174987018108368,player-1,36,34,43,52,player-1,player-1
127,9,21,0.06062490865588188,player-2,41,42,48,52,player-2,player-2
127,10,17,0.04691700451076031,player-3,43,44,55,56,player-3,player-3
128,1,17,0.06858306005597115,player-4,2,1,1,1,player-4,player-4
128,2,17,0.050833914428949356,player-1,5,4,4,1,player-1,player-1
128,3,17,0.07075001485645771,player-2,8,7,9,5,player-2,player-2
128,4,19,0.05408306606113911,player-1,11,12,13,11,player-3,player-1
128,5,17,0.04816614091396332,player-4,14,13,16,19,player-4,player-4
128,6,17,0.05020899698138237,player-1,19,19,18,19,player-1,player-1
128,7,20,0.0563750509172678,player-1,20,21,27,29,player-2,player-1
128,8,17,0.051625072956085205,player-3,22,24,32,29,player-3,player-3
128,9,17,0.05433405749499798,player-4,26,28,32,31,player-4,player-4
128,10,19,0.06570806726813316,player-3,35,29,39,35,player-1,player-3
128,11,17,0.060042133554816246,player-2,43,37,48,37,player-2,player-2
128,12,18,0.05041598342359066,player-4,44,37,50,41,player-3,player-4
128,13,22,0.04570791497826576,none,45,39,50,41,player-4,none
128,14,18,0.05066697485744953,player-2,47,45,53,42,player-1,player-2
129,1,22,0.06370805203914642,player-3,1,3,9,4,player-2,player-3
129,2,17,0.06670900620520115,player-3,5,8,16,7,player-3,player-3
129,3,18,0.046958914026618004,player-1,6,13,25,7,player-4,player-1
129,4,24,0.05170819349586964,player-4,8,16,25,10,player-1,player-4
129,5,17,0.06154109723865986,player-2,12,21,25,18,player-2,player-2
129,6,19,0.0563331414014101,player-1,14,24,29,25,player-3,player-1
129,7,21,0.056416960433125496,player-4,15,26,32,32,player-4,player-4
129,8,17,0.05870894528925419,player-1,20,30,35,33,player-1,player-1
129,9,17,0.08408399298787117,player-2,22,34,36,35,player-2,player-2
129,10,20,0.058916863054037094,player-2,22,42,36,37,player-3,player-2
129,11,17,0.05608401261270046,player-4,27,43,40,40,player-4,player-4
129,12,23,0.09474996477365494,player-3,33,48,47,41,player-1,player-3
129,13,17,0.04516704939305782,player-2,36,53,48,42,player-2,player-2
129,14,20,0.057208817452192307,player-2,36,59,50,43,player-3,player-2
130,1,20,0.04004104994237423,none,5,3,2,0,player-3,none
130,2,17,0.04133395850658417,player-4,6,8,2,3,player-4,player-4
130,3,17,0.04895799793303013,player-1,8,10,5,4,player-1,player-1
130,4,17,0.04724995233118534,player-2,10,21,5,4,player-2,player-2
130,5,17,0.04466692917048931,player-3,10,24,11,5,player-3,player-3
130,6,18,0.060125021263957024,player-1,20,27,20,7,player-4,player-1
130,7,17,0.04349998198449612,player-1,27,28,22,7,player-1,player-1
130,8,17,0.04720780998468399,player-2,30,29,28,9,player-2,player-2
130,9,17,0.07633306086063385,player-3,40,29,31,9,player-3,player-3
130,10,17,0.055042095482349396,player-4,41,29,35,18,player-4,player-4
130,11,20,0.052582938224077225,player-4,45,31,39,25,player-1,player-4
130,12,17,0.04983297549188137,player-2,52,34,46,27,player-2,player-2
130,13,17,0.04987511783838272,player-3,54,35,53,27,player-3,player-3
131,1,17,0.05779089406132698,player-3,3,3,6,0,player-3,player-3
131,2,19,0.06283284164965153,player-2,11,10,11,1,player-4,player-2
131,3,17,0.0477079302072525,player-1,16,12,14,6,player-1,player-1
131,4,18,0.05145790055394173,player-3,17,17,20,8,player-2,player-3
131,5,17,0.05341600626707077,player-3,23,24,26,8,player-3,player-3
131,6,18,0.058167148381471634,player-1,26,26,29,14,player-4,player-1
131,7,22,0.058833975344896317,player-2,30,27,30,20,player-1,player-2
131,8,17,0.054582953453063965,player-2,32,34,30,22,player-2,player-2
131,9,17,0.04991702735424042,player-3,33,40,32,24,player-3,player-3
131,10,17,0.07916614413261414,player-4,33,42,38,28,player-4,player-4
131,11,17,0.05912478081882,player-1,38,44,39,31,player-1,player-1
131,12,19,0.06041582673788071,player-4,40,47,43,39,player-2,player-4
131,13,17,0.0477079302072525,player-3,44,51,46,39,player-3,player-3
131,14,19,0.052416929975152016,player-2,49,55,47,42,player-4,player-2
131,15,19,0.06458302959799767,player-3,51,61,52,48,player-1,player-3
132,1,18,0.04833308048546314,player-2,1,3,3,5,player-1,player-2
132,2,20,0.04975008778274059,player-1,3,5,6,5,player-2,player-1
132,3,18,0.040125101804733276,player-4,3,5,9,11,player-3,player-4
132,4,17,0.061166007071733475,player-4,8,7,12,14,player-4,player-4
132,5,17,0.0527501106262207,player-1,9,9,18,16,player-1,player-1
132,6,17,0.04650000482797623,player-2,11,11,21,18,player-2,player-2
132,7,17,0.04100007936358452,player-3,14,11,27,21,player-3,player-3
132,8,19,0.05579204298555851,player-2,14,13,30,23,player-4,player-2
132,9,17,0.04712492227554321,player-1,19,19,30,26,player-1,player-1
132,10,18,0.04941597580909729,player-3,20,21,39,26,player-2,player-3
132,11,19,0.045625027269124985,player-1,28,24,41,27,player-3,player-1
132,12,26,0.07937499321997166,player-1,38,24,46,28,player-4,player-1
132,13,17,0.058791832998394966,player-1,40,24,46,31,player-1,player-1
132,14,17,0.052582938224077225,player-2,40,33,49,31,player-2,player-2
132,15,18,0.05837506614625454,player-4,49,39,53,32,player-3,player-4
133,1,20,0.05870801396667957,player-2,1,13,2,10,player-3,player-2
133,2,19,0.05237502045929432,player-2,4,16,4,12,player-4,player-2
133,3,21,0.05050003528594971,player-1,11,18,7,17,player-1,player-1
133,4,20,0.071333022788167,player-1,16,20,10,22,player-2,player-1
133,5,18,0.049083027988672256,player-4,18,22,16,31,player-3,player-4
133,6,17,0.045833177864551544,player-4,21,24,18,36,player-4,player-4
133,7,31,0.07675006054341793,player-3,24,30,20,39,player-1,player-3
133,8,18,0.05337502807378769,player-3,26,35,25,42,player-2,player-3
133,9,18,0.045042019337415695,player-4,28,38,25,48,player-3,player-4
133,10,18,0.05324999801814556,player-1,34,42,29,53,player-4,player-1
133,11,17,0.07295794785022736,player-1,40,48,33,61,player-1,player-1
134,1,19,0.04691700451076031,player-2,0,5,6,4,player-4,player-2
134,2,19,0.061625149101018906,player-3,3,7,13,7,player-1,player-3
134,3,17,0.05825003609061241,player-2,9,9,19,10,player-2,player-2
134,4,23,0.0724580604583025,player-1,14,13,20,18,player-3,player-1
134,5,17,0.04200008697807789,player-4,14,15,21,22,player-4,player-4
134,6,18,0.04916684702038765,player-2,15,22,24,26,player-1,player-2
134,7,19,0.0588330440223217,player-4,15,26,28,26,player-2,player-4
134,8,17,0.04454189911484718,player-3,17,30,37,26,player-3,player-3
134,9,17,0.047291163355112076,player-4,18,37,39,33,player-4,player-4
134,10,17,0.0516669824719429,player-1,26,39,44,34,player-1,player-1
134,11,19,0.050084199756383896,player-4,31,42,46,43,player-2,player-4
134,12,17,0.05554105155169964,player-3,41,43,53,43,player-3,player-3
134,13,17,0.05679205060005188,player-4,45,51,58,46,player-4,player-4
135,1,17,0.06237509660422802,player-3,3,2,1,0,player-3,player-3
135,2,17,0.05312496796250343,player-4,8,3,6,5,player-4,player-4
135,3,17,0.05708308890461922,player-1,16,12,12,10,player-1,player-1
135,4,19,0.05708402022719383,player-4,17,14,17,16,player-2,player-4
135,5,17,0.05170912481844425,player-3,25,16,20,22,player-3,player-3
135,6,19,0.048791058361530304,player-2,27,20,21,26,player-4,player-2
135,7,18,0.0475000124424696,player-2,27,25,29,27,player-1,player-2
135,8,18,0.06066705100238323,player-3,31,26,32,29,player-2,player-3
135,9,18,0.0387909822165966,player-4,33,26,35,32,player-3,player-4
135,10,18,0.0416669063270092,player-1,38,26,35,36,player-4,player-1
135,11,17,0.04266691394150257,player-1,42,27,35,38,player-1,player-1
135,12,17,0.043665990233421326,player-2,42,39,35,38,player-2,player-2
135,13,17,0.05866703577339649,player-3,44,46,37,38,player-3,player-3
135,14,19,0.08037500083446503,player-2,47,51,37,42,player-4,player-2
135,15,17,0.04979199729859829,player-1,48,53,39,43,player-1,player-1
135,16,17,0.06462493911385536,player-2,49,55,43,46,player-2,player-2
136,1,33,0.07108412683010101,player-3,1,7,3,0,player-3,player-3
136,2,17,0.04600011743605137,player-4,3,11,7,3,player-4,player-4
136,3,17,0.05450006574392319,player-1,10,13,9,5,player-1,player-1
136,4,23,0.05608308129012585,player-4,11,13,10,7,player-2,player-4
136,5,18,0.045082997530698776,player-4,12,20,11,9,player-3,player-4
136,6,17,0.04695798270404339,player-4,20,20,16,20,player-4,player-4
136,7,17,0.05308305844664574,player-1,30,30,16,20,player-1,player-1
136,8,20,0.057541998103260994,player-1,33,33,16,22,player-2,player-1
136,9,17,0.05441601388156414,player-3,35,34,28,22,player-3,player-3
136,10,34,0.10970793664455414,player-1,36,37,35,48,player-4,player-1
136,11,20,0.07716589607298374,player-4,40,40,47,53,player-1,player-4
136,12,18,0.06670807488262653,player-3,42,42,52,57,player-2,player-3
136,13,17,0.0577499158680439,player-3,46,45,59,58,player-3,player-3
137,1,20,0.06841681897640228,player-1,3,5,1,3,player-2,player-1
137,2,17,0.04691607318818569,player-3,6,10,7,8,player-3,player-3
137,3,17,0.048832967877388,player-4,8,15,12,12,player-4,player-4
137,4,18,0.06104097701609135,player-2,16,18,12,17,player-1,player-2
137,5,17,0.051208073273301125,player-2,20,22,15,25,player-2,player-2
137,6,17,0.04929094575345516,player-3,27,22,27,26,player-3,player-3
137,7,18,0.04650000482797623,player-1,30,24,30,27,player-4,player-1
137,8,18,0.059582991525530815,player-2,32,25,30,28,player-1,player-2
137,9,23,0.055916840210556984,player-4,38,29,33,29,player-2,player-4
137,10,18,0.054040923714637756,player-4,41,36,40,33,player-3,player-4
137,11,19,0.0363329891115427,none,44,38,43,34,player-4,none
137,12,17,0.08054194040596485,player-1,50,45,48,40,player-1,player-1
137,13,17,0.05050003528594971,player-2,53,47,48,43,player-2,player-2
138,1,17,0.06712484173476696,player-4,1,5,6,7,player-4,player-4
138,2,17,0.04154187627136707,player-1,3,6,6,12,player-1,player-1
138,3,17,0.05437503568828106,player-2,6,10,7,19,player-2,player-2
138,4,22,0.06104097701609135,player-4,13,12,14,26,player-3,player-4
138,5,18,0.045791035518050194,player-1,17,12,14,27,player-4,player-1
138,6,21,0.05462486296892166,player-1,23,16,17,30,player-1,player-1
138,7,20,0.04100007936358452,player-1,27,19,20,33,player-2,player-1
138,8,17,0.06466708146035671,player-3,35,24,25,36,player-3,player-3
138,9,20,0.05350005812942982,player-3,37,33,32,36,player-4,player-3
138,10,17,0.057416968047618866,player-1,45,38,35,41,player-1,player-1
138,11,18,0.06183283403515816,player-3,49,41,39,41,player-2,player-3
138,12,18,0.04766695201396942,player-4,49,46,39,48,player-3,player-4
138,13,18,0.056541990488767624,player-1,57,51,40,56,player-4,player-1
139,1,19,0.059582991525530815,player-2,5,6,3,4,player-4,player-2
139,2,17,0.06766710430383682,player-1,12,8,3,4,player-1,player-1
139,3,18,0.055666081607341766,player-3,15,10,13,12,player-2,player-3
139,4,17,0.05729193799197674,player-3,18,18,16,17,player-3,player-3
139,5,17,0.04229089245200157,player-4,21,23,20,20,player-4,player-4
139,6,17,0.047625042498111725,player-1,25,23,20,23,player-1,player-1
139,7,17,0.0801661517471075,player-2,28,33,20,25,player-2,player-2
139,8,19,0.06483285687863827,player-1,35,37,26,28,player-3,player-1
139,9,19,0.06074993871152401,player-2,38,38,29,30,player-4,player-2
139,10,17,0.05566701292991638,player-1,40,40,32,38,player-1,player-1
139,11,17,0.0654999166727066,player-2,51,43,36,39,player-2,player-2
139,12,17,0.0630419235676527,player-3,55,43,37,42,player-3,player-3
139,13,18,0.05583302117884159,player-1,56,44,40,49,player-4,player-1
139,14,18,0.0653339084237814,player-2,63,51,44,53,player-1,player-2
140,1,17,0.0490827951580286,player-1,8,1,0,3,player-1,player-1
140,2,18,0.05674990825355053,player-3,10,8,5,8,player-2,player-3
140,3,18,0.06975000724196434,player-4,12,12,7,12,player-3,player-4
140,4,17,0.040165847167372704,player-4,13,17,7,27,player-4,player-4
140,5,17,0.0485831405967474,player-1,24,21,17,27,player-1,player-1
140,6,19,0.0563750509172678,player-4,26,29,28,30,player-2,player-4
140,7,19,0.06408290937542915,player-1,29,37,37,36,player-3,player-1
140,8,17,0.08254102431237698,player-4,29,37,42,41,player-4,player-4
140,9,18,0.075165880843997,player-2,33,39,47,45,player-1,player-2
140,10,17,0.05208305083215237,player-2,33,43,47,46,player-2,player-2
140,11,18,0.06637489423155785,player-4,34,46,50,51,player-3,player-4
140,12,19,0.05337502807378769,player-2,39,48,53,53,player-4,player-2
141,1,20,0.06620795466005802,player-1,6,5,0,3,player-2,player-1
141,2,17,0.06583379581570625,player-3,13,9,10,5,player-3,player-3
141,3,17,0.05979090929031372,player-4,16,10,15,7,player-4,player-4
141,4,17,0.06324984133243561,player-1,21,12,20,9,player-1,player-1
141,5,18,0.057042110711336136,player-3,21,14,23,12,player-2,player-3
141,6,19,0.051042065024375916,player-1,26,16,30,17,player-3,player-1
141,7,18,0.09324983693659306,player-1,28,19,35,19,player-4,player-1
141,8,17,0.048083020374178886,player-1,34,20,36,24,player-1,player-1
141,9,17,0.0588749535381794,player-2,36,24,39,27,player-2,player-2
141,10,18,0.04837499000132084,player-4,37,24,42,33,player-3,player-4
141,11,17,0.05320901982486248,player-4,40,28,43,38,player-4,player-4
141,12,17,0.051791081205010414,player-1,42,30,45,41,player-1,player-1
141,13,17,0.07337494753301144,player-2,46,32,54,48,player-2,player-2
142,1,17,0.045000109821558,player-4,5,0,1,7,player-4,player-4
142,2,20,0.06208312697708607,player-4,15,4,6,11,player-1,player-4
142,3,20,0.04916684702038765,player-1,17,4,9,13,player-2,player-1
142,4,24,0.06649992428719997,player-2,23,8,17,23,player-3,player-2
142,5,17,0.047084176912903786,player-4,23,12,21,30,player-4,player-4
142,6,17,0.040082959458231926,player-1,27,16,21,32,player-1,player-1
142,7,17,0.07229205220937729,player-2,33,23,28,35,player-2,player-2
142,8,25,0.07212487980723381,none,33,24,28,38,player-3,none
142,9,17,0.0499580055475235,player-4,33,26,28,45,player-4,player-4
142,10,22,0.062333885580301285,player-2,38,31,28,46,player-1,player-2
142,11,18,0.04495796747505665,player-3,39,36,33,49,player-2,player-3
142,12,24,0.05924981087446213,player-2,42,44,37,56,player-3,player-2
143,1,17,0.04679081030189991,player-4,0,1,2,6,player-4,player-4
143,2,17,0.0513328704982996,player-1,7,3,4,9,player-1,player-1
143,3,20,0.059582991525530815,player-1,10,7,6,16,player-2,player-1
143,4,18,0.053040916100144386,player-4,10,7,9,18,player-3,player-4
143,5,17,0.04437495954334736,player-4,12,7,9,28,player-4,player-4
143,6,20,0.05708285607397556,player-4,15,7,11,34,player-1,player-4
143,7,26,0.05041714757680893,none,15,10,12,34,player-2,none
143,8,18,0.06633298471570015,player-4,19,11,16,37,player-3,player-4
143,9,17,0.04295818507671356,player-4,19,14,17,43,player-4,player-4
143,10,17,0.07883296348154545,player-1,26,16,25,43,player-1,player-1
143,11,20,0.04683411680161953,player-1,33,19,26,46,player-2,player-1
143,12,17,0.04612491466104984,player-3,37,22,29,51,player-3,player-3
143,13,20,0.054541975259780884,player-3,39,24,33,53,player-4,player-3
143,14,18,0.043208012357354164,player-2,43,28,33,54,player-1,player-2
143,15,21,0.06316695362329483,player-2,47,33,39,57,player-2,player-2
143,16,17,0.06312504410743713,player-3,48,36,44,61,player-3,player-3
143,17,18,0.05324999801814556,player-1,54,38,47,62,player-4,player-1
144,1,22,0.07391604594886303,player-2,8,2,8,0,player-1,player-2
144,2,17,0.04829093813896179,player-2,17,9,11,5,player-2,player-2
144,3,17,0.04787510260939598,player-3,24,11,13,10,player-3,player-3
144,4,18,0.06595812737941742,player-1,25,15,15,16,player-4,player-1
144,5,18,0.048042042180895805,player-2,28,18,16,16,player-1,player-2
144,6,17,0.05012494511902332,player-2,31,23,16,17,player-2,player-2
144,7,17,0.04316610284149647,player-3,32,24,21,19,player-3,player-3
144,8,23,0.04833308048546314,player-2,34,31,26,22,player-4,player-2
144,9,17,0.04075001925230026,player-1,40,36,26,22,player-1,player-1
144,10,17,0.04833284765481949,player-2,40,40,28,25,player-2,player-2
144,11,25,0.0680841039866209,player-3,42,42,32,26,player-3,player-3
144,12,17,0.06737490184605122,player-4,48,44,37,27,player-4,player-4
144,13,18,0.04891701973974705,player-2,52,46,38,27,player-1,player-2
144,14,19,0.061542028561234474,player-4,52,48,42,31,player-2,player-4
144,15,17,0.05300017073750496,player-3,54,54,45,35,player-3,player-3
144,16,23,0.06516720168292522,player-2,60,55,52,37,player-4,player-2
145,1,17,0.048291170969605446,player-2,1,3,4,7,player-2,player-2
145,2,25,0.07141591049730778,player-3,5,5,16,8,player-3,player-3
145,3,18,0.06579188629984856,player-1,10,13,20,15,player-4,player-1
145,4,17,0.06295810453593731,player-1,20,14,22,20,player-1,player-1
145,5,20,0.054584117606282234,player-1,27,21,22,24,player-2,player-1
145,6,19,0.046708155423402786,player-1,30,23,24,24,player-3,player-1
145,7,17,0.05170796066522598,player-4,32,25,27,27,player-4,player-4
145,8,18,0.051167095080018044,player-2,32,33,27,30,player-1,player-2
145,9,17,0.04033301956951618,player-2,34,44,30,30,player-2,player-2
145,10,17,0.05329097621142864,player-3,34,53,36,34,player-3,player-3
145,11,17,0.059625133872032166,player-4,38,55,45,46,player-4,player-4
146,1,19,0.06387499161064625,player-1,4,5,6,1,player-3,player-1
146,2,17,0.042082974687218666,player-4,5,9,11,1,player-4,player-4
146,3,17,0.06270804442465305,player-1,16,10,17,1,player-1,player-1
146,4,17,0.07504201494157314,player-2,17,15,25,5,player-2,player-2
146,5,17,0.05433289334177971,player-3,22,17,32,5,player-3,player-3
146,6,17,0.03804103471338749,player-4,22,17,32,12,player-4,player-4
146,7,18,0.0552500132471323,player-2,28,23,33,12,player-1,player-2
146,8,17,0.05245883949100971,player-2,29,29,33,14,player-2,player-2
146,9,19,0.045625027269124985,player-1,36,32,36,14,player-3,player-1
146,10,20,0.05916692316532135,player-3,38,37,45,17,player-4,player-3
146,11,18,0.05991593934595585,player-2,41,44,45,20,player-1,player-2
146,12,17,0.049833906814455986,player-2,43,47,45,21,player-2,player-2
146,13,17,0.06437511183321476,player-3,43,49,51,21,player-3,player-3
146,14,23,0.06995908915996552,player-2,44,57,51,24,player-4,player-2
146,15,17,0.06904196925461292,player-1,45,64,51,28,player-1,player-1
146,16,17,0.06595882587134838,player-2,50,66,54,29,player-2,player-2
147,1,17,0.04974985495209694,player-1,3,6,2,3,player-1,player-1
147,2,23,0.04466692917048931,none,7,8,2,9,player-2,none
147,3,19,0.05783303640782833,player-1,13,10,8,9,player-3,player-1
147,4,19,0.0590828713029623,player-2,25,10,12,10,player-4,player-2
147,5,17,0.04537496715784073,player-1,33,14,15,10,player-1,player-1
147,6,28,0.07220893166959286,player-1,43,17,15,19,player-2,player-1
147,7,17,0.05679205060005188,player-3,49,21,25,19,player-3,player-3
147,8,18,0.06037508137524128,player-1,56,21,27,23,player-4,player-1
147,9,18,0.05691708065569401,player-2,58,28,31,25,player-1,player-2
147,10,17,0.05575013346970081,player-2,61,34,33,25,player-2,player-2
147,11,18,0.05075009539723396,player-4,63,42,37,32,player-3,player-4
148,1,23,0.06225006654858589,player-1,12,8,2,0,player-3,player-1
148,2,19,0.04950002767145634,player-2,13,9,7,4,player-4,player-2
148,3,18,0.048457877710461617,player-2,17,13,7,6,player-1,player-2
148,4,29,0.06045820191502571,player-2,17,18,11,6,player-2,player-2
148,5,23,0.06225006654858589,player-1,22,18,13,7,player-3,player-1
148,6,17,0.0552500132471323,player-4,26,26,21,10,player-4,player-4
148,7,18,0.04549999721348286,player-2,30,33,21,13,player-1,player-2
148,8,17,0.04720780998468399,player-2,30,41,24,14,player-2,player-2
148,9,18,0.06095808930695057,player-4,32,45,26,17,player-3,player-4
148,10,18,0.06866687908768654,player-1,34,48,29,19,player-4,player-1
148,11,17,0.05966704338788986,player-1,42,48,35,33,player-1,player-1
148,12,19,0.0563331414014101,player-4,44,50,39,38,player-2,player-4
148,13,17,0.049416907131671906,player-3,50,52,42,39,player-3,player-3
148,14,18,0.04533305764198303,player-1,55,53,45,39,player-4,player-1
149,1,17,0.05229189991950989,player-4,2,8,5,5,player-4,player-4
149,2,17,0.05058315582573414,player-1,6,10,8,5,player-1,player-1
149,3,17,0.07570791058242321,player-2,11,21,15,10,player-2,player-2
149,4,17,0.05129212513566017,player-3,15,27,16,12,player-3,player-3
149,5,17,0.05262484773993492,player-4,18,27,21,16,player-4,player-4
149,6,17,0.04875008016824722,player-1,23,29,28,16,player-1,player-1
149,7,20,0.05187513306736946,player-1,27,32,33,19,player-2,player-1
149,8,17,0.05224999040365219,player-3,27,33,38,22,player-3,player-3
149,9,17,0.04449998959898949,player-4,33,36,39,25,player-4,player-4
149,10,17,0.062000006437301636,player-1,38,38,43,29,player-1,player-1
149,11,17,0.04741712473332882,player-2,39,49,47,29,player-2,player-2
149,12,17,0.04433281719684601,player-3,39,50,51,32,player-3,player-3
149,13,18,0.05541602149605751,player-1,45,58,58,38,player-4,player-1
150,1,18,0.048457877710461617,player-1,8,0,1,4,player-4,player-1
150,2,20,0.06145797669887543,player-4,13,3,7,13,player-1,player-4
150,3,21,0.04087481647729874,none,15,6,7,14,player-2,none
150,4,20,0.057999975979328156,player-2,22,12,14,14,player-3,player-2
150,5,17,0.048582907766103745,player-4,23,14,18,18,player-4,player-4
150,6,18,0.05150004290044308,player-2,26,21,20,18,player-1,player-2
150,7,19,0.0624160747975111,player-4,28,23,24,22,player-2,player-4
150,8,19,0.04833401180803776,player-1,33,24,29,23,player-3,player-1
150,9,19,0.06274995394051075,player-2,41,27,33,26,player-4,player-2
150,10,21,0.05808286368846893,player-1,43,27,33,28,player-1,player-1
150,11,19,0.05991710349917412,player-4,46,29,41,36,player-2,player-4
150,12,17,0.052416929975152016,player-3,49,35,47,36,player-3,player-3
150,13,17,0.056999968364834785,player-4,51,44,50,49,player-4,player-4
151,1,18,0.08862512186169624,player-1,11,4,1,3,player-4,player-1
151,2,22,0.06470899097621441,player-2,15,9,1,6,player-1,player-2
151,3,18,0.05445815622806549,player-3,15,13,12,9,player-2,player-3
151,4,23,0.06070779636502266,player-1,20,13,13,11,player-3,player-1
151,5,18,0.05208398215472698,player-1,24,21,17,12,player-4,player-1
151,6,18,0.05424977280199528,player-2,28,24,20,14,player-1,player-2
151,7,18,0.05016708746552467,player-3,29,28,22,19,player-2,player-3
151,8,17,0.07591606117784977,player-3,35,34,25,19,player-3,player-3
151,9,21,0.07316609844565392,player-4,42,39,39,20,player-4,player-4
151,10,17,0.05091610364615917,player-1,44,41,39,25,player-1,player-1
151,11,17,0.045791035518050194,player-2,47,44,44,28,player-2,player-2
151,12,19,0.0538751482963562,player-1,51,52,44,40,player-3,player-1
151,13,19,0.05350005812942982,player-2,51,58,45,46,player-4,player-2
152,1,18,0.07537496276199818,player-1,5,2,3,4,player-4,player-1
152,2,20,0.05087489262223244,player-4,8,5,3,7,player-1,player-4
152,3,18,0.05587516352534294,player-3,13,11,16,11,player-2,player-3
152,4,20,0.07183384150266647,player-2,19,19,25,12,player-3,player-2
152,5,20,0.06029196083545685,player-3,25,22,28,14,player-4,player-3
152,6,22,0.05383300594985485,player-2,29,23,28,15,player-1,player-2
152,7,17,0.04887511022388935,player-2,33,26,28,18,player-2,player-2
152,8,17,0.05379202775657177,player-3,36,27,33,18,player-3,player-3
152,9,17,0.06833299994468689,player-4,43,30,35,25,player-4,player-4
152,10,23,0.048708170652389526,none,49,32,36,25,player-1,none
152,11,17,0.0610831193625927,player-2,54,40,41,25,player-2,player-2
152,12,17,0.055416952818632126,player-3,55,46,47,27,player-3,player-3
153,1,22,0.05470798350870609,player-1,10,0,3,0,player-4,player-1
153,2,17,0.05212519317865372,player-1,13,4,5,2,player-1,player-1
153,3,19,0.04200008697807789,none,13,4,8,5,player-2,none
153,4,17,0.06683403626084328,player-3,13,6,16,7,player-3,player-3
153,5,17,0.04245806485414505,player-4,14,8,17,19,player-4,player-4
153,6,19,0.06520911119878292,player-3,16,9,27,27,player-1,player-3
153,7,20,0.0675420742481947,player-1,29,12,27,32,player-2,player-1
153,8,25,0.07970794104039669,player-3,32,14,35,33,player-3,player-3
153,9,17,0.05491706542670727,player-4,38,20,40,34,player-4,player-4
153,10,17,0.04833401180803776,player-1,41,25,43,37,player-1,player-1
153,11,18,0.06779097020626068,player-3,45,26,53,45,player-2,player-3
153,12,17,0.0710831955075264,player-3,50,33,55,53,player-3,player-3
154,1,17,0.0512909609824419,player-3,6,0,1,1,player-3,player-3
154,2,17,0.05154102109372616,player-4,8,6,4,6,player-4,player-4
154,3,18,0.0413751695305109,player-2,10,10,4,6,player-1,player-2
154,4,18,0.0538751482963562,player-3,10,13,15,15,player-2,player-3
154,5,27,0.06187497638165951,player-1,14,15,16,18,player-3,player-1
154,6,23,0.05987496115267277,player-2,16,23,16,18,player-4,player-2
154,7,17,0.051208073273301125,player-1,19,27,21,18,player-1,player-1
154,8,27,0.06487499922513962,player-4,19,36,24,19,player-2,player-4
154,9,17,0.06983312778174877,player-3,19,38,27,26,player-3,player-3
154,10,18,0.059999991208314896,player-1,24,42,36,35,player-4,player-1
154,11,19,0.10029110126197338,player-3,26,49,37,38,player-1,player-3
154,12,20,0.05687493830919266,player-1,37,52,39,43,player-2,player-1
154,13,20,0.05370820872485638,player-2,38,58,41,43,player-3,player-2
155,1,22,0.060916878283023834,player-2,3,7,0,2,player-1,player-2
155,2,17,0.06333296187222004,player-2,4,10,5,3,player-2,player-2
155,3,25,0.07524993270635605,player-3,7,15,8,11,player-3,player-3
155,4,19,0.05195802077651024,player-2,8,20,8,13,player-4,player-2
155,5,17,0.06041605956852436,player-1,11,20,14,14,player-1,player-1
155,6,21,0.05720788612961769,player-2,13,22,19,16,player-2,player-2
155,7,17,0.058791832998394966,player-3,13,22,28,19,player-3,player-3
155,8,18,0.05837506614625454,player-1,20,25,37,20,player-4,player-1
155,9,18,0.05408283323049545,player-2,22,32,37,25,player-1,player-2
155,10,21,0.06291596218943596,player-2,25,39,39,31,player-2,player-2
155,11,20,0.0616670586168766,player-2,29,44,44,31,player-3,player-2
155,12,17,0.07074978202581406,player-4,29,49,48,35,player-4,player-4
155,13,18,0.06487499922513962,player-2,32,56,49,38,player-1,player-2
155,14,20,0.06704218685626984,player-1,38,66,51,39,player-2,player-1
156,1,18,0.05075009539723396,player-3,9,3,2,2,player-2,player-3
156,2,17,0.06933417171239853,player-3,11,6,6,6,player-3,player-3
156,3,17,0.08058315142989159,player-4,17,7,15,14,player-4,player-4
156,4,20,0.07541710510849953,player-4,20,10,19,17,player-1,player-4
156,5,17,0.041458988562226295,player-2,23,11,25,19,player-2,player-2
156,6,19,0.055625103414058685,player-1,24,19,31,21,player-3,player-1
156,7,17,0.04541594535112381,player-4,25,29,33,21,player-4,player-4
156,8,19,0.06025005131959915,player-3,28,31,36,23,player-1,player-3
156,9,20,0.06233318708837032,player-1,34,31,38,31,player-2,player-1
156,10,17,0.044625019654631615,player-3,38,34,46,31,player-3,player-3
156,11,20,0.054582953453063965,player-3,42,40,54,34,player-4,player-3
156,12,17,0.061416998505592346,player-1,47,49,61,46,player-1,player-1
157,1,17,0.05091703496873379,player-1,2,0,1,3,player-1,player-1
157,2,19,0.04733284004032612,player-4,3,2,1,9,player-2,player-4
157,3,17,0.055582961067557335,player-3,9,2,7,15,player-3,player-3
157,4,18,0.0499580055475235,player-1,12,3,10,16,player-4,player-1
157,5,22,0.06724987179040909,player-2,18,9,13,17,player-1,player-2
157,6,17,0.0577080063521862,player-2,20,10,18,17,player-2,player-2
157,7,17,0.055208103731274605,player-3,20,11,23,22,player-3,player-3
157,8,18,0.04412513226270676,player-1,22,13,23,24,player-4,player-1
157,9,18,0.05341600626707077,player-2,24,21,28,26,player-1,player-2
157,10,17,0.04658382385969162,player-2,28,28,31,28,player-2,player-2
157,11,18,0.06416602991521358,player-4,37,39,35,34,player-3,player-4
157,12,17,0.06225006654858589,player-4,37,42,38,43,player-4,player-4
157,13,18,0.040833139792084694,player-2,41,42,40,46,player-1,player-2
157,14,18,0.05220784805715084,player-3,41,42,46,47,player-2,player-3
157,15,18,0.055374810472130775,player-4,41,44,51,53,player-3,player-4
157,16,19,0.07650000043213367,player-2,45,48,53,58,player-4,player-2
158,1,23,0.07316702976822853,player-3,0,5,4,6,player-1,player-3
158,2,23,0.06150011904537678,none,3,6,13,13,player-2,none
158,3,17,0.055459095165133476,player-3,11,6,22,15,player-3,player-3
158,4,20,0.059582991525530815,player-3,22,11,30,26,player-4,player-3
158,5,19,0.04937499761581421,player-3,25,14,35,30,player-1,player-3
158,6,18,0.06749993190169334,player-3,25,16,38,37,player-2,player-3
158,7,19,0.06508408114314079,player-1,38,21,39,39,player-3,player-1
158,8,17,0.05595805123448372,player-4,40,24,43,44,player-4,player-4
158,9,17,0.05470798350870609,player-1,53,28,49,48,player-1,player-1
159,1,18,0.07287482731044292,player-1,7,2,10,2,player-4,player-1
159,2,17,0.0588330440223217,player-1,10,5,12,5,player-1,player-1
159,3,22,0.060999998822808266,none,16,5,21,8,player-2,none
159,4,18,0.05762488581240177,player-4,19,9,28,17,player-3,player-4
159,5,17,0.05933316424489021,player-4,23,13,31,19,player-4,player-4
159,6,26,0.06574997678399086,none,25,30,37,19,player-1,none
159,7,17,0.04891701973974705,player-2,26,32,44,23,player-2,player-2
159,8,17,0.055541982874274254,player-3,30,34,48,26,player-3,player-3
159,9,26,0.06900005973875523,player-1,35,39,54,33,player-4,player-1
159,10,17,0.054999953135848045,player-1,41,47,64,33,player-1,player-1
160,1,18,0.05770893767476082,player-3,6,2,1,3,player-2,player-3
160,2,19,0.058999983593821526,player-1,9,4,6,5,player-3,player-1
160,3,17,0.04541710950434208,player-4,14,6,10,14,player-4,player-4
160,4,18,0.05224999040365219,player-2,20,10,11,16,player-1,player-2
160,5,17,0.06620911881327629,player-2,25,17,14,24,player-2,player-2
160,6,17,0.04766695201396942,player-3,30,20,20,26,player-3,player-3
160,7,23,0.08012494072318077,player-2,32,29,22,33,player-4,player-2
160,8,18,0.06004190072417259,player-2,37,35,29,35,player-1,player-2
160,9,17,0.051999930292367935,player-2,41,35,29,37,player-2,player-2
160,10,17,0.05533313378691673,player-3,41,39,34,44,player-3,player-3
160,11,17,0.044584041461348534,player-4,41,41,36,52,player-4,player-4
160,12,19,0.06745802238583565,player-3,42,42,41,53,player-1,player-3
160,13,17,0.07895799353718758,player-2,49,48,50,53,player-2,player-2
161,1,18,0.055416952818632126,player-4,2,5,6,2,player-3,player-4
161,2,22,0.043291132897138596,none,2,7,7,6,player-4,none
161,3,17,0.03987504169344902,player-1,9,9,8,9,player-1,player-1
161,4,17,0.05725002847611904,player-2,13,19,10,12,player-2,player-2
161,5,17,0.05629099905490875,player-3,24,23,20,16,player-3,player-3
161,6,17,0.04712515510618687,player-4,24,26,20,22,player-4,player-4
161,7,17,0.049958936870098114,player-1,33,26,22,27,player-1,player-1
161,8,19,0.056791817769408226,player-4,49,41,27,30,player-2,player-4
161,9,18,0.04579196684062481,player-4,53,41,34,38,player-3,player-4
161,10,17,0.0563331414014101,player-4,56,45,41,40,player-4,player-4
161,11,17,0.04716706462204456,player-1,59,48,45,43,player-1,player-1
162,1,19,0.051042065024375916,player-3,2,3,3,0,player-1,player-3
162,2,20,0.05212496034801006,player-1,10,4,5,2,player-2,player-1
162,3,17,0.06262492388486862,player-3,14,8,15,5,player-3,player-3
162,4,20,0.053541967645287514,player-3,16,9,15,5,player-4,player-3
162,5,18,0.06429199129343033,player-2,18,22,18,13,player-1,player-2
162,6,18,0.06616697646677494,player-3,25,24,23,15,player-2,player-3
162,7,17,0.04587485454976559,player-3,25,24,30,15,player-3,player-3
162,8,19,0.06658397614955902,player-2,32,29,32,17,player-4,player-2
162,9,18,0.0613329466432333,player-2,34,34,35,17,player-1,player-2
162,10,19,0.04595797508955002,player-4,37,34,40,21,player-2,player-4
162,11,17,0.058542005717754364,player-3,40,34,45,23,player-3,player-3
162,12,19,0.059999991208314896,player-2,47,41,45,31,player-4,player-2
162,13,21,0.04187505692243576,none,48,41,49,31,player-1,none
162,14,18,0.05387491546571255,player-3,50,44,54,34,player-2,player-3
163,1,17,0.03879191353917122,player-4,0,2,3,2,player-4,player-4
163,2,18,0.05816691555082798,player-2,5,8,8,13,player-1,player-2
163,3,17,0.06854184903204441,player-2,9,11,11,14,player-2,player-2
163,4,18,0.03154110163450241,none,11,13,13,19,player-3,none
163,5,17,0.06262515671551228,player-4,13,15,18,30,player-4,player-4
163,6,19,0.06508314982056618,player-3,22,20,23,32,player-1,player-3
163,7,17,0.04666694439947605,player-2,32,23,30,38,player-2,player-2
163,8,19,0.055625103414058685,player-1,44,26,36,40,player-3,player-1
163,9,22,0.0516669824719429,player-1,51,32,37,44,player-4,player-1
163,10,18,0.05733314901590347,player-2,56,38,37,44,player-1,player-2
163,11,17,0.050916802138090134,player-2,61,44,37,46,player-2,player-2
163,12,22,0.0619587954133749,player-4,67,46,40,50,player-3,player-4
164,1,18,0.06554205901920795,player-2,7,7,5,4,player-1,player-2
164,2,21,0.06495905108749866,player-2,10,13,8,4,player-2,player-2
164,3,17,0.0577499158680439,player-3,12,14,16,7,player-3,player-3
164,4,17,0.05758390761911869,player-4,14,14,20,9,player-4,player-4
164,5,18,0.06262492388486862,player-2,16,22,23,18,player-1,player-2
164,6,17,0.04620896652340889,player-2,17,24,23,20,player-2,player-2
164,7,17,0.05329214036464691,player-3,24,25,26,23,player-3,player-3
164,8,17,0.05087489262223244,player-4,28,26,31,28,player-4,player-4
164,9,18,0.0819170381873846,player-2,32,27,36,31,player-1,player-2
164,10,18,0.05162484012544155,none,33,29,37,32,player-2,none
164,11,18,0.05191704258322716,player-4,34,31,41,37,player-3,player-4
164,12,17,0.06633298471570015,player-4,35,33,43,38,player-4,player-4
164,13,20,0.04641711711883545,player-4,38,34,48,45,player-1,player-4
164,14,17,0.051584094762802124,player-2,46,39,51,45,player-2,player-2
164,15,18,0.04762480966746807,player-4,51,39,57,48,player-3,player-4
165,1,17,0.05383300594985485,player-3,3,4,5,3,player-3,player-3
165,2,17,0.06483285687863827,player-4,9,8,9,8,player-4,player-4
165,3,17,0.05204183980822563,player-1,22,8,12,12,player-1,player-1
165,4,17,0.050582922995090485,player-2,22,16,14,16,player-2,player-2
165,5,17,0.06470899097621441,player-3,31,19,20,18,player-3,player-3
165,6,22,0.05145790055394173,player-1,34,21,24,21,player-4,player-1
165,7,18,0.056958990171551704,player-2,38,24,27,25,player-1,player-2
165,8,17,0.06245891563594341,player-2,39,28,27,27,player-2,player-2
165,9,17,0.060042133554816246,player-3,41,33,35,27,player-3,player-3
165,10,17,0.059999991208314896,player-4,44,35,40,35,player-4,player-4
165,11,21,0.07133278995752335,player-1,47,38,40,36,player-1,player-1
165,12,20,0.08070794865489006,player-1,57,40,41,40,player-2,player-1
165,13,21,0.06487499922513962,player-3,59,40,45,43,player-3,player-3
166,1,21,0.0635830219835043,player-3,2,2,5,3,player-3,player-3
166,2,17,0.059416983276605606,player-4,7,4,8,7,player-4,player-4
166,3,17,0.05508307367563248,player-1,12,5,8,8,player-1,player-1
166,4,19,0.06262492388486862,player-4,14,6,10,13,player-2,player-4
166,5,17,0.04254095256328583,player-3,15,9,15,13,player-3,player-3
166,6,19,0.05012494511902332,player-2,17,18,15,14,player-4,player-2
166,7,17,0.07866602391004562,player-1,28,26,18,16,player-1,player-1
166,8,19,0.058165984228253365,player-4,28,31,20,16,player-2,player-4
166,9,18,0.0502921175211668,player-4,31,36,25,21,player-3,player-4
166,10,23,0.06487499922513962,player-2,34,39,26,26,player-4,player-2
166,11,19,0.050833914428949356,player-3,36,43,36,28,player-1,player-3
166,12,17,0.05050003528594971,player-2,38,45,36,32,player-2,player-2
166,13,18,0.06574997678399086,player-4,40,48,41,34,player-3,player-4
166,14,22,0.06900005973875523,player-1,46,52,42,37,player-4,player-1
166,15,19,0.06870809011161327,player-3,50,56,48,41,player-1,player-3
166,16,20,0.05533290095627308,player-1,53,62,49,42,player-2,player-1
167,1,17,0.04800013266503811,player-3,2,2,8,4,player-3,player-3
167,2,26,0.07091695442795753,player-1,7,8,10,5,player-4,player-1
167,3,18,0.052167102694511414,player-2,11,19,17,6,player-1,player-2
167,4,22,0.05033286288380623,none,13,21,18,6,player-2,none
167,5,18,0.03620819188654423,none,13,22,18,11,player-3,none
167,6,22,0.0643748790025711,player-1,23,22,29,16,player-4,player-1
167,7,20,0.04866695962846279,player-4,26,23,29,17,player-1,player-4
167,8,17,0.04575005732476711,player-2,26,29,29,18,player-2,player-2
167,9,19,0.0499580055475235,player-1,28,30,31,23,player-3,player-1
167,10,19,0.045208027586340904,player-2,28,35,33,25,player-4,player-2
167,11,18,0.04758383147418499,player-2,28,37,34,26,player-1,player-2
167,12,20,0.06670807488262653,player-1,34,38,41,34,player-2,player-1
167,13,18,0.04566693678498268,player-4,38,39,42,36,player-3,player-4
167,14,17,0.058540841564536095,player-4,43,44,42,45,player-4,player-4
167,15,19,0.048459041863679886,player-3,48,50,45,46,player-1,player-3
167,16,17,0.06454181857407093,player-2,51,54,46,51,player-2,player-2
168,1,17,0.05179201252758503,player-3,4,3,6,0,player-3,player-3
168,2,17,0.05445792339742184,player-4,5,3,15,4,player-4,player-4
168,3,17,0.04729209467768669,player-1,11,4,15,7,player-1,player-1
168,4,17,0.03812485374510288,player-2,12,6,15,8,player-2,player-2
168,5,17,0.05100015550851822,player-3,19,11,20,13,player-3,player-3
168,6,19,0.05550007335841656,player-2,25,20,23,15,player-4,player-2
168,7,17,0.038708094507455826,player-1,30,20,24,17,player-1,player-1
168,8,18,0.04874984733760357,player-3,32,23,32,17,player-2,player-3
168,9,20,0.06550014950335026,player-2,33,32,35,19,player-3,player-2
168,10,17,0.06841588765382767,player-4,37,37,40,25,player-4,player-4
168,11,18,0.06858282722532749,player-2,39,48,48,28,player-1,player-2
168,12,21,0.0588749535381794,player-2,42,50,50,31,player-2,player-2
168,13,20,0.04549999721348286,player-2,42,56,55,31,player-3,player-2
168,14,32,0.05725002847611904,none,44,58,56,31,player-4,none
169,1,20,0.05450006574392319,player-3,0,3,6,2,player-4,player-3
169,2,17,0.05083298310637474,player-1,2,7,7,4,player-1,player-1
169,3,19,0.056042103096842766,player-4,7,8,12,13,player-2,player-4
169,4,18,0.056042103096842766,player-4,11,14,20,14,player-3,player-4
169,5,17,0.05766702815890312,player-4,14,16,24,22,player-4,player-4
169,6,17,0.06983312778174877,player-1,20,19,34,30,player-1,player-1
169,7,17,0.049541937187314034,player-2,28,24,37,32,player-2,player-2
169,8,17,0.06674998439848423,player-3,35,29,48,32,player-3,player-3
169,9,18,0.042750034481287,player-1,40,33,53,35,player-4,player-1
169,10,19,0.06624986417591572,player-3,45,38,58,39,player-1,player-3
170,1,18,0.05270913243293762,player-3,0,4,7,8,player-2,player-3
170,2,17,0.051582930609583855,player-3,3,8,9,10,player-3,player-3
170,3,17,0.04929094575345516,player-4,5,11,12,14,player-4,player-4
170,4,17,0.0399160198867321,player-1,10,11,12,14,player-1,player-1
170,5,17,0.040624989196658134,player-2,10,15,14,16,player-2,player-2
170,6,17,0.05145813338458538,player-3,11,18,18,18,player-3,player-3
170,7,17,0.05862489342689514,player-4,16,24,27,23,player-4,player-4
170,8,20,0.07366598583757877,player-4,18,29,30,33,player-1,player-4
170,9,17,0.05254102870821953,player-2,23,33,35,33,player-2,player-2
170,10,17,0.04954217001795769,player-3,23,35,37,37,player-3,player-3
170,11,21,0.07200008258223534,player-4,24,35,47,42,player-4,player-4
170,12,17,0.06366707384586334,player-1,26,37,48,43,player-1,player-1
170,13,18,0.05512521602213383,player-3,26,38,56,45,player-2,player-3
170,14,18,0.05241716280579567,player-4,33,45,57,54,player-3,player-4
170,15,17,0.035624951124191284,player-4,34,48,60,56,player-4,player-4
171,1,18,0.04604179412126541,player-1,5,0,1,0,player-4,player-1
171,2,20,0.08037500083446503,player-4,8,4,1,12,player-1,player-4
171,3,17,0.05866703577339649,player-2,13,4,3,14,player-2,player-2
171,4,17,0.059584155678749084,player-3,16,11,6,20,player-3,player-3
171,5,17,0.04654098302125931,player-4,19,11,12,24,player-4,player-4
171,6,18,0.0552500132471323,player-2,20,19,16,27,player-1,player-2
171,7,17,0.057833967730402946,player-2,28,26,20,31,player-2,player-2
171,8,18,0.07125013507902622,player-4,30,29,22,35,player-3,player-4
171,9,17,0.05941605195403099,player-4,35,33,27,44,player-4,player-4
171,10,19,0.07154210470616817,player-3,36,37,39,58,player-1,player-3
171,11,17,0.049582915380597115,player-2,37,39,42,58,player-2,player-2
171,12,17,0.061791855841875076,player-3,37,44,52,63,player-3,player-3
172,1,20,0.05720788612961769,player-3,4,0,1,2,player-4,player-3
172,2,17,0.040790997445583344,player-1,12,1,4,2,player-1,player-1
172,3,17,0.05475012585520744,player-2,20,8,8,4,player-2,player-2
172,4,18,0.04716706462204456,none,21,16,8,14,player-3,none
172,5,18,0.05250005051493645,player-1,24,16,8,16,player-4,player-1
172,6,18,0.06387499161064625,player-2,28,24,9,20,player-1,player-2
172,7,17,0.05679205060005188,player-2,29,28,12,25,player-2,player-2
172,8,17,0.058833975344896317,player-3,34,28,22,28,player-3,player-3
172,9,17,0.06262515671551228,player-4,41,34,24,34,player-4,player-4
172,10,17,0.05087489262223244,player-1,47,37,31,36,player-1,player-1
172,11,17,0.069082947447896,player-2,53,46,36,40,player-2,player-2
172,12,17,0.043042004108428955,player-3,53,49,45,44,player-3,player-3
172,13,16,0.03491691313683987,none,53,49,45,46,player-4,none
172,14,17,0.04375004209578037,player-1,55,52,49,53,player-1,player-1
173,1,17,0.05566701292991638,player-3,4,2,12,0,player-3,player-3
173,2,17,0.04937499761581421,player-4,7,3,14,6,player-4,player-4
173,3,20,0.05966681055724621,player-4,12,3,18,11,player-1,player-4
173,4,19,0.05441601388156414,player-4,16,5,20,17,player-2,player-4
173,5,18,0.04291697405278683,player-4,16,5,22,21,player-3,player-4
173,6,17,0.0491670798510313,player-4,18,5,26,30,player-4,player-4
173,7,20,0.05195802077651024,player-4,20,6,30,32,player-1,player-4
173,8,17,0.05091703496873379,player-2,20,10,37,35,player-2,player-2
173,9,19,0.06329105235636234,player-1,22,19,40,38,player-3,player-1
173,10,17,0.04683411680161953,player-4,22,25,43,46,player-4,player-4
173,11,29,0.09454204700887203,player-1,23,25,45,57,player-1,player-1
173,12,17,0.04870793782174587,player-2,26,36,46,58,player-2,player-2
173,13,21,0.0705840066075325,player-3,33,40,57,63,player-3,player-3
174,1,18,0.09054108522832394,player-2,6,9,4,9,player-1,player-2
174,2,17,0.04816707223653793,player-2,7,13,7,10,player-2,player-2
174,3,18,0.05741720087826252,player-4,18,15,9,22,player-3,player-4
174,4,17,0.06820890121161938,player-4,20,18,9,29,player-4,player-4
174,5,17,0.05941721610724926,player-1,26,25,13,30,player-1,player-1
174,6,17,0.06741611286997795,player-2,32,29,19,30,player-2,player-2
174,7,18,0.07066689431667328,player-4,35,32,23,34,player-3,player-4
174,8,17,0.062374863773584366,player-4,43,34,28,41,player-4,player-4
174,9,23,0.08183298632502556,player-3,43,36,35,43,player-1,player-3
174,10,17,0.053167110309004784,player-2,46,41,37,44,player-2,player-2
174,11,19,0.07495819590985775,player-1,50,43,42,50,player-3,player-1
174,12,17,0.05479203537106514,player-4,50,43,45,62,player-4,player-4
175,1,19,0.06749993190169334,player-2,3,5,2,6,player-4,player-2
175,2,23,0.06287498399615288,player-3,5,6,5,7,player-1,player-3
175,3,19,0.06325007416307926,player-4,7,10,11,9,player-2,player-4
175,4,17,0.0630419235676527,player-3,9,15,23,15,player-3,player-3
175,5,19,0.05679205060005188,player-2,10,19,23,21,player-4,player-2
175,6,21,0.06545800715684891,player-1,17,30,30,29,player-1,player-1
175,7,17,0.0599580816924572,player-2,19,33,35,37,player-2,player-2
175,8,25,0.05620787851512432,player-3,19,35,38,37,player-3,player-3
175,9,17,0.05291705019772053,player-4,19,38,40,46,player-4,player-4
175,10,18,0.05462486296892166,player-2,22,45,43,47,player-1,player-2
175,11,20,0.07012509740889072,player-1,28,47,51,50,player-2,player-1
175,12,17,0.044582877308130264,player-3,28,49,52,52,player-3,player-3
176,1,20,0.08366606198251247,player-4,2,5,2,4,player-1,player-4
176,2,28,0.07287506014108658,none,5,5,4,6,player-2,none
176,3,17,0.061125028878450394,player-3,10,14,17,9,player-3,player-3
176,4,19,0.06924988701939583,player-2,10,19,25,10,player-4,player-2
176,5,20,0.057208817452192307,player-4,10,20,27,16,player-1,player-4
176,6,17,0.05591707304120064,player-2,12,23,27,18,player-2,player-2
176,7,20,0.07512490265071392,player-2,14,33,29,20,player-3,player-2
176,8,20,0.06387499161064625,player-3,16,44,37,20,player-4,player-3
176,9,19,0.08675013668835163,player-3,21,51,43,23,player-1,player-3
176,10,18,0.07283384911715984,player-3,27,57,48,30,player-2,player-3
176,11,19,0.08087488822638988,player-1,31,62,50,37,player-3,player-1
176,12,21,0.05987496115267277,player-4,39,70,55,37,player-4,player-4
177,1,19,0.058416975662112236,player-1,0,2,3,3,player-3,player-1
177,2,19,0.06500002928078175,player-2,3,7,7,12,player-4,player-2
177,3,22,0.05012494511902332,player-2,4,8,7,12,player-1,player-2
177,4,28,0.06866711191833019,player-1,15,9,19,15,player-2,player-1
177,5,18,0.059374840930104256,player-4,15,14,24,17,player-3,player-4
177,6,29,0.07079099304974079,player-4,15,19,24,25,player-4,player-4
177,7,17,0.04816614091396332,player-1,19,23,29,28,player-1,player-1
177,8,33,0.06879097782075405,player-2,20,26,32,29,player-2,player-2
177,9,19,0.05050003528594971,player-1,25,31,32,32,player-3,player-1
177,10,21,0.0683339312672615,player-4,31,31,40,37,player-4,player-4
177,11,18,0.0550001859664917,player-2,33,35,42,37,player-1,player-2
177,12,18,0.07333396933972836,player-3,38,36,52,39,player-2,player-3
177,13,17,0.05608284845948219,player-3,40,41,57,42,player-3,player-3
177,14,20,0.07824995554983616,player-3,50,44,63,44,player-4,player-3
178,1,17,0.05104183219373226,player-2,2,5,2,2,player-2,player-2
178,2,17,0.05837506614625454,player-3,3,7,11,4,player-3,player-3
178,3,17,0.059167155995965004,player-4,9,11,11,11,player-4,player-4
178,4,17,0.05183299072086811,player-1,14,16,16,14,player-1,player-1
178,5,19,0.04900014027953148,player-4,17,20,18,20,player-2,player-4
178,6,17,0.05425000563263893,player-3,22,28,27,22,player-3,player-3
178,7,17,0.05683302879333496,player-4,24,36,31,24,player-4,player-4
178,8,17,0.04575005732476711,player-1,31,40,35,24,player-1,player-1
178,9,21,0.05474989302456379,player-2,32,44,35,26,player-2,player-2
178,10,17,0.06329198367893696,player-3,34,44,47,26,player-3,player-3
178,11,18,0.06379117257893085,player-1,36,45,49,32,player-4,player-1
178,12,17,0.058582983911037445,player-1,37,49,53,41,player-1,player-1
178,13,18,0.06783311255276203,player-3,39,49,55,43,player-2,player-3
178,14,17,0.07570907473564148,player-3,40,57,57,48,player-3,player-3
179,1,17,0.04675006493926048,player-1,3,4,2,0,player-1,player-1
179,2,17,0.04987488500773907,player-2,3,11,4,2,player-2,player-2
179,3,18,0.06074993871152401,player-4,3,13,5,5,player-3,player-4
179,4,17,0.04791701212525368,player-4,6,25,10,10,player-4,player-4
179,5,18,0.061542028561234474,player-2,13,29,14,15,player-1,player-2
179,6,17,0.054582953453063965,player-2,19,35,16,17,player-2,player-2
179,7,19,0.06941589526832104,player-1,23,39,18,21,player-3,player-1
179,8,17,0.05495804361999035,player-4,23,40,22,25,player-4,player-4
179,9,17,0.04737498238682747,player-1,24,40,24,26,player-1,player-1
179,10,18,0.053666066378355026,player-3,32,41,27,28,player-2,player-3
179,11,18,0.04954100586473942,player-4,35,43,28,30,player-3,player-4
179,12,22,0.04604109562933445,none,37,44,30,34,player-4,none
179,13,18,0.057582976296544075,player-2,44,49,37,35,player-1,player-2
179,14,17,0.06229081191122532,player-2,54,51,44,37,player-2,player-2
179,15,23,0.04962482489645481,player-1,58,56,46,41,player-3,player-1
180,1,17,0.047459034249186516,player-1,7,2,1,0,player-1,player-1
180,2,17,0.05708308890461922,player-2,8,6,3,0,player-2,player-2
180,3,18,0.04754099063575268,player-4,8,7,4,7,player-3,player-4
180,4,18,0.05095801316201687,player-1,12,7,8,14,player-4,player-1
180,5,17,0.0516669824719429,player-1,16,15,13,14,player-1,player-1
180,6,17,0.0475000124424696,player-2,17,17,13,14,player-2,player-2
180,7,17,0.05429098382592201,player-3,21,21,17,14,player-3,player-3
180,8,22,0.06779213435947895,player-1,25,22,17,24,player-4,player-1
180,9,19,0.059999991208314896,player-3,28,25,22,25,player-1,player-3
180,10,19,0.07287482731044292,player-4,39,28,32,30,player-2,player-4
180,11,19,0.06345892325043678,player-1,42,34,38,33,player-3,player-1
180,12,17,0.052042072638869286,player-4,44,35,41,36,player-4,player-4
180,13,17,0.044625019654631615,player-1,46,36,45,40,player-1,player-1
180,14,18,0.04533398896455765,player-3,46,39,47,42,player-2,player-3
180,15,19,0.05974993109703064,player-1,56,43,49,45,player-3,player-1
181,1,18,0.049083027988672256,player-1,8,6,0,1,player-4,player-1
181,2,18,0.06283307448029518,player-2,12,13,3,5,player-1,player-2
181,3,23,0.0599580816924572,none,13,17,11,17,player-2,none
181,4,18,0.04308321513235569,player-4,15,23,12,22,player-3,player-4
181,5,17,0.054333824664354324,player-4,15,25,15,24,player-4,player-4
181,6,22,0.05529099144041538,player-2,19,36,15,24,player-1,player-2
181,7,19,0.04741596058011055,player-4,19,36,19,30,player-2,player-4
181,8,17,0.04570907913148403,player-3,24,37,20,32,player-3,player-3
181,9,18,0.050459057092666626,player-1,27,43,26,37,player-4,player-1
181,10,20,0.055916840210556984,player-4,31,44,30,42,player-1,player-4
181,11,17,0.05679205060005188,player-2,35,48,30,49,player-2,player-2
181,12,18,0.04837499000132084,player-4,36,49,31,54,player-3,player-4
182,1,19,0.06891600787639618,player-1,8,0,6,6,player-3,player-1
182,2,19,0.05991710349917412,player-2,11,3,10,7,player-4,player-2
182,3,20,0.05537504330277443,player-4,15,5,11,13,player-1,player-4
182,4,21,0.06191711872816086,player-2,15,17,14,18,player-2,player-2
182,5,18,0.04600011743605137,player-4,18,18,16,20,player-3,player-4
182,6,17,0.048999907448887825,player-4,23,22,22,24,player-4,player-4
182,7,18,0.055541982874274254,player-2,27,24,23,26,player-1,player-2
182,8,18,0.05691708065569401,player-3,27,27,25,27,player-2,player-3
182,9,17,0.053167110309004784,player-3,33,31,35,27,player-3,player-3
182,10,17,0.048208050429821014,player-4,38,34,39,36,player-4,player-4
182,11,17,0.0612910371273756,player-1,46,39,45,36,player-1,player-1
182,12,17,0.04224991425871849,player-2,47,45,50,39,player-2,player-2
182,13,17,0.06679212674498558,player-3,51,45,58,46,player-3,player-3
183,1,17,0.0499580055475235,player-2,0,1,4,1,player-2,player-2
183,2,17,0.04691700451076031,player-3,1,4,7,3,player-3,player-3
183,3,17,0.05870917811989784,player-4,8,6,17,5,player-4,player-4
183,4,17,0.06025005131959915,player-1,11,6,20,10,player-1,player-1
183,5,17,0.0527920201420784,player-2,12,11,20,14,player-2,player-2
183,6,19,0.04908395931124687,player-1,20,12,22,16,player-3,player-1
183,7,17,0.04729093052446842,player-4,24,12,28,20,player-4,player-4
183,8,21,0.06304215639829636,player-1,25,15,36,23,player-1,player-1
183,9,18,0.04800013266503811,player-3,27,19,41,23,player-2,player-3
183,10,18,0.058125006034970284,player-4,29,20,45,34,player-3,player-4
183,11,18,0.048666028305888176,player-1,33,24,48,38,player-4,player-1
183,12,21,0.0539170578122139,player-1,41,24,50,42,player-1,player-1
183,13,17,0.04991702735424042,player-2,52,29,50,51,player-2,player-2
184,1,17,0.06466684862971306,player-2,4,3,0,1,player-2,player-2
184,2,20,0.057582976296544075,player-2,9,10,4,4,player-3,player-2
184,3,19,0.046625034883618355,player-2,9,16,4,7,player-4,player-2
184,4,17,0.048582907766103745,player-1,16,16,10,8,player-1,player-1
184,5,17,0.04245806485414505,player-2,21,20,14,10,player-2,player-2
184,6,17,0.04337495192885399,player-3,24,22,16,13,player-3,player-3
184,7,17,0.05341600626707077,player-4,32,25,17,19,player-4,player-4
184,8,18,0.051999930292367935,player-2,34,31,21,19,player-1,player-2
184,9,18,0.043833162635564804,player-3,34,33,24,23,player-2,player-3
184,10,31,0.05920790135860443,none,36,41,28,26,player-3,none
184,11,17,0.05137501284480095,player-4,43,47,33,33,player-4,player-4
184,12,20,0.05620787851512432,player-4,45,50,35,38,player-1,player-4
184,13,26,0.07879198528826237,none,49,57,37,41,player-2,none
184,14,17,0.05762488581240177,player-3,49,57,47,45,player-3,player-3
185,1,17,0.07766694761812687,player-2,1,6,2,6,player-2,player-2
185,2,18,0.06366707384586334,player-4,3,7,2,10,player-3,player-4
185,3,19,0.0574581790715456,player-2,6,15,5,14,player-4,player-2
185,4,17,0.05012494511902332,player-1,13,17,6,16,player-1,player-1
185,5,17,0.06679189391434193,player-2,21,19,12,17,player-2,player-2
185,6,17,0.050083035603165627,player-3,21,22,19,19,player-3,player-3
185,7,17,0.04183407872915268,player-4,24,23,21,22,player-4,player-4
185,8,18,0.0541668850928545,player-2,36,26,24,25,player-1,player-2
185,9,17,0.061542028561234474,player-2,42,31,27,33,player-2,player-2
185,10,17,0.060999998822808266,player-3,43,37,34,33,player-3,player-3
185,11,17,0.04445877857506275,player-4,44,38,36,41,player-4,player-4
185,12,20,0.061750179156661034,player-4,47,44,38,45,player-1,player-4
185,13,16,0.033750198781490326,none,47,44,38,46,player-2,none
185,14,20,0.05954108200967312,player-2,47,51,44,46,player-3,player-2
185,15,17,0.05850009620189667,player-4,50,54,45,49,player-4,player-4
186,1,23,0.07691700011491776,player-2,15,0,2,1,player-4,player-2
186,2,17,0.04958314821124077,player-1,19,3,3,7,player-1,player-1
186,3,19,0.04850002005696297,player-4,24,5,3,10,player-2,player-4
186,4,21,0.04741712473332882,player-3,24,6,8,13,player-3,player-3
186,5,17,0.04933285526931286,player-4,28,7,15,16,player-4,player-4
186,6,18,0.05512498319149017,player-2,30,13,19,21,player-1,player-2
186,7,19,0.09458395652472973,player-4,40,19,27,22,player-2,player-4
186,8,17,0.07712515071034431,player-3,42,24,30,23,player-3,player-3
186,9,19,0.05312496796250343,player-2,45,28,30,25,player-4,player-2
186,10,18,0.05966704338788986,player-2,48,37,34,25,player-1,player-2
186,11,19,0.063000014051795,player-4,54,40,39,34,player-2,player-4
186,12,17,0.04629092290997505,player-3,55,40,41,37,player-3,player-3
186,13,17,0.04204106517136097,player-4,55,43,44,39,player-4,player-4
186,14,17,0.04379195161163807,player-1,61,43,47,39,player-1,player-1
187,1,18,0.048832967877388,player-3,5,4,6,2,player-2,player-3
187,2,17,0.05566701292991638,player-3,13,9,10,6,player-3,player-3
187,3,17,0.04033301956951618,player-4,13,10,10,8,player-4,player-4
187,4,24,0.06958306767046452,player-4,17,15,13,22,player-1,player-4
187,5,19,0.06429199129343033,player-4,24,22,22,27,player-2,player-4
187,6,17,0.05374988541007042,player-3,24,24,26,31,player-3,player-3
187,7,22,0.07391697727143764,player-1,28,27,30,35,player-4,player-1
187,8,17,0.05387491546571255,player-1,32,27,37,37,player-1,player-1
187,9,19,0.048999907448887825,player-4,35,29,39,42,player-2,player-4
187,10,17,0.06962497718632221,player-3,40,31,42,42,player-3,player-3
187,11,18,0.049541937187314034,player-1,44,35,45,51,player-4,player-1
187,12,17,0.04950002767145634,player-1,54,37,45,51,player-1,player-1
187,13,19,0.07620803080499172,player-4,54,41,47,52,player-2,player-4
188,1,20,0.06866594776511192,player-3,5,8,7,2,player-4,player-3
188,2,17,0.05745794624090195,player-1,7,12,12,9,player-1,player-1
188,3,20,0.06262492388486862,player-1,10,14,18,18,player-2,player-1
188,4,18,0.044708140194416046,player-4,13,16,24,22,player-3,player-4
188,5,18,0.04216702654957771,player-1,16,18,25,25,player-4,player-1
188,6,17,0.050541944801807404,player-1,23,22,28,27,player-1,player-1
188,7,17,0.0661672092974186,player-2,24,29,28,32,player-2,player-2
188,8,17,0.07954216562211514,player-3,32,36,31,38,player-3,player-3
188,9,20,0.05191704258322716,player-3,33,38,39,41,player-4,player-3
188,10,25,0.06016693077981472,player-1,44,38,41,42,player-1,player-1
188,11,17,0.05250005051493645,player-2,46,45,41,47,player-2,player-2
188,12,17,0.04795799031853676,player-3,47,49,43,50,player-3,player-3
188,13,17,0.056416960433125496,player-4,54,51,46,52,player-4,player-4
189,1,18,0.05825003609061241,player-2,3,7,6,6,player-1,player-2
189,2,17,0.043416861444711685,player-2,3,12,6,11,player-2,player-2
189,3,17,0.04816707223653793,player-3,7,18,8,14,player-3,player-3
189,4,17,0.05629193037748337,player-4,9,18,9,23,player-4,player-4
189,5,18,0.04183291457593441,player-2,10,31,10,24,player-1,player-2
189,6,19,0.04591699689626694,player-4,10,33,13,25,player-2,player-4
189,7,17,0.03991695120930672,player-3,17,36,16,27,player-3,player-3
189,8,18,0.05429214797914028,player-1,22,38,18,30,player-4,player-1
189,9,17,0.05725002847611904,player-1,25,40,20,32,player-1,player-1
189,10,19,0.044582877308130264,player-4,27,42,21,36,player-2,player-4
189,11,19,0.04758313298225403,player-1,28,43,21,39,player-3,player-1
189,12,17,0.04545808769762516,player-4,28,47,23,41,player-4,player-4
189,13,17,0.056999968364834785,player-1,29,48,27,41,player-1,player-1
189,14,18,0.07212511263787746,player-3,36,54,39,44,player-2,player-3
189,15,18,0.05712499842047691,player-4,36,55,41,49,player-3,player-4
190,1,18,0.04795799031853676,player-1,4,1,2,4,player-4,player-1
190,2,17,0.05029095336794853,player-1,14,3,9,8,player-1,player-1
190,3,17,0.04979199729859829,player-2,23,8,9,12,player-2,player-2
190,4,20,0.06687501445412636,player-2,24,15,16,19,player-3,player-2
190,5,18,0.05745794624090195,player-1,31,15,19,25,player-4,player-1
190,6,18,0.047250185161828995,player-2,34,21,19,30,player-1,player-2
190,7,19,0.05320785567164421,player-4,39,23,25,32,player-2,player-4
190,8,17,0.05291611887514591,player-3,48,23,26,38,player-3,player-3
190,9,40,0.11154194362461567,none,58,25,29,40,player-4,none
190,10,18,0.03875000402331352,none,59,29,31,40,player-1,none
190,11,15,0.031166942790150642,none,62,31,31,45,player-2,none
190,12,21,0.0754999928176403,player-3,64,35,34,49,player-3,player-3
190,13,18,0.0552500132471323,player-1,67,37,39,51,player-4,player-1
191,1,17,0.06087496876716614,player-1,5,5,1,4,player-1,player-1
191,2,17,0.04533398896455765,player-2,12,10,3,4,player-2,player-2
191,3,17,0.04691607318818569,player-3,16,12,6,6,player-3,player-3
191,4,19,0.0554998405277729,player-2,19,14,7,10,player-4,player-2
191,5,17,0.0516669824719429,player-1,24,21,9,14,player-1,player-1
191,6,17,0.05920790135860443,player-2,27,23,10,15,player-2,player-2
191,7,17,0.04933285526931286,player-3,27,23,20,18,player-3,player-3
191,8,17,0.04795799031853676,player-4,27,24,27,22,player-4,player-4
191,9,19,0.05520787090063095,player-3,28,29,38,29,player-1,player-3
191,10,19,0.06100023165345192,player-4,28,33,45,37,player-2,player-4
191,11,19,0.05483301356434822,player-1,31,34,49,41,player-3,player-1
191,12,19,0.05237502045929432,player-2,33,39,53,43,player-4,player-2
191,13,17,0.04624994471669197,player-1,38,42,59,48,player-1,player-1
191,14,19,0.056999968364834785,player-4,41,49,64,58,player-2,player-4
192,1,17,0.056040938943624496,player-2,2,5,0,1,player-2,player-2
192,2,24,0.06129196844995022,player-2,6,7,3,3,player-3,player-2
192,3,17,0.05208305083215237,player-4,10,10,7,6,player-4,player-4
192,4,17,0.05708285607397556,player-1,17,10,14,9,player-1,player-1
192,5,17,0.046582892537117004,player-2,17,13,17,10,player-2,player-2
192,6,18,0.06183306686580181,player-4,18,15,21,17,player-3,player-4
192,7,17,0.04324992187321186,player-4,18,19,21,25,player-4,player-4
192,8,17,0.04358310252428055,player-1,19,19,21,29,player-1,player-1
192,9,17,0.03929203376173973,player-2,19,24,22,31,player-2,player-2
192,10,17,0.06608385592699051,player-3,26,26,42,31,player-3,player-3
192,11,19,0.050084199756383896,player-2,26,32,46,31,player-4,player-2
192,12,18,0.06495811976492405,player-2,30,42,63,41,player-1,player-2
192,13,17,0.0567091628909111,player-2,36,47,67,41,player-2,player-2
193,1,17,0.05154102109372616,player-2,2,4,2,0,player-2,player-2
193,2,19,0.05287514068186283,player-1,5,7,7,0,player-3,player-1
193,3,19,0.06570783443748951,player-2,11,13,9,6,player-4,player-2
193,4,25,0.06437511183321476,player-1,12,13,13,6,player-1,player-1
193,5,17,0.055208103731274605,player-2,13,21,16,6,player-2,player-2
193,6,21,0.04887511022388935,player-3,18,24,23,10,player-3,player-3
193,7,16,0.03441702574491501,none,18,26,31,12,player-4,none
193,8,16,0.04087504930794239,none,22,27,31,16,player-1,none
193,9,19,0.049999915063381195,player-4,22,28,31,20,player-2,player-4
193,10,18,0.06062490865588188,player-4,24,34,33,22,player-3,player-4
193,11,20,0.06174994632601738,player-3,33,34,35,23,player-4,player-3
193,12,17,0.0730000901967287,player-1,36,40,44,24,player-1,player-1
193,13,17,0.04337495192885399,player-2,39,43,45,24,player-2,player-2
193,14,17,0.048083020374178886,player-3,42,49,46,25,player-3,player-3
193,15,24,0.051999930292367935,none,43,52,51,27,player-4,none
193,16,17,0.04687509499490261,player-1,47,56,52,28,player-1,player-1
193,17,17,0.04229182377457619,player-2,47,61,52,30,player-2,player-2
193,18,17,0.058167148381471634,player-3,51,64,58,30,player-3,player-3
194,1,17,0.0766250304877758,player-3,7,5,8,5,player-3,player-3
194,2,17,0.05058315582573414,player-4,12,6,14,7,player-4,player-4
194,3,17,0.0677919015288353,player-1,20,12,17,10,player-1,player-1
194,4,17,0.05308398976922035,player-2,23,18,23,10,player-2,player-2
194,5,24,0.07408298552036285,player-2,26,18,34,13,player-3,player-2
194,6,17,0.04641595296561718,player-4,32,18,37,18,player-4,player-4
194,7,18,0.04874984733760357,player-2,34,23,37,18,player-1,player-2
194,8,17,0.04504108801484108,player-2,34,24,41,22,player-2,player-2
194,9,18,0.06737490184605122,player-4,39,26,43,25,player-3,player-4
194,10,18,0.05816691555082798,player-1,45,27,47,27,player-4,player-1
194,11,17,0.0825000461190939,player-1,51,29,53,32,player-1,player-1
195,1,17,0.05925004370510578,player-3,7,1,11,0,player-3,player-3
195,2,18,0.06475020200014114,player-1,12,2,14,4,player-4,player-1
195,3,17,0.0537908636033535,player-1,12,2,22,9,player-1,player-1
195,4,17,0.058125006034970284,player-2,19,13,24,12,player-2,player-2
195,5,17,0.05708308890461922,player-3,23,20,26,14,player-3,player-3
195,6,25,0.052541960030794144,player-4,24,22,28,19,player-4,player-4
195,7,24,0.053666066378355026,player-4,25,25,28,25,player-1,player-4
195,8,16,0.03450014628469944,none,31,26,32,27,player-2,none
195,9,18,0.05066697485744953,player-4,31,29,33,29,player-3,player-4
195,10,17,0.045708147808909416,player-4,31,37,39,31,player-4,player-4
195,11,17,0.048208050429821014,player-1,37,38,40,34,player-1,player-1
195,12,18,0.16000005416572094,player-3,37,42,43,40,player-2,player-3
195,13,19,0.07412489503622055,player-1,41,48,46,44,player-3,player-1
195,14,17,0.05479087121784687,player-4,43,48,52,52,player-4,player-4
196,1,26,0.075541902333498,player-2,0,6,3,2,player-1,player-2
196,2,20,0.052999937906861305,player-1,6,7,4,2,player-2,player-1
196,3,23,0.05566701292991638,player-1,7,10,8,2,player-3,player-1
196,4,17,0.047250185161828995,player-4,7,12,10,8,player-4,player-4
196,5,22,0.062000006437301636,player-2,8,18,11,15,player-1,player-2
196,6,19,0.06749993190169334,player-4,13,28,19,24,player-2,player-4
196,7,17,0.04470790736377239,player-3,19,31,28,24,player-3,player-3
196,8,17,0.04854099825024605,player-4,23,38,34,30,player-4,player-4
196,9,18,0.06174994632601738,player-2,28,41,36,33,player-1,player-2
196,10,20,0.07695821113884449,player-1,34,45,38,39,player-2,player-1
196,11,18,0.05212496034801006,player-4,34,54,39,48,player-3,player-4
197,1,20,0.061499886214733124,player-3,3,0,1,3,player-4,player-3
197,2,17,0.06400002166628838,player-1,12,0,4,8,player-1,player-1
197,3,18,0.05337502807378769,player-3,14,4,10,11,player-2,player-3
197,4,17,0.06387499161064625,player-3,24,4,19,13,player-3,player-3
197,5,17,0.044665997847914696,player-4,27,5,23,19,player-4,player-4
197,6,17,0.042416155338287354,player-1,33,6,28,23,player-1,player-1
197,7,27,0.05229189991950989,none,39,6,28,34,player-2,none
197,8,17,0.0563750509172678,player-3,46,7,40,35,player-3,player-3
197,9,18,0.05725002847611904,player-1,54,13,48,37,player-4,player-1
198,1,17,0.05608284845948219,player-4,12,15,6,2,player-4,player-4
198,2,17,0.05150004290044308,player-1,23,15,12,7,player-1,player-1
198,3,25,0.06737513467669487,none,27,22,15,8,player-2,none
198,4,17,0.04687486216425896,player-3,27,27,21,11,player-3,player-3
198,5,18,0.06466684862971306,player-1,29,29,24,19,player-4,player-1
198,6,17,0.05733291618525982,player-1,34,31,32,22,player-1,player-1
198,7,29,0.06554205901920795,player-2,40,36,32,26,player-2,player-2
198,8,18,0.06220908835530281,player-4,40,39,37,33,player-3,player-4
198,9,18,0.05204114131629467,player-1,52,39,39,37,player-4,player-1
198,10,17,0.057416968047618866,player-1,57,41,42,40,player-1,player-1
198,11,19,0.05625002086162567,player-4,62,42,45,43,player-2,player-4
199,1,17,0.0702079851180315,player-3,0,0,6,6,player-3,player-3
199,2,19,0.042665982618927956,player-2,1,1,7,9,player-4,player-2
199,3,20,0.05316687747836113,player-4,4,1,7,11,player-1,player-4
199,4,18,0.05229189991950989,player-3,6,5,9,13,player-2,player-3
199,5,20,0.07200008258223534,player-2,8,13,18,24,player-3,player-2
199,6,18,0.049791065976023674,player-1,12,14,21,33,player-4,player-1
199,7,19,0.04950002767145634,player-3,14,17,24,34,player-1,player-3
199,8,17,0.05429191514849663,player-2,18,23,26,34,player-2,player-2
199,9,18,0.0710831955075264,player-4,25,25,28,40,player-3,player-4
199,10,17,0.06291712634265423,player-4,31,25,28,45,player-4,player-4
199,11,17,0.039624981582164764,player-1,39,28,28,47,player-1,player-1
199,12,17,0.06812508217990398,player-2,43,41,31,55,player-2,player-2
199,13,18,0.04512490704655647,player-4,45,41,31,60,player-3,player-4
200,1,29,0.06187497638165951,player-3,2,1,6,3,player-3,player-3
200,2,18,0.05808309651911259,player-1,4,7,11,6,player-4,player-1
200,3,20,0.057541998103260994,player-4,8,11,16,16,player-1,player-4
200,4,17,0.05670799873769283,player-2,15,16,21,20,player-2,player-2
200,5,17,0.040624989196658134,player-3,16,19,24,21,player-3,player-3
200,6,17,0.05029095336794853,player-4,17,23,26,25,player-4,player-4
200,7,19,0.05116686224937439,player-3,19,32,30,32,player-1,player-3
200,8,17,0.054541975259780884,player-2,21,40,31,35,player-2,player-2
200,9,17,0.060582999140024185,player-3,22,43,33,37,player-3,player-3
200,10,19,0.05558389239013195,player-2,23,49,35,40,player-4,player-2
200,11,17,0.04983413964509964,player-1,25,55,35,43,player-1,player-1
200,12,18,0.0488748773932457,player-3,28,59,39,48,player-2,player-3
201,1,20,0.053958967328071594,player-2,3,7,6,2,player-3,player-2
201,2,20,0.05937507376074791,player-3,4,12,8,6,player-4,player-3
201,3,18,0.059542013332247734,player-2,6,14,9,8,player-1,player-2
201,4,19,0.048791058361530304,player-4,11,15,9,9,player-2,player-4
201,5,20,0.07099984213709831,player-2,15,24,10,11,player-3,player-2
201,6,17,0.05429191514849663,player-4,22,25,12,26,player-4,player-4
201,7,17,0.045625027269124985,player-1,25,27,14,26,player-1,player-1
201,8,17,0.054541975259780884,player-2,26,33,17,31,player-2,player-2
201,9,18,0.05445885471999645,player-4,27,44,17,36,player-3,player-4
201,10,18,0.05154102109372616,player-1,33,46,20,39,player-4,player-1
201,11,18,0.04754192195832729,player-2,34,51,26,44,player-1,player-2
201,12,17,0.05966704338788986,player-2,44,55,30,49,player-2,player-2
202,1,17,0.057999975979328156,player-1,10,2,3,0,player-1,player-1
202,2,17,0.04970794543623924,player-2,12,10,3,3,player-2,player-2
202,3,18,0.048833899199962616,player-4,14,14,4,7,player-3,player-4
202,4,18,0.06562517955899239,player-1,20,17,10,17,player-4,player-1
202,5,17,0.05287514068186283,player-1,26,21,14,20,player-1,player-1
202,6,17,0.048457877710461617,player-2,36,24,17,24,player-2,player-2
202,7,18,0.05625002086162567,player-4,37,28,19,34,player-3,player-4
202,8,17,0.04095793701708317,player-4,44,30,22,40,player-4,player-4
202,9,19,0.047165900468826294,player-3,46,30,33,44,player-1,player-3
202,10,17,0.044042011722922325,player-2,49,33,33,48,player-2,player-2
202,11,24,0.045582884922623634,none,49,33,34,49,player-3,none
202,12,18,0.06591598503291607,player-1,57,34,39,52,player-4,player-1
202,13,17,0.05045789293944836,player-1,65,36,42,53,player-1,player-1
203,1,26,0.052167102694511414,player-3,0,1,9,3,player-2,player-3
203,2,19,0.06233295425772667,player-1,3,8,14,9,player-3,player-1
203,3,19,0.0461251474916935,player-2,5,13,15,10,player-4,player-2
203,4,20,0.05224999040365219,player-4,10,21,17,13,player-1,player-4
203,5,18,0.057165976613759995,player-3,15,26,24,16,player-2,player-3
203,6,18,0.05091703496873379,player-4,18,32,29,20,player-3,player-4
203,7,18,0.0679998192936182,player-1,25,40,39,23,player-4,player-1
203,8,17,0.04991702735424042,player-1,37,43,39,27,player-1,player-1
203,9,21,0.05987519398331642,player-2,43,47,42,31,player-2,player-2
203,10,25,0.05237502045929432,player-3,46,49,45,34,player-3,player-3
203,11,21,0.06341701373457909,player-4,53,52,48,36,player-4,player-4
204,1,17,0.06812484934926033,player-3,5,2,8,4,player-3,player-3
204,2,17,0.04791608080267906,player-4,6,2,8,8,player-4,player-4
204,3,18,0.05687493830919266,player-2,13,5,15,8,player-1,player-2
204,4,19,0.05725002847611904,player-4,14,5,15,11,player-2,player-4
204,5,17,0.05270796827971935,player-3,15,6,20,12,player-3,player-3
204,6,17,0.04616705700755119,player-4,15,9,21,13,player-4,player-4
204,7,19,0.06558303721249104,player-3,16,11,29,20,player-1,player-3
204,8,18,0.04958314821124077,player-3,18,14,32,20,player-2,player-3
204,9,18,0.052208080887794495,player-4,22,16,36,23,player-3,player-4
204,10,17,0.07762503810226917,player-4,25,29,43,29,player-4,player-4
204,11,19,0.06050011143088341,player-3,29,38,49,31,player-1,player-3
204,12,18,0.05266699008643627,player-3,29,43,55,35,player-2,player-3
204,13,19,0.03841612488031387,none,36,43,55,37,player-3,none
204,14,22,0.05937507376074791,player-1,44,45,56,39,player-4,player-1
205,1,17,0.05091703496873379,player-3,8,5,6,6,player-3,player-3
205,2,17,0.04470907151699066,player-4,8,7,6,11,player-4,player-4
205,3,17,0.05012517794966698,player-1,10,10,8,17,player-1,player-1
205,4,20,0.0655418261885643,player-1,20,16,11,23,player-2,player-1
205,5,17,0.0588749535381794,player-3,25,18,14,28,player-3,player-3
205,6,17,0.04937499761581421,player-4,28,20,15,35,player-4,player-4
205,7,18,0.04870793782174587,player-2,29,22,19,35,player-1,player-2
205,8,18,0.0477922149002552,player-3,34,28,23,37,player-2,player-3
205,9,17,0.06479187868535519,player-3,36,31,26,39,player-3,player-3
205,10,21,0.07470906712114811,player-4,40,37,28,44,player-4,player-4
205,11,19,0.0439169816672802,player-3,43,40,28,46,player-1,player-3
205,12,17,0.05170796066522598,player-2,44,46,29,49,player-2,player-2
205,13,19,0.06395811215043068,player-1,49,48,33,53,player-3,player-1
206,1,37,0.0910409726202488,player-1,8,24,0,6,player-1,player-1
206,2,19,0.059582991525530815,player-4,21,32,5,9,player-2,player-4
206,3,17,0.04537496715784073,player-3,23,34,11,9,player-3,player-3
206,4,17,0.071333022788167,player-4,24,37,15,16,player-4,player-4
206,5,17,0.05625002086162567,player-1,30,41,20,21,player-1,player-1
206,6,18,0.0566248781979084,player-3,35,46,20,24,player-2,player-3
206,7,17,0.048250192776322365,player-3,35,46,25,26,player-3,player-3
206,8,20,0.05224999040365219,player-3,39,48,28,26,player-4,player-3
206,9,19,0.04891608841717243,player-3,44,53,31,27,player-1,player-3
206,10,18,0.05250005051493645,player-3,48,56,35,27,player-2,player-3
206,11,18,0.058999983593821526,player-4,52,64,39,37,player-3,player-4
207,1,18,0.09070779196918011,player-4,6,5,10,6,player-3,player-4
207,2,17,0.04433305002748966,player-4,8,7,12,13,player-4,player-4
207,3,17,0.05337502807378769,player-1,11,9,15,13,player-1,player-1
207,4,17,0.05091587081551552,player-2,20,15,21,14,player-2,player-2
207,5,17,0.05237502045929432,player-3,23,17,23,18,player-3,player-3
207,6,17,0.06483308970928192,player-4,25,23,27,31,player-4,player-4
207,7,28,0.06529106758534908,player-4,29,25,33,35,player-1,player-4
207,8,24,0.058791134506464005,player-1,31,27,35,43,player-2,player-1
207,9,20,0.06091711111366749,player-2,33,31,38,43,player-3,player-2
207,10,18,0.04233303479850292,player-1,41,32,39,47,player-4,player-1
207,11,17,0.060499878600239754,player-1,47,34,43,50,player-1,player-1
207,12,18,0.05175010301172733,player-3,49,37,47,53,player-2,player-3
207,13,17,0.05866703577339649,player-3,53,44,53,55,player-3,player-3
208,1,19,0.06191595457494259,player-1,3,5,2,3,player-3,player-1
208,2,17,0.08416594937443733,player-4,6,7,3,6,player-4,player-4
208,3,19,0.06795907393097878,player-3,11,11,10,6,player-1,player-3
208,4,17,0.056582968682050705,player-2,15,11,12,7,player-2,player-2
208,5,18,0.060582999140024185,player-4,15,13,12,24,player-3,player-4
208,6,30,0.0696659553796053,player-1,16,16,15,26,player-4,player-1
208,7,22,0.06454205140471458,player-2,16,25,15,28,player-1,player-2
208,8,17,0.041207997128367424,player-2,16,28,16,32,player-2,player-2
208,9,20,0.05962490104138851,player-2,23,32,19,35,player-3,player-2
208,10,20,0.06816722452640533,player-3,26,33,24,38,player-4,player-3
208,11,21,0.07104198448359966,player-1,31,34,25,40,player-1,player-1
208,12,17,0.0463749747723341,player-2,34,39,28,42,player-2,player-2
208,13,18,0.05904096178710461,player-4,43,47,37,48,player-3,player-4
208,14,26,0.0662908423691988,none,47,49,40,51,player-4,none
209,1,19,0.0488748773932457,player-2,3,2,3,1,player-4,player-2
209,2,17,0.06574997678399086,player-1,7,3,9,1,player-1,player-1
209,3,17,0.06137508898973465,player-2,18,6,14,1,player-2,player-2
209,4,18,0.04741712473332882,player-4,19,6,16,2,player-3,player-4
209,5,17,0.04595797508955002,player-4,21,10,19,3,player-4,player-4
209,6,33,0.07333396933972836,none,22,14,22,5,player-1,none
209,7,17,0.04495796747505665,player-2,23,20,22,6,player-2,player-2
209,8,17,0.04895799793303013,player-3,29,20,30,8,player-3,player-3
209,9,18,0.05175010301172733,player-1,35,28,39,8,player-4,player-1
209,10,17,0.06558280438184738,player-1,48,29,46,8,player-1,player-1
209,11,19,0.05966704338788986,player-4,49,31,58,18,player-2,player-4
210,1,17,0.0580840278416872,player-4,3,2,6,7,player-4,player-4
210,2,20,0.05479203537106514,player-4,5,4,9,13,player-1,player-4
210,3,18,0.05329214036464691,player-3,7,7,15,17,player-2,player-3
210,4,17,0.04816683940589428,player-3,14,15,20,19,player-3,player-3
210,5,18,0.0580840278416872,player-1,20,15,22,24,player-4,player-1
210,6,17,0.05616690032184124,player-1,23,16,28,37,player-1,player-1
210,7,21,0.06308406591415405,player-2,32,18,31,40,player-2,player-2
210,8,18,0.057833967730402946,player-4,32,21,32,51,player-3,player-4
210,9,17,0.05350005812942982,player-4,34,24,34,56,player-4,player-4
210,10,17,0.047625042498111725,player-1,37,27,38,61,player-1,player-1
210,11,17,0.04445808008313179,player-2,39,30,43,70,player-2,player-2
211,1,19,0.06279116496443748,player-3,5,6,4,5,player-1,player-3
211,2,17,0.04950002767145634,player-2,7,7,7,7,player-2,player-2
211,3,19,0.060333870351314545,player-1,9,9,9,12,player-3,player-1
211,4,17,0.05725002847611904,player-4,19,9,17,15,player-4,player-4
211,5,17,0.07620896212756634,player-1,28,13,17,15,player-1,player-1
211,6,17,0.046625034883618355,player-2,28,15,21,19,player-2,player-2
211,7,20,0.04687509499490261,player-2,30,19,23,21,player-3,player-2
211,8,19,0.05483301356434822,player-2,34,26,31,23,player-4,player-2
211,9,17,0.05370890721678734,player-1,38,28,35,26,player-1,player-1
211,10,17,0.05808286368846893,player-2,45,34,39,28,player-2,player-2
211,11,25,0.05137501284480095,none,45,35,43,32,player-3,none
211,12,17,0.0626659020781517,player-4,48,36,46,37,player-4,player-4
211,13,17,0.053582945838570595,player-1,51,37,55,41,player-1,player-1
212,1,19,0.04875008016824722,player-4,0,4,0,5,player-2,player-4
212,2,17,0.04937499761581421,player-3,2,5,11,8,player-3,player-3
212,3,23,0.08012494072318077,player-2,10,8,13,11,player-4,player-2
212,4,17,0.06274995394051075,player-1,11,11,18,12,player-1,player-1
212,5,18,0.048584071919322014,player-3,18,17,21,12,player-2,player-3
212,6,18,0.06445799954235554,player-4,28,24,27,22,player-3,player-4
212,7,17,0.04850002005696297,player-4,28,30,35,26,player-4,player-4
212,8,22,0.07395795546472073,player-2,35,36,40,34,player-1,player-2
212,9,17,0.040833139792084694,player-2,36,44,44,36,player-2,player-2
212,10,19,0.050625065341591835,player-1,41,48,46,36,player-3,player-1
212,11,23,0.05966611206531525,player-2,47,50,48,44,player-4,player-2
212,12,17,0.06091711111366749,player-1,51,51,50,51,player-1,player-1
213,1,18,0.05837506614625454,player-3,0,3,3,5,player-2,player-3
213,2,17,0.06074993871152401,player-3,4,9,9,11,player-3,player-3
213,3,21,0.05133310332894325,player-4,5,11,10,13,player-4,player-4
213,4,17,0.042625004425644875,player-1,7,14,15,17,player-1,player-1
213,5,18,0.058833975344896317,player-3,14,19,20,21,player-2,player-3
213,6,20,0.07895799353718758,player-2,17,24,22,24,player-3,player-2
213,7,22,0.07324991747736931,player-1,20,27,27,31,player-4,player-1
213,8,20,0.06124982610344887,player-4,27,38,34,37,player-1,player-4
213,9,18,0.05883420817553997,player-3,30,40,44,41,player-2,player-3
213,10,19,0.0516669824719429,player-1,36,42,46,43,player-3,player-1
213,11,17,0.04000007174909115,none,38,47,48,51,player-4,none
213,12,17,0.056582968682050705,player-1,46,48,54,51,player-1,player-1
214,1,17,0.05387491546571255,player-3,3,0,6,0,player-3,player-3
214,2,20,0.06033293902873993,player-3,3,1,10,2,player-4,player-3
214,3,17,0.047042034566402435,player-1,6,2,12,3,player-1,player-1
214,4,18,0.04591583274304867,player-3,6,5,16,5,player-2,player-3
214,5,18,0.0682910904288292,player-4,11,7,20,5,player-3,player-4
214,6,22,0.058791134506464005,player-1,13,12,28,8,player-4,player-1
214,7,17,0.04641711711883545,player-1,19,12,31,8,player-1,player-1
214,8,17,0.0641669612377882,player-2,26,17,38,10,player-2,player-2
214,9,18,0.04345877096056938,player-4,27,19,41,12,player-3,player-4
214,10,19,0.06358278915286064,player-2,43,21,53,15,player-4,player-2
214,11,19,0.04949979484081268,player-3,45,21,61,19,player-1,player-3
215,1,17,0.049791065976023674,player-3,1,2,4,6,player-3,player-3
215,2,19,0.04437495954334736,player-2,2,6,5,9,player-4,player-2
215,3,17,0.04041707143187523,player-1,12,9,7,12,player-1,player-1
215,4,19,0.04687509499490261,player-4,12,12,8,15,player-2,player-4
215,5,19,0.051958952099084854,player-1,17,18,11,15,player-3,player-1
215,6,21,0.05462486296892166,player-4,17,23,13,19,player-4,player-4
215,7,24,0.0527920201420784,player-4,20,24,14,22,player-1,player-4
215,8,17,0.08120806887745857,player-2,23,26,21,28,player-2,player-2
215,9,17,0.04891701973974705,player-3,24,29,29,32,player-3,player-3
215,10,17,0.0527501106262207,player-4,29,32,33,40,player-4,player-4
215,11,18,0.0592090655118227,player-2,32,34,34,45,player-1,player-2
215,12,17,0.04587508738040924,player-2,33,35,36,45,player-2,player-2
215,13,23,0.07924996316432953,player-1,37,43,39,45,player-3,player-1
215,14,22,0.058833975344896317,player-1,40,46,40,47,player-4,player-1
215,15,17,0.05608308129012585,player-1,47,48,43,48,player-1,player-1
215,16,17,0.048083020374178886,player-2,48,52,48,48,player-2,player-2
216,1,17,0.051083043217659,player-4,7,5,0,6,player-4,player-4
216,2,18,0.06066705100238323,player-2,12,7,2,7,player-1,player-2
216,3,20,0.06404216401278973,player-1,19,9,6,10,player-2,player-1
216,4,17,0.04395795986056328,player-3,20,14,9,16,player-3,player-3
216,5,18,0.046457862481474876,player-1,26,17,9,19,player-4,player-1
216,6,18,0.048791058361530304,player-2,28,26,10,22,player-1,player-2
216,7,19,0.045584049075841904,player-4,30,29,16,22,player-2,player-4
216,8,17,0.040082959458231926,player-3,32,29,22,23,player-3,player-3
216,9,17,0.04850002005696297,player-4,34,33,26,25,player-4,player-4
216,10,18,0.04687486216425896,player-2,37,37,33,26,player-1,player-2
216,11,17,0.046416884288191795,player-2,38,42,37,26,player-2,player-2
216,12,17,0.04600011743605137,player-3,42,42,42,26,player-3,player-3
216,13,27,0.08095894008874893,none,42,51,44,32,player-4,none
216,14,17,0.05408306606113911,player-1,56,51,53,34,player-1,player-1
217,1,17,0.05075009539723396,player-1,9,1,0,0,player-1,player-1
217,2,17,0.06429105997085571,player-2,16,6,5,2,player-2,player-2
217,3,21,0.05091587081551552,player-3,17,7,11,3,player-3,player-3
217,4,17,0.04812516272068024,player-4,19,9,15,8,player-4,player-4
217,5,18,0.049999915063381195,player-2,27,10,20,12,player-1,player-2
217,6,20,0.06345799192786217,player-1,32,18,20,13,player-2,player-1
217,7,17,0.053042080253362656,player-3,34,22,22,14,player-3,player-3
217,8,17,0.061791855841875076,player-4,34,25,25,22,player-4,player-4
217,9,17,0.046042026951909065,player-1,37,26,30,25,player-1,player-1
217,10,19,0.05874992348253727,player-4,45,30,36,33,player-2,player-4
217,11,22,0.053999945521354675,player-4,48,36,37,36,player-3,player-4
217,12,17,0.05829101428389549,player-4,58,40,46,43,player-4,player-4
218,1,17,0.045042019337415695,player-2,2,7,2,0,player-2,player-2
218,2,17,0.05891593173146248,player-3,8,7,4,3,player-3,player-3
218,3,17,0.06208289414644241,player-4,15,11,8,9,player-4,player-4
218,4,19,0.05245814099907875,player-3,17,15,13,9,player-1,player-3
218,5,19,0.058582983911037445,player-4,20,17,16,13,player-2,player-4
218,6,17,0.04824995994567871,player-3,25,20,25,14,player-3,player-3
218,7,18,0.0513328704982996,player-1,33,26,27,23,player-4,player-1
218,8,19,0.04975008778274059,player-3,38,28,28,23,player-1,player-3
218,9,18,0.05062483251094818,player-3,40,30,30,24,player-2,player-3
218,10,19,0.05133310332894325,player-1,47,31,35,30,player-3,player-1
218,11,17,0.04741712473332882,player-4,52,31,40,40,player-4,player-4
218,12,18,0.05450006574392319,player-2,55,39,40,44,player-1,player-2
218,13,24,0.04670792259275913,none,62,42,40,46,player-2,none
219,1,19,0.05533313378691673,player-4,3,7,2,6,player-2,player-4
219,2,20,0.059125013649463654,player-2,4,16,4,6,player-3,player-2
219,3,21,0.049999915063381195,player-4,9,16,7,14,player-4,player-4
219,4,18,0.05925004370510578,player-2,14,19,11,16,player-1,player-2
219,5,17,0.053165946155786514,player-2,23,26,13,17,player-2,player-2
219,6,19,0.04737498238682747,player-1,25,31,15,17,player-3,player-1
219,7,17,0.058416975662112236,player-4,28,32,16,26,player-4,player-4
219,8,17,0.052666058763861656,player-1,32,34,18,26,player-1,player-1
219,9,17,0.04349998198449612,player-2,33,38,23,30,player-2,player-2
219,10,17,0.06454088725149632,player-3,34,40,25,34,player-3,player-3
219,11,23,0.06999983452260494,player-2,37,44,25,37,player-4,player-2
219,12,17,0.05529099144041538,player-1,47,47,32,42,player-1,player-1
219,13,19,0.09474996477365494,player-4,54,52,39,51,player-2,player-4
220,1,17,0.060499878600239754,player-3,5,3,11,3,player-3,player-3
220,2,17,0.04741712473332882,player-4,10,6,13,8,player-4,player-4
220,3,17,0.04729209467768669,player-1,14,11,13,10,player-1,player-1
220,4,17,0.06400002166628838,player-2,19,20,19,10,player-2,player-2
220,5,18,0.06699981167912483,player-4,25,25,22,20,player-3,player-4
220,6,18,0.046083005145192146,player-1,40,29,23,25,player-4,player-1
220,7,17,0.045584049075841904,player-1,45,31,24,26,player-1,player-1
220,8,17,0.040999846532940865,player-2,51,37,26,27,player-2,player-2
220,9,17,0.0610831193625927,player-3,61,37,32,27,player-3,player-3
220,10,17,0.05695805884897709,player-4,61,41,40,29,player-4,player-4
221,1,17,0.0700000673532486,player-1,18,0,11,11,player-1,player-1
221,2,18,0.054042087867856026,player-3,26,3,14,11,player-2,player-3
221,3,19,0.09154202416539192,player-1,29,10,16,20,player-3,player-1
221,4,22,0.0541249755769968,player-1,35,11,19,26,player-4,player-1
221,5,17,0.06258394569158554,player-1,51,18,29,40,player-1,player-1
221,6,17,0.05729217082262039,player-2,56,19,31,40,player-2,player-2
221,7,18,0.0477498397231102,player-4,61,21,34,54,player-3,player-4
221,8,18,0.058999983593821526,player-1,65,23,35,61,player-4,player-1
222,1,18,0.06337510421872139,player-3,2,4,2,6,player-2,player-3
222,2,18,0.05950010381639004,player-4,5,5,3,9,player-3,player-4
222,3,20,0.0677919015288353,player-3,8,12,4,13,player-4,player-3
222,4,20,0.0477079302072525,player-4,10,14,6,17,player-1,player-4
222,5,18,0.06408314220607281,player-3,10,15,9,18,player-2,player-3
222,6,17,0.06429199129343033,player-3,18,17,16,18,player-3,player-3
222,7,17,0.06270804442465305,player-4,20,21,16,22,player-4,player-4
222,8,17,0.06762496195733547,player-1,31,24,26,24,player-1,player-1
222,9,17,0.04650000482797623,player-2,32,31,28,24,player-2,player-2
222,10,18,0.058584148064255714,player-4,32,34,30,30,player-3,player-4
222,11,17,0.06008311174809933,player-4,35,36,32,31,player-4,player-4
222,12,17,0.050916802138090134,player-1,40,36,34,33,player-1,player-1
222,13,23,0.08545909076929092,player-4,42,41,43,37,player-2,player-4
222,14,19,0.059999991208314896,player-1,44,45,47,41,player-3,player-1
222,15,17,0.05191704258322716,player-4,48,50,51,44,player-4,player-4
222,16,17,0.051999930292367935,player-1,53,50,53,46,player-1,player-1
223,1,17,0.07895799353718758,player-3,6,7,16,12,player-3,player-3
223,2,17,0.0516669824719429,player-4,11,16,17,20,player-4,player-4
223,3,17,0.05875015631318092,player-1,19,18,25,21,player-1,player-1
223,4,20,0.06429105997085571,player-1,23,26,32,23,player-2,player-1
223,5,17,0.04974985495209694,player-3,25,31,39,27,player-3,player-3
223,6,17,0.05512498319149017,player-4,29,34,42,28,player-4,player-4
223,7,19,0.05879090167582035,player-3,29,34,50,35,player-1,player-3
223,8,20,0.04791701212525368,player-1,36,35,50,38,player-2,player-1
223,9,17,0.05329190753400326,player-3,40,36,58,40,player-3,player-3
223,10,18,0.05350005812942982,player-1,52,39,58,48,player-4,player-1
224,1,17,0.05529099144041538,player-2,3,5,1,2,player-2,player-2
224,2,21,0.055416952818632126,player-3,5,8,3,2,player-3,player-3
224,3,17,0.04237494431436062,player-4,5,11,5,4,player-4,player-4
224,4,18,0.0669590663164854,player-2,12,14,7,10,player-1,player-2
224,5,17,0.05224999040365219,player-2,20,24,11,12,player-2,player-2
224,6,18,0.05733408033847809,player-4,23,24,18,20,player-3,player-4
224,7,18,0.04983297549188137,player-1,29,29,31,22,player-4,player-1
224,8,17,0.054999953135848045,player-1,36,29,34,25,player-1,player-1
224,9,16,0.03879214636981487,none,43,32,34,27,player-2,none
224,10,17,0.05991710349917412,player-3,48,34,34,32,player-3,player-3
224,11,18,0.05345814861357212,player-1,53,42,42,42,player-4,player-1
224,12,17,0.0435409601777792,player-1,54,48,44,42,player-1,player-1
224,13,17,0.049667200073599815,player-2,55,56,50,42,player-2,player-2
225,1,17,0.041582854464650154,player-3,0,1,4,0,player-3,player-3
225,2,17,0.04545808769762516,player-4,1,1,4,6,player-4,player-4
225,3,18,0.04387483932077885,player-2,5,4,5,8,player-1,player-2
225,4,20,0.0727497972548008,player-1,15,6,6,12,player-2,player-1
225,5,18,0.0541249755769968,player-4,18,6,7,25,player-3,player-4
225,6,18,0.05233311094343662,player-1,19,8,10,34,player-4,player-1
225,7,19,0.048667192459106445,player-3,27,9,15,39,player-1,player-3
225,8,17,0.060582999140024185,player-2,30,14,22,47,player-2,player-2
225,9,26,0.07345806807279587,player-4,35,14,33,52,player-3,player-4
225,10,18,0.06087496876716614,player-1,37,20,41,60,player-4,player-1
225,11,18,0.04158308729529381,player-2,38,26,42,62,player-1,player-2
225,12,17,0.0488748773932457,player-2,42,30,43,70,player-2,player-2
226,1,17,0.05212496034801006,player-4,3,2,1,6,player-4,player-4
226,2,18,0.051541952416300774,player-2,8,16,1,10,player-1,player-2
226,3,19,0.0647080596536398,player-4,13,21,6,14,player-2,player-4
226,4,17,0.051666051149368286,player-3,14,23,10,17,player-3,player-3
226,5,22,0.06341584958136082,player-1,23,23,13,18,player-4,player-1
226,6,19,0.056499848142266273,player-3,28,23,20,20,player-1,player-3
226,7,17,0.0702079851180315,player-2,32,29,28,27,player-2,player-2
226,8,18,0.057666096836328506,player-4,32,33,35,30,player-3,player-4
226,9,18,0.04658312536776066,player-1,43,35,39,37,player-4,player-1
226,10,17,0.06033317185938358,player-1,51,35,44,37,player-1,player-1
226,11,19,0.07445900700986385,player-4,59,37,55,42,player-2,player-4
227,1,17,0.06254203617572784,player-1,4,1,3,1,player-1,player-1
227,2,20,0.05508284084498882,player-1,6,2,4,4,player-2,player-1
227,3,17,0.0654999166727066,player-3,13,10,10,8,player-3,player-3
227,4,20,0.060374848544597626,player-3,15,11,13,11,player-4,player-3
227,5,19,0.055582961067557335,player-3,17,15,20,14,player-1,player-3
227,6,21,0.06816699169576168,player-2,23,18,27,14,player-2,player-2
227,7,18,0.045040855184197426,player-4,25,18,30,18,player-3,player-4
227,8,20,0.05395803600549698,player-3,29,20,33,19,player-4,player-3
227,9,20,0.05337502807378769,player-4,31,20,35,29,player-1,player-4
227,10,19,0.05825003609061241,player-4,32,25,35,37,player-2,player-4
227,11,17,0.05095801316201687,player-3,35,25,38,41,player-3,player-3
227,12,17,0.04904111847281456,player-4,35,32,40,49,player-4,player-4
227,13,19,0.053042080253362656,player-3,38,34,45,55,player-1,player-3
227,14,19,0.04912517033517361,player-4,41,36,49,58,player-2,player-4
227,15,17,0.06274995394051075,player-3,44,37,55,58,player-3,player-3
227,16,17,0.051999930292367935,player-4,48,43,57,66,player-4,player-4
228,1,17,0.04962482489645481,player-3,2,3,6,0,player-3,player-3
228,2,17,0.04783296026289463,player-4,3,3,6,11,player-4,player-4
228,3,17,0.06624986417591572,player-1,25,3,18,18,player-1,player-1
228,4,18,0.05187490023672581,player-3,27,5,26,19,player-2,player-3
228,5,17,0.04137493669986725,player-3,30,6,29,20,player-3,player-3
228,6,21,0.055416952818632126,player-4,34,10,35,23,player-4,player-4
228,7,21,0.07570791058242321,player-1,45,10,45,25,player-1,player-1
228,8,17,0.05266699008643627,player-2,50,18,49,29,player-2,player-2
228,9,17,0.04287506453692913,player-3,54,18,59,29,player-3,player-3
229,1,17,0.04941713996231556,player-1,6,3,1,1,player-1,player-1
229,2,22,0.05287490785121918,player-3,9,4,5,3,player-2,player-3
229,3,19,0.05358317866921425,player-1,18,7,5,6,player-3,player-1
229,4,17,0.060167163610458374,player-4,26,11,20,17,player-4,player-4
229,5,19,0.061540864408016205,player-3,28,16,22,20,player-1,player-3
229,6,20,0.05954108200967312,player-1,30,17,26,21,player-2,player-1
229,7,18,0.04691700451076031,player-4,31,20,27,23,player-3,player-4
229,8,19,0.05570799112319946,player-2,33,24,29,26,player-4,player-2
229,9,20,0.07804203778505325,player-4,35,29,34,34,player-1,player-4
229,10,20,0.06687501445412636,player-1,40,31,36,39,player-2,player-1
229,11,17,0.05183299072086811,player-3,47,31,39,40,player-3,player-3
229,12,19,0.060957856476306915,player-2,51,31,44,49,player-4,player-2
229,13,17,0.05395803600549698,player-1,56,34,49,49,player-1,player-1
230,1,29,0.0654999166727066,player-1,3,8,0,7,player-1,player-1
230,2,20,0.044042011722922325,player-1,6,12,1,11,player-2,player-1
230,3,20,0.057582976296544075,player-2,9,17,3,19,player-3,player-2
230,4,18,0.05595805123448372,player-1,12,20,4,21,player-4,player-1
230,5,19,0.055416952818632126,player-3,13,26,7,26,player-1,player-3
230,6,19,0.045208027586340904,player-4,19,29,8,28,player-2,player-4
230,7,22,0.06387499161064625,player-4,29,38,12,34,player-3,player-4
230,8,19,0.07104198448359966,player-2,41,42,17,37,player-4,player-2
230,9,20,0.05562487058341503,player-4,42,44,20,41,player-1,player-4
230,10,17,0.037250109016895294,player-2,43,45,22,41,player-2,player-2
230,11,17,0.05908403545618057,player-3,46,45,30,42,player-3,player-3
230,12,21,0.056416960433125496,player-4,50,49,32,46,player-4,player-4
230,13,17,0.05466700531542301,player-1,56,49,35,47,player-1,player-1
230,14,17,0.05012494511902332,player-2,59,56,35,50,player-2,player-2
231,1,17,0.04645809531211853,player-4,2,5,1,2,player-4,player-4
231,2,18,0.0577499158680439,player-2,7,9,4,2,player-1,player-2
231,3,22,0.04874984733760357,none,7,13,7,3,player-2,none
231,4,17,0.054541975259780884,player-3,12,18,22,3,player-3,player-3
231,5,20,0.05362485535442829,player-3,14,22,31,8,player-4,player-3
231,6,20,0.05866703577339649,player-4,16,23,34,10,player-1,player-4
231,7,22,0.06262492388486862,player-3,16,32,42,20,player-2,player-3
231,8,17,0.04729093052446842,player-3,18,32,48,20,player-3,player-3
231,9,17,0.04708394408226013,player-4,20,32,55,22,player-4,player-4
231,10,17,0.049084192141890526,player-1,27,32,57,25,player-1,player-1
231,11,17,0.04654191434383392,player-2,29,38,57,25,player-2,player-2
231,12,17,0.06183283403515816,player-3,31,43,66,31,player-3,player-3
231,13,17,0.05874992348253727,player-4,33,45,73,33,player-4,player-4
232,1,18,0.04558311775326729,player-3,0,0,4,1,player-2,player-3
232,2,17,0.057374825701117516,player-3,4,8,8,5,player-3,player-3
232,3,28,0.11708284728229046,player-3,17,8,16,14,player-4,player-3
232,4,17,0.05337502807378769,player-1,20,8,16,18,player-1,player-1
232,5,18,0.046708155423402786,player-3,21,11,25,20,player-2,player-3
232,6,18,0.0475000124424696,player-4,24,15,29,21,player-3,player-4
232,7,17,0.05324999801814556,player-4,24,19,34,27,player-4,player-4
232,8,17,0.07212511263787746,player-1,30,21,41,27,player-1,player-1
232,9,17,0.050541944801807404,player-2,30,25,43,27,player-2,player-2
232,10,17,0.05691708065569401,player-3,32,31,48,30,player-3,player-3
232,11,25,0.05583302117884159,player-4,32,35,49,36,player-4,player-4
232,12,20,0.0794590450823307,player-4,43,42,53,48,player-1,player-4
232,13,17,0.05008396692574024,player-2,49,51,55,48,player-2,player-2
233,1,17,0.05270796827971935,player-2,2,7,4,3,player-2,player-2
233,2,25,0.06337487138807774,player-3,6,11,12,9,player-3,player-3
233,3,17,0.06262515671551228,player-4,10,18,19,10,player-4,player-4
233,4,17,0.04912493750452995,player-1,14,21,22,13,player-1,player-1
233,5,18,0.049999915063381195,player-3,16,27,29,19,player-2,player-3
233,6,18,0.06325007416307926,player-4,16,36,41,22,player-3,player-4
233,7,17,0.059542013332247734,player-4,20,42,45,25,player-4,player-4
233,8,18,0.048832967877388,player-2,25,45,45,27,player-1,player-2
233,9,17,0.06562494672834873,player-2,28,53,47,28,player-2,player-2
233,10,18,0.04641595296561718,player-4,33,56,48,30,player-3,player-4
233,11,18,0.07020891644060612,player-1,40,65,50,37,player-4,player-1
234,1,19,0.05208398215472698,player-2,1,5,1,5,player-4,player-2
234,2,17,0.05591590888798237,player-1,7,9,2,11,player-1,player-1
234,3,17,0.06208405829966068,player-2,16,13,5,23,player-2,player-2
234,4,17,0.05825003609061241,player-3,23,17,11,29,player-3,player-3
234,5,20,0.05804095417261124,player-3,26,19,14,31,player-4,player-3
234,6,17,0.0669590663164854,player-1,29,22,19,39,player-1,player-1
234,7,23,0.07899990305304527,player-4,35,25,30,39,player-2,player-4
234,8,17,0.0435409601777792,player-3,39,25,33,39,player-3,player-3
234,9,17,0.05333288572728634,player-4,39,29,36,43,player-4,player-4
234,10,19,0.059582991525530815,player-3,40,33,49,52,player-1,player-3
234,11,17,0.042625004425644875,player-2,41,50,49,53,player-2,player-2
235,1,17,0.055584125220775604,player-3,4,2,3,2,player-3,player-3
235,2,17,0.06350013427436352,player-4,7,7,10,6,player-4,player-4
235,3,17,0.03941706381738186,player-1,11,7,14,10,player-1,player-1
235,4,17,0.04833284765481949,player-2,12,12,16,13,player-2,player-2
235,5,17,0.04508392885327339,player-3,14,15,16,17,player-3,player-3
235,6,19,0.07645809091627598,player-2,18,17,19,21,player-4,player-2
235,7,20,0.05208398215472698,player-4,21,20,26,24,player-1,player-4
235,8,17,0.08787517435848713,player-2,26,24,28,27,player-2,player-2
235,9,17,0.044042011722922325,player-3,26,26,30,30,player-3,player-3
235,10,31,0.07599988020956516,player-2,28,30,37,32,player-4,player-2
235,11,17,0.04191719926893711,player-1,34,33,37,33,player-1,player-1
235,12,17,0.04987488500773907,player-2,40,35,40,38,player-2,player-2
235,13,20,0.0688750296831131,player-2,42,43,42,40,player-3,player-2
235,14,17,0.07262500002980232,player-4,45,46,44,46,player-4,player-4
235,15,18,0.05112495273351669,player-2,49,52,49,55,player-1,player-2
236,1,17,0.07241708226501942,player-2,0,7,0,1,player-2,player-2
236,2,17,0.05837506614625454,player-3,1,11,1,3,player-3,player-3
236,3,17,0.05041598342359066,player-4,4,15,2,6,player-4,player-4
236,4,17,0.050625065341591835,player-1,7,15,6,6,player-1,player-1
236,5,17,0.0512909609824419,player-2,9,21,6,10,player-2,player-2
236,6,17,0.051083043217659,player-3,12,22,19,12,player-3,player-3
236,7,18,0.044625019654631615,player-1,15,24,20,13,player-4,player-1
236,8,18,0.05570892244577408,player-2,19,29,24,21,player-1,player-2
236,9,19,0.059125013649463654,player-4,25,32,25,23,player-2,player-4
236,10,25,0.07358379662036896,player-3,30,36,29,25,player-3,player-3
236,11,18,0.044208019971847534,player-1,33,36,31,28,player-4,player-1
236,12,17,0.04045804962515831,player-1,41,36,31,30,player-1,player-1
236,13,17,0.0541249755769968,player-2,50,39,34,36,player-2,player-2
236,14,17,0.05150004290044308,player-3,55,43,41,41,player-3,player-3
236,15,17,0.055791810154914856,player-4,61,48,41,45,player-4,player-4
237,1,17,0.057374825701117516,player-2,0,3,1,5,player-2,player-2
237,2,17,0.04983297549188137,player-3,9,6,6,8,player-3,player-3
237,3,19,0.07587485015392303,player-2,9,14,13,11,player-4,player-2
237,4,17,0.046833185479044914,player-1,14,17,16,17,player-1,player-1
237,5,17,0.038999831303954124,player-2,14,21,18,17,player-2,player-2
237,6,17,0.0802499707788229,player-3,19,26,27,18,player-3,player-3
237,7,17,0.0524579081684351,player-4,19,29,33,21,player-4,player-4
237,8,17,0.04429207183420658,player-1,27,37,34,24,player-1,player-1
237,9,20,0.06220885552465916,player-1,28,42,42,27,player-2,player-1
237,10,18,0.050625065341591835,player-4,28,47,46,28,player-3,player-4
237,11,17,0.04650000482797623,player-4,32,47,53,35,player-4,player-4
237,12,18,0.05425000563263893,player-2,34,51,54,35,player-1,player-2
237,13,17,0.04837499000132084,player-2,38,53,54,35,player-2,player-2
237,14,19,0.04975008778274059,player-1,47,53,58,35,player-3,player-1
238,1,19,0.06316602230072021,player-3,5,2,7,1,player-1,player-3
238,2,17,0.051625072956085205,player-2,9,5,8,7,player-2,player-2
238,3,17,0.05987519398331642,player-3,10,9,10,8,player-3,player-3
238,4,17,0.09258394129574299,player-4,10,13,11,10,player-4,player-4
238,5,17,0.05620787851512432,player-1,13,14,15,11,player-1,player-1
238,6,17,0.06670807488262653,player-2,18,17,16,12,player-2,player-2
238,7,18,0.08016685023903847,player-4,24,17,21,19,player-3,player-4
238,8,17,0.06800005212426186,player-4,27,20,23,26,player-4,player-4
238,9,17,0.05512498319149017,player-1,32,24,26,28,player-1,player-1
238,10,18,0.05870801396667957,player-3,32,25,30,34,player-2,player-3
238,11,17,0.06529083475470543,player-3,32,26,41,36,player-3,player-3
238,12,24,0.07724994793534279,player-3,36,32,49,37,player-4,player-3
238,13,18,0.06624986417591572,player-2,41,37,54,39,player-1,player-2
238,14,20,0.05212496034801006,player-1,44,39,55,43,player-2,player-1
238,15,18,0.052791088819503784,player-4,48,41,57,48,player-3,player-4
239,1,17,0.05991710349917412,player-3,2,2,7,1,player-3,player-3
239,2,29,0.06933393888175488,none,2,2,7,8,player-4,none
239,3,19,0.06733299233019352,player-3,7,10,22,8,player-1,player-3
239,4,18,0.048416899517178535,player-3,10,12,33,8,player-2,player-3
239,5,19,0.049208058044314384,player-1,13,12,37,8,player-3,player-1
239,6,17,0.048832967877388,player-4,17,12,38,11,player-4,player-4
239,7,19,0.060042133554816246,player-3,19,14,40,15,player-1,player-3
239,8,17,0.06070802919566631,player-2,24,17,44,22,player-2,player-2
239,9,17,0.06812508217990398,player-3,24,24,52,22,player-3,player-3
239,10,19,0.08712499402463436,player-2,27,29,54,26,player-4,player-2
239,11,17,0.057042110711336136,player-1,40,29,57,26,player-1,player-1
239,12,19,0.08904212154448032,player-4,40,39,63,38,player-2,player-4
240,1,20,0.06512505933642387,player-3,4,2,8,2,player-4,player-3
240,2,18,0.06712507456541061,player-2,5,2,15,10,player-1,player-2
240,3,18,0.0791249331086874,player-3,7,5,27,14,player-2,player-3
240,4,17,0.044416869059205055,player-3,9,9,30,15,player-3,player-3
240,5,17,0.05870778113603592,player-4,11,10,36,15,player-4,player-4
240,6,31,0.06645801477134228,player-3,12,15,38,17,player-1,player-3
240,7,17,0.0727921724319458,player-2,16,20,41,19,player-2,player-2
240,8,18,0.061499886214733124,player-4,22,23,47,28,player-3,player-4
240,9,20,0.06008381024003029,player-3,24,27,53,31,player-4,player-3
240,10,18,0.06833299994468689,player-2,35,34,62,35,player-1,player-2
240,11,18,0.05208398215472698,player-3,42,35,76,42,player-2,player-3
241,1,18,0.05212496034801006,player-3,12,0,8,6,player-2,player-3
241,2,17,0.05820789374411106,player-3,14,1,11,7,player-3,player-3
241,3,17,0.049666035920381546,player-4,16,1,15,9,player-4,player-4
241,4,17,0.07766694761812687,player-1,23,6,16,10,player-1,player-1
241,5,19,0.057541998103260994,player-4,28,10,26,13,player-2,player-4
241,6,17,0.04904111847281456,player-3,31,14,33,13,player-3,player-3
241,7,21,0.05833292379975319,player-4,34,17,36,21,player-4,player-4
241,8,18,0.06825011223554611,player-2,38,26,36,23,player-1,player-2
241,9,17,0.06233295425772667,player-2,40,30,45,25,player-2,player-2
241,10,18,0.0563750509172678,player-4,44,30,50,31,player-3,player-4
241,11,17,0.04658382385969162,player-4,47,35,53,33,player-4,player-4
242,1,18,0.05645817145705223,player-3,9,6,6,1,player-2,player-3
242,2,18,0.04633399657905102,player-4,13,9,8,5,player-3,player-4
242,3,17,0.058666104450821877,player-4,15,13,12,10,player-4,player-4
242,4,23,0.06724987179040909,player-3,26,13,22,11,player-1,player-3
242,5,21,0.05400017835199833,player-2,30,16,24,14,player-2,player-2
242,6,17,0.041624996811151505,player-3,31,17,30,19,player-3,player-3
242,7,20,0.04054210148751736,none,33,17,31,21,player-4,none
242,8,28,0.10366714559495449,player-4,35,17,39,40,player-1,player-4
242,9,22,0.06874999962747097,player-3,38,24,45,45,player-2,player-3
242,10,17,0.05737505853176117,player-3,53,24,45,51,player-3,player-3
242,11,27,0.06404099985957146,player-2,61,32,46,51,player-4,player-2
243,1,17,0.07345783524215221,player-4,6,9,1,4,player-4,player-4
243,2,17,0.04900014027953148,player-1,15,9,3,5,player-1,player-1
243,3,18,0.06216694600880146,player-3,27,10,4,11,player-2,player-3
243,4,18,0.04924996756017208,player-4,29,13,7,13,player-3,player-4
243,5,17,0.05329190753400326,player-4,29,16,11,19,player-4,player-4
243,6,17,0.10950001887977123,player-1,34,20,20,29,player-1,player-1
243,7,19,0.07087504491209984,player-4,45,24,20,34,player-2,player-4
243,8,19,0.06649992428719997,player-1,50,32,21,34,player-3,player-1
243,9,17,0.06291596218943596,player-4,51,32,26,39,player-4,player-4
243,10,17,0.04841713234782219,player-1,54,32,29,39,player-1,player-1
243,11,17,0.05437503568828106,player-2,61,37,35,42,player-2,player-2
243,12,18,0.06866711191833019,player-4,65,42,37,49,player-3,player-4
244,1,20,0.05708402022719383,player-4,1,3,5,12,player-1,player-4
244,2,19,0.05383300594985485,player-4,4,3,6,14,player-2,player-4
244,3,17,0.07816706784069538,player-3,13,5,16,16,player-3,player-3
244,4,17,0.07733283564448357,player-4,15,12,19,23,player-4,player-4
244,5,20,0.06458396092057228,player-4,20,15,23,27,player-1,player-4
244,6,18,0.06174994632601738,player-3,23,17,30,30,player-2,player-3
244,7,17,0.0679579097777605,player-3,29,24,34,33,player-3,player-3
244,8,20,0.06041582673788071,player-3,32,24,40,38,player-4,player-3
244,9,17,0.05224999040365219,player-1,42,31,44,46,player-1,player-1
244,10,19,0.04624994471669197,player-4,43,31,45,49,player-2,player-4
244,11,19,0.05516689270734787,player-1,56,39,48,51,player-3,player-1
245,1,18,0.05933316424489021,player-4,1,4,6,6,player-3,player-4
245,2,17,0.057582976296544075,player-4,11,15,15,8,player-4,player-4
245,3,19,0.054916832596063614,player-3,17,15,25,11,player-1,player-3
245,4,18,0.06762496195733547,player-3,17,20,39,16,player-2,player-3
245,5,21,0.11075008660554886,player-3,18,22,48,18,player-3,player-3
245,6,19,0.0641250517219305,player-2,20,26,55,20,player-4,player-2
245,7,17,0.04641711711883545,player-1,24,27,56,23,player-1,player-1
245,8,17,0.05445792339742184,player-2,27,39,59,28,player-2,player-2
245,9,18,0.06225006654858589,player-4,31,49,59,33,player-3,player-4
245,10,17,0.050791073590517044,player-4,31,54,59,37,player-4,player-4
245,11,17,0.05991710349917412,player-1,40,56,60,39,player-1,player-1
246,1,19,0.0475000124424696,player-3,4,2,1,4,player-1,player-3
246,2,17,0.04912493750452995,player-2,4,9,1,6,player-2,player-2
246,3,17,0.04491605795919895,player-3,4,11,10,7,player-3,player-3
246,4,18,0.04729186184704304,player-1,11,12,14,10,player-4,player-1
246,5,18,0.04483293741941452,player-2,17,15,16,18,player-1,player-2
246,6,17,0.056582968682050705,player-2,22,20,16,21,player-2,player-2
246,7,29,0.05229096859693527,none,27,22,21,22,player-3,none
246,8,18,0.063000014051795,player-1,42,27,27,25,player-4,player-1
246,9,17,0.04891701973974705,player-1,47,29,31,27,player-1,player-1
246,10,18,0.04587508738040924,player-3,47,32,38,33,player-2,player-3
246,11,18,0.057833967730402946,player-4,54,35,46,35,player-3,player-4
247,1,17,0.0505838543176651,player-1,6,1,4,3,player-1,player-1
247,2,18,0.06083305925130844,player-3,8,6,9,7,player-2,player-3
247,3,17,0.056042103096842766,player-3,13,9,17,7,player-3,player-3
247,4,21,0.061125028878450394,player-4,14,10,17,11,player-4,player-4
247,5,18,0.054666073992848396,player-2,19,17,17,14,player-1,player-2
247,6,17,0.04754192195832729,player-2,19,30,17,16,player-2,player-2
247,7,17,0.04649977199733257,player-3,22,31,21,19,player-3,player-3
247,8,20,0.05433289334177971,none,22,35,21,22,player-4,none
247,9,18,0.04541710950434208,player-2,27,38,24,22,player-1,player-2
247,10,17,0.043584033846855164,player-2,27,41,26,22,player-2,player-2
247,11,17,0.06979191675782204,player-3,32,46,36,27,player-3,player-3
247,12,17,0.06349990144371986,player-4,39,46,47,35,player-4,player-4
247,13,20,0.05024997517466545,player-4,45,50,50,36,player-1,player-4
247,14,22,0.06283307448029518,player-3,48,56,55,38,player-2,player-3
248,1,21,0.061374856159090996,player-2,9,10,8,8,player-2,player-2
248,2,18,0.05041714757680893,player-4,9,14,18,18,player-3,player-4
248,3,17,0.06258301436901093,player-4,11,16,23,25,player-4,player-4
248,4,17,0.05141599103808403,player-1,23,21,28,26,player-1,player-1
248,5,17,0.05650008097290993,player-2,25,25,30,27,player-2,player-2
248,6,19,0.05095801316201687,player-1,29,27,33,30,player-3,player-1
248,7,20,0.06345799192786217,player-3,37,28,42,32,player-4,player-3
248,8,17,0.050582922995090485,player-1,44,33,44,32,player-1,player-1
248,9,18,0.041958875954151154,player-3,55,43,51,39,player-2,player-3
249,1,17,0.04637520760297775,player-3,1,1,5,0,player-3,player-3
249,2,18,0.059542013332247734,player-1,9,4,9,4,player-4,player-1
249,3,19,0.05679088644683361,player-3,14,8,11,6,player-1,player-3
249,4,25,0.055165961384773254,player-2,14,15,13,6,player-2,player-2
249,5,17,0.06087520159780979,player-3,19,18,18,6,player-3,player-3
249,6,20,0.049625057727098465,player-3,23,20,18,9,player-4,player-3
249,7,17,0.053999945521354675,player-1,28,21,22,13,player-1,player-1
249,8,24,0.08504209108650684,player-1,30,29,29,16,player-2,player-1
249,9,18,0.05312496796250343,player-4,34,30,32,16,player-3,player-4
249,10,19,0.05608401261270046,player-2,38,34,35,18,player-4,player-2
249,11,17,0.06983405910432339,player-1,46,38,38,23,player-1,player-1
249,12,18,0.04416704177856445,player-3,51,40,39,24,player-2,player-3
249,13,20,0.057040946558117867,player-2,56,41,43,26,player-3,player-2
249,14,17,0.057541998103260994,player-4,59,50,45,39,player-4,player-4
250,1,17,0.06674998439848423,player-4,4,6,11,8,player-4,player-4
250,2,23,0.06383401341736317,player-3,4,7,16,13,player-1,player-3
250,3,25,0.06666709668934345,player-2,8,21,21,27,player-2,player-2
250,4,17,0.04416704177856445,player-3,8,23,31,29,player-3,player-3
250,5,19,0.0663751270622015,player-2,8,24,37,34,player-4,player-2
250,6,17,0.0477079302072525,player-1,11,26,41,36,player-1,player-1
250,7,19,0.06254203617572784,player-4,16,29,45,42,player-2,player-4
250,8,19,0.05520787090063095,player-1,25,30,48,46,player-3,player-1
250,9,23,0.06683310493826866,player-2,32,41,56,47,player-4,player-2
250,10,17,0.044459011405706406,player-1,38,41,57,47,player-1,player-1
250,11,18,0.05024997517466545,player-3,40,46,62,51,player-2,player-3
251,1,20,0.07833307608962059,player-4,2,5,2,10,player-1,player-4
251,2,17,0.03820913843810558,player-2,2,8,2,13,player-2,player-2
251,3,18,0.061166007071733475,player-4,2,10,6,19,player-3,player-4
251,4,17,0.060582999140024185,player-4,2,13,18,20,player-4,player-4
251,5,19,0.06045796908438206,player-3,8,14,26,22,player-1,player-3
251,6,17,0.047584064304828644,player-2,9,20,27,26,player-2,player-2
251,7,20,0.05604187026619911,player-2,17,22,33,32,player-3,player-2
251,8,17,0.04812492989003658,player-4,17,28,34,38,player-4,player-4
251,9,17,0.0574581790715456,player-1,30,31,43,40,player-1,player-1
251,10,20,0.04016701132059097,none,34,34,45,41,player-2,none
251,11,17,0.04575005732476711,player-3,38,35,47,44,player-3,player-3
251,12,17,0.060208141803741455,player-4,42,38,52,51,player-4,player-4
251,13,18,0.061042141169309616,player-2,49,42,56,57,player-1,player-2
252,1,20,0.0639171339571476,player-4,2,0,6,9,player-1,player-4
252,2,17,0.04766695201396942,player-2,5,2,14,9,player-2,player-2
252,3,18,0.04295911639928818,player-4,5,3,20,11,player-3,player-4
252,4,20,0.06854208186268806,player-3,7,4,22,15,player-4,player-3
252,5,17,0.04100007936358452,player-1,11,5,22,17,player-1,player-1
252,6,17,0.056374818086624146,player-2,17,7,26,18,player-2,player-2
252,7,18,0.06037508137524128,player-4,30,16,33,27,player-3,player-4
252,8,19,0.05320785567164421,player-2,39,16,40,31,player-4,player-2
252,9,29,0.07183314301073551,player-1,45,19,43,33,player-1,player-1
252,10,17,0.05074986256659031,player-2,52,30,48,45,player-2,player-2
253,1,17,0.04870793782174587,player-3,1,2,5,4,player-3,player-3
253,2,19,0.054916832596063614,player-2,3,9,9,6,player-4,player-2
253,3,17,0.06508291698992252,player-1,8,9,11,10,player-1,player-1
253,4,17,0.05737505853176117,player-2,13,16,14,12,player-2,player-2
253,5,17,0.05633407272398472,player-3,25,27,15,14,player-3,player-3
253,6,19,0.0813330989331007,player-2,33,28,21,14,player-4,player-2
253,7,27,0.05979207344353199,none,36,29,26,14,player-1,none
253,8,20,0.054957810789346695,player-1,43,36,26,16,player-2,player-1
253,9,17,0.05866703577339649,player-3,49,38,33,23,player-3,player-3
253,10,20,0.061374856159090996,player-3,52,40,38,31,player-4,player-3
253,11,18,0.050416914746165276,player-2,54,47,40,37,player-1,player-2
253,12,17,0.04708394408226013,player-2,56,56,44,38,player-2,player-2
254,1,24,0.06191595457494259,player-3,3,1,2,4,player-4,player-3
254,2,17,0.055625103414058685,player-1,6,3,11,9,player-1,player-1
254,3,25,0.05233311094343662,none,7,5,13,11,player-2,none
254,4,17,0.06337510421872139,player-3,9,5,19,15,player-3,player-3
254,5,17,0.05962490104138851,player-4,10,9,26,17,player-4,player-4
254,6,17,0.05691591650247574,player-1,14,13,26,22,player-1,player-1
254,7,21,0.07099984213709831,player-2,17,24,30,23,player-2,player-2
254,8,17,0.038917176425457,player-3,17,24,34,25,player-3,player-3
254,9,17,0.05370797589421272,player-4,17,25,39,32,player-4,player-4
254,10,19,0.06441609002649784,player-3,20,29,44,36,player-1,player-3
254,11,19,0.05737505853176117,player-4,20,33,50,42,player-2,player-4
254,12,18,0.05187513306736946,player-4,20,35,56,50,player-3,player-4
254,13,20,0.05212496034801006,player-3,24,35,66,52,player-4,player-3
254,14,22,0.05916692316532135,player-2,28,43,69,54,player-1,player-2
254,15,18,0.043082982301712036,player-3,28,50,70,59,player-2,player-3
255,1,18,0.05100015550851822,player-1,2,0,5,4,player-4,player-1
255,2,26,0.04783296026289463,none,7,5,6,4,player-1,none
255,3,20,0.06850017234683037,player-1,11,6,12,9,player-2,player-1
255,4,17,0.05445815622806549,player-3,13,11,17,10,player-3,player-3
255,5,17,0.04329206421971321,player-4,14,13,20,13,player-4,player-4
255,6,17,0.04100007936358452,player-1,21,17,25,19,player-1,player-1
255,7,17,0.05283299833536148,player-2,22,27,27,20,player-2,player-2
255,8,17,0.05383417010307312,player-3,25,29,39,23,player-3,player-3
255,9,20,0.04824995994567871,player-3,27,29,40,26,player-4,player-3
255,10,17,0.053167110309004784,player-1,33,30,44,28,player-1,player-1
255,11,18,0.06270804442465305,player-3,35,33,47,29,player-2,player-3
255,12,17,0.0514171551913023,player-3,40,34,56,31,player-3,player-3
255,13,17,0.05041598342359066,player-4,43,41,66,35,player-4,player-4
256,1,19,0.060582999140024185,player-3,2,1,14,3,player-1,player-3
256,2,18,0.053625088185071945,player-3,5,3,16,5,player-2,player-3
256,3,17,0.05512498319149017,player-3,11,9,25,10,player-3,player-3
256,4,17,0.059542013332247734,player-4,14,17,29,18,player-4,player-4
256,5,19,0.04629208706319332,player-3,15,19,32,21,player-1,player-3
256,6,17,0.04791608080267906,player-2,15,24,32,24,player-2,player-2
256,7,18,0.055167125537991524,player-4,15,25,38,26,player-3,player-4
256,8,18,0.045082997530698776,player-1,19,26,41,28,player-4,player-1
256,9,17,0.05250005051493645,player-1,32,27,45,28,player-1,player-1
256,10,17,0.04329206421971321,player-2,32,27,47,31,player-2,player-2
256,11,21,0.06991694681346416,player-3,39,37,49,33,player-3,player-3
256,12,24,0.09170803241431713,player-3,55,45,57,33,player-4,player-3
257,1,18,0.05187490023672581,player-2,4,2,9,2,player-1,player-2
257,2,17,0.0441248994320631,player-2,7,4,11,5,player-2,player-2
257,3,34,0.06579188629984856,none,8,6,18,5,player-3,none
257,4,22,0.05570799112319946,player-1,9,15,19,15,player-4,player-1
257,5,17,0.048457877710461617,player-1,21,17,19,18,player-1,player-1
257,6,20,0.0550001859664917,player-1,21,19,19,22,player-2,player-1
257,7,17,0.0702079851180315,player-3,27,19,31,23,player-3,player-3
257,8,17,0.048040878027677536,player-4,31,24,31,27,player-4,player-4
257,9,17,0.06354204379022121,player-1,40,27,42,29,player-1,player-1
257,10,18,0.04712492227554321,player-3,40,27,53,30,player-2,player-3
257,11,18,0.04937499761581421,player-4,40,30,56,34,player-3,player-4
257,12,23,0.06716698408126831,player-2,47,40,59,41,player-4,player-2
258,1,17,0.04024989902973175,player-2,3,6,2,1,player-2,player-2
258,2,17,0.0624579843133688,player-3,8,8,8,2,player-3,player-3
258,3,18,0.06737490184605122,player-1,18,20,9,4,player-4,player-1
258,4,20,0.059125013649463654,player-4,23,20,18,12,player-1,player-4
258,5,17,0.05258317105472088,player-2,23,26,21,17,player-2,player-2
258,6,19,0.06125005893409252,player-1,25,30,23,17,player-3,player-1
258,7,18,0.049083027988672256,player-1,32,34,23,19,player-4,player-1
258,8,17,0.06308290176093578,player-1,44,35,25,21,player-1,player-1
258,9,17,0.05666585639119148,player-2,44,38,25,26,player-2,player-2
258,10,19,0.06500002928078175,player-1,46,39,32,26,player-3,player-1
258,11,17,0.04716706462204456,player-4,49,42,32,30,player-4,player-4
258,12,17,0.051999930292367935,player-1,55,44,33,31,player-1,player-1
258,13,18,0.05704187788069248,player-3,56,47,39,33,player-2,player-3
258,14,18,0.04845811054110527,player-4,62,49,46,34,player-3,player-4
259,1,17,0.07383385673165321,player-3,11,2,7,3,player-3,player-3
259,2,19,0.05054217763245106,player-2,15,6,10,4,player-4,player-2
259,3,17,0.07258402183651924,player-1,21,14,18,6,player-1,player-1
259,4,17,0.04975008778274059,player-2,23,15,24,7,player-2,player-2
259,5,17,0.03733416087925434,player-3,25,15,27,9,player-3,player-3
259,6,17,0.051582930609583855,player-4,28,15,28,14,player-4,player-4
259,7,18,0.053582945838570595,player-2,32,18,30,20,player-1,player-2
259,8,17,0.058542005717754364,player-2,40,29,32,27,player-2,player-2
259,9,17,0.059125013649463654,player-3,42,33,39,27,player-3,player-3
259,10,17,0.048416899517178535,player-4,42,36,40,32,player-4,player-4
259,11,17,0.0575000885874033,player-1,48,39,43,35,player-1,player-1
259,12,22,0.058666104450821877,player-3,54,43,47,39,player-2,player-3
260,1,19,0.05574990063905716,player-2,2,4,1,3,player-4,player-2
260,2,18,0.05229213275015354,player-2,4,12,4,6,player-1,player-2
260,3,18,0.048958929255604744,player-3,5,14,6,10,player-2,player-3
260,4,17,0.047625042498111725,player-3,8,14,12,10,player-3,player-3
260,5,17,0.06354204379022121,player-4,10,17,15,16,player-4,player-4
260,6,18,0.0624579843133688,player-2,20,30,24,16,player-1,player-2
260,7,17,0.057999975979328156,player-2,27,34,31,24,player-2,player-2
260,8,18,0.05370797589421272,player-4,34,34,39,26,player-3,player-4
260,9,19,0.0563750509172678,player-2,38,35,41,31,player-4,player-2
260,10,17,0.05270796827971935,player-1,45,36,48,34,player-1,player-1
260,11,19,0.06008311174809933,player-4,47,39,50,37,player-2,player-4
260,12,17,0.04116701893508434,player-3,49,42,56,37,player-3,player-3
261,1,19,0.06850017234683037,player-3,6,4,9,5,player-1,player-3
261,2,17,0.05808286368846893,player-2,10,13,11,9,player-2,player-2
261,3,21,0.06341701373457909,player-3,12,16,16,12,player-3,player-3
261,4,20,0.05570892244577408,player-3,13,18,27,12,player-4,player-3
261,5,18,0.06587500683963299,player-2,19,27,32,15,player-1,player-2
261,6,20,0.05566701292991638,player-1,24,27,32,18,player-2,player-1
261,7,18,0.0567091628909111,player-4,31,30,32,28,player-3,player-4
261,8,18,0.049833208322525024,player-1,35,35,32,35,player-4,player-1
261,9,18,0.04141591489315033,player-2,38,39,35,36,player-1,player-2
261,10,17,0.042165862396359444,player-2,40,43,39,38,player-2,player-2
261,11,21,0.06870785728096962,player-3,49,46,40,47,player-3,player-3
261,12,17,0.05208305083215237,player-4,55,49,43,54,player-4,player-4
262,1,20,0.040624989196658134,none,1,0,0,0,player-1,none
262,2,18,0.045791035518050194,player-3,1,1,3,2,player-2,player-3
262,3,17,0.050584087148308754,player-3,3,7,6,2,player-3,player-3
262,4,17,0.05191704258322716,player-4,6,7,6,6,player-4,player-4
262,5,22,0.05891709588468075,player-2,8,10,8,6,player-1,player-2
262,6,17,0.05283299833536148,player-2,14,15,11,10,player-2,player-2
262,7,17,0.0466248020529747,player-3,20,19,13,10,player-3,player-3
262,8,17,0.0577080063521862,player-4,23,24,20,16,player-4,player-4
262,9,19,0.0702079851180315,player-3,25,31,27,16,player-1,player-3
262,10,29,0.09483285248279572,player-2,28,39,35,22,player-2,player-2
262,11,17,0.05612499080598354,player-3,29,43,41,25,player-3,player-3
262,12,18,0.0552500132471323,player-1,37,54,42,31,player-4,player-1
262,13,22,0.058999983593821526,player-2,43,54,43,33,player-1,player-2
262,14,17,0.05429098382592201,player-2,50,56,44,34,player-2,player-2
262,15,17,0.04966696724295616,player-3,53,59,48,38,player-3,player-3
263,1,17,0.058540841564536095,player-3,6,3,11,1,player-3,player-3
263,2,24,0.06837490946054459,player-3,9,6,17,9,player-4,player-3
263,3,20,0.07616681978106499,player-4,15,6,19,13,player-1,player-4
263,4,17,0.05608401261270046,player-2,18,10,24,14,player-2,player-2
263,5,17,0.04983297549188137,player-3,26,15,28,14,player-3,player-3
263,6,21,0.05312496796250343,player-4,29,20,29,17,player-4,player-4
263,7,20,0.061583006754517555,player-4,33,24,29,23,player-1,player-4
263,8,19,0.054999953135848045,player-4,40,29,33,31,player-2,player-4
263,9,18,0.052665825933218,player-4,42,33,37,35,player-3,player-4
263,10,20,0.06224983371794224,player-3,47,37,42,35,player-4,player-3
263,11,20,0.06925011985003948,player-4,51,37,44,41,player-1,player-4
263,12,19,0.052374787628650665,player-4,53,39,48,42,player-2,player-4
264,1,17,0.0535410363227129,player-1,8,1,6,5,player-1,player-1
264,2,17,0.05437503568828106,player-2,13,4,6,6,player-2,player-2
264,3,18,0.053042080253362656,player-4,14,9,7,7,player-3,player-4
264,4,18,0.05216686986386776,player-1,17,13,14,11,player-4,player-1
264,5,19,0.05579204298555851,player-3,21,20,18,17,player-1,player-3
264,6,17,0.05708285607397556,player-2,28,24,22,21,player-2,player-2
264,7,19,0.06312504410743713,player-1,39,27,28,21,player-3,player-1
264,8,20,0.041082967072725296,none,43,27,31,25,player-4,none
264,9,17,0.05370797589421272,player-1,50,29,35,25,player-1,player-1
264,10,17,0.0541668850928545,player-2,54,35,41,29,player-2,player-2
264,11,20,0.046291155740618706,player-2,56,43,44,30,player-3,player-2
265,1,17,0.049708178266882896,player-2,3,5,0,2,player-2,player-2
265,2,17,0.05054101347923279,player-3,5,9,8,4,player-3,player-3
265,3,19,0.04733307287096977,player-2,7,10,12,4,player-4,player-2
265,4,21,0.054416945204138756,player-1,10,13,12,4,player-1,player-1
265,5,17,0.049042049795389175,player-2,12,16,16,5,player-2,player-2
265,6,20,0.06645801477134228,player-2,24,25,18,16,player-3,player-2
265,7,17,0.06037508137524128,player-4,28,30,26,21,player-4,player-4
265,8,17,0.0402920413762331,player-1,33,31,26,21,player-1,player-1
265,9,18,0.06804196164011955,player-3,41,39,27,21,player-2,player-3
265,10,17,0.05474989302456379,player-3,50,41,38,21,player-3,player-3
265,11,18,0.05358317866921425,player-1,53,46,40,26,player-4,player-1
265,12,19,0.04695914685726166,player-3,53,49,44,26,player-1,player-3
265,13,17,0.06949994713068008,player-2,64,54,53,28,player-2,player-2
266,1,17,0.049833208322525024,player-1,6,4,3,4,player-1,player-1
266,2,17,0.05287490785121918,player-2,10,8,4,9,player-2,player-2
266,3,22,0.06091711111366749,player-4,11,13,7,13,player-3,player-4
266,4,17,0.04587485454976559,player-4,11,13,10,22,player-4,player-4
266,5,23,0.0677499920129776,player-3,17,13,12,22,player-1,player-3
266,6,18,0.047416891902685165,player-3,20,13,14,26,player-2,player-3
266,7,17,0.04537496715784073,player-3,22,14,16,28,player-3,player-3
266,8,21,0.05191704258322716,player-4,23,18,16,34,player-4,player-4
266,9,17,0.054541975259780884,player-1,27,21,20,34,player-1,player-1
266,10,17,0.03941613249480724,player-2,28,26,20,35,player-2,player-2
266,11,18,0.04920782521367073,player-4,33,28,22,38,player-3,player-4
266,12,18,0.05574990063905716,player-1,43,33,25,40,player-4,player-1
266,13,17,0.059416983276605606,player-1,47,37,25,44,player-1,player-1
266,14,17,0.052541960030794144,player-2,51,41,28,45,player-2,player-2
266,15,23,0.04395795986056328,none,54,44,29,45,player-3,none
266,16,17,0.045625027269124985,player-4,58,50,35,51,player-4,player-4
267,1,18,0.06529106758534908,player-4,4,4,10,8,player-3,player-4
267,2,17,0.06104097701609135,player-4,6,13,11,15,player-4,player-4
267,3,17,0.05000014789402485,player-1,9,13,17,20,player-1,player-1
267,4,19,0.04862481728196144,player-4,11,17,17,26,player-2,player-4
267,5,17,0.05745887756347656,player-3,14,19,27,27,player-3,player-3
267,6,18,0.062125036492943764,player-1,21,23,28,30,player-4,player-1
267,7,19,0.08841697126626968,player-3,27,27,36,32,player-1,player-3
267,8,17,0.05529192276299,player-2,31,31,37,38,player-2,player-2
267,9,17,0.05712499842047691,player-3,35,38,45,45,player-3,player-3
267,10,17,0.059499870985746384,player-4,35,41,49,50,player-4,player-4
267,11,17,0.0512909609824419,player-1,43,42,51,51,player-1,player-1
267,12,21,0.04933401942253113,player-2,45,46,52,51,player-2,player-2
267,13,19,0.07595797069370747,player-1,49,50,57,54,player-3,player-1
268,1,17,0.05633290857076645,player-1,4,1,4,1,player-1,player-1
268,2,17,0.04841713234782219,player-2,9,9,4,1,player-2,player-2
268,3,22,0.0743749551475048,player-4,14,15,8,8,player-3,player-4
268,4,17,0.05450006574392319,player-4,14,17,10,15,player-4,player-4
268,5,17,0.06141606718301773,player-1,27,19,13,18,player-1,player-1
268,6,17,0.05666702054440975,player-2,31,23,16,20,player-2,player-2
268,7,18,0.06183306686580181,player-4,31,29,20,28,player-3,player-4
268,8,19,0.057625118643045425,player-2,36,30,24,33,player-4,player-2
268,9,19,0.055958982557058334,player-3,37,36,30,39,player-1,player-3
268,10,18,0.048083020374178886,player-3,40,37,30,39,player-2,player-3
268,11,17,0.05333288572728634,player-3,49,46,40,43,player-3,player-3
268,12,19,0.07158401422202587,player-2,60,50,40,46,player-4,player-2
269,1,17,0.05816691555082798,player-2,2,6,2,1,player-2,player-2
269,2,17,0.062000006437301636,player-3,5,9,9,9,player-3,player-3
269,3,20,0.06225006654858589,player-3,6,13,13,11,player-4,player-3
269,4,17,0.055625103414058685,player-1,9,14,15,16,player-1,player-1
269,5,17,0.05345791578292847,player-2,14,21,18,18,player-2,player-2
269,6,19,0.06050011143088341,player-1,23,21,20,23,player-3,player-1
269,7,17,0.046083005145192146,player-4,23,22,23,30,player-4,player-4
269,8,17,0.06654090248048306,player-1,31,23,25,37,player-1,player-1
269,9,20,0.05974993109703064,player-1,37,23,28,38,player-2,player-1
269,10,19,0.053459079936146736,player-1,42,23,29,41,player-3,player-1
269,11,17,0.05654105916619301,player-4,48,27,31,46,player-4,player-4
269,12,17,0.07779104635119438,player-1,55,29,36,49,player-1,player-1
269,13,17,0.05308398976922035,player-2,56,34,36,54,player-2,player-2
269,14,17,0.05891709588468075,player-3,58,35,37,54,player-3,player-3
269,15,18,0.0641669612377882,player-1,64,38,45,57,player-4,player-1
270,1,17,0.07208297029137611,player-3,2,1,5,3,player-3,player-3
270,2,20,0.06624986417591572,player-3,5,4,9,7,player-4,player-3
270,3,17,0.05666585639119148,player-1,10,13,17,12,player-1,player-1
270,4,19,0.051042065024375916,player-4,12,15,22,16,player-2,player-4
270,5,19,0.11004088446497917,player-1,20,25,30,30,player-3,player-1
270,6,17,0.07879198528826237,player-4,26,25,36,38,player-4,player-4
270,7,18,0.06066588684916496,player-2,33,26,38,42,player-1,player-2
270,8,17,0.06712507456541061,player-2,38,36,42,46,player-2,player-2
270,9,17,0.06562494672834873,player-3,44,38,48,48,player-3,player-3
270,10,19,0.06045796908438206,player-2,46,41,50,49,player-4,player-2
270,11,20,0.06274995394051075,player-4,48,44,51,53,player-1,player-4
270,12,17,0.06729108281433582,player-2,48,48,54,53,player-2,player-2
271,1,20,0.0624579843133688,player-1,7,1,0,2,player-2,player-1
271,2,17,0.06016693077981472,player-3,7,3,10,3,player-3,player-3
271,3,17,0.05666702054440975,player-4,11,8,10,4,player-4,player-4
271,4,17,0.05554105155169964,player-1,17,11,14,6,player-1,player-1
271,5,17,0.07195794023573399,player-2,18,17,14,12,player-2,player-2
271,6,18,0.049416208639740944,player-4,19,17,16,15,player-3,player-4
271,7,18,0.07945811375975609,player-1,27,21,19,18,player-4,player-1
271,8,19,0.049999915063381195,player-3,28,24,32,20,player-1,player-3
271,9,17,0.054625095799565315,player-2,30,30,34,21,player-2,player-2
271,10,17,0.06308313459157944,player-3,33,30,40,22,player-3,player-3
271,11,30,0.07254187949001789,none,40,33,42,24,player-4,none
271,12,18,0.045416876673698425,player-2,42,35,45,28,player-1,player-2
271,13,23,0.06320886313915253,player-4,43,39,48,32,player-2,player-4
271,14,18,0.059374840930104256,player-4,47,42,49,37,player-3,player-4
271,15,18,0.048999907448887825,player-1,57,43,49,39,player-4,player-1
272,1,17,0.047416891902685165,player-2,7,2,2,0,player-2,player-2
272,2,17,0.04116701893508434,player-3,12,2,6,1,player-3,player-3
272,3,17,0.08316594175994396,player-4,12,5,10,10,player-4,player-4
272,4,17,0.05437503568828106,player-1,19,7,11,15,player-1,player-1
272,5,19,0.06187497638165951,player-4,21,13,14,20,player-2,player-4
272,6,17,0.052833929657936096,player-3,24,17,17,24,player-3,player-3
272,7,17,0.05212496034801006,player-4,26,18,25,27,player-4,player-4
272,8,20,0.055541982874274254,player-4,26,23,27,35,player-1,player-4
272,9,18,0.049208058044314384,player-3,28,26,28,35,player-2,player-3
272,10,18,0.05679205060005188,player-4,29,30,30,42,player-3,player-4
272,11,17,0.04700012505054474,player-4,30,35,31,48,player-4,player-4
272,12,17,0.05012517794966698,player-1,42,36,37,49,player-1,player-1
272,13,17,0.04958314821124077,player-2,44,38,37,53,player-2,player-2
272,14,17,0.05795806646347046,player-3,44,43,43,57,player-3,player-3
273,1,17,0.04970887675881386,player-2,7,4,5,2,player-2,player-2
273,2,22,0.0577080063521862,none,11,7,5,4,player-3,none
273,3,23,0.06879214197397232,player-2,17,10,7,16,player-4,player-2
273,4,17,0.060791848227381706,player-1,18,13,10,23,player-1,player-1
273,5,18,0.05150004290044308,player-3,18,17,13,27,player-2,player-3
273,6,18,0.04737498238682747,player-4,18,18,16,29,player-3,player-4
273,7,20,0.05758390761911869,player-3,19,20,19,33,player-4,player-3
273,8,17,0.05837506614625454,player-1,23,23,24,33,player-1,player-1
273,9,19,0.054999953135848045,player-4,26,27,29,47,player-2,player-4
273,10,20,0.04941713996231556,player-2,29,29,35,48,player-3,player-2
273,11,17,0.051167095080018044,player-4,29,31,42,50,player-4,player-4
273,12,17,0.06637489423155785,player-1,39,33,48,50,player-1,player-1
273,13,18,0.05970802158117294,player-3,39,40,57,53,player-2,player-3
273,14,19,0.06845803000032902,player-1,44,49,61,59,player-3,player-1
274,1,18,0.05187490023672581,player-4,3,2,1,3,player-3,player-4
274,2,18,0.04375004209578037,player-1,14,3,1,3,player-4,player-1
274,3,22,0.08341693319380283,player-2,20,12,2,9,player-1,player-2
274,4,35,0.10133301839232445,player-4,20,14,18,14,player-2,player-4
274,5,17,0.054541975259780884,player-3,25,15,26,16,player-3,player-3
274,6,17,0.04612491466104984,player-4,26,17,26,23,player-4,player-4
274,7,18,0.051958952099084854,player-2,30,22,26,26,player-1,player-2
274,8,18,0.05891593173146248,player-3,30,27,28,27,player-2,player-3
274,9,22,0.061584170907735825,player-4,34,30,30,29,player-3,player-4
274,10,17,0.0588749535381794,player-4,36,30,33,35,player-4,player-4
274,11,19,0.055042095482349396,player-3,36,34,42,40,player-1,player-3
274,12,19,0.04483410157263279,player-4,37,37,44,50,player-2,player-4
274,13,17,0.058959005400538445,player-3,37,40,47,51,player-3,player-3
274,14,19,0.05149981006979942,player-2,37,48,49,53,player-4,player-2
275,1,17,0.05075009539723396,player-3,2,1,3,3,player-3,player-3
275,2,17,0.044625019654631615,player-4,4,2,3,13,player-4,player-4
275,3,20,0.05566701292991638,player-4,4,4,3,16,player-1,player-4
275,4,17,0.0463749747723341,player-2,6,6,3,22,player-2,player-2
275,5,17,0.05266699008643627,player-3,10,12,7,26,player-3,player-3
275,6,17,0.05250005051493645,player-4,10,12,11,36,player-4,player-4
275,7,17,0.05300017073750496,player-1,15,14,17,38,player-1,player-1
275,8,17,0.0477079302072525,player-2,18,22,19,40,player-2,player-2
275,9,22,0.05783303640782833,player-4,21,26,23,44,player-3,player-4
275,10,17,0.051165930926799774,player-4,24,32,25,49,player-4,player-4
275,11,18,0.04416704177856445,player-2,28,38,25,51,player-1,player-2
275,12,19,0.04429183900356293,player-4,28,40,25,54,player-2,player-4
275,13,19,0.04900014027953148,player-1,31,44,25,54,player-3,player-1
275,14,18,0.048832967877388,player-1,34,44,30,55,player-4,player-1
275,15,18,0.048584071919322014,player-2,35,48,34,56,player-1,player-2
276,1,18,0.0730000901967287,player-1,6,2,3,6,player-4,player-1
276,2,18,0.05495804361999035,player-2,8,12,3,7,player-1,player-2
276,3,17,0.04100007936358452,player-2,9,15,7,9,player-2,player-2
276,4,19,0.06900005973875523,player-1,12,19,9,12,player-3,player-1
276,5,18,0.06325007416307926,player-1,13,26,14,16,player-4,player-1
276,6,18,0.04987488500773907,player-2,13,29,21,23,player-1,player-2
276,7,17,0.05362485535442829,player-2,19,38,28,29,player-2,player-2
276,8,17,0.05570799112319946,player-3,21,41,30,33,player-3,player-3
276,9,18,0.0664170365780592,player-1,29,49,37,34,player-4,player-1
276,10,20,0.05866587162017822,player-4,37,51,40,45,player-1,player-4
276,11,18,0.06570783443748951,player-3,45,51,43,45,player-2,player-3
276,12,17,0.06070802919566631,player-3,47,53,51,48,player-3,player-3
277,1,17,0.06325007416307926,player-1,5,0,5,2,player-1,player-1
277,2,17,0.05745887756347656,player-2,11,1,5,4,player-2,player-2
277,3,19,0.047208042815327644,player-1,18,5,8,5,player-3,player-1
277,4,25,0.07124990224838257,player-4,25,10,16,20,player-4,player-4
277,5,17,0.05683302879333496,player-1,34,10,27,26,player-1,player-1
277,6,18,0.05337502807378769,player-3,37,10,33,27,player-2,player-3
277,7,17,0.047584064304828644,player-3,39,14,35,28,player-3,player-3
277,8,17,0.04833284765481949,player-4,41,15,35,30,player-4,player-4
277,9,18,0.04437495954334736,player-2,49,17,35,30,player-1,player-2
277,10,17,0.05320785567164421,player-2,53,22,35,33,player-2,player-2
277,11,17,0.06745802238583565,player-3,55,23,41,33,player-3,player-3
277,12,17,0.05383300594985485,player-4,56,25,48,41,player-4,player-4
278,1,17,0.06137508898973465,player-4,3,1,2,6,player-4,player-4
278,2,18,0.04520895890891552,player-2,6,2,6,8,player-1,player-2
278,3,17,0.04254118539392948,player-2,6,3,9,8,player-2,player-2
278,4,19,0.058208126574754715,player-1,7,6,14,10,player-3,player-1
278,5,19,0.05933293141424656,player-2,11,8,20,12,player-4,player-2
278,6,17,0.045082997530698776,player-1,21,8,22,13,player-1,player-1
278,7,17,0.05050003528594971,player-2,21,15,24,13,player-2,player-2
278,8,19,0.05329190753400326,player-1,26,15,27,13,player-3,player-1
278,9,17,0.0502921175211668,player-4,28,17,27,20,player-4,player-4
278,10,19,0.06374996155500412,player-3,33,21,35,22,player-1,player-3
278,11,18,0.05495804361999035,player-3,38,27,39,27,player-2,player-3
278,12,17,0.04574982449412346,player-3,42,29,43,29,player-3,player-3
278,13,17,0.05129189230501652,player-4,45,32,45,35,player-4,player-4
278,14,18,0.04329183138906956,player-2,46,36,45,39,player-1,player-2
278,15,19,0.06254203617572784,player-4,48,45,48,46,player-2,player-4
278,16,18,0.061916885897517204,player-4,56,45,53,52,player-3,player-4
279,1,19,0.060165999457240105,player-2,7,4,0,2,player-4,player-2
279,2,20,0.05787494592368603,player-4,9,10,1,5,player-1,player-4
279,3,21,0.07983297109603882,player-2,9,17,7,9,player-2,player-2
279,4,19,0.05212496034801006,player-1,11,17,8,11,player-3,player-1
279,5,18,0.051083043217659,player-1,13,19,11,14,player-4,player-1
279,6,17,0.04070904105901718,player-1,19,20,11,17,player-1,player-1
279,7,19,0.05541602149605751,player-4,21,23,13,18,player-2,player-4
279,8,17,0.04475004971027374,player-3,23,23,20,20,player-3,player-3
279,9,23,0.08625001646578312,player-2,26,31,22,26,player-4,player-2
279,10,17,0.04829186946153641,player-1,31,33,29,26,player-1,player-1
279,11,18,0.04683295264840126,player-3,34,35,29,30,player-2,player-3
279,12,19,0.062000006437301636,player-1,40,36,30,33,player-3,player-1
279,13,34,0.07950002327561378,player-1,46,38,31,46,player-4,player-1
279,14,20,0.05625002086162567,player-4,50,40,31,50,player-1,player-4
279,15,17,0.0463330652564764,player-2,58,45,35,53,player-2,player-2
279,16,18,0.05779205821454525,player-4,60,51,38,60,player-3,player-4
280,1,21,0.05712499842047691,player-1,8,1,1,0,player-1,player-1
280,2,18,0.04687509499490261,player-3,12,5,7,4,player-2,player-3
280,3,20,0.05550007335841656,player-2,17,10,14,9,player-3,player-2
280,4,17,0.06758305244147778,player-4,22,17,20,14,player-4,player-4
280,5,21,0.06108288653194904,player-1,27,19,27,20,player-1,player-1
280,6,18,0.05145813338458538,player-3,35,25,29,26,player-2,player-3
280,7,18,0.0651658046990633,player-4,42,31,30,27,player-3,player-4
280,8,17,0.052665825933218,player-4,43,33,33,36,player-4,player-4
280,9,19,0.05112495273351669,player-3,48,33,41,39,player-1,player-3
280,10,17,0.045416876673698425,player-2,55,40,45,42,player-2,player-2
281,1,17,0.05391612648963928,player-1,6,3,7,7,player-1,player-1
281,2,18,0.059959013015031815,player-3,13,5,9,13,player-2,player-3
281,3,17,0.049208989366889,player-3,17,10,18,14,player-3,player-3
281,4,19,0.05487515591084957,player-2,22,14,20,16,player-4,player-2
281,5,17,0.045667169615626335,player-1,27,14,20,19,player-1,player-1
281,6,17,0.04537496715784073,player-2,27,21,20,20,player-2,player-2
281,7,17,0.042958883568644524,player-3,33,23,26,21,player-3,player-3
281,8,17,0.0602921936661005,player-4,36,27,28,29,player-4,player-4
281,9,17,0.0566248781979084,player-1,44,30,32,31,player-1,player-1
281,10,17,0.04566693678498268,player-2,46,39,36,37,player-2,player-2
281,11,19,0.05924981087446213,player-1,49,43,40,37,player-3,player-1
281,12,17,0.07129181176424026,player-4,55,46,42,46,player-4,player-4
281,13,24,0.06629200652241707,player-4,62,50,48,53,player-1,player-4
282,1,18,0.05650008097290993,player-2,2,5,3,1,player-1,player-2
282,2,19,0.04433305002748966,player-4,5,12,3,5,player-2,player-4
282,3,18,0.06074993871152401,player-4,7,16,11,6,player-3,player-4
282,4,19,0.053541967645287514,player-2,7,22,11,8,player-4,player-2
282,5,17,0.06233295425772667,player-1,16,23,14,9,player-1,player-1
282,6,24,0.0439169816672802,none,21,25,14,11,player-2,none
282,7,18,0.036624958738684654,none,25,27,16,11,player-3,none
282,8,17,0.06458396092057228,player-4,25,35,22,22,player-4,player-4
282,9,17,0.04850002005696297,player-1,27,35,24,26,player-1,player-1
282,10,18,0.052833929657936096,player-3,30,40,34,30,player-2,player-3
282,11,17,0.04504108801484108,player-3,30,40,43,31,player-3,player-3
282,12,17,0.04900014027953148,player-4,30,40,49,35,player-4,player-4
282,13,17,0.04270789213478565,player-1,36,42,49,37,player-1,player-1
282,14,26,0.06291712634265423,player-3,43,44,51,40,player-2,player-3
282,15,17,0.04291604273021221,player-3,43,47,54,40,player-3,player-3
282,16,18,0.05787494592368603,player-1,47,49,59,44,player-4,player-1
283,1,17,0.05412520840764046,player-3,5,7,8,6,player-3,player-3
283,2,17,0.044208019971847534,player-4,9,10,8,9,player-4,player-4
283,3,17,0.04483293741941452,player-1,16,12,8,18,player-1,player-1
283,4,18,0.04529207944869995,player-3,18,13,11,22,player-2,player-3
283,5,18,0.054040923714637756,player-4,20,17,15,26,player-3,player-4
283,6,17,0.05024997517466545,player-4,23,21,16,29,player-4,player-4
283,7,25,0.054999953135848045,player-1,25,23,19,30,player-1,player-1
283,8,17,0.06766710430383682,player-2,27,37,19,36,player-2,player-2
283,9,17,0.055541982874274254,player-3,30,38,23,37,player-3,player-3
283,10,18,0.06929202936589718,player-1,40,40,30,50,player-4,player-1
283,11,17,0.050165923312306404,player-1,45,43,30,50,player-1,player-1
283,12,19,0.06087496876716614,player-4,45,47,33,53,player-2,player-4
284,1,24,0.06975000724196434,player-3,7,1,6,5,player-4,player-3
284,2,17,0.0610831193625927,player-1,8,9,10,7,player-1,player-1
284,3,18,0.046040862798690796,player-3,11,9,13,11,player-2,player-3
284,4,18,0.05820789374411106,player-4,11,9,16,13,player-3,player-4
284,5,18,0.06904196925461292,player-1,17,9,28,17,player-4,player-1
284,6,19,0.0652919989079237,player-3,20,12,36,19,player-1,player-3
284,7,40,0.07683387957513332,player-1,23,20,41,20,player-2,player-1
284,8,17,0.07033278234302998,player-3,30,24,51,20,player-3,player-3
284,9,17,0.048999907448887825,player-4,30,29,53,27,player-4,player-4
284,10,17,0.05533313378691673,player-1,34,31,56,31,player-1,player-1
284,11,20,0.05825003609061241,player-1,41,34,59,35,player-2,player-1
285,1,18,0.0505838543176651,player-2,7,6,3,3,player-1,player-2
285,2,17,0.06479211151599884,player-2,12,8,12,5,player-2,player-2
285,3,17,0.06079208105802536,player-3,16,9,22,12,player-3,player-3
285,4,24,0.0699581578373909,player-3,17,10,28,17,player-4,player-3
285,5,17,0.041624996811151505,player-1,23,14,31,17,player-1,player-1
285,6,21,0.05683302879333496,player-2,25,20,34,17,player-2,player-2
285,7,17,0.06324984133243561,player-3,27,21,41,21,player-3,player-3
285,8,17,0.0538751482963562,player-4,29,25,43,24,player-4,player-4
285,9,17,0.04650000482797623,player-1,31,25,47,28,player-1,player-1
285,10,18,0.052916817367076874,player-3,33,25,49,34,player-2,player-3
285,11,22,0.06316695362329483,player-4,38,26,51,39,player-3,player-4
285,12,18,0.06841588765382767,player-1,39,27,57,45,player-4,player-1
285,13,18,0.05050003528594971,player-2,42,32,57,49,player-1,player-2
285,14,17,0.04433398135006428,player-2,43,41,57,49,player-2,player-2
286,1,17,0.04779198206961155,player-4,1,3,2,7,player-4,player-4
286,2,18,0.05429191514849663,player-2,2,7,2,10,player-1,player-2
286,3,20,0.056582968682050705,player-1,11,12,2,14,player-2,player-1
286,4,17,0.04375004209578037,player-3,12,15,10,15,player-3,player-3
286,5,17,0.058582983911037445,player-4,13,17,10,18,player-4,player-4
286,6,17,0.062125036492943764,player-1,16,20,15,22,player-1,player-1
286,7,19,0.057999975979328156,player-4,18,22,15,24,player-2,player-4
286,8,17,0.05450006574392319,player-3,21,22,20,26,player-3,player-3
286,9,19,0.06520794704556465,player-2,22,26,22,30,player-4,player-2
286,10,17,0.05170796066522598,player-1,25,28,26,36,player-1,player-1
286,11,21,0.05970802158117294,player-2,26,36,30,39,player-2,player-2
286,12,17,0.05416618660092354,player-3,29,39,38,43,player-3,player-3
286,13,17,0.049083027988672256,player-4,36,42,44,45,player-4,player-4
286,14,17,0.048584071919322014,player-1,45,44,47,46,player-1,player-1
286,15,20,0.041082967072725296,none,56,44,47,50,player-2,none
287,1,18,0.0524579081684351,player-4,2,5,1,5,player-3,player-4
287,2,18,0.051999930292367935,player-1,10,12,4,9,player-4,player-1
287,3,17,0.04866695962846279,player-1,13,15,10,9,player-1,player-1
287,4,18,0.048416899517178535,player-3,13,20,12,10,player-2,player-3
287,5,18,0.05929102189838886,player-4,14,21,18,15,player-3,player-4
287,6,19,0.05445792339742184,player-2,18,25,22,17,player-4,player-2
287,7,19,0.06712507456541061,player-3,26,31,28,22,player-1,player-3
287,8,17,0.05450006574392319,player-2,27,34,33,22,player-2,player-2
287,9,18,0.07533305324614048,player-4,27,37,37,27,player-3,player-4
287,10,26,0.05033309571444988,none,27,41,41,29,player-4,none
287,11,27,0.051582930609583855,none,33,42,50,33,player-1,none
287,12,18,0.039624981582164764,player-3,36,45,51,34,player-2,player-3
287,13,17,0.054042087867856026,player-3,37,45,58,34,player-3,player-3
287,14,17,0.042041996493935585,player-4,38,45,60,36,player-4,player-4
287,15,19,0.057165976613759995,player-3,46,46,64,36,player-1,player-3
288,1,25,0.07912516593933105,player-3,10,5,5,2,player-3,player-3
288,2,20,0.07449998520314693,player-3,14,10,9,10,player-4,player-3
288,3,17,0.040041981264948845,player-1,19,11,13,13,player-1,player-1
288,4,18,0.05491706542670727,player-3,20,14,20,15,player-2,player-3
288,5,19,0.04824995994567871,player-1,25,19,20,17,player-3,player-1
288,6,19,0.0575000885874033,player-2,27,29,21,22,player-4,player-2
288,7,19,0.07112487219274044,player-3,32,34,28,24,player-1,player-3
288,8,17,0.07479102350771427,player-2,32,40,35,28,player-2,player-2
288,9,19,0.05787494592368603,player-1,41,43,42,31,player-3,player-1
288,10,20,0.07345899939537048,player-3,41,54,43,33,player-4,player-3
288,11,18,0.04495913162827492,player-2,41,61,47,35,player-1,player-2
288,12,19,0.049209222197532654,player-4,41,62,50,38,player-2,player-4
289,1,17,0.04491698928177357,player-4,3,0,2,4,player-4,player-4
289,2,17,0.05725002847611904,player-1,12,3,7,6,player-1,player-1
289,3,17,0.046582892537117004,player-2,19,8,9,6,player-2,player-2
289,4,19,0.05583302117884159,player-1,25,14,11,9,player-3,player-1
289,5,25,0.06462517194449902,player-4,29,20,11,15,player-4,player-4
289,6,19,0.04070904105901718,player-3,32,22,17,15,player-1,player-3
289,7,18,0.05950010381639004,player-3,32,27,19,21,player-2,player-3
289,8,17,0.05016708746552467,player-3,41,31,31,26,player-3,player-3
289,9,28,0.0577080063521862,none,42,34,34,26,player-4,none
289,10,21,0.06400002166628838,player-1,48,39,35,35,player-1,player-1
289,11,18,0.05554105155169964,player-3,50,42,36,36,player-2,player-3
289,12,17,0.061333877965807915,player-3,54,46,42,43,player-3,player-3
289,13,22,0.053167110309004784,player-1,56,52,42,50,player-4,player-1
290,1,17,0.06400002166628838,player-1,8,1,6,0,player-1,player-1
290,2,18,0.0665830448269844,player-3,13,7,14,6,player-2,player-3
290,3,17,0.05587493069469929,player-3,19,11,22,9,player-3,player-3
290,4,17,0.06183283403515816,player-4,29,14,23,16,player-4,player-4
290,5,17,0.05558389239013195,player-1,32,14,26,16,player-1,player-1
290,6,19,0.051416922360658646,player-4,36,16,29,20,player-2,player-4
290,7,20,0.04566693678498268,player-2,37,20,29,21,player-3,player-2
290,8,17,0.06137508898973465,player-4,41,22,32,24,player-4,player-4
290,9,17,0.051625072956085205,player-1,45,24,38,25,player-1,player-1
290,10,19,0.07624994032084942,player-4,51,28,43,25,player-2,player-4
290,11,17,0.07062498480081558,player-3,57,30,54,27,player-3,player-3
291,1,17,0.0477498397231102,player-4,2,1,6,8,player-4,player-4
291,2,18,0.049582915380597115,player-2,4,1,7,13,player-1,player-2
291,3,17,0.055584125220775604,player-2,4,5,14,18,player-2,player-2
291,4,20,0.049250200390815735,player-2,8,10,15,19,player-3,player-2
291,5,18,0.04233396612107754,player-1,9,10,19,21,player-4,player-1
291,6,17,0.04570791497826576,player-1,16,10,20,21,player-1,player-1
291,7,17,0.054666073992848396,player-2,16,16,24,21,player-2,player-2
291,8,17,0.05087489262223244,player-3,17,16,32,21,player-3,player-3
291,9,27,0.06420910358428955,player-2,21,17,35,29,player-4,player-2
291,10,17,0.05679205060005188,player-1,24,21,37,36,player-1,player-1
291,11,17,0.036833109334111214,player-2,27,29,39,40,player-2,player-2
291,12,21,0.05783303640782833,player-3,33,33,47,40,player-3,player-3
291,13,17,0.0427919439971447,player-4,34,38,48,42,player-4,player-4
291,14,18,0.05554105155169964,player-2,36,41,50,47,player-1,player-2
291,15,17,0.04616705700755119,player-2,40,44,53,48,player-2,player-2
291,16,25,0.06095808930695057,player-3,43,45,64,49,player-3,player-3
292,1,17,0.056999968364834785,player-4,0,6,5,4,player-4,player-4
292,2,17,0.04862481728196144,player-1,0,8,7,7,player-1,player-1
292,3,21,0.06362516433000565,player-2,10,10,15,16,player-2,player-2
292,4,18,0.04116701893508434,player-4,10,11,18,23,player-3,player-4
292,5,24,0.06970786489546299,player-3,10,15,23,27,player-4,player-3
292,6,17,0.06633298471570015,player-1,18,21,23,31,player-1,player-1
292,7,18,0.05229189991950989,player-3,24,23,28,33,player-2,player-3
292,8,18,0.05070911720395088,player-4,28,24,31,39,player-3,player-4
292,9,17,0.047667184844613075,player-4,28,29,31,46,player-4,player-4
292,10,17,0.05487492308020592,player-1,36,31,34,49,player-1,player-1
292,11,17,0.046457862481474876,player-2,36,32,34,51,player-2,player-2
292,12,17,0.06183306686580181,player-3,36,35,42,55,player-3,player-3
292,13,17,0.06379210390150547,player-4,39,35,42,59,player-4,player-4
292,14,17,0.0516669824719429,player-1,43,38,44,67,player-1,player-1
293,1,17,0.053416937589645386,player-3,5,3,9,2,player-3,player-3
293,2,17,0.054208096116781235,player-4,7,4,9,5,player-4,player-4
293,3,22,0.05024997517466545,none,12,5,10,8,player-1,none
293,4,18,0.05287514068186283,player-3,13,10,13,18,player-2,player-3
293,5,20,0.07266714237630367,player-2,20,19,16,23,player-3,player-2
293,6,19,0.06008404307067394,player-2,23,24,21,26,player-4,player-2
293,7,18,0.05562487058341503,player-2,24,29,25,26,player-1,player-2
293,8,19,0.07958291098475456,player-4,30,37,30,35,player-2,player-4
293,9,17,0.04375004209578037,player-3,30,41,35,35,player-3,player-3
293,10,17,0.07379194721579552,player-4,34,47,37,42,player-4,player-4
293,11,17,0.05245814099907875,player-1,37,52,38,49,player-1,player-1
294,1,17,0.05012494511902332,player-3,1,2,2,0,player-3,player-3
294,2,17,0.05133310332894325,player-4,4,4,2,9,player-4,player-4
294,3,18,0.04600011743605137,player-2,8,13,5,10,player-1,player-2
294,4,18,0.05137501284480095,player-3,13,18,10,15,player-2,player-3
294,5,19,0.05220901221036911,player-1,13,18,17,16,player-3,player-1
294,6,17,0.04679197445511818,player-4,17,22,17,21,player-4,player-4
294,7,20,0.058165984228253365,player-4,18,36,23,26,player-1,player-4
294,8,23,0.046584056690335274,none,21,37,25,27,player-2,none
294,9,18,0.06320793181657791,player-4,24,44,35,35,player-3,player-4
294,10,17,0.04641595296561718,player-4,26,46,39,41,player-4,player-4
294,11,28,0.06616697646677494,player-4,26,48,41,51,player-1,player-4
294,12,17,0.05366699770092964,player-2,27,52,41,55,player-2,player-2
295,1,17,0.0588330440223217,player-1,4,1,5,0,player-1,player-1
295,2,29,0.07020891644060612,player-2,15,4,13,2,player-2,player-2
295,3,22,0.057040946558117867,player-4,19,4,16,8,player-3,player-4
295,4,29,0.06391596980392933,player-4,22,5,16,10,player-4,player-4
295,5,17,0.04887511022388935,player-1,28,6,20,10,player-1,player-1
295,6,17,0.06687501445412636,player-2,33,6,26,11,player-2,player-2
295,7,17,0.048208050429821014,player-3,39,12,31,11,player-3,player-3
295,8,17,0.04770886152982712,player-4,41,17,35,13,player-4,player-4
295,9,18,0.05974993109703064,player-2,44,20,39,17,player-1,player-2
295,10,17,0.056999968364834785,player-2,51,25,42,19,player-2,player-2
295,11,21,0.06791600026190281,player-3,66,29,49,22,player-3,player-3
296,1,18,0.04333397373557091,player-3,0,2,3,3,player-2,player-3
296,2,17,0.056040938943624496,player-3,6,4,7,6,player-3,player-3
296,3,17,0.05333404988050461,player-4,9,4,7,8,player-4,player-4
296,4,19,0.0654999166727066,player-3,13,11,10,14,player-1,player-3
296,5,19,0.05870801396667957,player-4,18,13,14,19,player-2,player-4
296,6,17,0.05825003609061241,player-3,18,15,26,20,player-3,player-3
296,7,19,0.07554213516414165,player-2,25,28,26,25,player-4,player-2
296,8,19,0.06820796988904476,player-3,31,33,34,27,player-1,player-3
296,9,19,0.05087489262223244,none,34,37,35,29,player-2,none
296,10,17,0.05337502807378769,player-3,39,39,38,34,player-3,player-3
296,11,20,0.07075001485645771,player-3,39,42,41,39,player-4,player-3
296,12,17,0.050999922677874565,player-1,44,44,41,40,player-1,player-1
296,13,17,0.047999899834394455,player-2,52,45,46,40,player-2,player-2
296,14,24,0.08037500083446503,player-2,52,54,50,47,player-3,player-2
297,1,26,0.06641610525548458,none,6,5,4,10,player-3,none
297,2,25,0.08129188790917397,player-4,14,16,4,16,player-4,player-4
297,3,26,0.10354188270866871,player-2,14,30,10,23,player-1,player-2
297,4,19,0.05991593934595585,player-4,18,30,13,27,player-2,player-4
297,5,19,0.061916885897517204,player-1,25,32,20,28,player-3,player-1
297,6,17,0.05587516352534294,player-4,27,35,22,35,player-4,player-4
297,7,17,0.05587493069469929,player-1,30,37,26,42,player-1,player-1
297,8,17,0.04087481647729874,player-2,31,41,28,46,player-2,player-2
297,9,18,0.08062482811510563,player-4,38,44,37,51,player-3,player-4
297,10,17,0.05762488581240177,player-4,40,44,38,51,player-4,player-4
297,11,17,0.0654999166727066,player-1,45,51,40,57,player-1,player-1
298,1,17,0.04741712473332882,player-4,1,2,2,3,player-4,player-4
298,2,22,0.04375004209578037,none,3,9,4,3,player-1,none
298,3,17,0.05466700531542301,player-2,9,16,13,9,player-2,player-2
298,4,19,0.05420786328613758,player-1,16,26,16,17,player-3,player-1
298,5,19,0.06250012665987015,player-2,21,26,22,21,player-4,player-2
298,6,21,0.0766669400036335,player-1,30,29,26,35,player-1,player-1
298,7,17,0.06462493911385536,player-2,36,32,29,40,player-2,player-2
298,8,17,0.06366590969264507,player-3,36,34,34,42,player-3,player-3
298,9,19,0.055541982874274254,player-2,36,36,37,46,player-4,player-2
298,10,17,0.059125013649463654,player-1,43,36,37,48,player-1,player-1
298,11,20,0.07258309051394463,player-1,52,42,43,57,player-2,player-1
298,12,17,0.05670893006026745,player-3,52,43,46,60,player-3,player-3
299,1,17,0.05616690032184124,player-3,1,5,2,2,player-3,player-3
299,2,17,0.05333311855792999,player-4,8,11,9,5,player-4,player-4
299,3,18,0.05258317105472088,player-2,8,17,9,8,player-1,player-2
299,4,23,0.07008411921560764,player-4,12,20,14,10,player-2,player-4
299,5,20,0.04970794543623924,player-2,14,27,15,10,player-3,player-2
299,6,17,0.04974985495209694,player-4,18,31,15,14,player-4,player-4
299,7,17,0.0713749323040247,player-1,30,36,18,19,player-1,player-1
299,8,20,0.0566667877137661,player-1,36,40,18,20,player-2,player-1
299,9,20,0.07004197686910629,player-2,48,49,27,24,player-3,player-2
299,10,19,0.04950002767145634,player-2,50,50,28,26,player-4,player-2
299,11,20,0.054999953135848045,player-4,53,54,32,30,player-1,player-4
299,12,19,0.07320800796151161,player-4,67,55,40,34,player-2,player-4
300,1,19,0.060165999457240105,player-1,8,1,2,3,player-3,player-1
300,2,18,0.05608401261270046,player-1,16,1,4,4,player-4,player-1
300,3,19,0.07120799273252487,player-3,22,4,16,7,player-1,player-3
300,4,17,0.0658340286463499,player-2,23,7,19,11,player-2,player-2
300,5,18,0.058999983593821526,player-4,25,11,21,16,player-3,player-4
300,6,17,0.05604187026619911,player-4,31,13,24,23,player-4,player-4
300,7,17,0.04349998198449612,player-1,33,13,27,24,player-1,player-1
300,8,22,0.05233311094343662,player-3,37,16,33,24,player-2,player-3
300,9,17,0.04837499000132084,player-3,41,20,40,25,player-3,player-3
300,10,20,0.10904204100370407,player-3,53,20,52,33,player-4,player-3
301,1,23,0.11024996638298035,player-1,5,9,4,8,player-3,player-1
301,2,17,0.05320785567164421,player-4,13,9,12,17,player-4,player-4
301,3,17,0.042208004742860794,player-1,22,10,14,18,player-1,player-1
301,4,18,0.0538751482963562,player-3,22,11,17,21,player-2,player-3
301,5,17,0.07012509740889072,player-3,24,15,19,28,player-3,player-3
301,6,17,0.08345791138708591,player-4,29,19,21,34,player-4,player-4
301,7,17,0.06395811215043068,player-1,33,22,31,38,player-1,player-1
301,8,17,0.05070795305073261,player-2,41,23,34,41,player-2,player-2
301,9,17,0.045625027269124985,player-3,43,23,42,43,player-3,player-3
301,10,18,0.09070802479982376,player-1,50,25,44,51,player-4,player-1
301,11,17,0.05037500523030758,player-1,52,26,47,53,player-1,player-1
301,12,18,0.061583006754517555,player-3,60,29,52,59,player-2,player-3
302,1,17,0.06508384831249714,player-3,1,3,4,2,player-3,player-3
302,2,17,0.06762496195733547,player-4,3,5,6,4,player-4,player-4
302,3,17,0.056582968682050705,player-1,8,8,8,7,player-1,player-1
302,4,18,0.048625050112605095,player-3,9,9,12,9,player-2,player-3
302,5,17,0.04762480966746807,player-3,11,12,17,10,player-3,player-3
302,6,17,0.044082989916205406,player-4,13,12,23,11,player-4,player-4
302,7,18,0.06187497638165951,player-2,17,16,27,16,player-1,player-2
302,8,20,0.07750000804662704,player-1,22,19,30,26,player-2,player-1
302,9,17,0.05770893767476082,player-3,25,20,31,33,player-3,player-3
302,10,18,0.06791693158447742,player-1,30,22,32,34,player-4,player-1
302,11,19,0.0566248781979084,player-3,31,26,38,35,player-1,player-3
302,12,18,0.04866695962846279,player-3,33,27,43,37,player-2,player-3
302,13,17,0.055666081607341766,player-3,39,32,49,37,player-3,player-3
302,14,18,0.055625103414058685,player-1,46,32,54,39,player-4,player-1
303,1,19,0.04741712473332882,player-2,3,1,1,3,player-4,player-2
303,2,17,0.058416975662112236,player-1,8,3,8,8,player-1,player-1
303,3,17,0.049833906814455986,player-2,10,7,10,10,player-2,player-2
303,4,21,0.044250162318348885,none,10,7,15,14,player-3,none
303,5,17,0.057625118643045425,player-4,14,9,19,20,player-4,player-4
303,6,17,0.058165984228253365,player-1,27,16,21,23,player-1,player-1
303,7,18,0.047667184844613075,player-3,29,16,25,24,player-2,player-3
303,8,17,0.054999953135848045,player-3,31,18,27,26,player-3,player-3
303,9,20,0.056541990488767624,player-3,31,20,34,29,player-4,player-3
303,10,17,0.05250005051493645,player-1,36,24,36,34,player-1,player-1
303,11,17,0.04066689871251583,player-2,42,26,38,38,player-2,player-2
303,12,18,0.05650008097290993,player-4,42,26,42,42,player-3,player-4
303,13,18,0.05333288572728634,player-1,47,28,46,44,player-4,player-1
303,14,25,0.0653339084237814,player-1,54,30,47,44,player-1,player-1
304,1,20,0.0860830768942833,player-1,9,6,0,9,player-2,player-1
304,2,17,0.05787494592368603,player-3,11,7,0,9,player-3,player-3
304,3,19,0.05625002086162567,player-2,13,7,4,15,player-4,player-2
304,4,19,0.059582991525530815,player-3,15,8,10,17,player-1,player-3
304,5,17,0.05587493069469929,player-2,17,13,10,18,player-2,player-2
304,6,17,0.05366699770092964,player-3,19,13,15,22,player-3,player-3
304,7,27,0.05337502807378769,none,21,14,16,24,player-4,none
304,8,17,0.04791608080267906,player-1,27,16,19,26,player-1,player-1
304,9,17,0.05087512545287609,player-2,29,22,20,26,player-2,player-2
304,10,19,0.05537504330277443,player-1,34,27,20,27,player-3,player-1
304,11,17,0.06999983452260494,player-4,38,32,28,31,player-4,player-4
304,12,17,0.06062490865588188,player-1,40,37,31,36,player-1,player-1
304,13,18,0.05608401261270046,player-3,41,39,37,37,player-2,player-3
304,14,17,0.0550001859664917,player-3,41,44,39,45,player-3,player-3
304,15,17,0.0613329466432333,player-4,45,46,45,51,player-4,player-4
304,16,17,0.05141599103808403,player-1,53,49,47,52,player-1,player-1
305,1,17,0.05320785567164421,player-3,5,1,4,3,player-3,player-3
305,2,18,0.05400017835199833,player-1,17,7,18,13,player-4,player-1
305,3,24,0.05679088644683361,player-4,17,8,20,15,player-1,player-4
305,4,17,0.0577080063521862,player-2,17,17,20,16,player-2,player-2
305,5,17,0.05291705019772053,player-3,17,19,25,18,player-3,player-3
305,6,18,0.05170912481844425,player-1,25,23,27,20,player-4,player-1
305,7,17,0.08458294905722141,player-1,32,28,31,22,player-1,player-1
305,8,18,0.07745809853076935,player-3,40,38,32,33,player-2,player-3
305,9,18,0.04629092290997505,player-4,43,38,34,39,player-3,player-4
305,10,17,0.05333288572728634,player-4,45,40,38,51,player-4,player-4
305,11,20,0.06554089486598969,player-4,47,40,43,61,player-1,player-4
306,1,17,0.07429113611578941,player-4,9,1,5,5,player-4,player-4
306,2,30,0.07441593334078789,player-2,10,7,9,7,player-1,player-2
306,3,18,0.046083005145192146,player-3,10,9,12,10,player-2,player-3
306,4,23,0.05970802158117294,player-1,16,11,14,10,player-3,player-1
306,5,20,0.0688750296831131,player-3,18,11,23,16,player-4,player-3
306,6,21,0.0541249755769968,player-1,25,12,26,20,player-1,player-1
306,7,20,0.06441702134907246,none,30,14,32,26,player-2,none
306,8,18,0.054625095799565315,player-4,36,14,36,30,player-3,player-4
306,9,17,0.05375011824071407,player-4,37,15,38,33,player-4,player-4
306,10,19,0.05283299833536148,player-3,41,18,42,36,player-1,player-3
306,11,14,0.032458920031785965,none,41,19,46,41,player-2,none
306,12,30,0.07212511263787746,player-4,43,23,50,45,player-3,player-4
306,13,17,0.0541249755769968,player-4,51,26,56,46,player-4,player-4
307,1,24,0.06933417171239853,none,1,2,5,4,player-4,none
307,2,18,0.05150004290044308,player-2,3,5,11,13,player-1,player-2
307,3,18,0.057165976613759995,player-3,3,6,22,15,player-2,player-3
307,4,18,0.06216694600880146,player-4,9,6,27,21,player-3,player-4
307,5,17,0.05237502045929432,player-4,11,9,29,25,player-4,player-4
307,6,29,0.057416968047618866,none,13,13,34,27,player-1,none
307,7,17,0.04945788532495499,player-2,13,18,36,27,player-2,player-2
307,8,20,0.057582976296544075,player-2,13,28,42,27,player-3,player-2
307,9,17,0.06037508137524128,player-4,18,31,47,29,player-4,player-4
307,10,17,0.05974993109703064,player-1,25,33,54,33,player-1,player-1
307,11,22,0.0679579097777605,player-3,32,36,60,33,player-2,player-3
307,12,17,0.05237502045929432,player-3,34,39,62,35,player-3,player-3
307,13,17,0.06516696885228157,player-4,36,41,62,46,player-4,player-4
307,14,17,0.05616690032184124,player-1,46,41,71,46,player-1,player-1
308,1,17,0.05079200491309166,player-2,0,9,0,1,player-2,player-2
308,2,19,0.057499855756759644,player-1,5,15,2,7,player-3,player-1
308,3,17,0.05920790135860443,player-4,6,18,4,13,player-4,player-4
308,4,17,0.05583302117884159,player-1,12,18,8,19,player-1,player-1
308,5,17,0.04033301956951618,player-2,17,20,8,22,player-2,player-2
308,6,17,0.04879198968410492,player-3,21,26,21,22,player-3,player-3
308,7,23,0.060042133554816246,player-2,24,31,21,29,player-4,player-2
308,8,17,0.07416610606014729,player-1,30,34,25,30,player-1,player-1
308,9,19,0.07079215720295906,player-4,30,37,32,32,player-2,player-4
308,10,17,0.05891593173146248,player-3,32,45,40,32,player-3,player-3
308,11,17,0.043082982301712036,player-4,33,46,43,40,player-4,player-4
308,12,17,0.05933409556746483,player-1,43,48,48,40,player-1,player-1
308,13,18,0.05183299072086811,player-3,49,52,54,44,player-2,player-3
309,1,17,0.06262515671551228,player-2,0,8,3,1,player-2,player-2
309,2,18,0.05087512545287609,player-4,1,9,6,5,player-3,player-4
309,3,17,0.041708117350935936,player-4,1,13,10,10,player-4,player-4
309,4,17,0.04945811815559864,player-1,5,14,15,10,player-1,player-1
309,5,17,0.06233411841094494,player-2,7,23,17,16,player-2,player-2
309,6,25,0.08220807649195194,player-3,12,25,22,16,player-3,player-3
309,7,21,0.0541249755769968,player-4,15,30,25,18,player-4,player-4
309,8,17,0.0513328704982996,player-1,17,33,28,24,player-1,player-1
309,9,17,0.07162499241530895,player-2,17,46,32,34,player-2,player-2
309,10,17,0.05570915527641773,player-3,23,53,41,35,player-3,player-3
309,11,17,0.06729201413691044,player-4,23,59,44,43,player-4,player-4
310,1,19,0.06570783443748951,player-2,4,0,7,7,player-4,player-2
310,2,18,0.04591699689626694,player-2,7,8,9,8,player-1,player-2
310,3,20,0.05474989302456379,player-1,14,12,20,9,player-2,player-1
310,4,18,0.06125005893409252,player-4,14,14,26,16,player-3,player-4
310,5,17,0.05470798350870609,player-4,16,19,31,22,player-4,player-4
310,6,19,0.051666051149368286,player-3,23,24,34,24,player-1,player-3
310,7,17,0.046083005145192146,player-2,23,26,35,27,player-2,player-2
310,8,17,0.07216702215373516,player-3,23,30,45,27,player-3,player-3
310,9,19,0.05670799873769283,player-2,23,35,50,31,player-4,player-2
310,10,17,0.06225006654858589,player-1,24,38,52,35,player-1,player-1
310,11,17,0.04737498238682747,player-2,29,45,52,38,player-2,player-2
310,12,17,0.046250177547335625,player-3,31,48,58,38,player-3,player-3
310,13,20,0.0938749872148037,player-3,31,57,63,42,player-4,player-3
310,14,17,0.047250185161828995,player-1,34,61,63,43,player-1,player-1
311,1,17,0.05283299833536148,player-1,4,3,4,7,player-1,player-1
311,2,17,0.05229096859693527,player-2,8,8,10,8,player-2,player-2
311,3,17,0.06333296187222004,player-3,19,13,22,14,player-3,player-3
311,4,17,0.045625027269124985,player-4,22,15,31,18,player-4,player-4
311,5,19,0.04629185423254967,player-3,24,15,38,20,player-1,player-3
311,6,18,0.04933308809995651,player-3,28,17,45,22,player-2,player-3
311,7,19,0.058042118325829506,player-1,32,18,47,22,player-3,player-1
311,8,19,0.06350013427436352,player-2,39,28,47,28,player-4,player-2
311,9,20,0.1608340535312891,player-4,43,28,51,31,player-1,player-4
311,10,18,0.05695805884897709,player-3,43,32,54,38,player-2,player-3
311,11,17,0.40795793756842613,player-3,46,41,64,43,player-3,player-3
312,1,23,0.06308406591415405,player-2,3,3,0,3,player-4,player-2
312,2,19,0.07837498560547829,player-3,6,8,7,5,player-1,player-3
312,3,17,0.06124982610344887,player-2,9,15,9,7,player-2,player-2
312,4,20,0.05291588604450226,player-2,10,22,12,12,player-3,player-2
312,5,20,0.054999953135848045,player-3,11,22,17,16,player-4,player-3
312,6,20,0.052040908485651016,player-4,13,25,22,20,player-1,player-4
312,7,18,0.05312496796250343,player-3,20,31,30,22,player-2,player-3
312,8,17,0.049999915063381195,player-3,20,32,32,22,player-3,player-3
312,9,18,0.0653339084237814,player-1,26,35,38,25,player-4,player-1
312,10,19,0.06558396853506565,player-3,34,42,46,25,player-1,player-3
312,11,17,0.045625027269124985,player-2,41,43,47,30,player-2,player-2
312,12,24,0.06666709668934345,player-2,45,49,48,37,player-3,player-2
312,13,19,0.07833307608962059,player-2,55,52,61,41,player-4,player-2
313,1,17,0.05354220047593117,player-2,6,3,1,1,player-2,player-2
313,2,17,0.05191704258322716,player-3,8,5,7,2,player-3,player-3
313,3,20,0.052833929657936096,player-3,14,6,11,8,player-4,player-3
313,4,18,0.05937507376074791,player-2,18,6,17,8,player-1,player-2
313,5,20,0.04716613329946995,player-1,20,9,19,12,player-2,player-1
313,6,21,0.07554213516414165,player-3,27,10,25,14,player-3,player-3
313,7,17,0.049625057727098465,player-4,27,10,28,18,player-4,player-4
313,8,19,0.05250005051493645,player-3,30,11,35,20,player-1,player-3
313,9,18,0.04616705700755119,player-3,30,17,45,22,player-2,player-3
313,10,18,0.05587493069469929,player-4,33,21,48,26,player-3,player-4
313,11,18,0.05729100666940212,player-1,38,27,51,33,player-4,player-1
313,12,17,0.05625002086162567,player-1,47,35,54,39,player-1,player-1
314,1,18,0.05462486296892166,player-4,8,3,3,5,player-3,player-4
314,2,17,0.04924996756017208,player-4,11,6,8,9,player-4,player-4
314,3,20,0.0499580055475235,player-4,17,11,8,18,player-1,player-4
314,4,33,0.07695797830820084,player-2,20,22,11,22,player-2,player-2
314,5,18,0.0485831405967474,player-4,21,26,18,26,player-3,player-4
314,6,17,0.06370898336172104,player-4,23,32,18,32,player-4,player-4
314,7,26,0.06062490865588188,player-2,24,40,19,32,player-1,player-2
314,8,20,0.039207981899380684,none,25,42,21,32,player-2,none
314,9,17,0.06924988701939583,player-3,25,51,35,32,player-3,player-3
314,10,17,0.05458388477563858,player-4,36,51,43,33,player-4,player-4
314,11,25,0.07375003769993782,player-1,51,59,52,33,player-1,player-1
315,1,19,0.05412520840764046,player-4,1,4,3,7,player-2,player-4
315,2,17,0.06737490184605122,player-3,4,4,3,10,player-3,player-3
315,3,17,0.04754192195832729,player-4,12,12,8,20,player-4,player-4
315,4,18,0.05875015631318092,player-2,15,24,8,24,player-1,player-2
315,5,17,0.04337495192885399,player-2,15,29,12,25,player-2,player-2
315,6,24,0.0635830219835043,player-2,18,30,16,29,player-3,player-2
315,7,20,0.05062483251094818,player-3,23,32,18,36,player-4,player-3
315,8,19,0.05537504330277443,player-3,31,33,24,42,player-1,player-3
315,9,17,0.0477079302072525,player-2,33,39,28,42,player-2,player-2
315,10,17,0.05366699770092964,player-3,35,42,32,46,player-3,player-3
315,11,18,0.05937507376074791,player-1,38,43,34,54,player-4,player-1
315,12,17,0.07591606117784977,player-1,50,49,41,54,player-1,player-1
316,1,16,0.03629201091825962,none,2,0,2,2,player-4,none
316,2,17,0.06050011143088341,player-1,11,2,2,3,player-1,player-1
316,3,17,0.0499580055475235,player-2,16,13,5,4,player-2,player-2
316,4,17,0.051541952416300774,player-3,16,16,7,6,player-3,player-3
316,5,17,0.052667222917079926,player-4,18,17,9,11,player-4,player-4
316,6,17,0.0554998405277729,player-1,25,20,12,15,player-1,player-1
316,7,17,0.05170912481844425,player-2,27,23,12,17,player-2,player-2
316,8,20,0.05625002086162567,player-2,27,29,16,17,player-3,player-2
316,9,17,0.04691700451076031,player-4,32,29,22,21,player-4,player-4
316,10,17,0.047457870095968246,player-1,38,32,25,23,player-1,player-1
316,11,20,0.05625002086162567,player-1,40,35,26,24,player-2,player-1
316,12,27,0.05550007335841656,none,43,39,27,26,player-3,none
316,13,17,0.06424984894692898,player-4,52,43,35,33,player-4,player-4
316,14,18,0.0554998405277729,player-2,55,47,40,36,player-1,player-2
316,15,17,0.05508307367563248,player-2,62,53,42,41,player-2,player-2
317,1,20,0.063000014051795,player-3,4,9,10,8,player-4,player-3
317,2,18,0.04987511783838272,player-2,4,14,16,14,player-1,player-2
317,3,17,0.04512490704655647,player-2,9,16,16,15,player-2,player-2
317,4,17,0.059125013649463654,player-3,11,22,18,18,player-3,player-3
317,5,18,0.05387491546571255,player-1,13,24,22,26,player-4,player-1
317,6,19,0.06500002928078175,player-3,15,24,24,30,player-1,player-3
317,7,17,0.06924988701939583,player-2,21,27,28,31,player-2,player-2
317,8,17,0.04233396612107754,player-3,23,28,30,31,player-3,player-3
317,9,29,0.05945796146988869,player-4,23,35,31,39,player-4,player-4
317,10,17,0.04470790736377239,player-1,24,37,33,40,player-1,player-1
317,11,23,0.06429199129343033,player-4,36,48,37,43,player-2,player-4
317,12,17,0.051582930609583855,player-3,43,53,41,49,player-3,player-3
318,1,18,0.0577080063521862,player-1,6,3,3,5,player-4,player-1
318,2,20,0.06687501445412636,player-4,8,7,7,13,player-1,player-4
318,3,17,0.06908387877047062,player-2,15,9,11,16,player-2,player-2
318,4,17,0.05308305844664574,player-3,16,13,12,19,player-3,player-3
318,5,17,0.05708402022719383,player-4,16,14,14,24,player-4,player-4
318,6,17,0.05404115654528141,player-1,17,15,16,28,player-1,player-1
318,7,18,0.060957856476306915,player-3,18,17,18,30,player-2,player-3
318,8,17,0.051958952099084854,player-3,24,21,28,38,player-3,player-3
318,9,17,0.05287490785121918,player-4,29,21,29,45,player-4,player-4
318,10,23,0.04837499000132084,none,30,23,33,48,player-1,none
318,11,18,0.053625088185071945,player-3,30,26,37,52,player-2,player-3
318,12,18,0.05579204298555851,player-4,39,37,42,54,player-3,player-4
318,13,17,0.06308290176093578,player-4,48,37,48,57,player-4,player-4
318,14,21,0.05937507376074791,player-1,56,39,50,57,player-1,player-1
319,1,17,0.05350005812942982,player-4,4,2,2,3,player-4,player-4
319,2,19,0.06479094736278057,player-3,5,7,5,3,player-1,player-3
319,3,19,0.05987496115267277,player-4,6,12,13,10,player-2,player-4
319,4,18,0.041041988879442215,player-4,9,14,15,12,player-3,player-4
319,5,22,0.063000014051795,player-1,15,14,18,20,player-4,player-1
319,6,17,0.06504100747406483,player-1,25,22,24,28,player-1,player-1
319,7,18,0.053541967645287514,player-3,27,25,29,29,player-2,player-3
319,8,17,0.05450006574392319,player-3,29,25,39,33,player-3,player-3
319,9,20,0.049999915063381195,player-3,33,27,41,34,player-4,player-3
319,10,17,0.05024997517466545,player-1,38,28,46,36,player-1,player-1
319,11,17,0.04629092290997505,player-2,41,32,46,38,player-2,player-2
319,12,18,0.06425008177757263,player-4,44,39,46,41,player-3,player-4
319,13,18,0.06804196164011955,player-1,51,47,48,50,player-4,player-1
319,14,20,0.06150011904537678,player-4,53,50,50,59,player-1,player-4
320,1,19,0.05820905789732933,player-3,9,4,10,4,player-1,player-3
320,2,17,0.06600003689527512,player-2,18,7,10,15,player-2,player-2
320,3,18,0.05212496034801006,player-4,23,7,15,17,player-3,player-4
320,4,18,0.049291178584098816,player-1,25,8,15,21,player-4,player-1
320,5,18,0.05095917731523514,player-2,27,12,18,24,player-1,player-2
320,6,20,0.06504100747406483,player-1,29,17,21,24,player-2,player-1
320,7,17,0.08466700091958046,player-3,36,20,28,28,player-3,player-3
320,8,18,0.06379210390150547,player-1,39,20,31,38,player-4,player-1
320,9,18,0.05795806646347046,player-2,40,21,33,39,player-1,player-2
320,10,17,0.054541975259780884,player-2,46,28,33,44,player-2,player-2
320,11,17,0.04829210229218006,player-3,46,30,36,47,player-3,player-3
320,12,20,0.06566592492163181,player-3,51,35,42,49,player-4,player-3
320,13,17,0.06866687908768654,player-1,57,39,53,53,player-1,player-1
321,1,17,0.05829101428389549,player-3,0,10,9,6,player-3,player-3
321,2,18,0.046833883970975876,player-1,2,10,15,8,player-4,player-1
321,3,20,0.059750163927674294,player-4,4,15,17,13,player-1,player-4
321,4,17,0.046833185479044914,player-2,5,24,19,19,player-2,player-2
321,5,17,0.045791035518050194,player-3,8,26,24,24,player-3,player-3
321,6,17,0.0715409405529499,player-4,11,26,26,31,player-4,player-4
321,7,17,0.05712499842047691,player-1,28,30,38,34,player-1,player-1
321,8,17,0.06333296187222004,player-2,28,34,40,42,player-2,player-2
321,9,21,0.0647080596536398,player-3,29,34,48,45,player-3,player-3
321,10,17,0.04450022242963314,player-4,30,36,48,51,player-4,player-4
321,11,18,0.061959028244018555,player-2,34,43,52,55,player-1,player-2
321,12,17,0.04562479443848133,player-2,37,48,52,58,player-2,player-2
322,1,17,0.0613329466432333,player-3,0,5,3,4,player-3,player-3
322,2,21,0.05345791578292847,player-4,2,7,9,8,player-4,player-4
322,3,17,0.0654999166727066,player-1,7,11,9,13,player-1,player-1
322,4,17,0.05433405749499798,player-2,17,14,14,14,player-2,player-2
322,5,17,0.05570799112319946,player-3,18,15,17,19,player-3,player-3
322,6,18,0.05324999801814556,player-1,21,15,21,21,player-4,player-1
322,7,21,0.05904189310967922,player-1,25,20,21,28,player-1,player-1
322,8,18,0.04233396612107754,player-3,28,23,31,30,player-2,player-3
322,9,18,0.06212480366230011,player-4,35,25,35,33,player-3,player-4
322,10,22,0.08729193359613419,player-1,47,26,40,39,player-4,player-1
322,11,17,0.06924988701939583,player-1,50,29,48,44,player-1,player-1
322,12,21,0.06008287891745567,player-2,50,40,55,56,player-2,player-2
323,1,20,0.07754098623991013,player-1,8,4,3,2,player-2,player-1
323,2,17,0.06970809772610664,player-3,9,8,5,5,player-3,player-3
323,3,26,0.06824987940490246,player-1,16,9,7,6,player-4,player-1
323,4,20,0.08579203858971596,player-4,22,19,16,17,player-1,player-4
323,5,21,0.06445893086493015,player-2,27,27,19,23,player-2,player-2
323,6,18,0.048083020374178886,player-4,29,32,21,25,player-3,player-4
323,7,20,0.061166007071733475,player-3,30,34,28,26,player-4,player-3
323,8,19,0.06987480446696281,player-3,42,37,33,28,player-1,player-3
323,9,17,0.05112495273351669,player-2,48,40,37,30,player-2,player-2
323,10,17,0.06070802919566631,player-3,57,43,41,31,player-3,player-3
323,11,17,0.044416170567274094,player-4,59,43,44,35,player-4,player-4
324,1,20,0.07345783524215221,player-1,12,2,6,1,player-2,player-1
324,2,18,0.04391605034470558,player-4,13,5,7,2,player-3,player-4
324,3,17,0.05108281038701534,player-4,14,9,9,8,player-4,player-4
324,4,17,0.06237509660422802,player-1,15,14,13,13,player-1,player-1
324,5,17,0.062374863773584366,player-2,24,17,19,16,player-2,player-2
324,6,17,0.04404108040034771,player-3,30,17,25,20,player-3,player-3
324,7,18,0.04170904867351055,player-1,36,18,25,24,player-4,player-1
324,8,19,0.051541952416300774,player-3,37,21,33,24,player-1,player-3
324,9,17,0.05149981006979942,player-2,42,26,34,28,player-2,player-2
324,10,17,0.06500002928078175,player-3,53,31,44,30,player-3,player-3
324,11,17,0.04912517033517361,player-4,54,32,47,34,player-4,player-4
325,1,22,0.04816707223653793,none,1,4,1,4,player-3,none
325,2,18,0.04812516272068024,player-1,3,8,4,4,player-4,player-1
325,3,20,0.07125013507902622,player-4,8,14,7,11,player-1,player-4
325,4,17,0.04154210910201073,player-2,10,19,7,12,player-2,player-2
325,5,17,0.046999892219901085,player-3,10,26,11,12,player-3,player-3
325,6,17,0.06441702134907246,player-4,18,28,14,16,player-4,player-4
325,7,17,0.06229104474186897,player-1,25,36,14,27,player-1,player-1
325,8,17,0.05441601388156414,player-2,28,42,16,31,player-2,player-2
325,9,17,0.052541960030794144,player-3,29,45,16,35,player-3,player-3
325,10,17,0.055541982874274254,player-4,32,45,17,41,player-4,player-4
325,11,20,0.06174994632601738,player-4,38,47,24,50,player-1,player-4
325,12,20,0.055625103414058685,player-1,46,49,28,50,player-2,player-1
325,13,17,0.05870917811989784,player-3,46,52,36,55,player-3,player-3
326,1,18,0.06220908835530281,player-1,4,3,1,5,player-4,player-1
326,2,17,0.06354204379022121,player-1,12,5,3,10,player-1,player-1
326,3,20,0.057584140449762344,player-1,13,8,3,19,player-2,player-1
326,4,17,0.061416998505592346,player-3,23,14,7,20,player-3,player-3
326,5,20,0.055625103414058685,player-3,30,14,15,26,player-4,player-3
326,6,17,0.06483402103185654,player-1,38,22,15,29,player-1,player-1
326,7,18,0.06070802919566631,player-3,42,22,20,34,player-2,player-3
326,8,17,0.045082997530698776,player-3,44,23,26,35,player-3,player-3
326,9,20,0.051541952416300774,player-3,50,26,34,37,player-4,player-3
326,10,18,0.06512505933642387,player-2,52,32,36,43,player-1,player-2
326,11,17,0.06450014188885689,player-2,60,34,37,43,player-2,player-2
326,12,35,0.09300000965595245,player-1,62,36,37,52,player-3,player-1
326,13,17,0.06237509660422802,player-4,65,41,38,60,player-4,player-4
327,1,22,0.06524985656142235,player-4,6,6,3,7,player-3,player-4
327,2,20,0.05587493069469929,player-3,8,8,11,9,player-4,player-3
327,3,18,0.055916840210556984,player-2,13,13,11,16,player-1,player-2
327,4,17,0.04675006493926048,player-2,17,19,11,17,player-2,player-2
327,5,17,0.04400010220706463,player-3,21,21,14,21,player-3,player-3
327,6,17,0.06012478843331337,player-4,22,21,18,24,player-4,player-4
327,7,18,0.05825003609061241,player-2,28,25,26,24,player-1,player-2
327,8,17,0.03716698847711086,player-2,30,28,26,25,player-2,player-2
327,9,17,0.05041598342359066,player-3,30,33,32,27,player-3,player-3
327,10,26,0.0660829246044159,none,32,35,32,29,player-4,none
327,11,17,0.05687493830919266,player-1,33,39,37,29,player-1,player-1
327,12,23,0.0669590663164854,player-4,34,41,37,30,player-2,player-4
327,13,18,0.047083012759685516,player-4,35,41,40,37,player-3,player-4
327,14,18,0.06354204379022121,player-1,36,46,47,38,player-4,player-1
327,15,17,0.06483308970928192,player-1,44,48,51,39,player-1,player-1
327,16,17,0.041207997128367424,player-2,46,52,51,41,player-2,player-2
327,17,17,0.051167095080018044,player-3,46,55,54,44,player-3,player-3
328,1,18,0.04600011743605137,player-2,1,4,1,2,player-1,player-2
328,2,27,0.05479203537106514,none,7,6,2,4,player-2,none
328,3,23,0.04879198968410492,none,8,7,3,7,player-3,none
328,4,17,0.06595789454877377,player-4,11,11,7,9,player-4,player-4
328,5,24,0.04712492227554321,none,12,14,7,12,player-1,none
328,6,19,0.05620787851512432,player-4,14,15,11,20,player-2,player-4
328,7,19,0.06600003689527512,player-1,20,19,15,24,player-3,player-1
328,8,19,0.06062490865588188,player-2,23,30,17,28,player-4,player-2
328,9,17,0.05816691555082798,player-1,31,30,18,35,player-1,player-1
328,10,19,0.06850017234683037,player-4,35,31,23,37,player-2,player-4
328,11,17,0.041457824409008026,player-3,35,32,28,37,player-3,player-3
328,12,17,0.05970802158117294,player-4,37,32,34,42,player-4,player-4
328,13,18,0.05404185503721237,player-2,45,37,39,46,player-1,player-2
328,14,17,0.04183291457593441,player-2,45,38,39,49,player-2,player-2
328,15,17,0.04475004971027374,player-3,46,41,44,50,player-3,player-3
328,16,17,0.03937515430152416,player-4,49,43,45,54,player-4,player-4
328,17,17,0.050165923312306404,player-1,53,46,47,54,player-1,player-1
329,1,20,0.060208141803741455,player-4,1,2,0,4,player-1,player-4
329,2,17,0.04824995994567871,player-2,4,6,2,6,player-2,player-2
329,3,20,0.06170803681015968,player-2,7,22,9,11,player-3,player-2
329,4,20,0.05091703496873379,player-3,7,25,14,13,player-4,player-3
329,5,19,0.05516689270734787,player-3,9,28,18,13,player-1,player-3
329,6,17,0.05320785567164421,player-2,10,32,18,13,player-2,player-2
329,7,27,0.06825011223554611,player-1,11,34,27,19,player-3,player-1
329,8,29,0.06116693839430809,player-4,17,38,28,26,player-4,player-4
329,9,19,0.05154102109372616,player-3,17,41,29,29,player-1,player-3
329,10,18,0.057167140766978264,player-3,21,47,35,32,player-2,player-3
329,11,17,0.04762480966746807,player-3,24,47,38,32,player-3,player-3
329,12,17,0.05670799873769283,player-4,31,48,38,34,player-4,player-4
329,13,19,0.05483301356434822,player-3,31,58,42,37,player-1,player-3
329,14,20,0.05283299833536148,player-1,35,60,47,42,player-2,player-1
330,1,19,0.0653339084237814,player-3,6,6,4,3,player-1,player-3
330,2,19,0.07108296267688274,player-4,8,10,10,13,player-2,player-4
330,3,20,0.05733291618525982,player-2,12,14,12,15,player-3,player-2
330,4,20,0.06683380343019962,player-3,17,18,17,22,player-4,player-3
330,5,24,0.05041598342359066,player-4,20,19,19,32,player-1,player-4
330,6,22,0.05625002086162567,player-3,23,23,22,35,player-2,player-3
330,7,18,0.05391589365899563,player-4,27,23,27,41,player-3,player-4
330,8,17,0.035207951441407204,player-4,28,27,27,46,player-4,player-4
330,9,17,0.0477079302072525,player-1,30,29,34,53,player-1,player-1
330,10,17,0.047999899834394455,player-2,37,33,40,56,player-2,player-2
330,11,17,0.05537504330277443,player-3,37,36,43,62,player-3,player-3
330,12,18,0.0577499158680439,player-1,47,36,51,64,player-4,player-1
331,1,17,0.04945788532495499,player-1,5,3,2,6,player-1,player-1
331,2,17,0.06879097782075405,player-2,8,11,8,9,player-2,player-2
331,3,17,0.04691607318818569,player-3,10,17,13,15,player-3,player-3
331,4,17,0.045833177864551544,player-4,10,19,20,21,player-4,player-4
331,5,17,0.05654105916619301,player-1,17,19,28,25,player-1,player-1
331,6,19,0.056625111028552055,player-4,21,21,30,38,player-2,player-4
331,7,18,0.05616690032184124,player-4,25,24,34,40,player-3,player-4
331,8,19,0.06874999962747097,player-2,35,27,39,41,player-4,player-2
331,9,19,0.058125006034970284,player-3,41,31,44,45,player-1,player-3
331,10,18,0.0563331414014101,player-3,41,35,48,50,player-2,player-3
331,11,21,0.06725010462105274,player-3,43,35,54,51,player-3,player-3
331,12,18,0.060416990891098976,player-1,47,39,57,55,player-4,player-1
332,1,17,0.0452918466180563,player-3,2,5,3,0,player-3,player-3
332,2,17,0.04912517033517361,player-4,3,8,11,3,player-4,player-4
332,3,21,0.07700012065470219,player-1,17,11,16,9,player-1,player-1
332,4,20,0.07695821113884449,player-1,22,15,24,10,player-2,player-1
332,5,18,0.052666058763861656,player-4,24,19,24,16,player-3,player-4
332,6,17,0.07604202255606651,player-4,24,19,27,20,player-4,player-4
332,7,17,0.07854192517697811,player-1,29,23,27,21,player-1,player-1
332,8,18,0.067500164732337,player-3,36,24,40,23,player-2,player-3
332,9,18,0.060416990891098976,player-4,41,25,41,29,player-3,player-4
332,10,18,0.053666066378355026,player-1,45,28,43,30,player-4,player-1
332,11,17,0.05129212513566017,player-1,49,30,43,33,player-1,player-1
332,12,17,0.05604187026619911,player-2,52,32,46,41,player-2,player-2
332,13,21,0.07108296267688274,player-3,53,37,54,45,player-3,player-3
333,1,17,0.06245891563594341,player-2,3,4,3,3,player-2,player-2
333,2,18,0.06920890882611275,player-4,5,6,12,10,player-3,player-4
333,3,18,0.06666616536676884,player-1,15,8,22,13,player-4,player-1
333,4,17,0.06062490865588188,player-1,19,8,28,18,player-1,player-1
333,5,17,0.06425008177757263,player-2,26,13,31,24,player-2,player-2
333,6,17,0.053999945521354675,player-3,32,13,39,24,player-3,player-3
333,7,18,0.06150011904537678,player-1,44,20,47,28,player-4,player-1
333,8,17,0.04200008697807789,player-1,48,22,47,30,player-1,player-1
333,9,17,0.06524985656142235,player-2,50,23,47,36,player-2,player-2
333,10,17,0.08883397094905376,player-3,53,23,50,36,player-3,player-3
334,1,17,0.07587508298456669,player-3,7,2,8,4,player-3,player-3
334,2,17,0.07733306847512722,player-4,7,4,12,10,player-4,player-4
334,3,19,0.0641669612377882,player-3,10,8,20,10,player-1,player-3
334,4,17,0.0727078877389431,player-2,17,12,25,14,player-2,player-2
334,5,18,0.05983305163681507,player-4,18,13,29,24,player-3,player-4
334,6,20,0.05629099905490875,player-3,18,17,33,28,player-4,player-3
334,7,17,0.06295810453593731,player-1,23,22,35,31,player-1,player-1
334,8,17,0.08537503890693188,player-2,25,34,49,40,player-2,player-2
334,9,18,0.07133278995752335,player-4,27,40,49,41,player-3,player-4
334,10,17,0.05775014869868755,player-4,30,49,60,44,player-4,player-4
334,11,17,0.047083012759685516,player-1,37,50,67,46,player-1,player-1
335,1,17,0.06004096940159798,player-4,1,2,4,4,player-4,player-4
335,2,17,0.054042087867856026,player-1,9,4,5,5,player-1,player-1
335,3,18,0.05320901982486248,player-3,10,4,8,8,player-2,player-3
335,4,17,0.05925004370510578,player-3,18,5,11,8,player-3,player-3
335,5,18,0.05054101347923279,player-1,22,7,11,10,player-4,player-1
335,6,18,0.04708394408226013,player-2,23,9,14,13,player-1,player-2
335,7,20,0.07237493991851807,player-1,31,11,16,13,player-2,player-1
335,8,19,0.06545917131006718,player-1,34,12,22,13,player-3,player-1
335,9,18,0.05829194560647011,player-1,35,14,23,18,player-4,player-1
335,10,17,0.0766250304877758,player-1,38,19,32,22,player-1,player-1
335,11,17,0.06212480366230011,player-2,38,24,38,25,player-2,player-2
335,12,17,0.043209176510572433,none,44,27,46,30,player-3,none
335,13,19,0.05220901221036911,player-2,46,28,48,32,player-4,player-2
335,14,18,0.06629107519984245,player-2,52,30,54,32,player-1,player-2
336,1,17,0.06262492388486862,player-1,4,0,2,2,player-1,player-1
336,2,19,0.0666249543428421,player-4,6,5,3,8,player-2,player-4
336,3,20,0.1088329590857029,player-2,6,20,14,18,player-3,player-2
336,4,20,0.05566584877669811,player-3,6,20,18,20,player-4,player-3
336,5,17,0.055541982874274254,player-1,14,20,23,22,player-1,player-1
336,6,17,0.05654222331941128,player-2,17,29,31,25,player-2,player-2
336,7,18,0.0616670586168766,player-4,19,37,37,33,player-3,player-4
336,8,20,0.053541967645287514,player-3,21,39,42,33,player-4,player-3
336,9,18,0.052666058763861656,player-2,28,45,46,37,player-1,player-2
336,10,18,0.08066603913903236,player-3,31,46,56,38,player-2,player-3
336,11,18,0.06404193118214607,player-4,33,47,60,44,player-3,player-4
336,12,17,0.05370797589421272,player-4,36,53,62,51,player-4,player-4
337,1,17,0.056040938943624496,player-3,0,1,2,0,player-3,player-3
337,2,17,0.05270796827971935,player-4,1,4,3,8,player-4,player-4
337,3,17,0.07191579788923264,player-1,5,11,13,11,player-1,player-1
337,4,18,0.05133310332894325,player-3,7,11,17,14,player-2,player-3
337,5,17,0.06791600026190281,player-3,13,13,23,17,player-3,player-3
337,6,17,0.05733314901590347,player-4,20,18,26,24,player-4,player-4
337,7,17,0.06616604514420033,player-1,25,24,30,27,player-1,player-1
337,8,22,0.05945796146988869,player-3,25,27,35,27,player-2,player-3
337,9,17,0.06104097701609135,player-3,28,31,43,29,player-3,player-3
337,10,27,0.058833975344896317,none,29,33,46,30,player-4,none
337,11,23,0.08287513628602028,player-3,32,34,47,31,player-1,player-3
337,12,17,0.06108288653194904,player-2,33,43,49,31,player-2,player-2
337,13,18,0.04891701973974705,player-4,36,44,54,39,player-3,player-4
337,14,21,0.057791825383901596,player-4,36,46,54,46,player-4,player-4
337,15,18,0.07658288814127445,player-2,38,53,61,48,player-1,player-2
338,1,17,0.04645809531211853,player-3,0,0,3,2,player-3,player-3
338,2,17,0.06108288653194904,player-4,0,0,3,7,player-4,player-4
338,3,20,0.056582968682050705,player-4,3,3,4,12,player-1,player-4
338,4,18,0.07216702215373516,player-3,3,8,14,12,player-2,player-3
338,5,17,0.07479218766093254,player-3,4,12,23,14,player-3,player-3
338,6,19,0.06150011904537678,player-2,7,14,27,17,player-4,player-2
338,7,18,0.051083043217659,player-2,12,17,29,21,player-1,player-2
338,8,29,0.06341608241200447,none,17,25,37,28,player-2,none
338,9,19,0.06283284164965153,player-1,18,28,37,33,player-3,player-1
338,10,17,0.06516696885228157,player-4,21,28,41,37,player-4,player-4
338,11,17,0.06616697646677494,player-1,24,29,46,41,player-1,player-1
338,12,23,0.06445799954235554,player-4,28,34,48,45,player-2,player-4
338,13,20,0.06804103031754494,player-2,36,41,52,48,player-3,player-2
338,14,19,0.04854192957282066,player-2,37,44,53,49,player-4,player-2
338,15,17,0.06504193879663944,player-1,47,46,55,52,player-1,player-1
339,1,18,0.05683302879333496,player-4,0,4,2,10,player-3,player-4
339,2,20,0.05612499080598354,player-3,0,13,13,11,player-4,player-3
339,3,21,0.05808309651911259,player-1,7,14,13,12,player-1,player-1
339,4,18,0.06129196844995022,player-3,8,21,16,15,player-2,player-3
339,5,17,0.04737498238682747,player-3,10,26,19,19,player-3,player-3
339,6,21,0.05904096178710461,player-4,13,26,27,22,player-4,player-4
339,7,17,0.06491714157164097,player-1,18,26,30,26,player-1,player-1
339,8,28,0.06516720168292522,player-1,21,28,34,27,player-2,player-1
339,9,17,0.04945811815559864,player-3,22,30,37,30,player-3,player-3
339,10,18,0.05254102870821953,player-1,26,30,39,35,player-4,player-1
339,11,18,0.060499878600239754,player-2,37,38,43,40,player-1,player-2
339,12,19,0.05550007335841656,player-4,38,41,44,44,player-2,player-4
339,13,20,0.051625072956085205,player-2,43,43,47,44,player-3,player-2
339,14,22,0.0649159774184227,player-1,49,45,49,45,player-4,player-1
339,15,25,0.053625088185071945,none,50,45,52,45,player-1,none
340,1,17,0.04695798270404339,player-3,3,0,1,1,player-3,player-3
340,2,17,0.05725002847611904,player-4,3,1,3,6,player-4,player-4
340,3,23,0.08083297871053219,player-3,7,12,13,8,player-1,player-3
340,4,17,0.0654999166727066,player-2,10,25,16,10,player-2,player-2
340,5,17,0.051833922043442726,player-3,10,27,20,10,player-3,player-3
340,6,19,0.04474981687963009,player-2,10,33,20,10,player-4,player-2
340,7,19,0.06691692396998405,player-3,12,35,27,16,player-1,player-3
340,8,18,0.04549999721348286,player-3,12,38,34,16,player-2,player-3
340,9,18,0.05520787090063095,player-4,12,41,35,24,player-3,player-4
340,10,17,0.054374802857637405,player-4,15,47,37,34,player-4,player-4
340,11,18,0.049165915697813034,player-2,19,50,41,38,player-1,player-2
340,12,17,0.04929210990667343,player-2,19,59,44,44,player-2,player-2
341,1,19,0.04695798270404339,player-1,5,0,2,2,player-3,player-1
341,2,18,0.03958400338888168,none,5,3,3,3,player-4,none
341,3,17,0.06837490946054459,player-1,14,9,7,8,player-1,player-1
341,4,17,0.07079099304974079,player-2,16,12,12,11,player-2,player-2
341,5,20,0.05316687747836113,player-2,16,16,14,11,player-3,player-2
341,6,17,0.0702498946338892,player-4,28,19,29,13,player-4,player-4
341,7,17,0.052958959713578224,player-1,33,21,35,18,player-1,player-1
341,8,18,0.06370805203914642,player-3,35,25,40,24,player-2,player-3
341,9,17,0.05420786328613758,player-3,35,25,41,28,player-3,player-3
341,10,17,0.054582953453063965,player-4,36,28,44,40,player-4,player-4
341,11,19,0.06612506695091724,player-3,44,33,52,49,player-1,player-3
341,12,17,0.05629099905490875,player-2,46,35,54,53,player-2,player-2
342,1,17,0.06295903585851192,player-4,6,2,3,9,player-4,player-4
342,2,17,0.05224999040365219,player-1,12,9,6,13,player-1,player-1
342,3,23,0.07400009781122208,player-4,13,13,13,13,player-2,player-4
342,4,19,0.07733399979770184,player-1,15,17,15,15,player-3,player-1
342,5,18,0.049083027988672256,player-1,21,20,16,19,player-4,player-1
342,6,17,0.06274995394051075,player-1,29,24,20,19,player-1,player-1
342,7,18,0.05587493069469929,player-3,33,27,21,22,player-2,player-3
342,8,19,0.04791701212525368,player-1,34,27,23,24,player-3,player-1
342,9,18,0.06970902904868126,player-1,41,29,32,25,player-4,player-1
342,10,19,0.062125036492943764,player-3,41,31,35,25,player-1,player-3
342,11,20,0.04912493750452995,none,43,34,41,25,player-2,none
342,12,18,0.058125006034970284,player-4,44,38,43,28,player-3,player-4
342,13,24,0.09158393368124962,player-3,46,43,45,34,player-4,player-3
342,14,18,0.056958990171551704,player-2,53,49,54,34,player-1,player-2
343,1,18,0.06533297710120678,player-2,7,5,3,2,player-1,player-2
343,2,20,0.047584064304828644,player-1,9,10,4,3,player-2,player-1
343,3,20,0.06833299994468689,player-2,9,14,9,7,player-3,player-2
343,4,17,0.05195802077651024,player-4,12,15,12,11,player-4,player-4
343,5,17,0.0741670373827219,player-1,21,17,22,18,player-1,player-1
343,6,20,0.05450006574392319,player-1,29,20,24,26,player-2,player-1
343,7,19,0.04683295264840126,player-1,37,23,26,26,player-3,player-1
343,8,17,0.04787486977875233,player-4,37,29,27,33,player-4,player-4
343,9,20,0.047042034566402435,player-4,38,32,28,37,player-1,player-4
343,10,18,0.06008311174809933,player-3,44,33,29,37,player-2,player-3
343,11,19,0.06449990905821323,player-1,56,34,33,43,player-3,player-1
343,12,20,0.0516669824719429,player-3,59,37,36,46,player-4,player-3
343,13,17,0.051083043217659,player-1,64,39,36,48,player-1,player-1
344,1,24,0.06920797750353813,player-1,11,2,1,7,player-2,player-1
344,2,19,0.059125013649463654,player-1,18,7,5,9,player-3,player-1
344,3,17,0.04766695201396942,player-4,20,7,6,12,player-4,player-4
344,4,18,0.06566592492163181,player-2,22,14,6,12,player-1,player-2
344,5,17,0.052042072638869286,player-2,24,26,6,12,player-2,player-2
344,6,21,0.07466599345207214,player-3,33,26,18,13,player-3,player-3
344,7,19,0.05825003609061241,player-2,40,27,21,17,player-4,player-2
344,8,17,0.03975001163780689,player-1,47,27,21,17,player-1,player-1
344,9,17,0.06666709668934345,player-2,50,41,26,20,player-2,player-2
344,10,17,0.05554105155169964,player-3,59,43,30,23,player-3,player-3
344,11,19,0.06699981167912483,player-2,67,46,32,25,player-4,player-2
344,12,18,0.051666051149368286,player-2,71,56,34,29,player-1,player-2
345,1,17,0.05437503568828106,player-3,0,0,8,4,player-3,player-3
345,2,19,0.07183291018009186,player-2,6,4,13,4,player-4,player-2
345,3,17,0.06229197606444359,player-1,19,9,18,6,player-1,player-1
345,4,18,0.06091711111366749,player-3,23,14,21,10,player-2,player-3
345,5,22,0.05929102189838886,player-4,27,19,24,15,player-3,player-4
345,6,20,0.057957833632826805,player-3,29,20,31,17,player-4,player-3
345,7,18,0.04145805723965168,player-2,31,25,33,17,player-1,player-2
345,8,20,0.0613329466432333,player-1,34,29,33,18,player-2,player-1
345,9,17,0.06229104474186897,player-3,42,32,39,20,player-3,player-3
345,10,18,0.04624994471669197,player-1,44,36,44,21,player-4,player-1
345,11,17,0.04700012505054474,player-1,51,39,45,21,player-1,player-1
345,12,25,0.07758312858641148,player-2,57,44,58,27,player-2,player-2
346,1,17,0.06708386354148388,player-3,2,6,6,6,player-3,player-3
346,2,17,0.037708086892962456,player-4,3,6,9,9,player-4,player-4
346,3,19,0.06733392365276814,player-3,11,11,21,14,player-1,player-3
346,4,19,0.06191711872816086,player-4,22,15,28,30,player-2,player-4
346,5,17,0.045999884605407715,player-3,22,20,39,34,player-3,player-3
346,6,18,0.05020899698138237,player-1,24,23,39,35,player-4,player-1
346,7,17,0.05595805123448372,player-1,32,24,44,39,player-1,player-1
346,8,18,0.06208289414644241,player-3,36,30,45,44,player-2,player-3
346,9,17,0.053165946155786514,player-3,39,35,54,45,player-3,player-3
346,10,18,0.04949979484081268,player-1,41,38,57,49,player-4,player-1
346,11,17,0.04154187627136707,player-1,44,40,59,50,player-1,player-1
347,1,24,0.06962497718632221,player-4,4,0,2,3,player-1,player-4
347,2,17,0.055999960750341415,player-2,7,10,4,3,player-2,player-2
347,3,17,0.062000006437301636,player-3,14,10,10,5,player-3,player-3
347,4,17,0.0539170578122139,player-4,15,12,14,17,player-4,player-4
347,5,17,0.05337502807378769,player-1,17,19,16,20,player-1,player-1
347,6,17,0.06474996916949749,player-2,20,28,18,26,player-2,player-2
347,7,18,0.04795799031853676,player-4,25,30,18,30,player-3,player-4
347,8,17,0.0575000885874033,player-4,28,34,19,38,player-4,player-4
347,9,17,0.055582961067557335,player-1,34,40,20,44,player-1,player-1
347,10,17,0.05145813338458538,player-2,40,48,25,46,player-2,player-2
347,11,17,0.06408290937542915,player-3,42,51,36,50,player-3,player-3
348,1,18,0.06341701373457909,player-1,4,2,0,4,player-4,player-1
348,2,20,0.05266699008643627,player-4,9,7,1,8,player-1,player-4
348,3,17,0.051833922043442726,player-2,11,18,2,8,player-2,player-2
348,4,17,0.05837506614625454,player-3,13,23,6,13,player-3,player-3
348,5,17,0.057374825701117516,player-4,18,23,8,17,player-4,player-4
348,6,17,0.06429199129343033,player-1,24,24,12,19,player-1,player-1
348,7,19,0.0541249755769968,player-4,31,26,12,23,player-2,player-4
348,8,17,0.04775007255375385,player-3,37,29,20,24,player-3,player-3
348,9,18,0.05987496115267277,player-1,42,31,24,27,player-4,player-1
348,10,17,0.053625088185071945,player-1,50,31,27,34,player-1,player-1
348,11,19,0.06279093213379383,player-4,54,33,32,40,player-2,player-4
348,12,17,0.04654214717447758,player-3,56,40,36,40,player-3,player-3
348,13,17,0.05066581070423126,player-4,59,45,38,42,player-4,player-4
348,14,18,0.04666694439947605,player-2,65,46,42,47,player-1,player-2
349,1,17,0.047584064304828644,player-4,2,2,0,6,player-4,player-4
349,2,18,0.06216694600880146,player-2,7,7,8,7,player-1,player-2
349,3,18,0.0691248569637537,player-3,7,11,12,10,player-2,player-3
349,4,18,0.08729193359613419,player-4,11,15,17,22,player-3,player-4
349,5,18,0.05833408795297146,player-1,19,18,17,22,player-4,player-1
349,6,17,0.04762480966746807,player-1,27,18,18,25,player-1,player-1
349,7,17,0.04924996756017208,player-2,27,22,21,28,player-2,player-2
349,8,17,0.040499959141016006,player-3,27,25,22,30,player-3,player-3
349,9,17,0.06483308970928192,player-4,28,27,26,40,player-4,player-4
349,10,18,0.04191603511571884,player-2,31,30,27,44,player-1,player-2
349,11,20,0.05779205821454525,player-1,35,34,28,45,player-2,player-1
349,12,17,0.0541249755769968,player-3,37,37,36,48,player-3,player-3
349,13,18,0.05550007335841656,player-1,38,41,45,54,player-4,player-1
349,14,17,0.05195802077651024,player-1,50,45,46,56,player-1,player-1
350,1,17,0.0650421716272831,player-2,2,10,0,6,player-2,player-2
350,2,17,0.05137501284480095,player-3,7,13,13,9,player-3,player-3
350,3,18,0.05012494511902332,player-1,7,17,18,11,player-4,player-1
350,4,17,0.05495804361999035,player-1,12,19,19,20,player-1,player-1
350,5,22,0.044457847252488136,none,15,21,20,21,player-2,none
350,6,21,0.04945811815559864,player-3,21,35,20,30,player-3,player-3
350,7,20,0.0521661713719368,player-3,31,42,27,30,player-4,player-3
350,8,21,0.05770893767476082,player-1,36,49,33,36,player-1,player-1
350,9,21,0.06833299994468689,player-2,41,52,40,37,player-2,player-2
350,10,13,0.02845795825123787,none,46,52,41,39,player-3,none
350,11,17,0.049833906814455986,player-4,48,54,44,45,player-4,player-4
350,12,18,0.045416876673698425,player-2,51,59,45,46,player-1,player-2
351,1,17,0.07624994032084942,player-2,4,9,7,0,player-2,player-2
351,2,17,0.05370797589421272,player-3,6,15,10,2,player-3,player-3
351,3,17,0.04716706462204456,player-4,8,17,11,7,player-4,player-4
351,4,22,0.06649992428719997,player-2,15,24,14,7,player-1,player-2
351,5,17,0.04887511022388935,player-2,19,27,15,8,player-2,player-2
351,6,18,0.04629092290997505,player-4,20,32,25,19,player-3,player-4
351,7,17,0.042250147089362144,player-4,20,35,25,22,player-4,player-4
351,8,17,0.045999884605407715,player-1,26,36,32,22,player-1,player-1
351,9,23,0.056208111345767975,player-4,26,38,34,30,player-2,player-4
351,10,17,0.04733400419354439,player-3,26,41,41,31,player-3,player-3
351,11,17,0.045791035518050194,player-4,32,43,41,34,player-4,player-4
351,12,17,0.043082982301712036,player-1,37,44,41,35,player-1,player-1
351,13,17,0.059582991525530815,player-2,37,46,46,41,player-2,player-2
351,14,20,0.0474581029266119,player-2,39,50,48,43,player-3,player-2
351,15,18,0.05512498319149017,player-1,45,51,52,46,player-4,player-1
351,16,18,0.0541668850928545,player-2,51,61,52,48,player-1,player-2
352,1,17,0.05229213275015354,player-1,6,4,0,10,player-1,player-1
352,2,17,0.05545886233448982,player-2,9,8,6,10,player-2,player-2
352,3,19,0.05083298310637474,player-1,17,8,11,14,player-3,player-1
352,4,21,0.07008295506238937,player-4,19,20,12,16,player-4,player-4
352,5,17,0.06324984133243561,player-1,25,23,16,17,player-1,player-1
352,6,17,0.05191611126065254,player-2,28,24,18,18,player-2,player-2
352,7,21,0.06120791658759117,player-3,30,26,24,21,player-3,player-3
352,8,19,0.043833861127495766,player-2,32,28,24,24,player-4,player-2
352,9,20,0.05174987018108368,player-4,34,29,24,29,player-1,player-4
352,10,18,0.059167155995965004,player-3,36,33,26,34,player-2,player-3
352,11,18,0.05183299072086811,player-4,36,37,27,38,player-3,player-4
352,12,19,0.06204191595315933,player-2,40,43,28,44,player-4,player-2
352,13,17,0.04875008016824722,player-1,43,46,31,44,player-1,player-1
352,14,17,0.05945796146988869,player-2,47,50,34,48,player-2,player-2
352,15,18,0.04687509499490261,player-4,49,53,38,52,player-3,player-4
353,1,20,0.05425000563263893,player-4,1,6,3,3,player-1,player-4
353,2,18,0.06145820952951908,player-3,7,9,5,5,player-2,player-3
353,3,17,0.042041996493935585,player-3,8,11,11,5,player-3,player-3
353,4,17,0.05570799112319946,player-4,14,14,11,8,player-4,player-4
353,5,19,0.04491698928177357,player-3,16,14,19,10,player-1,player-3
353,6,17,0.060542020946741104,player-2,22,25,19,10,player-2,player-2
353,7,17,0.06979214958846569,player-3,28,31,26,10,player-3,player-3
353,8,18,0.05825003609061241,player-1,40,31,29,10,player-4,player-1
353,9,17,0.06541702896356583,player-1,48,31,34,13,player-1,player-1
353,10,18,0.06474996916949749,player-3,55,34,44,15,player-2,player-3
353,11,18,0.0489591620862484,player-4,59,39,48,16,player-3,player-4
354,1,19,0.05208398215472698,player-2,0,5,3,5,player-4,player-2
354,2,17,0.06920797750353813,player-1,9,9,5,8,player-1,player-1
354,3,18,0.06729084998369217,player-3,10,15,6,17,player-2,player-3
354,4,20,0.05124998278915882,player-2,10,27,13,21,player-3,player-2
354,5,17,0.06804196164011955,player-4,18,32,17,24,player-4,player-4
354,6,19,0.05425000563263893,player-3,19,40,26,24,player-1,player-3
354,7,29,0.07566600106656551,player-2,19,44,26,28,player-2,player-2
354,8,17,0.04358380101621151,player-3,24,47,38,31,player-3,player-3
354,9,18,0.05483301356434822,player-1,32,47,45,32,player-4,player-1
354,10,20,0.05437503568828106,player-4,42,49,48,32,player-1,player-4
354,11,18,0.04095793701708317,player-3,42,53,50,36,player-2,player-3
354,12,17,0.06349990144371986,player-3,45,54,53,37,player-3,player-3
354,13,18,0.062417006120085716,player-1,54,56,60,40,player-4,player-1
355,1,17,0.048040878027677536,player-3,1,2,4,2,player-3,player-3
355,2,20,0.07383408956229687,player-3,5,11,16,7,player-4,player-3
355,3,17,0.05387491546571255,player-1,11,15,18,12,player-1,player-1
355,4,18,0.045082997530698776,player-3,14,19,24,12,player-2,player-3
355,5,18,0.05795806646347046,player-4,16,22,29,13,player-3,player-4
355,6,21,0.06387499161064625,player-4,17,29,38,15,player-4,player-4
355,7,20,0.05425000563263893,player-4,21,29,44,23,player-1,player-4
355,8,21,0.0630838330835104,player-2,23,34,50,26,player-2,player-2
355,9,17,0.06320816464722157,player-3,32,40,56,29,player-3,player-3
355,10,17,0.05962490104138851,player-4,39,51,61,40,player-4,player-4
356,1,18,0.05195802077651024,player-4,6,6,2,3,player-3,player-4
356,2,18,0.05179201252758503,player-1,13,8,7,6,player-4,player-1
356,3,17,0.0635830219835043,player-1,16,9,7,10,player-1,player-1
356,4,23,0.10345783084630966,player-4,17,15,8,15,player-2,player-4
356,5,23,0.052291201427578926,player-1,25,18,10,16,player-3,player-1
356,6,18,0.06679189391434193,player-1,35,18,13,17,player-4,player-1
356,7,17,0.046666013076901436,player-1,39,18,15,20,player-1,player-1
356,8,17,0.05504186265170574,player-2,43,30,17,24,player-2,player-2
356,9,17,0.06266613490879536,player-3,49,36,22,24,player-3,player-3
356,10,17,0.057958997786045074,player-4,53,40,24,32,player-4,player-4
356,11,17,0.05529215559363365,player-1,57,42,27,37,player-1,player-1
356,12,18,0.046208035200834274,player-3,59,44,29,40,player-2,player-3
356,13,17,0.05937507376074791,player-3,63,47,37,46,player-3,player-3
357,1,17,0.07687509059906006,player-3,4,1,3,3,player-3,player-3
357,2,20,0.05479087121784687,player-3,4,7,7,6,player-4,player-3
357,3,17,0.05320785567164421,player-1,18,14,18,12,player-1,player-1
357,4,18,0.05474989302456379,player-3,18,17,24,14,player-2,player-3
357,5,17,0.0512909609824419,player-3,20,20,32,15,player-3,player-3
357,6,17,0.05033309571444988,player-4,24,23,40,19,player-4,player-4
357,7,20,0.06383401341736317,player-4,35,27,56,26,player-1,player-4
357,8,20,0.05687493830919266,player-1,36,29,58,27,player-2,player-1
357,9,24,0.06933300755918026,none,38,32,62,30,player-3,none
358,1,18,0.048832967877388,player-4,5,5,4,4,player-3,player-4
358,2,18,0.05629099905490875,player-1,7,9,7,4,player-4,player-1
358,3,17,0.07145805284380913,player-1,17,11,9,5,player-1,player-1
358,4,18,0.05575013346970081,player-3,24,17,12,11,player-2,player-3
358,5,18,0.048042042180895805,player-4,28,19,13,16,player-3,player-4
358,6,20,0.04950002767145634,player-3,30,26,16,23,player-4,player-3
358,7,18,0.060584163293242455,player-2,32,35,19,31,player-1,player-2
358,8,17,0.04933285526931286,player-2,39,39,20,32,player-2,player-2
358,9,17,0.05700020119547844,player-3,41,41,21,37,player-3,player-3
358,10,18,0.044291140511631966,player-1,44,42,23,38,player-4,player-1
358,11,17,0.04579196684062481,player-1,55,48,25,38,player-1,player-1
358,12,18,0.05725002847611904,player-3,57,51,28,41,player-2,player-3
358,13,21,0.07049995474517345,player-3,61,52,34,44,player-3,player-3
358,14,17,0.05533290095627308,player-4,66,57,40,46,player-4,player-4
359,1,17,0.05041714757680893,player-3,3,2,6,3,player-3,player-3
359,2,18,0.06150011904537678,player-1,4,8,13,9,player-4,player-1
359,3,19,0.04691700451076031,player-3,6,9,13,10,player-1,player-3
359,4,17,0.057042110711336136,player-2,16,12,21,14,player-2,player-2
359,5,17,0.051791779696941376,player-3,19,15,28,15,player-3,player-3
359,6,18,0.05266699008643627,player-1,25,15,29,16,player-4,player-1
359,7,17,0.04641595296561718,player-1,26,16,35,19,player-1,player-1
359,8,17,0.05129212513566017,player-2,28,19,37,20,player-2,player-2
359,9,23,0.0638328492641449,player-1,31,20,42,22,player-3,player-1
359,10,17,0.05874992348253727,player-4,37,23,49,31,player-4,player-4
359,11,19,0.05449983291327953,player-3,49,23,53,37,player-1,player-3
360,1,17,0.053791096433997154,player-1,6,2,2,1,player-1,player-1
360,2,25,0.07316702976822853,player-2,9,7,6,5,player-2,player-2
360,3,17,0.054999953135848045,player-3,11,15,11,8,player-3,player-3
360,4,18,0.06370805203914642,player-1,18,19,18,11,player-4,player-1
360,5,17,0.055416952818632126,player-1,30,29,18,15,player-1,player-1
360,6,18,0.05070795305073261,player-3,32,32,28,20,player-2,player-3
360,7,18,0.065250089392066,player-4,32,37,32,26,player-3,player-4
360,8,17,0.05187513306736946,player-4,36,38,39,29,player-4,player-4
360,9,19,0.07125013507902622,player-3,39,43,42,36,player-1,player-3
360,10,18,0.0552500132471323,player-3,46,47,51,36,player-2,player-3
360,11,17,0.05300017073750496,player-3,51,47,57,37,player-3,player-3
361,1,17,0.047582900151610374,player-3,3,5,3,0,player-3,player-3
361,2,17,0.04358380101621151,player-4,3,5,5,3,player-4,player-4
361,3,17,0.05566701292991638,player-1,7,8,9,9,player-1,player-1
361,4,17,0.060582999140024185,player-2,12,14,11,15,player-2,player-2
361,5,17,0.04816707223653793,player-3,12,20,15,23,player-3,player-3
361,6,17,0.04849978722631931,player-4,13,22,18,26,player-4,player-4
361,7,18,0.061584170907735825,player-2,14,30,21,28,player-1,player-2
361,8,17,0.05249981768429279,player-2,14,38,21,31,player-2,player-2
361,9,17,0.054582953453063965,player-3,17,43,28,32,player-3,player-3
361,10,17,0.05054217763245106,player-4,19,48,29,39,player-4,player-4
361,11,18,0.04566693678498268,player-2,21,53,31,42,player-1,player-2
361,12,17,0.05337502807378769,player-2,23,61,35,44,player-2,player-2
362,1,17,0.05220784805715084,player-4,3,3,8,9,player-4,player-4
362,2,18,0.04549999721348286,player-2,4,14,9,11,player-1,player-2
362,3,17,0.06029102951288223,player-2,9,19,9,14,player-2,player-2
362,4,17,0.055040931329131126,player-3,15,22,13,22,player-3,player-3
362,5,18,0.051833922043442726,player-1,21,27,18,23,player-4,player-1
362,6,17,0.05283299833536148,player-1,33,28,26,26,player-1,player-1
362,7,18,0.06837490946054459,player-3,40,35,30,26,player-2,player-3
362,8,21,0.05974993109703064,player-3,45,43,37,32,player-3,player-3
362,9,17,0.03933394327759743,player-4,48,43,38,41,player-4,player-4
362,10,17,0.04983297549188137,player-1,53,44,40,41,player-1,player-1
362,11,25,0.0575000885874033,player-2,53,57,41,45,player-2,player-2
363,1,17,0.07483316585421562,player-2,1,12,4,8,player-2,player-2
363,2,17,0.045666005462408066,player-3,2,12,11,11,player-3,player-3
363,3,18,0.057541998103260994,player-1,10,14,12,14,player-4,player-1
363,4,21,0.05466584116220474,none,16,14,14,15,player-1,none
363,5,20,0.04866695962846279,player-1,25,16,17,16,player-2,player-1
363,6,17,0.045042019337415695,player-3,26,20,21,19,player-3,player-3
363,7,17,0.06070896051824093,player-4,30,26,28,22,player-4,player-4
363,8,18,0.05154218524694443,player-2,33,30,30,24,player-1,player-2
363,9,17,0.055582961067557335,player-2,37,40,30,29,player-2,player-2
363,10,17,0.041207997128367424,player-3,37,43,32,29,player-3,player-3
363,11,18,0.05574990063905716,player-1,39,46,32,32,player-4,player-1
363,12,19,0.057625118643045425,player-3,39,52,37,32,player-1,player-3
363,13,18,0.05791708827018738,player-3,52,54,44,32,player-2,player-3
363,14,18,0.05466700531542301,player-4,55,56,51,36,player-3,player-4
364,1,21,0.06629200652241707,player-3,0,4,8,5,player-3,player-3
364,2,17,0.04312489181756973,player-4,7,10,13,9,player-4,player-4
364,3,19,0.059542013332247734,player-3,10,11,15,9,player-1,player-3
364,4,20,0.061416998505592346,player-1,14,13,16,10,player-2,player-1
364,5,17,0.05091610364615917,player-3,16,17,19,10,player-3,player-3
364,6,17,0.0702498946338892,player-4,20,18,27,14,player-4,player-4
364,7,17,0.06454205140471458,player-1,27,22,30,18,player-1,player-1
364,8,17,0.053374795243144035,player-2,36,29,32,18,player-2,player-2
364,9,18,0.05054217763245106,player-4,36,29,37,25,player-3,player-4
364,10,21,0.06204098463058472,player-4,40,29,42,29,player-4,player-4
364,11,28,0.06087496876716614,none,43,30,44,37,player-1,none
364,12,19,0.05733314901590347,player-4,43,32,46,43,player-2,player-4
364,13,17,0.05175010301172733,player-3,45,35,51,47,player-3,player-3
364,14,19,0.057499855756759644,player-2,45,38,51,51,player-4,player-2
364,15,17,0.0363748986274004,player-1,49,38,52,53,player-1,player-1
365,1,17,0.061542028561234474,player-1,4,2,8,4,player-1,player-1
365,2,17,0.0617089681327343,player-2,8,6,16,9,player-2,player-2
365,3,17,0.053582945838570595,player-3,14,12,25,13,player-3,player-3
365,4,18,0.046208035200834274,player-1,21,15,30,14,player-4,player-1
365,5,24,0.05591614171862602,none,24,15,32,16,player-1,none
365,6,27,0.06400002166628838,none,24,20,33,21,player-2,none
365,7,19,0.047084176912903786,player-1,26,23,33,21,player-3,player-1
365,8,19,0.06625009700655937,player-2,28,27,40,23,player-4,player-2
365,9,27,0.06445893086493015,player-3,30,31,43,27,player-1,player-3
365,10,17,0.0577499158680439,player-2,36,42,46,32,player-2,player-2
365,11,17,0.06704195402562618,player-3,38,42,55,32,player-3,player-3
365,12,17,0.051582930609583855,player-4,39,44,55,35,player-4,player-4
365,13,17,0.052999937906861305,player-1,41,44,57,39,player-1,player-1
365,14,17,5.8746670838445425,player-2,47,48,63,39,player-2,player-2
366,1,19,0.05141599103808403,player-3,0,0,5,4,player-1,player-3
366,2,17,0.053582945838570595,player-2,2,0,8,4,player-2,player-2
366,3,17,0.047791050747036934,player-3,4,7,13,9,player-3,player-3
366,4,19,0.0566248781979084,player-2,6,11,13,13,player-4,player-2
366,5,19,0.05320901982486248,player-3,11,12,17,17,player-1,player-3
366,6,17,0.05329097621142864,player-2,17,22,20,21,player-2,player-2
366,7,18,0.05837506614625454,player-4,24,22,22,28,player-3,player-4
366,8,17,0.05470798350870609,player-4,30,22,30,34,player-4,player-4
366,9,20,0.07045804522931576,player-4,32,28,30,40,player-1,player-4
366,10,20,0.05345791578292847,player-1,34,29,30,42,player-2,player-1
366,11,17,0.03820890560746193,player-3,36,31,35,44,player-3,player-3
366,12,17,0.06991601549088955,player-4,41,32,38,52,player-4,player-4
366,13,22,0.05575013346970081,player-2,44,37,43,56,player-1,player-2
366,14,17,0.0627501867711544,player-2,50,46,47,60,player-2,player-2
367,1,17,0.05283299833536148,player-1,6,1,1,0,player-1,player-1
367,2,18,0.046666013076901436,player-3,7,2,12,4,player-2,player-3
367,3,17,0.0550001859664917,player-3,10,6,13,6,player-3,player-3
367,4,17,0.054625095799565315,player-4,14,7,13,12,player-4,player-4
367,5,17,0.060582999140024185,player-1,16,9,19,16,player-1,player-1
367,6,19,0.053459079936146736,player-4,16,12,21,22,player-2,player-4
367,7,17,0.042750034481287,player-3,16,15,26,24,player-3,player-3
367,8,18,0.05666702054440975,player-1,21,23,35,28,player-4,player-1
367,9,17,0.056791119277477264,player-1,31,25,41,30,player-1,player-1
367,10,18,0.05737505853176117,player-3,32,30,47,30,player-2,player-3
367,11,21,0.07999991066753864,player-3,39,32,56,35,player-3,player-3
367,12,30,0.07679103873670101,player-1,45,32,63,40,player-4,player-1
368,1,21,0.07512490265071392,player-4,6,4,4,10,player-4,player-4
368,2,17,0.05224999040365219,player-1,10,7,6,10,player-1,player-1
368,3,26,0.06712484173476696,player-3,10,9,11,13,player-2,player-3
368,4,17,0.05004182457923889,player-3,12,13,17,13,player-3,player-3
368,5,17,0.040790997445583344,player-4,16,15,24,16,player-4,player-4
368,6,20,0.045999884605407715,player-4,17,17,29,22,player-1,player-4
368,7,17,0.05233311094343662,player-2,17,23,33,23,player-2,player-2
368,8,18,0.06587500683963299,player-4,23,25,42,23,player-3,player-4
368,9,17,0.0413751695305109,player-4,23,27,47,25,player-4,player-4
368,10,17,0.03691599704325199,player-1,25,29,50,30,player-1,player-1
368,11,20,0.058542005717754364,player-1,29,31,51,36,player-2,player-1
368,12,17,0.04054210148751736,player-3,33,31,54,41,player-3,player-3
368,13,18,0.04841596819460392,player-1,39,31,60,46,player-4,player-1
368,14,21,0.055625103414058685,player-1,49,36,62,47,player-1,player-1
369,1,17,0.05916692316532135,player-4,4,0,3,7,player-4,player-4
369,2,17,0.04970794543623924,player-1,8,3,8,9,player-1,player-1
369,3,17,0.05241716280579567,player-2,13,8,13,10,player-2,player-2
369,4,17,0.058125006034970284,player-3,19,9,24,10,player-3,player-3
369,5,17,0.04854192957282066,player-4,19,9,28,12,player-4,player-4
369,6,18,0.05433405749499798,player-2,25,16,36,16,player-1,player-2
369,7,22,0.0665830448269844,player-3,27,20,43,20,player-2,player-3
369,8,21,0.062374863773584366,player-3,28,23,48,20,player-3,player-3
369,9,17,0.05725002847611904,player-4,28,29,51,23,player-4,player-4
369,10,18,0.03929203376173973,player-2,31,29,52,24,player-1,player-2
369,11,17,0.05012494511902332,player-2,35,36,54,31,player-2,player-2
369,12,19,0.04820898175239563,player-1,36,39,56,31,player-3,player-1
369,13,17,0.06004096940159798,player-4,41,40,60,32,player-4,player-4
370,1,20,0.058165984228253365,player-1,7,3,0,7,player-2,player-1
370,2,20,0.08183298632502556,player-2,9,12,1,12,player-3,player-2
370,3,17,0.041582854464650154,player-4,9,12,3,26,player-4,player-4
370,4,18,0.07012509740889072,player-2,14,13,9,27,player-1,player-2
370,5,18,0.04737498238682747,player-3,21,14,11,30,player-2,player-3
370,6,17,0.0541249755769968,player-3,22,16,12,33,player-3,player-3
370,7,17,0.054208096116781235,player-4,22,21,15,39,player-4,player-4
370,8,17,0.050042057409882545,player-1,26,21,17,41,player-1,player-1
370,9,17,0.05733314901590347,player-2,27,24,20,41,player-2,player-2
370,10,20,0.053042080253362656,player-2,30,32,21,45,player-3,player-2
370,11,17,0.07858313620090485,player-4,35,34,25,48,player-4,player-4
370,12,18,0.05195802077651024,player-2,40,37,28,51,player-1,player-2
370,13,18,0.0527501106262207,player-3,44,39,35,53,player-2,player-3
370,14,17,0.05349982529878616,player-3,49,41,39,54,player-3,player-3
370,15,17,0.05941605195403099,player-4,51,41,40,57,player-4,player-4
370,16,18,0.056208111345767975,player-2,55,48,45,64,player-1,player-2
371,1,18,0.047291163355112076,player-4,3,5,3,3,player-3,player-4
371,2,18,0.06008287891745567,player-1,7,9,7,3,player-4,player-1
371,3,17,0.058416975662112236,player-1,17,10,9,4,player-1,player-1
371,4,17,0.06229197606444359,player-2,23,17,9,8,player-2,player-2
371,5,17,0.048625050112605095,player-3,25,20,18,11,player-3,player-3
371,6,19,0.04495796747505665,player-2,28,24,18,13,player-4,player-2
371,7,23,0.0691248569637537,player-3,30,32,18,16,player-1,player-3
371,8,17,0.0677919015288353,player-2,37,39,18,18,player-2,player-2
371,9,17,0.05204114131629467,player-3,40,41,23,18,player-3,player-3
371,10,20,0.045791035518050194,player-3,44,42,26,19,player-4,player-3
371,11,17,0.04220893606543541,player-1,46,45,30,28,player-1,player-1
371,12,18,0.04487484693527222,player-3,47,46,33,33,player-2,player-3
371,13,19,0.04791608080267906,player-1,49,48,33,34,player-3,player-1
371,14,17,0.055042095482349396,player-4,51,56,36,37,player-4,player-4
371,15,19,0.056459102779626846,player-3,54,58,38,43,player-1,player-3
372,1,19,0.05266699008643627,player-4,1,1,0,4,player-2,player-4
372,2,18,0.05291611887514591,player-4,5,1,4,10,player-3,player-4
372,3,17,0.05816691555082798,player-4,9,2,7,14,player-4,player-4
372,4,28,0.06495881825685501,player-4,20,5,7,19,player-1,player-4
372,5,18,0.052208080887794495,player-3,22,9,10,19,player-2,player-3
372,6,17,0.050541944801807404,player-3,28,12,15,20,player-3,player-3
372,7,17,0.04595797508955002,player-4,28,14,18,25,player-4,player-4
372,8,18,0.059542013332247734,player-2,30,17,22,28,player-1,player-2
372,9,17,0.04195794463157654,player-2,39,24,23,31,player-2,player-2
372,10,17,0.04937499761581421,player-3,40,27,24,31,player-3,player-3
372,11,18,0.04333304241299629,player-1,46,28,25,33,player-4,player-1
372,12,18,0.03945804201066494,player-2,48,33,25,35,player-1,player-2
372,13,23,0.05108281038701534,player-4,54,33,31,38,player-2,player-4
372,14,18,0.04712492227554321,player-4,54,36,35,42,player-3,player-4
372,15,22,0.061542028561234474,player-1,58,37,40,48,player-4,player-1
372,16,19,0.055374810472130775,player-3,59,44,43,50,player-1,player-3
373,1,19,0.058791832998394966,player-3,5,2,5,4,player-1,player-3
373,2,17,0.05725002847611904,player-2,5,11,7,11,player-2,player-2
373,3,17,0.04579196684062481,player-3,7,15,12,11,player-3,player-3
373,4,22,0.06470899097621441,player-1,13,18,15,17,player-4,player-1
373,5,17,0.04575005732476711,player-1,17,19,16,20,player-1,player-1
373,6,19,0.05670893006026745,player-4,18,23,16,26,player-2,player-4
373,7,17,0.04979199729859829,player-3,18,31,20,28,player-3,player-3
373,8,19,0.04891701973974705,player-2,21,35,27,34,player-4,player-2
373,9,17,0.054415781050920486,player-1,25,38,31,38,player-1,player-1
373,10,17,0.05445792339742184,player-2,26,43,34,40,player-2,player-2
373,11,19,0.051625072956085205,player-1,31,46,35,42,player-3,player-1
373,12,20,0.04479195922613144,none,32,47,36,43,player-4,none
373,13,19,0.06504193879663944,player-3,38,53,45,46,player-1,player-3
373,14,19,0.051165930926799774,player-4,41,60,52,51,player-2,player-4
374,1,17,0.06283307448029518,player-2,6,4,3,0,player-2,player-2
374,2,17,0.07504201494157314,player-3,16,5,12,2,player-3,player-3
374,3,18,0.052541960030794144,player-1,20,5,12,3,player-4,player-1
374,4,18,0.054333824664354324,player-2,24,5,14,7,player-1,player-2
374,5,17,0.057416968047618866,player-2,33,9,16,9,player-2,player-2
374,6,28,0.07095816545188427,player-2,39,16,16,15,player-3,player-2
374,7,17,0.06729084998369217,player-4,43,18,18,21,player-4,player-4
374,8,17,0.05091703496873379,player-1,44,18,27,28,player-1,player-1
374,9,19,0.04437495954334736,player-4,46,19,27,29,player-2,player-4
374,10,17,0.05349982529878616,player-3,54,21,32,34,player-3,player-3
374,11,17,0.04354189150035381,player-4,57,26,36,41,player-4,player-4
374,12,17,0.05229096859693527,player-1,67,28,38,41,player-1,player-1
375,1,19,0.0766669400036335,player-3,4,2,6,1,player-1,player-3
375,2,18,0.08324999362230301,player-3,13,7,7,1,player-2,player-3
375,3,17,0.052958959713578224,player-3,14,11,10,6,player-3,player-3
375,4,17,0.054208096116781235,player-4,18,21,12,11,player-4,player-4
375,5,20,0.05154218524694443,player-4,23,22,12,16,player-1,player-4
375,6,18,0.057999975979328156,player-3,28,29,14,17,player-2,player-3
375,7,17,0.061499886214733124,player-3,33,29,23,19,player-3,player-3
375,8,18,0.0463749747723341,player-1,34,31,23,20,player-4,player-1
375,9,18,0.054208096116781235,player-2,37,45,26,23,player-1,player-2
375,10,20,0.0539170578122139,player-1,47,45,29,25,player-2,player-1
375,11,18,0.053416937589645386,player-4,47,50,32,33,player-3,player-4
375,12,18,0.05929195322096348,player-1,51,55,34,37,player-4,player-1
375,13,17,0.04291697405278683,player-1,57,55,41,38,player-1,player-1
375,14,18,0.04933285526931286,player-3,59,60,48,40,player-2,player-3
376,1,18,0.0580840278416872,player-2,4,3,3,3,player-1,player-2
376,2,18,0.05112518556416035,player-3,6,5,10,6,player-2,player-3
376,3,17,0.042125117033720016,player-3,10,6,15,8,player-3,player-3
376,4,17,0.04712492227554321,player-4,12,9,20,12,player-4,player-4
376,5,20,0.05191704258322716,player-4,19,10,23,18,player-1,player-4
376,6,17,0.04395795986056328,player-2,21,11,26,18,player-2,player-2
376,7,26,0.06016693077981472,player-4,23,12,26,28,player-3,player-4
376,8,20,0.05229189991950989,player-3,23,17,32,30,player-4,player-3
376,9,21,0.05687493830919266,player-1,29,17,38,33,player-1,player-1
376,10,17,0.053459079936146736,player-2,32,26,43,35,player-2,player-2
376,11,17,0.0524579081684351,player-3,34,30,47,35,player-3,player-3
376,12,17,0.054958974942564964,player-4,37,39,51,39,player-4,player-4
376,13,17,0.05474989302456379,player-1,39,45,59,42,player-1,player-1
376,14,17,0.046416884288191795,player-2,40,46,59,43,player-2,player-2
376,15,18,0.046584056690335274,player-4,43,47,61,48,player-3,player-4
377,1,20,0.062000006437301636,player-1,4,8,0,4,player-2,player-1
377,2,18,0.04304107278585434,player-4,6,10,2,4,player-3,player-4
377,3,19,0.05483278073370457,player-2,6,17,6,11,player-4,player-2
377,4,19,0.05400017835199833,player-3,12,17,8,17,player-1,player-3
377,5,17,0.044667162001132965,player-2,13,22,11,17,player-2,player-2
377,6,18,0.06116693839430809,player-4,19,24,13,28,player-3,player-4
377,7,18,0.0475000124424696,player-1,24,26,16,30,player-4,player-1
377,8,17,0.05037500523030758,player-1,26,28,19,40,player-1,player-1
377,9,18,0.05124998278915882,player-3,29,28,27,45,player-2,player-3
377,10,17,0.06600003689527512,player-3,34,28,29,49,player-3,player-3
377,11,18,0.056541990488767624,player-1,36,34,32,55,player-4,player-1
377,12,17,0.06474996916949749,player-1,46,38,34,60,player-1,player-1
377,13,18,0.04895799793303013,player-3,49,44,37,64,player-2,player-3
378,1,17,0.057167140766978264,player-3,6,3,6,3,player-3,player-3
378,2,17,0.05045882426202297,player-4,6,11,8,8,player-4,player-4
378,3,17,0.04475004971027374,player-1,8,11,8,10,player-1,player-1
378,4,17,0.059333862736821175,player-2,11,18,11,10,player-2,player-2
378,5,18,0.060208141803741455,player-4,11,23,13,12,player-3,player-4
378,6,17,0.04983297549188137,player-4,17,28,18,17,player-4,player-4
378,7,18,0.05550007335841656,player-2,19,35,21,23,player-1,player-2
378,8,18,0.05933409556746483,player-3,25,38,22,26,player-2,player-3
378,9,17,0.05083298310637474,player-3,26,40,26,26,player-3,player-3
378,10,24,0.062000006437301636,player-3,30,41,29,29,player-4,player-3
378,11,18,0.04195794463157654,player-2,32,47,29,33,player-1,player-2
378,12,17,0.04916684702038765,player-2,34,54,30,38,player-2,player-2
378,13,20,0.08974992670118809,player-2,45,60,33,42,player-3,player-2
379,1,17,0.05124998278915882,player-4,1,1,0,4,player-4,player-4
379,2,23,0.060582999140024185,player-3,1,4,1,5,player-1,player-3
379,3,17,0.05179201252758503,player-2,1,8,1,11,player-2,player-2
379,4,18,0.047625042498111725,player-4,5,11,3,17,player-3,player-4
379,5,17,0.06050011143088341,player-4,5,14,7,23,player-4,player-4
379,6,17,0.053833937272429466,player-1,9,19,7,26,player-1,player-1
379,7,21,0.06791693158447742,player-2,13,20,11,33,player-2,player-2
379,8,17,0.045416876673698425,player-3,16,20,15,34,player-3,player-3
379,9,17,0.045999884605407715,player-4,19,23,15,38,player-4,player-4
379,10,17,0.0541249755769968,player-1,29,28,15,42,player-1,player-1
379,11,20,0.06370781920850277,player-1,41,33,26,46,player-2,player-1
379,12,17,0.060791848227381706,player-3,47,39,34,49,player-3,player-3
379,13,19,0.06341701373457909,player-2,53,42,40,49,player-4,player-2
379,14,18,0.06283284164965153,player-2,62,50,49,51,player-1,player-2
380,1,18,0.04833308048546314,player-1,4,2,1,1,player-4,player-1
380,2,19,0.06616697646677494,player-3,8,6,6,4,player-1,player-3
380,3,21,0.06316602230072021,player-2,17,10,6,8,player-2,player-2
380,4,17,0.06683310493826866,player-3,22,12,10,8,player-3,player-3
380,5,19,0.06358395330607891,player-2,26,18,11,8,player-4,player-2
380,6,20,0.05683419294655323,player-4,27,20,12,15,player-1,player-4
380,7,17,0.04975008778274059,player-2,28,24,16,16,player-2,player-2
380,8,17,0.056666089221835136,player-3,29,29,19,18,player-3,player-3
380,9,19,0.05054101347923279,player-2,31,30,19,18,player-4,player-2
380,10,17,0.047165900468826294,player-1,35,34,19,18,player-1,player-1
380,11,17,0.043584033846855164,player-2,37,39,19,18,player-2,player-2
380,12,17,0.05729193799197674,player-3,41,42,25,21,player-3,player-3
380,13,17,0.05045812577009201,player-4,43,49,27,31,player-4,player-4
380,14,17,0.0613329466432333,player-1,46,51,32,32,player-1,player-1
380,15,17,0.05708308890461922,player-2,53,53,34,38,player-2,player-2
380,16,17,0.0602079089730978,player-3,57,55,46,42,player-3,player-3
381,1,18,0.05866587162017822,player-4,3,9,2,0,player-3,player-4
381,2,17,0.06545800715684891,player-4,3,14,11,10,player-4,player-4
381,3,18,0.0574158038944006,player-2,4,17,16,16,player-1,player-2
381,4,18,0.05670799873769283,player-3,4,18,19,20,player-2,player-3
381,5,18,0.04733307287096977,player-4,8,23,24,25,player-3,player-4
381,6,19,0.0499580055475235,player-2,13,26,28,26,player-4,player-2
381,7,18,0.04933401942253113,player-2,13,37,28,27,player-1,player-2
381,8,17,0.06670900620520115,player-2,17,40,33,36,player-2,player-2
381,9,17,0.04449998959898949,player-3,17,44,36,38,player-3,player-3
381,10,22,0.06975000724196434,none,21,48,40,40,player-4,none
381,11,23,0.0566248781979084,player-3,27,53,46,41,player-1,player-3
381,12,18,0.06000022403895855,player-3,28,55,49,44,player-2,player-3
381,13,17,0.04916614852845669,player-3,30,59,57,44,player-3,player-3
382,1,18,0.05287490785121918,player-1,8,0,3,2,player-4,player-1
382,2,18,0.05220901221036911,player-2,12,7,3,5,player-1,player-2
382,3,17,0.06208289414644241,player-2,14,12,6,11,player-2,player-2
382,4,18,0.04454189911484718,player-4,15,13,8,15,player-3,player-4
382,5,18,0.0514171551913023,player-1,20,13,8,17,player-4,player-1
382,6,17,0.060999998822808266,player-1,30,17,10,25,player-1,player-1
382,7,17,0.06258301436901093,player-2,40,19,11,30,player-2,player-2
382,8,20,0.05408283323049545,player-2,41,23,13,35,player-3,player-2
382,9,18,0.04791701212525368,player-1,45,25,13,37,player-4,player-1
382,10,19,0.069082947447896,player-3,52,28,17,42,player-1,player-3
382,11,17,0.08129188790917397,player-2,53,37,19,46,player-2,player-2
382,12,18,0.06833299994468689,player-4,55,40,21,51,player-3,player-4
382,13,17,0.06308313459157944,player-4,62,45,24,52,player-4,player-4
382,14,18,0.07729209028184414,player-2,64,49,25,54,player-1,player-2
383,1,17,0.045584049075841904,player-3,1,2,3,3,player-3,player-3
383,2,17,0.04583410918712616,player-4,1,3,4,8,player-4,player-4
383,3,20,0.047084176912903786,player-4,3,7,4,14,player-1,player-4
383,4,17,0.05983305163681507,player-2,9,7,10,19,player-2,player-2
383,5,17,0.06358278915286064,player-3,11,9,14,21,player-3,player-3
383,6,18,0.04954217001795769,player-1,15,12,19,22,player-4,player-1
383,7,19,0.057999975979328156,player-3,19,15,27,25,player-1,player-3
383,8,17,0.04324992187321186,player-2,21,20,27,27,player-2,player-2
383,9,19,0.08554081432521343,player-1,27,26,32,27,player-3,player-1
383,10,18,0.04375004209578037,player-1,33,29,34,27,player-4,player-1
383,11,17,0.05291705019772053,player-1,35,34,42,27,player-1,player-1
383,12,17,0.04700012505054474,player-2,35,38,42,27,player-2,player-2
383,13,18,0.04512490704655647,player-4,35,40,47,28,player-3,player-4
383,14,18,0.05433405749499798,player-1,40,40,49,31,player-4,player-1
383,15,17,0.06562494672834873,player-1,51,42,59,32,player-1,player-1
384,1,17,0.05508400499820709,player-4,4,3,3,4,player-4,player-4
384,2,17,0.05745794624090195,player-1,14,3,7,7,player-1,player-1
384,3,17,0.052957795560359955,player-2,18,8,12,10,player-2,player-2
384,4,19,0.05512498319149017,player-1,24,13,12,14,player-3,player-1
384,5,22,0.06787502206861973,player-1,31,22,20,19,player-4,player-1
384,6,17,0.04679197445511818,player-1,35,28,25,25,player-1,player-1
384,7,20,0.05974993109703064,player-1,50,34,30,29,player-2,player-1
384,8,17,0.05370890721678734,player-3,50,38,31,34,player-3,player-3
384,9,17,0.05691708065569401,player-4,54,43,37,43,player-4,player-4
384,10,17,0.05133310332894325,player-1,59,43,42,47,player-1,player-1
385,1,17,0.0602498184889555,player-2,3,5,3,3,player-2,player-2
385,2,17,0.04574982449412346,player-3,3,9,4,3,player-3,player-3
385,3,18,0.05224999040365219,player-1,13,13,13,8,player-4,player-1
385,4,17,0.06800005212426186,player-1,15,13,17,10,player-1,player-1
385,5,20,0.06800005212426186,player-1,19,20,18,15,player-2,player-1
385,6,17,0.05516689270734787,player-3,27,22,21,18,player-3,player-3
385,7,21,0.06600003689527512,player-4,27,25,23,27,player-4,player-4
385,8,17,0.05137501284480095,player-1,34,25,27,29,player-1,player-1
385,9,17,0.05787494592368603,player-2,36,32,32,35,player-2,player-2
385,10,19,0.05816691555082798,player-1,44,39,34,38,player-3,player-1
385,11,20,0.059416983276605606,player-3,46,43,35,43,player-4,player-3
385,12,17,0.058582983911037445,player-1,50,48,41,48,player-1,player-1
385,13,18,0.05037500523030758,none,53,50,42,49,player-2,none
385,14,20,0.06354087963700294,player-2,56,57,48,58,player-3,player-2
386,1,17,0.05695805884897709,player-1,12,4,3,3,player-1,player-1
386,2,21,0.07033301517367363,player-2,17,9,7,4,player-2,player-2
386,3,17,0.05433289334177971,player-3,23,9,14,6,player-3,player-3
386,4,17,0.05770917050540447,player-4,27,10,18,10,player-4,player-4
386,5,17,0.04520895890891552,player-1,36,12,20,11,player-1,player-1
386,6,17,0.06500002928078175,player-2,39,17,20,12,player-2,player-2
386,7,21,0.07233279757201672,player-3,46,27,27,15,player-3,player-3
386,8,17,0.046416884288191795,player-4,46,28,30,17,player-4,player-4
386,9,17,0.06404099985957146,player-1,56,30,32,23,player-1,player-1
386,10,18,0.05670799873769283,player-3,59,31,34,25,player-2,player-3
386,11,17,0.04970794543623924,player-3,59,33,44,28,player-3,player-3
387,1,19,0.05820789374411106,player-1,10,0,6,2,player-3,player-1
387,2,17,0.04675006493926048,player-4,11,2,6,8,player-4,player-4
387,3,18,0.0552500132471323,player-2,20,4,10,10,player-1,player-2
387,4,18,0.07783295586705208,player-3,24,7,19,12,player-2,player-3
387,5,20,0.0689169391989708,player-2,26,11,21,15,player-3,player-2
387,6,21,0.05204183980822563,player-4,28,13,21,30,player-4,player-4
387,7,18,0.047165900468826294,player-2,30,16,22,33,player-1,player-2
387,8,18,0.052042072638869286,player-3,32,20,26,36,player-2,player-3
387,9,17,0.057625118643045425,player-3,35,20,32,39,player-3,player-3
387,10,23,0.07079099304974079,player-2,37,27,37,39,player-4,player-2
387,11,19,0.05116686224937439,player-3,40,30,41,39,player-1,player-3
387,12,26,0.08033402264118195,player-3,41,36,44,43,player-2,player-3
387,13,17,0.05437503568828106,player-3,43,36,52,44,player-3,player-3
387,14,17,0.05829194560647011,player-4,45,41,55,52,player-4,player-4
388,1,17,0.07045804522931576,player-3,5,5,13,5,player-3,player-3
388,2,18,0.05491706542670727,player-1,11,7,16,9,player-4,player-1
388,3,17,0.0588749535381794,player-1,18,8,18,9,player-1,player-1
388,4,17,0.07887487299740314,player-2,20,15,23,14,player-2,player-2
388,5,23,0.06612483412027359,player-1,21,19,27,15,player-3,player-1
388,6,17,0.05983398295938969,player-4,23,19,30,22,player-4,player-4
388,7,18,0.058125006034970284,player-2,31,29,39,28,player-1,player-2
388,8,17,0.0575000885874033,player-2,34,34,39,33,player-2,player-2
388,9,17,0.045042019337415695,player-3,34,34,45,35,player-3,player-3
388,10,20,0.061625149101018906,player-3,43,39,53,38,player-4,player-3
388,11,18,0.06004190072417259,player-2,45,50,61,41,player-1,player-2
389,1,17,0.0785409938544035,player-1,6,5,6,3,player-1,player-1
389,2,17,0.0588749535381794,player-2,8,9,8,12,player-2,player-2
389,3,26,0.05450006574392319,player-4,13,10,13,14,player-3,player-4
389,4,20,0.04979083314538002,player-3,15,10,14,21,player-4,player-3
389,5,20,0.044708140194416046,none,17,12,16,26,player-1,none
389,6,17,0.051459064707159996,player-2,18,17,19,28,player-2,player-2
389,7,17,0.04866695962846279,player-3,21,19,27,29,player-3,player-3
389,8,17,0.03970903344452381,player-4,23,19,29,32,player-4,player-4
389,9,17,0.05658390000462532,player-1,27,19,29,35,player-1,player-1
389,10,17,0.07033301517367363,player-2,34,21,31,41,player-2,player-2
389,11,17,0.05491706542670727,player-3,37,28,33,45,player-3,player-3
389,12,19,0.06295787170529366,player-2,41,36,35,50,player-4,player-2
389,13,18,0.06500002928078175,player-2,47,42,35,53,player-1,player-2
389,14,24,0.07745879702270031,player-1,59,46,36,54,player-2,player-1
390,1,18,0.0713749323040247,player-2,1,3,2,4,player-1,player-2
390,2,19,0.0624160747975111,player-4,3,7,5,10,player-2,player-4
390,3,17,0.059916870668530464,player-3,5,13,14,10,player-3,player-3
390,4,17,0.09020790457725525,player-4,6,13,16,13,player-4,player-4
390,5,22,0.09095901623368263,player-2,10,18,21,15,player-1,player-2
390,6,17,0.05874992348253727,player-2,11,24,21,18,player-2,player-2
390,7,17,0.06054108962416649,player-3,13,28,31,18,player-3,player-3
390,8,17,0.061125028878450394,player-4,17,37,36,20,player-4,player-4
390,9,18,0.061791855841875076,player-2,22,42,44,30,player-1,player-2
390,10,19,0.065250089392066,player-4,25,49,49,33,player-2,player-4
390,11,17,0.05729100666940212,player-3,29,53,54,35,player-3,player-3
390,12,18,0.04875008016824722,player-1,34,57,54,36,player-4,player-1
390,13,17,0.05979207344353199,player-1,37,57,55,39,player-1,player-1
390,14,21,0.048666028305888176,none,37,59,55,39,player-2,none
390,15,17,0.05866703577339649,player-3,40,61,61,41,player-3,player-3
391,1,18,0.059416983276605606,player-2,9,1,6,2,player-1,player-2
391,2,19,0.065250089392066,player-4,13,9,9,5,player-2,player-4
391,3,17,0.05725002847611904,player-3,16,11,17,8,player-3,player-3
391,4,18,0.053208088502287865,player-1,20,14,20,11,player-4,player-1
391,5,17,0.055999960750341415,player-1,24,19,25,15,player-1,player-1
391,6,20,0.08279201574623585,player-1,32,19,39,22,player-2,player-1
391,7,20,0.05612499080598354,player-2,33,27,40,27,player-3,player-2
391,8,19,0.056499848142266273,player-2,33,29,46,31,player-4,player-2
391,9,20,0.0868749339133501,player-4,43,34,49,40,player-1,player-4
391,10,18,0.06370805203914642,player-3,46,43,55,43,player-2,player-3
392,1,18,0.04191696643829346,player-1,2,2,4,5,player-4,player-1
392,2,17,0.04600011743605137,player-1,6,3,8,7,player-1,player-1
392,3,17,0.07179216481745243,player-2,11,12,11,16,player-2,player-2
392,4,34,0.07316702976822853,player-4,12,14,19,18,player-3,player-4
392,5,29,0.0649159774184227,player-4,21,16,19,24,player-4,player-4
392,6,19,0.06691599264740944,player-3,23,23,26,33,player-1,player-3
392,7,18,0.0538751482963562,player-3,23,25,28,33,player-2,player-3
392,8,20,0.06841612048447132,player-2,28,32,31,35,player-3,player-2
392,9,17,0.05441601388156414,player-4,28,35,39,38,player-4,player-4
392,10,17,0.05470891483128071,player-1,34,36,42,40,player-1,player-1
392,11,17,0.048832967877388,player-2,38,47,44,41,player-2,player-2
392,12,17,0.04974985495209694,player-3,40,48,48,42,player-3,player-3
392,13,18,0.055416952818632126,player-1,52,58,48,55,player-4,player-1
393,1,24,0.07483386434614658,player-4,1,9,5,4,player-1,player-4
393,2,17,0.05024997517466545,player-2,3,16,7,7,player-2,player-2
393,3,17,0.04987488500773907,player-3,5,17,13,7,player-3,player-3
393,4,18,0.0744168646633625,player-1,12,17,14,8,player-4,player-1
393,5,17,0.06050011143088341,player-1,14,20,16,13,player-1,player-1
393,6,23,0.07166597060859203,player-4,16,21,17,16,player-2,player-4
393,7,17,0.06187497638165951,player-3,19,24,20,19,player-3,player-3
393,8,19,0.0477498397231102,player-2,22,28,22,22,player-4,player-2
393,9,18,0.05333311855792999,player-2,24,36,28,22,player-1,player-2
393,10,17,0.0527920201420784,player-2,28,37,34,26,player-2,player-2
393,11,18,0.06733299233019352,player-4,30,40,37,30,player-3,player-4
393,12,17,0.06645894609391689,player-4,35,42,40,37,player-4,player-4
393,13,18,0.04575005732476711,player-2,39,49,44,41,player-1,player-2
393,14,18,0.07179100066423416,player-3,44,55,45,43,player-2,player-3
393,15,17,0.04970910958945751,player-3,45,55,48,47,player-3,player-3
394,1,17,0.04737498238682747,player-1,2,0,4,6,player-1,player-1
394,2,23,0.059959013015031815,player-4,4,5,4,7,player-2,player-4
394,3,18,0.06379210390150547,player-4,5,7,6,11,player-3,player-4
394,4,17,0.047165900468826294,player-4,5,9,14,13,player-4,player-4
394,5,17,0.05233287811279297,player-1,11,14,15,13,player-1,player-1
394,6,18,0.04816707223653793,player-3,13,17,22,15,player-2,player-3
394,7,17,0.049541937187314034,player-3,13,22,26,17,player-3,player-3
394,8,17,0.05233287811279297,player-4,16,23,26,25,player-4,player-4
394,9,17,0.058374833315610886,player-1,25,26,28,26,player-1,player-1
394,10,17,0.0541249755769968,player-2,26,33,30,32,player-2,player-2
394,11,18,0.046708155423402786,player-4,29,33,33,37,player-3,player-4
394,12,19,0.0719169620424509,player-2,33,44,33,43,player-4,player-2
394,13,17,0.05729193799197674,player-1,42,46,36,44,player-1,player-1
394,14,19,0.08158409036695957,player-4,44,48,36,50,player-2,player-4
394,15,18,0.05979090929031372,player-4,46,51,42,53,player-3,player-4
395,1,17,0.052625080570578575,player-2,3,7,0,2,player-2,player-2
395,2,17,0.06825011223554611,player-3,4,11,5,2,player-3,player-3
395,3,18,0.05237502045929432,player-1,5,12,6,5,player-4,player-1
395,4,25,0.07220800034701824,none,11,14,6,8,player-1,none
395,5,17,0.05674990825355053,player-2,16,22,6,11,player-2,player-2
395,6,17,0.06191711872816086,player-3,23,25,8,13,player-3,player-3
395,7,20,0.04083290696144104,none,28,27,10,16,player-4,none
395,8,24,0.05687493830919266,player-4,35,29,12,18,player-1,player-4
395,9,17,0.04695798270404339,player-2,43,32,12,26,player-2,player-2
395,10,20,0.059582991525530815,player-2,45,35,16,26,player-3,player-2
395,11,17,0.07558404467999935,player-4,45,39,21,38,player-4,player-4
395,12,18,0.04950002767145634,player-2,48,51,23,40,player-1,player-2
395,13,27,0.06712484173476696,player-4,49,55,24,42,player-2,player-4
395,14,20,0.07279193960130215,player-2,49,67,26,44,player-3,player-2
396,1,17,0.06691692396998405,player-3,1,0,6,10,player-3,player-3
396,2,17,0.05683302879333496,player-4,1,3,7,18,player-4,player-4
396,3,17,0.04591699689626694,player-1,3,5,7,22,player-1,player-1
396,4,17,0.05183299072086811,player-2,4,9,10,22,player-2,player-2
396,5,17,0.062125036492943764,player-3,9,9,17,28,player-3,player-3
396,6,20,0.06833299994468689,player-3,10,11,24,32,player-4,player-3
396,7,17,0.04879222251474857,player-1,15,18,24,32,player-1,player-1
396,8,22,0.05437503568828106,player-3,19,18,32,36,player-2,player-3
396,9,17,0.04612491466104984,player-3,23,18,34,40,player-3,player-3
396,10,19,0.050459057092666626,player-2,24,22,34,41,player-4,player-2
396,11,17,0.04412513226270676,player-1,33,22,34,41,player-1,player-1
396,12,19,0.052666058763861656,player-4,35,24,37,46,player-2,player-4
396,13,19,0.0491670798510313,player-1,38,30,41,47,player-3,player-1
396,14,17,0.05033286288380623,player-4,42,35,42,49,player-4,player-4
396,15,18,0.04979083314538002,player-2,52,49,48,49,player-1,player-2
397,1,17,0.06179092451930046,player-2,0,5,3,2,player-2,player-2
397,2,18,0.069458968937397,player-4,5,7,10,3,player-3,player-4
397,3,18,0.06579211913049221,player-1,6,7,10,6,player-4,player-1
397,4,18,0.0624579843133688,player-2,12,10,12,9,player-1,player-2
397,5,17,0.05950010381639004,player-2,22,20,14,12,player-2,player-2
397,6,18,0.04579196684062481,player-4,23,21,14,14,player-3,player-4
397,7,25,0.06874999962747097,player-4,24,27,14,22,player-4,player-4
397,8,17,0.05095801316201687,player-1,27,30,16,22,player-1,player-1
397,9,17,0.056541990488767624,player-2,28,37,20,22,player-2,player-2
397,10,17,0.050999922677874565,player-3,31,39,33,23,player-3,player-3
397,11,17,0.0702498946338892,player-4,36,39,36,26,player-4,player-4
397,12,23,0.06029102951288223,player-3,38,41,40,30,player-1,player-3
397,13,17,0.05400017835199833,player-2,41,47,43,39,player-2,player-2
397,14,19,0.050208065658807755,player-1,45,50,46,42,player-3,player-1
397,15,18,0.04495796747505665,player-1,49,52,46,46,player-4,player-1
397,16,18,0.04558311775326729,player-2,52,61,48,49,player-1,player-2
398,1,18,0.05295802839100361,player-3,1,8,7,0,player-2,player-3
398,2,18,0.06604194641113281,player-4,4,15,12,12,player-3,player-4
398,3,20,0.041833147406578064,none,4,17,14,15,player-4,none
398,4,19,0.04924996756017208,player-3,6,19,21,20,player-1,player-3
398,5,17,0.0541249755769968,player-2,9,21,27,21,player-2,player-2
398,6,17,0.04474981687963009,player-3,15,21,33,21,player-3,player-3
398,7,17,0.05329097621142864,player-4,16,21,33,32,player-4,player-4
398,8,18,0.05229096859693527,player-2,20,28,35,34,player-1,player-2
398,9,17,0.04629208706319332,player-2,32,31,39,34,player-2,player-2
398,10,17,0.05766702815890312,player-3,37,31,49,36,player-3,player-3
398,11,19,0.05829194560647011,player-2,37,38,49,38,player-4,player-2
398,12,20,0.06616697646677494,player-4,37,41,53,47,player-1,player-4
398,13,21,0.060625141486525536,player-2,42,47,57,56,player-2,player-2
399,1,17,0.04329090006649494,player-1,4,1,4,1,player-1,player-1
399,2,18,0.04900014027953148,player-3,9,1,13,2,player-2,player-3
399,3,17,0.06616604514420033,player-3,19,4,16,4,player-3,player-3
399,4,17,0.05229096859693527,player-4,20,5,21,9,player-4,player-4
399,5,17,0.05687517113983631,player-1,21,5,26,11,player-1,player-1
399,6,18,0.03933394327759743,none,24,5,32,13,player-2,none
399,7,17,0.057208817452192307,player-3,31,8,42,13,player-3,player-3
399,8,18,0.05487515591084957,player-1,32,13,42,21,player-4,player-1
399,9,18,0.05291705019772053,player-2,35,15,42,22,player-1,player-2
399,10,17,0.05300017073750496,player-2,37,18,43,25,player-2,player-2
399,11,18,0.04591699689626694,player-4,40,19,44,33,player-3,player-4
399,12,19,0.04624994471669197,player-2,41,31,45,37,player-4,player-2
399,13,19,0.07433304563164711,player-3,51,41,48,45,player-1,player-3
399,14,20,0.06366707384586334,player-1,61,44,57,45,player-2,player-1
400,1,17,0.05487492308020592,player-1,6,1,1,4,player-1,player-1
400,2,20,0.04479195922613144,player-1,13,2,3,5,player-2,player-1
400,3,18,0.052374787628650665,player-4,14,4,20,6,player-3,player-4
400,4,17,0.05137501284480095,player-4,15,7,23,13,player-4,player-4
400,5,17,0.06683310493826866,player-1,31,9,24,14,player-1,player-1
400,6,18,0.05495804361999035,player-3,34,12,29,17,player-2,player-3
400,7,17,0.04016701132059097,player-3,35,15,32,19,player-3,player-3
400,8,26,0.06929202936589718,player-1,41,18,32,22,player-4,player-1
400,9,19,0.06374996155500412,player-3,41,21,38,26,player-1,player-3
400,10,18,0.0491670798510313,player-3,48,27,42,28,player-2,player-3
400,11,19,0.06095808930695057,player-1,57,30,44,33,player-3,player-1
401,1,17,0.0391670037060976,player-3,1,4,3,1,player-3,player-3
401,2,17,0.05429214797914028,player-4,3,14,9,7,player-4,player-4
401,3,19,0.06208312697708607,player-3,8,16,13,12,player-1,player-3
401,4,17,0.05291705019772053,player-2,12,22,18,16,player-2,player-2
401,5,17,0.06170803681015968,player-3,21,23,29,18,player-3,player-3
401,6,17,0.04349998198449612,player-4,23,25,30,29,player-4,player-4
401,7,17,0.057499855756759644,player-1,35,29,33,32,player-1,player-1
401,8,20,0.06620911881327629,player-1,43,33,35,32,player-2,player-1
401,9,18,0.06445799954235554,player-4,43,36,44,37,player-3,player-4
401,10,17,0.05070888437330723,player-4,46,41,46,40,player-4,player-4
401,11,20,0.048083020374178886,player-4,48,44,48,48,player-1,player-4
401,12,17,0.07670908235013485,player-2,51,50,52,49,player-2,player-2
402,1,17,0.0537908636033535,player-2,6,4,2,4,player-2,player-2
402,2,18,0.055833952501416206,player-4,13,8,5,9,player-3,player-4
402,3,17,0.04958314821124077,player-4,13,10,7,10,player-4,player-4
402,4,18,0.054042087867856026,player-2,17,16,10,16,player-1,player-2
402,5,17,0.05224999040365219,player-2,19,21,11,18,player-2,player-2
402,6,21,0.05220784805715084,player-3,22,22,16,22,player-3,player-3
402,7,17,0.043625012040138245,player-4,22,22,18,33,player-4,player-4
402,8,21,0.05516689270734787,player-1,29,26,21,39,player-1,player-1
402,9,17,0.050165923312306404,player-2,30,31,24,40,player-2,player-2
402,10,19,0.05308305844664574,player-1,32,32,29,46,player-3,player-1
402,11,17,0.06537511944770813,player-4,35,32,32,55,player-4,player-4
402,12,20,0.055625103414058685,player-4,40,32,39,65,player-1,player-4
402,13,25,0.06070779636502266,player-2,40,40,40,66,player-2,player-2
403,1,17,0.06120908074080944,player-2,4,8,10,0,player-2,player-2
403,2,17,0.06545917131006718,player-3,7,14,14,4,player-3,player-3
403,3,17,0.049999915063381195,player-4,8,18,18,7,player-4,player-4
403,4,17,0.07387506775557995,player-1,19,20,22,8,player-1,player-1
403,5,17,0.047083012759685516,player-2,24,28,27,14,player-2,player-2
403,6,17,0.04300009459257126,player-3,25,29,34,16,player-3,player-3
403,7,18,0.07029087282717228,player-1,34,29,41,21,player-4,player-1
403,8,17,0.08079200051724911,player-1,43,29,48,29,player-1,player-1
403,9,18,0.0516669824719429,player-3,51,29,51,33,player-2,player-3
404,1,17,0.04945788532495499,player-1,5,3,4,4,player-1,player-1
404,2,19,0.07875007577240467,player-4,11,9,9,7,player-2,player-4
404,3,20,0.046208035200834274,player-2,13,15,9,7,player-3,player-2
404,4,21,0.05766702815890312,player-4,14,16,13,12,player-4,player-4
404,5,17,0.05329190753400326,player-1,24,22,16,13,player-1,player-1
404,6,17,0.050582922995090485,player-2,31,27,18,16,player-2,player-2
404,7,18,0.06308290176093578,player-4,36,27,23,23,player-3,player-4
404,8,19,0.04991702735424042,player-2,39,31,28,30,player-4,player-2
404,9,19,0.0475000124424696,player-3,40,31,33,35,player-1,player-3
404,10,17,0.05808309651911259,player-2,41,39,33,37,player-2,player-2
404,11,22,0.05237502045929432,none,43,39,35,39,player-3,none
404,12,20,0.05712499842047691,player-3,49,40,39,43,player-4,player-3
404,13,18,0.06474996916949749,player-2,49,51,43,48,player-1,player-2
404,14,21,0.062374863773584366,player-2,50,56,44,50,player-2,player-2
405,1,18,0.06995908915996552,player-4,1,1,3,8,player-3,player-4
405,2,19,0.11491705663502216,player-2,4,4,16,9,player-4,player-2
405,3,18,0.05137501284480095,player-2,7,6,20,11,player-1,player-2
405,4,17,0.08549983613193035,player-2,10,9,26,13,player-2,player-2
405,5,17,0.04295795224606991,player-3,11,11,31,14,player-3,player-3
405,6,17,0.04975008778274059,player-4,13,13,39,16,player-4,player-4
405,7,18,0.05254102870821953,player-2,15,16,44,20,player-1,player-2
405,8,19,0.061499886214733124,player-4,15,21,44,22,player-2,player-4
405,9,20,0.055208103731274605,player-2,15,28,45,24,player-3,player-2
405,10,17,0.041791005060076714,player-4,17,31,46,26,player-4,player-4
405,11,20,0.04737498238682747,player-4,20,34,53,28,player-1,player-4
405,12,26,0.06983289495110512,player-3,25,36,59,31,player-2,player-3
405,13,26,0.060165999457240105,player-4,30,37,68,40,player-3,player-4
405,14,18,0.05508400499820709,player-1,39,39,72,43,player-4,player-1
406,1,21,0.08333311416208744,player-2,4,4,8,2,player-2,player-2
406,2,18,0.05520903505384922,player-4,6,4,13,10,player-3,player-4
406,3,17,0.05954178050160408,player-4,12,8,17,17,player-4,player-4
406,4,17,0.07212511263787746,player-1,17,11,21,30,player-1,player-1
406,5,17,0.061542028561234474,player-2,17,22,23,37,player-2,player-2
406,6,17,0.053958967328071594,player-3,18,24,26,40,player-3,player-3
406,7,17,0.05470891483128071,player-4,18,27,27,43,player-4,player-4
406,8,17,0.05324999801814556,player-1,21,28,29,48,player-1,player-1
406,9,18,0.06329105235636234,player-3,28,33,32,52,player-2,player-3
406,10,17,0.04170788452029228,player-3,30,36,39,52,player-3,player-3
406,11,22,0.05666702054440975,player-1,35,39,41,56,player-4,player-1
406,12,17,0.04375004209578037,player-1,39,42,41,61,player-1,player-1
407,1,17,0.041040824726223946,player-2,5,3,1,4,player-2,player-2
407,2,18,0.0467090867459774,player-4,6,3,2,10,player-3,player-4
407,3,17,0.04945811815559864,player-4,13,10,5,13,player-4,player-4
407,4,17,0.05483301356434822,player-1,23,11,10,17,player-1,player-1
407,5,18,0.04612491466104984,player-3,28,15,13,20,player-2,player-3
407,6,19,0.07083313539624214,player-1,32,19,17,25,player-3,player-1
407,7,20,0.058833975344896317,player-3,35,21,27,29,player-4,player-3
407,8,31,0.07575005292892456,player-3,42,23,38,31,player-1,player-3
407,9,17,0.06620888598263264,player-2,43,30,39,31,player-2,player-2
407,10,17,0.060542020946741104,player-3,48,30,46,33,player-3,player-3
407,11,17,0.052584102377295494,player-4,49,34,48,42,player-4,player-4
407,12,26,0.08654105477035046,player-2,49,42,50,45,player-1,player-2
407,13,17,0.07558311335742474,player-2,54,46,56,51,player-2,player-2
408,1,17,0.04495796747505665,player-1,2,2,4,0,player-1,player-1
408,2,18,0.03879191353917122,none,2,6,12,1,player-2,none
408,3,25,0.0730000901967287,player-3,2,7,19,5,player-3,player-3
408,4,18,0.06070896051824093,player-1,10,9,19,7,player-4,player-1
408,5,17,0.04533398896455765,player-1,12,10,25,9,player-1,player-1
408,6,18,0.051625072956085205,player-3,12,16,31,13,player-2,player-3
408,7,17,0.05158316344022751,player-3,14,21,38,17,player-3,player-3
408,8,17,0.049250200390815735,player-4,14,22,40,20,player-4,player-4
408,9,17,0.0649578869342804,player-1,19,24,43,27,player-1,player-1
408,10,17,0.05408283323049545,player-2,23,26,47,34,player-2,player-2
408,11,17,0.058374833315610886,player-3,26,27,53,35,player-3,player-3
408,12,19,0.05295802839100361,player-2,29,30,57,37,player-4,player-2
408,13,17,0.09070895612239838,player-1,40,41,57,45,player-1,player-1
408,14,17,0.060999998822808266,player-2,44,45,61,47,player-2,player-2
409,1,20,0.0550001859664917,player-1,7,4,2,4,player-2,player-1
409,2,19,0.058999983593821526,player-1,14,4,10,4,player-3,player-1
409,3,21,0.05383300594985485,player-4,21,6,16,7,player-4,player-4
409,4,17,0.04129204899072647,player-1,22,8,16,10,player-1,player-1
409,5,17,0.054584117606282234,player-2,28,15,23,14,player-2,player-2
409,6,17,0.055541982874274254,player-3,31,19,28,16,player-3,player-3
409,7,17,0.05233287811279297,player-4,31,19,33,26,player-4,player-4
409,8,18,0.042625004425644875,player-2,32,24,34,29,player-1,player-2
409,9,22,0.06379210390150547,player-3,37,28,40,32,player-2,player-3
409,10,17,0.05691591650247574,player-3,42,31,47,36,player-3,player-3
409,11,17,0.05512498319149017,player-4,48,32,49,43,player-4,player-4
409,12,17,0.058416975662112236,player-1,56,36,49,47,player-1,player-1
410,1,18,0.06562494672834873,player-3,0,3,12,9,player-2,player-3
410,2,17,0.051582930609583855,player-3,1,3,16,11,player-3,player-3
410,3,17,0.0413327943533659,player-4,2,5,21,17,player-4,player-4
410,4,17,0.04779198206961155,player-1,5,5,26,18,player-1,player-1
410,5,23,0.05345791578292847,none,10,7,26,20,player-2,none
410,6,19,0.06466684862971306,player-1,15,10,31,24,player-3,player-1
410,7,17,0.04724995233118534,player-4,15,10,35,32,player-4,player-4
410,8,18,0.061374856159090996,player-2,19,14,40,35,player-1,player-2
410,9,17,0.05583302117884159,player-2,23,15,44,38,player-2,player-2
410,10,18,0.04491698928177357,player-4,27,17,48,47,player-3,player-4
410,11,17,0.06308406591415405,player-4,34,17,59,48,player-4,player-4
410,12,17,0.06337510421872139,player-1,38,20,62,50,player-1,player-1
411,1,17,0.0710408203303814,player-2,0,6,2,3,player-2,player-2
411,2,17,0.05474989302456379,player-3,2,9,5,6,player-3,player-3
411,3,18,0.05529192276299,player-1,6,9,8,8,player-4,player-1
411,4,18,0.05766679532825947,player-2,14,14,12,11,player-1,player-2
411,5,18,0.05220901221036911,player-3,19,19,15,13,player-2,player-3
411,6,18,0.04016607999801636,none,25,19,17,19,player-3,none
411,7,17,0.06370781920850277,player-4,27,22,19,20,player-4,player-4
411,8,22,0.046083005145192146,none,28,23,20,20,player-1,none
411,9,18,0.06600003689527512,player-3,32,26,21,20,player-2,player-3
411,10,21,0.07295887917280197,player-3,37,35,22,31,player-3,player-3
411,11,17,0.06304099224507809,player-4,42,37,24,37,player-4,player-4
411,12,19,0.05829194560647011,player-3,44,44,35,46,player-1,player-3
411,13,17,0.06816699169576168,player-2,48,52,42,46,player-2,player-2
411,14,17,0.04787486977875233,player-3,50,52,46,48,player-3,player-3
412,1,17,0.06341701373457909,player-3,6,3,7,6,player-3,player-3
412,2,17,0.03854185342788696,player-4,6,3,10,9,player-4,player-4
412,3,19,0.043625012040138245,player-3,9,5,16,10,player-1,player-3
412,4,17,0.05566701292991638,player-2,9,9,21,16,player-2,player-2
412,5,17,0.05274987779557705,player-3,11,14,31,19,player-3,player-3
412,6,17,0.049459049478173256,player-4,16,20,38,21,player-4,player-4
412,7,17,0.04445808008313179,player-1,20,21,39,21,player-1,player-1
412,8,17,0.06729084998369217,player-2,25,30,42,21,player-2,player-2
412,9,18,0.10091601870954037,player-4,36,45,52,26,player-3,player-4
412,10,18,0.04583410918712616,player-1,36,46,56,30,player-4,player-1
412,11,21,0.0666249543428421,player-1,38,51,58,35,player-1,player-1
412,12,20,0.05174987018108368,player-1,43,55,58,35,player-2,player-1
413,1,17,0.060416990891098976,player-2,8,5,0,3,player-2,player-2
413,2,17,0.052958959713578224,player-3,9,12,9,6,player-3,player-3
413,3,21,0.07012509740889072,player-4,13,16,11,14,player-4,player-4
413,4,17,0.05116616375744343,player-1,19,20,16,16,player-1,player-1
413,5,18,0.07620896212756634,player-3,19,22,21,16,player-2,player-3
413,6,17,0.06229197606444359,player-3,24,23,28,19,player-3,player-3
413,7,17,0.050250208005309105,player-4,29,25,34,19,player-4,player-4
413,8,19,0.07770792581140995,player-3,29,34,41,26,player-1,player-3
413,9,17,0.04345807246863842,player-2,29,40,42,28,player-2,player-2
413,10,17,0.04791701212525368,player-3,32,40,49,32,player-3,player-3
413,11,18,0.048083020374178886,player-1,36,42,51,38,player-4,player-1
413,12,17,0.06116693839430809,player-1,43,47,53,45,player-1,player-1
413,13,20,0.06554205901920795,player-1,53,48,56,49,player-2,player-1
414,1,17,0.047457870095968246,player-2,3,7,0,0,player-2,player-2
414,2,17,0.046625034883618355,player-3,6,7,3,1,player-3,player-3
414,3,20,0.058208126574754715,player-3,7,7,5,5,player-4,player-3
414,4,17,0.059791142120957375,player-1,9,12,9,12,player-1,player-1
414,5,17,0.053416937589645386,player-2,12,16,12,17,player-2,player-2
414,6,20,0.06604194641113281,player-2,16,19,17,19,player-3,player-2
414,7,18,0.0627501867711544,player-1,22,19,19,23,player-4,player-1
414,8,20,0.06145797669887543,player-4,22,20,19,28,player-1,player-4
414,9,20,0.06429105997085571,player-1,34,26,24,29,player-2,player-1
414,10,19,0.07695797830820084,player-1,41,30,25,36,player-3,player-1
414,11,17,0.051833922043442726,player-4,42,30,25,43,player-4,player-4
414,12,19,0.06745802238583565,player-3,43,37,30,45,player-1,player-3
414,13,18,0.07079099304974079,player-3,53,41,34,46,player-2,player-3
414,14,17,0.05608284845948219,player-3,59,41,38,50,player-3,player-3
414,15,17,0.052541960030794144,player-4,61,43,38,54,player-4,player-4
414,16,17,0.056541990488767624,player-1,69,44,44,58,player-1,player-1
415,1,21,0.06558303721249104,player-1,5,0,2,3,player-1,player-1
415,2,17,0.0783340074121952,player-2,8,2,10,6,player-2,player-2
415,3,19,0.04804111085832119,player-1,11,10,12,6,player-3,player-1
415,4,19,0.049459049478173256,player-2,13,16,13,11,player-4,player-2
415,5,17,0.05983281880617142,player-1,21,18,16,13,player-1,player-1
415,6,17,0.04770909436047077,player-2,24,19,20,13,player-2,player-2
415,7,18,0.04379195161163807,player-4,27,20,22,15,player-3,player-4
415,8,17,0.05329214036464691,player-4,29,25,25,18,player-4,player-4
415,9,17,0.03975001163780689,player-1,32,25,29,19,player-1,player-1
415,10,17,0.058416975662112236,player-2,35,31,32,21,player-2,player-2
415,11,19,0.053999945521354675,player-1,46,37,42,21,player-3,player-1
415,12,18,0.06108405068516731,player-1,48,39,44,23,player-4,player-1
415,13,17,0.0388328917324543,player-1,53,41,45,26,player-1,player-1
415,14,17,0.05712499842047691,player-2,59,48,52,27,player-2,player-2
416,1,18,0.08533312939107418,player-4,0,5,4,1,player-3,player-4
416,2,17,0.04150019958615303,player-4,0,5,5,4,player-4,player-4
416,3,17,0.054042087867856026,player-1,4,6,7,6,player-1,player-1
416,4,17,0.05583302117884159,player-2,9,10,14,10,player-2,player-2
416,5,18,0.05850009620189667,player-4,13,14,15,17,player-3,player-4
416,6,18,0.05387491546571255,player-1,14,19,19,20,player-4,player-1
416,7,17,0.06579188629984856,player-1,18,28,21,23,player-1,player-1
416,8,23,0.05579204298555851,player-4,25,29,21,29,player-2,player-4
416,9,18,0.06395787931978703,player-4,30,36,30,31,player-3,player-4
416,10,17,0.04441593773663044,player-4,32,38,33,36,player-4,player-4
416,11,17,0.06924988701939583,player-1,39,42,35,39,player-1,player-1
416,12,17,0.04516704939305782,player-2,47,43,40,43,player-2,player-2
416,13,17,0.05362485535442829,player-3,48,49,46,43,player-3,player-3
416,14,18,0.059959013015031815,player-1,53,54,47,50,player-4,player-1
417,1,19,0.0567091628909111,player-3,2,7,3,2,player-1,player-3
417,2,17,0.07695797830820084,player-2,13,11,7,7,player-2,player-2
417,3,19,0.059791840612888336,player-1,19,17,9,14,player-3,player-1
417,4,19,0.049250200390815735,player-2,21,23,9,17,player-4,player-2
417,5,18,0.051333801820874214,player-2,24,27,15,17,player-1,player-2
417,6,17,0.04304107278585434,player-2,28,34,18,17,player-2,player-2
417,7,17,0.07349997758865356,player-3,28,37,25,25,player-3,player-3
417,8,17,0.06174994632601738,player-4,30,40,30,30,player-4,player-4
417,9,27,0.06387499161064625,player-3,32,42,30,31,player-1,player-3
417,10,17,0.054582953453063965,player-2,33,52,31,36,player-2,player-2
417,11,17,0.05729193799197674,player-3,35,53,37,40,player-3,player-3
417,12,22,0.07566600106656551,player-1,39,55,41,43,player-4,player-1
417,13,17,0.04237517714500427,player-1,41,57,45,43,player-1,player-1
418,1,19,0.05375011824071407,player-3,6,5,14,0,player-1,player-3
418,2,17,0.054167117923498154,player-2,12,11,18,0,player-2,player-2
418,3,18,0.04983413964509964,player-4,15,12,19,6,player-3,player-4
418,4,29,0.06516696885228157,player-4,16,14,19,13,player-4,player-4
418,5,26,0.07962505333125591,player-2,20,19,21,18,player-1,player-2
418,6,34,0.06574997678399086,none,23,26,25,21,player-2,none
418,7,17,0.04575005732476711,player-3,26,29,29,21,player-3,player-3
418,8,17,0.05879090167582035,player-4,26,30,33,25,player-4,player-4
418,9,18,0.05033286288380623,player-2,34,37,39,29,player-1,player-2
418,10,22,0.06516696885228157,player-3,39,38,42,30,player-2,player-3
418,11,18,0.05804188549518585,player-4,42,41,43,37,player-3,player-4
418,12,18,0.04712515510618687,player-1,45,44,44,37,player-4,player-1
418,13,17,0.05195802077651024,player-1,50,45,48,37,player-1,player-1
418,14,17,0.04041707143187523,player-2,54,47,49,37,player-2,player-2
419,1,17,0.058666104450821877,player-1,6,5,7,2,player-1,player-1
419,2,18,0.05012494511902332,player-3,6,13,11,3,player-2,player-3
419,3,17,0.05550007335841656,player-3,9,16,19,4,player-3,player-3
419,4,18,0.06250012665987015,player-1,12,21,22,9,player-4,player-1
419,5,17,0.05320785567164421,player-1,19,26,31,12,player-1,player-1
419,6,18,0.059167155995965004,player-3,25,29,37,16,player-2,player-3
419,7,17,0.06379187107086182,player-3,29,34,45,20,player-3,player-3
419,8,18,0.04512513987720013,player-1,30,34,48,22,player-4,player-1
419,9,21,0.06641680374741554,player-1,34,43,53,27,player-1,player-1
419,10,18,0.05933293141424656,player-3,40,45,57,33,player-2,player-3
419,11,17,0.07895892485976219,player-3,46,51,66,34,player-3,player-3
420,1,18,0.07916707545518875,player-4,6,0,6,5,player-3,player-4
420,2,21,0.04820898175239563,player-4,7,1,10,9,player-4,player-4
420,3,18,0.05545793101191521,player-2,10,8,14,14,player-1,player-2
420,4,18,0.08650007657706738,player-3,11,11,19,15,player-2,player-3
420,5,19,0.06291596218943596,player-1,15,19,19,16,player-3,player-1
420,6,17,0.05283299833536148,player-4,18,24,19,23,player-4,player-4
420,7,20,0.05595805123448372,player-4,21,27,21,30,player-1,player-4
420,8,17,0.047208042815327644,player-2,22,30,24,34,player-2,player-2
420,9,17,0.04912493750452995,player-3,26,31,29,35,player-3,player-3
420,10,20,0.05512498319149017,player-3,26,32,31,41,player-4,player-3
420,11,17,0.06258301436901093,player-1,40,34,39,44,player-1,player-1
420,12,18,0.048791058361530304,player-3,41,39,43,45,player-2,player-3
420,13,27,0.061166007071733475,none,44,42,43,49,player-3,none
420,14,17,0.06329198367893696,player-4,44,47,43,57,player-4,player-4
421,1,31,0.06558396853506565,none,3,1,6,1,player-3,none
421,2,19,0.045250169932842255,player-2,5,4,7,3,player-4,player-2
421,3,20,0.09112502448260784,player-4,11,9,7,10,player-1,player-4
421,4,20,0.04912493750452995,player-1,20,11,8,11,player-2,player-1
421,5,17,0.05137501284480095,player-3,25,15,10,16,player-3,player-3
421,6,18,0.051958952099084854,player-1,30,22,15,17,player-4,player-1
421,7,17,0.04691700451076031,player-1,37,23,17,19,player-1,player-1
421,8,17,0.056791817769408226,player-2,37,32,20,24,player-2,player-2
421,9,17,0.05154102109372616,player-3,47,33,26,30,player-3,player-3
421,10,17,0.06529083475470543,player-4,49,37,30,36,player-4,player-4
421,11,22,0.06941612809896469,player-2,53,45,35,40,player-1,player-2
421,12,17,0.05933293141424656,player-2,55,53,37,44,player-2,player-2
421,13,19,0.048832967877388,player-1,59,56,42,49,player-3,player-1
422,1,31,0.0649159774184227,none,1,3,0,6,player-3,none
422,2,19,0.06266613490879536,player-2,4,7,2,14,player-4,player-2
422,3,17,0.0724161509424448,player-1,10,9,3,19,player-1,player-1
422,4,18,0.05083298310637474,player-3,14,10,7,19,player-2,player-3
422,5,17,0.07916591130197048,player-3,23,15,16,19,player-3,player-3
422,6,18,0.060542020946741104,player-1,26,19,19,20,player-4,player-1
422,7,17,0.05516689270734787,player-1,34,19,26,24,player-1,player-1
422,8,20,0.06074993871152401,player-1,37,23,30,27,player-2,player-1
422,9,17,0.04424992948770523,player-3,40,32,31,28,player-3,player-3
422,10,17,0.08091703057289124,player-4,42,38,31,39,player-4,player-4
422,11,19,0.05529099144041538,player-3,48,42,35,44,player-1,player-3
422,12,19,0.04291720688343048,player-4,50,45,35,49,player-2,player-4
422,13,17,0.044625019654631615,player-3,51,46,38,50,player-3,player-3
422,14,20,0.05833315663039684,player-3,52,49,44,53,player-4,player-3
423,1,20,0.060499878600239754,none,1,3,4,3,player-3,none
423,2,24,0.07229205220937729,player-3,6,3,15,7,player-4,player-3
423,3,21,0.059999991208314896,player-1,11,8,15,14,player-1,player-1
423,4,18,0.057541998103260994,player-3,13,13,18,16,player-2,player-3
423,5,17,0.059042125940322876,player-3,16,18,23,18,player-3,player-3
423,6,18,0.06604194641113281,player-1,18,26,28,28,player-4,player-1
423,7,17,0.04333304241299629,player-1,25,29,31,31,player-1,player-1
423,8,18,0.05733314901590347,player-3,29,32,36,33,player-2,player-3
423,9,20,0.05237502045929432,player-2,35,40,38,33,player-3,player-2
423,10,18,0.0466248020529747,player-1,35,44,49,34,player-4,player-1
423,11,19,0.06783287972211838,player-3,37,44,55,35,player-1,player-3
423,12,21,0.05504186265170574,player-2,39,49,61,35,player-2,player-2
424,1,17,0.05066697485744953,player-3,4,3,8,0,player-3,player-3
424,2,18,0.06125005893409252,player-1,12,4,11,2,player-4,player-1
424,3,20,0.053416937589645386,player-4,13,8,13,9,player-1,player-4
424,4,19,0.062417006120085716,player-4,15,13,21,14,player-2,player-4
424,5,17,0.04558381624519825,player-3,18,13,24,14,player-3,player-3
424,6,17,0.04875008016824722,player-4,20,15,24,19,player-4,player-4
424,7,17,0.04437495954334736,player-1,23,15,24,19,player-1,player-1
424,8,18,0.05737505853176117,player-3,27,19,33,21,player-2,player-3
424,9,18,0.06408314220607281,player-4,27,26,35,28,player-3,player-4
424,10,17,0.05158316344022751,player-4,31,29,43,32,player-4,player-4
424,11,17,0.05091703496873379,player-1,35,33,43,32,player-1,player-1
424,12,17,0.050208065658807755,player-2,35,38,47,35,player-2,player-2
424,13,17,0.052582938224077225,player-3,42,40,50,35,player-3,player-3
424,14,17,0.05487492308020592,player-4,45,42,54,38,player-4,player-4
424,15,19,0.05541718564927578,player-3,48,43,56,40,player-1,player-3
425,1,17,0.054958974942564964,player-1,4,3,2,5,player-1,player-1
425,2,19,0.04820898175239563,player-4,8,5,2,9,player-2,player-4
425,3,18,0.05741603672504425,player-4,11,5,10,16,player-3,player-4
425,4,19,0.07116701453924179,player-2,11,9,11,18,player-4,player-2
425,5,17,0.050791073590517044,player-1,13,9,14,18,player-1,player-1
425,6,18,0.0463749747723341,player-3,14,15,15,21,player-2,player-3
425,7,17,0.04695798270404339,player-3,17,21,21,21,player-3,player-3
425,8,24,0.06349990144371986,player-3,19,24,27,22,player-4,player-3
425,9,20,0.04987511783838272,player-4,21,25,30,27,player-1,player-4
425,10,20,0.06816699169576168,player-1,28,35,37,27,player-2,player-1
425,11,19,0.052042072638869286,player-1,37,37,42,28,player-3,player-1
425,12,18,0.044291140511631966,player-1,47,39,47,29,player-4,player-1
425,13,17,0.05083414725959301,player-1,53,41,49,32,player-1,player-1
426,1,17,0.0575000885874033,player-2,6,5,3,5,player-2,player-2
426,2,18,0.06812508217990398,player-4,9,7,12,7,player-3,player-4
426,3,31,0.062125036492943764,player-2,12,11,14,13,player-4,player-2
426,4,17,0.05766702815890312,player-1,18,18,14,14,player-1,player-1
426,5,19,0.04237494431436062,player-4,20,19,14,21,player-2,player-4
426,6,17,0.04029087722301483,player-3,22,23,15,23,player-3,player-3
426,7,20,0.06337510421872139,player-3,28,23,21,27,player-4,player-3
426,8,17,0.05087512545287609,player-1,31,25,24,29,player-1,player-1
426,9,17,0.08379202336072922,player-2,33,35,29,31,player-2,player-2
426,10,18,0.06145797669887543,player-4,39,37,31,36,player-3,player-4
426,11,18,0.06141606718301773,player-1,40,38,33,43,player-4,player-1
426,12,17,0.03833300434052944,player-1,44,38,37,44,player-1,player-1
426,13,18,0.06025005131959915,player-3,44,44,44,49,player-2,player-3
426,14,17,0.08866586722433567,player-3,46,50,52,49,player-3,player-3
426,15,17,0.06920890882611275,player-4,48,52,55,55,player-4,player-4
427,1,18,0.04549999721348286,player-2,2,9,1,1,player-1,player-2
427,2,20,0.060125021263957024,player-1,3,10,5,4,player-2,player-1
427,3,24,0.08233403787016869,none,3,12,9,7,player-3,none
427,4,17,0.04666694439947605,player-4,6,12,9,12,player-4,player-4
427,5,27,0.06687501445412636,player-3,7,13,15,16,player-1,player-3
427,6,17,0.04674983210861683,player-2,16,19,22,21,player-2,player-2
427,7,20,0.042041996493935585,player-2,22,25,25,21,player-3,player-2
427,8,19,0.05066697485744953,player-2,22,28,27,28,player-4,player-2
427,9,17,0.04650000482797623,player-1,24,30,29,29,player-1,player-1
427,10,17,0.06704102270305157,player-2,24,32,33,39,player-2,player-2
427,11,18,0.05270913243293762,player-4,31,35,35,40,player-3,player-4
427,12,17,0.04987488500773907,player-4,33,40,36,43,player-4,player-4
427,13,17,0.0524579081684351,player-1,39,43,41,44,player-1,player-1
427,14,17,0.05933293141424656,player-2,42,53,47,48,player-2,player-2
428,1,18,0.05625002086162567,player-4,0,8,2,4,player-3,player-4
428,2,17,0.07895799353718758,player-4,9,8,11,10,player-4,player-4
428,3,21,0.05704187788069248,player-1,16,10,11,10,player-1,player-1
428,4,17,0.05366583354771137,player-2,27,18,16,13,player-2,player-2
428,5,17,0.04937499761581421,player-3,32,20,20,17,player-3,player-3
428,6,18,0.04912517033517361,player-1,38,21,22,21,player-4,player-1
428,7,17,0.051999930292367935,player-1,38,23,24,23,player-1,player-1
428,8,18,0.04924996756017208,player-3,43,25,24,27,player-2,player-3
428,9,20,0.07312512025237083,player-2,46,32,26,38,player-3,player-2
428,10,17,0.05570799112319946,player-4,47,34,29,42,player-4,player-4
428,11,18,0.0491670798510313,player-2,48,44,33,48,player-1,player-2
428,12,19,0.0944170169532299,player-4,48,48,33,51,player-2,player-4
428,13,17,0.0786671880632639,player-3,51,59,42,53,player-3,player-3
429,1,17,0.056958990171551704,player-3,4,2,2,1,player-3,player-3
429,2,17,0.04754099063575268,player-4,8,2,2,4,player-4,player-4
429,3,19,0.07904204539954662,player-3,13,5,4,10,player-1,player-3
429,4,17,0.04933308809995651,player-2,14,8,10,14,player-2,player-2
429,5,17,0.05283299833536148,player-3,15,8,15,17,player-3,player-3
429,6,17,0.04029087722301483,player-4,19,13,15,20,player-4,player-4
429,7,18,0.04712492227554321,player-2,21,19,17,20,player-1,player-2
429,8,19,0.059125013649463654,player-4,21,21,18,24,player-2,player-4
429,9,17,0.039999838918447495,player-3,22,21,23,26,player-3,player-3
429,10,17,0.04416704177856445,player-4,24,23,23,31,player-4,player-4
429,11,18,0.07812492549419403,player-2,29,26,28,34,player-1,player-2
429,12,19,0.041207997128367424,none,33,31,31,34,player-2,none
429,13,17,0.05074986256659031,player-3,36,32,41,35,player-3,player-3
429,14,20,0.07050018757581711,player-3,37,35,47,38,player-4,player-3
429,15,17,0.05487515591084957,player-1,39,36,52,47,player-1,player-1
429,16,23,0.054541975259780884,player-4,44,42,56,56,player-2,player-4
430,1,18,0.05545793101191521,player-1,5,0,6,0,player-4,player-1
430,2,21,0.053833937272429466,player-1,12,0,14,1,player-1,player-1
430,3,17,0.05508400499820709,player-2,16,5,17,4,player-2,player-2
430,4,17,0.05283299833536148,player-3,20,7,22,6,player-3,player-3
430,5,17,0.051582930609583855,player-4,21,7,25,14,player-4,player-4
430,6,18,0.05137501284480095,player-2,25,15,26,17,player-1,player-2
430,7,23,0.060999998822808266,player-4,25,20,29,28,player-2,player-4
430,8,17,0.04254188388586044,player-3,29,20,36,29,player-3,player-3
430,9,17,0.050582922995090485,player-4,31,21,41,33,player-4,player-4
430,10,17,0.04600011743605137,player-1,37,22,43,33,player-1,player-1
430,11,17,0.05633290857076645,player-2,39,29,50,38,player-2,player-2
430,12,17,0.07654214277863503,player-3,48,29,56,40,player-3,player-3
431,1,17,0.043250154703855515,player-3,4,1,5,0,player-3,player-3
431,2,17,0.04966696724295616,player-4,8,2,8,8,player-4,player-4
431,3,17,0.045082997530698776,player-1,8,8,12,18,player-1,player-1
431,4,17,0.04695798270404339,player-2,10,10,18,18,player-2,player-2
431,5,18,0.055042095482349396,player-4,11,11,21,25,player-3,player-4
431,6,19,0.039041973650455475,none,11,18,22,26,player-4,none
431,7,17,0.05262484773993492,player-1,22,22,26,26,player-1,player-1
431,8,18,0.05616690032184124,player-3,27,30,44,26,player-2,player-3
431,9,17,0.061374856159090996,player-3,30,32,47,30,player-3,player-3
431,10,19,0.06083399057388306,player-2,32,35,53,37,player-4,player-2
431,11,18,0.046582892537117004,player-2,34,40,55,44,player-1,player-2
431,12,17,0.05062483251094818,player-2,35,52,56,48,player-2,player-2
432,1,18,0.06550014950335026,player-2,5,3,0,4,player-1,player-2
432,2,17,0.061416998505592346,player-2,7,13,1,6,player-2,player-2
432,3,17,0.05616690032184124,player-3,10,13,9,7,player-3,player-3
432,4,17,0.043208012357354164,player-4,12,15,12,11,player-4,player-4
432,5,17,0.053165946155786514,player-1,15,16,14,11,player-1,player-1
432,6,20,0.04854099825024605,player-1,19,18,15,12,player-2,player-1
432,7,17,0.056916847825050354,player-3,21,22,21,14,player-3,player-3
432,8,18,0.04716706462204456,player-1,29,24,23,23,player-4,player-1
432,9,17,0.06220792420208454,player-1,34,24,28,27,player-1,player-1
432,10,19,0.05612499080598354,player-4,37,27,30,34,player-2,player-4
432,11,17,0.05050003528594971,player-3,39,32,34,34,player-3,player-3
432,12,18,0.056582968682050705,player-1,45,33,34,36,player-4,player-1
432,13,19,0.06095878779888153,player-3,47,35,43,42,player-1,player-3
432,14,19,0.057625118643045425,player-4,47,36,46,45,player-2,player-4
432,15,17,0.045208027586340904,player-3,48,36,62,50,player-3,player-3
433,1,18,0.05195802077651024,player-2,2,14,0,0,player-1,player-2
433,2,17,0.050584087148308754,player-2,4,21,0,4,player-2,player-2
433,3,24,0.04787486977875233,none,4,24,1,9,player-3,none
433,4,19,0.05137501284480095,player-2,8,29,4,11,player-4,player-2
433,5,17,0.06362516433000565,player-1,15,33,8,18,player-1,player-1
433,6,17,0.051958952099084854,player-2,15,43,11,28,player-2,player-2
433,7,19,0.05979207344353199,player-1,17,51,15,33,player-3,player-1
433,8,17,0.04879198968410492,player-4,19,52,19,35,player-4,player-4
433,9,24,0.05124998278915882,none,21,54,22,39,player-1,none
433,10,19,0.04529207944869995,player-4,24,57,27,41,player-2,player-4
433,11,17,0.06266683340072632,player-3,27,58,33,45,player-3,player-3
434,1,17,0.06958306767046452,player-2,4,19,0,11,player-2,player-2
434,2,19,0.054999953135848045,player-1,11,23,3,12,player-3,player-1
434,3,27,0.059499870985746384,player-2,11,27,3,14,player-4,player-2
434,4,17,0.05670799873769283,player-1,15,29,7,19,player-1,player-1
434,5,19,0.07412489503622055,player-4,17,32,8,22,player-2,player-4
434,6,17,0.05579204298555851,player-3,22,32,13,27,player-3,player-3
434,7,17,0.04708394408226013,player-4,25,39,15,33,player-4,player-4
434,8,17,0.052165938541293144,player-1,32,42,15,37,player-1,player-1
434,9,26,0.056999968364834785,player-3,36,50,21,38,player-2,player-3
434,10,17,0.06458302959799767,player-3,43,54,33,42,player-3,player-3
434,11,17,0.0538751482963562,player-4,47,54,39,46,player-4,player-4
435,1,21,0.05874992348253727,player-1,11,6,10,5,player-1,player-1
435,2,18,0.038708094507455826,none,12,10,10,6,player-2,none
435,3,18,0.055833952501416206,player-4,16,11,14,13,player-3,player-4
435,4,21,0.05074986256659031,none,19,11,18,19,player-4,none
435,5,17,0.03979192115366459,player-1,23,12,18,22,player-1,player-1
435,6,23,0.06908318027853966,player-4,29,13,22,30,player-2,player-4
435,7,17,0.04454189911484718,player-3,32,21,25,32,player-3,player-3
435,8,18,0.05066697485744953,player-1,40,26,25,35,player-4,player-1
435,9,17,0.041207997128367424,player-1,49,26,27,37,player-1,player-1
435,10,17,0.061416998505592346,player-2,55,35,27,43,player-2,player-2
435,11,17,0.06716698408126831,player-3,64,38,37,47,player-3,player-3
436,1,20,0.06795814260840416,player-1,3,0,1,5,player-2,player-1
436,2,17,0.06504193879663944,player-3,7,4,8,5,player-3,player-3
436,3,19,0.06016693077981472,player-2,12,8,14,9,player-4,player-2
436,4,17,0.04579196684062481,player-1,14,9,14,13,player-1,player-1
436,5,17,0.06737490184605122,player-2,22,19,26,14,player-2,player-2
436,6,17,0.06670900620520115,player-3,27,19,31,21,player-3,player-3
436,7,17,0.061959028244018555,player-4,27,20,35,33,player-4,player-4
436,8,18,0.05733291618525982,player-2,31,28,35,38,player-1,player-2
436,9,17,0.05591590888798237,player-2,33,36,37,45,player-2,player-2
436,10,17,0.04287483170628548,player-3,36,38,41,45,player-3,player-3
436,11,18,0.06666616536676884,player-1,42,40,45,52,player-4,player-1
436,12,17,0.05762488581240177,player-1,48,43,45,53,player-1,player-1
436,13,18,0.04812492989003658,player-3,49,45,50,55,player-2,player-3
437,1,17,0.059167155995965004,player-4,4,5,2,6,player-4,player-4
437,2,20,0.05433289334177971,player-4,10,14,4,9,player-1,player-4
437,3,17,0.05766586400568485,player-2,10,20,6,14,player-2,player-2
437,4,21,0.055582961067557335,player-3,13,26,10,18,player-3,player-3
437,5,21,0.06116693839430809,player-4,16,32,10,26,player-4,player-4
437,6,17,0.05012517794966698,player-1,21,36,16,28,player-1,player-1
437,7,17,0.04941713996231556,player-2,25,37,20,28,player-2,player-2
437,8,17,0.0435409601777792,player-3,30,40,22,28,player-3,player-3
437,9,17,0.05979207344353199,player-4,30,44,24,36,player-4,player-4
437,10,17,0.04620896652340889,player-1,33,48,26,41,player-1,player-1
437,11,18,0.050416914746165276,player-3,36,49,31,41,player-2,player-3
437,12,17,0.05412520840764046,player-3,40,51,33,41,player-3,player-3
437,13,17,0.07720803841948509,player-4,44,55,38,47,player-4,player-4
438,1,17,0.04475004971027374,player-1,5,0,4,4,player-1,player-1
438,2,18,0.04887511022388935,player-3,10,1,15,8,player-2,player-3
438,3,28,0.0541668850928545,none,11,4,17,12,player-3,none
438,4,19,0.04004104994237423,player-2,13,11,21,12,player-4,player-2
438,5,17,0.06366707384586334,player-1,24,11,27,17,player-1,player-1
438,6,19,0.04941713996231556,player-4,27,11,27,20,player-2,player-4
438,7,18,0.05870917811989784,player-4,31,11,37,20,player-3,player-4
438,8,18,0.11520879343152046,player-1,35,13,45,27,player-4,player-1
438,9,20,0.08287513628602028,player-4,37,14,45,32,player-1,player-4
438,10,21,0.08050003089010715,player-2,42,21,45,37,player-2,player-2
438,11,18,0.05545793101191521,player-4,44,25,51,39,player-3,player-4
438,12,17,0.06408407352864742,player-4,49,34,56,49,player-4,player-4
439,1,18,0.053791096433997154,player-3,5,1,4,2,player-2,player-3
439,2,18,0.06874999962747097,player-4,9,6,13,7,player-3,player-4
439,3,20,0.05229096859693527,player-3,11,6,20,11,player-4,player-3
439,4,18,0.050042057409882545,player-2,14,13,20,17,player-1,player-2
439,5,17,0.05045789293944836,player-2,19,16,25,18,player-2,player-2
439,6,17,0.040708109736442566,player-3,22,16,28,18,player-3,player-3
439,7,17,0.054666073992848396,player-4,28,19,34,23,player-4,player-4
439,8,18,0.04612491466104984,player-2,29,28,34,24,player-1,player-2
439,9,18,0.05087512545287609,player-3,29,30,44,26,player-2,player-3
439,10,17,0.061416998505592346,player-3,33,34,46,26,player-3,player-3
439,11,18,0.06979098543524742,player-1,39,34,55,28,player-4,player-1
439,12,19,0.050459057092666626,player-3,40,37,60,29,player-1,player-3
440,1,22,0.0488748773932457,player-4,0,1,2,9,player-3,player-4
440,2,18,0.06008287891745567,player-1,4,5,6,13,player-4,player-1
440,3,18,0.06516696885228157,player-2,11,7,11,16,player-1,player-2
440,4,17,0.04387483932077885,player-2,15,7,15,16,player-2,player-2
440,5,17,0.048584071919322014,player-3,19,8,17,18,player-3,player-3
440,6,17,0.05262484773993492,player-4,25,11,19,22,player-4,player-4
440,7,17,0.05116686224937439,player-1,27,11,23,24,player-1,player-1
440,8,18,0.05720905028283596,player-3,31,13,25,25,player-2,player-3
440,9,17,0.05191704258322716,player-3,32,17,31,25,player-3,player-3
440,10,18,0.057374825701117516,player-1,39,20,39,28,player-4,player-1
440,11,17,0.05545793101191521,player-1,45,25,41,31,player-1,player-1
440,12,17,0.06424984894692898,player-2,50,33,47,31,player-2,player-2
440,13,17,0.06570923142135143,player-3,53,37,50,33,player-3,player-3
441,1,19,0.06279093213379383,player-1,2,1,3,2,player-3,player-1
441,2,19,0.08429191075265408,player-2,13,3,6,5,player-4,player-2
441,3,18,0.0538751482963562,player-2,16,8,8,7,player-1,player-2
441,4,18,0.0566248781979084,player-3,19,11,21,10,player-2,player-3
441,5,19,0.06833299994468689,player-1,26,20,22,23,player-3,player-1
441,6,17,0.05966681055724621,player-4,27,20,25,31,player-4,player-4
441,7,16,0.035624951124191284,none,31,20,26,36,player-1,none
441,8,18,0.06454205140471458,player-3,33,28,33,42,player-2,player-3
441,9,18,0.051667215302586555,player-4,36,31,39,47,player-3,player-4
441,10,17,0.054208096116781235,player-4,36,36,40,52,player-4,player-4
441,11,19,0.06449990905821323,player-3,40,36,48,58,player-1,player-3
441,12,20,0.042625004425644875,none,41,37,48,59,player-2,none
441,13,17,0.053541967645287514,player-3,41,39,55,59,player-3,player-3
441,14,17,0.06816699169576168,player-4,44,45,58,64,player-4,player-4
442,1,17,0.0613329466432333,player-1,5,1,3,5,player-1,player-1
442,2,17,0.05566701292991638,player-2,9,9,6,5,player-2,player-2
442,3,25,0.04966696724295616,none,9,11,9,6,player-3,none
442,4,17,0.05004182457923889,player-4,12,11,15,6,player-4,player-4
442,5,17,0.06649992428719997,player-1,14,19,17,7,player-1,player-1
442,6,17,0.047625042498111725,player-2,16,22,21,12,player-2,player-2
442,7,17,0.05733291618525982,player-3,25,22,31,18,player-3,player-3
442,8,18,0.04741596058011055,player-1,33,24,31,19,player-4,player-1
442,9,17,0.04295795224606991,player-1,39,26,33,20,player-1,player-1
442,10,18,0.053958967328071594,player-3,46,30,37,22,player-2,player-3
442,11,17,0.06433390080928802,player-3,50,35,40,24,player-3,player-3
442,12,17,0.05100015550851822,player-4,50,37,41,29,player-4,player-4
442,13,17,0.04175002686679363,player-1,54,37,42,31,player-1,player-1
442,14,17,0.05487492308020592,player-2,58,40,44,33,player-2,player-2
443,1,17,0.05612499080598354,player-1,4,2,7,3,player-1,player-1
443,2,17,0.07904204539954662,player-2,10,12,17,9,player-2,player-2
443,3,38,0.10254187509417534,player-4,10,29,20,20,player-3,player-4
443,4,17,0.053167110309004784,player-4,14,29,22,26,player-4,player-4
443,5,18,0.04949979484081268,player-2,22,29,26,27,player-1,player-2
443,6,17,0.052791088819503784,player-2,27,35,31,30,player-2,player-2
443,7,18,0.06041605956852436,player-4,32,37,38,38,player-3,player-4
443,8,18,0.0652919989079237,player-1,32,39,39,42,player-4,player-1
443,9,18,0.0461251474916935,player-2,35,45,40,42,player-1,player-2
443,10,17,0.0665830448269844,player-2,43,46,40,42,player-2,player-2
443,11,17,0.050083035603165627,player-3,46,49,49,43,player-3,player-3
443,12,17,0.05862489342689514,player-4,49,49,54,50,player-4,player-4
444,1,17,0.05162484012544155,player-2,1,5,3,4,player-2,player-2
444,2,17,0.050584087148308754,player-3,2,10,7,6,player-3,player-3
444,3,17,0.05550007335841656,player-4,3,14,11,14,player-4,player-4
444,4,18,0.06783311255276203,player-2,15,18,11,17,player-1,player-2
444,5,18,0.056167133152484894,player-3,18,18,16,19,player-2,player-3
444,6,17,0.0566248781979084,player-3,19,21,16,23,player-3,player-3
444,7,21,0.05470891483128071,player-4,19,23,20,24,player-4,player-4
444,8,17,0.06695813499391079,player-1,20,30,22,27,player-1,player-1
444,9,21,0.04879198968410492,player-2,23,39,26,30,player-2,player-2
444,10,20,0.04229089245200157,none,23,39,29,32,player-3,none
444,11,17,0.05070795305073261,player-4,24,42,34,37,player-4,player-4
444,12,19,0.08262484334409237,player-3,29,46,36,45,player-1,player-3
444,13,17,0.06858306005597115,player-2,37,58,44,47,player-2,player-2
445,1,19,0.05145883187651634,player-3,2,0,8,2,player-1,player-3
445,2,18,0.05570892244577408,player-3,4,4,12,5,player-2,player-3
445,3,18,0.045042019337415695,player-4,11,7,16,11,player-3,player-4
445,4,19,0.05616690032184124,player-2,11,12,18,16,player-4,player-2
445,5,17,0.05929195322096348,player-1,17,16,21,19,player-1,player-1
445,6,17,0.05420902743935585,player-2,22,18,23,19,player-2,player-2
445,7,17,0.048416899517178535,player-3,24,23,26,25,player-3,player-3
445,8,17,0.04487507976591587,player-4,29,23,29,32,player-4,player-4
445,9,21,0.06883288733661175,player-1,41,25,36,36,player-1,player-1
445,10,19,0.03829202614724636,none,42,29,36,38,player-2,none
445,11,17,0.0438750721514225,player-3,46,34,40,40,player-3,player-3
445,12,17,0.06412481889128685,player-4,49,39,40,45,player-4,player-4
445,13,20,0.04595797508955002,player-4,50,40,42,50,player-1,player-4
445,14,17,0.05591590888798237,player-2,50,49,46,50,player-2,player-2
445,15,17,0.05320901982486248,player-3,57,52,50,50,player-3,player-3
446,1,18,0.06070919334888458,player-3,4,9,3,7,player-2,player-3
446,2,17,0.08554104715585709,player-3,7,15,9,9,player-3,player-3
446,3,18,0.058125006034970284,player-1,14,16,9,14,player-4,player-1
446,4,19,0.06187520921230316,player-3,15,17,16,18,player-1,player-3
446,5,18,0.045667169615626335,player-3,15,18,20,18,player-2,player-3
446,6,25,0.05474989302456379,player-3,16,20,24,22,player-3,player-3
446,7,20,0.05770893767476082,player-3,20,22,27,25,player-4,player-3
446,8,19,0.06354204379022121,player-3,22,31,35,28,player-1,player-3
446,9,18,0.05554221570491791,player-3,27,34,46,28,player-2,player-3
446,10,17,0.05458388477563858,player-3,33,42,54,29,player-3,player-3
446,11,20,0.05362485535442829,player-3,34,44,60,30,player-4,player-3
446,12,17,0.052999937906861305,player-1,37,46,63,34,player-1,player-1
447,1,18,0.05979207344353199,player-1,3,5,3,4,player-4,player-1
447,2,19,0.05337502807378769,player-3,3,7,5,4,player-1,player-3
447,3,18,0.052582938224077225,player-3,3,12,12,7,player-2,player-3
447,4,17,0.05645793862640858,player-3,8,12,18,13,player-3,player-3
447,5,18,0.04512513987720013,player-1,13,12,20,16,player-4,player-1
447,6,18,0.05670893006026745,player-2,19,17,23,20,player-1,player-2
447,7,18,0.045584049075841904,player-3,24,20,27,23,player-2,player-3
447,8,17,0.10008295066654682,player-3,30,30,34,23,player-3,player-3
447,9,23,0.0694170594215393,player-2,35,32,34,23,player-4,player-2
447,10,17,0.05066697485744953,player-1,38,32,35,28,player-1,player-1
447,11,17,0.07224990986287594,player-2,49,36,43,34,player-2,player-2
447,12,17,0.05820789374411106,player-3,55,40,47,39,player-3,player-3
448,1,19,0.06762496195733547,player-3,0,4,6,1,player-1,player-3
448,2,19,0.07966579869389534,player-4,5,7,14,5,player-2,player-4
448,3,18,0.046042026951909065,player-4,8,10,15,8,player-3,player-4
448,4,19,0.05454104393720627,player-2,12,18,19,13,player-4,player-2
448,5,25,0.06295787170529366,player-1,13,20,23,13,player-1,player-1
448,6,17,0.052958959713578224,player-2,16,25,27,17,player-2,player-2
448,7,17,0.06254087202250957,player-3,19,30,30,18,player-3,player-3
448,8,19,0.04508392885327339,player-2,21,37,30,19,player-4,player-2
448,9,26,0.055541982874274254,player-2,23,40,30,22,player-1,player-2
448,10,20,0.06645894609391689,player-1,30,48,33,24,player-2,player-1
448,11,17,0.065250089392066,player-3,30,53,40,33,player-3,player-3
448,12,18,0.052042072638869286,player-1,37,54,40,33,player-4,player-1
448,13,17,0.062417006120085716,player-1,46,56,48,33,player-1,player-1
448,14,17,0.04929187707602978,player-2,47,69,50,33,player-2,player-2
449,1,17,0.0475000124424696,player-3,1,2,6,0,player-3,player-3
449,2,25,0.06991601549088955,player-4,6,2,10,8,player-4,player-4
449,3,17,0.07679197005927563,player-1,10,6,12,12,player-1,player-1
449,4,23,0.07124990224838257,player-4,10,10,17,19,player-2,player-4
449,5,17,0.04924996756017208,player-3,18,11,20,19,player-3,player-3
449,6,17,0.05441717803478241,player-4,21,14,26,22,player-4,player-4
449,7,18,0.042625004425644875,player-2,23,17,29,22,player-1,player-2
449,8,25,0.07179193198680878,player-2,24,25,34,26,player-2,player-2
449,9,17,0.05054217763245106,player-3,31,25,41,28,player-3,player-3
449,10,20,0.06283307448029518,player-3,33,25,51,32,player-4,player-3
449,11,17,0.04349998198449612,player-1,40,30,51,34,player-1,player-1
449,12,17,0.06420817226171494,player-2,42,35,52,36,player-2,player-2
449,13,17,0.06079091690480709,player-3,44,45,52,44,player-3,player-3
449,14,17,0.040165847167372704,player-4,45,45,52,54,player-4,player-4
449,15,18,0.05241716280579567,player-2,50,52,59,57,player-1,player-2
450,1,20,0.06954115815460682,player-1,6,5,3,5,player-2,player-1
450,2,20,0.07679197005927563,player-2,9,13,4,8,player-3,player-2
450,3,19,0.07458287291228771,player-2,10,15,4,17,player-4,player-2
450,4,17,0.06933300755918026,player-1,14,17,11,19,player-1,player-1
450,5,18,0.05620904266834259,player-3,17,20,13,22,player-2,player-3
450,6,17,0.04579196684062481,player-3,18,20,15,22,player-3,player-3
450,7,19,0.05933293141424656,player-2,24,23,19,27,player-4,player-2
450,8,20,0.057499855756759644,player-4,30,23,21,30,player-1,player-4
450,9,17,0.0441248994320631,player-2,33,26,22,31,player-2,player-2
450,10,17,0.049250200390815735,player-3,41,29,32,33,player-3,player-3
450,11,17,0.06425008177757263,player-4,47,36,36,34,player-4,player-4
450,12,18,0.053541967645287514,player-2,52,48,40,38,player-1,player-2
450,13,19,0.07291696965694427,player-4,52,49,41,42,player-2,player-4
450,14,20,0.04612491466104984,player-2,56,51,46,42,player-3,player-2
451,1,18,0.038458965718746185,player-2,2,1,4,3,player-1,player-2
451,2,17,0.05408306606113911,player-2,3,4,7,5,player-2,player-2
451,3,17,0.04337518475949764,player-3,6,7,8,5,player-3,player-3
451,4,19,0.05333288572728634,player-2,12,10,13,5,player-4,player-2
451,5,18,0.07212487980723381,player-2,22,21,17,12,player-1,player-2
451,6,18,0.05320785567164421,player-3,25,21,22,12,player-2,player-3
451,7,22,0.05324999801814556,player-4,31,25,24,21,player-3,player-4
451,8,20,0.059625133872032166,player-3,34,31,30,31,player-4,player-3
451,9,17,0.048040878027677536,player-1,38,31,30,34,player-1,player-1
451,10,17,0.05833292379975319,player-2,38,37,30,37,player-2,player-2
451,11,17,0.06108288653194904,player-3,40,42,37,37,player-3,player-3
451,12,25,0.05700020119547844,player-4,41,44,39,42,player-4,player-4
451,13,19,0.059999991208314896,player-3,44,49,42,45,player-1,player-3
451,14,24,0.06579095497727394,player-1,53,52,47,47,player-2,player-1
452,1,17,0.057167140766978264,player-1,8,2,3,2,player-1,player-1
452,2,17,0.052625080570578575,player-2,8,9,4,5,player-2,player-2
452,3,20,0.05224999040365219,player-2,8,13,8,6,player-3,player-2
452,4,25,0.07166597060859203,player-4,11,18,21,11,player-4,player-4
452,5,17,0.05024997517466545,player-1,18,20,22,14,player-1,player-1
452,6,19,0.05808309651911259,player-4,21,23,28,17,player-2,player-4
452,7,17,0.06908318027853966,player-3,32,23,39,19,player-3,player-3
452,8,17,0.045165885239839554,player-4,36,28,39,24,player-4,player-4
452,9,19,0.05691708065569401,player-3,38,28,40,28,player-1,player-3
452,10,17,0.05008396692574024,player-2,45,31,40,29,player-2,player-2
452,11,18,0.06179092451930046,player-4,51,31,42,33,player-3,player-4
452,12,17,0.05045789293944836,player-4,57,31,46,43,player-4,player-4
453,1,19,0.05262484773993492,player-1,1,2,4,2,player-3,player-1
453,2,17,0.049083027988672256,player-4,3,3,9,5,player-4,player-4
453,3,17,0.06979191675782204,player-1,7,8,11,5,player-1,player-1
453,4,17,0.05083298310637474,player-2,11,11,16,9,player-2,player-2
453,5,18,0.05162484012544155,player-4,12,12,20,17,player-3,player-4
453,6,17,0.06137508898973465,player-4,12,15,23,28,player-4,player-4
453,7,17,0.051584094762802124,player-1,16,15,25,28,player-1,player-1
453,8,20,0.07170811295509338,player-1,31,17,31,30,player-2,player-1
453,9,17,0.07033394649624825,player-3,35,24,37,33,player-3,player-3
453,10,20,0.054040923714637756,player-3,37,27,46,38,player-4,player-3
453,11,19,0.061125028878450394,player-3,45,30,47,47,player-1,player-3
453,12,17,0.05133310332894325,player-2,52,35,49,49,player-2,player-2
454,1,17,0.05420786328613758,player-4,2,5,2,5,player-4,player-4
454,2,17,0.04891585558652878,player-1,5,5,2,7,player-1,player-1
454,3,31,0.05141599103808403,none,7,8,2,11,player-2,none
454,4,18,0.05224999040365219,player-4,12,11,4,14,player-3,player-4
454,5,18,0.044665997847914696,player-1,13,16,7,16,player-4,player-1
454,6,17,0.052791787311434746,player-1,17,16,10,18,player-1,player-1
454,7,18,0.04829210229218006,player-3,19,18,11,23,player-2,player-3
454,8,17,0.04966696724295616,player-3,25,21,18,25,player-3,player-3
454,9,17,0.044250162318348885,player-4,29,23,21,26,player-4,player-4
454,10,17,0.05904189310967922,player-1,38,23,22,29,player-1,player-1
454,11,19,0.04987488500773907,player-4,40,25,24,34,player-2,player-4
454,12,17,0.04416704177856445,player-3,41,25,27,36,player-3,player-3
454,13,17,0.04549999721348286,player-4,45,28,28,40,player-4,player-4
454,14,20,0.07187505252659321,player-4,47,39,28,48,player-1,player-4
454,15,20,0.046833185479044914,player-1,50,42,28,49,player-2,player-1
454,16,28,0.06808293983340263,player-2,56,55,36,55,player-3,player-2
455,1,17,0.0539170578122139,player-1,4,1,4,1,player-1,player-1
455,2,18,0.06066611967980862,player-3,7,6,13,8,player-2,player-3
455,3,17,0.07241684943437576,player-3,10,7,18,11,player-3,player-3
455,4,17,0.04579196684062481,player-4,10,7,20,18,player-4,player-4
455,5,30,0.06566685624420643,player-2,13,9,20,20,player-1,player-2
455,6,17,0.042041996493935585,player-2,16,12,23,20,player-2,player-2
455,7,17,0.05737505853176117,player-3,18,17,37,21,player-3,player-3
455,8,20,0.06087496876716614,player-3,18,18,45,30,player-4,player-3
455,9,17,0.04829093813896179,player-1,26,20,51,39,player-1,player-1
455,10,19,0.04675006493926048,player-4,30,25,55,39,player-2,player-4
455,11,19,0.043625012040138245,player-1,36,26,59,40,player-3,player-1
455,12,20,0.05716690793633461,player-3,38,34,68,42,player-4,player-3
456,1,17,0.053041847422719,player-4,5,4,6,2,player-4,player-4
456,2,18,0.06079208105802536,player-2,9,7,11,7,player-1,player-2
456,3,19,0.04737498238682747,player-4,10,10,11,17,player-2,player-4
456,4,17,0.04379195161163807,player-3,13,13,13,21,player-3,player-3
456,5,17,0.05608308129012585,player-4,18,18,16,26,player-4,player-4
456,6,18,0.041499966755509377,player-2,20,22,18,28,player-1,player-2
456,7,20,0.050667207688093185,player-1,24,24,18,32,player-2,player-1
456,8,17,0.061916885897517204,player-3,27,28,31,33,player-3,player-3
456,9,17,0.05174987018108368,player-4,28,30,34,42,player-4,player-4
456,10,17,0.045416876673698425,player-1,30,32,40,43,player-1,player-1
456,11,17,0.08529191836714745,player-2,35,35,45,44,player-2,player-2
456,12,19,0.06045796908438206,player-1,40,35,49,46,player-3,player-1
456,13,17,0.07045804522931576,player-4,40,35,56,53,player-4,player-4
456,14,32,0.08295802399516106,player-4,43,40,57,58,player-1,player-4
457,1,17,0.05566584877669811,player-4,3,3,3,5,player-4,player-4
457,2,17,0.049582915380597115,player-1,5,5,6,5,player-1,player-1
457,3,17,0.059916870668530464,player-2,8,8,6,7,player-2,player-2
457,4,17,0.046625034883618355,player-3,8,8,10,9,player-3,player-3
457,5,17,0.06295810453593731,player-4,10,11,17,15,player-4,player-4
457,6,17,0.05725002847611904,player-1,15,16,20,18,player-1,player-1
457,7,18,0.056416960433125496,player-3,17,20,23,18,player-2,player-3
457,8,17,0.05037500523030758,player-3,18,20,27,19,player-3,player-3
457,9,17,0.03887503407895565,player-4,20,24,27,22,player-4,player-4
457,10,17,0.058582983911037445,player-1,26,26,33,25,player-1,player-1
457,11,18,0.0466248020529747,player-3,30,28,40,27,player-2,player-3
457,12,18,0.06504100747406483,player-4,33,32,49,29,player-3,player-4
457,13,17,0.057582976296544075,player-4,33,34,51,31,player-4,player-4
457,14,18,0.053999945521354675,player-2,36,38,59,41,player-1,player-2
457,15,18,0.056208111345767975,player-3,43,44,65,43,player-2,player-3
458,1,18,0.054957810789346695,player-3,1,4,4,5,player-2,player-3
458,2,18,0.06166589446365833,player-4,5,9,8,8,player-3,player-4
458,3,17,0.06629200652241707,player-4,11,11,12,16,player-4,player-4
458,4,18,0.04575005732476711,player-2,13,15,14,18,player-1,player-2
458,5,18,0.05112518556416035,player-3,17,16,16,21,player-2,player-3
458,6,17,0.050042057409882545,player-3,21,16,21,25,player-3,player-3
458,7,19,0.0577499158680439,player-2,24,24,28,28,player-4,player-2
458,8,18,0.04779198206961155,player-2,27,31,30,29,player-1,player-2
458,9,19,0.05604187026619911,player-4,34,35,35,33,player-2,player-4
458,10,18,0.055584125220775604,player-4,38,35,45,41,player-3,player-4
458,11,17,0.03724987618625164,player-4,38,38,45,48,player-4,player-4
458,12,17,0.05316617898643017,player-1,46,38,46,51,player-1,player-1
458,13,17,0.0541668850928545,player-2,51,42,46,56,player-2,player-2
458,14,18,0.07216585800051689,player-4,54,49,54,61,player-3,player-4
459,1,17,0.05641719326376915,player-3,6,2,3,2,player-3,player-3
459,2,20,0.05475012585520744,player-3,8,3,5,5,player-4,player-3
459,3,17,0.08537503890693188,player-1,11,9,11,11,player-1,player-1
459,4,17,0.051042065024375916,player-2,19,16,12,11,player-2,player-2
459,5,19,0.0499580055475235,player-1,28,16,16,14,player-3,player-1
459,6,17,0.05941721610724926,player-4,33,22,18,20,player-4,player-4
459,7,17,0.04133302718400955,player-1,42,24,21,21,player-1,player-1
459,8,17,0.046666013076901436,player-2,48,27,21,27,player-2,player-2
459,9,18,0.061542028561234474,player-4,58,28,25,34,player-3,player-4
459,10,17,0.05037500523030758,player-4,59,32,27,40,player-4,player-4
459,11,17,0.059167155995965004,player-1,71,35,32,42,player-1,player-1
460,1,18,0.05120900459587574,player-4,9,0,3,8,player-3,player-4
460,2,19,0.0643748790025711,player-2,11,3,7,10,player-4,player-2
460,3,18,0.04970794543623924,player-2,19,7,9,11,player-1,player-2
460,4,17,0.06587500683963299,player-2,22,16,9,13,player-2,player-2
460,5,18,0.05270796827971935,player-4,24,17,16,17,player-3,player-4
460,6,17,0.04837499000132084,player-4,29,20,17,22,player-4,player-4
460,7,17,0.048999907448887825,player-1,38,22,17,30,player-1,player-1
460,8,19,0.05508400499820709,player-4,40,24,19,32,player-2,player-4
460,9,17,0.051165930926799774,player-3,45,28,22,37,player-3,player-3
460,10,18,0.06095808930695057,player-1,60,28,31,39,player-4,player-1
460,11,21,0.050582922995090485,player-1,63,30,34,39,player-1,player-1
460,12,18,0.052999937906861305,player-3,69,37,44,44,player-2,player-3
461,1,17,0.05754106678068638,player-4,6,5,8,3,player-4,player-4
461,2,19,0.062000006437301636,player-3,11,9,18,5,player-1,player-3
461,3,17,0.04937499761581421,player-2,14,11,22,5,player-2,player-2
461,4,17,0.04654191434383392,player-3,14,13,28,6,player-3,player-3
461,5,17,0.058999983593821526,player-4,22,13,35,12,player-4,player-4
461,6,18,0.052541960030794144,player-2,22,17,36,13,player-1,player-2
461,7,31,0.06354204379022121,player-4,24,19,39,14,player-2,player-4
461,8,17,0.06479094736278057,player-3,24,23,45,18,player-3,player-3
461,9,19,0.06466684862971306,player-2,27,28,47,19,player-4,player-2
461,10,17,0.05795806646347046,player-1,33,34,51,25,player-1,player-1
461,11,17,0.06050011143088341,player-2,36,44,55,34,player-2,player-2
461,12,17,0.05050003528594971,player-3,39,47,61,35,player-3,player-3
462,1,17,0.051541952416300774,player-4,3,5,11,10,player-4,player-4
462,2,18,0.04324992187321186,player-2,4,7,13,13,player-1,player-2
462,3,18,0.05891709588468075,player-3,4,14,13,21,player-2,player-3
462,4,18,0.050459057092666626,player-4,7,15,17,27,player-3,player-4
462,5,19,0.053416937589645386,player-2,12,17,21,29,player-4,player-2
462,6,19,0.05229213275015354,player-3,14,22,27,32,player-1,player-3
462,7,18,0.04912493750452995,player-3,15,24,35,34,player-2,player-3
462,8,17,0.05762488581240177,player-3,19,24,43,34,player-3,player-3
462,9,17,0.05445885471999645,player-4,25,29,50,35,player-4,player-4
462,10,19,0.06216694600880146,player-3,28,31,54,40,player-1,player-3
462,11,17,0.04666694439947605,player-2,29,33,57,42,player-2,player-2
462,12,17,0.05937507376074791,player-3,36,33,64,50,player-3,player-3
463,1,17,0.06083399057388306,player-2,1,6,2,4,player-2,player-2
463,2,19,0.0688750296831131,player-1,6,15,7,11,player-3,player-1
463,3,17,0.04475004971027374,player-4,6,15,12,15,player-4,player-4
463,4,17,0.05029188469052315,player-1,10,17,18,22,player-1,player-1
463,5,17,0.0612910371273756,player-2,16,21,18,23,player-2,player-2
463,6,20,0.06174994632601738,player-2,17,23,21,29,player-3,player-2
463,7,20,0.05879206582903862,player-3,23,27,26,30,player-4,player-3
463,8,17,0.06262492388486862,player-1,28,30,26,30,player-1,player-1
463,9,23,0.056625111028552055,none,28,32,26,34,player-2,none
463,10,20,0.06583309732377529,player-2,32,37,30,34,player-3,player-2
463,11,17,0.06512505933642387,player-4,34,40,34,47,player-4,player-4
463,12,21,0.06570899859070778,player-1,41,41,34,51,player-1,player-1
463,13,17,0.04979199729859829,player-2,46,44,35,52,player-2,player-2
463,14,18,0.08187489584088326,player-4,50,46,40,56,player-3,player-4
464,1,17,0.07412489503622055,player-2,2,14,0,8,player-2,player-2
464,2,17,0.07991702295839787,player-3,12,17,12,12,player-3,player-3
464,3,17,0.05324999801814556,player-4,16,19,12,18,player-4,player-4
464,4,20,0.052582938224077225,player-4,17,21,14,22,player-1,player-4
464,5,27,0.07083406671881676,player-4,17,26,14,27,player-2,player-4
464,6,18,0.07012509740889072,player-4,22,28,16,35,player-3,player-4
464,7,23,0.0541249755769968,player-2,25,29,18,39,player-4,player-2
464,8,17,0.07366691716015339,player-1,27,34,20,46,player-1,player-1
464,9,17,0.044082989916205406,player-2,29,38,22,49,player-2,player-2
464,10,17,0.06866711191833019,player-3,31,41,29,53,player-3,player-3
464,11,19,0.0641669612377882,player-2,37,48,33,55,player-4,player-2
465,1,17,0.052416929975152016,player-1,2,1,4,2,player-1,player-1
465,2,17,0.04424992948770523,player-2,5,4,4,2,player-2,player-2
465,3,18,0.0653339084237814,player-4,13,8,12,12,player-3,player-4
465,4,20,0.0654999166727066,player-3,17,10,21,15,player-4,player-3
465,5,17,0.04129204899072647,player-1,20,10,23,19,player-1,player-1
465,6,19,0.05591707304120064,player-4,24,12,29,20,player-2,player-4
465,7,20,0.061916885897517204,player-2,33,13,33,27,player-3,player-2
465,8,19,0.048083020374178886,player-2,34,17,37,29,player-4,player-2
465,9,17,0.05150004290044308,player-1,36,20,39,31,player-1,player-1
465,10,25,0.07970794104039669,player-2,37,33,44,37,player-2,player-2
465,11,18,0.05516689270734787,player-4,40,36,48,41,player-3,player-4
465,12,17,0.04716706462204456,player-4,42,40,49,46,player-4,player-4
465,13,18,0.06808317266404629,player-2,51,51,57,51,player-1,player-2
466,1,18,0.06633298471570015,player-2,3,4,7,8,player-1,player-2
466,2,17,0.04487507976591587,player-2,6,6,8,11,player-2,player-2
466,3,18,0.06400002166628838,player-4,11,8,10,17,player-3,player-4
466,4,17,0.06712507456541061,player-4,12,8,19,20,player-4,player-4
466,5,18,0.07979106158018112,player-2,16,18,23,20,player-1,player-2
466,6,19,0.04791608080267906,player-4,16,19,23,26,player-2,player-4
466,7,20,0.0665830448269844,player-2,16,21,34,27,player-3,player-2
466,8,24,0.08258386515080929,player-3,28,24,38,30,player-4,player-3
466,9,18,0.04395819269120693,player-2,31,33,38,32,player-1,player-2
466,10,18,0.058125006034970284,player-3,32,34,44,34,player-2,player-3
466,11,17,0.055625103414058685,player-3,35,34,51,37,player-3,player-3
466,12,17,0.051416922360658646,player-4,40,39,53,43,player-4,player-4
466,13,17,0.05625002086162567,player-1,49,51,62,43,player-1,player-1
467,1,17,0.05050003528594971,player-1,16,4,5,0,player-1,player-1
467,2,18,0.04733284004032612,player-3,16,11,9,2,player-2,player-3
467,3,17,0.06329198367893696,player-3,20,19,15,8,player-3,player-3
467,4,17,0.048999907448887825,player-4,26,22,21,14,player-4,player-4
467,5,21,0.05545816384255886,player-1,33,24,27,19,player-1,player-1
467,6,18,0.05508307367563248,player-3,36,30,31,22,player-2,player-3
467,7,26,0.06891717202961445,none,41,35,33,23,player-3,none
467,8,21,0.05474989302456379,player-4,48,36,35,31,player-4,player-4
467,9,17,0.051165930926799774,player-1,55,36,35,34,player-1,player-1
467,10,19,0.06258301436901093,player-4,59,37,40,35,player-2,player-4
467,11,18,0.04429183900356293,player-4,59,39,42,40,player-3,player-4
468,1,17,0.058957841247320175,player-3,4,6,6,3,player-3,player-3
468,2,18,0.05574990063905716,player-1,9,12,19,5,player-4,player-1
468,3,18,0.04979199729859829,player-2,11,18,23,11,player-1,player-2
468,4,19,0.052584102377295494,player-4,16,20,25,14,player-2,player-4
468,5,17,0.04579196684062481,player-3,18,20,32,14,player-3,player-3
468,6,17,0.05345814861357212,player-4,20,20,33,17,player-4,player-4
468,7,17,0.05508307367563248,player-1,30,22,41,18,player-1,player-1
468,8,22,0.06987480446696281,player-3,30,26,48,24,player-2,player-3
468,9,17,0.05970895290374756,player-3,34,30,52,27,player-3,player-3
468,10,20,0.06125005893409252,player-3,38,30,57,29,player-4,player-3
468,11,19,0.07004104554653168,player-3,40,34,58,37,player-1,player-3
468,12,17,0.04891701973974705,player-2,42,38,60,40,player-2,player-2
469,1,20,0.05645793862640858,player-4,1,2,3,4,player-1,player-4
469,2,21,0.04375004209578037,none,3,4,3,6,player-2,none
469,3,17,0.05366699770092964,player-3,9,4,9,7,player-3,player-3
469,4,17,0.06570899859070778,player-4,16,4,18,10,player-4,player-4
469,5,17,0.058959005400538445,player-1,24,6,21,14,player-1,player-1
469,6,18,0.048625050112605095,player-3,24,8,28,20,player-2,player-3
469,7,19,0.05687493830919266,player-1,33,17,31,21,player-3,player-1
469,8,17,0.05358317866921425,player-4,35,18,32,37,player-4,player-4
469,9,17,0.04829093813896179,player-1,39,21,34,38,player-1,player-1
469,10,17,0.049083027988672256,player-2,46,21,36,41,player-2,player-2
469,11,18,0.04095816984772682,player-4,46,22,37,43,player-3,player-4
469,12,17,0.06012478843331337,player-4,46,27,44,52,player-4,player-4
469,13,17,0.05712499842047691,player-1,49,29,46,52,player-1,player-1
469,14,18,0.06045796908438206,player-3,49,33,54,58,player-2,player-3
470,1,17,0.07354188710451126,player-4,4,2,4,3,player-4,player-4
470,2,17,0.04833401180803776,player-1,8,4,4,3,player-1,player-1
470,3,18,0.05075009539723396,player-3,11,9,5,4,player-2,player-3
470,4,18,0.06616697646677494,player-4,16,13,7,7,player-3,player-4
470,5,26,0.05212519317865372,none,16,14,9,10,player-4,none
470,6,17,0.053208786994218826,player-1,19,18,11,14,player-1,player-1
470,7,17,0.046416185796260834,player-2,19,20,16,15,player-2,player-2
470,8,17,0.04833401180803776,player-3,24,25,22,15,player-3,player-3
470,9,17,0.05200016312301159,player-4,30,26,26,19,player-4,player-4
470,10,19,0.06120908074080944,player-3,38,30,30,21,player-1,player-3
470,11,18,0.0527920201420784,player-3,39,34,32,25,player-2,player-3
470,12,18,0.04195794463157654,player-4,40,36,36,31,player-3,player-4
470,13,22,0.07675006054341793,player-1,43,40,37,34,player-4,player-1
470,14,18,0.06066705100238323,player-2,43,43,38,38,player-1,player-2
470,15,26,0.06316718645393848,none,46,45,39,38,player-2,none
470,16,17,0.04337495192885399,player-3,46,47,43,41,player-3,player-3
470,17,23,0.06262515671551228,player-2,46,56,47,45,player-4,player-2
471,1,18,0.058499863371253014,player-1,5,2,3,0,player-4,player-1
471,2,18,0.05745794624090195,player-2,17,3,12,0,player-1,player-2
471,3,17,0.04087504930794239,player-2,21,11,15,0,player-2,player-2
471,4,18,0.053541967645287514,player-4,23,15,16,11,player-3,player-4
471,5,17,0.06362516433000565,player-4,32,16,22,18,player-4,player-4
471,6,20,0.0489591620862484,player-4,36,18,22,20,player-1,player-4
471,7,20,0.0666668638586998,player-1,41,24,27,29,player-2,player-1
471,8,18,0.05583302117884159,player-4,44,25,30,34,player-3,player-4
471,9,20,0.06287498399615288,player-3,50,32,36,37,player-4,player-3
471,10,22,0.06495905108749866,player-2,60,38,40,41,player-1,player-2
472,1,17,0.05004182457923889,player-1,3,3,1,0,player-1,player-1
472,2,17,0.05787494592368603,player-2,4,4,1,4,player-2,player-2
472,3,19,0.06900005973875523,player-1,9,8,8,6,player-3,player-1
472,4,19,0.051165930926799774,player-2,11,8,14,11,player-4,player-2
472,5,17,0.045999884605407715,player-1,19,11,14,12,player-1,player-1
472,6,17,0.04383292980492115,player-2,19,16,14,17,player-2,player-2
472,7,18,0.04716683179140091,player-4,19,17,17,21,player-3,player-4
472,8,17,0.05929102189838886,player-4,25,25,18,22,player-4,player-4
472,9,18,0.056042103096842766,player-2,29,26,18,25,player-1,player-2
472,10,17,0.0713749323040247,player-2,37,30,25,29,player-2,player-2
472,11,17,0.06125005893409252,player-3,44,32,33,33,player-3,player-3
472,12,17,0.043457839637994766,player-4,45,33,35,36,player-4,player-4
472,13,17,0.056042103096842766,player-1,49,34,43,36,player-1,player-1
472,14,17,0.04791584797203541,player-2,51,36,45,41,player-2,player-2
472,15,19,0.045999884605407715,player-1,58,38,49,45,player-3,player-1
473,1,17,0.047625042498111725,player-3,0,4,6,4,player-3,player-3
473,2,17,0.05675014108419418,player-4,3,7,7,6,player-4,player-4
473,3,17,0.06599980406463146,player-1,7,12,9,8,player-1,player-1
473,4,18,0.058791832998394966,player-3,15,12,11,11,player-2,player-3
473,5,19,0.04904111847281456,player-1,22,12,20,17,player-3,player-1
473,6,17,0.05270796827971935,player-4,24,14,28,19,player-4,player-4
473,7,17,0.06795814260840416,player-1,29,20,33,27,player-1,player-1
473,8,17,0.05708285607397556,player-2,38,22,38,27,player-2,player-2
473,9,20,0.06654206663370132,player-2,44,28,40,37,player-3,player-2
473,10,17,0.05366699770092964,player-4,47,32,46,42,player-4,player-4
473,11,22,0.06387499161064625,player-2,55,38,50,49,player-1,player-2
474,1,20,0.07233303040266037,player-3,3,3,7,10,player-4,player-3
474,2,21,0.0641250517219305,player-1,7,3,11,15,player-1,player-1
474,3,23,0.056999968364834785,none,10,4,15,19,player-2,none
474,4,18,0.05612499080598354,player-4,13,8,18,27,player-3,player-4
474,5,25,0.06545800715684891,none,15,8,28,27,player-4,none
474,6,20,0.05558389239013195,player-4,17,10,30,30,player-1,player-4
474,7,18,0.05708285607397556,player-3,19,11,36,34,player-2,player-3
474,8,18,0.05024997517466545,player-4,19,15,41,38,player-3,player-4
474,9,17,0.04454189911484718,player-4,19,15,45,42,player-4,player-4
474,10,17,0.04350021481513977,player-1,24,17,46,44,player-1,player-1
474,11,17,0.05204183980822563,player-2,24,24,51,47,player-2,player-2
474,12,17,0.04829186946153641,player-3,24,25,57,51,player-3,player-3
474,13,17,0.045250169932842255,player-4,27,28,57,51,player-4,player-4
474,14,19,0.061125028878450394,player-3,31,30,63,55,player-1,player-3
474,15,17,0.0639590434730053,player-2,31,32,66,60,player-2,player-2
474,16,17,0.05604187026619911,player-3,39,33,74,60,player-3,player-3
475,1,21,0.06954185664653778,player-2,3,1,6,3,player-2,player-2
475,2,24,0.05333288572728634,player-2,5,4,6,4,player-3,player-2
475,3,22,0.05974993109703064,player-1,8,7,9,12,player-4,player-1
475,4,18,0.05475012585520744,player-2,12,11,12,15,player-1,player-2
475,5,19,0.05512498319149017,player-4,14,13,15,18,player-2,player-4
475,6,17,0.06050011143088341,player-3,14,14,18,21,player-3,player-3
475,7,19,0.060125021263957024,player-2,14,23,22,25,player-4,player-2
475,8,17,0.07254118099808693,player-1,16,25,28,27,player-1,player-1
475,9,20,0.04216702654957771,none,19,26,30,31,player-2,none
475,10,17,0.051083043217659,player-3,19,26,35,31,player-3,player-3
475,11,18,0.04991702735424042,player-1,24,29,37,33,player-4,player-1
475,12,20,0.062499893829226494,player-4,26,32,39,39,player-1,player-4
475,13,18,0.04512513987720013,player-3,28,34,43,41,player-2,player-3
475,14,24,0.07262500002980232,player-2,33,38,46,45,player-3,player-2
475,15,17,0.050416914746165276,player-4,34,40,51,45,player-4,player-4
475,16,17,0.05666702054440975,player-1,36,41,58,45,player-1,player-1
475,17,17,0.0488748773932457,player-2,36,48,61,49,player-2,player-2
475,18,19,0.05124998278915882,player-1,39,50,64,52,player-3,player-1
476,1,20,0.04983297549188137,player-3,5,1,5,2,player-4,player-3
476,2,17,0.043165870010852814,player-1,8,3,7,4,player-1,player-1
476,3,17,0.059042125940322876,player-2,18,8,7,4,player-2,player-2
476,4,19,0.06666593253612518,player-1,28,18,12,12,player-3,player-1
476,5,17,0.05224999040365219,player-4,28,22,15,18,player-4,player-4
476,6,20,0.05183299072086811,player-4,33,24,18,20,player-1,player-4
476,7,17,0.05270796827971935,player-2,41,30,27,20,player-2,player-2
476,8,18,0.04650000482797623,player-4,41,33,33,26,player-3,player-4
476,9,17,0.05150004290044308,player-4,46,33,36,31,player-4,player-4
476,10,17,0.05595805123448372,player-1,51,36,40,32,player-1,player-1
476,11,17,0.04779198206961155,player-2,58,45,40,33,player-2,player-2
476,12,19,0.051916809752583504,player-1,60,45,40,36,player-3,player-1
477,1,19,0.05133310332894325,player-1,3,0,2,1,player-3,player-1
477,2,21,0.0541249755769968,player-4,5,4,2,4,player-4,player-4
477,3,17,0.04600011743605137,player-1,6,4,5,4,player-1,player-1
477,4,19,0.06379187107086182,player-4,8,7,7,13,player-2,player-4
477,5,17,0.059582991525530815,player-3,17,7,14,17,player-3,player-3
477,6,17,0.05941605195403099,player-4,17,7,18,25,player-4,player-4
477,7,18,0.059582991525530815,player-2,22,10,18,26,player-1,player-2
477,8,18,0.0577499158680439,player-3,23,13,21,27,player-2,player-3
477,9,18,0.042625004425644875,player-4,25,13,21,37,player-3,player-4
477,10,17,0.05149981006979942,player-4,27,16,24,40,player-4,player-4
477,11,26,0.059042125940322876,none,28,22,28,42,player-1,none
477,12,17,0.05108281038701534,player-2,31,29,30,43,player-2,player-2
477,13,17,0.0421660952270031,player-3,31,30,36,43,player-3,player-3
477,14,30,0.060542020946741104,player-1,34,33,38,46,player-4,player-1
477,15,17,0.050625065341591835,player-1,42,35,39,46,player-1,player-1
477,16,24,0.05379202775657177,player-1,49,36,39,51,player-2,player-1
477,17,28,0.06883288733661175,none,53,39,45,53,player-3,none
477,18,18,0.056499848142266273,player-1,58,39,47,54,player-4,player-1
478,1,20,0.06816606037318707,player-1,7,0,6,3,player-2,player-1
478,2,17,0.04449998959898949,player-3,9,1,17,3,player-3,player-3
478,3,17,0.04141591489315033,player-4,12,5,17,4,player-4,player-4
478,4,18,0.0539170578122139,player-2,21,10,24,9,player-1,player-2
478,5,20,0.05604187026619911,player-1,23,12,28,11,player-2,player-1
478,6,16,0.03479095175862312,none,30,14,28,11,player-3,none
478,7,17,0.060125021263957024,player-4,30,23,35,17,player-4,player-4
478,8,18,0.04604109562933445,player-2,31,23,41,18,player-1,player-2
478,9,17,0.04145805723965168,player-2,33,29,41,18,player-2,player-2
478,10,25,0.07424992509186268,none,34,35,49,21,player-3,none
478,11,27,0.07045897655189037,player-2,36,40,52,24,player-4,player-2
478,12,19,0.16362499445676804,player-3,38,41,53,29,player-1,player-3
478,13,17,0.054999953135848045,player-2,42,48,56,32,player-2,player-2
478,14,17,0.04716706462204456,player-3,46,48,57,35,player-3,player-3
479,1,17,0.05404115654528141,player-4,2,0,7,7,player-4,player-4
479,2,17,0.05720788612961769,player-1,9,2,10,10,player-1,player-1
479,3,17,0.04591699689626694,player-2,12,4,10,10,player-2,player-2
479,4,17,0.05570892244577408,player-3,15,8,20,10,player-3,player-3
479,5,19,0.05216686986386776,player-2,19,15,20,10,player-4,player-2
479,6,18,0.05987519398331642,player-2,26,18,24,15,player-1,player-2
479,7,17,0.05633407272398472,player-2,31,28,28,18,player-2,player-2
479,8,18,0.05804095417261124,player-4,39,34,29,24,player-3,player-4
479,9,17,0.0439169816672802,player-4,40,37,33,28,player-4,player-4
479,10,18,0.041582854464650154,player-2,41,42,37,29,player-1,player-2
479,11,21,0.05816691555082798,player-2,46,45,38,31,player-2,player-2
479,12,18,0.06362516433000565,player-4,47,45,43,37,player-3,player-4
479,13,18,0.05733291618525982,player-1,52,54,50,41,player-4,player-1
480,1,17,0.04670792259275913,player-2,2,6,2,0,player-2,player-2
480,2,17,0.06766687147319317,player-3,8,7,11,0,player-3,player-3
480,3,17,0.05504186265170574,player-4,8,11,15,8,player-4,player-4
480,4,17,0.04066689871251583,player-1,11,11,16,9,player-1,player-1
480,5,17,0.051083043217659,player-2,18,17,16,10,player-2,player-2
480,6,17,0.07020891644060612,player-3,25,20,24,13,player-3,player-3
480,7,18,0.05233404226601124,player-1,27,24,27,15,player-4,player-1
480,8,17,0.05633290857076645,player-1,31,28,30,15,player-1,player-1
480,9,22,0.043999869376420975,none,33,29,35,18,player-2,none
480,10,17,0.0514171551913023,player-3,38,29,43,19,player-3,player-3
480,11,18,0.056625111028552055,player-1,40,29,48,20,player-4,player-1
480,12,17,0.05045812577009201,player-1,45,29,50,22,player-1,player-1
480,13,17,0.050999922677874565,player-2,50,30,53,24,player-2,player-2
481,1,17,0.05570799112319946,player-3,0,1,2,4,player-3,player-3
481,2,20,0.0635830219835043,player-3,0,5,6,8,player-4,player-3
481,3,19,0.06725010462105274,player-3,4,9,11,10,player-1,player-3
481,4,19,0.054165953770279884,player-4,8,12,12,12,player-2,player-4
481,5,30,0.08612498641014099,player-4,14,33,17,16,player-3,player-4
481,6,17,0.049582915380597115,player-4,14,36,18,21,player-4,player-4
481,7,17,0.05533406510949135,player-1,28,36,21,21,player-1,player-1
481,8,17,0.08570821955800056,player-2,28,43,27,21,player-2,player-2
481,9,17,0.04758313298225403,player-3,29,45,34,22,player-3,player-3
481,10,21,0.05629099905490875,player-4,32,51,39,27,player-4,player-4
481,11,17,0.05033286288380623,player-1,40,53,41,27,player-1,player-1
481,12,17,0.07329089567065239,player-2,44,59,45,28,player-2,player-2
481,13,17,0.05324999801814556,player-3,44,64,52,28,player-3,player-3
481,14,19,0.05779205821454525,player-2,44,68,54,34,player-4,player-2
482,1,18,0.05154102109372616,player-3,6,3,4,0,player-2,player-3
482,2,17,0.05587516352534294,player-3,10,5,9,1,player-3,player-3
482,3,17,0.0491670798510313,player-4,18,7,12,4,player-4,player-4
482,4,17,0.04687486216425896,player-1,25,7,17,10,player-1,player-1
482,5,17,0.05612499080598354,player-2,32,11,17,13,player-2,player-2
482,6,17,0.059625133872032166,player-3,32,18,21,13,player-3,player-3
482,7,17,0.049040885642170906,player-4,32,22,25,15,player-4,player-4
482,8,21,0.06629200652241707,none,34,22,32,15,player-1,none
482,9,17,0.06691692396998405,player-2,41,30,35,19,player-2,player-2
482,10,18,0.062499893829226494,player-4,41,34,43,23,player-3,player-4
482,11,17,0.05145813338458538,player-4,42,36,45,28,player-4,player-4
482,12,20,0.06270804442465305,player-4,42,37,48,37,player-1,player-4
482,13,17,0.05483301356434822,player-2,46,39,48,42,player-2,player-2
482,14,17,0.06641610525548458,player-3,46,45,59,43,player-3,player-3
483,1,17,0.06274995394051075,player-4,7,2,5,7,player-4,player-4
483,2,27,0.05295919254422188,none,8,4,11,10,player-1,none
483,3,18,0.0649578869342804,player-3,9,7,15,16,player-2,player-3
483,4,18,0.05562487058341503,player-4,11,9,17,16,player-3,player-4
483,5,17,0.09258300997316837,player-4,24,17,25,23,player-4,player-4
483,6,17,0.05300017073750496,player-1,31,19,30,25,player-1,player-1
483,7,17,0.04691700451076031,player-2,35,25,32,28,player-2,player-2
483,8,18,0.06745802238583565,player-4,36,26,35,28,player-3,player-4
483,9,17,0.06695790216326714,player-4,40,27,43,31,player-4,player-4
483,10,17,0.07829186506569386,player-1,44,29,44,33,player-1,player-1
483,11,17,0.06770784966647625,player-2,47,32,50,41,player-2,player-2
483,12,17,0.055540818721055984,player-3,53,37,53,45,player-3,player-3
484,1,17,0.0480839516967535,player-4,0,3,3,3,player-4,player-4
484,2,20,0.08874991908669472,player-4,0,3,9,12,player-1,player-4
484,3,18,0.06137508898973465,player-3,7,5,12,14,player-2,player-3
484,4,19,0.07924996316432953,player-1,16,7,17,19,player-3,player-1
484,5,17,0.07479195483028889,player-4,19,9,17,24,player-4,player-4
484,6,18,0.057333847507834435,player-2,23,16,20,28,player-1,player-2
484,7,17,0.055916840210556984,player-2,24,21,24,29,player-2,player-2
484,8,17,0.06045796908438206,player-3,26,22,30,30,player-3,player-3
484,9,17,0.05512498319149017,player-4,32,25,37,32,player-4,player-4
484,10,17,0.044958898797631264,player-1,33,25,39,36,player-1,player-1
484,11,29,0.08233310654759407,player-2,41,27,41,41,player-2,player-2
484,12,17,0.0552500132471323,player-3,44,30,45,42,player-3,player-3
484,13,19,0.0726659782230854,player-2,46,35,49,45,player-4,player-2
484,14,17,0.06262515671551228,player-1,50,36,49,46,player-1,player-1
484,15,24,0.05879206582903862,player-1,61,39,50,48,player-2,player-1
485,1,17,0.06083399057388306,player-1,1,3,0,0,player-1,player-1
485,2,18,0.058625126257538795,player-3,3,6,2,3,player-2,player-3
485,3,18,0.04574982449412346,player-4,6,8,4,5,player-3,player-4
485,4,17,0.07116701453924179,player-4,10,9,8,12,player-4,player-4
485,5,18,0.048584071919322014,player-2,18,14,10,12,player-1,player-2
485,6,17,0.05533406510949135,player-2,23,17,10,14,player-2,player-2
485,7,17,0.04929187707602978,player-3,24,17,13,17,player-3,player-3
485,8,17,0.060999998822808266,player-4,27,17,19,19,player-4,player-4
485,9,18,0.05208305083215237,player-2,31,20,23,21,player-1,player-2
485,10,17,0.05145790055394173,player-2,35,23,28,27,player-2,player-2
485,11,18,0.054666073992848396,player-4,35,25,32,33,player-3,player-4
485,12,19,0.06937514990568161,player-2,44,26,36,35,player-4,player-2
485,13,17,0.056666089221835136,player-1,57,26,42,37,player-1,player-1
485,14,17,0.04495796747505665,player-2,58,39,42,38,player-2,player-2
486,1,17,0.056625111028552055,player-3,3,1,18,0,player-3,player-3
486,2,17,0.05350005812942982,player-4,4,5,22,6,player-4,player-4
486,3,17,0.0527920201420784,player-1,5,7,24,6,player-1,player-1
486,4,20,0.05670893006026745,player-1,16,8,26,9,player-2,player-1
486,5,19,0.04754192195832729,player-1,19,10,27,10,player-3,player-1
486,6,18,0.06791716441512108,player-1,23,10,30,18,player-4,player-1
486,7,19,0.05375011824071407,player-3,23,13,36,19,player-1,player-3
486,8,18,0.06104190833866596,player-3,31,16,36,23,player-2,player-3
486,9,17,0.047708163037896156,player-3,32,19,40,27,player-3,player-3
486,10,25,0.08150003850460052,player-4,34,29,45,31,player-4,player-4
486,11,18,0.05970802158117294,player-2,36,35,48,34,player-1,player-2
486,12,17,0.06270804442465305,player-2,47,37,56,35,player-2,player-2
487,1,17,0.051167095080018044,player-4,6,0,0,6,player-4,player-4
487,2,20,0.0643748790025711,player-4,11,1,2,15,player-1,player-4
487,3,18,0.0527501106262207,player-3,14,4,3,15,player-2,player-3
487,4,17,0.062499893829226494,player-3,14,5,9,17,player-3,player-3
487,5,21,0.06137508898973465,player-4,16,9,9,29,player-4,player-4
487,6,17,0.059999991208314896,player-1,23,18,13,31,player-1,player-1
487,7,17,0.03837514668703079,player-2,27,20,14,31,player-2,player-2
487,8,19,0.060167163610458374,player-1,34,23,18,33,player-3,player-1
487,9,17,0.049999915063381195,player-4,34,23,22,37,player-4,player-4
487,10,19,0.05183415487408638,player-3,38,30,26,43,player-1,player-3
487,11,21,0.05674990825355053,player-2,40,35,34,48,player-2,player-2
487,12,23,0.050208065658807755,player-1,46,37,36,50,player-3,player-1
487,13,19,0.06145797669887543,player-2,47,46,36,51,player-4,player-2
487,14,17,0.05433289334177971,player-1,50,48,42,51,player-1,player-1
487,15,17,0.05725002847611904,player-2,52,51,45,54,player-2,player-2
488,1,17,0.06600003689527512,player-1,10,0,6,4,player-1,player-1
488,2,18,0.05808309651911259,player-3,15,1,10,10,player-2,player-3
488,3,23,0.049833906814455986,none,15,4,11,12,player-3,none
488,4,17,0.04349998198449612,player-4,15,4,12,18,player-4,player-4
488,5,20,0.050582922995090485,player-4,21,5,18,19,player-1,player-4
488,6,18,0.05462486296892166,player-3,31,5,20,24,player-2,player-3
488,7,21,0.05304114893078804,player-3,34,6,26,24,player-3,player-3
488,8,17,0.05266699008643627,player-4,36,7,36,26,player-4,player-4
488,9,18,0.050999922677874565,player-2,42,15,44,28,player-1,player-2
488,10,17,0.04837499000132084,player-2,44,18,46,29,player-2,player-2
488,11,17,0.04220893606543541,player-3,44,22,53,32,player-3,player-3
488,12,17,0.05095801316201687,player-4,44,24,56,37,player-4,player-4
489,1,17,0.05983398295938969,player-3,3,5,3,0,player-3,player-3
489,2,17,0.053208088502287865,player-4,7,13,13,4,player-4,player-4
489,3,17,0.04154210910201073,player-1,15,16,14,4,player-1,player-1
489,4,18,0.048625050112605095,player-3,17,18,19,7,player-2,player-3
489,5,17,0.04829210229218006,player-3,18,19,25,9,player-3,player-3
489,6,18,0.052416929975152016,player-1,26,23,31,12,player-4,player-1
489,7,17,0.04324992187321186,player-1,31,23,31,14,player-1,player-1
489,8,17,0.04654098302125931,player-2,36,24,35,18,player-2,player-2
489,9,18,0.08079200051724911,player-4,41,27,35,27,player-3,player-4
489,10,17,0.058208126574754715,player-4,45,34,35,31,player-4,player-4
489,11,21,0.054541975259780884,player-1,48,37,37,31,player-1,player-1
489,12,17,0.08541694842278957,player-2,52,48,42,34,player-2,player-2
489,13,18,0.05041598342359066,player-4,52,54,43,36,player-3,player-4
489,14,17,0.09624985978007317,player-4,57,57,54,42,player-4,player-4
490,1,17,0.05804188549518585,player-3,4,3,5,0,player-3,player-3
490,2,19,0.06129196844995022,player-2,9,13,8,4,player-4,player-2
490,3,17,0.07329089567065239,player-1,19,15,15,5,player-1,player-1
490,4,17,0.05137501284480095,player-2,21,20,17,5,player-2,player-2
490,5,17,0.06337510421872139,player-3,24,25,24,5,player-3,player-3
490,6,17,0.05583302117884159,player-4,24,25,28,12,player-4,player-4
490,7,17,0.05925004370510578,player-1,28,25,34,12,player-1,player-1
490,8,17,0.05691591650247574,player-2,32,34,39,15,player-2,player-2
490,9,17,0.067457789555192,player-3,37,37,46,16,player-3,player-3
490,10,18,0.06308313459157944,player-1,42,38,52,23,player-4,player-1
490,11,17,0.04775007255375385,player-1,50,41,53,24,player-1,player-1
491,1,17,0.061416998505592346,player-1,5,1,4,1,player-1,player-1
491,2,18,0.09454204700887203,player-3,5,2,6,8,player-2,player-3
491,3,18,0.07862504571676254,player-4,7,6,10,9,player-3,player-4
491,4,18,0.06012478843331337,player-1,13,9,21,10,player-4,player-1
491,5,19,0.05833292379975319,player-3,15,9,21,12,player-1,player-3
491,6,17,0.05570915527641773,player-2,18,18,21,13,player-2,player-2
491,7,23,0.058125006034970284,none,23,20,22,18,player-3,none
491,8,17,0.053625088185071945,player-4,23,20,24,31,player-4,player-4
491,9,23,0.06029196083545685,player-3,24,25,29,33,player-1,player-3
491,10,18,0.04912517033517361,player-3,29,29,37,37,player-2,player-3
491,11,17,0.06041605956852436,player-3,29,32,46,40,player-3,player-3
491,12,19,0.052625080570578575,player-2,31,46,49,43,player-4,player-2
491,13,20,0.05162484012544155,player-4,31,53,57,44,player-1,player-4
491,14,17,0.04754099063575268,player-2,33,55,62,46,player-2,player-2
492,1,18,0.06087520159780979,player-2,0,4,2,0,player-1,player-2
492,2,18,0.05008396692574024,player-3,4,6,10,3,player-2,player-3
492,3,17,0.05512498319149017,player-3,5,15,11,3,player-3,player-3
492,4,18,0.05587493069469929,player-1,6,19,11,9,player-4,player-1
492,5,17,0.0516669824719429,player-1,16,19,19,12,player-1,player-1
492,6,19,0.05850009620189667,player-4,22,25,22,15,player-2,player-4
492,7,17,0.06824987940490246,player-3,24,28,35,19,player-3,player-3
492,8,20,0.07462501525878906,player-3,26,34,40,20,player-4,player-3
492,9,17,0.04775007255375385,player-1,28,37,42,21,player-1,player-1
492,10,17,0.06370781920850277,player-2,37,44,49,26,player-2,player-2
492,11,17,0.05083298310637474,player-3,38,48,53,28,player-3,player-3
492,12,19,0.058374833315610886,player-2,39,51,57,31,player-4,player-2
492,13,17,0.06229197606444359,player-1,51,51,62,32,player-1,player-1
493,1,18,0.08195801638066769,player-4,2,7,6,7,player-3,player-4
493,2,19,0.07720780558884144,player-2,9,10,15,8,player-4,player-2
493,3,18,0.07004197686910629,player-2,10,15,22,15,player-1,player-2
493,4,17,0.046165892854332924,player-2,10,18,23,16,player-2,player-2
493,5,17,0.05375011824071407,player-3,13,21,28,20,player-3,player-3
493,6,17,0.052582938224077225,player-4,16,25,30,25,player-4,player-4
493,7,17,0.054999953135848045,player-1,21,27,35,32,player-1,player-1
493,8,19,0.07512490265071392,player-4,24,30,36,33,player-2,player-4
493,9,17,0.05383417010307312,player-3,26,34,42,33,player-3,player-3
493,10,17,0.047666020691394806,player-4,26,34,43,36,player-4,player-4
493,11,19,0.059791142120957375,player-3,32,39,49,43,player-1,player-3
493,12,20,0.06991694681346416,player-1,51,42,52,45,player-2,player-1
494,1,17,0.06537511944770813,player-1,13,2,3,2,player-1,player-1
494,2,17,0.05000014789402485,player-2,14,6,7,2,player-2,player-2
494,3,19,0.058416975662112236,player-1,16,13,11,2,player-3,player-1
494,4,18,0.054208096116781235,player-1,24,17,11,3,player-4,player-1
494,5,19,0.05262484773993492,player-3,27,17,16,5,player-1,player-3
494,6,17,0.08812500163912773,player-2,33,22,21,11,player-2,player-2
494,7,18,0.06624986417591572,player-4,41,23,31,14,player-3,player-4
494,8,18,0.06849993951618671,player-1,44,23,32,16,player-4,player-1
494,9,18,0.04970910958945751,player-2,47,23,35,20,player-1,player-2
494,10,21,0.05850009620189667,player-2,50,25,37,22,player-2,player-2
494,11,18,0.05387491546571255,player-4,50,28,41,28,player-3,player-4
494,12,18,0.04779198206961155,player-1,56,31,43,35,player-4,player-1
494,13,18,0.05512521602213383,player-2,60,42,46,38,player-1,player-2
495,1,23,0.05575013346970081,player-4,5,3,0,3,player-2,player-4
495,2,17,0.05537504330277443,player-3,9,5,7,5,player-3,player-3
495,3,19,0.06383401341736317,player-2,14,9,12,8,player-4,player-2
495,4,17,0.06283307448029518,player-1,18,12,14,10,player-1,player-1
495,5,18,0.047791050747036934,player-3,22,17,19,12,player-2,player-3
495,6,19,0.09254086762666702,player-1,30,22,31,18,player-3,player-1
495,7,18,0.05545793101191521,player-1,39,23,34,19,player-4,player-1
495,8,18,0.04295795224606991,player-2,41,29,34,21,player-1,player-2
495,9,17,0.04537496715784073,player-2,44,37,43,22,player-2,player-2
495,10,21,0.05970802158117294,player-3,44,38,52,24,player-3,player-3
495,11,17,0.05162484012544155,player-4,46,43,52,31,player-4,player-4
495,12,19,0.04833401180803776,player-3,46,43,55,42,player-1,player-3
496,1,17,0.05633407272398472,player-2,1,10,5,0,player-2,player-2
496,2,18,0.06824987940490246,player-4,4,16,9,3,player-3,player-4
496,3,17,0.060542020946741104,player-4,9,20,22,10,player-4,player-4
496,4,20,0.05370914004743099,player-4,15,20,24,21,player-1,player-4
496,5,17,0.07700012065470219,player-2,19,25,30,31,player-2,player-2
496,6,17,0.057374825701117516,player-3,23,33,38,38,player-3,player-3
496,7,17,0.04850002005696297,player-4,26,35,38,43,player-4,player-4
496,8,17,0.049999915063381195,player-1,35,39,38,46,player-1,player-1
496,9,20,0.06308313459157944,player-1,44,41,38,47,player-2,player-1
496,10,18,0.05224999040365219,player-4,45,44,41,52,player-3,player-4
496,11,17,0.04445808008313179,player-4,45,44,44,56,player-4,player-4
497,1,20,0.054416945204138756,player-2,0,6,1,2,player-3,player-2
497,2,22,0.06520911119878292,player-1,2,13,7,4,player-4,player-1
497,3,17,0.05504186265170574,player-1,7,14,7,4,player-1,player-1
497,4,20,0.05124998278915882,player-1,8,15,7,6,player-2,player-1
497,5,17,0.041624996811151505,player-3,8,15,12,6,player-3,player-3
497,6,20,0.06608408875763416,player-3,11,16,14,14,player-4,player-3
497,7,20,0.06462493911385536,player-4,13,17,16,23,player-1,player-4
497,8,17,0.04987488500773907,player-2,17,23,20,24,player-2,player-2
497,9,17,0.05508284084498882,player-3,20,25,25,28,player-3,player-3
497,10,17,0.041665975004434586,player-4,21,28,33,33,player-4,player-4
497,11,18,0.05050003528594971,player-2,31,32,33,36,player-1,player-2
497,12,17,0.06224983371794224,player-2,33,36,40,41,player-2,player-2
497,13,17,0.05787494592368603,player-3,37,41,52,44,player-3,player-3
497,14,17,0.049999915063381195,player-4,40,43,56,47,player-4,player-4
497,15,19,0.06004120223224163,player-3,47,46,61,48,player-1,player-3
498,1,20,0.06754114292562008,player-3,0,5,5,5,player-4,player-3
498,2,17,0.05175010301172733,player-1,7,7,5,5,player-1,player-1
498,3,17,0.07308297790586948,player-2,10,17,7,7,player-2,player-2
498,4,17,0.05937507376074791,player-3,15,24,12,9,player-3,player-3
498,5,17,0.0463749747723341,player-4,17,27,13,16,player-4,player-4
498,6,18,0.047250185161828995,player-2,21,33,16,19,player-1,player-2
498,7,19,0.05258386954665184,player-4,22,42,16,30,player-2,player-4
498,8,17,0.05574990063905716,player-3,25,51,17,31,player-3,player-3
498,9,17,0.05012517794966698,player-4,25,51,23,33,player-4,player-4
498,10,18,0.04933308809995651,player-2,29,54,24,38,player-1,player-2
498,11,26,0.056791119277477264,player-3,33,56,35,38,player-2,player-3
498,12,18,0.054333824664354324,player-4,36,61,38,40,player-3,player-4
499,1,20,0.05150004290044308,player-4,0,5,2,5,player-1,player-4
499,2,18,0.06654206663370132,player-3,5,12,6,5,player-2,player-3
499,3,18,0.044042011722922325,player-4,5,18,9,18,player-3,player-4
499,4,17,0.057165976613759995,player-4,10,26,12,23,player-4,player-4
499,5,24,0.06354181095957756,player-4,14,27,14,30,player-1,player-4
499,6,19,0.04924996756017208,player-4,19,29,17,39,player-2,player-4
499,7,17,0.0614591408520937,player-3,25,30,19,44,player-3,player-3
499,8,17,0.062000006437301636,player-4,29,30,26,58,player-4,player-4
499,9,19,0.0665830448269844,player-3,34,33,28,58,player-1,player-3
499,10,18,0.06358418613672256,player-3,36,37,35,65,player-2,player-3
500,1,17,0.05570915527641773,player-4,10,0,4,6,player-4,player-4
500,2,18,0.05470798350870609,player-2,14,5,6,6,player-1,player-2
500,3,22,0.05804188549518585,player-3,14,12,8,12,player-2,player-3
500,4,17,0.048667192459106445,player-3,16,16,13,16,player-3,player-3
500,5,18,0.05016708746552467,player-1,22,16,16,17,player-4,player-1
500,6,18,0.05979090929031372,player-2,28,19,21,17,player-1,player-2
500,7,19,0.05825003609061241,player-4,32,24,26,20,player-2,player-4
500,8,22,0.059333862736821175,player-4,32,27,34,28,player-3,player-4
500,9,19,0.05841604433953762,player-2,36,30,39,33,player-4,player-2
500,10,18,0.046457862481474876,player-2,41,35,39,36,player-1,player-2
500,11,17,0.04329183138906956,player-2,46,40,41,37,player-2,player-2
500,12,17,0.0713749323040247,player-3,56,42,47,41,player-3,player-3
