game num,round num,num_turns,duration (ms),winner,player1 pts,player2 pts,player3 pts,player4 pts,started on set,went out first
1,1,21,0.10775006376206875,player-3,2,2,3,1,player-3,player-3
1,2,19,0.059582991525530815,none,3,3,3,2,player-4,none
1,3,18,0.06433296948671341,player-2,4,10,4,3,player-1,player-2
1,4,18,0.07758405990898609,player-3,5,13,6,8,player-2,player-3
1,5,18,0.0647080596536398,player-4,6,14,7,15,player-3,player-4
1,6,19,0.054541975259780884,none,7,15,7,16,player-4,none
1,7,18,0.05920790135860443,player-2,8,22,8,17,player-1,player-2
1,8,18,0.08362508378922939,player-3,9,25,10,22,player-2,player-3
1,9,18,0.05966704338788986,player-4,10,26,11,29,player-3,player-4
1,10,19,0.05466584116220474,none,11,27,11,30,player-4,none
1,11,18,0.0552500132471323,player-2,12,34,12,31,player-1,player-2
1,12,18,0.06879190914332867,player-3,13,37,14,36,player-2,player-3
1,13,18,0.05516689270734787,player-4,14,38,15,43,player-3,player-4
1,14,19,0.05024997517466545,none,15,39,15,44,player-4,none
1,15,18,0.05429191514849663,player-2,16,46,16,45,player-1,player-2
1,16,18,0.06766710430383682,player-3,17,49,18,50,player-2,player-3
1,17,18,0.0588330440223217,player-4,18,50,19,57,player-3,player-4
2,1,17,0.07141707465052605,player-1,5,3,6,1,player-1,player-1
2,2,18,0.1040829811245203,player-3,5,5,13,2,player-2,player-3
2,3,17,0.06795907393097878,player-3,14,10,17,6,player-3,player-3
2,4,17,0.06795814260840416,player-4,16,10,17,12,player-4,player-4
2,5,22,0.05433405749499798,none,18,11,17,15,player-1,none
2,6,18,0.0563750509172678,player-3,19,15,20,15,player-2,player-3
2,7,19,0.07229112088680267,player-1,29,15,27,17,player-3,player-1
2,8,17,0.06116693839430809,player-4,30,16,33,19,player-4,player-4
2,9,17,0.05666702054440975,player-1,38,19,33,22,player-1,player-1
2,10,17,0.05387491546571255,player-2,38,24,35,24,player-2,player-2
2,11,17,0.056625111028552055,player-3,39,26,44,27,player-3,player-3
2,12,17,0.06645801477134228,player-4,42,31,45,36,player-4,player-4
2,13,18,0.06845803000032902,player-2,51,39,49,38,player-1,player-2
3,1,18,0.060416990891098976,player-4,3,3,0,3,player-3,player-4
3,2,17,0.07191603071987629,player-4,5,11,1,12,player-4,player-4
3,3,18,0.05950010381639004,player-2,5,14,3,15,player-1,player-2
3,4,17,0.07349997758865356,player-2,5,24,4,19,player-2,player-2
3,5,17,0.053040916100144386,player-3,9,26,10,21,player-3,player-3
3,6,18,0.0635830219835043,player-1,11,27,10,29,player-4,player-1
3,7,17,0.06329221650958061,player-1,14,33,11,36,player-1,player-1
3,8,17,0.0719169620424509,player-2,24,35,14,36,player-2,player-2
3,9,17,0.04933308809995651,player-3,27,36,18,38,player-3,player-3
3,10,17,0.0577499158680439,player-4,28,36,25,41,player-4,player-4
3,11,17,0.05929218605160713,player-1,33,36,26,42,player-1,player-1
3,12,18,0.06287498399615288,player-3,38,41,29,46,player-2,player-3
3,13,17,0.06820796988904476,player-3,42,45,36,48,player-3,player-3
3,14,21,0.08041714318096638,player-4,44,53,36,51,player-4,player-4
4,1,17,0.06129196844995022,player-3,2,0,10,3,player-3,player-3
4,2,29,0.09204191155731678,player-4,3,1,14,8,player-4,player-4
4,3,18,0.06550014950335026,player-2,10,6,15,8,player-1,player-2
4,4,20,0.060165999457240105,player-1,15,7,18,11,player-2,player-1
4,5,20,0.06712507456541061,player-2,17,9,24,16,player-3,player-2
4,6,17,0.06087520159780979,player-4,18,11,26,18,player-4,player-4
4,7,18,0.0666249543428421,player-2,18,17,26,22,player-1,player-2
4,8,17,0.06237509660422802,player-2,21,23,27,24,player-2,player-2
4,9,18,0.07637497037649155,player-4,23,28,36,25,player-3,player-4
4,10,17,0.0688750296831131,player-4,25,31,38,28,player-4,player-4
4,11,21,0.0616670586168766,player-1,27,31,38,31,player-1,player-1
4,12,17,0.06362493149936199,player-2,29,36,38,34,player-2,player-2
4,13,18,0.07870816625654697,player-4,31,41,41,38,player-3,player-4
4,14,18,0.06070802919566631,player-1,36,44,41,41,player-4,player-1
4,15,17,0.061583006754517555,player-1,47,48,41,43,player-1,player-1
4,16,18,0.06141606718301773,player-3,47,50,48,43,player-2,player-3
4,17,17,0.0588330440223217,player-3,47,52,55,44,player-3,player-3
5,1,17,0.0561252236366272,player-3,7,2,3,0,player-3,player-3
5,2,17,0.06674998439848423,player-4,10,6,8,6,player-4,player-4
5,3,17,0.05945819430053234,player-1,11,9,8,9,player-1,player-1
5,4,18,0.06145890802145004,player-3,11,12,12,15,player-2,player-3
5,5,18,0.0612910371273756,player-4,16,16,20,20,player-3,player-4
5,6,18,0.05837506614625454,player-1,18,17,23,24,player-4,player-1
5,7,20,0.08662487380206585,player-4,20,18,26,34,player-1,player-4
5,8,17,0.054165953770279884,player-2,23,29,27,36,player-2,player-2
5,9,18,0.05154102109372616,player-4,26,31,30,42,player-3,player-4
5,10,17,0.06687501445412636,player-4,27,33,33,48,player-4,player-4
5,11,19,0.055042095482349396,player-3,29,35,33,52,player-1,player-3
5,12,17,0.06408314220607281,player-2,32,42,34,53,player-2,player-2
5,13,18,0.06829085759818554,player-4,36,44,36,57,player-3,player-4
6,1,18,0.08791708387434483,player-4,3,8,4,6,player-3,player-4
6,2,20,0.06683403626084328,player-3,4,11,9,8,player-4,player-3
6,3,18,0.06600003689527512,player-2,9,16,12,13,player-1,player-2
6,4,17,0.0641250517219305,player-2,9,26,12,16,player-2,player-2
6,5,24,0.0675420742481947,player-2,11,35,16,19,player-3,player-2
6,6,20,0.08504209108650684,player-3,16,37,32,21,player-4,player-3
6,7,18,0.06520887836813927,player-2,19,39,32,22,player-1,player-2
6,8,17,0.06450014188885689,player-2,21,43,38,26,player-2,player-2
6,9,18,0.06016693077981472,player-4,25,43,40,28,player-3,player-4
6,10,17,0.05633407272398472,player-4,29,44,46,33,player-4,player-4
6,11,18,0.07737497799098492,player-2,32,48,50,40,player-1,player-2
6,12,17,0.05979207344353199,player-2,36,51,52,40,player-2,player-2
6,13,17,0.06462517194449902,player-3,42,54,62,43,player-3,player-3
7,1,17,0.062499893829226494,player-1,6,1,3,2,player-1,player-1
7,2,17,0.061625149101018906,player-2,10,7,6,2,player-2,player-2
7,3,17,0.050625065341591835,player-3,12,9,7,4,player-3,player-3
7,4,17,0.05129189230501652,player-4,13,12,7,9,player-4,player-4
7,5,17,0.048582907766103745,player-1,16,12,7,11,player-1,player-1
7,6,17,0.05183415487408638,player-2,18,14,10,11,player-2,player-2
7,7,17,0.06070802919566631,player-3,24,18,15,13,player-3,player-3
7,8,17,0.06883288733661175,player-4,28,18,22,18,player-4,player-4
7,9,17,0.07462501525878906,player-1,39,20,24,23,player-1,player-1
7,10,17,0.05766702815890312,player-2,44,21,25,25,player-2,player-2
7,11,19,0.08287513628602028,player-1,51,21,27,28,player-3,player-1
7,12,17,0.06204191595315933,player-4,58,26,31,31,player-4,player-4
7,13,22,0.07600011304020882,player-2,59,35,33,32,player-1,player-2
7,14,18,0.06629107519984245,player-3,62,37,37,32,player-2,player-3
7,15,17,0.06333412602543831,player-3,68,40,44,34,player-3,player-3
8,1,18,0.05787494592368603,player-1,2,1,1,1,player-4,player-1
8,2,17,0.07462501525878906,player-1,8,3,6,9,player-1,player-1
8,3,17,0.06370805203914642,player-2,16,14,10,12,player-2,player-2
8,4,17,0.05466700531542301,player-3,18,21,14,15,player-3,player-3
8,5,18,0.06408290937542915,player-1,22,24,16,18,player-4,player-1
8,6,17,0.060416990891098976,player-1,25,25,18,20,player-1,player-1
8,7,18,0.06487499922513962,player-3,26,26,20,22,player-2,player-3
8,8,18,0.05645793862640858,player-4,29,26,27,31,player-3,player-4
8,9,17,0.06183399818837643,player-4,34,28,32,36,player-4,player-4
8,10,20,0.06045820191502571,player-4,34,36,32,40,player-1,player-4
8,11,17,0.08283299393951893,player-2,38,41,36,44,player-2,player-2
8,12,17,0.053042080253362656,player-3,38,42,39,46,player-3,player-3
8,13,17,0.05370797589421272,player-4,40,42,42,49,player-4,player-4
8,14,17,0.07308297790586948,player-1,45,43,46,52,player-1,player-1
8,15,19,0.07229205220937729,player-4,47,47,51,57,player-2,player-4
9,1,19,0.05791708827018738,player-1,12,0,1,1,player-3,player-1
9,2,17,0.059125013649463654,player-4,13,3,4,5,player-4,player-4
9,3,17,0.0630419235676527,player-1,14,3,4,5,player-1,player-1
9,4,18,0.06341701373457909,player-3,19,10,8,12,player-2,player-3
9,5,17,0.05183299072086811,player-3,23,11,17,14,player-3,player-3
9,6,17,0.06904196925461292,player-4,28,12,21,15,player-4,player-4
9,7,19,0.06400002166628838,player-3,30,17,27,15,player-1,player-3
9,8,19,0.05483301356434822,player-4,34,18,30,15,player-2,player-4
9,9,23,0.09154202416539192,player-1,43,21,38,18,player-3,player-1
9,10,18,0.057666096836328506,player-1,51,23,41,19,player-4,player-1
9,11,17,0.0602079089730978,player-1,54,26,41,21,player-1,player-1
9,12,19,0.08183391764760017,player-4,58,31,44,29,player-2,player-4
10,1,18,0.07479102350771427,player-4,4,0,4,2,player-3,player-4
10,2,17,0.09991694241762161,player-4,7,1,6,8,player-4,player-4
10,3,18,0.07754191756248474,player-2,14,2,8,10,player-1,player-2
10,4,20,0.07270881906151772,player-1,20,5,14,15,player-2,player-1
10,5,18,0.055791111662983894,player-4,20,7,16,20,player-3,player-4
10,6,17,0.05604187026619911,player-4,21,8,18,21,player-4,player-4
10,7,22,0.07500010542571545,player-2,24,10,23,23,player-1,player-2
10,8,19,0.06008287891745567,player-4,27,16,23,26,player-2,player-4
10,9,27,0.06270804442465305,none,33,16,24,26,player-3,none
10,10,17,0.06295810453593731,player-4,35,23,25,28,player-4,player-4
10,11,17,0.06700004450976849,player-1,44,32,37,31,player-1,player-1
10,12,19,0.06387499161064625,player-4,46,36,39,36,player-2,player-4
10,13,17,0.05795806646347046,player-3,48,38,44,36,player-3,player-3
10,14,17,0.05937507376074791,player-4,52,41,50,45,player-4,player-4
11,1,21,0.07374980486929417,player-4,3,2,1,4,player-4,player-4
11,2,23,0.07070787250995636,player-3,7,2,6,5,player-1,player-3
11,3,17,0.06308313459157944,player-2,11,8,10,8,player-2,player-2
11,4,18,0.05466700531542301,player-4,16,9,11,12,player-3,player-4
11,5,18,0.07004197686910629,player-1,21,12,17,19,player-4,player-1
11,6,17,0.05937507376074791,player-1,28,14,24,19,player-1,player-1
11,7,21,0.0727497972548008,player-2,35,17,30,21,player-2,player-2
11,8,19,0.055584125220775604,player-1,41,18,36,24,player-3,player-1
11,9,17,0.06354204379022121,player-4,42,25,39,27,player-4,player-4
11,10,19,0.059333862736821175,player-3,44,28,44,31,player-1,player-3
11,11,17,0.05850009620189667,player-2,48,30,49,34,player-2,player-2
11,12,19,0.06425008177757263,player-1,49,35,56,43,player-3,player-1
12,1,19,0.07833307608962059,player-1,5,4,2,4,player-3,player-1
12,2,20,0.0588330440223217,player-3,12,12,8,8,player-4,player-3
12,3,17,0.06724987179040909,player-1,13,16,12,14,player-1,player-1
12,4,17,0.07083290256559849,player-2,17,20,19,14,player-2,player-2
12,5,18,0.05195802077651024,player-4,19,20,20,19,player-3,player-4
12,6,20,0.07312512025237083,player-3,22,22,23,21,player-4,player-3
12,7,18,0.0627501867711544,player-2,25,25,25,21,player-1,player-2
12,8,21,0.06995792500674725,player-2,29,28,27,24,player-2,player-2
12,9,17,0.057042110711336136,player-3,38,28,36,27,player-3,player-3
12,10,17,0.05658390000462532,player-4,41,32,38,33,player-4,player-4
12,11,17,0.05187513306736946,player-1,48,32,40,37,player-1,player-1
12,12,22,0.07233279757201672,player-3,53,34,44,43,player-2,player-3
12,13,21,0.07691700011491776,player-3,54,40,45,44,player-3,player-3
12,14,17,0.06062490865588188,player-4,56,47,50,50,player-4,player-4
13,1,17,0.06383401341736317,player-1,7,7,4,2,player-1,player-1
13,2,17,0.05183415487408638,player-2,9,11,5,2,player-2,player-2
13,3,20,0.07029203698039055,player-2,14,16,8,12,player-3,player-2
13,4,17,0.06687501445412636,player-4,14,19,11,18,player-4,player-4
13,5,18,0.06187520921230316,player-2,19,25,13,18,player-1,player-2
13,6,17,0.06420793943107128,player-2,22,32,14,18,player-2,player-2
13,7,17,0.0692091416567564,player-3,22,38,19,18,player-3,player-3
13,8,19,0.06729201413691044,player-2,24,50,23,21,player-4,player-2
13,9,20,0.0869168434292078,player-4,28,50,30,24,player-1,player-4
13,10,18,0.07583294063806534,player-3,28,54,35,30,player-2,player-3
13,11,26,0.07954193279147148,player-4,29,56,41,30,player-3,player-4
13,12,17,0.0719169620424509,player-4,30,61,44,36,player-4,player-4
13,13,19,0.06720819510519505,player-3,33,65,47,36,player-1,player-3
14,1,20,0.06749993190169334,player-3,5,0,6,4,player-4,player-3
14,2,17,0.07145805284380913,player-1,9,4,10,10,player-1,player-1
14,3,19,0.06383401341736317,player-4,9,8,14,12,player-2,player-4
14,4,17,0.05970895290374756,player-3,15,16,16,16,player-3,player-3
14,5,18,0.05970895290374756,player-1,20,24,21,21,player-4,player-1
14,6,25,0.09574997238814831,player-1,26,30,23,35,player-1,player-1
14,7,26,0.060999998822808266,none,27,30,25,37,player-2,none
14,8,17,0.06945803761482239,player-3,27,34,28,39,player-3,player-3
14,9,19,0.059999991208314896,player-2,27,41,29,42,player-4,player-2
14,10,17,0.05808309651911259,player-1,31,45,29,43,player-1,player-1
14,11,18,0.0778338871896267,player-3,33,48,32,46,player-2,player-3
14,12,17,0.05625002086162567,player-3,35,50,35,47,player-3,player-3
14,13,18,0.052208080887794495,player-1,39,52,38,50,player-4,player-1
15,1,22,0.0730000901967287,player-4,1,0,4,5,player-3,player-4
15,2,18,0.05987496115267277,player-1,7,7,6,5,player-4,player-1
15,3,17,0.062166014686226845,player-1,7,11,7,9,player-1,player-1
15,4,17,0.061542028561234474,player-2,9,17,9,14,player-2,player-2
15,5,18,0.05691708065569401,player-4,11,21,11,19,player-3,player-4
15,6,22,0.08395803160965443,player-1,18,23,13,22,player-4,player-1
15,7,17,0.0577499158680439,player-1,25,26,16,23,player-1,player-1
15,8,19,0.05429098382592201,player-4,25,30,18,25,player-2,player-4
15,9,18,0.05595805123448372,player-4,29,35,20,30,player-3,player-4
15,10,19,0.08862512186169624,player-2,32,47,22,37,player-4,player-2
15,11,21,0.06995908915996552,player-1,38,49,22,41,player-1,player-1
15,12,17,0.0552500132471323,player-2,41,54,22,43,player-2,player-2
15,13,17,0.06512505933642387,player-3,44,55,25,48,player-3,player-3
16,1,17,0.0647080596536398,player-3,10,5,1,8,player-3,player-3
16,2,17,0.06108288653194904,player-4,10,5,2,21,player-4,player-4
16,3,18,0.058999983593821526,player-2,17,11,4,21,player-1,player-2
16,4,17,0.05991710349917412,player-2,21,15,8,23,player-2,player-2
16,5,18,0.0612910371273756,player-4,22,15,9,26,player-3,player-4
16,6,18,0.0602498184889555,player-1,22,21,12,27,player-4,player-1
16,7,31,0.08558295667171478,player-3,26,23,19,27,player-1,player-3
16,8,19,0.07095909677445889,player-4,28,31,26,30,player-2,player-4
16,9,17,0.05516689270734787,player-3,29,36,30,31,player-3,player-3
16,10,17,0.053167110309004784,player-4,33,43,31,37,player-4,player-4
16,11,17,0.05208305083215237,player-1,36,46,32,40,player-1,player-1
16,12,17,0.058125006034970284,player-2,38,54,32,41,player-2,player-2
16,13,18,0.054833944886922836,player-4,41,55,34,44,player-3,player-4
16,14,17,0.06020907312631607,player-4,43,57,40,54,player-4,player-4
17,1,17,0.06637489423155785,player-2,8,5,2,2,player-2,player-2
17,2,17,0.05675014108419418,player-3,10,8,11,2,player-3,player-3
17,3,17,0.05475012585520744,player-4,11,18,16,8,player-4,player-4
17,4,17,0.08774991147220135,player-1,21,23,26,8,player-1,player-1
17,5,17,0.06050011143088341,player-2,22,26,28,8,player-2,player-2
17,6,17,0.05845795385539532,player-3,26,29,31,15,player-3,player-3
17,7,17,0.05545793101191521,player-4,27,35,36,15,player-4,player-4
17,8,21,0.05641602911055088,player-1,31,37,39,15,player-1,player-1
17,9,18,0.051541952416300774,player-3,34,37,42,17,player-2,player-3
17,10,20,0.056208111345767975,player-2,37,40,48,19,player-3,player-2
17,11,17,0.06583286449313164,player-4,41,43,54,23,player-4,player-4
17,12,18,0.05350005812942982,player-2,43,47,56,25,player-1,player-2
17,13,20,0.07720803841948509,player-1,50,52,60,31,player-2,player-1
18,1,18,0.052999937906861305,player-3,4,2,3,1,player-2,player-3
18,2,18,0.06620795466005802,player-4,4,3,7,5,player-3,player-4
18,3,23,0.0877920538187027,player-2,9,6,9,8,player-4,player-2
18,4,17,0.050625065341591835,player-1,11,6,9,13,player-1,player-1
18,5,17,0.06737513467669487,player-2,11,8,14,17,player-2,player-2
18,6,18,0.06312504410743713,player-4,16,12,15,19,player-3,player-4
18,7,17,0.06812484934926033,player-4,16,20,16,31,player-4,player-4
18,8,17,0.05083298310637474,player-1,21,22,17,31,player-1,player-1
18,9,17,0.05145790055394173,player-2,23,28,18,32,player-2,player-2
18,10,23,0.07466692477464676,player-1,31,33,19,34,player-3,player-1
18,11,17,0.05787517875432968,player-4,32,35,23,37,player-4,player-4
18,12,18,0.06287498399615288,player-2,33,39,27,41,player-1,player-2
18,13,17,0.056582968682050705,player-2,33,44,28,48,player-2,player-2
18,14,18,0.06908387877047062,player-4,35,45,34,52,player-3,player-4
18,15,18,0.05375011824071407,player-1,40,46,34,56,player-4,player-1
19,1,24,0.08245790377259254,player-1,4,4,0,16,player-2,player-1
19,2,19,0.07812492549419403,player-1,12,11,10,26,player-3,player-1
19,3,17,0.06383308209478855,player-4,12,13,12,30,player-4,player-4
19,4,17,0.05850009620189667,player-1,19,15,15,31,player-1,player-1
19,5,22,0.07304083555936813,player-3,22,25,16,33,player-2,player-3
19,6,18,0.06416602991521358,player-4,26,29,18,39,player-3,player-4
19,7,19,0.07325015030801296,player-2,26,37,21,40,player-4,player-2
19,8,18,0.0788751058280468,player-2,30,44,23,40,player-1,player-2
19,9,17,0.0580840278416872,player-2,31,46,23,47,player-2,player-2
19,10,18,0.06183283403515816,player-4,31,46,27,51,player-3,player-4
19,11,25,0.08595804683864117,player-4,34,49,27,55,player-4,player-4
20,1,17,0.08587492629885674,player-4,3,3,4,8,player-4,player-4
20,2,17,0.07341592572629452,player-1,8,8,8,10,player-1,player-1
20,3,18,0.0655418261885643,player-3,10,9,10,16,player-2,player-3
20,4,17,0.057208118960261345,player-3,12,9,14,16,player-3,player-3
20,5,18,0.06879190914332867,player-1,20,10,17,17,player-4,player-1
20,6,22,0.0616670586168766,player-2,21,13,17,19,player-1,player-2
20,7,20,0.08362508378922939,player-1,24,16,18,24,player-2,player-1
20,8,17,0.06824987940490246,player-3,31,21,26,27,player-3,player-3
20,9,18,0.06895791739225388,player-1,35,24,29,30,player-4,player-1
20,10,17,0.07066712714731693,player-1,38,26,32,34,player-1,player-1
20,11,20,0.07266714237630367,player-1,49,28,37,35,player-2,player-1
20,12,17,0.06612506695091724,player-3,50,28,37,35,player-3,player-3
20,13,17,0.09170896373689175,player-4,52,35,40,41,player-4,player-4
20,14,19,0.06766687147319317,player-3,55,38,49,43,player-1,player-3
21,1,17,0.07741712033748627,player-1,7,9,0,3,player-1,player-1
21,2,17,0.058582983911037445,player-2,11,16,4,5,player-2,player-2
21,3,19,0.06916699931025505,player-1,23,19,5,7,player-3,player-1
21,4,19,0.09320909157395363,player-2,23,30,9,14,player-4,player-2
21,5,18,0.067500164732337,player-2,27,33,10,17,player-1,player-2
21,6,18,0.09487499482929707,player-3,32,34,18,18,player-2,player-3
21,7,17,0.06883405148983002,player-3,32,38,24,24,player-3,player-3
21,8,17,0.0713749323040247,player-4,34,42,24,27,player-4,player-4
21,9,19,0.08370797149837017,player-3,38,44,32,29,player-1,player-3
21,10,17,0.07016700692474842,player-2,38,47,37,37,player-2,player-2
21,11,17,0.05425000563263893,player-3,38,48,44,39,player-3,player-3
21,12,21,0.07270812056958675,player-4,38,49,47,46,player-4,player-4
21,13,17,0.05295802839100361,player-1,43,51,47,48,player-1,player-1
21,14,17,0.06820796988904476,player-2,53,57,47,52,player-2,player-2
22,1,20,0.08629192598164082,player-2,4,7,4,3,player-3,player-2
22,2,22,0.08999998681247234,player-1,15,9,7,7,player-4,player-1
22,3,18,0.06337510421872139,player-2,17,12,12,7,player-1,player-2
22,4,20,0.06800005212426186,player-1,30,17,12,13,player-2,player-1
22,5,17,0.06912508979439735,player-3,35,18,14,16,player-3,player-3
22,6,19,0.07824995554983616,player-2,35,26,19,17,player-4,player-2
22,7,17,0.08291611447930336,player-1,39,26,21,21,player-1,player-1
22,8,17,0.06274995394051075,player-2,41,32,26,23,player-2,player-2
22,9,19,0.06095808930695057,player-1,46,34,32,28,player-3,player-1
22,10,19,0.0666249543428421,player-2,49,39,32,29,player-4,player-2
22,11,25,0.0789170153439045,player-1,54,43,34,35,player-1,player-1
22,12,17,0.06625009700655937,player-2,56,50,34,38,player-2,player-2
22,13,17,0.057582976296544075,player-3,58,50,44,38,player-3,player-3
23,1,18,0.05541718564927578,player-2,2,4,7,2,player-1,player-2
23,2,21,0.05091703496873379,none,2,5,7,2,player-2,none
23,3,18,0.05058315582573414,player-4,2,7,10,8,player-3,player-4
23,4,17,0.062000006437301636,player-4,8,12,10,12,player-4,player-4
23,5,18,0.06312504410743713,player-2,9,15,12,14,player-1,player-2
23,6,23,0.077791977673769,player-4,14,20,23,17,player-2,player-4
23,7,17,0.056999968364834785,player-3,18,20,29,22,player-3,player-3
23,8,18,0.08033309131860733,player-1,21,28,35,22,player-4,player-1
23,9,17,0.06312504410743713,player-1,28,30,40,24,player-1,player-1
23,10,17,0.05237502045929432,player-2,28,36,40,26,player-2,player-2
23,11,17,0.06050011143088341,player-3,29,41,47,28,player-3,player-3
23,12,17,0.06679189391434193,player-4,30,49,56,30,player-4,player-4
23,13,20,0.06829202175140381,player-4,31,54,56,34,player-1,player-4
23,14,18,0.058625126257538795,player-3,35,55,61,35,player-2,player-3
23,15,20,0.0753339845687151,player-2,37,60,63,37,player-3,player-2
24,1,19,0.06658397614955902,player-1,7,4,4,1,player-3,player-1
24,2,29,0.08004205301404,player-4,9,10,7,5,player-4,player-4
24,3,18,0.06700004450976849,player-2,11,11,10,11,player-1,player-2
24,4,17,0.0635830219835043,player-2,12,23,16,12,player-2,player-2
24,5,22,0.08229119703173637,player-4,13,30,18,21,player-3,player-4
24,6,17,0.05320785567164421,player-4,14,31,20,23,player-4,player-4
24,7,21,0.05979090929031372,player-1,16,33,22,25,player-1,player-1
24,8,17,0.06170803681015968,player-2,17,39,23,29,player-2,player-2
24,9,20,0.06745895370841026,player-2,20,42,25,34,player-3,player-2
24,10,17,0.05512498319149017,player-4,21,42,28,40,player-4,player-4
24,11,23,0.0813750084489584,player-3,24,44,37,42,player-1,player-3
24,12,19,0.06420793943107128,player-4,24,45,40,54,player-2,player-4
24,13,20,0.07512513548135757,player-2,25,52,40,59,player-3,player-2
25,1,17,0.05420786328613758,player-3,2,5,4,3,player-3,player-3
25,2,17,0.05229213275015354,player-4,4,9,4,8,player-4,player-4
25,3,17,0.05745794624090195,player-1,13,11,7,10,player-1,player-1
25,4,19,0.07729092612862587,player-4,17,12,12,23,player-2,player-4
25,5,21,0.06120791658759117,none,18,20,18,26,player-3,none
25,6,17,0.05862489342689514,player-4,22,21,18,32,player-4,player-4
25,7,17,0.06145797669887543,player-1,26,26,21,33,player-1,player-1
25,8,17,0.05604187026619911,player-2,28,35,23,35,player-2,player-2
25,9,23,0.0842090230435133,player-1,31,39,27,43,player-3,player-1
25,10,17,0.058625126257538795,player-4,34,50,34,56,player-4,player-4
26,1,17,0.06070802919566631,player-1,7,3,0,3,player-1,player-1
26,2,17,0.05712499842047691,player-2,12,10,3,7,player-2,player-2
26,3,17,0.048625050112605095,player-3,13,12,10,7,player-3,player-3
26,4,17,0.06700004450976849,player-4,13,14,10,15,player-4,player-4
26,5,17,0.0541249755769968,player-1,22,14,10,15,player-1,player-1
26,6,17,0.06254203617572784,player-2,29,17,13,17,player-2,player-2
26,7,17,0.046666013076901436,player-3,29,18,18,19,player-3,player-3
26,8,20,0.07141684181988239,player-3,32,19,25,24,player-4,player-3
26,9,17,0.05174987018108368,player-1,35,21,26,25,player-1,player-1
26,10,20,0.06970809772610664,player-1,36,28,26,25,player-2,player-1
26,11,18,0.08295802399516106,player-4,42,30,28,27,player-3,player-4
26,12,17,0.06608408875763416,player-4,44,32,31,33,player-4,player-4
26,13,32,0.08108303882181644,player-4,46,38,34,36,player-1,player-4
26,14,17,0.0716671347618103,player-2,47,40,34,40,player-2,player-2
26,15,17,0.06270804442465305,player-3,51,42,36,40,player-3,player-3
26,16,18,0.0730419997125864,player-1,54,52,40,42,player-4,player-1
26,17,26,0.07183314301073551,player-2,57,59,40,42,player-1,player-2
27,1,20,0.05970802158117294,player-4,5,1,3,10,player-1,player-4
27,2,18,0.059042125940322876,player-3,8,5,5,10,player-2,player-3
27,3,18,0.05725002847611904,player-4,9,6,6,11,player-3,player-4
27,4,18,0.06354204379022121,player-1,13,8,6,18,player-4,player-1
27,5,20,0.07270812056958675,player-4,14,8,12,19,player-1,player-4
27,6,19,0.06841705180704594,player-4,19,9,14,24,player-2,player-4
27,7,17,0.057999975979328156,player-3,19,13,15,28,player-3,player-3
27,8,18,0.07062498480081558,player-1,23,14,15,34,player-4,player-1
27,9,21,0.07429206743836403,player-1,33,18,19,34,player-1,player-1
27,10,18,0.06445893086493015,player-3,38,25,24,34,player-2,player-3
27,11,17,0.05729193799197674,player-3,38,28,33,34,player-3,player-3
27,12,17,0.06270804442465305,player-4,38,34,36,39,player-4,player-4
27,13,19,0.0969588290899992,player-3,38,39,42,42,player-1,player-3
27,14,17,0.07795891724526882,player-2,41,43,45,47,player-2,player-2
27,15,17,0.06316695362329483,player-3,44,43,48,52,player-3,player-3
27,16,17,0.05791708827018738,player-4,45,45,53,63,player-4,player-4
28,1,23,0.07591582834720612,player-3,3,3,9,4,player-1,player-3
28,2,18,0.05208398215472698,player-3,4,6,12,6,player-2,player-3
28,3,17,0.07116585038602352,player-3,4,9,16,6,player-3,player-3
28,4,18,0.056541990488767624,player-1,4,9,17,11,player-4,player-1
28,5,17,0.054958974942564964,player-1,7,9,19,15,player-1,player-1
28,6,18,0.07854192517697811,player-3,13,10,30,19,player-2,player-3
28,7,17,0.061542028561234474,player-3,13,11,34,20,player-3,player-3
28,8,18,0.05820789374411106,player-1,16,17,37,27,player-4,player-1
28,9,17,0.06187497638165951,player-1,19,20,40,37,player-1,player-1
28,10,18,0.06612506695091724,player-3,23,23,41,42,player-2,player-3
28,11,18,0.0588330440223217,player-4,24,27,44,49,player-3,player-4
28,12,17,0.06733392365276814,player-4,32,27,49,55,player-4,player-4
28,13,17,0.05791708827018738,player-1,38,32,55,58,player-1,player-1
28,14,18,0.06183306686580181,player-3,38,32,60,61,player-2,player-3
28,15,30,0.08579203858971596,player-4,41,33,66,71,player-3,player-4
29,1,22,0.06512505933642387,player-4,3,4,3,5,player-3,player-4
29,2,17,0.08637504652142525,player-4,6,7,8,9,player-4,player-4
29,3,17,0.06145797669887543,player-1,11,9,9,10,player-1,player-1
29,4,19,0.08070794865489006,player-4,13,9,12,12,player-2,player-4
29,5,19,0.09579095058143139,player-1,15,17,23,20,player-3,player-1
29,6,17,0.07616705261170864,player-4,18,20,28,27,player-4,player-4
29,7,17,0.05212496034801006,player-1,21,22,30,30,player-1,player-1
29,8,22,0.09183306246995926,player-3,23,25,32,36,player-2,player-3
29,9,18,0.06066611967980862,player-4,25,26,35,40,player-3,player-4
29,10,17,0.05475012585520744,player-4,27,27,36,44,player-4,player-4
29,11,17,0.05904189310967922,player-1,29,27,37,44,player-1,player-1
29,12,15,0.04154187627136707,none,29,28,39,52,player-2,none
29,13,17,0.07379194721579552,player-3,29,30,44,52,player-3,player-3
29,14,17,0.07483409717679024,player-4,35,30,47,54,player-4,player-4
29,15,17,0.09129103273153305,player-1,36,35,53,63,player-1,player-1
29,16,17,0.08850009180605412,player-2,40,39,57,65,player-2,player-2
30,1,19,0.07208297029137611,player-1,1,0,3,1,player-3,player-1
30,2,24,0.06783404387533665,player-3,1,2,9,4,player-4,player-3
30,3,17,0.05745794624090195,player-1,6,2,9,6,player-1,player-1
30,4,17,0.06558280438184738,player-2,9,6,12,6,player-2,player-2
30,5,17,0.05124998278915882,player-3,9,6,20,9,player-3,player-3
30,6,21,0.06749993190169334,player-4,13,15,22,19,player-4,player-4
30,7,20,0.07699988782405853,player-4,20,19,25,19,player-1,player-4
30,8,19,0.05820789374411106,player-4,21,24,25,25,player-2,player-4
30,9,19,0.0779579859226942,player-1,29,26,30,27,player-3,player-1
30,10,17,0.07362500764429569,player-4,32,29,33,30,player-4,player-4
30,11,18,0.0663751270622015,player-2,39,35,40,35,player-1,player-2
30,12,20,0.08183298632502556,player-1,43,38,40,35,player-2,player-1
30,13,33,0.09608385153114796,player-3,44,44,42,38,player-3,player-3
30,14,17,0.06187497638165951,player-4,46,48,42,43,player-4,player-4
30,15,17,0.06362493149936199,player-1,53,48,44,45,player-1,player-1
30,16,18,0.07154210470616817,player-3,53,50,49,50,player-2,player-3
31,1,17,0.07162499241530895,player-1,4,5,7,9,player-1,player-1
31,2,17,0.060582999140024185,player-2,9,16,10,9,player-2,player-2
31,3,20,0.07587485015392303,player-2,10,22,13,12,player-3,player-2
31,4,17,0.07012509740889072,player-4,19,26,21,19,player-4,player-4
31,5,17,0.056165968999266624,player-1,21,29,22,21,player-1,player-1
31,6,17,0.04891608841717243,player-2,21,33,25,25,player-2,player-2
31,7,18,0.05987496115267277,player-4,21,36,27,27,player-3,player-4
31,8,19,0.06791600026190281,player-2,21,39,30,29,player-4,player-2
31,9,18,0.07041683420538902,player-2,23,47,31,32,player-1,player-2
31,10,17,0.06050011143088341,player-2,24,51,33,32,player-2,player-2
31,11,17,0.05479203537106514,player-3,28,52,41,34,player-3,player-3
31,12,17,0.06500002928078175,player-4,30,55,41,35,player-4,player-4
31,13,17,0.052459072321653366,player-1,33,55,41,39,player-1,player-1
31,14,18,0.06462493911385536,player-3,35,58,48,43,player-2,player-3
32,1,17,0.06316695362329483,player-1,5,0,2,0,player-1,player-1
32,2,17,0.06487499922513962,player-2,5,3,4,4,player-2,player-2
32,3,17,0.04962482489645481,player-3,8,3,8,6,player-3,player-3
32,4,18,0.07275003008544445,player-1,10,7,11,9,player-4,player-1
32,5,18,0.08091703057289124,player-2,11,11,13,10,player-1,player-2
32,6,17,0.0654999166727066,player-2,16,14,16,12,player-2,player-2
32,7,17,0.056625111028552055,player-3,17,17,22,15,player-3,player-3
32,8,17,0.0755838118493557,player-4,17,20,27,22,player-4,player-4
32,9,18,0.06324984133243561,player-2,19,24,29,28,player-1,player-2
32,10,17,0.06204191595315933,player-2,19,35,29,29,player-2,player-2
32,11,19,0.07800012826919556,player-1,24,37,30,37,player-3,player-1
32,12,21,0.07287506014108658,player-4,27,37,32,39,player-4,player-4
32,13,17,0.06945920176804066,player-1,32,39,36,39,player-1,player-1
32,14,18,0.06220792420208454,player-3,32,41,44,41,player-2,player-3
32,15,17,0.06816699169576168,player-3,34,46,47,45,player-3,player-3
32,16,18,0.0813330989331007,player-1,36,50,51,51,player-4,player-1
33,1,18,0.08683395572006702,player-1,6,1,0,4,player-4,player-1
33,2,17,0.0677499920129776,player-1,20,3,0,5,player-1,player-1
33,3,17,0.059959013015031815,player-2,25,6,0,7,player-2,player-2
33,4,21,0.059542013332247734,player-3,27,13,1,10,player-3,player-3
33,5,17,0.07129204459488392,player-4,29,13,2,15,player-4,player-4
33,6,20,0.06958306767046452,player-4,31,14,4,20,player-1,player-4
33,7,17,0.052165938541293144,player-2,31,17,7,22,player-2,player-2
33,8,31,0.08224998600780964,player-1,32,20,10,24,player-3,player-1
33,9,18,0.05475012585520744,player-1,35,21,12,25,player-4,player-1
33,10,18,0.06808293983340263,player-2,38,26,14,28,player-1,player-2
33,11,18,0.05075009539723396,player-3,41,27,16,28,player-2,player-3
33,12,18,0.06137508898973465,player-4,44,28,22,35,player-3,player-4
33,13,20,0.07604202255606651,player-3,51,31,28,39,player-4,player-3
33,14,20,0.06854115054011345,player-4,53,35,29,44,player-1,player-4
33,15,17,0.04337495192885399,none,53,39,31,48,player-2,none
33,16,17,0.05916692316532135,player-3,55,41,38,48,player-3,player-3
33,17,19,0.06591598503291607,player-2,60,44,48,52,player-4,player-2
34,1,17,0.06654113531112671,player-3,9,6,5,7,player-3,player-3
34,2,17,0.05587493069469929,player-4,16,6,8,12,player-4,player-4
34,3,18,0.06879190914332867,player-2,20,9,11,15,player-1,player-2
34,4,17,0.0760830007493496,player-2,24,12,20,23,player-2,player-2
34,5,17,0.04695798270404339,player-3,24,19,24,26,player-3,player-3
34,6,19,0.0554998405277729,player-2,25,28,25,26,player-4,player-2
34,7,18,0.06350013427436352,player-2,29,34,31,28,player-1,player-2
34,8,17,0.07662479765713215,player-2,33,42,32,32,player-2,player-2
34,9,19,0.08254195563495159,player-1,38,49,34,37,player-3,player-1
34,10,18,0.06220908835530281,player-1,47,51,38,40,player-4,player-1
34,11,20,0.06812508217990398,player-4,50,51,41,48,player-1,player-4
34,12,17,0.06437511183321476,player-2,51,55,44,48,player-2,player-2
35,1,17,0.06266706623136997,player-2,2,5,3,0,player-2,player-2
35,2,19,0.06537488661706448,player-1,7,5,5,2,player-3,player-1
35,3,26,0.06745802238583565,player-1,8,8,9,6,player-4,player-1
35,4,18,0.05625002086162567,player-2,10,13,12,7,player-1,player-2
35,5,19,0.07624994032084942,player-4,12,20,16,14,player-2,player-4
35,6,17,0.04875008016824722,player-3,12,20,27,15,player-3,player-3
35,7,17,0.05495804361999035,player-4,12,22,28,26,player-4,player-4
35,8,18,0.05720788612961769,player-2,16,27,28,29,player-1,player-2
35,9,18,0.0630419235676527,player-3,16,31,30,35,player-2,player-3
35,10,17,0.05324999801814556,player-3,16,31,38,38,player-3,player-3
35,11,17,0.061041209846735,player-4,22,35,38,51,player-4,player-4
35,12,17,0.051541952416300774,player-1,26,36,38,57,player-1,player-1
35,13,17,0.0617089681327343,player-2,32,42,39,59,player-2,player-2
36,1,17,0.05829217843711376,player-1,10,1,9,4,player-1,player-1
36,2,22,0.0688331201672554,player-3,12,2,11,6,player-2,player-3
36,3,17,0.05712499842047691,player-3,14,5,13,6,player-3,player-3
36,4,17,0.05720905028283596,player-4,15,5,14,9,player-4,player-4
36,5,17,0.07412489503622055,player-1,17,8,15,10,player-1,player-1
36,6,17,0.06150011904537678,player-2,17,18,20,13,player-2,player-2
36,7,18,0.05466700531542301,player-4,19,24,23,15,player-3,player-4
36,8,19,0.06916606798768044,player-2,22,27,23,16,player-4,player-2
36,9,18,0.0666249543428421,player-2,27,35,27,17,player-1,player-2
36,10,19,0.08124997839331627,player-4,30,41,33,21,player-2,player-4
36,11,17,0.0588749535381794,player-3,31,42,44,22,player-3,player-3
36,12,25,0.07429206743836403,player-4,33,43,47,26,player-4,player-4
36,13,17,0.06191595457494259,player-1,39,43,48,28,player-1,player-1
36,14,17,0.060582999140024185,player-2,41,48,53,31,player-2,player-2
36,15,18,0.06579211913049221,player-4,41,51,58,41,player-3,player-4
36,16,17,0.07070810534060001,player-4,41,53,62,45,player-4,player-4
37,1,17,0.061916885897517204,player-2,6,3,2,1,player-2,player-2
37,2,18,0.058416975662112236,player-4,9,4,5,7,player-3,player-4
37,3,17,0.056916847825050354,player-4,17,7,13,14,player-4,player-4
37,4,17,0.06866711191833019,player-1,19,10,14,17,player-1,player-1
37,5,17,0.06091711111366749,player-2,22,15,16,22,player-2,player-2
37,6,17,0.05658390000462532,player-3,23,16,22,26,player-3,player-3
37,7,20,0.06816699169576168,player-3,30,17,28,30,player-4,player-3
37,8,17,0.06570783443748951,player-1,39,21,28,30,player-1,player-1
37,9,18,0.06787478923797607,player-3,41,25,30,34,player-2,player-3
37,10,21,0.06649992428719997,player-3,49,32,33,34,player-3,player-3
37,11,21,0.06150011904537678,player-4,52,34,33,38,player-4,player-4
37,12,18,0.09200000204145908,player-2,52,50,33,42,player-1,player-2
37,13,18,0.06949994713068008,player-3,56,50,42,44,player-2,player-3
37,14,18,0.0588749535381794,player-4,59,51,45,49,player-3,player-4
38,1,19,0.08304091170430183,player-2,0,7,5,2,player-4,player-2
38,2,25,0.11499994434416294,player-1,4,12,8,3,player-1,player-1
38,3,23,0.09562494233250618,player-4,7,21,11,11,player-2,player-4
38,4,18,0.05550007335841656,player-4,9,22,16,21,player-3,player-4
38,5,20,0.05729100666940212,player-3,10,23,20,24,player-4,player-3
38,6,20,0.08645816706120968,player-4,13,25,20,36,player-1,player-4
38,7,20,0.08908403106033802,player-1,21,31,24,36,player-2,player-1
38,8,20,0.062499893829226494,player-2,21,31,27,37,player-3,player-2
38,9,17,0.07179100066423416,player-4,29,33,33,46,player-4,player-4
38,10,18,0.06741704419255257,player-2,33,34,34,49,player-1,player-2
38,11,17,0.05012494511902332,player-2,34,41,36,49,player-2,player-2
38,12,19,0.050958944484591484,none,37,41,39,50,player-3,none
38,13,17,0.05233287811279297,player-4,40,42,43,58,player-4,player-4
39,1,17,0.060999998822808266,player-4,0,3,3,4,player-4,player-4
39,2,18,0.06466708146035671,player-2,4,7,3,6,player-1,player-2
39,3,18,0.07366598583757877,player-3,4,13,13,7,player-2,player-3
39,4,18,0.0727497972548008,player-4,12,22,19,15,player-3,player-4
39,5,17,0.0741670373827219,player-4,19,34,23,25,player-4,player-4
39,6,17,0.05850009620189667,player-1,24,37,23,27,player-1,player-1
39,7,23,0.09583309292793274,player-4,31,46,31,32,player-2,player-4
39,8,17,0.06895791739225388,player-3,31,47,39,35,player-3,player-3
39,9,17,0.06512505933642387,player-4,35,52,42,38,player-4,player-4
39,10,17,0.06233295425772667,player-1,41,52,44,39,player-1,player-1
39,11,17,0.10424992069602013,player-2,48,56,48,41,player-2,player-2
39,12,18,0.060582999140024185,player-4,48,59,54,46,player-3,player-4
40,1,24,0.10604201816022396,player-2,1,6,3,3,player-3,player-2
40,2,17,0.07629115134477615,player-4,3,7,9,8,player-4,player-4
40,3,17,0.06325007416307926,player-1,11,12,11,11,player-1,player-1
40,4,19,0.06237509660422802,player-4,14,14,13,12,player-2,player-4
40,5,18,0.06537511944770813,player-4,14,18,14,14,player-3,player-4
40,6,17,0.06808293983340263,player-4,17,18,14,19,player-4,player-4
40,7,21,0.058540841564536095,player-1,22,20,17,19,player-1,player-1
40,8,18,0.060625141486525536,player-3,22,24,23,19,player-2,player-3
40,9,24,0.09008287452161312,player-2,27,25,24,21,player-3,player-2
40,10,17,0.060125021263957024,player-4,31,27,30,21,player-4,player-4
40,11,18,0.055541982874274254,player-2,33,36,32,21,player-1,player-2
40,12,18,0.0651658046990633,player-3,33,41,33,21,player-2,player-3
40,13,17,0.06495905108749866,player-3,33,42,36,27,player-3,player-3
40,14,17,0.05425000563263893,player-4,35,44,36,29,player-4,player-4
40,15,17,0.054999953135848045,player-1,43,49,36,32,player-1,player-1
40,16,17,0.06166589446365833,player-2,45,57,39,34,player-2,player-2
40,17,18,0.0766250304877758,player-4,46,58,41,38,player-3,player-4
40,18,20,0.071333022788167,player-3,46,61,44,40,player-4,player-3
41,1,19,0.0641669612377882,player-4,0,2,4,2,player-2,player-4
41,2,29,0.08787494152784348,player-3,4,7,7,7,player-3,player-3
41,3,18,0.06374996155500412,player-1,10,10,8,12,player-4,player-1
41,4,17,0.04591583274304867,player-1,15,12,9,12,player-1,player-1
41,5,17,0.05487492308020592,player-2,16,16,9,12,player-2,player-2
41,6,22,0.07916707545518875,player-4,19,18,10,21,player-3,player-4
41,7,18,0.05487515591084957,player-1,22,22,14,22,player-4,player-1
41,8,24,0.08254218846559525,player-4,26,22,17,28,player-1,player-4
41,9,20,0.05416618660092354,none,35,23,17,29,player-2,none
41,10,17,0.06758305244147778,player-3,37,25,29,30,player-3,player-3
41,11,17,0.07324991747736931,player-4,45,33,31,31,player-4,player-4
41,12,23,0.063000014051795,player-3,49,34,33,31,player-1,player-3
41,13,17,0.051040900871157646,player-2,49,36,36,31,player-2,player-2
41,14,19,0.0750841572880745,player-1,50,40,38,33,player-3,player-1
41,15,17,0.06262492388486862,player-4,50,41,40,40,player-4,player-4
41,16,20,0.06862496957182884,player-4,53,43,43,43,player-1,player-4
41,17,16,0.04141614772379398,none,54,46,44,43,player-2,none
41,18,17,0.057916855439543724,player-3,57,47,51,47,player-3,player-3
42,1,17,0.05929195322096348,player-4,1,0,2,4,player-4,player-4
42,2,20,0.07100007496774197,player-4,7,5,2,14,player-1,player-4
42,3,17,0.08316617459058762,player-2,13,16,3,18,player-2,player-2
42,4,17,0.05966704338788986,player-3,18,22,10,21,player-3,player-3
42,5,20,0.09433389641344547,player-3,19,29,12,21,player-4,player-3
42,6,19,0.06316695362329483,player-3,20,29,21,21,player-1,player-3
42,7,19,0.0627920962870121,player-4,26,30,23,24,player-2,player-4
42,8,21,0.06441609002649784,player-3,27,32,28,27,player-3,player-3
42,9,21,0.07804203778505325,player-4,29,41,28,34,player-4,player-4
42,10,18,0.059582991525530815,player-2,30,46,30,40,player-1,player-2
42,11,18,0.0686252024024725,player-3,31,51,32,47,player-2,player-3
42,12,17,0.06408314220607281,player-3,33,53,40,49,player-3,player-3
43,1,17,0.07016700692474842,player-2,2,7,1,10,player-2,player-2
43,2,19,0.06641680374741554,player-1,6,11,10,12,player-3,player-1
43,3,19,0.06883405148983002,player-2,10,12,10,16,player-4,player-2
43,4,17,0.059999991208314896,player-1,18,17,10,19,player-1,player-1
43,5,23,0.10412512347102165,player-4,23,19,16,27,player-2,player-4
43,6,18,0.06104097701609135,player-4,24,24,20,35,player-3,player-4
43,7,17,0.05708285607397556,player-4,24,32,23,38,player-4,player-4
43,8,17,0.07216702215373516,player-1,27,35,26,46,player-1,player-1
43,9,17,0.05237502045929432,player-2,32,37,26,48,player-2,player-2
43,10,20,0.0719588715583086,player-2,35,40,31,56,player-3,player-2
43,11,17,0.0777500681579113,player-4,38,42,32,58,player-4,player-4
44,1,20,0.069458968937397,player-4,1,0,3,2,player-1,player-4
44,2,17,0.08395803160965443,player-2,3,6,6,12,player-2,player-2
44,3,28,0.0783340074121952,player-2,6,10,8,15,player-3,player-2
44,4,17,0.05516689270734787,player-4,6,15,13,19,player-4,player-4
44,5,24,0.08350005373358727,player-4,11,22,14,25,player-1,player-4
44,6,18,0.06462493911385536,player-3,13,26,20,34,player-2,player-3
44,7,17,0.05579204298555851,player-3,15,31,23,37,player-3,player-3
44,8,22,0.07108296267688274,none,20,35,24,37,player-4,none
44,9,17,0.05374988541007042,player-1,24,40,24,37,player-1,player-1
44,10,17,0.05224999040365219,player-2,27,45,26,38,player-2,player-2
44,11,19,0.06195809692144394,player-1,31,46,28,42,player-3,player-1
44,12,33,0.0819170381873846,player-4,32,49,31,50,player-4,player-4
44,13,19,0.06458302959799767,player-3,35,49,35,51,player-1,player-3
45,1,20,0.07112487219274044,player-2,1,2,3,5,player-3,player-2
45,2,30,0.09062513709068298,player-1,5,3,7,11,player-4,player-1
45,3,20,0.059416983276605606,player-4,8,6,10,13,player-1,player-4
45,4,17,0.06437511183321476,player-2,8,9,12,19,player-2,player-2
45,5,17,0.05224999040365219,player-3,8,9,14,20,player-3,player-3
45,6,17,0.062417006120085716,player-4,8,10,17,22,player-4,player-4
45,7,21,0.06066588684916496,player-1,16,10,19,24,player-1,player-1
45,8,19,0.060165999457240105,player-4,19,11,23,27,player-2,player-4
45,9,25,0.07029203698039055,player-3,19,15,26,27,player-3,player-3
45,10,20,0.05762488581240177,player-3,21,16,29,31,player-4,player-3
45,11,17,0.07345806807279587,player-1,30,20,34,35,player-1,player-1
45,12,19,0.05875015631318092,player-4,35,22,36,39,player-2,player-4
45,13,20,0.07604202255606651,player-2,36,27,38,40,player-3,player-2
45,14,19,0.0694170594215393,player-2,41,31,47,46,player-4,player-2
45,15,23,0.07900013588368893,player-3,43,34,53,47,player-1,player-3
45,16,19,0.0563750509172678,player-4,43,36,56,50,player-2,player-4
45,17,17,0.06579188629984856,player-3,45,36,63,50,player-3,player-3
46,1,25,0.09541702456772327,player-1,5,3,4,4,player-1,player-1
46,2,20,0.07429206743836403,player-1,9,6,5,10,player-2,player-1
46,3,17,0.06229104474186897,player-3,11,13,10,10,player-3,player-3
46,4,17,0.06166682578623295,player-4,12,18,11,20,player-4,player-4
46,5,19,0.06474996916949749,player-3,15,22,14,21,player-1,player-3
46,6,17,0.05837506614625454,player-2,16,32,15,23,player-2,player-2
46,7,18,0.06379187107086182,player-4,18,33,20,26,player-3,player-4
46,8,17,0.05512498319149017,player-4,19,35,24,32,player-4,player-4
46,9,28,0.07624994032084942,player-4,21,39,29,33,player-1,player-4
46,10,17,0.09595905430614948,player-2,22,41,33,37,player-2,player-2
46,11,19,0.07349997758865356,player-1,26,46,37,40,player-3,player-1
46,12,18,0.05808286368846893,player-1,30,46,37,41,player-4,player-1
46,13,17,0.06883381865918636,player-1,35,49,40,43,player-1,player-1
46,14,17,0.05545793101191521,player-2,38,52,41,44,player-2,player-2
46,15,19,0.051667215302586555,player-1,40,54,42,48,player-3,player-1
47,1,21,0.07199984975159168,player-3,2,1,4,2,player-3,player-3
47,2,18,0.05979207344353199,player-1,5,4,5,2,player-4,player-1
47,3,18,0.06537488661706448,player-2,8,5,13,8,player-1,player-2
47,4,19,0.06233295425772667,player-4,15,7,14,13,player-2,player-4
47,5,18,0.06812508217990398,player-4,22,7,18,29,player-3,player-4
47,6,17,0.08054194040596485,player-4,26,11,24,36,player-4,player-4
47,7,18,0.052582938224077225,player-2,34,20,28,43,player-1,player-2
47,8,17,0.04812516272068024,player-2,36,25,29,46,player-2,player-2
47,9,20,0.06462493911385536,player-2,41,28,33,47,player-3,player-2
47,10,17,0.05562487058341503,player-4,46,30,33,50,player-4,player-4
47,11,17,0.051833922043442726,player-1,50,31,33,54,player-1,player-1
47,12,20,0.06487499922513962,player-1,52,34,33,59,player-2,player-1
47,13,24,0.07116608321666718,player-2,53,36,35,61,player-3,player-2
47,14,19,0.08204113692045212,player-2,58,44,37,65,player-4,player-2
48,1,23,0.08695898577570915,player-4,1,4,2,5,player-2,player-4
48,2,17,0.05024997517466545,player-3,2,4,7,9,player-3,player-3
48,3,18,0.06504193879663944,player-1,2,9,15,10,player-4,player-1
48,4,19,0.061750179156661034,player-3,6,11,25,11,player-1,player-3
48,5,17,0.05870801396667957,player-2,10,17,28,12,player-2,player-2
48,6,17,0.05241716280579567,player-3,12,19,34,15,player-3,player-3
48,7,20,0.07349997758865356,player-3,14,21,37,18,player-4,player-3
48,8,19,0.06137508898973465,player-3,17,25,43,18,player-1,player-3
48,9,18,0.06483308970928192,player-3,21,30,47,20,player-2,player-3
48,10,21,0.06116577424108982,player-3,22,33,48,22,player-3,player-3
48,11,21,0.06812508217990398,player-4,23,33,54,27,player-4,player-4
48,12,17,0.05895807407796383,player-1,29,35,54,29,player-1,player-1
48,13,17,0.05383300594985485,player-2,32,38,54,33,player-2,player-2
48,14,20,0.06370898336172104,player-2,35,42,60,36,player-3,player-2
48,15,17,0.0539170578122139,player-4,37,43,60,37,player-4,player-4
48,16,17,0.04616705700755119,player-1,43,43,61,39,player-1,player-1
49,1,18,0.05879206582903862,player-3,5,3,5,4,player-2,player-3
49,2,17,0.046083005145192146,player-3,7,6,10,5,player-3,player-3
49,3,17,0.05179201252758503,player-4,10,8,13,14,player-4,player-4
49,4,21,0.06220792420208454,none,10,9,15,14,player-1,none
49,5,17,0.05112495273351669,player-2,14,16,17,14,player-2,player-2
49,6,17,0.04941597580909729,player-3,22,17,21,18,player-3,player-3
49,7,20,0.07899990305304527,player-3,26,22,27,20,player-4,player-3
49,8,17,0.0510411337018013,player-1,30,24,28,22,player-1,player-1
49,9,18,0.07087504491209984,player-3,32,29,38,22,player-2,player-3
49,10,17,0.0688331201672554,player-3,35,31,41,22,player-3,player-3
49,11,19,0.07049995474517345,player-2,35,42,42,23,player-4,player-2
49,12,22,0.07820897735655308,player-2,42,43,42,27,player-1,player-2
49,13,17,0.06350013427436352,player-2,52,49,45,37,player-2,player-2
49,14,17,0.059750163927674294,player-3,54,53,52,45,player-3,player-3
50,1,17,0.05095801316201687,player-4,4,2,0,3,player-4,player-4
50,2,19,0.08312496356666088,player-3,7,10,2,5,player-1,player-3
50,3,18,0.05366699770092964,player-3,8,11,4,5,player-2,player-3
50,4,17,0.04712492227554321,player-3,11,12,7,6,player-3,player-3
50,5,18,0.05462486296892166,player-1,14,12,8,9,player-4,player-1
50,6,17,0.05816691555082798,player-1,21,13,8,13,player-1,player-1
50,7,18,0.06187497638165951,player-3,28,18,12,13,player-2,player-3
50,8,17,0.05483301356434822,player-3,32,19,15,14,player-3,player-3
50,9,17,0.04937499761581421,player-4,35,19,16,17,player-4,player-4
50,10,17,0.05004182457923889,player-1,42,19,17,17,player-1,player-1
50,11,17,0.052791088819503784,player-2,44,20,17,19,player-2,player-2
50,12,18,0.07875007577240467,player-4,48,20,22,25,player-3,player-4
50,13,18,0.06762496195733547,player-1,54,25,22,27,player-4,player-1
50,14,17,0.05720905028283596,player-1,59,25,24,34,player-1,player-1
50,15,19,0.0642088707536459,player-4,59,33,26,45,player-2,player-4
50,16,18,0.06329198367893696,player-4,59,33,32,49,player-3,player-4
50,17,19,0.07029203698039055,player-2,61,36,35,52,player-4,player-2
50,18,19,0.060750171542167664,player-3,67,36,43,52,player-1,player-3
51,1,32,0.09041698649525642,none,8,3,0,11,player-2,none
51,2,24,0.09841681458055973,player-2,12,7,3,20,player-3,player-2
51,3,18,0.06070802919566631,player-1,16,9,9,20,player-4,player-1
51,4,18,0.06504100747406483,player-2,19,10,11,22,player-1,player-2
51,5,19,0.06458302959799767,player-4,23,17,11,26,player-2,player-4
51,6,17,0.053582945838570595,player-3,26,17,22,29,player-3,player-3
51,7,27,0.08083297871053219,player-2,26,24,27,32,player-4,player-2
51,8,18,0.053333817049860954,player-2,27,29,29,35,player-1,player-2
51,9,18,0.052582938224077225,player-3,29,30,32,37,player-2,player-3
51,10,17,0.05712499842047691,player-3,29,30,37,41,player-3,player-3
51,11,17,0.057541998103260994,player-4,31,33,44,47,player-4,player-4
51,12,18,0.05574990063905716,player-2,32,35,45,50,player-1,player-2
51,13,17,0.05941605195403099,player-2,35,43,47,58,player-2,player-2
52,1,17,0.06841705180704594,player-4,0,8,3,4,player-4,player-4
52,2,19,0.07112487219274044,player-3,11,13,14,5,player-1,player-3
52,3,18,0.059416983276605606,player-3,11,14,16,7,player-2,player-3
52,4,17,0.05712499842047691,player-3,14,18,23,8,player-3,player-3
52,5,17,0.06074993871152401,player-4,17,20,29,10,player-4,player-4
52,6,30,0.09091617539525032,player-2,22,23,34,14,player-1,player-2
52,7,18,0.06208312697708607,player-3,26,25,34,15,player-2,player-3
52,8,21,0.0779579859226942,player-3,26,31,39,17,player-3,player-3
52,9,17,0.0749160535633564,player-4,33,35,48,22,player-4,player-4
52,10,20,0.06441702134907246,player-4,36,35,52,25,player-1,player-4
52,11,17,0.05670799873769283,player-2,37,39,53,28,player-2,player-2
52,12,17,0.05875015631318092,player-3,40,41,56,31,player-3,player-3
52,13,20,0.0639171339571476,player-3,40,44,57,34,player-4,player-3
52,14,17,0.06008404307067394,player-1,47,45,60,36,player-1,player-1
53,1,18,0.04929210990667343,player-1,6,5,2,3,player-4,player-1
53,2,17,0.05033309571444988,player-1,8,9,2,8,player-1,player-1
53,3,18,0.06258394569158554,player-3,10,10,5,10,player-2,player-3
53,4,18,0.07008318789303303,player-4,10,13,9,16,player-3,player-4
53,5,19,0.07554097101092339,player-2,13,20,12,18,player-4,player-2
53,6,19,0.0630419235676527,player-3,15,21,16,19,player-1,player-3
53,7,17,0.06087496876716614,player-2,16,26,22,24,player-2,player-2
53,8,18,0.07129204459488392,player-4,16,29,26,36,player-3,player-4
53,9,19,0.05904096178710461,player-2,20,32,29,37,player-4,player-2
53,10,17,0.05770893767476082,player-1,22,36,29,38,player-1,player-1
53,11,17,0.06229104474186897,player-2,23,40,29,42,player-2,player-2
53,12,17,0.061542028561234474,player-3,26,42,35,45,player-3,player-3
53,13,17,0.0752501655369997,player-4,28,51,36,57,player-4,player-4
54,1,18,0.061125028878450394,player-1,2,2,3,1,player-4,player-1
54,2,17,0.06987480446696281,player-1,9,5,10,6,player-1,player-1
54,3,19,0.06454181857407093,player-4,15,10,15,17,player-2,player-4
54,4,20,0.06641610525548458,player-2,15,12,17,22,player-3,player-2
54,5,17,0.06429105997085571,player-4,17,14,20,29,player-4,player-4
54,6,19,0.06087496876716614,player-3,21,21,21,34,player-1,player-3
54,7,18,0.060416990891098976,player-3,25,21,24,38,player-2,player-3
54,8,17,0.05558389239013195,player-3,30,24,29,39,player-3,player-3
54,9,17,0.06870785728096962,player-4,31,30,29,44,player-4,player-4
54,10,17,0.06066705100238323,player-1,34,32,31,46,player-1,player-1
54,11,22,0.07041613571345806,player-3,35,35,34,46,player-2,player-3
54,12,17,0.06345799192786217,player-3,37,35,36,49,player-3,player-3
54,13,17,0.06370898336172104,player-4,37,37,41,54,player-4,player-4
54,14,23,0.09229197166860104,player-3,42,53,46,54,player-1,player-3
55,1,18,0.06037508137524128,player-3,2,4,3,1,player-2,player-3
55,2,17,0.04970794543623924,player-3,2,4,8,2,player-3,player-3
55,3,17,0.06762496195733547,player-4,4,7,10,8,player-4,player-4
55,4,19,0.069082947447896,player-3,9,13,14,11,player-1,player-3
55,5,17,0.06458302959799767,player-2,11,21,18,17,player-2,player-2
55,6,17,0.06604078225791454,player-3,15,33,21,25,player-3,player-3
55,7,26,0.07579103112220764,player-1,18,34,22,32,player-4,player-1
55,8,19,0.05683302879333496,player-3,24,36,25,34,player-1,player-3
55,9,17,0.06270804442465305,player-2,27,37,27,35,player-2,player-2
55,10,17,0.06041605956852436,player-3,31,37,35,39,player-3,player-3
55,11,21,0.06274995394051075,player-4,34,37,37,51,player-4,player-4
55,12,18,0.05212496034801006,player-2,36,48,39,54,player-1,player-2
56,1,17,0.0790830235928297,player-2,1,7,0,3,player-2,player-2
56,2,17,0.09570783004164696,player-3,10,9,9,8,player-3,player-3
56,3,18,0.07254118099808693,player-1,11,12,10,10,player-4,player-1
56,4,17,0.06208405829966068,player-1,15,16,11,12,player-1,player-1
56,5,17,0.051541952416300774,player-2,16,21,13,12,player-2,player-2
56,6,35,0.0877920538187027,player-1,21,23,18,12,player-3,player-1
56,7,25,0.09908294305205345,player-4,23,28,20,19,player-4,player-4
56,8,18,0.06612506695091724,player-2,28,31,22,22,player-1,player-2
56,9,25,0.06500002928078175,player-2,28,40,25,23,player-2,player-2
56,10,17,0.05379202775657177,player-3,29,41,30,23,player-3,player-3
56,11,17,0.06129196844995022,player-4,30,43,34,27,player-4,player-4
56,12,17,0.06037508137524128,player-1,37,46,39,29,player-1,player-1
56,13,18,0.060125021263957024,player-3,37,47,43,31,player-2,player-3
56,14,17,0.06637489423155785,player-3,42,49,51,31,player-3,player-3
56,15,25,0.085500068962574,none,43,53,57,34,player-4,none
57,1,17,0.06541702896356583,player-1,8,0,2,5,player-1,player-1
57,2,17,0.06370898336172104,player-2,13,2,4,8,player-2,player-2
57,3,19,0.055666081607341766,player-1,16,4,6,8,player-3,player-1
57,4,40,0.14650006778538227,none,37,8,9,9,player-4,none
57,5,19,0.05904119461774826,player-3,39,10,13,10,player-1,player-3
57,6,20,0.061416998505592346,player-1,48,11,13,16,player-2,player-1
57,7,17,0.062333885580301285,player-3,54,13,16,21,player-3,player-3
57,8,19,0.06337510421872139,player-2,56,15,16,27,player-4,player-2
57,9,18,0.0738748349249363,player-2,62,20,19,29,player-1,player-2
57,10,17,0.06870785728096962,player-2,65,23,21,31,player-2,player-2
57,11,20,0.06391620263457298,player-2,67,30,22,32,player-3,player-2
57,12,17,0.05074986256659031,player-4,72,31,22,34,player-4,player-4
57,13,20,0.07058307528495789,player-4,77,34,26,40,player-1,player-4
58,1,17,0.06629200652241707,player-3,2,1,10,0,player-3,player-3
58,2,19,0.057374825701117516,player-2,6,6,13,3,player-4,player-2
58,3,18,0.05695805884897709,player-2,10,11,19,5,player-1,player-2
58,4,18,0.053541967645287514,player-3,12,12,23,9,player-2,player-3
58,5,19,0.0783340074121952,player-1,17,14,35,13,player-3,player-1
58,6,20,0.057042110711336136,player-3,17,18,45,13,player-4,player-3
58,7,21,0.06825011223554611,player-1,31,20,50,15,player-1,player-1
58,8,19,0.0927499495446682,player-4,36,24,59,22,player-2,player-4
58,9,17,0.05766702815890312,player-3,41,30,60,25,player-3,player-3
59,1,17,0.09729107841849327,player-3,5,1,11,7,player-3,player-3
59,2,17,0.052666058763861656,player-4,6,3,13,11,player-4,player-4
59,3,18,0.06720796227455139,player-2,8,8,17,11,player-1,player-2
59,4,17,0.09204214438796043,player-2,8,11,20,15,player-2,player-2
59,5,20,0.07650000043213367,player-2,11,18,28,15,player-3,player-2
59,6,17,0.0700000673532486,player-4,17,23,33,24,player-4,player-4
59,7,17,0.07970794104039669,player-1,18,25,38,24,player-1,player-1
59,8,20,0.0647080596536398,player-1,24,27,38,28,player-2,player-1
59,9,17,0.0743749551475048,player-3,31,30,47,32,player-3,player-3
59,10,18,0.05437503568828106,player-1,31,32,49,35,player-4,player-1
59,11,17,0.05874992348253727,player-1,34,32,53,41,player-1,player-1
59,12,21,0.10191602632403374,player-2,37,36,54,50,player-2,player-2
59,13,22,0.07504201494157314,player-4,38,45,59,59,player-3,player-4
60,1,18,0.061208149418234825,player-2,4,6,1,0,player-1,player-2
60,2,18,0.06724987179040909,player-3,4,7,5,5,player-2,player-3
60,3,17,0.05879090167582035,player-3,5,7,10,5,player-3,player-3
60,4,18,0.06120884791016579,player-1,8,14,13,11,player-4,player-1
60,5,17,0.08745910599827766,player-1,18,18,13,11,player-1,player-1
60,6,20,0.10479101911187172,player-1,27,20,18,11,player-2,player-1
60,7,20,0.05641602911055088,player-2,27,34,19,16,player-3,player-2
60,8,17,0.057499855756759644,player-4,29,37,19,23,player-4,player-4
60,9,19,0.07141707465052605,player-3,33,37,21,23,player-1,player-3
60,10,20,0.06554205901920795,player-1,34,41,28,27,player-2,player-1
60,11,17,0.04470883868634701,player-3,36,42,33,27,player-3,player-3
60,12,18,0.07216678932309151,player-1,45,42,40,33,player-4,player-1
60,13,17,0.04875008016824722,player-1,49,46,43,36,player-1,player-1
60,14,18,0.06083305925130844,player-3,54,53,44,41,player-2,player-3
60,15,17,0.05612499080598354,player-3,55,54,51,42,player-3,player-3
61,1,17,0.06195809692144394,player-2,3,2,0,3,player-2,player-2
61,2,20,0.06087496876716614,player-2,3,6,4,8,player-3,player-2
61,3,19,0.05833408795297146,player-2,5,8,8,13,player-4,player-2
61,4,21,0.05866703577339649,player-1,8,12,10,18,player-1,player-1
61,5,17,0.06620888598263264,player-2,11,18,12,18,player-2,player-2
61,6,18,0.055040931329131126,player-4,11,22,14,21,player-3,player-4
61,7,20,0.062125036492943764,player-3,12,25,25,22,player-4,player-3
61,8,17,0.050416914746165276,player-1,17,29,25,24,player-1,player-1
61,9,19,0.06387499161064625,player-4,17,32,30,25,player-2,player-4
61,10,28,0.07637497037649155,none,21,39,31,25,player-3,none
61,11,17,0.062125036492943764,player-4,27,44,31,33,player-4,player-4
61,12,17,0.05224999040365219,player-1,31,46,31,33,player-1,player-1
61,13,20,0.06337510421872139,player-1,35,54,33,37,player-2,player-1
61,14,23,0.05850009620189667,player-1,38,58,36,40,player-3,player-1
61,15,17,0.06287521682679653,player-4,40,59,39,47,player-4,player-4
62,1,20,0.08849985897541046,player-3,4,3,7,5,player-4,player-3
62,2,18,0.07941713556647301,player-2,6,12,9,6,player-1,player-2
62,3,39,0.10691606439650059,player-4,8,24,10,13,player-2,player-4
62,4,21,0.07224990986287594,player-3,14,28,18,21,player-3,player-3
62,5,17,0.05024997517466545,player-4,15,30,19,22,player-4,player-4
62,6,18,0.053042080253362656,player-2,15,34,22,25,player-1,player-2
62,7,23,0.08012517355382442,none,18,39,25,31,player-2,none
62,8,17,0.06279186345636845,player-3,18,43,30,31,player-3,player-3
62,9,18,0.05133310332894325,player-1,26,43,31,35,player-4,player-1
62,10,18,0.06474996916949749,player-2,28,56,34,38,player-1,player-2
62,11,19,0.0750841572880745,player-4,31,56,38,40,player-2,player-4
62,12,18,0.06579095497727394,player-4,35,57,39,40,player-3,player-4
62,13,17,0.0616670586168766,player-4,37,58,42,50,player-4,player-4
63,1,17,0.058833975344896317,player-3,2,1,6,0,player-3,player-3
63,2,23,0.11433404870331287,player-2,4,4,7,5,player-4,player-2
63,3,16,0.04095793701708317,none,5,6,8,6,player-1,none
63,4,17,0.04795799031853676,player-2,5,13,8,7,player-2,player-2
63,5,17,0.06441702134907246,player-3,5,20,13,9,player-3,player-3
63,6,17,0.07583317346870899,player-4,7,25,13,11,player-4,player-4
63,7,19,0.05441601388156414,player-3,12,34,15,11,player-1,player-3
63,8,17,0.050625065341591835,player-2,14,38,16,11,player-2,player-2
63,9,17,0.05562487058341503,player-3,18,40,21,12,player-3,player-3
63,10,17,0.06570806726813316,player-4,18,44,23,20,player-4,player-4
63,11,17,0.06508384831249714,player-1,19,46,29,27,player-1,player-1
63,12,18,0.059999991208314896,player-3,23,52,34,31,player-2,player-3
63,13,17,0.07424992509186268,player-3,23,55,40,32,player-3,player-3
63,14,18,0.06341701373457909,player-1,27,60,43,36,player-4,player-1
63,15,17,0.05937507376074791,player-1,30,62,44,42,player-1,player-1
64,1,30,0.07991702295839787,none,0,4,3,1,player-1,none
64,2,19,0.07049995474517345,player-4,2,8,6,4,player-2,player-4
64,3,17,0.06870785728096962,player-3,4,10,10,8,player-3,player-3
64,4,17,0.06616697646677494,player-4,9,10,13,16,player-4,player-4
64,5,24,0.08770800195634365,player-4,13,12,24,18,player-1,player-4
64,6,17,0.05766702815890312,player-2,17,18,28,18,player-2,player-2
64,7,17,0.06316602230072021,player-3,20,19,30,21,player-3,player-3
64,8,17,0.058459118008613586,player-4,22,23,33,23,player-4,player-4
64,9,18,0.05495804361999035,player-2,24,31,35,25,player-1,player-2
64,10,18,0.063000014051795,player-3,24,36,39,28,player-2,player-3
64,11,19,0.08966703899204731,player-1,32,43,42,40,player-3,player-1
64,12,17,0.05895807407796383,player-4,36,44,49,41,player-4,player-4
64,13,17,0.053582945838570595,player-1,39,44,55,51,player-1,player-1
64,14,17,0.06416602991521358,player-2,43,54,59,57,player-2,player-2
65,1,20,0.06900005973875523,player-3,1,5,10,5,player-4,player-3
65,2,19,0.07724994793534279,player-3,11,15,10,8,player-1,player-3
65,3,17,0.053584109991788864,player-2,11,17,14,8,player-2,player-2
65,4,23,0.0743749551475048,player-1,21,18,24,17,player-3,player-1
65,5,20,0.055042095482349396,player-3,21,18,28,18,player-4,player-3
65,6,19,0.061916885897517204,player-3,26,18,32,19,player-1,player-3
65,7,19,0.09454204700887203,player-4,31,20,33,23,player-2,player-4
65,8,17,0.05629193037748337,player-3,38,22,38,27,player-3,player-3
65,9,17,0.05925004370510578,player-4,41,24,39,29,player-4,player-4
65,10,17,0.06866687908768654,player-1,49,25,43,33,player-1,player-1
65,11,18,0.08954200893640518,player-3,49,38,49,42,player-2,player-3
65,12,17,0.07158401422202587,player-3,54,38,55,44,player-3,player-3
66,1,23,0.07595797069370747,player-2,5,4,7,3,player-4,player-2
66,2,17,0.04795799031853676,player-1,9,6,9,5,player-1,player-1
66,3,17,0.053416937589645386,player-2,13,9,12,7,player-2,player-2
66,4,25,0.10708300396800041,player-3,26,9,17,13,player-3,player-3
66,5,21,0.06354204379022121,none,28,11,19,13,player-4,none
66,6,31,0.09766709990799427,player-3,33,22,21,13,player-1,player-3
66,7,21,0.07687509059906006,player-2,36,25,24,16,player-2,player-2
66,8,17,0.05650008097290993,player-3,37,28,26,19,player-3,player-3
66,9,19,0.058959005400538445,player-2,38,31,26,24,player-4,player-2
66,10,36,0.11387490667402744,player-4,44,37,28,25,player-1,player-4
66,11,17,0.06312504410743713,player-2,48,44,31,25,player-2,player-2
66,12,26,0.10962504893541336,player-4,48,46,38,29,player-3,player-4
66,13,17,0.06408384069800377,player-4,50,51,39,36,player-4,player-4
66,14,17,0.05383300594985485,player-1,54,53,42,45,player-1,player-1
66,15,17,0.06033317185938358,player-2,55,60,45,46,player-2,player-2
67,1,17,0.07083290256559849,player-3,2,0,1,2,player-3,player-3
67,2,17,0.06233295425772667,player-4,8,0,5,6,player-4,player-4
67,3,19,0.06391690112650394,player-3,9,1,10,9,player-1,player-3
67,4,17,0.06874999962747097,player-2,12,2,10,11,player-2,player-2
67,5,17,0.05720788612961769,player-3,14,3,16,11,player-3,player-3
67,6,17,0.06420910358428955,player-4,17,9,24,14,player-4,player-4
67,7,17,0.05875015631318092,player-1,23,9,25,17,player-1,player-1
67,8,23,0.06883405148983002,player-4,23,11,28,23,player-2,player-4
67,9,18,0.06283307448029518,player-4,25,11,31,27,player-3,player-4
67,10,18,0.06820796988904476,player-1,29,17,36,27,player-4,player-1
67,11,19,0.07312488742172718,player-3,37,20,44,38,player-1,player-3
67,12,19,0.07733399979770184,player-4,41,26,48,39,player-2,player-4
67,13,18,0.08891616016626358,player-4,46,31,56,43,player-3,player-4
68,1,18,0.06320909596979618,player-1,3,4,2,3,player-4,player-1
68,2,23,0.07895892485976219,player-3,6,7,4,3,player-1,player-3
68,3,19,0.05825003609061241,none,6,13,6,6,player-2,none
68,4,25,0.06983405910432339,player-3,6,14,13,8,player-3,player-3
68,5,17,0.0463749747723341,player-4,7,14,16,14,player-4,player-4
68,6,21,0.06700004450976849,player-1,17,15,17,14,player-1,player-1
68,7,17,0.07904204539954662,player-2,17,27,20,21,player-2,player-2
68,8,22,0.060042133554816246,player-4,20,29,23,33,player-3,player-4
68,9,18,0.05666702054440975,player-1,26,32,29,40,player-4,player-1
68,10,21,0.0724999699741602,player-1,30,33,33,43,player-1,player-1
68,11,18,0.06304099224507809,player-3,33,34,39,46,player-2,player-3
68,12,17,0.06425008177757263,player-3,35,40,45,49,player-3,player-3
68,13,17,0.06020907312631607,player-4,39,42,48,55,player-4,player-4
68,14,18,0.05612499080598354,player-2,39,51,48,56,player-1,player-2
69,1,21,0.07720896974205971,player-2,1,10,6,0,player-2,player-2
69,2,17,0.0616670586168766,player-3,3,13,13,0,player-3,player-3
69,3,19,0.07962505333125591,player-2,6,14,20,6,player-4,player-2
69,4,20,0.06399978883564472,player-4,7,22,24,6,player-1,player-4
69,5,18,0.05274987779557705,player-3,9,23,27,9,player-2,player-3
69,6,17,0.05233404226601124,player-3,9,24,33,9,player-3,player-3
69,7,17,0.0705420970916748,player-4,11,25,34,11,player-4,player-4
69,8,18,0.05670799873769283,player-2,13,32,35,18,player-1,player-2
69,9,17,0.05725002847611904,player-2,15,40,41,19,player-2,player-2
69,10,18,0.08216593414545059,player-4,19,46,43,22,player-3,player-4
69,11,18,0.061791855841875076,player-1,22,53,46,32,player-4,player-1
69,12,17,0.05295802839100361,player-1,26,56,46,33,player-1,player-1
69,13,18,0.05825003609061241,player-3,26,58,47,34,player-2,player-3
69,14,17,0.05687493830919266,player-3,28,62,50,36,player-3,player-3
69,15,19,0.06145820952951908,player-2,28,68,52,39,player-4,player-2
70,1,17,0.04716683179140091,player-4,1,0,4,2,player-4,player-4
70,2,17,0.07008295506238937,player-1,7,5,4,5,player-1,player-1
70,3,18,0.07745902985334396,player-3,11,10,9,6,player-2,player-3
70,4,17,0.05033309571444988,player-3,12,12,17,6,player-3,player-3
70,5,20,0.058542005717754364,player-3,13,23,20,9,player-4,player-3
70,6,17,0.05429214797914028,player-1,23,25,23,15,player-1,player-1
70,7,21,0.09783287532627583,player-2,24,42,24,18,player-2,player-2
70,8,22,0.08229189552366734,player-4,31,43,28,23,player-3,player-4
70,9,17,0.07054093293845654,player-4,34,47,39,30,player-4,player-4
70,10,25,0.07962505333125591,none,36,47,42,32,player-1,none
70,11,22,0.0844169408082962,player-3,39,47,48,32,player-2,player-3
70,12,17,0.061959028244018555,player-3,42,50,50,35,player-3,player-3
70,13,20,0.05604187026619911,player-3,48,56,55,37,player-4,player-3
71,1,17,0.07070787250995636,player-2,1,8,2,4,player-2,player-2
71,2,17,0.06395787931978703,player-3,5,8,6,6,player-3,player-3
71,3,19,0.09174994193017483,player-2,13,22,6,12,player-4,player-2
71,4,19,0.06537511944770813,player-3,14,24,11,14,player-1,player-3
71,5,18,0.0643748790025711,player-3,14,25,16,15,player-2,player-3
71,6,19,0.06758305244147778,player-1,24,30,17,20,player-3,player-1
71,7,17,0.06183306686580181,player-4,27,36,19,24,player-4,player-4
71,8,17,0.0674158800393343,player-1,28,36,23,32,player-1,player-1
71,9,17,0.05937507376074791,player-2,34,40,25,36,player-2,player-2
71,10,17,0.054541975259780884,player-3,34,41,36,37,player-3,player-3
71,11,20,0.05808309651911259,player-3,35,41,43,39,player-4,player-3
71,12,20,0.07116585038602352,player-4,37,45,45,46,player-1,player-4
71,13,18,0.06137508898973465,player-3,41,49,50,46,player-2,player-3
71,14,17,0.054541975259780884,player-3,44,49,54,48,player-3,player-3
71,15,17,0.0741670373827219,player-4,47,59,60,53,player-4,player-4
72,1,22,0.07666717283427715,player-1,3,4,3,0,player-4,player-1
72,2,17,0.05837506614625454,player-1,5,6,6,3,player-1,player-1
72,3,18,0.05366699770092964,player-3,6,7,6,4,player-2,player-3
72,4,17,0.05162484012544155,player-3,7,7,10,5,player-3,player-3
72,5,17,0.06595905870199203,player-4,9,7,18,10,player-4,player-4
72,6,19,0.09208312258124352,player-3,12,10,27,15,player-1,player-3
72,7,30,0.08037500083446503,none,14,14,27,15,player-2,none
72,8,30,0.07691700011491776,player-4,18,16,27,23,player-3,player-4
72,9,32,0.08033402264118195,player-3,20,16,35,27,player-4,player-3
72,10,20,0.05591707304120064,player-4,23,17,35,35,player-1,player-4
72,11,20,0.08904188871383667,player-1,34,17,45,39,player-2,player-1
72,12,17,0.06187497638165951,player-3,35,21,50,42,player-3,player-3
72,13,18,0.0866251066327095,player-1,46,25,53,46,player-4,player-1
72,14,17,0.054999953135848045,player-1,54,27,57,54,player-1,player-1
73,1,19,0.05629193037748337,player-2,3,5,1,1,player-4,player-2
73,2,22,0.07791700772941113,player-2,4,11,3,3,player-1,player-2
73,3,17,0.07012509740889072,player-2,5,21,6,5,player-2,player-2
73,4,21,0.07966696284711361,player-3,7,22,12,8,player-3,player-3
73,5,18,0.0577499158680439,player-1,10,27,13,9,player-4,player-1
73,6,17,0.0585832167416811,player-1,16,31,14,9,player-1,player-1
73,7,18,0.06274995394051075,player-3,24,33,22,17,player-2,player-3
73,8,18,0.060499878600239754,player-4,27,35,23,17,player-3,player-4
73,9,18,0.07437518797814846,player-1,33,41,25,25,player-4,player-1
73,10,18,0.06829178892076015,player-2,35,50,29,25,player-1,player-2
73,11,19,0.07820804603397846,player-4,45,54,41,31,player-2,player-4
73,12,18,0.06254087202250957,player-4,47,55,43,39,player-3,player-4
73,13,19,0.07100007496774197,player-2,51,64,47,45,player-4,player-2
74,1,19,0.0711251050233841,player-2,7,3,0,5,player-4,player-2
74,2,17,0.06274995394051075,player-1,11,7,4,8,player-1,player-1
74,3,20,0.05850009620189667,player-1,19,11,6,11,player-2,player-1
74,4,19,0.06420817226171494,player-1,29,13,11,14,player-3,player-1
74,5,17,0.046042026951909065,player-4,29,13,14,20,player-4,player-4
74,6,17,0.058374833315610886,player-1,32,18,14,26,player-1,player-1
74,7,19,0.0590828713029623,player-4,33,24,14,31,player-2,player-4
74,8,17,0.06445893086493015,player-3,37,26,21,34,player-3,player-3
74,9,19,0.06341701373457909,player-2,40,31,22,36,player-4,player-2
74,10,18,0.09112502448260784,player-2,46,35,24,37,player-1,player-2
74,11,20,0.09520817548036575,player-1,56,35,29,40,player-2,player-1
74,12,19,0.065250089392066,player-1,59,38,31,44,player-3,player-1
74,13,18,0.06445893086493015,player-1,61,44,34,51,player-4,player-1
74,14,18,0.06700004450976849,player-2,63,52,36,54,player-1,player-2
75,1,17,0.06083305925130844,player-2,6,7,1,5,player-2,player-2
75,2,18,0.07120799273252487,player-4,6,9,5,7,player-3,player-4
75,3,18,0.06716698408126831,player-1,8,10,9,9,player-4,player-1
75,4,24,0.0838330015540123,player-4,14,11,14,9,player-1,player-4
75,5,26,0.06908411160111427,player-3,14,13,19,9,player-2,player-3
75,6,17,0.053999945521354675,player-3,14,15,31,10,player-3,player-3
75,7,20,0.063000014051795,player-3,15,15,37,14,player-4,player-3
75,8,19,0.08725002408027649,player-3,18,19,49,20,player-1,player-3
75,9,18,0.07020821794867516,player-3,22,21,52,22,player-2,player-3
75,10,18,0.07137516513466835,player-4,24,27,52,23,player-3,player-4
75,11,17,0.07979199290275574,player-4,24,27,58,30,player-4,player-4
75,12,17,0.04674983210861683,player-1,28,27,59,32,player-1,player-1
75,13,18,0.05808286368846893,player-3,33,30,62,32,player-2,player-3
75,14,20,0.056541990488767624,player-2,35,32,65,34,player-3,player-2
76,1,19,0.07420801557600498,player-2,4,1,2,3,player-4,player-2
76,2,18,0.07874984294176102,player-2,5,10,6,6,player-1,player-2
76,3,18,0.06512482650578022,player-3,5,11,8,9,player-2,player-3
76,4,18,0.09024981409311295,player-4,5,15,15,16,player-3,player-4
76,5,20,0.07337494753301144,player-3,9,15,19,17,player-4,player-3
76,6,18,0.05916692316532135,player-2,12,20,24,25,player-1,player-2
76,7,17,0.05829217843711376,player-2,12,20,27,27,player-2,player-2
76,8,20,0.0689169391989708,player-2,19,31,29,31,player-3,player-2
76,9,17,0.07062521763145924,player-4,24,37,29,38,player-4,player-4
76,10,19,0.09041698649525642,player-3,30,43,29,39,player-1,player-3
76,11,18,0.06458302959799767,player-3,31,45,33,43,player-2,player-3
76,12,18,0.05233404226601124,player-4,31,45,37,50,player-3,player-4
76,13,17,0.06979191675782204,player-4,35,51,40,57,player-4,player-4
77,1,17,0.04933308809995651,player-3,2,0,5,1,player-3,player-3
77,2,17,0.04866695962846279,player-4,3,2,8,5,player-4,player-4
77,3,17,0.05770893767476082,player-1,10,5,13,8,player-1,player-1
77,4,18,0.07141591049730778,player-3,12,7,17,14,player-2,player-3
77,5,17,0.0628340058028698,player-3,18,9,26,18,player-3,player-3
77,6,17,0.046708155423402786,player-4,20,10,28,20,player-4,player-4
77,7,17,0.050582922995090485,none,25,15,29,20,player-1,none
77,8,17,0.05300017073750496,player-2,25,17,31,24,player-2,player-2
77,9,27,0.06954185664653778,none,26,20,31,25,player-3,none
77,10,17,0.04858383908867836,player-4,26,21,33,30,player-4,player-4
77,11,19,0.06195809692144394,player-3,31,27,40,37,player-1,player-3
77,12,18,0.06670900620520115,player-3,35,27,41,42,player-2,player-3
77,13,25,0.07583294063806534,player-3,38,27,44,43,player-3,player-3
77,14,17,0.06708293221890926,player-4,41,28,48,53,player-4,player-4
77,15,17,0.05904189310967922,player-1,45,28,49,57,player-1,player-1
77,16,17,0.056833960115909576,player-2,49,32,50,58,player-2,player-2
77,17,21,0.05150004290044308,none,49,32,51,61,player-3,none
78,1,26,0.07079099304974079,none,4,1,3,0,player-3,none
78,2,18,0.06325007416307926,player-1,9,6,7,2,player-4,player-1
78,3,17,0.060208141803741455,player-1,11,7,9,5,player-1,player-1
78,4,25,0.07558288052678108,player-2,16,12,14,13,player-2,player-2
78,5,17,0.06600003689527512,player-3,22,16,17,15,player-3,player-3
78,6,18,0.05233287811279297,player-1,37,16,17,18,player-4,player-1
78,7,18,0.06449990905821323,player-2,48,27,20,20,player-1,player-2
78,8,27,0.08075009100139141,player-4,49,34,27,26,player-2,player-4
78,9,17,0.05329097621142864,player-3,52,36,31,26,player-3,player-3
78,10,19,0.06804196164011955,player-2,56,36,31,26,player-4,player-2
78,11,18,0.07345806807279587,player-2,57,45,35,28,player-1,player-2
78,12,17,0.05379202775657177,player-2,59,50,39,32,player-2,player-2
78,13,18,0.05270796827971935,player-4,59,60,39,33,player-3,player-4
78,14,20,0.06916699931025505,player-3,64,67,48,38,player-4,player-3
79,1,17,0.07462501525878906,player-2,9,11,0,0,player-2,player-2
79,2,17,0.055459095165133476,player-3,13,11,5,1,player-3,player-3
79,3,19,0.07016700692474842,player-2,13,15,6,3,player-4,player-2
79,4,18,0.05449983291327953,player-2,14,18,7,3,player-1,player-2
79,5,19,0.05691708065569401,player-4,14,19,9,8,player-2,player-4
79,6,19,0.05700020119547844,player-1,27,19,10,10,player-3,player-1
79,7,20,0.07658405229449272,player-3,28,23,14,12,player-4,player-3
79,8,18,0.06624986417591572,player-2,33,30,17,13,player-1,player-2
79,9,18,0.046582892537117004,none,33,32,18,13,player-2,none
79,10,17,0.05137501284480095,player-3,33,34,23,14,player-3,player-3
79,11,17,0.0815829262137413,player-4,39,34,25,18,player-4,player-4
79,12,17,0.061625149101018906,player-1,47,34,31,18,player-1,player-1
79,13,20,0.0724580604583025,player-1,50,38,31,19,player-2,player-1
79,14,17,0.06333296187222004,player-3,54,41,44,25,player-3,player-3
79,15,18,0.06558396853506565,player-1,59,43,44,28,player-4,player-1
80,1,31,0.08179107680916786,none,2,1,2,1,player-3,none
80,2,23,0.1005418598651886,player-2,16,8,3,16,player-4,player-2
80,3,17,0.05250005051493645,player-1,17,10,7,16,player-1,player-1
80,4,20,0.06770784966647625,player-1,19,12,10,16,player-2,player-1
80,5,21,0.06204098463058472,player-3,25,17,14,20,player-3,player-3
80,6,19,0.06216694600880146,player-2,26,21,17,21,player-4,player-2
80,7,21,0.08050003089010715,player-1,37,21,18,23,player-1,player-1
80,8,17,0.05933293141424656,player-2,41,22,20,23,player-2,player-2
80,9,18,0.0612910371273756,player-4,42,26,25,24,player-3,player-4
80,10,20,0.07037492468953133,player-3,42,28,32,26,player-4,player-3
80,11,17,0.05804188549518585,player-1,45,29,36,27,player-1,player-1
80,12,17,0.06841588765382767,player-2,49,34,40,28,player-2,player-2
80,13,17,0.05695805884897709,player-3,51,35,46,29,player-3,player-3
80,14,18,0.06620795466005802,player-1,53,35,48,29,player-4,player-1
81,1,19,0.08374988101422787,player-1,4,5,6,5,player-3,player-1
81,2,17,0.0630419235676527,player-4,4,5,9,13,player-4,player-4
81,3,18,0.06999983452260494,player-2,7,9,10,13,player-1,player-2
81,4,17,0.06929202936589718,player-2,14,15,15,13,player-2,player-2
81,5,17,0.05345791578292847,player-3,14,16,18,15,player-3,player-3
81,6,17,0.057582976296544075,player-4,19,19,25,20,player-4,player-4
81,7,18,0.05383300594985485,player-2,21,25,29,23,player-1,player-2
81,8,17,0.04937499761581421,player-2,24,32,30,26,player-2,player-2
81,9,20,0.05829194560647011,none,30,34,33,29,player-3,none
81,10,19,0.06254203617572784,player-2,32,38,38,29,player-4,player-2
81,11,21,0.07179193198680878,player-1,37,45,40,34,player-1,player-1
81,12,19,0.0594588927924633,player-4,38,49,42,36,player-2,player-4
81,13,22,0.0879999715834856,player-4,38,50,45,40,player-3,player-4
81,14,17,0.05983305163681507,player-4,39,52,49,47,player-4,player-4
81,15,27,0.08120806887745857,player-3,42,52,57,49,player-1,player-3
82,1,17,0.07108296267688274,player-2,4,7,9,0,player-2,player-2
82,2,18,0.06608408875763416,player-4,13,14,13,6,player-3,player-4
82,3,17,0.06800005212426186,player-4,17,17,22,10,player-4,player-4
82,4,21,0.05145883187651634,none,20,17,23,10,player-1,none
82,5,18,0.07433281280100346,player-3,25,19,26,18,player-2,player-3
82,6,17,0.05904096178710461,player-3,25,21,29,20,player-3,player-3
82,7,17,0.06262515671551228,player-4,28,21,31,25,player-4,player-4
82,8,18,0.07695797830820084,player-2,32,25,33,34,player-1,player-2
82,9,17,0.06824987940490246,player-2,32,32,33,41,player-2,player-2
82,10,17,0.05308305844664574,player-3,33,36,37,41,player-3,player-3
82,11,19,0.06487499922513962,player-2,38,44,37,44,player-4,player-2
82,12,19,0.06429199129343033,player-3,43,47,44,49,player-1,player-3
82,13,17,0.06033293902873993,player-2,48,47,46,50,player-2,player-2
82,14,20,0.0753339845687151,player-2,52,61,46,52,player-3,player-2
83,1,21,0.06608408875763416,player-2,3,3,2,1,player-2,player-2
83,2,18,0.07487507537007332,player-4,9,5,5,4,player-3,player-4
83,3,19,0.06650015711784363,player-2,11,12,6,9,player-4,player-2
83,4,17,0.05874992348253727,player-1,16,16,9,18,player-1,player-1
83,5,18,0.05429191514849663,player-3,18,20,13,20,player-2,player-3
83,6,18,0.06204121746122837,player-4,22,20,15,23,player-3,player-4
83,7,19,0.07895799353718758,player-2,24,26,17,28,player-4,player-2
83,8,17,0.05341600626707077,player-1,27,28,21,34,player-1,player-1
83,9,23,0.0754999928176403,player-4,30,32,30,43,player-2,player-4
83,10,17,0.05591614171862602,player-3,32,35,34,44,player-3,player-3
83,11,19,0.09095901623368263,player-2,38,38,34,49,player-4,player-2
83,12,17,0.07354188710451126,player-1,41,40,37,51,player-1,player-1
83,13,17,0.06337510421872139,player-2,45,47,37,54,player-2,player-2
84,1,19,0.09516696445643902,player-4,2,2,0,11,player-2,player-4
84,2,20,0.07608393207192421,player-2,4,9,2,15,player-3,player-2
84,3,18,0.0737910158932209,player-1,6,18,2,24,player-4,player-1
84,4,18,0.052042072638869286,player-2,11,21,2,24,player-1,player-2
84,5,17,0.054791802540421486,player-2,13,24,6,26,player-2,player-2
84,6,20,0.0791668426245451,player-2,16,31,6,31,player-3,player-2
84,7,19,0.06274995394051075,player-2,19,32,8,34,player-4,player-2
84,8,17,0.06787502206861973,player-1,23,36,8,37,player-1,player-1
84,9,33,0.0866670161485672,player-2,27,41,10,42,player-2,player-2
84,10,19,0.05504186265170574,player-1,27,43,10,43,player-3,player-1
84,11,20,0.08195801638066769,player-3,29,43,19,43,player-4,player-3
84,12,20,0.06758305244147778,player-4,32,45,20,49,player-1,player-4
84,13,18,0.0627920962870121,player-3,32,46,27,55,player-2,player-3
85,1,24,0.08362485095858574,player-1,6,3,3,0,player-2,player-1
85,2,20,0.05175010301172733,none,7,3,7,0,player-3,none
85,3,17,0.059542013332247734,player-4,9,5,13,5,player-4,player-4
85,4,18,0.062000006437301636,player-2,11,8,17,7,player-1,player-2
85,5,17,0.057042110711336136,player-2,16,17,17,10,player-2,player-2
85,6,17,0.06033293902873993,player-3,18,20,21,13,player-3,player-3
85,7,17,0.06204191595315933,player-4,23,22,24,16,player-4,player-4
85,8,17,0.05970802158117294,player-1,29,27,26,20,player-1,player-1
85,9,18,0.047625042498111725,player-3,29,32,30,21,player-2,player-3
85,10,17,0.05566701292991638,player-3,30,33,34,21,player-3,player-3
85,11,20,0.06683310493826866,player-3,32,37,41,25,player-4,player-3
85,12,18,0.07079099304974079,player-2,35,44,42,27,player-1,player-2
85,13,20,0.06658420898020267,player-1,42,47,47,27,player-2,player-1
85,14,20,0.07279193960130215,player-2,43,52,50,32,player-3,player-2
85,15,17,0.07466599345207214,player-4,49,52,55,37,player-4,player-4
86,1,21,0.0711251050233841,player-2,5,5,4,2,player-2,player-2
86,2,19,0.05595805123448372,player-1,16,9,6,8,player-3,player-1
86,3,17,0.0552500132471323,player-4,18,14,10,12,player-4,player-4
86,4,18,0.058582983911037445,player-2,19,20,10,12,player-1,player-2
86,5,17,0.07049995474517345,player-2,19,27,10,17,player-2,player-2
86,6,17,0.05783303640782833,player-3,22,29,13,17,player-3,player-3
86,7,17,0.08708401583135128,player-4,24,33,17,23,player-4,player-4
86,8,17,0.07120799273252487,player-1,30,33,19,25,player-1,player-1
86,9,17,0.08029211312532425,player-2,39,36,20,25,player-2,player-2
86,10,17,0.059916870668530464,player-3,43,37,25,28,player-3,player-3
86,11,18,0.06308290176093578,player-1,49,38,31,32,player-4,player-1
86,12,19,0.06170780397951603,player-3,52,39,32,36,player-1,player-3
86,13,17,0.07058307528495789,player-2,55,49,35,38,player-2,player-2
86,14,18,0.0635830219835043,player-4,58,54,39,43,player-3,player-4
86,15,17,0.06483308970928192,player-4,62,58,39,50,player-4,player-4
87,1,17,0.05866703577339649,player-4,2,0,3,4,player-4,player-4
87,2,19,0.05591707304120064,player-3,6,0,9,6,player-1,player-3
87,3,22,0.0738748349249363,player-3,8,4,9,7,player-2,player-3
87,4,20,0.07337494753301144,player-2,8,11,12,10,player-3,player-2
87,5,19,0.06916699931025505,player-2,12,14,17,13,player-4,player-2
87,6,21,0.05920790135860443,player-1,16,14,18,14,player-1,player-1
87,7,19,0.05712499842047691,player-4,21,14,21,21,player-2,player-4
87,8,17,0.059750163927674294,player-3,23,14,26,21,player-3,player-3
87,9,18,0.06029196083545685,player-1,28,15,32,23,player-4,player-1
87,10,19,0.06225006654858589,player-3,32,15,41,27,player-1,player-3
87,11,17,0.07095793262124062,player-2,40,21,44,32,player-2,player-2
87,12,18,0.07441593334078789,player-4,53,25,51,45,player-3,player-4
88,1,17,0.06287498399615288,player-4,3,7,1,5,player-4,player-4
88,2,18,0.060042133554816246,player-2,5,13,1,6,player-1,player-2
88,3,17,0.07050018757581711,player-2,5,29,3,12,player-2,player-2
88,4,17,0.05741603672504425,player-3,9,34,6,15,player-3,player-3
88,5,19,0.055582961067557335,player-2,12,34,8,17,player-4,player-2
88,6,19,0.062125036492943764,player-3,17,34,13,18,player-1,player-3
88,7,17,0.05375011824071407,player-2,21,38,15,18,player-2,player-2
88,8,17,0.0535410363227129,player-3,23,40,18,21,player-3,player-3
88,9,17,0.07383408956229687,player-4,26,43,22,27,player-4,player-4
88,10,18,0.0641669612377882,player-2,28,47,28,32,player-1,player-2
88,11,17,0.05191704258322716,player-2,28,52,28,33,player-2,player-2
88,12,18,0.07612514309585094,player-4,29,54,30,38,player-3,player-4
88,13,25,0.07845787331461906,player-4,32,56,39,45,player-4,player-4
89,1,17,0.05312496796250343,player-3,1,1,6,0,player-3,player-3
89,2,17,0.05950010381639004,player-4,2,4,6,2,player-4,player-4
89,3,17,0.058582983911037445,player-1,7,4,12,10,player-1,player-1
89,4,18,0.05045882426202297,player-3,9,5,18,10,player-2,player-3
89,5,21,0.06187497638165951,player-3,9,6,20,10,player-3,player-3
89,6,23,0.05587516352534294,none,9,8,22,13,player-4,none
89,7,19,0.06029102951288223,player-3,12,8,25,20,player-1,player-3
89,8,22,0.07066689431667328,player-3,12,11,31,25,player-2,player-3
89,9,18,0.07062498480081558,player-4,14,14,34,27,player-3,player-4
89,10,17,0.05925004370510578,player-4,16,17,40,30,player-4,player-4
89,11,18,0.06841681897640228,player-2,19,21,40,37,player-1,player-2
89,12,21,0.07375003769993782,player-2,22,27,41,38,player-2,player-2
89,13,17,0.05533406510949135,player-3,24,27,46,38,player-3,player-3
89,14,20,0.06908318027853966,player-3,28,30,52,43,player-4,player-3
89,15,18,0.06266683340072632,player-2,34,32,55,44,player-1,player-2
89,16,18,0.0577499158680439,player-3,41,34,56,46,player-2,player-3
89,17,21,0.06479118019342422,player-3,44,39,62,46,player-3,player-3
90,1,17,0.05350005812942982,player-1,6,1,2,1,player-1,player-1
90,2,17,0.062125036492943764,player-2,11,7,8,2,player-2,player-2
90,3,17,0.06654183380305767,player-3,12,7,16,7,player-3,player-3
90,4,17,0.06179092451930046,player-4,14,13,16,13,player-4,player-4
90,5,17,0.052541960030794144,player-1,23,13,18,17,player-1,player-1
90,6,21,0.07650000043213367,player-2,30,14,21,21,player-2,player-2
90,7,21,0.06258301436901093,none,30,17,23,21,player-3,none
90,8,23,0.0752501655369997,player-2,34,22,30,26,player-4,player-2
90,9,17,0.08083297871053219,player-1,42,29,30,26,player-1,player-1
90,10,17,0.08583301678299904,player-2,45,38,33,30,player-2,player-2
90,11,21,0.06545800715684891,player-3,49,41,40,33,player-3,player-3
90,12,26,0.0825000461190939,player-1,52,41,47,37,player-4,player-1
90,13,17,0.05787494592368603,player-1,57,43,50,39,player-1,player-1
91,1,17,0.06833416409790516,player-1,8,0,4,1,player-1,player-1
91,2,20,0.0677499920129776,player-1,12,1,9,3,player-2,player-1
91,3,17,0.05570799112319946,player-3,12,3,19,4,player-3,player-3
91,4,17,0.05925004370510578,player-4,12,9,19,6,player-4,player-4
91,5,17,0.06366707384586334,player-1,20,10,24,8,player-1,player-1
91,6,17,0.07362500764429569,player-2,22,17,33,8,player-2,player-2
91,7,17,0.047625042498111725,player-3,23,21,38,11,player-3,player-3
91,8,17,0.065250089392066,player-4,29,24,38,16,player-4,player-4
91,9,17,0.05408283323049545,player-1,31,27,42,19,player-1,player-1
91,10,20,0.07091695442795753,player-1,36,28,48,25,player-2,player-1
91,11,19,0.06324984133243561,player-1,44,29,51,29,player-3,player-1
91,12,20,0.07916591130197048,player-3,46,36,58,35,player-4,player-3
92,1,18,0.0577499158680439,player-3,1,3,5,1,player-2,player-3
92,2,17,0.054416945204138756,player-3,3,3,10,4,player-3,player-3
92,3,21,0.059459125623106956,player-4,5,4,12,8,player-4,player-4
92,4,18,0.06841705180704594,player-2,10,5,20,21,player-1,player-2
92,5,17,0.05616690032184124,player-2,10,8,22,21,player-2,player-2
92,6,17,0.05208305083215237,player-3,15,8,25,24,player-3,player-3
92,7,17,0.060625141486525536,player-4,16,13,26,31,player-4,player-4
92,8,17,0.050083035603165627,player-1,21,14,26,35,player-1,player-1
92,9,17,0.06937514990568161,player-2,25,27,29,38,player-2,player-2
92,10,19,0.06412481889128685,player-1,25,28,35,40,player-3,player-1
92,11,17,0.060999998822808266,player-4,27,30,42,43,player-4,player-4
92,12,20,0.0849999487400055,player-4,33,35,47,45,player-1,player-4
92,13,17,0.07329205982387066,player-2,39,36,50,49,player-2,player-2
92,14,17,0.0527920201420784,player-3,43,37,55,49,player-3,player-3
92,15,17,0.06870809011161327,player-4,43,39,64,55,player-4,player-4
93,1,20,0.06595812737941742,player-1,7,1,4,6,player-2,player-1
93,2,17,0.05066697485744953,player-3,9,2,8,8,player-3,player-3
93,3,19,0.0677499920129776,player-2,11,7,11,11,player-4,player-2
93,4,17,0.06308406591415405,player-1,15,14,13,13,player-1,player-1
93,5,17,0.08870894089341164,player-2,17,16,13,15,player-2,player-2
93,6,17,0.07516704499721527,player-3,24,25,20,17,player-3,player-3
93,7,17,0.07362500764429569,player-4,26,30,22,21,player-4,player-4
93,8,23,0.06879190914332867,player-3,27,30,29,25,player-1,player-3
93,9,18,0.0765831209719181,player-3,27,35,32,30,player-2,player-3
93,10,20,0.07454212754964828,none,27,40,35,30,player-3,none
93,11,20,0.06220792420208454,player-3,27,40,39,33,player-4,player-3
93,12,18,0.08879182860255241,player-2,30,49,43,33,player-1,player-2
93,13,17,0.08333404548466206,player-2,35,56,46,33,player-2,player-2
93,14,17,0.0743749551475048,player-3,38,57,53,35,player-3,player-3
93,15,23,0.061374856159090996,none,40,60,55,36,player-4,none
93,16,24,0.07562502287328243,none,44,61,57,36,player-1,none
94,1,17,0.07462501525878906,player-4,4,1,10,6,player-4,player-4
94,2,20,0.08691707625985146,player-4,9,2,12,11,player-1,player-4
94,3,21,0.09795790538191795,player-2,9,5,13,17,player-2,player-2
94,4,17,0.09187497198581696,player-3,14,10,19,17,player-3,player-3
94,5,18,0.07100007496774197,player-1,16,11,21,20,player-4,player-1
94,6,18,0.059957848861813545,player-2,21,17,25,20,player-1,player-2
94,7,18,0.06820796988904476,player-3,21,18,27,23,player-2,player-3
94,8,17,0.09562494233250618,player-3,21,22,31,29,player-3,player-3
94,9,17,0.05991710349917412,player-4,24,23,31,32,player-4,player-4
94,10,17,0.06608315743505955,player-1,29,28,32,32,player-1,player-1
94,11,18,0.05875015631318092,player-3,29,28,39,32,player-2,player-3
94,12,20,0.08545909076929092,player-2,36,45,40,45,player-3,player-2
94,13,17,0.06170780397951603,player-4,39,46,43,48,player-4,player-4
94,14,18,0.08079106919467449,player-2,41,62,43,53,player-1,player-2
95,1,17,0.057165976613759995,player-1,6,0,2,5,player-1,player-1
95,2,24,0.0637909397482872,player-1,13,2,7,7,player-2,player-1
95,3,17,0.06487499922513962,player-3,17,4,13,7,player-3,player-3
95,4,24,0.07295794785022736,player-3,19,8,16,7,player-4,player-3
95,5,19,0.06850017234683037,player-3,20,14,22,7,player-1,player-3
95,6,17,0.06204098463058472,player-2,22,22,25,9,player-2,player-2
95,7,17,0.06425008177757263,player-3,24,24,28,13,player-3,player-3
95,8,19,0.06620795466005802,player-2,28,26,33,19,player-4,player-2
95,9,17,0.052999937906861305,player-1,35,28,33,19,player-1,player-1
95,10,24,0.06933393888175488,player-1,44,38,36,19,player-2,player-1
95,11,20,0.0646661501377821,player-2,49,42,37,21,player-3,player-2
95,12,18,0.05608401261270046,player-1,52,43,39,21,player-4,player-1
95,13,27,0.0830001663416624,player-3,55,47,46,28,player-1,player-3
96,1,17,0.06654183380305767,player-4,0,3,0,4,player-4,player-4
96,2,19,0.0692091416567564,player-3,4,4,1,6,player-1,player-3
96,3,17,0.06829202175140381,player-2,7,14,5,13,player-2,player-2
96,4,17,0.06070802919566631,player-3,9,15,10,18,player-3,player-3
96,5,17,0.06508291698992252,player-4,13,15,13,22,player-4,player-4
96,6,20,0.07145805284380913,player-4,15,21,17,30,player-1,player-4
96,7,17,0.06500002928078175,player-2,23,29,19,34,player-2,player-2
96,8,19,0.08616689592599869,player-1,31,30,23,38,player-3,player-1
96,9,20,0.08420785889029503,player-3,34,30,26,41,player-4,player-3
96,10,17,0.06900005973875523,player-1,43,31,28,45,player-1,player-1
96,11,17,0.05420902743935585,player-2,45,37,28,46,player-2,player-2
96,12,18,0.06920797750353813,player-4,46,42,29,48,player-3,player-4
96,13,17,0.06537511944770813,player-4,47,43,32,50,player-4,player-4
96,14,17,0.07516704499721527,player-1,52,45,36,50,player-1,player-1
96,15,17,0.061125028878450394,player-2,58,48,37,62,player-2,player-2
97,1,17,0.05612499080598354,player-1,4,0,1,3,player-1,player-1
97,2,17,0.059750163927674294,player-2,6,6,1,3,player-2,player-2
97,3,17,0.056958990171551704,player-3,8,6,4,5,player-3,player-3
97,4,17,0.05358317866921425,player-4,12,9,5,7,player-4,player-4
97,5,17,0.07283315062522888,player-1,15,12,6,7,player-1,player-1
97,6,20,0.10908301919698715,player-1,20,16,17,12,player-2,player-1
97,7,20,0.06220908835530281,player-2,21,20,18,12,player-3,player-2
97,8,17,0.06612483412027359,player-4,26,25,20,19,player-4,player-4
97,9,17,0.06925011985003948,player-1,33,25,22,26,player-1,player-1
97,10,18,0.07808301597833633,player-3,34,30,27,28,player-2,player-3
97,11,19,0.060542020946741104,player-1,40,37,31,28,player-3,player-1
97,12,17,0.07916591130197048,player-4,43,41,32,35,player-4,player-4
97,13,20,0.07100007496774197,player-4,44,42,35,45,player-1,player-4
97,14,17,0.06295903585851192,player-2,49,48,35,48,player-2,player-2
97,15,18,0.06362493149936199,player-4,53,48,43,56,player-3,player-4
98,1,17,0.0794590450823307,player-3,2,3,3,6,player-3,player-3
98,2,18,0.06395811215043068,player-1,8,3,5,11,player-4,player-1
98,3,18,0.07366691716015339,player-2,8,13,9,19,player-1,player-2
98,4,17,0.06766687147319317,player-2,8,24,12,24,player-2,player-2
98,5,17,0.08383416570723057,player-3,10,32,19,27,player-3,player-3
98,6,17,0.06420910358428955,player-4,12,34,21,29,player-4,player-4
98,7,20,0.06350013427436352,player-4,15,34,22,34,player-1,player-4
98,8,17,0.05675014108419418,player-2,17,40,26,38,player-2,player-2
98,9,18,0.05791592411696911,player-4,18,40,27,46,player-3,player-4
98,10,20,0.06583309732377529,player-3,25,44,33,47,player-4,player-3
98,11,18,0.06341701373457909,player-2,29,49,34,48,player-1,player-2
98,12,17,0.059416983276605606,player-2,34,61,40,58,player-2,player-2
99,1,18,0.06237509660422802,player-4,2,4,3,3,player-3,player-4
99,2,18,0.069082947447896,player-1,5,4,8,8,player-4,player-1
99,3,17,0.07683294825255871,player-1,9,6,10,11,player-1,player-1
99,4,24,0.06237509660422802,player-1,20,7,12,13,player-2,player-1
99,5,22,0.07800012826919556,player-4,26,7,16,18,player-3,player-4
99,6,19,0.06470899097621441,player-2,29,9,21,19,player-4,player-2
99,7,17,0.050999922677874565,player-1,34,12,23,20,player-1,player-1
99,8,18,0.05970895290374756,player-3,35,13,25,24,player-2,player-3
99,9,17,0.07595797069370747,player-3,41,13,35,24,player-3,player-3
99,10,18,0.07583410479128361,player-1,44,14,36,30,player-4,player-1
99,11,20,0.07012509740889072,player-4,45,16,38,34,player-1,player-4
99,12,19,0.06066705100238323,player-4,45,18,39,37,player-2,player-4
99,13,17,0.056042103096842766,player-3,50,19,39,37,player-3,player-3
99,14,19,0.0704578123986721,player-2,50,21,46,39,player-4,player-2
99,15,17,0.05687493830919266,player-1,57,23,55,40,player-1,player-1
100,1,17,0.04879222251474857,player-1,5,0,0,2,player-1,player-1
100,2,17,0.05404185503721237,player-2,7,17,8,11,player-2,player-2
100,3,17,0.059999991208314896,player-3,8,21,10,13,player-3,player-3
100,4,18,0.059582991525530815,player-1,16,21,18,16,player-4,player-1
100,5,18,0.053666066378355026,player-2,17,22,22,18,player-1,player-2
100,6,17,0.05508400499820709,player-2,19,28,23,22,player-2,player-2
100,7,18,0.06695813499391079,player-4,20,34,25,22,player-3,player-4
100,8,23,0.07991702295839787,player-2,22,40,25,25,player-4,player-2
100,9,21,0.07179100066423416,player-1,25,43,28,25,player-1,player-1
100,10,17,0.07562502287328243,player-2,26,53,30,25,player-2,player-2
100,11,17,0.05850009620189667,player-3,31,54,35,28,player-3,player-3
100,12,19,0.06754114292562008,player-2,35,58,36,35,player-4,player-2
100,13,17,0.06308406591415405,player-1,48,59,44,39,player-1,player-1
100,14,18,0.08229189552366734,player-3,58,61,52,42,player-2,player-3
101,1,18,0.05070795305073261,player-2,1,4,1,1,player-1,player-2
101,2,17,0.0639590434730053,player-2,4,11,1,4,player-2,player-2
101,3,19,0.06858306005597115,player-1,9,13,6,4,player-3,player-1
101,4,17,0.06441702134907246,player-4,15,17,9,11,player-4,player-4
101,5,19,0.07666600868105888,player-3,18,19,17,19,player-1,player-3
101,6,21,0.0764171127229929,player-2,19,21,18,20,player-2,player-2
101,7,17,0.057791126891970634,player-3,24,29,25,20,player-3,player-3
101,8,20,0.06491690874099731,player-3,29,32,30,24,player-4,player-3
101,9,20,0.08370913565158844,player-4,40,34,47,26,player-1,player-4
101,10,17,0.05641719326376915,player-2,42,35,50,32,player-2,player-2
101,11,20,0.07237493991851807,player-2,44,39,52,33,player-3,player-2
101,12,19,0.06045796908438206,player-2,47,46,52,35,player-4,player-2
101,13,18,0.06316695362329483,player-2,48,47,57,37,player-1,player-2
102,1,19,0.07220893166959286,player-3,4,5,7,4,player-1,player-3
102,2,17,0.05929102189838886,player-2,8,8,9,4,player-2,player-2
102,3,19,0.05795806646347046,player-1,8,8,11,6,player-3,player-1
102,4,18,0.07816706784069538,player-1,10,8,16,9,player-4,player-1
102,5,17,0.05116686224937439,player-1,13,13,17,9,player-1,player-1
102,6,17,0.054791802540421486,player-2,15,19,19,13,player-2,player-2
102,7,22,0.06454088725149632,player-4,16,20,22,20,player-3,player-4
102,8,18,0.06466591730713844,player-1,16,28,25,27,player-4,player-1
102,9,19,0.05508284084498882,player-3,19,29,30,27,player-1,player-3
102,10,22,0.07212487980723381,player-3,22,38,34,32,player-2,player-3
102,11,22,0.08041714318096638,player-4,22,42,37,37,player-3,player-4
102,12,17,0.07962505333125591,player-4,27,44,40,43,player-4,player-4
102,13,19,0.06112479604780674,player-3,31,45,43,47,player-1,player-3
102,14,17,0.055374810472130775,player-2,37,50,46,51,player-2,player-2
103,1,24,0.07591606117784977,player-2,2,6,2,0,player-3,player-2
103,2,31,0.08429097943007946,player-2,6,10,2,5,player-4,player-2
103,3,17,0.04845811054110527,player-1,9,10,3,8,player-1,player-1
103,4,24,0.09716604836285114,player-1,13,18,5,11,player-2,player-1
103,5,18,0.06204191595315933,player-4,13,21,5,14,player-3,player-4
103,6,17,0.05970802158117294,player-4,14,21,10,16,player-4,player-4
103,7,20,0.04987488500773907,none,16,21,10,16,player-1,none
103,8,22,0.0539170578122139,none,19,23,12,16,player-2,none
103,9,17,0.06037508137524128,player-3,28,23,16,20,player-3,player-3
103,10,18,0.08066697046160698,player-1,31,27,16,22,player-4,player-1
103,11,25,0.09674998000264168,player-1,39,32,20,22,player-1,player-1
103,12,17,0.05445815622806549,player-2,39,33,22,23,player-2,player-2
103,13,20,0.06874999962747097,player-2,47,37,23,25,player-3,player-2
103,14,17,0.05112495273351669,player-4,47,38,30,32,player-4,player-4
103,15,19,0.07537496276199818,player-3,52,41,32,33,player-1,player-3
103,16,20,0.07962505333125591,player-1,59,45,33,37,player-2,player-1
103,17,18,0.0627078115940094,player-4,59,50,39,45,player-3,player-4
103,18,17,0.04812492989003658,player-4,64,52,44,51,player-4,player-4
104,1,17,0.0630419235676527,player-4,3,2,6,1,player-4,player-4
104,2,21,0.07408298552036285,player-1,7,4,7,10,player-1,player-1
104,3,17,0.0666668638586998,player-2,13,10,9,12,player-2,player-2
104,4,39,0.09016692638397217,player-1,16,13,11,12,player-3,player-1
104,5,17,0.05308282561600208,player-4,19,16,14,16,player-4,player-4
104,6,24,0.05770893767476082,none,22,17,16,18,player-1,none
104,7,19,0.07095793262124062,player-4,24,22,21,29,player-2,player-4
104,8,17,0.0849161297082901,player-3,35,31,22,34,player-3,player-3
104,9,17,0.05470798350870609,player-4,37,34,28,37,player-4,player-4
104,10,18,0.058999983593821526,player-2,41,36,29,42,player-1,player-2
104,11,17,0.05929102189838886,player-2,43,48,31,44,player-2,player-2
104,12,19,0.07270812056958675,player-1,55,52,37,46,player-3,player-1
104,13,17,0.06700004450976849,player-4,55,54,43,47,player-4,player-4
105,1,17,0.04758313298225403,player-1,7,0,2,5,player-1,player-1
105,2,21,0.08091609925031662,player-2,9,12,12,17,player-2,player-2
105,3,17,0.06833299994468689,player-3,12,12,21,17,player-3,player-3
105,4,31,0.11404091492295265,player-2,19,20,24,19,player-4,player-2
105,5,17,0.06283307448029518,player-1,23,25,33,26,player-1,player-1
105,6,20,0.07737497799098492,player-1,29,33,34,40,player-2,player-1
105,7,18,0.0654999166727066,player-4,31,38,40,40,player-3,player-4
105,8,17,0.06091711111366749,player-4,37,42,45,45,player-4,player-4
105,9,17,0.05570799112319946,player-1,47,42,47,45,player-1,player-1
105,10,17,0.06183283403515816,player-2,48,51,50,49,player-2,player-2
106,1,23,0.057208118960261345,none,3,0,1,1,player-3,none
106,2,18,0.06016693077981472,player-1,7,2,5,3,player-4,player-1
106,3,25,0.08766609244048595,player-1,10,4,9,12,player-1,player-1
106,4,17,0.06570806726813316,player-2,15,12,12,18,player-2,player-2
106,5,22,0.07325015030801296,player-4,20,12,20,22,player-3,player-4
106,6,20,0.06691692396998405,player-3,23,16,21,25,player-4,player-3
106,7,17,0.048042042180895805,player-1,32,17,24,27,player-1,player-1
106,8,17,0.049584079533815384,player-2,37,18,24,30,player-2,player-2
106,9,17,0.06704102270305157,player-3,38,24,30,33,player-3,player-3
106,10,17,0.053625088185071945,player-4,39,25,32,37,player-4,player-4
106,11,17,0.0574158038944006,player-1,43,31,38,47,player-1,player-1
106,12,18,0.06304099224507809,player-3,46,40,45,50,player-2,player-3
106,13,17,0.06970786489546299,player-3,48,47,56,56,player-3,player-3
107,1,17,0.05829194560647011,player-1,9,0,3,2,player-1,player-1
107,2,18,0.06504100747406483,player-3,10,0,7,7,player-2,player-3
107,3,18,0.062167178839445114,player-4,16,5,13,13,player-3,player-4
107,4,17,0.05150004290044308,player-4,20,8,19,20,player-4,player-4
107,5,18,0.06174994632601738,player-2,22,12,21,20,player-1,player-2
107,6,22,0.07045804522931576,player-3,28,17,24,20,player-2,player-3
107,7,26,0.0749579630792141,player-4,30,18,33,24,player-3,player-4
107,8,18,0.05966587923467159,player-1,38,20,35,26,player-4,player-1
107,9,21,0.0671660527586937,player-1,43,21,40,30,player-1,player-1
107,10,17,0.05983305163681507,player-2,49,24,43,34,player-2,player-2
107,11,17,0.059167155995965004,player-3,52,28,43,40,player-3,player-3
107,12,17,0.05437503568828106,player-4,52,32,46,45,player-4,player-4
107,13,18,0.06574997678399086,none,54,33,47,46,player-1,none
108,1,20,0.0724580604583025,player-3,1,1,5,4,player-4,player-3
108,2,20,0.06858306005597115,player-4,4,3,6,9,player-1,player-4
108,3,17,0.05237502045929432,player-2,8,6,6,9,player-2,player-2
108,4,17,0.059582991525530815,player-3,10,8,9,14,player-3,player-3
108,5,17,0.06612483412027359,player-4,19,9,12,20,player-4,player-4
108,6,18,0.06429199129343033,player-2,26,23,13,26,player-1,player-2
108,7,21,0.06500002928078175,player-2,28,25,14,28,player-2,player-2
108,8,17,0.057042110711336136,player-3,30,25,19,34,player-3,player-3
108,9,17,0.05245814099907875,player-4,33,27,19,37,player-4,player-4
108,10,26,0.08008396252989769,player-2,37,31,30,41,player-1,player-2
108,11,17,0.05791708827018738,player-2,46,32,33,47,player-2,player-2
108,12,17,0.06466684862971306,player-3,46,37,35,49,player-3,player-3
108,13,17,0.057040946558117867,player-4,49,37,36,53,player-4,player-4
108,14,18,0.050958944484591484,player-2,49,44,38,56,player-1,player-2
109,1,18,0.06670900620520115,player-3,2,0,2,1,player-2,player-3
109,2,17,0.055582961067557335,player-3,7,0,5,2,player-3,player-3
109,3,17,0.06287498399615288,player-4,10,9,12,9,player-4,player-4
109,4,21,0.06262492388486862,player-1,20,10,15,9,player-1,player-1
109,5,17,0.06737490184605122,player-2,20,21,19,19,player-2,player-2
109,6,18,0.04987488500773907,player-4,21,21,22,22,player-3,player-4
109,7,17,0.07937499321997166,player-4,25,26,32,29,player-4,player-4
109,8,17,0.05691708065569401,player-1,33,32,35,34,player-1,player-1
109,9,17,0.05983421579003334,player-2,40,36,36,39,player-2,player-2
109,10,17,0.05900021642446518,player-3,41,41,40,42,player-3,player-3
109,11,17,0.06187497638165951,player-4,45,43,44,51,player-4,player-4
109,12,17,0.05400017835199833,player-1,51,44,44,51,player-1,player-1
109,13,17,0.06083399057388306,player-2,51,47,45,55,player-2,player-2
110,1,17,0.06320816464722157,player-2,11,6,0,5,player-2,player-2
110,2,21,0.059165991842746735,player-3,11,7,6,11,player-3,player-3
110,3,17,0.06849993951618671,player-4,11,9,11,17,player-4,player-4
110,4,19,0.08645793423056602,player-3,16,9,19,23,player-1,player-3
110,5,19,0.05725002847611904,player-4,20,11,22,25,player-2,player-4
110,6,18,0.061916885897517204,player-4,25,18,26,32,player-3,player-4
110,7,20,0.06879097782075405,player-3,25,20,35,33,player-4,player-3
110,8,17,0.04891701973974705,player-1,30,20,40,34,player-1,player-1
110,9,19,0.07025012746453285,player-4,30,25,40,44,player-2,player-4
110,10,18,0.07045804522931576,player-4,33,28,44,47,player-3,player-4
110,11,17,0.06312504410743713,player-4,33,30,49,50,player-4,player-4
110,12,18,0.06150011904537678,player-2,42,41,56,54,player-1,player-2
110,13,17,0.06366614252328873,player-2,43,49,58,57,player-2,player-2
111,1,17,0.06062490865588188,player-2,3,6,2,0,player-2,player-2
111,2,19,0.05650008097290993,player-1,6,8,4,4,player-3,player-1
111,3,20,0.05787517875432968,player-3,8,9,9,6,player-4,player-3
111,4,19,0.06704102270305157,player-3,8,10,14,9,player-1,player-3
111,5,17,0.05550007335841656,player-2,10,15,16,12,player-2,player-2
111,6,19,0.06404099985957146,player-1,23,17,22,15,player-3,player-1
111,7,19,0.06479211151599884,player-2,26,23,26,15,player-4,player-2
111,8,20,0.06283284164965153,player-4,27,24,30,15,player-1,player-4
111,9,20,0.08079200051724911,player-1,27,28,32,23,player-2,player-1
111,10,17,0.06074993871152401,player-3,30,35,35,28,player-3,player-3
111,11,23,0.0660410150885582,player-2,34,37,37,28,player-4,player-2
111,12,18,0.07154210470616817,player-2,36,42,39,29,player-1,player-2
111,13,19,0.0766250304877758,player-4,43,46,50,29,player-2,player-4
111,14,17,0.04912493750452995,player-3,48,49,55,30,player-3,player-3
112,1,17,0.11250004172325134,player-1,9,5,0,3,player-1,player-1
112,2,17,0.06408290937542915,player-2,9,11,0,7,player-2,player-2
112,3,17,0.07483293302357197,player-3,15,13,2,13,player-3,player-3
112,4,17,0.0724999699741602,player-4,15,14,3,15,player-4,player-4
112,5,21,0.07758312858641148,player-1,19,20,9,16,player-1,player-1
112,6,18,0.08925003930926323,player-3,22,20,18,17,player-2,player-3
112,7,17,0.06508314982056618,player-3,22,20,24,22,player-3,player-3
112,8,17,0.06179092451930046,player-4,25,24,27,25,player-4,player-4
112,9,17,0.05679205060005188,player-1,35,24,32,30,player-1,player-1
112,10,17,0.07054186426103115,player-2,38,37,36,30,player-2,player-2
112,11,20,0.0724999699741602,player-2,42,40,36,30,player-3,player-2
112,12,22,0.08483417332172394,player-1,42,43,44,34,player-4,player-1
112,13,17,0.05541602149605751,player-1,58,43,44,36,player-1,player-1
113,1,17,0.07095886394381523,player-3,2,3,1,0,player-3,player-3
113,2,17,0.07208390161395073,player-4,5,8,6,0,player-4,player-4
113,3,19,0.05879090167582035,player-3,5,11,11,7,player-1,player-3
113,4,17,0.10349997319281101,player-2,5,29,13,20,player-2,player-2
113,5,18,0.0612910371273756,player-4,6,33,16,26,player-3,player-4
113,6,17,0.06916606798768044,player-4,6,38,25,33,player-4,player-4
113,7,22,0.08970801718533039,player-2,14,49,25,41,player-1,player-2
113,8,17,0.07091695442795753,player-2,15,55,26,44,player-2,player-2
113,9,18,0.05204183980822563,none,15,57,27,44,player-3,none
114,1,17,0.07908395491540432,player-1,4,3,3,3,player-1,player-1
114,2,18,0.055541982874274254,player-3,5,6,6,5,player-2,player-3
114,3,19,0.07066596299409866,player-1,18,8,12,9,player-3,player-1
114,4,18,0.05079200491309166,player-1,23,9,13,9,player-4,player-1
114,5,25,0.06716698408126831,none,25,12,13,9,player-1,none
114,6,17,0.07937499321997166,player-2,28,20,13,12,player-2,player-2
114,7,17,0.08179084397852421,player-3,31,23,21,13,player-3,player-3
114,8,30,0.10066688992083073,player-1,35,27,22,15,player-4,player-1
114,9,17,0.059582991525530815,player-1,37,29,26,15,player-1,player-1
114,10,17,0.07316609844565392,player-2,37,32,26,17,player-2,player-2
114,11,17,0.06204098463058472,player-3,37,35,30,22,player-3,player-3
114,12,18,0.06137508898973465,player-1,44,36,32,25,player-4,player-1
114,13,17,0.05445815622806549,player-1,48,38,33,25,player-1,player-1
114,14,17,0.06479094736278057,player-2,50,41,40,32,player-2,player-2
114,15,17,0.056582968682050705,player-3,51,41,48,34,player-3,player-3
114,16,18,0.056374818086624146,player-1,56,41,50,38,player-4,player-1
115,1,20,0.052999937906861305,none,0,3,1,1,player-4,none
115,2,17,0.05829101428389549,player-1,4,5,3,6,player-1,player-1
115,3,19,0.05541718564927578,player-4,7,5,5,10,player-2,player-4
115,4,17,0.05608284845948219,player-3,8,6,17,12,player-3,player-3
115,5,23,0.07366691716015339,player-2,11,18,25,15,player-4,player-2
115,6,19,0.06454088725149632,player-3,16,24,27,16,player-1,player-3
115,7,17,0.06187497638165951,player-2,18,32,28,17,player-2,player-2
115,8,19,0.08758320473134518,player-1,21,37,28,19,player-3,player-1
115,9,17,0.05820789374411106,player-4,28,37,31,28,player-4,player-4
115,10,18,0.06070802919566631,player-2,29,42,33,32,player-1,player-2
115,11,17,0.05608284845948219,player-2,31,43,41,36,player-2,player-2
115,12,18,0.07945788092911243,player-4,32,48,50,39,player-3,player-4
115,13,17,0.060582999140024185,player-4,32,50,52,51,player-4,player-4
116,1,17,0.06454181857407093,player-2,2,10,0,2,player-2,player-2
116,2,17,0.07116608321666718,player-3,3,12,5,5,player-3,player-3
116,3,20,0.04991702735424042,none,7,12,8,5,player-4,none
116,4,20,0.06187497638165951,player-4,10,13,8,11,player-1,player-4
116,5,17,0.06391690112650394,player-2,18,15,14,11,player-2,player-2
116,6,33,0.07562502287328243,none,18,18,17,12,player-3,none
116,7,18,0.06716698408126831,player-1,24,20,20,14,player-4,player-1
116,8,17,0.05904096178710461,player-1,27,20,22,17,player-1,player-1
116,9,27,0.08675013668835163,player-4,31,21,23,21,player-2,player-4
116,10,17,0.06458396092057228,player-3,31,22,25,23,player-3,player-3
116,11,19,0.0588749535381794,player-2,33,28,29,24,player-4,player-2
116,12,21,0.07425015792250633,player-1,39,31,31,27,player-1,player-1
116,13,19,0.08504185825586319,player-4,41,36,31,32,player-2,player-4
116,14,17,0.04933308809995651,player-3,41,37,33,36,player-3,player-3
116,15,17,0.04933308809995651,player-4,43,41,33,39,player-4,player-4
116,16,17,0.04479195922613144,player-1,49,42,37,39,player-1,player-1
116,17,17,0.05200016312301159,player-2,51,46,40,40,player-2,player-2
116,18,29,0.09962497279047966,player-3,53,47,44,40,player-3,player-3
116,19,18,0.0635830219835043,player-1,57,49,47,45,player-4,player-1
117,1,17,0.05016708746552467,player-3,3,4,3,0,player-3,player-3
117,2,18,0.05829194560647011,player-1,6,4,5,2,player-4,player-1
117,3,21,0.06766594015061855,player-1,11,8,7,8,player-1,player-1
117,4,17,0.08108280599117279,player-2,12,12,10,10,player-2,player-2
117,5,25,0.08191587403416634,player-3,14,14,19,13,player-3,player-3
117,6,18,0.06033317185938358,player-1,17,14,22,18,player-4,player-1
117,7,21,0.07954100146889687,player-1,24,19,27,25,player-1,player-1
117,8,18,0.06895815022289753,player-3,32,21,34,27,player-2,player-3
117,9,18,0.07974985055625439,player-4,34,23,43,29,player-3,player-4
117,10,17,0.07279100827872753,player-4,34,27,48,34,player-4,player-4
117,11,19,0.10083382949233055,player-3,36,27,50,34,player-1,player-3
117,12,30,0.09087496437132359,none,37,31,51,39,player-2,none
117,13,17,0.06562494672834873,player-3,39,33,56,43,player-3,player-3
117,14,17,0.08708308450877666,player-4,45,43,60,56,player-4,player-4
118,1,18,0.07162499241530895,player-3,2,8,8,6,player-2,player-3
118,2,17,0.05533313378691673,player-3,2,10,11,7,player-3,player-3
118,3,23,0.054999953135848045,none,2,17,11,9,player-4,none
118,4,18,0.058582983911037445,player-2,3,24,15,12,player-1,player-2
118,5,17,0.054540811106562614,player-2,7,25,16,12,player-2,player-2
118,6,28,0.07087504491209984,none,7,26,19,14,player-3,none
118,7,18,0.055666081607341766,player-1,12,30,20,17,player-4,player-1
118,8,17,0.06733299233019352,player-1,20,32,20,17,player-1,player-1
118,9,18,0.07637497037649155,player-3,24,37,25,20,player-2,player-3
118,10,20,0.06383401341736317,player-2,30,43,28,22,player-3,player-2
118,11,17,0.0677499920129776,player-4,31,43,31,27,player-4,player-4
118,12,17,0.06524985656142235,player-1,38,43,33,31,player-1,player-1
118,13,18,0.07200008258223534,player-3,43,50,36,41,player-2,player-3
118,14,18,0.06745802238583565,player-4,44,54,38,48,player-3,player-4
119,1,20,0.06699981167912483,player-4,2,5,2,5,player-1,player-4
119,2,19,0.07050018757581711,player-4,10,9,2,15,player-2,player-4
119,3,17,0.07341685704886913,player-3,12,10,10,18,player-3,player-3
119,4,19,0.06587500683963299,player-2,17,19,10,21,player-4,player-2
119,5,17,0.059125013649463654,player-1,27,22,13,24,player-1,player-1
119,6,20,0.06700004450976849,player-1,31,26,13,32,player-2,player-1
119,7,17,0.051042065024375916,player-3,35,26,19,32,player-3,player-3
119,8,17,0.07308297790586948,player-4,35,30,23,36,player-4,player-4
119,9,17,0.05062483251094818,player-1,40,30,25,41,player-1,player-1
119,10,28,0.08200015872716904,player-1,44,32,30,42,player-2,player-1
119,11,17,0.04950002767145634,player-3,44,33,31,44,player-3,player-3
119,12,22,0.0652919989079237,player-1,45,33,33,51,player-4,player-1
119,13,18,0.0594588927924633,player-2,51,36,35,51,player-1,player-2
119,14,21,0.06179208867251873,player-2,53,40,36,52,player-2,player-2
119,15,17,0.05337502807378769,player-3,53,43,40,53,player-3,player-3
119,16,17,0.07295794785022736,player-4,56,47,41,55,player-4,player-4
120,1,27,0.08337502367794514,none,7,0,6,9,player-2,none
120,2,20,0.06995908915996552,player-2,10,1,11,14,player-3,player-2
120,3,18,0.06333296187222004,player-1,13,4,15,16,player-4,player-1
120,4,19,0.07566716521978378,player-3,18,21,23,28,player-1,player-3
120,5,17,0.058666104450821877,player-2,18,29,25,35,player-2,player-2
120,6,19,0.06679189391434193,player-1,22,30,29,36,player-3,player-1
120,7,19,0.07604202255606651,player-2,25,34,35,43,player-4,player-2
120,8,18,0.0677919015288353,player-2,27,45,36,43,player-1,player-2
120,9,23,0.0989171676337719,player-4,27,47,44,46,player-2,player-4
120,10,20,0.08187489584088326,player-2,33,52,48,47,player-3,player-2
120,11,18,0.054582953453063965,player-1,44,55,52,51,player-4,player-1
121,1,17,0.08837506175041199,player-2,7,2,0,4,player-2,player-2
121,2,18,0.06287498399615288,player-4,11,5,1,10,player-3,player-4
121,3,18,0.05745887756347656,player-1,20,13,10,10,player-4,player-1
121,4,21,0.07349997758865356,player-1,22,13,15,11,player-1,player-1
121,5,17,0.05787517875432968,player-2,29,22,17,16,player-2,player-2
121,6,20,0.07145898416638374,player-2,31,27,18,17,player-3,player-2
121,7,19,0.05666702054440975,player-2,33,27,19,22,player-4,player-2
121,8,17,0.059542013332247734,player-1,41,29,21,25,player-1,player-1
121,9,21,0.07824995554983616,player-2,45,34,23,29,player-2,player-2
121,10,18,0.06766687147319317,player-4,52,40,26,35,player-3,player-4
121,11,26,0.07670815102756023,player-1,56,42,26,40,player-4,player-1
121,12,20,0.061208149418234825,player-4,57,44,27,44,player-1,player-4
121,13,21,0.07145782001316547,player-2,59,51,30,52,player-2,player-2
122,1,16,0.05141599103808403,none,1,0,1,2,player-2,none
122,2,17,0.07166690193116665,player-3,6,4,11,5,player-3,player-3
122,3,19,0.0874160323292017,player-2,8,8,11,11,player-4,player-2
122,4,17,0.08154194802045822,player-1,12,8,12,13,player-1,player-1
122,5,17,0.05779089406132698,player-2,13,12,15,13,player-2,player-2
122,6,17,0.06708409637212753,player-3,16,13,22,15,player-3,player-3
122,7,17,0.08433312177658081,player-4,19,24,28,28,player-4,player-4
122,8,17,0.05787517875432968,player-1,21,24,28,31,player-1,player-1
122,9,18,0.059459125623106956,player-3,22,28,29,31,player-2,player-3
122,10,19,0.0666249543428421,player-1,26,32,32,31,player-3,player-1
122,11,18,0.055625103414058685,player-1,34,32,37,34,player-4,player-1
122,12,17,0.060791848227381706,player-1,39,32,38,37,player-1,player-1
122,13,20,0.06083305925130844,player-1,46,34,39,38,player-2,player-1
122,14,17,0.06624986417591572,player-3,47,34,47,41,player-3,player-3
122,15,18,0.06074993871152401,player-1,50,39,51,41,player-4,player-1
123,1,21,0.06345799192786217,none,0,0,2,5,player-4,none
123,2,17,0.057999975979328156,player-1,11,0,3,5,player-1,player-1
123,3,17,0.06729201413691044,player-2,15,8,8,8,player-2,player-2
123,4,18,0.07854192517697811,player-4,16,9,9,9,player-3,player-4
123,5,24,0.06958306767046452,player-3,16,12,19,9,player-4,player-3
123,6,17,0.05704187788069248,player-1,21,15,25,16,player-1,player-1
123,7,17,0.065250089392066,player-2,21,23,30,20,player-2,player-2
123,8,21,0.0813750084489584,player-3,22,23,37,22,player-3,player-3
123,9,17,0.06454088725149632,player-4,30,27,37,30,player-4,player-4
123,10,16,0.047625042498111725,none,31,27,38,30,player-1,none
123,11,19,0.07362500764429569,player-4,37,30,39,31,player-2,player-4
123,12,17,0.05704187788069248,player-3,39,32,47,32,player-3,player-3
123,13,17,0.06483285687863827,player-4,42,34,49,40,player-4,player-4
123,14,18,0.055916840210556984,player-2,46,39,49,42,player-1,player-2
123,15,17,0.06566708907485008,player-2,48,44,49,46,player-2,player-2
123,16,17,0.05866587162017822,player-3,50,44,57,46,player-3,player-3
124,1,17,0.05145790055394173,player-3,0,2,6,3,player-3,player-3
124,2,19,0.085500068962574,player-2,3,4,9,8,player-4,player-2
124,3,19,0.08599995635449886,player-3,15,13,28,14,player-1,player-3
124,4,18,0.07358379662036896,player-3,17,15,32,21,player-2,player-3
124,5,18,0.07350021041929722,player-4,17,25,39,24,player-3,player-4
124,6,23,0.08212495595216751,player-2,22,40,41,25,player-4,player-2
124,7,17,0.06108405068516731,player-1,25,44,43,33,player-1,player-1
124,8,17,0.07624994032084942,player-2,27,56,43,40,player-2,player-2
124,9,19,0.06083305925130844,player-1,30,56,50,42,player-3,player-1
124,10,17,0.060957856476306915,player-4,30,59,55,47,player-4,player-4
125,1,18,0.06954208947718143,player-1,1,3,4,0,player-4,player-1
125,2,19,0.060957856476306915,player-3,2,7,11,0,player-1,player-3
125,3,17,0.06783311255276203,player-2,2,18,12,4,player-2,player-2
125,4,17,0.059582991525530815,player-3,4,20,12,6,player-3,player-3
125,5,26,0.07829209789633751,player-1,9,20,12,7,player-4,player-1
125,6,17,0.059333862736821175,player-1,11,22,14,7,player-1,player-1
125,7,20,0.09608292020857334,player-1,14,25,14,14,player-2,player-1
125,8,17,0.06683403626084328,player-3,20,28,18,17,player-3,player-3
125,9,17,0.08554221130907536,player-4,23,31,23,22,player-4,player-4
125,10,17,0.0892088282853365,player-1,31,38,33,22,player-1,player-1
125,11,19,0.08583301678299904,player-4,31,41,36,33,player-2,player-4
125,12,17,0.05425000563263893,player-3,38,41,39,33,player-3,player-3
125,13,18,0.05112495273351669,player-1,40,43,42,34,player-4,player-1
125,14,17,0.060499878600239754,player-1,44,46,42,38,player-1,player-1
125,15,17,0.06079091690480709,player-2,46,52,47,38,player-2,player-2
125,16,17,0.051541952416300774,player-3,49,54,49,38,player-3,player-3
125,17,34,0.10449998080730438,player-1,49,83,51,42,player-4,player-1
126,1,19,0.05875015631318092,player-1,3,1,0,4,player-3,player-1
126,2,18,0.05537504330277443,player-1,10,1,0,5,player-4,player-1
126,3,19,0.0635411124676466,player-3,14,7,4,12,player-1,player-3
126,4,17,0.0617089681327343,player-2,14,12,7,13,player-2,player-2
126,5,17,0.0743749551475048,player-3,20,13,17,16,player-3,player-3
126,6,19,0.06645894609391689,player-2,23,15,23,19,player-4,player-2
126,7,20,0.061125028878450394,player-4,26,17,26,24,player-1,player-4
126,8,19,0.0641250517219305,player-4,29,19,27,33,player-2,player-4
126,9,24,0.06691599264740944,player-2,34,25,31,33,player-3,player-2
126,10,17,0.07083290256559849,player-4,37,25,37,42,player-4,player-4
126,11,21,0.07295794785022736,player-1,39,34,42,54,player-1,player-1
126,12,20,0.06487499922513962,player-1,42,38,47,57,player-2,player-1
126,13,17,0.06820913404226303,player-3,47,38,52,60,player-3,player-3
126,14,17,0.06220792420208454,player-4,49,42,54,63,player-4,player-4
127,1,18,0.06183306686580181,player-3,4,0,1,3,player-2,player-3
127,2,18,0.06145797669887543,player-4,5,0,7,4,player-3,player-4
127,3,26,0.08179200813174248,player-1,9,2,12,4,player-4,player-1
127,4,20,0.06087496876716614,player-4,11,10,12,9,player-1,player-4
127,5,26,0.08124997839331627,player-3,17,12,14,15,player-2,player-3
127,6,20,0.0863329041749239,player-2,17,17,18,17,player-3,player-2
127,7,24,0.06070779636502266,none,18,20,23,20,player-4,none
127,8,17,0.07541687227785587,player-1,24,22,28,27,player-1,player-1
127,9,17,0.05308305844664574,player-2,27,25,29,31,player-2,player-2
127,10,18,0.05224999040365219,player-4,32,26,35,40,player-3,player-4
127,11,17,0.09262491948902607,player-4,35,31,41,45,player-4,player-4
127,12,18,0.06816582754254341,player-2,39,32,43,48,player-1,player-2
127,13,17,0.05620787851512432,player-2,42,39,45,53,player-2,player-2
127,14,18,0.07329205982387066,player-4,44,43,45,55,player-3,player-4
127,15,18,0.08004088886082172,player-1,49,45,48,62,player-4,player-1
128,1,29,0.13429205864667892,player-4,23,2,1,9,player-4,player-4
128,2,17,0.08804094977676868,player-1,26,4,3,10,player-1,player-1
128,3,17,0.08391705341637135,player-2,31,11,7,13,player-2,player-2
128,4,17,0.058582983911037445,player-3,35,11,11,14,player-3,player-3
128,5,17,0.05725002847611904,player-4,39,11,14,18,player-4,player-4
128,6,17,0.06225006654858589,player-1,43,14,14,20,player-1,player-1
128,7,18,0.05704187788069248,player-3,44,18,16,20,player-2,player-3
128,8,19,0.06741704419255257,player-1,49,18,17,22,player-3,player-1
128,9,19,0.07458287291228771,player-2,50,33,17,24,player-4,player-2
128,10,23,0.08541601710021496,player-3,52,34,26,26,player-1,player-3
128,11,18,0.07654214277863503,player-3,57,41,28,31,player-2,player-3
128,12,17,0.05420786328613758,player-3,58,42,40,32,player-3,player-3
128,13,19,0.05512498319149017,player-2,59,44,41,34,player-4,player-2
129,1,19,0.06795907393097878,player-4,1,4,2,10,player-2,player-4
129,2,21,0.07141707465052605,player-3,2,6,12,10,player-3,player-3
129,3,17,0.05983305163681507,player-4,3,11,14,10,player-4,player-4
129,4,24,0.062000006437301636,none,4,14,14,10,player-1,none
129,5,17,0.05804188549518585,player-2,7,15,14,11,player-2,player-2
129,6,17,0.06695813499391079,player-3,8,18,21,13,player-3,player-3
129,7,21,0.09375018998980522,player-4,12,22,24,23,player-4,player-4
129,8,17,0.07712515071034431,player-1,14,27,26,27,player-1,player-1
129,9,17,0.07116701453924179,player-2,14,34,26,27,player-2,player-2
129,10,20,0.06779213435947895,player-2,17,37,30,30,player-3,player-2
129,11,17,0.05466700531542301,player-4,18,38,30,36,player-4,player-4
129,12,19,0.07937499321997166,player-3,22,42,34,37,player-1,player-3
129,13,20,0.058542005717754364,player-1,29,45,34,38,player-2,player-1
129,14,24,0.07566600106656551,player-2,31,54,43,38,player-3,player-2
129,15,17,0.0774578657001257,player-4,37,60,47,43,player-4,player-4
130,1,17,0.0539170578122139,player-3,1,2,3,0,player-3,player-3
130,2,20,0.05995878018438816,player-3,1,8,13,3,player-4,player-3
130,3,18,0.07083290256559849,player-2,2,19,14,10,player-1,player-2
130,4,17,0.07233396172523499,player-2,5,35,14,13,player-2,player-2
130,5,24,0.07783318869769573,player-2,7,40,20,22,player-3,player-2
130,6,19,0.07012486457824707,player-2,11,50,20,24,player-4,player-2
130,7,17,0.057625118643045425,player-1,20,52,23,25,player-1,player-1
130,8,17,0.05262484773993492,player-2,23,56,23,26,player-2,player-2
130,9,18,0.08108397014439106,player-4,24,56,25,29,player-3,player-4
130,10,17,0.05233311094343662,player-4,24,56,25,35,player-4,player-4
130,11,20,0.0660829246044159,player-4,28,58,29,42,player-1,player-4
131,1,17,0.0665830448269844,player-3,3,3,6,0,player-3,player-3
131,2,19,0.06287498399615288,player-2,12,6,13,1,player-4,player-2
131,3,17,0.059999991208314896,player-1,17,6,14,2,player-1,player-1
131,4,18,0.06854184903204441,player-3,17,6,23,3,player-2,player-3
131,5,17,0.059416983276605606,player-3,19,8,31,4,player-3,player-3
131,6,18,0.06987503729760647,player-1,23,13,32,6,player-4,player-1
131,7,20,0.0680421944707632,player-4,26,19,32,11,player-1,player-4
131,8,18,0.07762503810226917,player-3,30,27,37,13,player-2,player-3
131,9,21,0.07433397695422173,player-3,33,29,47,14,player-3,player-3
131,10,20,0.06566615775227547,none,33,38,55,20,player-4,none
131,11,17,0.0711251050233841,player-1,37,40,58,21,player-1,player-1
131,12,19,0.06516696885228157,player-4,39,43,62,29,player-2,player-4
132,1,17,0.07350021041929722,player-1,3,0,2,4,player-1,player-1
132,2,17,0.05191704258322716,player-2,4,5,8,4,player-2,player-2
132,3,18,0.05212519317865372,player-4,4,7,13,7,player-3,player-4
132,4,17,0.05833292379975319,player-4,5,8,15,8,player-4,player-4
132,5,20,0.06387499161064625,player-4,9,11,15,13,player-1,player-4
132,6,18,0.06537488661706448,player-3,11,18,25,15,player-2,player-3
132,7,17,0.04975008778274059,player-3,14,18,29,18,player-3,player-3
132,8,18,0.05495804361999035,player-1,18,21,32,20,player-4,player-1
132,9,17,0.05754106678068638,player-1,19,25,32,20,player-1,player-1
132,10,20,0.0691248569637537,player-1,28,27,33,23,player-2,player-1
132,11,19,0.05474989302456379,player-1,32,29,35,24,player-3,player-1
132,12,17,0.06062490865588188,player-4,34,29,37,25,player-4,player-4
132,13,18,0.059542013332247734,player-2,35,37,38,25,player-1,player-2
132,14,18,0.08933315984904766,player-3,40,39,43,27,player-2,player-3
132,15,20,0.08883303962647915,player-2,43,40,45,29,player-3,player-2
132,16,17,0.0658340286463499,player-4,45,42,47,37,player-4,player-4
132,17,18,0.09770807810127735,player-2,51,52,49,46,player-1,player-2
133,1,17,0.09537511505186558,player-3,0,8,3,10,player-3,player-3
133,2,18,0.06541609764099121,player-1,11,11,6,13,player-4,player-1
133,3,17,0.06066588684916496,player-1,22,11,6,16,player-1,player-1
133,4,17,0.08549983613193035,player-2,22,29,10,24,player-2,player-2
133,5,18,0.05870801396667957,player-4,22,31,12,31,player-3,player-4
133,6,18,0.07125013507902622,player-1,23,35,12,35,player-4,player-1
133,7,19,0.07554120384156704,player-3,25,41,14,38,player-1,player-3
133,8,17,0.06870809011161327,player-2,25,44,19,50,player-2,player-2
133,9,17,0.05691591650247574,player-3,25,45,24,53,player-3,player-3
133,10,17,0.07079215720295906,player-4,29,49,29,57,player-4,player-4
134,1,21,0.07583317346870899,player-4,1,2,3,5,player-4,player-4
134,2,21,0.0612910371273756,player-1,10,6,3,6,player-1,player-1
134,3,17,0.08237478323280811,player-2,14,11,6,11,player-2,player-2
134,4,19,0.06466591730713844,player-1,22,13,9,14,player-3,player-1
134,5,20,0.05466700531542301,player-3,24,14,13,15,player-4,player-3
134,6,29,0.0889170914888382,player-1,28,15,16,19,player-1,player-1
134,7,20,0.08874991908669472,player-1,31,24,22,22,player-2,player-1
134,8,18,0.058999983593821526,player-4,31,24,25,27,player-3,player-4
134,9,20,0.057999975979328156,player-3,32,26,33,28,player-4,player-3
134,10,17,0.055416952818632126,player-1,36,28,36,37,player-1,player-1
134,11,22,0.06183306686580181,player-3,44,32,38,37,player-2,player-3
134,12,18,0.06854208186268806,player-4,50,33,49,38,player-3,player-4
134,13,17,0.07495819590985775,player-4,52,37,53,41,player-4,player-4
135,1,17,0.06083282642066479,player-3,3,3,5,3,player-3,player-3
135,2,17,0.06858399137854576,player-4,8,4,7,9,player-4,player-4
135,3,17,0.06616604514420033,player-1,15,6,10,11,player-1,player-1
135,4,18,0.07104105316102505,player-3,21,13,14,14,player-2,player-3
135,5,17,0.0575000885874033,player-3,27,14,15,21,player-3,player-3
135,6,17,0.051459064707159996,player-4,27,16,19,25,player-4,player-4
135,7,21,0.07404200732707977,player-1,36,16,22,26,player-1,player-1
135,8,19,0.07633306086063385,player-4,36,16,22,31,player-2,player-4
135,9,17,0.049916794523596764,player-3,39,17,28,31,player-3,player-3
135,10,20,0.05904189310967922,player-3,43,17,40,33,player-4,player-3
135,11,19,0.05979090929031372,player-3,44,17,45,33,player-1,player-3
135,12,20,0.07366598583757877,player-1,54,20,52,37,player-2,player-1
136,1,37,0.0966670922935009,player-3,1,5,3,0,player-3,player-3
136,2,17,0.06925011985003948,player-4,3,10,7,4,player-4,player-4
136,3,17,0.06312504410743713,player-1,8,12,9,6,player-1,player-1
136,4,17,0.09504193440079689,player-2,9,15,11,7,player-2,player-2
136,5,17,0.06929202936589718,player-3,14,16,16,7,player-3,player-3
136,6,28,0.08387514390051365,none,18,20,22,9,player-4,none
136,7,17,0.08725002408027649,player-1,29,22,22,12,player-1,player-1
136,8,17,0.07295794785022736,player-2,30,30,22,14,player-2,player-2
136,9,18,0.08208304643630981,player-4,30,30,26,16,player-3,player-4
136,10,17,0.06541702896356583,player-4,30,32,32,18,player-4,player-4
136,11,18,0.09041698649525642,player-2,34,33,35,20,player-1,player-2
136,12,18,0.08529098704457283,player-3,36,35,40,24,player-2,player-3
136,13,17,0.06633298471570015,player-3,36,38,43,24,player-3,player-3
136,14,18,0.0694170594215393,player-1,40,41,49,31,player-4,player-1
136,15,17,0.052999937906861305,player-1,44,41,52,34,player-1,player-1
136,16,28,0.06999983452260494,none,50,44,53,34,player-2,none
137,1,17,0.07591606117784977,player-2,1,1,4,6,player-2,player-2
137,2,24,0.07829093374311924,player-2,5,14,7,11,player-3,player-2
137,3,17,0.06795907393097878,player-4,5,16,12,18,player-4,player-4
137,4,20,0.09954092092812061,player-4,8,19,12,24,player-1,player-4
137,5,17,0.06729108281433582,player-2,11,25,12,32,player-2,player-2
137,6,20,0.08825003169476986,player-2,11,28,16,41,player-3,player-2
137,7,18,0.06674998439848423,player-1,13,32,16,42,player-4,player-1
137,8,20,0.0715409405529499,player-4,15,32,19,52,player-1,player-4
137,9,18,0.06479187868535519,player-3,16,36,27,58,player-2,player-3
137,10,17,0.05712499842047691,player-3,17,39,31,62,player-3,player-3
138,1,18,0.0730839092284441,player-1,6,6,5,3,player-4,player-1
138,2,17,0.05587516352534294,player-1,10,9,10,9,player-1,player-1
138,3,17,0.054416945204138756,player-2,12,12,12,12,player-2,player-2
138,4,17,0.05237502045929432,player-3,12,13,17,13,player-3,player-3
138,5,27,0.08112494833767414,player-2,12,20,28,14,player-4,player-2
138,6,21,0.08791708387434483,player-1,17,24,28,16,player-1,player-1
138,7,19,0.0577080063521862,player-4,19,25,29,23,player-2,player-4
138,8,17,0.07037492468953133,player-3,21,27,35,26,player-3,player-3
138,9,17,0.06370805203914642,player-4,24,30,38,35,player-4,player-4
138,10,17,0.061167171224951744,player-1,25,31,42,38,player-1,player-1
138,11,17,0.07033394649624825,player-2,25,43,46,40,player-2,player-2
138,12,17,0.05437503568828106,player-3,25,43,53,44,player-3,player-3
138,13,21,0.07929094135761261,player-4,33,46,57,56,player-4,player-4
139,1,19,0.07295794785022736,player-2,5,7,0,2,player-4,player-2
139,2,17,0.07433397695422173,player-1,9,11,5,8,player-1,player-1
139,3,19,0.07470906712114811,player-4,10,18,9,19,player-2,player-4
139,4,17,0.07254187949001789,player-3,13,26,12,24,player-3,player-3
139,5,17,0.05679205060005188,player-4,16,31,16,27,player-4,player-4
139,6,19,0.07066689431667328,player-3,18,34,19,30,player-1,player-3
139,7,23,0.08512497879564762,player-4,23,38,24,34,player-2,player-4
139,8,22,0.07370789535343647,player-4,23,42,29,42,player-3,player-4
139,9,18,0.0700000673532486,player-1,28,44,31,44,player-4,player-1
139,10,17,0.04845811054110527,player-1,33,44,31,45,player-1,player-1
139,11,17,0.08095800876617432,player-2,36,48,34,46,player-2,player-2
139,12,17,0.06558303721249104,player-3,40,48,35,49,player-3,player-3
139,13,19,0.06900005973875523,player-2,40,51,39,52,player-4,player-2
140,1,18,0.055791810154914856,player-2,0,15,0,3,player-1,player-2
140,2,17,0.06416719406843185,player-2,0,18,3,4,player-2,player-2
140,3,18,0.06504100747406483,player-4,7,19,7,13,player-3,player-4
140,4,17,0.0475000124424696,player-4,8,24,7,28,player-4,player-4
140,5,25,0.08399994112551212,player-1,16,25,8,30,player-1,player-1
140,6,19,0.0688750296831131,player-4,17,28,13,41,player-2,player-4
140,7,19,0.0696659553796053,player-1,20,36,22,47,player-3,player-1
140,8,18,0.0592090655118227,player-1,24,36,23,51,player-4,player-1
140,9,18,0.06508291698992252,player-2,31,36,27,53,player-1,player-2
140,10,17,0.05633290857076645,player-2,35,40,27,55,player-2,player-2
140,11,18,0.07458310574293137,player-4,36,47,37,65,player-3,player-4
141,1,20,0.08308305405080318,player-1,5,7,2,0,player-2,player-1
141,2,17,0.08816597983241081,player-3,9,11,3,2,player-3,player-3
141,3,18,0.06966688670217991,player-1,11,18,4,4,player-4,player-1
141,4,17,0.06995792500674725,player-1,16,20,11,7,player-1,player-1
141,5,17,0.11062505654990673,player-2,16,28,14,14,player-2,player-2
141,6,17,0.059125013649463654,player-3,21,29,19,18,player-3,player-3
141,7,20,0.07441593334078789,player-3,22,35,22,21,player-4,player-3
141,8,17,0.05262484773993492,player-1,24,36,24,24,player-1,player-1
141,9,18,0.060582999140024185,player-3,27,40,25,27,player-2,player-3
141,10,18,0.06179092451930046,player-4,27,42,25,29,player-3,player-4
141,11,17,0.06604194641113281,player-4,29,51,32,37,player-4,player-4
141,12,22,0.060582999140024185,player-2,29,65,32,37,player-1,player-2
142,1,17,0.052042072638869286,player-4,3,2,0,4,player-4,player-4
142,2,17,0.05075009539723396,player-1,6,4,0,6,player-1,player-1
142,3,17,0.058499863371253014,player-2,6,7,1,11,player-2,player-2
142,4,23,0.0827079638838768,none,11,9,3,13,player-3,none
142,5,17,0.06458302959799767,player-4,13,12,6,22,player-4,player-4
142,6,17,0.04845811054110527,player-1,17,16,6,24,player-1,player-1
142,7,17,0.09604101069271564,player-2,21,19,12,26,player-2,player-2
142,8,17,0.055833952501416206,player-3,27,21,15,28,player-3,player-3
142,9,17,0.06354087963700294,player-4,30,21,17,32,player-4,player-4
142,10,17,0.04924996756017208,player-1,34,22,17,36,player-1,player-1
142,11,21,0.06295810453593731,player-2,34,32,21,39,player-2,player-2
142,12,17,0.056042103096842766,player-3,38,33,30,39,player-3,player-3
142,13,17,0.05504116415977478,player-4,41,37,30,45,player-4,player-4
142,14,18,0.059916870668530464,player-2,43,43,32,45,player-1,player-2
142,15,20,0.0727497972548008,player-1,47,44,32,50,player-2,player-1
142,16,17,0.05154102109372616,player-3,50,44,37,50,player-3,player-3
142,17,19,0.07508299313485622,player-2,54,49,39,57,player-4,player-2
143,1,17,0.05974993109703064,player-4,2,1,2,5,player-4,player-4
143,2,17,0.06462517194449902,player-1,7,3,4,7,player-1,player-1
143,3,19,0.07133278995752335,player-4,8,5,9,12,player-2,player-4
143,4,26,0.07429206743836403,none,11,5,12,12,player-3,none
143,5,17,0.05087512545287609,player-4,13,5,15,16,player-4,player-4
143,6,21,0.07179100066423416,player-1,19,8,21,16,player-1,player-1
143,7,18,0.05495804361999035,player-3,26,13,29,18,player-2,player-3
143,8,17,0.08370797149837017,player-3,37,21,42,18,player-3,player-3
143,9,17,0.04875008016824722,player-4,38,22,42,22,player-4,player-4
143,10,18,0.08649984374642372,player-2,42,24,50,24,player-1,player-2
143,11,17,0.05074986256659031,player-2,44,29,52,24,player-2,player-2
143,12,20,0.067457789555192,player-2,47,36,54,31,player-3,player-2
144,1,20,0.07620896212756634,player-4,4,3,12,2,player-1,player-4
144,2,18,0.08112494833767414,player-3,6,5,22,2,player-2,player-3
144,3,25,0.08983304724097252,player-3,12,7,29,9,player-3,player-3
144,4,18,0.09362492710351944,player-1,15,11,35,12,player-4,player-1
144,5,19,0.07141707465052605,player-3,17,15,41,16,player-1,player-3
144,6,17,0.05495804361999035,player-2,19,22,44,20,player-2,player-2
144,7,20,0.05937507376074791,player-2,21,27,47,24,player-3,player-2
144,8,18,0.056958990171551704,player-1,28,28,49,28,player-4,player-1
144,9,18,0.06033293902873993,player-2,35,29,49,34,player-1,player-2
144,10,20,0.069082947447896,player-1,41,34,52,34,player-2,player-1
144,11,19,0.05874992348253727,player-1,45,34,55,36,player-3,player-1
145,1,17,0.063000014051795,player-2,3,6,2,7,player-2,player-2
145,2,17,0.07383385673165321,player-3,6,6,13,9,player-3,player-3
145,3,18,0.08258293382823467,player-1,8,12,17,11,player-4,player-1
145,4,17,0.060999998822808266,player-1,15,13,20,13,player-1,player-1
145,5,17,0.06929202936589718,player-2,19,17,28,17,player-2,player-2
145,6,19,0.0575000885874033,player-1,22,19,30,19,player-3,player-1
145,7,19,0.06624986417591572,player-2,24,26,30,23,player-4,player-2
145,8,27,0.0737910158932209,player-3,24,34,30,27,player-1,player-3
145,9,17,0.051625072956085205,player-2,26,45,33,27,player-2,player-2
145,10,21,0.08904119022190571,player-3,30,47,36,30,player-3,player-3
145,11,23,0.08308305405080318,player-2,31,53,39,41,player-4,player-2
145,12,20,0.06733299233019352,player-4,33,55,39,46,player-1,player-4
146,1,19,0.08841697126626968,player-1,4,5,6,1,player-3,player-1
146,2,19,0.05825003609061241,player-2,5,8,8,2,player-4,player-2
146,3,18,0.06279116496443748,player-2,9,10,10,2,player-1,player-2
146,4,19,0.0783340074121952,player-4,9,13,11,5,player-2,player-4
146,5,17,0.06125005893409252,player-3,14,13,19,5,player-3,player-3
146,6,18,0.05374988541007042,player-1,17,15,20,8,player-4,player-1
146,7,17,0.05604187026619911,player-1,20,17,22,10,player-1,player-1
146,8,17,0.04791701212525368,player-2,20,21,23,11,player-2,player-2
146,9,19,0.05454104393720627,player-1,24,24,26,11,player-3,player-1
146,10,20,0.07049995474517345,player-3,28,25,32,14,player-4,player-3
146,11,18,0.08812500163912773,player-2,31,30,32,19,player-1,player-2
146,12,20,0.08224998600780964,player-1,34,39,37,19,player-2,player-1
146,13,32,0.07475004531443119,player-2,36,45,41,20,player-3,player-2
146,14,18,0.06025005131959915,player-1,41,47,41,22,player-4,player-1
146,15,17,0.07204199209809303,player-1,42,54,41,26,player-1,player-1
146,16,20,0.08183298632502556,player-1,43,56,43,29,player-2,player-1
146,17,17,0.057582976296544075,player-3,48,59,48,33,player-3,player-3
146,18,20,0.07900013588368893,player-3,48,61,52,36,player-4,player-3
147,1,17,0.05591707304120064,player-1,4,3,2,4,player-1,player-1
147,2,17,0.05654105916619301,player-2,5,7,3,6,player-2,player-2
147,3,19,0.06449990905821323,player-1,14,9,11,6,player-3,player-1
147,4,17,0.06962497718632221,player-4,16,11,11,9,player-4,player-4
147,5,17,0.06329198367893696,player-1,19,11,16,9,player-1,player-1
147,6,17,0.06979191675782204,player-2,22,19,16,11,player-2,player-2
147,7,18,0.07062498480081558,player-4,23,21,22,11,player-3,player-4
147,8,22,0.10175001807510853,player-1,28,24,23,16,player-4,player-1
147,9,26,0.08683279156684875,player-2,29,36,38,22,player-1,player-2
147,10,17,0.06762496195733547,player-2,30,44,42,25,player-2,player-2
147,11,19,0.07658405229449272,player-1,33,44,45,28,player-3,player-1
147,12,18,0.056541990488767624,player-1,39,49,46,28,player-4,player-1
147,13,18,0.07104198448359966,player-2,41,55,49,29,player-1,player-2
147,14,21,0.0738329254090786,player-2,48,62,49,39,player-2,player-2
148,1,17,0.05579204298555851,player-3,4,7,1,0,player-3,player-3
148,2,17,0.05091703496873379,player-4,4,8,4,8,player-4,player-4
148,3,17,0.05450006574392319,player-1,10,9,6,10,player-1,player-1
148,4,28,0.07308414205908775,none,13,13,6,16,player-2,none
148,5,19,0.06591691635549068,player-1,18,13,8,22,player-3,player-1
148,6,19,0.0588749535381794,player-2,20,15,14,28,player-4,player-2
148,7,17,0.06937514990568161,player-1,23,17,16,28,player-1,player-1
148,8,17,0.0552500132471323,player-2,23,19,19,36,player-2,player-2
148,9,18,0.06787502206861973,player-4,26,20,22,41,player-3,player-4
148,10,17,0.1421668566763401,player-4,26,21,26,45,player-4,player-4
148,11,17,0.059791142120957375,player-1,31,21,26,49,player-1,player-1
148,12,21,0.06316578947007656,player-2,31,24,30,53,player-2,player-2
148,13,17,0.06516696885228157,player-3,36,26,35,53,player-3,player-3
148,14,19,0.06162491627037525,player-2,40,28,36,56,player-4,player-2
148,15,23,0.07458287291228771,player-3,44,30,46,59,player-1,player-3
148,16,20,0.07879105396568775,player-1,54,34,46,67,player-2,player-1
149,1,17,0.060165999457240105,player-4,2,6,1,7,player-4,player-4
149,2,19,0.06475020200014114,player-3,6,10,1,7,player-1,player-3
149,3,17,0.06466591730713844,player-2,17,19,12,12,player-2,player-2
149,4,20,0.06645778194069862,player-2,20,20,18,19,player-3,player-2
149,5,18,0.06266706623136997,player-1,22,21,20,21,player-4,player-1
149,6,18,0.05429214797914028,player-2,24,24,20,21,player-1,player-2
149,7,20,0.06824987940490246,player-1,30,29,23,28,player-2,player-1
149,8,20,0.0830839853733778,player-2,32,36,24,29,player-3,player-2
149,9,25,0.07724994793534279,player-4,33,36,29,35,player-4,player-4
149,10,17,0.06745802238583565,player-1,36,40,30,41,player-1,player-1
149,11,25,0.06483402103185654,player-2,37,43,36,42,player-2,player-2
149,12,17,0.05250005051493645,player-3,37,44,40,45,player-3,player-3
149,13,17,0.06895884871482849,player-4,42,50,43,54,player-4,player-4
150,1,18,0.061542028561234474,player-1,5,0,1,4,player-4,player-1
150,2,17,0.0686252024024725,player-1,14,5,1,8,player-1,player-1
150,3,18,0.053416937589645386,player-3,20,10,5,8,player-2,player-3
150,4,18,0.06612506695091724,player-4,24,11,9,9,player-3,player-4
150,5,17,0.058999983593821526,player-4,27,13,13,13,player-4,player-4
150,6,31,0.09224982932209969,player-3,34,13,21,15,player-1,player-3
150,7,19,0.059167155995965004,player-4,36,16,22,20,player-2,player-4
150,8,18,0.054916832596063614,player-4,41,16,27,24,player-3,player-4
150,9,18,0.06891600787639618,player-1,45,18,30,29,player-4,player-1
150,10,17,0.057040946558117867,player-1,49,18,36,33,player-1,player-1
150,11,19,0.06674998439848423,player-4,50,20,40,38,player-2,player-4
150,12,18,0.059582991525530815,player-4,50,23,43,45,player-3,player-4
150,13,18,0.06674998439848423,player-1,57,26,49,50,player-4,player-1
151,1,17,0.06258301436901093,player-4,5,4,2,7,player-4,player-4
151,2,17,0.06691599264740944,player-1,9,8,3,11,player-1,player-1
151,3,17,0.058125006034970284,player-2,9,13,14,14,player-2,player-2
151,4,27,0.07850001566112041,player-1,9,14,14,19,player-3,player-1
151,5,20,0.06854208186268806,player-3,11,21,17,24,player-4,player-3
151,6,17,0.05929102189838886,player-1,13,24,17,24,player-1,player-1
151,7,25,0.07654097862541676,player-2,17,38,18,29,player-2,player-2
151,8,17,0.053540803492069244,player-3,20,38,23,31,player-3,player-3
151,9,20,0.07445784285664558,player-3,27,41,26,32,player-4,player-3
151,10,17,0.05324999801814556,player-1,35,41,28,34,player-1,player-1
151,11,17,0.08333288133144379,player-2,40,49,28,37,player-2,player-2
151,12,19,0.062374863773584366,player-1,44,57,28,49,player-3,player-1
152,1,17,0.062125036492943764,player-4,6,2,1,4,player-4,player-4
152,2,27,0.07049995474517345,player-3,9,4,3,5,player-1,player-3
152,3,18,0.052208080887794495,player-3,9,7,5,11,player-2,player-3
152,4,27,0.0866251066327095,none,13,10,10,12,player-3,none
152,5,19,0.07058307528495789,player-2,22,11,11,18,player-4,player-2
152,6,20,0.05679088644683361,player-4,24,12,12,22,player-1,player-4
152,7,17,0.06941612809896469,player-2,28,13,12,28,player-2,player-2
152,8,18,0.060999998822808266,player-4,30,16,14,34,player-3,player-4
152,9,18,0.07008411921560764,player-1,34,19,17,36,player-4,player-1
152,10,20,0.05795806646347046,player-4,36,22,17,37,player-1,player-4
152,11,18,0.06683310493826866,player-3,43,25,27,40,player-2,player-3
152,12,17,0.06262492388486862,player-3,48,25,29,43,player-3,player-3
152,13,18,0.07287506014108658,player-1,52,28,32,47,player-4,player-1
152,14,18,0.060165999457240105,player-2,60,35,34,58,player-1,player-2
152,15,17,0.06466708146035671,player-2,62,46,34,66,player-2,player-2
153,1,21,0.0814169179648161,player-4,8,0,3,1,player-4,player-4
153,2,17,0.06858306005597115,player-1,16,2,7,7,player-1,player-1
153,3,22,0.07524993270635605,player-3,16,3,12,12,player-2,player-3
153,4,17,0.07579196244478226,player-3,23,5,21,14,player-3,player-3
153,5,17,0.05791708827018738,player-4,25,7,25,23,player-4,player-4
153,6,19,0.07508299313485622,player-3,27,8,30,31,player-1,player-3
153,7,20,0.08762511424720287,player-1,31,11,33,39,player-2,player-1
153,8,23,0.08758297190070152,player-1,33,17,36,41,player-3,player-1
153,9,18,0.07045804522931576,player-1,41,18,36,43,player-4,player-1
153,10,17,0.08004205301404,player-1,41,19,41,45,player-1,player-1
153,11,18,0.08404208347201347,player-3,43,20,51,50,player-2,player-3
153,12,17,0.101917190477252,player-3,51,25,52,54,player-3,player-3
154,1,18,0.08129188790917397,player-4,0,9,6,10,player-3,player-4
154,2,19,0.06237509660422802,player-2,2,12,8,13,player-4,player-2
154,3,17,0.061916885897517204,player-1,4,12,9,14,player-1,player-1
154,4,20,0.09349989704787731,player-1,8,15,15,17,player-2,player-1
154,5,25,0.07695821113884449,player-3,11,18,16,20,player-3,player-3
154,6,19,0.08241599425673485,player-2,12,27,16,22,player-4,player-2
154,7,18,0.06237509660422802,player-2,14,33,17,24,player-1,player-2
154,8,17,0.050208065658807755,player-2,14,44,17,25,player-2,player-2
154,9,31,0.11374987661838531,player-1,20,44,20,32,player-3,player-1
154,10,18,0.07308297790586948,player-1,24,46,24,34,player-4,player-1
154,11,19,0.07079099304974079,player-3,26,51,30,38,player-1,player-3
154,12,17,0.05983398295938969,player-2,29,54,30,38,player-2,player-2
154,13,17,0.06033317185938358,player-3,29,59,41,42,player-3,player-3
155,1,23,0.07970910519361496,none,1,2,0,2,player-1,none
155,2,20,0.08791708387434483,player-1,8,3,4,2,player-2,player-1
155,3,17,0.06329198367893696,player-3,11,4,7,3,player-3,player-3
155,4,17,0.07941597141325474,player-4,12,7,7,7,player-4,player-4
155,5,17,0.07583317346870899,player-1,14,8,7,10,player-1,player-1
155,6,18,0.06366590969264507,player-3,18,10,11,13,player-2,player-3
155,7,17,0.07320800796151161,player-3,20,13,18,17,player-3,player-3
155,8,18,0.06500002928078175,player-1,29,18,18,18,player-4,player-1
155,9,17,0.06374996155500412,player-1,33,21,23,19,player-1,player-1
155,10,26,0.08408306166529655,player-3,35,24,31,25,player-2,player-3
155,11,17,0.06720796227455139,player-3,39,28,36,27,player-3,player-3
155,12,17,0.06920797750353813,player-4,39,34,39,31,player-4,player-4
155,13,17,0.06945780478417873,player-1,45,35,41,35,player-1,player-1
155,14,18,0.07958314381539822,player-3,56,45,44,45,player-2,player-3
156,1,18,0.06129196844995022,player-3,7,3,3,2,player-2,player-3
156,2,18,0.060125021263957024,player-4,9,7,6,8,player-3,player-4
156,3,17,0.07679220288991928,player-4,11,9,8,15,player-4,player-4
156,4,18,0.09333295747637749,player-2,14,12,10,17,player-1,player-2
156,5,20,0.06916699931025505,player-1,18,14,12,19,player-2,player-1
156,6,17,0.05429214797914028,player-3,22,16,17,21,player-3,player-3
156,7,17,0.05870894528925419,player-4,23,18,21,22,player-4,player-4
156,8,19,0.0590828713029623,player-3,28,20,23,25,player-1,player-3
156,9,17,0.059125013649463654,player-2,31,21,24,27,player-2,player-2
156,10,17,0.05312520079314709,player-3,35,24,32,27,player-3,player-3
156,11,17,0.0524159986525774,player-4,36,28,40,34,player-4,player-4
156,12,18,0.06354087963700294,player-2,39,38,42,37,player-1,player-2
156,13,18,0.05554221570491791,player-3,41,40,46,37,player-2,player-3
156,14,21,0.065250089392066,player-3,41,42,55,38,player-3,player-3
156,15,18,0.06316695362329483,player-1,42,42,56,39,player-4,player-1
156,16,29,0.08579203858971596,player-1,45,42,56,50,player-1,player-1
157,1,23,0.07395795546472073,player-3,1,2,3,0,player-1,player-3
157,2,20,0.06033293902873993,player-1,3,4,3,4,player-2,player-1
157,3,17,0.059582991525530815,player-3,5,4,5,5,player-3,player-3
157,4,22,0.06108288653194904,player-1,7,6,6,6,player-4,player-1
157,5,18,0.06158393807709217,player-2,8,12,6,13,player-1,player-2
157,6,21,0.071333022788167,none,12,14,7,15,player-2,none
157,7,17,0.09183306246995926,player-3,15,19,14,19,player-3,player-3
157,8,17,0.04950002767145634,player-4,16,19,17,27,player-4,player-4
157,9,18,0.06537511944770813,player-2,19,20,17,33,player-1,player-2
157,10,17,0.05220901221036911,player-2,22,26,18,33,player-2,player-2
157,11,17,0.05629193037748337,player-3,24,31,21,38,player-3,player-3
157,12,19,0.06804196164011955,player-2,28,37,25,43,player-4,player-2
157,13,18,0.06208312697708607,player-2,31,41,25,47,player-1,player-2
157,14,18,0.0788751058280468,player-3,34,44,31,49,player-2,player-3
157,15,19,0.07991702295839787,player-1,48,44,42,50,player-3,player-1
157,16,19,0.058666104450821877,player-2,52,47,43,55,player-4,player-2
158,1,19,0.0652919989079237,player-3,1,0,4,3,player-1,player-3
158,2,19,0.07237517274916172,player-4,4,1,8,6,player-2,player-4
158,3,20,0.06874999962747097,player-2,9,7,11,7,player-3,player-2
158,4,20,0.06474996916949749,player-3,13,10,16,14,player-4,player-3
158,5,18,0.0527920201420784,player-2,15,14,17,16,player-1,player-2
158,6,18,0.07075001485645771,player-3,20,16,20,22,player-2,player-3
158,7,19,0.061957864090800285,player-1,33,21,21,24,player-3,player-1
158,8,17,0.051208073273301125,player-4,35,24,23,27,player-4,player-4
158,9,17,0.06666709668934345,player-1,40,30,26,31,player-1,player-1
158,10,29,0.0788331963121891,player-2,42,33,29,32,player-2,player-2
158,11,21,0.06691692396998405,player-3,45,37,34,32,player-3,player-3
158,12,23,0.06350013427436352,player-2,50,46,34,35,player-4,player-2
158,13,17,0.06145797669887543,player-1,55,48,38,39,player-1,player-1
158,14,19,0.0613329466432333,player-4,59,49,40,44,player-2,player-4
158,15,18,0.05520787090063095,player-4,61,54,42,46,player-3,player-4
159,1,18,0.0753339845687151,player-1,8,0,6,2,player-4,player-1
159,2,22,0.07924996316432953,none,8,1,7,8,player-1,none
159,3,24,0.08054194040596485,player-1,22,6,10,8,player-2,player-1
159,4,17,0.06258394569158554,player-3,23,6,16,8,player-3,player-3
159,5,17,0.05429214797914028,player-4,25,9,16,9,player-4,player-4
159,6,19,0.07787486538290977,player-3,27,16,22,9,player-1,player-3
159,7,17,0.06425008177757263,player-2,28,22,24,18,player-2,player-2
159,8,17,0.058125006034970284,player-3,32,23,31,20,player-3,player-3
159,9,22,0.0689169391989708,player-1,39,23,34,22,player-4,player-1
159,10,17,0.05308398976922035,player-1,44,25,37,25,player-1,player-1
159,11,18,0.06687501445412636,player-3,44,26,40,27,player-2,player-3
159,12,17,0.050999922677874565,player-3,44,28,47,28,player-3,player-3
159,13,21,0.07212511263787746,player-4,48,28,49,33,player-4,player-4
159,14,17,0.05433312617242336,player-1,54,28,50,37,player-1,player-1
160,1,18,0.0605839304625988,player-3,10,0,7,7,player-2,player-3
160,2,21,0.07687509059906006,player-3,19,2,12,11,player-3,player-3
160,3,17,0.053916824981570244,player-4,24,4,16,20,player-4,player-4
160,4,18,0.05795806646347046,player-2,27,6,20,22,player-1,player-2
160,5,18,0.07429113611578941,player-3,30,11,25,27,player-2,player-3
160,6,17,0.07279193960130215,player-3,34,15,29,31,player-3,player-3
160,7,20,0.08437503129243851,player-3,36,17,33,33,player-4,player-3
160,8,20,0.07595820352435112,player-4,42,22,35,42,player-1,player-4
160,9,17,0.07520895451307297,player-2,44,28,38,43,player-2,player-2
160,10,19,0.07091695442795753,player-1,49,30,42,47,player-3,player-1
160,11,17,0.05450006574392319,player-4,49,32,45,56,player-4,player-4
160,12,17,0.06195809692144394,player-1,58,34,48,58,player-1,player-1
161,1,18,0.05725002847611904,player-4,4,3,4,3,player-3,player-4
161,2,18,0.046625034883618355,player-1,7,3,5,4,player-4,player-1
161,3,17,0.05495804361999035,player-1,11,3,10,4,player-1,player-1
161,4,17,0.06483402103185654,player-2,11,8,17,7,player-2,player-2
161,5,17,0.06566685624420643,player-3,20,8,28,12,player-3,player-3
161,6,17,0.058165984228253365,player-4,22,9,31,15,player-4,player-4
161,7,17,0.06749993190169334,player-1,29,14,33,15,player-1,player-1
161,8,19,0.06745802238583565,player-4,38,22,43,18,player-2,player-4
161,9,18,0.052416929975152016,player-4,42,22,44,21,player-3,player-4
161,10,17,0.06304215639829636,player-4,45,29,47,23,player-4,player-4
161,11,17,0.05720788612961769,player-1,54,31,50,25,player-1,player-1
162,1,27,0.07091695442795753,player-3,1,0,6,3,player-1,player-3
162,2,18,0.0566248781979084,player-3,1,1,13,6,player-2,player-3
162,3,17,0.06691599264740944,player-3,1,5,18,6,player-3,player-3
162,4,17,0.054999953135848045,player-4,5,9,18,12,player-4,player-4
162,5,18,0.0588330440223217,player-2,7,24,20,14,player-1,player-2
162,6,22,0.05970895290374756,none,9,26,23,16,player-2,none
162,7,27,0.072915805503726,player-1,10,28,30,17,player-3,player-1
162,8,18,0.0730839092284441,player-1,17,33,32,23,player-4,player-1
162,9,28,0.07833307608962059,none,26,33,40,28,player-1,none
162,10,17,0.08204090408980846,player-2,26,37,41,30,player-2,player-2
162,11,17,0.0837910920381546,player-3,29,39,46,32,player-3,player-3
162,12,17,0.09020883589982986,player-4,30,40,48,37,player-4,player-4
162,13,20,0.0666249543428421,player-4,31,42,51,38,player-1,player-4
162,14,17,0.10424992069602013,player-2,31,56,59,38,player-2,player-2
162,15,17,0.061125028878450394,player-3,31,57,61,38,player-3,player-3
162,16,17,0.05195802077651024,player-4,33,63,64,43,player-4,player-4
163,1,18,0.05908310413360596,player-1,9,1,2,1,player-4,player-1
163,2,20,0.07995800115168095,player-4,14,6,2,12,player-1,player-4
163,3,18,0.08216686546802521,player-3,21,6,12,15,player-2,player-3
163,4,18,0.043459003791213036,none,23,8,14,20,player-3,none
163,5,17,0.06962497718632221,player-4,24,11,14,27,player-4,player-4
163,6,21,0.07708300836384296,player-1,30,13,19,29,player-1,player-1
163,7,17,0.06949994713068008,player-2,31,18,22,31,player-2,player-2
163,8,19,0.07424992509186268,player-1,42,21,28,33,player-3,player-1
163,9,20,0.06862496957182884,player-3,42,24,36,33,player-4,player-3
163,10,17,0.06749993190169334,player-1,45,28,40,36,player-1,player-1
163,11,17,0.06924988701939583,player-2,50,31,40,38,player-2,player-2
163,12,17,0.0654999166727066,player-3,53,36,48,38,player-3,player-3
164,1,18,0.08295802399516106,player-2,7,7,5,4,player-1,player-2
164,2,17,0.06645894609391689,player-2,10,14,5,5,player-2,player-2
164,3,17,0.07162499241530895,player-3,15,16,11,5,player-3,player-3
164,4,17,0.06504193879663944,player-4,16,21,13,6,player-4,player-4
164,5,18,0.20862510427832603,player-2,18,29,16,15,player-1,player-2
164,6,17,0.12212502770125866,player-2,19,32,18,18,player-2,player-2
164,7,17,0.07195817306637764,player-3,21,36,19,20,player-3,player-3
164,8,17,0.08329097181558609,player-4,22,37,22,25,player-4,player-4
164,9,17,0.07862504571676254,player-1,32,37,27,25,player-1,player-1
164,10,20,0.08474988862872124,player-1,44,39,31,26,player-2,player-1
164,11,18,0.07283291779458523,player-4,44,41,38,27,player-3,player-4
164,12,17,0.05550007335841656,player-4,46,42,42,29,player-4,player-4
164,13,22,0.06079208105802536,none,51,43,43,31,player-1,none
164,14,17,0.05400017835199833,player-2,52,45,44,31,player-2,player-2
164,15,22,0.08091609925031662,player-4,56,48,47,38,player-3,player-4
165,1,18,0.0541249755769968,player-4,2,1,5,1,player-3,player-4
165,2,17,0.06712507456541061,player-4,6,1,6,4,player-4,player-4
165,3,22,0.06962521001696587,player-2,7,12,7,4,player-1,player-2
165,4,17,0.3467078786343336,player-2,7,25,10,6,player-2,player-2
165,5,19,0.07499987259507179,player-1,16,28,11,7,player-3,player-1
165,6,17,0.09287497960031033,player-4,16,31,12,10,player-4,player-4
165,7,18,0.07824995554983616,player-2,17,41,12,12,player-1,player-2
165,8,17,0.09366706945002079,player-2,17,47,12,13,player-2,player-2
165,9,23,0.10700011625885963,player-1,23,48,20,15,player-3,player-1
165,10,19,0.07929187268018723,player-2,25,56,26,27,player-4,player-2
165,11,20,0.06895791739225388,none,26,56,29,27,player-1,none
165,12,23,0.0810408964753151,player-4,28,63,33,33,player-2,player-4
165,13,17,0.06366590969264507,player-3,33,63,39,39,player-3,player-3
166,1,18,0.07208297029137611,player-4,0,2,6,2,player-3,player-4
166,2,18,0.08337502367794514,player-1,6,4,13,2,player-4,player-1
166,3,18,0.06179208867251873,player-2,9,9,13,7,player-1,player-2
166,4,19,0.07845903746783733,player-4,12,11,16,10,player-2,player-4
166,5,22,0.07016700692474842,player-4,13,12,17,16,player-3,player-4
166,6,21,0.06379210390150547,player-4,14,14,17,23,player-4,player-4
166,7,17,0.23362482897937298,player-1,18,21,20,25,player-1,player-1
166,8,17,0.1896668691188097,none,18,23,20,25,player-2,none
166,9,18,0.11570891365408897,player-4,21,28,25,30,player-3,player-4
166,10,17,0.06454181857407093,player-4,21,33,31,36,player-4,player-4
166,11,19,0.06845803000032902,player-3,23,37,41,38,player-1,player-3
166,12,22,0.16808300279080868,player-3,24,39,44,41,player-2,player-3
166,13,20,0.2952499780803919,player-2,24,46,51,43,player-3,player-2
166,14,17,0.21358300000429153,player-4,26,48,51,52,player-4,player-4
167,1,21,0.09241700172424316,player-3,1,3,5,2,player-3,player-3
167,2,18,0.08720881305634975,player-1,6,6,6,5,player-4,player-1
167,3,18,0.06883405148983002,player-2,8,11,12,6,player-1,player-2
167,4,17,0.058999983593821526,player-2,11,24,13,6,player-2,player-2
167,5,17,0.0513328704982996,player-3,11,25,16,9,player-3,player-3
167,6,18,0.07091695442795753,player-1,16,25,20,15,player-4,player-1
167,7,20,0.07220800034701824,player-4,18,25,25,18,player-1,player-4
167,8,18,0.058582983911037445,player-3,19,28,26,20,player-2,player-3
167,9,18,0.06599980406463146,player-4,20,32,26,23,player-3,player-4
167,10,18,0.06420793943107128,player-1,24,33,28,26,player-4,player-1
167,11,17,0.3376249223947525,player-1,26,35,28,26,player-1,player-1
167,12,17,0.14199991710484028,player-2,27,39,31,27,player-2,player-2
167,13,18,0.11266604997217655,player-4,31,40,32,29,player-3,player-4
167,14,18,0.073291826993227,player-1,32,42,32,34,player-4,player-1
167,15,18,0.14683394692838192,player-2,32,49,35,35,player-1,player-2
167,16,18,0.08650007657706738,player-3,34,56,37,41,player-2,player-3
167,17,17,0.06779213435947895,player-3,35,59,50,42,player-3,player-3
168,1,25,0.1509580761194229,player-3,4,1,6,1,player-3,player-3
168,2,18,0.11824979446828365,player-1,13,1,8,3,player-4,player-1
168,3,17,0.06237509660422802,player-1,19,2,8,6,player-1,player-1
168,4,18,0.07295818068087101,player-3,20,5,12,7,player-2,player-3
168,5,17,0.07104105316102505,player-3,22,15,16,7,player-3,player-3
168,6,20,0.08470797911286354,player-3,24,15,25,14,player-4,player-3
168,7,17,0.05212519317865372,player-1,27,15,27,16,player-1,player-1
168,8,19,0.0677499920129776,player-4,29,16,28,23,player-2,player-4
168,9,17,0.07429090328514576,player-3,35,19,31,23,player-3,player-3
168,10,17,0.07233303040266037,player-4,35,19,32,31,player-4,player-4
168,11,18,0.0802918802946806,player-2,37,23,34,37,player-1,player-2
168,12,20,0.056582968682050705,player-1,43,24,34,37,player-2,player-1
168,13,34,0.10483385995030403,player-4,46,25,45,40,player-3,player-4
168,14,19,0.051833922043442726,none,48,31,47,40,player-4,none
168,15,17,0.0680841039866209,player-1,54,31,47,45,player-1,player-1
169,1,29,0.09741703979671001,player-4,0,0,8,4,player-4,player-4
169,2,17,0.054666073992848396,player-1,3,3,10,4,player-1,player-1
169,3,25,0.08608284406363964,player-2,11,5,18,8,player-2,player-2
169,4,18,0.06020907312631607,player-4,12,6,20,8,player-3,player-4
169,5,21,0.06045796908438206,player-4,17,6,20,17,player-4,player-4
169,6,17,0.062000006437301636,player-1,28,9,26,17,player-1,player-1
169,7,22,0.07258309051394463,player-3,29,12,31,21,player-2,player-3
169,8,17,0.07120915688574314,player-3,32,14,37,24,player-3,player-3
169,9,20,0.06395811215043068,none,33,16,41,26,player-4,none
169,10,20,0.07499987259507179,player-4,36,16,46,31,player-1,player-4
169,11,19,0.07241708226501942,player-4,40,16,46,37,player-2,player-4
169,12,19,0.06354204379022121,player-1,44,17,58,43,player-3,player-1
170,1,18,0.06954208947718143,player-3,0,2,8,5,player-2,player-3
170,2,20,0.060582999140024185,player-2,1,8,10,6,player-3,player-2
170,3,19,0.06754184141755104,player-2,6,13,13,9,player-4,player-2
170,4,18,0.05708308890461922,player-2,12,17,13,12,player-1,player-2
170,5,29,0.06895815022289753,none,13,19,15,14,player-2,none
170,6,17,0.04837499000132084,player-3,14,22,21,16,player-3,player-3
170,7,18,0.07862504571676254,player-1,22,22,28,19,player-4,player-1
170,8,17,0.06108288653194904,player-1,25,25,32,25,player-1,player-1
170,9,17,0.06329198367893696,player-2,25,27,35,28,player-2,player-2
170,10,19,0.07266714237630367,player-1,28,38,36,34,player-3,player-1
170,11,24,0.06808317266404629,player-3,29,42,37,39,player-4,player-3
170,12,17,0.06262515671551228,player-1,29,44,38,42,player-1,player-1
170,13,17,0.05483301356434822,player-2,36,49,41,47,player-2,player-2
170,14,27,0.07933401502668858,none,42,61,41,59,player-3,none
171,1,22,0.07120822556316853,player-1,5,2,0,3,player-4,player-1
171,2,27,0.09999983012676239,player-3,11,5,1,5,player-1,player-3
171,3,19,0.06883405148983002,player-4,17,5,6,12,player-2,player-4
171,4,18,0.06633298471570015,player-4,20,8,7,17,player-3,player-4
171,5,19,0.0503340270370245,none,21,10,7,20,player-4,none
171,6,19,0.06387499161064625,player-3,22,12,13,20,player-1,player-3
171,7,22,0.07233303040266037,player-3,25,20,20,22,player-2,player-3
171,8,19,0.0791249331086874,player-1,36,25,25,24,player-3,player-1
171,9,17,0.0663751270622015,player-4,41,29,30,27,player-4,player-4
171,10,18,0.0779998954385519,player-2,42,31,37,36,player-1,player-2
171,11,17,0.06512505933642387,player-2,52,41,39,36,player-2,player-2
171,12,17,0.06695790216326714,player-3,52,49,44,41,player-3,player-3
171,13,17,0.058333855122327805,player-4,56,50,48,49,player-4,player-4
172,1,17,0.06204191595315933,player-4,1,1,4,1,player-4,player-4
172,2,19,0.05270796827971935,none,2,2,6,2,player-1,none
172,3,19,0.06695790216326714,player-4,6,10,11,4,player-2,player-4
172,4,18,0.06395811215043068,none,7,18,11,14,player-3,none
172,5,19,0.07179193198680878,player-2,12,26,13,23,player-4,player-2
172,6,17,0.057042110711336136,player-1,15,28,17,23,player-1,player-1
172,7,17,0.08749985136091709,player-2,19,39,21,38,player-2,player-2
172,8,17,0.06995792500674725,player-3,24,39,22,39,player-3,player-3
172,9,17,0.07883412763476372,player-4,31,46,25,45,player-4,player-4
172,10,17,0.06849993951618671,player-1,34,49,31,47,player-1,player-1
172,11,17,0.06812508217990398,player-2,37,52,38,51,player-2,player-2
173,1,22,0.08095800876617432,player-4,8,3,7,4,player-3,player-4
173,2,17,0.06116693839430809,player-4,8,6,7,13,player-4,player-4
173,3,18,0.07129204459488392,player-2,10,7,8,18,player-1,player-2
173,4,19,0.07145898416638374,player-4,16,11,12,28,player-2,player-4
173,5,18,0.05333404988050461,player-4,16,11,15,29,player-3,player-4
173,6,20,0.07558404467999935,player-3,20,14,19,34,player-4,player-3
173,7,24,0.08025020360946655,player-4,27,15,24,38,player-1,player-4
173,8,21,0.0724580604583025,player-2,28,22,27,41,player-2,player-2
173,9,22,0.06354181095957756,none,29,24,28,44,player-3,none
173,10,19,0.06570783443748951,player-2,30,27,32,46,player-4,player-2
173,11,26,0.08966703899204731,player-2,30,36,32,49,player-1,player-2
173,12,17,0.06454112008213997,player-2,32,36,35,55,player-2,player-2
173,13,27,0.10487507097423077,player-1,45,38,43,59,player-3,player-1
173,14,17,0.06087496876716614,player-4,49,38,49,63,player-4,player-4
174,1,18,0.06920890882611275,player-2,0,11,3,9,player-1,player-2
174,2,18,0.05687493830919266,player-3,1,16,7,11,player-2,player-3
174,3,17,0.0616670586168766,player-3,3,21,9,12,player-3,player-3
174,4,17,0.0675420742481947,player-4,5,23,9,22,player-4,player-4
174,5,19,0.077415956184268,player-3,8,29,17,23,player-1,player-3
174,6,17,0.06420793943107128,player-2,10,33,19,24,player-2,player-2
174,7,30,0.0868749339133501,player-4,11,35,29,24,player-3,player-4
174,8,19,0.0711251050233841,player-2,12,41,29,28,player-4,player-2
174,9,17,0.05875015631318092,player-1,15,43,30,31,player-1,player-1
174,10,17,0.06366614252328873,player-2,20,45,34,31,player-2,player-2
174,11,19,0.06966711953282356,player-1,25,49,35,36,player-3,player-1
174,12,17,0.05862489342689514,player-4,28,49,38,39,player-4,player-4
174,13,17,0.07700012065470219,player-1,32,52,40,41,player-1,player-1
174,14,17,0.0780418049544096,player-2,34,58,43,43,player-2,player-2
175,1,20,0.07804203778505325,player-3,1,1,7,5,player-4,player-3
175,2,22,0.0613329466432333,none,4,2,8,7,player-1,none
175,3,17,0.06966711953282356,player-2,6,7,11,12,player-2,player-2
175,4,18,0.06225006654858589,player-4,11,11,14,15,player-3,player-4
175,5,17,0.07029203698039055,player-4,13,13,17,20,player-4,player-4
175,6,21,0.07308321073651314,player-1,21,14,18,21,player-1,player-1
175,7,18,0.07254211232066154,player-3,23,21,22,21,player-2,player-3
175,8,17,0.05479203537106514,player-3,23,23,29,21,player-3,player-3
175,9,30,0.08491706103086472,player-1,23,23,31,22,player-4,player-1
175,10,17,0.06474996916949749,player-1,25,28,31,27,player-1,player-1
175,11,17,0.07454189471900463,player-2,25,39,34,27,player-2,player-2
175,12,18,0.05908403545618057,player-4,27,39,37,30,player-3,player-4
175,13,17,0.07554213516414165,player-4,30,39,39,36,player-4,player-4
175,14,18,0.07320800796151161,player-2,32,45,42,37,player-1,player-2
175,15,29,0.0924158375710249,player-2,34,51,43,41,player-2,player-2
175,16,18,0.06120908074080944,player-4,36,52,45,51,player-3,player-4
176,1,17,0.08237501606345177,player-1,2,0,6,3,player-1,player-1
176,2,17,0.06462493911385536,player-2,5,8,6,8,player-2,player-2
176,3,17,0.07041706703603268,player-3,10,17,19,11,player-3,player-3
176,4,18,0.06562494672834873,player-1,16,23,26,14,player-4,player-1
176,5,17,0.06045890040695667,player-1,30,24,28,18,player-1,player-1
176,6,19,0.07379194721579552,player-4,34,27,30,19,player-2,player-4
176,7,17,0.06766617298126221,player-3,39,29,37,19,player-3,player-3
176,8,20,0.07258402183651924,player-3,41,29,39,19,player-4,player-3
176,9,20,0.0927499495446682,player-4,46,35,41,27,player-1,player-4
176,10,17,0.07908395491540432,player-2,55,42,48,27,player-2,player-2
177,1,19,0.07341708987951279,player-1,2,4,2,0,player-3,player-1
177,2,17,0.06070802919566631,player-4,7,7,2,6,player-4,player-4
177,3,18,0.05958392284810543,player-2,10,7,2,6,player-1,player-2
177,4,20,0.05837506614625454,player-1,13,11,2,6,player-2,player-1
177,5,17,0.06579095497727394,player-3,13,11,10,9,player-3,player-3
177,6,17,0.06404193118214607,player-4,15,11,14,12,player-4,player-4
177,7,17,0.05487515591084957,player-1,25,11,14,13,player-1,player-1
177,8,17,0.05875015631318092,player-2,29,14,14,14,player-2,player-2
177,9,19,0.06225006654858589,player-1,34,19,14,17,player-3,player-1
177,10,21,0.06812508217990398,player-4,34,23,19,22,player-4,player-4
177,11,19,0.060957856476306915,player-3,34,23,23,22,player-1,player-3
177,12,19,0.08945818990468979,player-4,34,26,28,29,player-2,player-4
177,13,17,0.06379210390150547,player-3,34,28,30,36,player-3,player-3
177,14,21,0.08862488903105259,player-4,43,31,37,43,player-4,player-4
177,15,17,0.06008287891745567,player-1,45,37,38,46,player-1,player-1
177,16,17,0.06495881825685501,player-2,51,40,39,48,player-2,player-2
177,17,17,0.07070787250995636,player-3,52,46,42,54,player-3,player-3
178,1,24,0.07491698488593102,player-1,1,2,0,2,player-2,player-1
178,2,17,0.0688750296831131,player-3,2,4,6,4,player-3,player-3
178,3,17,0.0779998954385519,player-4,6,9,6,10,player-4,player-4
178,4,26,0.07720896974205971,none,12,9,9,10,player-1,none
178,5,17,0.06116693839430809,player-2,15,12,10,16,player-2,player-2
178,6,17,0.05891593173146248,player-3,22,14,19,16,player-3,player-3
178,7,17,0.05625002086162567,player-4,24,14,19,23,player-4,player-4
178,8,29,0.07887487299740314,player-1,37,17,24,30,player-1,player-1
178,9,18,0.05983305163681507,player-3,39,22,33,34,player-2,player-3
178,10,17,0.06187497638165951,player-3,43,25,40,36,player-3,player-3
178,11,17,0.051833223551511765,player-4,46,29,41,45,player-4,player-4
178,12,17,0.0563750509172678,player-1,49,30,44,51,player-1,player-1
178,13,18,0.1229580957442522,player-3,57,30,54,53,player-2,player-3
179,1,18,0.06612506695091724,player-2,2,3,3,1,player-1,player-2
179,2,18,0.06312504410743713,player-3,4,8,11,4,player-2,player-3
179,3,23,0.09345798753201962,player-1,8,10,16,6,player-3,player-1
179,4,18,0.06758305244147778,player-1,14,17,27,7,player-4,player-1
179,5,17,0.07258402183651924,player-1,16,18,27,12,player-1,player-1
179,6,17,0.06583286449313164,player-2,20,24,28,13,player-2,player-2
179,7,18,0.06670807488262653,player-4,26,24,33,21,player-3,player-4
179,8,18,0.0768748577684164,player-1,27,24,37,21,player-4,player-1
179,9,17,0.0747081357985735,player-1,32,30,42,21,player-1,player-1
179,10,17,0.07575005292892456,player-2,34,41,46,27,player-2,player-2
179,11,18,0.06491690874099731,player-4,35,43,47,33,player-3,player-4
179,12,17,0.05924981087446213,player-4,36,45,49,36,player-4,player-4
179,13,17,0.05854177288711071,player-1,40,45,52,39,player-1,player-1
179,14,20,0.0868749339133501,player-1,43,51,58,39,player-2,player-1
180,1,26,0.08987495675683022,none,5,12,1,6,player-1,none
180,2,17,0.07704203017055988,player-2,7,18,4,8,player-2,player-2
180,3,17,0.059791840612888336,player-3,11,18,12,8,player-3,player-3
180,4,31,0.10212487541139126,player-2,19,21,14,20,player-4,player-2
180,5,17,0.06320909596979618,player-1,24,21,16,20,player-1,player-1
180,6,23,0.08045905269682407,player-4,26,28,20,23,player-2,player-4
180,7,17,0.06312504410743713,player-3,26,31,29,23,player-3,player-3
180,8,20,0.0890830997377634,player-3,27,38,30,28,player-4,player-3
180,9,19,0.07066596299409866,player-3,30,43,38,29,player-1,player-3
180,10,17,0.06975000724196434,player-2,34,50,43,30,player-2,player-2
180,11,19,0.07500010542571545,player-1,37,56,49,33,player-3,player-1
180,12,20,0.06595789454877377,player-3,41,62,53,35,player-4,player-3
180,13,17,0.05920790135860443,player-1,48,63,55,36,player-1,player-1
181,1,30,0.07462501525878906,none,11,3,4,2,player-4,none
181,2,17,0.06841705180704594,player-1,14,7,6,4,player-1,player-1
181,3,19,0.06429105997085571,player-4,14,9,13,15,player-2,player-4
181,4,18,0.054625095799565315,player-4,16,12,17,20,player-3,player-4
181,5,19,0.06279093213379383,player-2,18,18,18,21,player-4,player-2
181,6,18,0.058499863371253014,player-2,21,20,18,23,player-1,player-2
181,7,24,0.07220800034701824,player-1,22,21,20,25,player-2,player-1
181,8,18,0.059625133872032166,player-4,22,23,21,28,player-3,player-4
181,9,18,0.06366614252328873,player-1,26,23,25,32,player-4,player-1
181,10,20,0.06587500683963299,player-4,30,23,27,38,player-1,player-4
181,11,17,0.06258301436901093,player-2,35,31,29,38,player-2,player-2
181,12,20,0.07737521082162857,player-2,36,38,33,40,player-3,player-2
181,13,17,0.07341708987951279,player-4,38,39,35,43,player-4,player-4
181,14,17,0.058499863371253014,player-1,49,41,35,45,player-1,player-1
181,15,21,0.07845903746783733,player-2,49,51,41,45,player-2,player-2
181,16,17,0.05283299833536148,player-3,51,51,50,45,player-3,player-3
182,1,23,0.08850009180605412,player-1,9,0,2,3,player-3,player-1
182,2,17,0.057042110711336136,player-4,10,1,3,11,player-4,player-4
182,3,17,0.05129212513566017,player-1,15,3,3,15,player-1,player-1
182,4,17,0.05645817145705223,player-2,15,6,6,18,player-2,player-2
182,5,21,0.055416952818632126,player-3,16,7,18,20,player-3,player-3
182,6,17,0.07108296267688274,player-4,16,9,22,21,player-4,player-4
182,7,18,0.059165991842746735,player-2,17,12,24,24,player-1,player-2
182,8,17,0.06587500683963299,player-2,18,22,25,29,player-2,player-2
182,9,17,0.06183306686580181,player-3,24,25,27,33,player-3,player-3
182,10,17,0.05787494592368603,player-4,29,28,31,41,player-4,player-4
182,11,17,0.06029196083545685,player-1,32,31,31,45,player-1,player-1
182,12,18,0.06287498399615288,player-3,32,32,33,46,player-2,player-3
182,13,19,0.07258285768330097,player-1,38,34,37,53,player-3,player-1
182,14,17,0.06625009700655937,player-4,40,37,38,54,player-4,player-4
182,15,19,0.0627920962870121,player-3,41,37,43,55,player-1,player-3
182,16,17,0.05483301356434822,player-2,41,52,45,57,player-2,player-2
183,1,17,0.05262484773993492,player-2,1,1,2,0,player-2,player-2
183,2,18,0.07099984213709831,player-4,2,2,5,2,player-3,player-4
183,3,17,0.05795806646347046,player-4,2,7,6,8,player-4,player-4
183,4,22,0.08129212073981762,player-2,8,9,9,18,player-1,player-2
183,5,17,0.06633414886891842,player-2,13,14,10,23,player-2,player-2
183,6,19,0.05904189310967922,player-1,21,15,12,25,player-3,player-1
183,7,17,0.053291209042072296,player-4,31,20,19,29,player-4,player-4
183,8,24,0.07516681216657162,player-4,31,23,24,33,player-1,player-4
183,9,18,0.0580840278416872,player-3,33,27,29,33,player-2,player-3
183,10,17,0.06679189391434193,player-3,35,27,35,39,player-3,player-3
183,11,20,0.07370905950665474,player-3,38,31,42,41,player-4,player-3
183,12,19,0.05612499080598354,player-3,41,31,51,41,player-1,player-3
183,13,18,0.05591707304120064,player-3,45,32,59,45,player-2,player-3
184,1,26,0.10408414527773857,player-3,5,5,5,2,player-2,player-3
184,2,19,0.07449998520314693,player-1,10,6,7,4,player-3,player-1
184,3,18,0.06729108281433582,player-1,13,11,14,13,player-4,player-1
184,4,17,0.05591614171862602,player-1,17,13,16,14,player-1,player-1
184,5,17,0.07154187187552452,player-2,18,17,19,22,player-2,player-2
184,6,18,0.08504092693328857,player-4,21,19,27,27,player-3,player-4
184,7,18,0.05408283323049545,player-1,31,19,28,29,player-4,player-1
184,8,20,0.07541594095528126,player-4,34,23,30,34,player-1,player-4
184,9,24,0.07258402183651924,player-1,39,24,37,36,player-2,player-1
184,10,25,0.08058291859924793,player-3,40,31,44,39,player-3,player-3
184,11,17,0.05679205060005188,player-4,42,33,49,45,player-4,player-4
184,12,21,0.06587500683963299,player-1,51,35,52,51,player-1,player-1
185,1,17,0.051541952416300774,player-2,4,3,1,0,player-2,player-2
185,2,19,0.07104198448359966,player-1,11,3,1,4,player-3,player-1
185,3,19,0.07483386434614658,player-2,18,14,2,8,player-4,player-2
185,4,18,0.0575000885874033,player-2,24,19,4,8,player-1,player-2
185,5,17,0.05974993109703064,player-2,28,27,13,9,player-2,player-2
185,6,17,0.05900021642446518,player-3,28,30,20,11,player-3,player-3
185,7,18,0.049958936870098114,player-1,32,31,23,11,player-4,player-1
185,8,19,0.06708386354148388,player-3,34,36,32,11,player-1,player-3
185,9,23,0.07170788012444973,player-4,34,36,38,11,player-2,player-4
185,10,28,0.07733399979770184,player-2,37,38,40,12,player-3,player-2
185,11,18,0.06437511183321476,player-1,37,40,43,18,player-4,player-1
185,12,19,0.0617089681327343,player-3,40,47,51,19,player-1,player-3
185,13,18,0.06729201413691044,player-3,42,51,52,26,player-2,player-3
185,14,18,0.06816699169576168,player-4,44,52,54,29,player-3,player-4
185,15,18,0.06804196164011955,player-1,46,55,55,35,player-4,player-1
186,1,17,0.10320893488824368,player-4,9,0,4,11,player-4,player-4
186,2,18,0.05575013346970081,player-2,11,4,9,15,player-1,player-2
186,3,21,0.06179092451930046,player-2,14,9,11,15,player-2,player-2
186,4,29,0.06575020961463451,player-3,16,10,13,19,player-3,player-3
186,5,17,0.06291596218943596,player-4,18,13,19,22,player-4,player-4
186,6,18,0.06120791658759117,player-2,18,19,26,25,player-1,player-2
186,7,17,0.069082947447896,player-2,20,24,28,28,player-2,player-2
186,8,19,0.08983397856354713,player-1,21,28,31,28,player-3,player-1
186,9,18,0.05712499842047691,player-1,24,32,34,29,player-4,player-1
186,10,21,0.06533297710120678,player-1,29,36,36,37,player-1,player-1
186,11,26,0.0877920538187027,none,35,36,36,37,player-2,none
186,12,20,0.06029102951288223,player-2,35,41,40,37,player-3,player-2
186,13,22,0.054957810789346695,none,38,41,42,42,player-4,none
186,14,17,0.05433312617242336,player-1,49,41,42,43,player-1,player-1
186,15,18,0.06337510421872139,player-3,58,45,47,47,player-2,player-3
187,1,17,0.05537504330277443,player-2,2,4,2,1,player-2,player-2
187,2,17,0.0641250517219305,player-3,7,11,6,6,player-3,player-3
187,3,17,0.05237502045929432,player-4,8,12,7,9,player-4,player-4
187,4,17,0.05691708065569401,player-1,10,15,9,12,player-1,player-1
187,5,21,0.06325007416307926,player-2,17,25,11,14,player-2,player-2
187,6,18,0.08091586641967297,player-4,17,27,13,24,player-3,player-4
187,7,18,0.06704195402562618,player-1,20,28,17,28,player-4,player-1
187,8,20,0.0738329254090786,player-4,23,28,20,36,player-1,player-4
187,9,18,0.07416610606014729,player-3,32,28,29,44,player-2,player-3
187,10,21,0.06904220208525658,player-3,34,28,33,44,player-3,player-3
187,11,18,0.06195809692144394,player-1,41,33,38,45,player-4,player-1
187,12,18,0.05625002086162567,player-2,46,35,38,46,player-1,player-2
187,13,26,0.11820904910564423,none,47,39,41,47,player-2,none
187,14,21,0.07970794104039669,player-3,48,42,43,47,player-3,player-3
187,15,17,0.06554205901920795,player-4,48,44,48,47,player-4,player-4
187,16,21,0.07391604594886303,player-1,56,45,48,53,player-1,player-1
188,1,20,0.07037492468953133,player-3,2,5,7,1,player-4,player-3
188,2,17,0.05058315582573414,player-1,5,7,9,1,player-1,player-1
188,3,20,0.09904103353619576,player-1,7,10,10,2,player-2,player-1
188,4,17,0.05674990825355053,player-3,9,11,14,4,player-3,player-3
188,5,17,0.05233404226601124,player-4,13,11,14,9,player-4,player-4
188,6,18,0.05787517875432968,player-2,18,17,19,11,player-1,player-2
188,7,17,0.06279186345636845,player-2,21,20,25,22,player-2,player-2
188,8,17,0.08070794865489006,player-3,29,27,28,28,player-3,player-3
188,9,19,0.06683380343019962,player-2,30,40,32,35,player-4,player-2
188,10,20,0.05862489342689514,player-4,34,42,34,38,player-1,player-4
188,11,17,0.059333862736821175,player-2,40,53,36,47,player-2,player-2
189,1,17,0.069458968937397,player-1,11,3,2,2,player-1,player-1
189,2,17,0.05712499842047691,player-2,14,4,2,3,player-2,player-2
189,3,17,0.06391690112650394,player-3,14,9,5,8,player-3,player-3
189,4,24,0.0829577911645174,player-3,17,12,12,11,player-4,player-3
189,5,18,0.06408407352864742,player-2,18,20,15,18,player-1,player-2
189,6,17,0.058125006034970284,player-2,18,22,19,20,player-2,player-2
189,7,23,0.059957848861813545,player-1,25,24,20,22,player-3,player-1
189,8,21,0.059042125940322876,player-4,26,25,23,25,player-4,player-4
189,9,17,0.055625103414058685,player-1,29,27,23,27,player-1,player-1
189,10,19,0.05487515591084957,player-4,31,29,24,31,player-2,player-4
189,11,19,0.056999968364834785,player-1,32,30,24,34,player-3,player-1
189,12,18,0.06591714918613434,player-1,38,33,25,36,player-4,player-1
189,13,19,0.06962497718632221,player-3,39,35,28,38,player-1,player-3
189,14,23,0.059750163927674294,none,41,39,29,38,player-2,none
189,15,24,0.07829209789633751,player-2,41,41,34,38,player-3,player-2
189,16,19,0.05891709588468075,player-2,47,46,43,39,player-4,player-2
189,17,18,0.05733408033847809,player-2,50,48,44,41,player-1,player-2
189,18,18,0.05625002086162567,player-3,50,52,48,41,player-2,player-3
189,19,17,0.07120799273252487,player-3,50,55,61,47,player-3,player-3
190,1,25,0.07758312858641148,none,1,4,1,6,player-4,none
190,2,19,0.06862496957182884,player-3,8,6,11,7,player-1,player-3
190,3,17,0.05979207344353199,player-2,10,9,11,12,player-2,player-2
190,4,20,0.06145890802145004,player-2,14,14,11,13,player-3,player-2
190,5,17,0.0627920962870121,player-4,21,14,14,19,player-4,player-4
190,6,19,0.06570899859070778,player-3,26,19,18,24,player-1,player-3
190,7,17,0.061374856159090996,player-2,30,20,19,27,player-2,player-2
190,8,19,0.05833292379975319,player-1,33,20,22,29,player-3,player-1
190,9,20,0.09841704741120338,player-3,39,22,37,37,player-4,player-3
190,10,17,0.06541586481034756,player-1,45,26,41,39,player-1,player-1
190,11,15,0.0402920413762331,none,48,28,41,43,player-2,none
190,12,17,0.07070903666317463,player-3,50,30,47,43,player-3,player-3
190,13,20,0.06083305925130844,player-3,54,30,51,45,player-4,player-3
191,1,17,0.05508284084498882,player-1,3,0,6,0,player-1,player-1
191,2,23,0.06562517955899239,player-4,7,1,8,4,player-2,player-4
191,3,23,0.0711251050233841,player-1,9,4,10,4,player-3,player-1
191,4,22,0.06791716441512108,player-1,14,4,14,12,player-4,player-1
191,5,17,0.0517088919878006,player-1,17,6,16,12,player-1,player-1
191,6,17,0.08087488822638988,player-2,18,9,18,17,player-2,player-2
191,7,17,0.05733291618525982,player-3,18,9,21,21,player-3,player-3
191,8,20,0.0749579630792141,player-3,22,21,24,22,player-4,player-3
191,9,18,0.05000014789402485,player-2,22,26,25,25,player-1,player-2
191,10,17,0.05504186265170574,player-2,26,27,27,27,player-2,player-2
191,11,17,0.058416975662112236,player-3,29,29,29,34,player-3,player-3
191,12,17,0.05970778875052929,player-4,31,33,30,37,player-4,player-4
191,13,24,0.07241684943437576,player-4,32,35,33,43,player-1,player-4
191,14,17,0.058167148381471634,player-2,39,38,38,45,player-2,player-2
191,15,18,0.08116592653095722,player-4,41,43,42,51,player-3,player-4
191,16,18,0.06900005973875523,player-1,48,48,44,54,player-4,player-1
192,1,17,0.07454212754964828,player-2,8,5,0,4,player-2,player-2
192,2,25,0.08695898577570915,player-3,12,7,3,6,player-3,player-3
192,3,17,0.063000014051795,player-4,16,10,7,9,player-4,player-4
192,4,19,0.07175002247095108,player-3,19,12,9,16,player-1,player-3
192,5,18,0.0669590663164854,player-3,23,14,17,19,player-2,player-3
192,6,18,0.0730419997125864,player-4,24,16,21,26,player-3,player-4
192,7,18,0.062374863773584366,player-1,27,17,24,33,player-4,player-1
192,8,19,0.0694170594215393,player-3,30,23,24,33,player-1,player-3
192,9,17,0.053541967645287514,player-2,31,27,24,34,player-2,player-2
192,10,17,0.06712484173476696,player-3,34,29,38,34,player-3,player-3
192,11,20,0.07524993270635605,player-3,35,30,42,39,player-4,player-3
192,12,17,0.06604194641113281,player-1,40,33,49,48,player-1,player-1
192,13,17,0.05312496796250343,player-2,43,37,49,48,player-2,player-2
192,14,18,0.06079208105802536,player-4,43,39,52,53,player-3,player-4
192,15,18,0.06858399137854576,player-1,45,45,57,64,player-4,player-1
193,1,17,0.056459102779626846,player-2,4,6,2,2,player-2,player-2
193,2,18,0.05745794624090195,player-4,6,10,5,6,player-3,player-4
193,3,29,0.10704086162149906,player-4,11,15,7,22,player-4,player-4
193,4,23,0.071333022788167,player-3,12,15,12,22,player-1,player-3
193,5,17,0.06270897574722767,player-2,13,21,14,22,player-2,player-2
193,6,19,0.05029095336794853,none,18,24,16,24,player-3,none
193,7,18,0.05641719326376915,player-1,24,27,17,26,player-4,player-1
193,8,16,0.04795799031853676,none,28,28,17,29,player-1,none
193,9,19,0.06062490865588188,player-4,32,31,23,30,player-2,player-4
193,10,18,0.06987503729760647,player-4,36,34,25,34,player-3,player-4
193,11,18,0.06654206663370132,player-1,44,34,26,35,player-4,player-1
193,12,17,0.08783303201198578,player-1,57,38,37,37,player-1,player-1
193,13,17,0.05345814861357212,player-2,57,40,37,41,player-2,player-2
193,14,17,0.05529099144041538,player-3,59,45,38,42,player-3,player-3
193,15,17,0.050208065658807755,player-4,61,45,39,44,player-4,player-4
194,1,17,0.06795907393097878,player-3,2,4,5,1,player-3,player-3
194,2,18,0.06366590969264507,player-1,7,7,8,3,player-4,player-1
194,3,17,0.05791615694761276,player-1,13,8,8,3,player-1,player-1
194,4,17,0.06074993871152401,player-2,13,15,11,4,player-2,player-2
194,5,17,0.06079208105802536,player-3,18,17,13,6,player-3,player-3
194,6,21,0.058125006034970284,player-4,20,17,17,11,player-4,player-4
194,7,18,0.061416998505592346,player-2,22,25,17,12,player-1,player-2
194,8,17,0.05120900459587574,player-2,24,26,19,16,player-2,player-2
194,9,18,0.0639171339571476,player-4,26,29,21,21,player-3,player-4
194,10,17,0.06366707384586334,player-4,27,30,23,29,player-4,player-4
194,11,22,0.09629200212657452,player-2,31,31,30,33,player-1,player-2
194,12,18,0.059999991208314896,player-3,32,36,36,33,player-2,player-3
194,13,19,0.07937499321997166,player-1,33,39,39,37,player-3,player-1
194,14,19,0.06204098463058472,player-2,38,45,41,39,player-4,player-2
194,15,17,0.06145797669887543,player-1,40,48,42,42,player-1,player-1
194,16,18,0.06462517194449902,player-3,42,55,44,47,player-2,player-3
195,1,20,0.0805421732366085,player-2,10,6,5,2,player-3,player-2
195,2,18,0.07512513548135757,player-1,15,7,8,6,player-4,player-1
195,3,17,0.06191618740558624,player-1,15,7,16,11,player-1,player-1
195,4,20,0.060208141803741455,player-1,20,9,18,11,player-2,player-1
195,5,18,0.06562494672834873,player-4,20,11,25,19,player-3,player-4
195,6,20,0.0617089681327343,player-3,20,15,31,23,player-4,player-3
195,7,24,0.06541679613292217,player-4,22,20,31,30,player-1,player-4
195,8,17,0.05312496796250343,player-2,22,22,34,30,player-2,player-2
195,9,17,0.04575005732476711,none,24,24,40,31,player-3,none
195,10,18,0.0692091416567564,player-1,27,26,44,31,player-4,player-1
195,11,20,0.0790830235928297,player-4,29,28,48,38,player-1,player-4
195,12,18,0.06329198367893696,player-3,29,32,50,38,player-2,player-3
195,13,17,0.06983312778174877,player-3,30,34,57,38,player-3,player-3
195,14,19,0.06208289414644241,player-2,35,38,59,41,player-4,player-2
195,15,21,0.08366699330508709,player-1,41,40,63,47,player-1,player-1
196,1,18,0.0552500132471323,player-2,2,5,0,1,player-1,player-2
196,2,23,0.07587508298456669,player-4,8,8,5,6,player-2,player-4
196,3,20,0.062125036492943764,player-2,9,16,8,8,player-3,player-2
196,4,20,0.06945803761482239,player-3,9,22,16,16,player-4,player-3
196,5,17,0.06612506695091724,player-1,13,27,16,21,player-1,player-1
196,6,19,0.0610831193625927,player-4,17,34,22,25,player-2,player-4
196,7,17,0.060416990891098976,player-3,25,39,31,28,player-3,player-3
196,8,17,0.09516696445643902,player-4,33,42,39,31,player-4,player-4
196,9,17,0.06208312697708607,player-1,45,46,39,31,player-1,player-1
196,10,18,0.06270804442465305,player-3,45,49,45,33,player-2,player-3
196,11,18,0.08466606959700584,player-4,45,58,46,42,player-3,player-4
197,1,17,0.06837514229118824,player-4,3,3,1,5,player-4,player-4
197,2,17,0.05674990825355053,player-1,10,3,3,5,player-1,player-1
197,3,17,0.061208149418234825,player-2,10,10,5,9,player-2,player-2
197,4,20,0.08262484334409237,player-2,13,12,7,11,player-3,player-2
197,5,17,0.057042110711336136,player-4,17,15,9,14,player-4,player-4
197,6,25,0.07224990986287594,none,17,15,13,16,player-1,none
197,7,17,0.08641602471470833,player-2,22,19,13,21,player-2,player-2
197,8,17,0.07133395411074162,player-3,24,22,19,22,player-3,player-3
197,9,17,0.06558303721249104,player-4,25,25,19,25,player-4,player-4
197,10,17,0.0702498946338892,player-1,32,26,21,28,player-1,player-1
197,11,17,0.06258301436901093,player-2,35,34,26,30,player-2,player-2
197,12,17,0.0588749535381794,player-3,39,36,31,30,player-3,player-3
197,13,17,0.06208312697708607,player-4,43,37,31,37,player-4,player-4
197,14,18,0.06666709668934345,player-2,49,39,36,39,player-1,player-2
197,15,17,0.07683411240577698,player-2,50,50,37,39,player-2,player-2
197,16,24,0.0968750100582838,player-2,52,55,38,47,player-3,player-2
198,1,17,0.06645801477134228,player-4,8,11,4,11,player-4,player-4
198,2,17,0.07254187949001789,player-1,12,14,9,13,player-1,player-1
198,3,17,0.0705420970916748,player-2,17,20,9,23,player-2,player-2
198,4,18,0.07654097862541676,player-4,19,25,12,25,player-3,player-4
198,5,18,0.07720803841948509,player-1,23,25,13,28,player-4,player-1
198,6,19,0.07462501525878906,player-3,24,27,19,33,player-1,player-3
198,7,17,0.06429199129343033,player-2,24,36,19,38,player-2,player-2
198,8,17,0.05854107439517975,player-3,24,38,24,40,player-3,player-3
198,9,18,0.06687501445412636,player-1,36,38,26,41,player-4,player-1
198,10,18,0.10899989865720272,player-2,37,43,27,42,player-1,player-2
198,11,19,0.07149996235966682,player-4,40,44,30,45,player-2,player-4
198,12,17,0.07429206743836403,player-3,41,45,38,48,player-3,player-3
198,13,17,0.07691700011491776,player-4,46,45,40,52,player-4,player-4
198,14,17,0.07258309051394463,player-1,50,48,43,54,player-1,player-1
199,1,17,0.0863329041749239,player-3,0,2,11,1,player-3,player-3
199,2,18,0.069082947447896,player-1,1,2,17,3,player-4,player-1
199,3,18,0.10616588406264782,player-2,7,5,17,6,player-1,player-2
199,4,19,0.06554089486598969,player-4,8,6,19,10,player-2,player-4
199,5,23,0.09512505494058132,player-1,11,8,23,10,player-3,player-1
199,6,18,0.08087512105703354,player-1,18,13,32,16,player-4,player-1
199,7,17,0.053958967328071594,player-1,22,15,34,20,player-1,player-1
199,8,18,0.08950009942054749,player-3,29,19,42,25,player-2,player-3
199,9,18,0.08566700853407383,player-4,32,21,44,34,player-3,player-4
199,10,17,0.10570813901722431,player-4,37,22,46,38,player-4,player-4
199,11,17,0.05441717803478241,player-1,40,25,51,38,player-1,player-1
199,12,17,0.08208304643630981,player-2,41,41,54,41,player-2,player-2
199,13,20,0.06170803681015968,player-2,44,45,57,44,player-3,player-2
200,1,23,0.0552500132471323,none,7,2,1,2,player-3,none
200,2,18,0.06120884791016579,player-1,15,4,6,4,player-4,player-1
200,3,18,0.05674990825355053,player-2,20,5,8,14,player-1,player-2
200,4,18,0.0635830219835043,player-3,22,6,22,14,player-2,player-3
200,5,17,0.05862489342689514,player-3,25,8,27,15,player-3,player-3
200,6,17,0.06291596218943596,player-4,25,15,32,24,player-4,player-4
200,7,20,0.06387499161064625,player-4,30,18,41,29,player-1,player-4
200,8,17,0.060499878600239754,player-2,39,24,42,29,player-2,player-2
200,9,17,0.056999968364834785,player-3,40,28,45,31,player-3,player-3
200,10,17,0.05479203537106514,player-4,43,29,49,34,player-4,player-4
200,11,17,0.05308305844664574,player-1,45,31,49,34,player-1,player-1
200,12,17,0.05845795385539532,player-2,46,42,54,44,player-2,player-2
201,1,18,0.05425000563263893,player-4,0,0,2,3,player-3,player-4
201,2,18,0.05929195322096348,player-1,8,2,3,6,player-4,player-1
201,3,20,0.06879190914332867,player-4,9,4,6,9,player-1,player-4
201,4,19,0.054582953453063965,player-4,10,9,9,13,player-2,player-4
201,5,19,0.0764590222388506,player-1,19,13,10,13,player-3,player-1
201,6,17,0.055833952501416206,player-4,19,20,13,19,player-4,player-4
201,7,17,0.05616690032184124,player-1,24,22,16,19,player-1,player-1
201,8,17,0.05208398215472698,player-2,24,36,17,19,player-2,player-2
201,9,18,0.06374996155500412,player-4,25,47,17,24,player-3,player-4
201,10,17,0.07225014269351959,player-4,31,50,18,35,player-4,player-4
201,11,24,0.07345899939537048,player-4,32,57,20,39,player-1,player-4
201,12,18,0.06120908074080944,player-3,42,59,36,41,player-2,player-3
202,1,17,0.06624986417591572,player-1,10,2,3,0,player-1,player-1
202,2,17,0.05787494592368603,player-2,14,5,3,3,player-2,player-2
202,3,17,0.04758313298225403,player-3,16,6,9,4,player-3,player-3
202,4,18,0.07812492549419403,player-1,22,7,15,13,player-4,player-1
202,5,17,0.05874992348253727,player-1,26,9,19,22,player-1,player-1
202,6,20,0.0677919015288353,player-1,32,12,23,26,player-2,player-1
202,7,17,0.06733299233019352,player-3,41,17,30,29,player-3,player-3
202,8,17,0.05820905789732933,player-4,46,21,35,33,player-4,player-4
202,9,17,0.05625002086162567,player-1,50,21,36,34,player-1,player-1
202,10,18,0.057416968047618866,player-3,54,23,44,36,player-2,player-3
202,11,20,0.06041605956852436,player-2,54,26,45,40,player-3,player-2
202,12,18,0.0639590434730053,player-1,56,27,47,43,player-4,player-1
203,1,20,0.05083414725959301,none,0,1,1,0,player-2,none
203,2,17,0.06579188629984856,player-3,3,5,4,8,player-3,player-3
203,3,19,0.05679205060005188,player-2,5,10,5,9,player-4,player-2
203,4,17,0.058542005717754364,player-1,12,14,6,10,player-1,player-1
203,5,18,0.06645801477134228,player-3,18,17,15,13,player-2,player-3
203,6,26,0.08887494914233685,player-4,24,22,25,15,player-3,player-4
203,7,17,0.06079091690480709,player-4,25,24,27,20,player-4,player-4
203,8,17,0.058833975344896317,player-1,32,27,27,21,player-1,player-1
203,9,18,0.05737505853176117,player-3,33,30,29,21,player-2,player-3
203,10,20,0.04729209467768669,none,34,30,30,21,player-3,none
203,11,17,0.0577080063521862,player-4,36,35,36,24,player-4,player-4
203,12,17,0.05587493069469929,player-1,43,40,38,27,player-1,player-1
203,13,17,0.06454205140471458,player-2,45,43,41,29,player-2,player-2
203,14,17,0.06704195402562618,player-3,45,49,45,31,player-3,player-3
203,15,17,0.061583006754517555,player-4,48,53,47,34,player-4,player-4
203,16,18,0.07929117418825626,player-2,55,58,51,37,player-1,player-2
204,1,17,0.07750000804662704,player-3,5,2,6,4,player-3,player-3
204,2,17,0.049666035920381546,player-4,6,3,8,11,player-4,player-4
204,3,17,0.05379202775657177,player-1,13,7,10,11,player-1,player-1
204,4,17,0.06408290937542915,player-2,25,10,13,14,player-2,player-2
204,5,18,0.06316718645393848,player-4,27,10,16,16,player-3,player-4
204,6,17,0.06879097782075405,player-4,27,14,16,24,player-4,player-4
204,7,20,0.07612491026520729,player-4,28,14,22,29,player-1,player-4
204,8,17,0.063000014051795,player-2,35,22,26,29,player-2,player-2
204,9,18,0.06950017996132374,player-4,39,23,32,31,player-3,player-4
204,10,27,0.07695890963077545,player-2,40,29,34,35,player-4,player-2
204,11,17,0.06887479685246944,player-1,49,31,42,36,player-1,player-1
204,12,18,0.05224999040365219,player-3,50,34,45,37,player-2,player-3
204,13,19,0.04975008778274059,none,57,34,45,39,player-3,none
205,1,18,0.0639171339571476,player-4,2,6,3,1,player-3,player-4
205,2,17,0.06337510421872139,player-4,2,6,6,7,player-4,player-4
205,3,18,0.058540841564536095,player-2,7,8,9,8,player-1,player-2
205,4,20,0.08262507617473602,player-1,13,15,9,14,player-2,player-1
205,5,18,0.07812515832483768,player-4,17,20,9,18,player-3,player-4
205,6,17,0.05979090929031372,player-4,18,22,10,22,player-4,player-4
205,7,17,0.060542020946741104,player-1,23,22,12,25,player-1,player-1
205,8,17,0.05829101428389549,player-2,27,31,12,25,player-2,player-2
205,9,18,0.06854115054011345,player-4,30,33,14,27,player-3,player-4
205,10,17,0.08916715160012245,player-4,33,35,18,30,player-4,player-4
205,11,19,0.05291705019772053,player-3,36,38,18,32,player-1,player-3
205,12,19,0.08412497118115425,player-4,39,44,22,43,player-2,player-4
205,13,20,0.08416688069701195,player-2,39,53,24,48,player-3,player-2
206,1,37,0.11395802721381187,player-1,8,24,0,6,player-1,player-1
206,2,22,0.0977921299636364,player-3,14,27,5,7,player-2,player-3
206,3,17,0.0869592186063528,player-3,14,32,11,7,player-3,player-3
206,4,17,0.07316702976822853,player-4,16,37,13,13,player-4,player-4
206,5,18,0.0669590663164854,player-2,16,42,16,14,player-1,player-2
206,6,18,0.05945796146988869,player-3,17,46,19,15,player-2,player-3
206,7,17,0.060540856793522835,player-3,20,46,24,17,player-3,player-3
206,8,17,0.054374802857637405,player-4,23,48,25,21,player-4,player-4
206,9,19,0.06279093213379383,player-3,24,53,28,22,player-1,player-3
206,10,18,0.06683287210762501,player-3,24,55,31,23,player-2,player-3
206,11,17,0.06516603752970695,player-3,26,58,35,30,player-3,player-3
206,12,18,0.06258394569158554,player-1,30,65,35,30,player-4,player-1
206,13,18,0.07008295506238937,none,32,66,35,31,player-1,none
206,14,18,0.07416587322950363,player-3,36,69,42,34,player-2,player-3
207,1,18,0.08133286610245705,player-4,3,5,4,2,player-3,player-4
207,2,21,0.07425015792250633,player-4,8,8,5,15,player-4,player-4
207,3,17,0.06374996155500412,player-1,12,8,10,15,player-1,player-1
207,4,17,0.06250012665987015,player-2,14,13,12,21,player-2,player-2
207,5,17,0.0610831193625927,player-3,14,19,13,21,player-3,player-3
207,6,17,0.05870801396667957,player-4,17,21,16,28,player-4,player-4
207,7,22,0.06766710430383682,player-2,20,26,18,30,player-1,player-2
207,8,18,0.0552500132471323,player-3,26,35,19,33,player-2,player-3
207,9,22,0.08141621947288513,player-4,28,38,25,34,player-3,player-4
207,10,17,0.05095801316201687,player-4,29,40,29,40,player-4,player-4
207,11,17,0.0588749535381794,player-1,36,42,32,42,player-1,player-1
207,12,18,0.06970786489546299,player-3,40,49,37,47,player-2,player-3
207,13,19,0.07466692477464676,player-1,49,57,41,50,player-3,player-1
208,1,17,0.06150011904537678,player-3,1,3,4,1,player-3,player-3
208,2,20,0.06733299233019352,player-3,3,6,8,3,player-4,player-3
208,3,18,0.05575013346970081,player-2,8,8,10,3,player-1,player-2
208,4,17,0.055584125220775604,player-2,9,10,12,7,player-2,player-2
208,5,18,0.07091602310538292,player-4,9,13,13,23,player-3,player-4
208,6,22,0.07229088805615902,player-1,20,17,17,25,player-4,player-1
208,7,22,0.07104198448359966,player-2,20,26,17,27,player-1,player-2
208,8,17,0.0466248020529747,player-2,21,31,19,29,player-2,player-2
208,9,20,0.06800005212426186,player-2,23,41,24,34,player-3,player-2
208,10,21,0.06504193879663944,player-4,26,43,27,41,player-4,player-4
208,11,17,0.05383300594985485,player-1,29,45,30,43,player-1,player-1
208,12,17,0.0605839304625988,player-2,32,51,30,43,player-2,player-2
208,13,18,0.06545800715684891,player-4,32,53,36,52,player-3,player-4
209,1,19,0.061542028561234474,player-2,2,4,4,1,player-4,player-2
209,2,21,0.09537511505186558,player-1,9,7,7,2,player-1,player-1
209,3,17,0.06383308209478855,player-2,11,11,10,5,player-2,player-2
209,4,17,0.059999991208314896,player-3,14,12,15,6,player-3,player-3
209,5,17,0.05308305844664574,player-4,15,15,16,8,player-4,player-4
209,6,17,0.05541602149605751,player-1,17,18,16,9,player-1,player-1
209,7,17,0.0563331414014101,player-2,19,21,17,11,player-2,player-2
209,8,17,0.055208103731274605,player-3,21,25,21,14,player-3,player-3
209,9,17,0.0637909397482872,player-4,21,29,24,25,player-4,player-4
209,10,17,0.07200008258223534,player-1,32,34,26,25,player-1,player-1
209,11,18,0.06720912642776966,player-3,34,44,37,28,player-2,player-3
209,12,18,0.06066611967980862,player-4,38,50,38,32,player-3,player-4
209,13,23,0.06800005212426186,player-2,38,58,44,36,player-4,player-2
209,14,26,0.09174994193017483,none,39,61,47,39,player-1,none
210,1,24,0.08695805445313454,player-3,5,8,3,7,player-4,player-3
210,2,18,0.0643748790025711,player-2,7,10,3,9,player-1,player-2
210,3,17,0.06395787931978703,player-2,7,11,5,12,player-2,player-2
210,4,21,0.06466591730713844,player-3,10,15,6,14,player-3,player-3
210,5,17,0.058959005400538445,player-4,16,15,6,17,player-4,player-4
210,6,17,0.06991694681346416,player-1,19,16,7,26,player-1,player-1
210,7,19,0.0738748349249363,player-4,23,19,12,29,player-2,player-4
210,8,23,0.08241599425673485,player-1,26,29,13,42,player-3,player-1
210,9,18,0.07049995474517345,player-1,27,31,14,47,player-4,player-1
210,10,40,0.09729200974106789,none,29,32,18,47,player-1,none
210,11,21,0.0742089468985796,player-2,40,34,24,54,player-2,player-2
210,12,19,0.07770792581140995,player-1,49,37,29,56,player-3,player-1
210,13,17,0.0663751270622015,player-4,56,44,33,62,player-4,player-4
211,1,17,0.06820796988904476,player-1,2,0,0,4,player-1,player-1
211,2,19,0.06466684862971306,player-4,4,3,2,8,player-2,player-4
211,3,17,0.06737513467669487,player-3,5,7,6,11,player-3,player-3
211,4,19,0.07016700692474842,player-2,7,8,16,11,player-4,player-2
211,5,17,0.07945811375975609,player-1,11,13,20,11,player-1,player-1
211,6,18,0.05829101428389549,player-3,11,14,27,14,player-2,player-3
211,7,17,0.062333885580301285,player-3,17,17,35,14,player-3,player-3
211,8,17,0.05349982529878616,player-4,18,17,36,23,player-4,player-4
211,9,17,0.062166014686226845,player-1,22,21,40,23,player-1,player-1
211,10,17,0.056582968682050705,player-2,22,30,41,23,player-2,player-2
211,11,22,0.06062490865588188,player-4,22,31,42,29,player-3,player-4
211,12,20,0.07604202255606651,player-3,22,35,50,36,player-4,player-3
211,13,18,0.05825003609061241,player-2,23,37,52,37,player-1,player-2
211,14,17,0.06874999962747097,player-2,24,39,57,38,player-2,player-2
211,15,17,0.06433296948671341,player-3,24,45,66,44,player-3,player-3
211,16,17,0.062417006120085716,player-4,28,48,69,52,player-4,player-4
212,1,17,0.05366699770092964,player-2,5,3,1,4,player-2,player-2
212,2,17,0.06729084998369217,player-3,7,8,8,6,player-3,player-3
212,3,17,0.06895815022289753,player-4,10,8,11,10,player-4,player-4
212,4,17,0.06854184903204441,player-1,12,12,11,11,player-1,player-1
212,5,19,0.06145797669887543,player-4,14,14,15,17,player-2,player-4
212,6,17,0.05337502807378769,player-3,17,19,20,17,player-3,player-3
212,7,17,0.07020914927124977,player-4,20,19,21,19,player-4,player-4
212,8,17,0.06291689351201057,player-1,22,29,22,22,player-1,player-1
212,9,18,0.05120900459587574,player-3,23,32,24,25,player-2,player-3
212,10,19,0.05979090929031372,player-1,28,36,26,25,player-3,player-1
212,11,22,0.07587485015392303,player-1,35,36,31,29,player-4,player-1
212,12,17,0.07262500002980232,player-1,39,37,33,36,player-1,player-1
212,13,19,0.07449998520314693,player-4,44,41,35,41,player-2,player-4
212,14,18,0.046457862481474876,none,45,41,36,41,player-3,none
212,15,24,0.08808309212327003,player-3,49,47,39,43,player-4,player-3
212,16,16,0.045958906412124634,none,51,47,39,43,player-1,none
212,17,20,0.07862504571676254,player-1,54,53,40,52,player-2,player-1
213,1,18,0.07637497037649155,player-3,2,3,5,3,player-2,player-3
213,2,19,0.06608408875763416,player-1,8,3,7,3,player-3,player-1
213,3,17,0.054541975259780884,player-4,11,3,7,7,player-4,player-4
213,4,20,0.06612506695091724,player-4,12,4,10,12,player-1,player-4
213,5,17,0.05616690032184124,player-2,12,9,13,16,player-2,player-2
213,6,21,0.07175002247095108,none,13,10,18,19,player-3,none
213,7,17,0.05825003609061241,player-4,17,15,18,29,player-4,player-4
213,8,18,0.06345799192786217,player-2,21,29,20,33,player-1,player-2
213,9,18,0.06508314982056618,player-3,23,32,21,35,player-2,player-3
213,10,19,0.06804196164011955,player-1,26,38,26,39,player-3,player-1
213,11,17,0.05187513306736946,none,28,43,28,47,player-4,none
213,12,17,0.06420793943107128,player-1,30,46,31,47,player-1,player-1
213,13,19,0.06325007416307926,player-4,34,49,31,52,player-2,player-4
214,1,20,0.07233396172523499,player-2,0,4,4,3,player-3,player-2
214,2,17,0.07804203778505325,player-4,4,4,12,10,player-4,player-4
214,3,17,0.058542005717754364,player-1,7,5,14,11,player-1,player-1
214,4,22,0.06833416409790516,player-3,9,6,19,13,player-2,player-3
214,5,18,0.06787502206861973,player-4,13,8,21,16,player-3,player-4
214,6,17,0.06841612048447132,player-4,17,11,22,24,player-4,player-4
214,7,18,0.06499979645013809,player-2,21,13,22,26,player-1,player-2
214,8,18,0.07058284245431423,player-3,30,17,27,30,player-2,player-3
214,9,18,0.05612499080598354,player-4,31,19,28,32,player-3,player-4
214,10,18,0.06687501445412636,player-1,33,21,32,36,player-4,player-1
214,11,17,0.05929195322096348,player-1,40,21,32,38,player-1,player-1
214,12,17,0.06858399137854576,player-2,42,27,35,38,player-2,player-2
214,13,20,0.07129204459488392,player-2,49,34,39,38,player-3,player-2
214,14,18,0.0588749535381794,player-1,55,41,40,44,player-4,player-1
214,15,19,0.06358395330607891,player-3,57,42,42,47,player-1,player-3
214,16,27,0.09512505494058132,player-4,60,44,43,54,player-2,player-4
215,1,18,0.06362516433000565,player-4,2,4,4,4,player-3,player-4
215,2,18,0.08283299393951893,player-1,5,6,9,12,player-4,player-1
215,3,23,0.08095894008874893,none,7,8,9,12,player-1,none
215,4,21,0.08058384992182255,player-2,9,14,12,16,player-2,player-2
215,5,19,0.08129212073981762,player-1,14,21,16,16,player-3,player-1
215,6,18,0.07879105396568775,player-1,24,22,16,21,player-4,player-1
215,7,18,0.06762519478797913,player-2,27,23,16,21,player-1,player-2
215,8,21,0.08954200893640518,player-2,32,32,18,28,player-2,player-2
215,9,18,0.06074993871152401,player-4,32,34,20,33,player-3,player-4
215,10,17,0.05870801396667957,player-4,32,37,25,37,player-4,player-4
215,11,18,0.061583006754517555,player-2,33,43,28,38,player-1,player-2
215,12,17,0.05400017835199833,player-2,38,46,32,41,player-2,player-2
215,13,17,0.07475004531443119,player-3,42,49,37,41,player-3,player-3
215,14,17,0.0789170153439045,player-4,47,61,38,45,player-4,player-4
216,1,17,0.06629200652241707,player-4,5,3,4,5,player-4,player-4
216,2,24,0.09341700933873653,player-4,9,7,9,5,player-1,player-4
216,3,17,0.07516611367464066,player-2,10,10,11,8,player-2,player-2
216,4,17,0.07183291018009186,player-3,11,15,14,14,player-3,player-3
216,5,17,0.06404193118214607,player-4,13,18,14,19,player-4,player-4
216,6,17,0.07237493991851807,player-1,16,24,22,19,player-1,player-1
216,7,21,0.06758305244147778,player-2,17,33,23,23,player-2,player-2
216,8,21,0.07070880383253098,none,22,35,27,25,player-3,none
216,9,18,0.06991717964410782,player-1,26,36,29,29,player-4,player-1
216,10,19,0.06820796988904476,player-3,28,41,32,31,player-1,player-3
216,11,19,0.07137516513466835,player-4,30,41,33,35,player-2,player-4
216,12,17,0.05512498319149017,none,32,41,35,36,player-3,none
216,13,25,0.10170787572860718,player-4,32,50,37,44,player-4,player-4
216,14,18,0.06791600026190281,player-2,37,53,45,49,player-1,player-2
217,1,17,0.06162491627037525,player-1,8,1,2,0,player-1,player-1
217,2,20,0.09437510743737221,player-1,13,3,9,1,player-2,player-1
217,3,23,0.07970794104039669,player-1,16,10,13,5,player-3,player-1
217,4,17,0.0675420742481947,player-4,19,11,16,7,player-4,player-4
217,5,19,0.0724580604583025,player-3,21,11,21,7,player-1,player-3
217,6,19,0.07924996316432953,player-4,27,15,28,14,player-2,player-4
217,7,17,0.06066705100238323,player-3,36,16,41,16,player-3,player-3
217,8,18,0.06254203617572784,player-1,40,20,45,20,player-4,player-1
217,9,22,0.07054093293845654,none,41,20,49,23,player-1,none
217,10,17,0.0749579630792141,player-2,45,25,51,27,player-2,player-2
217,11,22,0.07045897655189037,player-4,48,31,52,30,player-3,player-4
218,1,17,0.07854192517697811,player-2,3,5,3,4,player-2,player-2
218,2,18,0.07416587322950363,player-4,10,5,6,8,player-3,player-4
218,3,17,0.07583294063806534,player-4,11,8,6,16,player-4,player-4
218,4,19,0.06487499922513962,player-3,13,12,11,16,player-1,player-3
218,5,17,0.06174994632601738,player-2,27,24,16,22,player-2,player-2
218,6,17,0.06229197606444359,player-3,32,24,23,26,player-3,player-3
218,7,18,0.06495811976492405,player-1,40,30,25,35,player-4,player-1
218,8,19,0.06900005973875523,player-3,45,34,26,35,player-1,player-3
218,9,17,0.07254211232066154,player-2,49,35,26,35,player-2,player-2
218,10,17,0.07016700692474842,player-3,54,36,30,39,player-3,player-3
218,11,18,0.07108412683010101,player-1,56,43,38,43,player-4,player-1
218,12,21,0.07449998520314693,player-1,56,49,40,49,player-1,player-1
218,13,19,0.06320793181657791,player-4,58,50,41,60,player-2,player-4
219,1,20,0.06062490865588188,none,0,5,1,1,player-2,none
219,2,20,0.05620904266834259,player-2,3,13,1,1,player-3,player-2
219,3,18,0.053541967645287514,player-1,8,13,4,4,player-4,player-1
219,4,17,0.053541967645287514,player-1,14,13,7,7,player-1,player-1
219,5,17,0.06458302959799767,player-2,18,20,10,9,player-2,player-2
219,6,20,0.06500002928078175,player-2,22,25,12,10,player-3,player-2
219,7,17,0.06995792500674725,player-4,24,32,13,13,player-4,player-4
219,8,26,0.06883288733661175,player-2,27,35,15,15,player-1,player-2
219,9,17,0.056833960115909576,player-2,30,39,18,19,player-2,player-2
219,10,19,0.08433312177658081,player-1,37,39,20,24,player-3,player-1
219,11,17,0.057999975979328156,player-4,39,41,24,30,player-4,player-4
219,12,17,0.06950017996132374,player-1,43,47,29,30,player-1,player-1
219,13,20,0.06925011985003948,player-1,50,54,33,41,player-2,player-1
219,14,17,0.07583294063806534,player-3,54,58,38,45,player-3,player-3
220,1,17,0.06674998439848423,player-3,5,3,11,3,player-3,player-3
220,2,18,0.061333877965807915,player-1,8,8,11,6,player-4,player-1
220,3,17,0.05016708746552467,player-1,11,9,12,6,player-1,player-1
220,4,20,0.08549983613193035,player-1,13,14,16,6,player-2,player-1
220,5,18,0.06558303721249104,player-4,21,17,21,14,player-3,player-4
220,6,19,0.07270881906151772,player-2,26,21,22,17,player-4,player-2
220,7,21,0.07354095578193665,player-1,30,23,26,22,player-1,player-1
220,8,17,0.06387499161064625,player-2,31,28,26,29,player-2,player-2
220,9,17,0.058374833315610886,player-3,31,29,33,29,player-3,player-3
220,10,18,0.06587500683963299,player-1,39,30,37,31,player-4,player-1
220,11,30,0.08875015191733837,none,40,30,43,33,player-1,none
220,12,23,0.06704195402562618,player-4,43,32,46,38,player-2,player-4
220,13,19,0.06074993871152401,player-1,54,34,48,43,player-3,player-1
221,1,21,0.06462493911385536,player-1,14,2,7,5,player-1,player-1
221,2,18,0.049708178266882896,player-3,18,6,7,5,player-2,player-3
221,3,20,0.07691606879234314,player-2,21,7,8,9,player-3,player-2
221,4,21,0.05374988541007042,none,23,8,10,10,player-4,none
221,5,17,0.05487492308020592,player-1,29,11,11,15,player-1,player-1
221,6,22,0.08541718125343323,player-3,30,17,13,21,player-2,player-3
221,7,21,0.06870785728096962,player-3,35,19,16,23,player-3,player-3
221,8,17,0.05729100666940212,player-4,36,22,16,33,player-4,player-4
221,9,17,0.05816691555082798,player-1,40,28,16,36,player-1,player-1
221,10,24,0.07183407433331013,player-1,43,32,17,37,player-2,player-1
221,11,17,0.05820905789732933,player-3,43,34,22,40,player-3,player-3
221,12,17,0.0641250517219305,player-4,44,34,24,43,player-4,player-4
221,13,18,0.05279085598886013,player-2,46,40,26,44,player-1,player-2
221,14,17,0.07370812818408012,player-2,49,43,27,46,player-2,player-2
221,15,21,0.05529099144041538,player-3,50,43,34,47,player-3,player-3
221,16,17,0.06874999962747097,player-4,51,48,34,55,player-4,player-4
222,1,17,0.060125021263957024,player-2,3,5,0,2,player-2,player-2
222,2,17,0.06270920857787132,player-3,8,10,3,2,player-3,player-3
222,3,19,0.05829194560647011,player-2,8,14,5,9,player-4,player-2
222,4,24,0.06904103793203831,player-4,9,16,5,11,player-1,player-4
222,5,20,0.060125021263957024,player-1,13,16,6,12,player-2,player-1
222,6,17,0.07624994032084942,player-3,26,23,16,15,player-3,player-3
222,7,17,0.05879090167582035,player-4,28,25,18,17,player-4,player-4
222,8,21,0.0641250517219305,player-1,31,28,18,19,player-1,player-1
222,9,17,0.07175002247095108,player-2,34,31,20,23,player-2,player-2
222,10,19,0.06849993951618671,player-1,37,31,22,24,player-3,player-1
222,11,17,0.05629099905490875,player-4,40,36,25,29,player-4,player-4
222,12,19,0.05312496796250343,player-3,48,36,28,29,player-1,player-3
222,13,20,0.08099991828203201,player-1,58,41,35,30,player-2,player-1
222,14,25,0.07987488061189651,player-3,62,46,39,34,player-3,player-3
223,1,18,0.06916699931025505,player-4,6,2,5,7,player-3,player-4
223,2,17,0.0588749535381794,player-4,15,11,10,13,player-4,player-4
223,3,18,0.05208398215472698,player-2,15,14,12,13,player-1,player-2
223,4,19,0.06483308970928192,player-4,16,17,12,14,player-2,player-4
223,5,17,0.06287498399615288,player-3,16,17,18,16,player-3,player-3
223,6,17,0.07379194721579552,player-4,19,17,20,19,player-4,player-4
223,7,19,0.06791716441512108,player-3,19,17,28,26,player-1,player-3
223,8,18,0.05937507376074791,player-3,24,19,32,30,player-2,player-3
223,9,27,0.09204098023474216,player-1,30,23,35,32,player-3,player-1
223,10,17,0.05729193799197674,player-4,30,27,38,33,player-4,player-4
223,11,17,0.050582922995090485,player-1,32,27,38,36,player-1,player-1
223,12,18,0.08187512867152691,player-3,32,31,46,43,player-2,player-3
223,13,17,0.05475012585520744,player-3,41,31,51,49,player-3,player-3
223,14,17,0.06179208867251873,player-4,42,34,54,52,player-4,player-4
223,15,17,0.058167148381471634,player-1,43,34,57,55,player-1,player-1
224,1,17,0.07083290256559849,player-2,6,7,1,5,player-2,player-2
224,2,17,0.055374810472130775,player-3,10,10,11,5,player-3,player-3
224,3,17,0.05175010301172733,player-4,10,12,11,7,player-4,player-4
224,4,17,0.06408290937542915,player-1,13,14,17,10,player-1,player-1
224,5,17,0.0938749872148037,player-2,20,18,21,13,player-2,player-2
224,6,17,0.06766687147319317,player-3,26,23,25,13,player-3,player-3
224,7,22,0.08175009861588478,player-1,32,26,28,19,player-4,player-1
224,8,17,0.061125028878450394,player-1,37,27,29,19,player-1,player-1
224,9,17,0.06433390080928802,player-2,37,39,29,29,player-2,player-2
224,10,18,0.05895807407796383,player-4,44,42,29,35,player-3,player-4
224,11,17,0.06895791739225388,player-4,44,46,35,47,player-4,player-4
224,12,20,0.06770901381969452,player-4,49,50,37,47,player-1,player-4
224,13,20,0.08341716602444649,player-1,52,51,45,56,player-2,player-1
225,1,20,0.07787486538290977,player-2,3,12,2,0,player-3,player-2
225,2,20,0.07345899939537048,player-3,4,14,9,3,player-4,player-3
225,3,17,0.06583286449313164,player-1,9,17,15,6,player-1,player-1
225,4,18,0.07170881144702435,player-3,12,21,17,8,player-2,player-3
225,5,18,0.08091586641967297,player-4,13,22,21,14,player-3,player-4
225,6,18,0.07983390241861343,player-1,20,26,22,20,player-4,player-1
225,7,32,0.08616712875664234,player-4,30,26,29,31,player-1,player-4
225,8,18,0.06870809011161327,player-3,33,30,33,31,player-2,player-3
225,9,17,0.07858406752347946,player-3,36,32,35,34,player-3,player-3
225,10,18,0.07520802319049835,player-1,43,32,37,37,player-4,player-1
225,11,27,0.07254211232066154,none,44,34,41,39,player-1,none
225,12,20,0.06900005973875523,player-1,47,34,42,43,player-2,player-1
225,13,17,0.07304106839001179,player-3,51,36,46,45,player-3,player-3
225,14,21,0.09066611528396606,player-4,55,42,51,47,player-4,player-4
226,1,19,0.06779213435947895,player-2,3,8,2,2,player-4,player-2
226,2,19,0.07066689431667328,player-3,7,11,2,4,player-1,player-3
226,3,17,0.06537511944770813,player-2,13,13,2,7,player-2,player-2
226,4,19,0.06204098463058472,player-1,17,13,4,7,player-3,player-1
226,5,20,0.05208305083215237,none,21,13,7,10,player-4,none
226,6,20,0.07179100066423416,player-4,24,13,10,14,player-1,player-4
226,7,17,0.07850001566112041,player-2,24,22,13,18,player-2,player-2
226,8,18,0.06233295425772667,player-4,25,25,16,26,player-3,player-4
226,9,17,0.05466584116220474,player-4,29,25,18,31,player-4,player-4
226,10,18,0.07125013507902622,player-2,33,25,23,35,player-1,player-2
226,11,29,0.09220791980624199,none,39,29,30,35,player-2,none
226,12,19,0.07808394730091095,player-1,43,31,32,37,player-3,player-1
226,13,23,0.06366684101521969,player-2,45,36,33,45,player-4,player-2
226,14,19,0.05591590888798237,player-3,47,39,34,46,player-1,player-3
226,15,21,0.08375011384487152,player-2,53,41,39,51,player-2,player-2
226,16,17,0.06316602230072021,player-3,54,45,44,51,player-3,player-3
226,17,17,0.071709044277668,player-4,54,51,51,60,player-4,player-4
227,1,18,0.06270804442465305,player-2,4,3,0,1,player-1,player-2
227,2,17,0.06520911119878292,player-2,7,6,3,8,player-2,player-2
227,3,17,0.06837490946054459,player-3,8,12,11,8,player-3,player-3
227,4,17,0.06037508137524128,player-4,10,15,15,16,player-4,player-4
227,5,18,0.07091602310538292,player-2,14,17,19,21,player-1,player-2
227,6,24,0.10012486018240452,player-1,20,20,26,21,player-2,player-1
227,7,17,0.05470891483128071,player-3,22,22,29,24,player-3,player-3
227,8,21,0.05266699008643627,none,27,25,31,26,player-4,none
227,9,20,0.06495811976492405,player-4,29,25,33,38,player-1,player-4
227,10,19,0.0688750296831131,player-4,30,30,33,46,player-2,player-4
227,11,17,0.05941721610724926,player-3,32,30,38,50,player-3,player-3
227,12,17,0.06350013427436352,player-4,37,33,43,60,player-4,player-4
227,13,19,0.06233411841094494,player-3,40,35,48,66,player-1,player-3
228,1,23,0.07195817306637764,player-1,4,2,5,0,player-3,player-1
228,2,17,0.0624579843133688,player-4,9,7,8,4,player-4,player-4
228,3,18,0.07995800115168095,player-2,13,9,19,9,player-1,player-2
228,4,20,0.06833299994468689,player-1,16,12,19,13,player-2,player-1
228,5,18,0.06570899859070778,player-4,19,16,22,14,player-3,player-4
228,6,18,0.06479094736278057,player-1,27,20,26,15,player-4,player-1
228,7,17,0.0779579859226942,player-1,35,22,30,15,player-1,player-1
228,8,17,0.08595804683864117,player-2,40,32,32,17,player-2,player-2
228,9,23,0.09695813059806824,none,43,34,33,17,player-3,none
228,10,17,0.06041605956852436,player-4,45,36,33,24,player-4,player-4
228,11,17,0.06362493149936199,player-1,49,40,35,26,player-1,player-1
228,12,17,0.07449998520314693,player-2,50,46,40,31,player-2,player-2
228,13,21,0.06700004450976849,player-3,52,51,43,31,player-3,player-3
228,14,28,0.09795906953513622,none,52,53,44,33,player-4,none
228,15,21,0.07045897655189037,player-1,59,53,47,37,player-1,player-1
229,1,17,0.06345799192786217,player-1,6,0,1,1,player-1,player-1
229,2,17,0.06274995394051075,player-2,7,6,1,3,player-2,player-2
229,3,19,0.06874999962747097,player-1,13,6,3,6,player-3,player-1
229,4,17,0.05687493830919266,player-4,13,11,5,12,player-4,player-4
229,5,19,0.07366714999079704,player-3,15,13,16,20,player-1,player-3
229,6,18,0.06729201413691044,player-3,22,17,22,24,player-2,player-3
229,7,20,0.06224983371794224,player-2,23,25,23,24,player-3,player-2
229,8,18,0.07208297029137611,player-1,25,33,27,26,player-4,player-1
229,9,20,0.09733391925692558,player-4,27,38,31,32,player-1,player-4
229,10,17,0.06120791658759117,player-2,29,44,35,35,player-2,player-2
229,11,17,0.05691708065569401,player-3,30,46,39,35,player-3,player-3
229,12,17,0.0730419997125864,player-4,40,52,47,42,player-4,player-4
229,13,17,0.07545785047113895,player-1,43,54,49,43,player-1,player-1
229,14,17,0.0686252024024725,player-2,47,57,49,46,player-2,player-2
230,1,19,0.06729201413691044,player-3,10,4,14,2,player-1,player-3
230,2,19,0.06291712634265423,player-4,13,8,17,4,player-2,player-4
230,3,20,0.058582983911037445,player-2,15,16,20,6,player-3,player-2
230,4,18,0.11316710151731968,player-1,16,17,25,8,player-4,player-1
230,5,27,0.08687516674399376,player-3,18,18,27,11,player-1,player-3
230,6,17,0.06454205140471458,player-2,22,25,27,12,player-2,player-2
230,7,22,0.08691707625985146,player-4,32,34,31,18,player-3,player-4
230,8,19,0.08858297951519489,player-2,34,45,37,26,player-4,player-2
230,9,19,0.0641669612377882,player-3,38,47,42,26,player-1,player-3
230,10,18,0.05324999801814556,player-3,43,52,47,29,player-2,player-3
230,11,19,0.059750163927674294,player-1,52,53,51,34,player-3,player-1
231,1,29,0.07949979044497013,none,2,7,3,4,player-4,none
231,2,17,0.06329081952571869,player-1,11,8,8,6,player-1,player-1
231,3,17,0.0613329466432333,player-2,11,16,9,6,player-2,player-2
231,4,18,0.06349990144371986,player-4,12,21,16,13,player-3,player-4
231,5,18,0.06433296948671341,player-1,15,22,20,18,player-4,player-1
231,6,20,0.06216694600880146,player-4,17,23,23,21,player-1,player-4
231,7,30,0.09166705422103405,player-3,20,32,29,21,player-2,player-3
231,8,20,0.069458968937397,player-2,22,42,30,25,player-3,player-2
231,9,17,0.05470798350870609,player-4,24,43,33,31,player-4,player-4
231,10,18,0.07441709749400616,player-2,26,48,34,35,player-1,player-2
231,11,21,0.07529091089963913,player-2,30,52,34,37,player-2,player-2
231,12,27,0.09212503209710121,player-1,33,56,35,39,player-3,player-1
231,13,18,0.058999983593821526,player-1,38,58,38,44,player-4,player-1
232,1,17,0.05383300594985485,player-2,5,8,2,1,player-2,player-2
232,2,19,0.0727078877389431,player-1,14,11,5,5,player-3,player-1
232,3,18,0.06616697646677494,player-1,18,14,14,7,player-4,player-1
232,4,17,0.08249981328845024,player-1,20,16,14,14,player-1,player-1
232,5,18,0.06291596218943596,player-3,20,19,20,14,player-2,player-3
232,6,20,0.06425008177757263,player-2,22,26,23,14,player-3,player-2
232,7,17,0.06870785728096962,player-4,23,32,28,15,player-4,player-4
232,8,17,0.06920797750353813,player-1,32,36,28,20,player-1,player-1
232,9,17,0.07324991747736931,player-2,39,40,34,26,player-2,player-2
232,10,17,0.08508283644914627,player-3,42,41,36,26,player-3,player-3
232,11,19,0.06308290176093578,none,42,41,38,28,player-4,none
232,12,18,0.21662493236362934,player-2,49,49,43,35,player-1,player-2
232,13,17,0.06254087202250957,player-2,52,54,43,36,player-2,player-2
232,14,18,0.059542013332247734,player-4,54,56,46,38,player-3,player-4
233,1,18,0.07433304563164711,player-3,2,3,2,1,player-2,player-3
233,2,20,0.0666668638586998,player-2,6,5,6,4,player-3,player-2
233,3,25,0.08612521924078465,player-4,9,7,6,17,player-4,player-4
233,4,17,0.06554089486598969,player-1,17,9,11,20,player-1,player-1
233,5,18,0.06466684862971306,player-3,19,15,18,26,player-2,player-3
233,6,17,0.0689169391989708,player-3,23,17,27,28,player-3,player-3
233,7,18,0.07075001485645771,player-1,33,20,30,30,player-4,player-1
233,8,17,0.07133278995752335,player-1,39,22,30,31,player-1,player-1
233,9,20,0.07683294825255871,player-1,40,31,32,40,player-2,player-1
233,10,18,0.06279186345636845,player-4,44,32,33,42,player-3,player-4
233,11,19,0.0904998742043972,player-2,47,43,35,45,player-4,player-2
233,12,17,0.05224999040365219,player-1,54,48,39,47,player-1,player-1
233,13,21,0.07087504491209984,player-2,56,60,40,48,player-2,player-2
234,1,18,0.07720896974205971,player-1,5,5,2,7,player-4,player-1
234,2,17,0.07141684181988239,player-1,16,6,2,10,player-1,player-1
234,3,25,0.08525000885128975,player-2,21,12,2,12,player-2,player-2
234,4,17,0.06120791658759117,player-3,23,12,9,12,player-3,player-3
234,5,18,0.06387499161064625,player-1,34,12,13,17,player-4,player-1
234,6,17,0.062499893829226494,player-1,40,13,13,18,player-1,player-1
234,7,17,0.06537511944770813,player-2,46,20,17,21,player-2,player-2
234,8,17,0.054833944886922836,player-3,46,25,22,21,player-3,player-3
234,9,17,0.0689169391989708,player-4,46,28,24,35,player-4,player-4
234,10,19,0.09287497960031033,player-3,52,32,31,40,player-1,player-3
234,11,20,0.06566708907485008,player-1,57,33,32,44,player-2,player-1
234,12,18,0.0624579843133688,player-4,63,36,33,47,player-3,player-4
234,13,21,0.07579196244478226,player-4,65,40,39,51,player-4,player-4
235,1,17,0.07724994793534279,player-3,4,2,3,2,player-3,player-3
235,2,17,0.07870793342590332,player-4,7,6,8,7,player-4,player-4
235,3,17,0.058833975344896317,player-1,11,11,13,14,player-1,player-1
235,4,18,0.05845795385539532,player-3,13,15,15,16,player-2,player-3
235,5,25,0.06987503729760647,none,13,15,15,19,player-3,none
235,6,17,0.07516704499721527,player-4,20,15,20,22,player-4,player-4
235,7,21,0.07366714999079704,player-1,24,19,25,23,player-1,player-1
235,8,19,0.08562486618757248,player-4,27,19,28,25,player-2,player-4
235,9,17,0.05512498319149017,player-3,29,23,31,25,player-3,player-3
235,10,18,0.0588330440223217,player-1,37,23,33,26,player-4,player-1
235,11,18,0.06220908835530281,player-2,38,31,33,26,player-1,player-2
235,12,17,0.06733415648341179,player-2,40,33,33,33,player-2,player-2
235,13,18,0.06595812737941742,player-4,40,35,35,33,player-3,player-4
235,14,20,0.07066689431667328,none,40,36,42,39,player-4,none
235,15,18,0.07991702295839787,player-2,45,39,42,42,player-1,player-2
235,16,17,0.06624986417591572,player-2,47,42,44,46,player-2,player-2
235,17,19,0.06737513467669487,player-1,54,44,50,49,player-3,player-1
236,1,21,0.07558404467999935,player-2,1,4,3,6,player-2,player-2
236,2,19,0.0705840066075325,player-1,7,6,7,8,player-3,player-1
236,3,18,0.06054108962416649,player-1,18,14,8,11,player-4,player-1
236,4,19,0.058584148064255714,player-3,21,17,13,11,player-1,player-3
236,5,17,0.06283307448029518,player-2,23,19,13,16,player-2,player-2
236,6,22,0.06687501445412636,player-4,27,20,17,20,player-3,player-4
236,7,17,0.060499878600239754,player-4,33,22,20,26,player-4,player-4
236,8,17,0.056582968682050705,player-1,44,22,24,31,player-1,player-1
236,9,17,0.052625080570578575,player-2,44,23,25,34,player-2,player-2
236,10,19,0.05962490104138851,none,47,26,26,34,player-3,none
236,11,18,0.06637489423155785,player-1,54,29,34,36,player-4,player-1
236,12,20,0.05970802158117294,player-4,58,29,37,45,player-1,player-4
236,13,17,0.06745802238583565,player-2,63,34,44,45,player-2,player-2
237,1,17,0.06600003689527512,player-2,0,4,0,0,player-2,player-2
237,2,18,0.07570791058242321,player-4,1,7,3,8,player-3,player-4
237,3,19,0.07033301517367363,player-2,1,12,9,10,player-4,player-2
237,4,18,0.06425008177757263,player-2,2,18,12,16,player-1,player-2
237,5,23,0.07370905950665474,player-4,5,22,17,29,player-2,player-4
237,6,17,0.1937500201165676,player-3,8,24,18,33,player-3,player-3
237,7,17,0.09575020521879196,player-4,8,26,23,36,player-4,player-4
237,8,18,0.06562494672834873,player-2,12,31,24,38,player-1,player-2
237,9,23,0.10095792822539806,player-4,13,38,25,42,player-2,player-4
237,10,25,0.0788751058280468,none,14,43,27,45,player-3,none
237,11,17,0.058999983593821526,player-4,17,43,29,53,player-4,player-4
237,12,20,0.07924996316432953,player-4,17,45,29,57,player-1,player-4
238,1,19,0.071333022788167,player-3,1,1,11,1,player-1,player-3
238,2,18,0.05812477320432663,player-3,1,3,15,7,player-2,player-3
238,3,17,0.05987496115267277,player-3,4,7,18,9,player-3,player-3
238,4,17,0.06062490865588188,player-4,6,7,20,12,player-4,player-4
238,5,17,0.05475012585520744,player-1,9,8,24,13,player-1,player-1
238,6,17,0.06083305925130844,player-2,11,12,24,16,player-2,player-2
238,7,17,0.06883288733661175,player-3,14,15,28,18,player-3,player-3
238,8,19,0.08608284406363964,player-2,17,27,30,25,player-4,player-2
238,9,17,0.0711251050233841,player-1,22,28,34,27,player-1,player-1
238,10,17,0.0844169408082962,player-2,24,34,36,34,player-2,player-2
238,11,17,0.06474996916949749,player-3,24,37,46,37,player-3,player-3
238,12,19,0.06916699931025505,player-2,26,46,57,44,player-4,player-2
238,13,17,0.0705840066075325,player-1,37,48,61,46,player-1,player-1
238,14,17,0.09229104034602642,player-2,42,54,66,49,player-2,player-2
239,1,17,0.06566592492163181,player-3,0,3,4,0,player-3,player-3
239,2,18,0.05691614933311939,player-1,9,6,7,1,player-4,player-1
239,3,17,0.07537519559264183,player-1,14,12,15,1,player-1,player-1
239,4,17,0.0594588927924633,player-2,16,16,17,2,player-2,player-2
239,5,17,0.05233311094343662,player-3,16,20,25,4,player-3,player-3
239,6,21,0.06145797669887543,player-4,21,21,26,5,player-4,player-4
239,7,19,0.06691715680062771,player-3,23,22,28,8,player-1,player-3
239,8,18,0.07154210470616817,player-3,27,24,32,14,player-2,player-3
239,9,17,0.060042133554816246,player-3,31,24,37,19,player-3,player-3
239,10,19,0.06533414125442505,player-2,31,26,39,26,player-4,player-2
239,11,17,0.07070880383253098,player-1,40,26,40,30,player-1,player-1
239,12,20,0.07195794023573399,player-1,46,30,43,37,player-2,player-1
239,13,17,0.06833299994468689,player-3,46,34,52,41,player-3,player-3
239,14,21,0.07587508298456669,player-4,50,41,56,49,player-4,player-4
240,1,21,0.07645809091627598,player-4,0,2,2,9,player-4,player-4
240,2,18,0.07149996235966682,player-2,1,12,5,12,player-1,player-2
240,3,18,0.08666608482599258,player-3,3,15,16,16,player-2,player-3
240,4,17,0.04854216240346432,player-3,3,16,21,17,player-3,player-3
240,5,17,0.07683318108320236,player-4,9,19,31,18,player-4,player-4
240,6,20,0.07149996235966682,player-4,10,24,32,22,player-1,player-4
240,7,17,0.06624986417591572,player-2,10,31,33,24,player-2,player-2
240,8,18,0.06062490865588188,player-4,10,33,35,25,player-3,player-4
240,9,17,0.06395811215043068,player-4,10,36,37,34,player-4,player-4
240,10,17,0.06600003689527512,player-1,18,40,37,37,player-1,player-1
240,11,18,0.06837514229118824,player-3,30,43,46,39,player-2,player-3
240,12,27,0.08504209108650684,player-1,34,44,46,44,player-3,player-1
240,13,18,0.06874999962747097,player-1,40,47,50,48,player-4,player-1
240,14,19,0.06087496876716614,player-3,42,50,59,53,player-1,player-3
241,1,22,0.07750000804662704,player-3,7,6,4,5,player-2,player-3
241,2,17,0.05695805884897709,player-3,11,9,7,6,player-3,player-3
241,3,17,0.05537504330277443,player-4,13,12,10,8,player-4,player-4
241,4,17,0.06074993871152401,player-1,15,13,11,14,player-1,player-1
241,5,17,0.05645793862640858,player-2,15,20,15,17,player-2,player-2
241,6,22,0.07062498480081558,player-4,15,23,18,20,player-3,player-4
241,7,17,0.07333303801715374,player-4,17,27,22,25,player-4,player-4
241,8,17,0.06916606798768044,player-1,20,32,22,25,player-1,player-1
241,9,17,0.07479102350771427,player-2,22,36,27,27,player-2,player-2
241,10,19,0.05775014869868755,player-1,29,36,31,30,player-3,player-1
241,11,17,0.05470821633934975,player-4,32,43,31,35,player-4,player-4
241,12,18,0.06091711111366749,player-2,36,44,32,36,player-1,player-2
241,13,17,0.05650008097290993,player-2,39,49,37,38,player-2,player-2
241,14,17,0.06041722372174263,player-3,40,50,42,39,player-3,player-3
241,15,18,0.06904196925461292,player-1,41,55,45,44,player-4,player-1
241,16,17,0.07745809853076935,player-1,47,63,49,51,player-1,player-1
242,1,18,0.06420793943107128,player-3,0,7,13,2,player-2,player-3
242,2,19,0.06733299233019352,player-1,12,9,16,3,player-3,player-1
242,3,17,0.0660829246044159,player-4,12,12,16,10,player-4,player-4
242,4,17,0.05237502045929432,player-1,15,15,18,16,player-1,player-1
242,5,17,0.05083298310637474,player-2,20,17,18,18,player-2,player-2
242,6,23,0.06820890121161938,player-1,20,18,20,21,player-3,player-1
242,7,20,0.050208065658807755,none,22,18,21,23,player-4,none
242,8,17,0.0919171143323183,player-1,32,21,26,31,player-1,player-1
242,9,22,0.07616612128913403,player-3,34,27,34,33,player-2,player-3
242,10,20,0.07200008258223534,player-2,40,27,37,38,player-3,player-2
242,11,24,0.07699988782405853,player-3,46,35,40,38,player-4,player-3
242,12,18,0.0552500132471323,player-2,46,38,42,43,player-1,player-2
242,13,19,0.08091703057289124,player-4,50,40,48,44,player-2,player-4
242,14,17,0.06724987179040909,player-3,53,44,54,44,player-3,player-3
243,1,19,0.08849985897541046,player-2,8,9,4,0,player-4,player-2
243,2,17,0.06254203617572784,player-1,12,12,4,0,player-1,player-1
243,3,18,0.07083313539624214,player-3,24,13,5,6,player-2,player-3
243,4,19,0.05866703577339649,player-1,28,16,7,6,player-3,player-1
243,5,17,0.05908310413360596,player-4,31,16,13,10,player-4,player-4
243,6,17,0.09495788253843784,player-1,36,18,15,16,player-1,player-1
243,7,19,0.07866602391004562,player-4,46,22,15,23,player-2,player-4
243,8,20,0.05929102189838886,player-2,48,27,16,27,player-3,player-2
243,9,17,0.06812508217990398,player-4,49,33,18,35,player-4,player-4
243,10,18,0.07875007577240467,player-2,50,39,20,43,player-1,player-2
243,11,18,0.05658390000462532,player-3,54,41,23,44,player-2,player-3
243,12,20,0.06541586481034756,player-2,59,47,25,45,player-3,player-2
243,13,17,0.07858406752347946,player-4,59,54,27,56,player-4,player-4
244,1,20,0.06433296948671341,player-4,1,3,5,3,player-1,player-4
244,2,22,0.058416975662112236,player-3,2,5,8,5,player-2,player-3
244,3,18,0.07254094816744328,player-4,6,5,12,8,player-3,player-4
244,4,18,0.06333296187222004,player-1,7,5,15,10,player-4,player-1
244,5,17,0.06291712634265423,player-1,10,7,17,16,player-1,player-1
244,6,25,0.0815410166978836,player-2,11,17,19,19,player-2,player-2
244,7,21,0.0780841801315546,player-3,16,20,25,19,player-3,player-3
244,8,18,0.06025005131959915,player-1,17,20,27,24,player-4,player-1
244,9,17,0.05820789374411106,player-1,20,21,31,24,player-1,player-1
244,10,18,0.06029196083545685,player-3,25,21,36,29,player-2,player-3
244,11,19,0.06508291698992252,player-1,28,29,38,36,player-3,player-1
244,12,17,0.05516689270734787,player-4,30,29,42,38,player-4,player-4
244,13,17,0.056916847825050354,player-1,33,29,46,44,player-1,player-1
244,14,17,0.05591707304120064,player-2,41,37,47,45,player-2,player-2
244,15,17,0.10258285328745842,player-3,43,38,63,45,player-3,player-3
245,1,18,0.06579188629984856,player-4,1,0,2,4,player-3,player-4
245,2,17,0.0652919989079237,player-4,1,0,4,11,player-4,player-4
245,3,19,0.0702498946338892,player-3,4,1,6,13,player-1,player-3
245,4,18,0.07645809091627598,player-3,4,8,19,18,player-2,player-3
245,5,32,0.1116669736802578,player-2,10,12,22,23,player-3,player-2
245,6,17,0.0713749323040247,player-4,12,15,30,23,player-4,player-4
245,7,19,0.06874999962747097,player-3,13,24,37,30,player-1,player-3
245,8,18,0.06641587242484093,player-3,22,30,41,33,player-2,player-3
245,9,18,0.07766718044877052,player-4,25,35,41,35,player-3,player-4
245,10,17,0.0700000673532486,player-4,26,35,42,39,player-4,player-4
245,11,17,0.07487507537007332,player-1,29,37,47,41,player-1,player-1
245,12,17,0.06820796988904476,player-2,34,38,48,50,player-2,player-2
245,13,17,0.06454112008213997,player-3,34,40,49,52,player-3,player-3
245,14,24,0.08712499402463436,player-3,41,49,50,52,player-4,player-3
246,1,25,0.07104198448359966,player-1,2,1,2,4,player-1,player-1
246,2,19,0.05024997517466545,none,5,3,2,9,player-2,none
246,3,21,0.08891685865819454,player-3,10,10,9,10,player-3,player-3
246,4,17,0.05466700531542301,player-4,15,11,13,11,player-4,player-4
246,5,18,0.05841581150889397,player-2,21,14,15,19,player-1,player-2
246,6,18,0.0649159774184227,player-3,22,18,16,24,player-2,player-3
246,7,20,0.05675014108419418,player-2,25,23,18,25,player-3,player-2
246,8,22,0.07879198528826237,player-1,30,24,20,27,player-4,player-1
246,9,20,0.09845802560448647,player-4,32,27,24,36,player-1,player-4
246,10,22,0.07162499241530895,player-3,32,28,27,38,player-2,player-3
246,11,18,0.06520911119878292,player-4,36,28,33,45,player-3,player-4
246,12,17,0.06929179653525352,player-4,39,32,38,52,player-4,player-4
246,13,20,0.06583309732377529,none,39,32,38,55,player-1,none
246,14,17,0.06820796988904476,player-2,40,33,40,58,player-2,player-2
246,15,21,0.056958990171551704,none,42,35,40,60,player-3,none
246,16,17,0.048291170969605446,player-4,42,37,41,65,player-4,player-4
247,1,22,0.07716682739555836,player-2,0,4,1,2,player-1,player-2
247,2,17,0.06916699931025505,player-2,4,14,3,3,player-2,player-2
247,3,17,0.06975000724196434,player-3,5,16,9,6,player-3,player-3
247,4,18,0.06116693839430809,player-1,9,16,12,8,player-4,player-1
247,5,18,0.06454205140471458,player-2,14,23,12,11,player-1,player-2
247,6,17,0.06666709668934345,player-2,21,33,18,16,player-2,player-2
247,7,20,0.06958399899303913,player-2,24,44,20,20,player-3,player-2
247,8,19,0.07995800115168095,player-2,28,52,23,22,player-4,player-2
247,9,17,0.05683302879333496,player-1,30,55,25,23,player-1,player-1
247,10,17,0.055625103414058685,player-2,31,61,25,27,player-2,player-2
247,11,17,0.05495920777320862,player-3,32,64,31,27,player-3,player-3
247,12,18,0.06679096259176731,player-1,40,64,33,30,player-4,player-1
247,13,24,0.13920804485678673,player-4,42,69,40,31,player-1,player-4
248,1,17,0.05966704338788986,player-2,2,5,2,3,player-2,player-2
248,2,17,0.053916824981570244,player-3,7,7,7,6,player-3,player-3
248,3,18,0.0677499920129776,player-1,10,9,10,6,player-4,player-1
248,4,19,0.06829202175140381,player-3,14,16,14,7,player-1,player-3
248,5,18,0.06487499922513962,player-3,16,17,18,9,player-2,player-3
248,6,18,0.05591614171862602,player-4,17,19,19,14,player-3,player-4
248,7,18,0.07295818068087101,player-1,18,22,24,15,player-4,player-1
248,8,24,0.08283392526209354,player-4,25,35,24,22,player-1,player-4
248,9,19,0.0741670373827219,player-4,28,40,24,27,player-2,player-4
248,10,17,0.05845795385539532,player-3,31,40,28,27,player-3,player-3
248,11,25,0.07133395411074162,none,33,41,31,27,player-4,none
248,12,19,0.05608284845948219,player-3,36,44,35,28,player-1,player-3
248,13,17,0.05974993109703064,player-2,40,50,42,28,player-2,player-2
248,14,19,0.06691599264740944,player-1,41,56,46,28,player-3,player-1
248,15,18,0.08087512105703354,player-1,42,66,51,36,player-4,player-1
249,1,19,0.06291596218943596,player-1,2,2,3,0,player-3,player-1
249,2,17,0.05508307367563248,player-4,3,2,3,3,player-4,player-4
249,3,19,0.060125021263957024,player-3,7,2,9,6,player-1,player-3
249,4,20,0.06425008177757263,player-1,12,6,12,8,player-2,player-1
249,5,17,0.058542005717754364,player-3,14,7,15,8,player-3,player-3
249,6,20,0.05720788612961769,player-3,14,8,16,13,player-4,player-3
249,7,21,0.08004205301404,player-1,18,8,19,20,player-1,player-1
249,8,26,0.09179185144603252,none,23,17,24,22,player-2,none
249,9,17,0.05633290857076645,player-3,27,20,27,22,player-3,player-3
249,10,19,0.0639590434730053,player-2,32,22,29,24,player-4,player-2
249,11,17,0.06975000724196434,player-1,42,26,29,32,player-1,player-1
249,12,17,0.0541249755769968,player-2,47,28,31,33,player-2,player-2
249,13,23,0.05954178050160408,none,50,29,32,34,player-3,none
249,14,18,0.0660829246044159,player-1,57,32,37,39,player-4,player-1
249,15,17,0.06183399818837643,player-1,61,37,39,40,player-1,player-1
250,1,18,0.06487499922513962,player-1,4,2,5,0,player-4,player-1
250,2,17,0.050333794206380844,player-1,8,2,11,1,player-1,player-1
250,3,17,0.059125013649463654,player-2,13,5,13,5,player-2,player-2
250,4,19,0.05224999040365219,player-1,18,6,14,5,player-3,player-1
250,5,19,0.07104105316102505,player-2,25,7,21,7,player-4,player-2
250,6,17,0.05016685463488102,player-1,33,7,21,10,player-1,player-1
250,7,17,0.07495912723243237,player-2,33,12,31,19,player-2,player-2
250,8,21,0.06216694600880146,player-3,33,12,38,24,player-3,player-3
250,9,19,0.05987496115267277,player-2,37,13,38,25,player-4,player-2
250,10,18,0.07262500002980232,player-2,40,20,42,27,player-1,player-2
250,11,17,0.05287490785121918,player-2,48,22,46,31,player-2,player-2
250,12,18,0.07183291018009186,player-4,54,26,50,31,player-3,player-4
251,1,23,0.1004580408334732,player-3,4,6,4,7,player-1,player-3
251,2,18,0.07466715760529041,player-3,7,10,5,9,player-2,player-3
251,3,22,0.07804087363183498,player-4,9,14,10,12,player-3,player-4
251,4,18,0.0649578869342804,player-1,19,16,16,14,player-4,player-1
251,5,18,0.06087520159780979,player-2,23,21,17,21,player-1,player-2
251,6,19,0.05879206582903862,player-4,28,25,17,26,player-2,player-4
251,7,18,0.07158401422202587,player-4,33,25,22,34,player-3,player-4
251,8,24,0.07429113611578941,player-3,35,26,28,39,player-4,player-3
251,9,19,0.06483402103185654,player-3,37,27,32,40,player-1,player-3
251,10,18,0.06629107519984245,player-3,39,30,35,45,player-2,player-3
251,11,17,0.05470914766192436,player-3,43,33,42,47,player-3,player-3
251,12,17,0.05124998278915882,player-4,45,34,44,53,player-4,player-4
251,13,17,0.056582968682050705,player-1,49,36,46,53,player-1,player-1
251,14,18,0.06512482650578022,player-3,56,40,50,53,player-2,player-3
252,1,18,0.06470782682299614,player-2,2,1,2,4,player-1,player-2
252,2,18,0.06441702134907246,player-3,2,2,12,5,player-2,player-3
252,3,19,0.05604187026619911,player-1,9,4,14,8,player-3,player-1
252,4,17,0.06066681817173958,player-4,16,10,14,9,player-4,player-4
252,5,17,0.05612499080598354,player-1,27,15,14,11,player-1,player-1
252,6,17,0.0588749535381794,player-2,31,18,14,11,player-2,player-2
252,7,17,0.07808394730091095,player-3,33,21,25,11,player-3,player-3
252,8,18,0.056541990488767624,player-1,37,23,25,15,player-4,player-1
252,9,23,0.07245899178087711,player-3,43,24,30,17,player-1,player-3
252,10,17,0.06429105997085571,player-2,51,36,32,20,player-2,player-2
252,11,20,0.057208118960261345,player-2,53,41,39,21,player-3,player-2
252,12,17,0.06679212674498558,player-4,53,44,44,22,player-4,player-4
252,13,17,0.060125021263957024,player-1,56,47,45,25,player-1,player-1
253,1,17,0.055833952501416206,player-3,4,2,10,4,player-3,player-3
253,2,21,0.0702498946338892,player-4,6,9,13,9,player-4,player-4
253,3,18,0.05650008097290993,player-2,9,16,13,13,player-1,player-2
253,4,20,0.09120907634496689,player-1,13,20,16,18,player-2,player-1
253,5,18,0.06625009700655937,player-4,19,28,19,22,player-3,player-4
253,6,17,0.062499893829226494,player-4,23,31,21,22,player-4,player-4
253,7,25,0.06891600787639618,player-1,28,32,22,22,player-1,player-1
253,8,20,0.0730000901967287,player-1,33,35,26,22,player-2,player-1
253,9,19,0.08079106919467449,player-1,45,35,35,26,player-3,player-1
253,10,17,0.05066581070423126,player-4,47,36,37,30,player-4,player-4
253,11,18,0.05895807407796383,player-2,51,41,39,36,player-1,player-2
253,12,20,0.06841705180704594,player-1,56,45,42,37,player-2,player-1
253,13,17,0.06654206663370132,player-3,58,45,53,38,player-3,player-3
254,1,19,0.056167133152484894,player-2,1,9,0,3,player-4,player-2
254,2,17,0.10262499563395977,player-1,3,9,1,6,player-1,player-1
254,3,18,0.08175009861588478,player-3,4,10,5,11,player-2,player-3
254,4,17,0.07929210551083088,player-3,6,10,11,15,player-3,player-3
254,5,17,0.067500164732337,player-4,9,14,14,17,player-4,player-4
254,6,17,0.06874999962747097,player-1,13,18,14,22,player-1,player-1
254,7,17,0.07291696965694427,player-2,16,22,16,26,player-2,player-2
254,8,23,0.0962910708039999,player-1,21,24,16,31,player-3,player-1
254,9,25,0.09258300997316837,player-4,24,28,21,39,player-4,player-4
254,10,19,0.08366699330508709,player-3,25,33,26,45,player-1,player-3
254,11,17,0.06366614252328873,player-2,29,39,29,49,player-2,player-2
254,12,18,0.0630419235676527,player-4,29,43,31,55,player-3,player-4
254,13,17,0.043999869376420975,none,30,43,32,57,player-4,none
255,1,17,0.060416990891098976,player-4,0,3,2,5,player-4,player-4
255,2,25,0.06804196164011955,player-1,5,6,4,5,player-1,player-1
255,3,17,0.06391690112650394,player-2,10,15,8,8,player-2,player-2
255,4,14,0.03479188308119774,none,10,15,10,13,player-3,none
255,5,18,0.05075009539723396,player-1,13,17,11,17,player-4,player-1
255,6,17,0.0488748773932457,player-1,20,21,16,23,player-1,player-1
255,7,17,0.06125005893409252,player-2,24,30,18,25,player-2,player-2
255,8,18,0.062499893829226494,player-4,24,31,22,31,player-3,player-4
255,9,20,0.059582991525530815,player-3,27,32,29,33,player-4,player-3
255,10,17,0.059582991525530815,player-1,34,33,31,38,player-1,player-1
255,11,25,0.0715828500688076,player-2,37,35,34,39,player-2,player-2
255,12,17,0.05933316424489021,player-3,37,38,39,42,player-3,player-3
255,13,17,0.055625103414058685,player-4,37,40,42,46,player-4,player-4
255,14,19,0.05087489262223244,none,37,40,42,47,player-1,none
255,15,24,0.07091695442795753,player-1,41,48,44,54,player-2,player-1
256,1,18,0.05054101347923279,player-2,4,4,0,4,player-1,player-2
256,2,20,0.06745895370841026,player-1,5,7,1,6,player-2,player-1
256,3,17,0.06620888598263264,player-3,8,13,9,8,player-3,player-3
256,4,19,0.05137501284480095,player-2,10,15,9,11,player-4,player-2
256,5,17,0.05516689270734787,player-1,12,17,9,15,player-1,player-1
256,6,22,0.06879214197397232,player-3,14,18,13,19,player-2,player-3
256,7,29,0.08358294144272804,player-3,16,25,18,24,player-3,player-3
256,8,18,0.05783280357718468,player-1,18,26,20,28,player-4,player-1
256,9,18,0.0677499920129776,player-2,21,35,21,36,player-1,player-2
256,10,21,0.07291603833436966,player-2,22,40,25,39,player-2,player-2
256,11,18,0.06937491707503796,player-4,25,44,27,45,player-3,player-4
256,12,24,0.09433319792151451,player-3,26,61,34,48,player-4,player-3
257,1,20,0.05974993109703064,player-4,2,1,5,1,player-1,player-4
257,2,25,0.06708293221890926,player-2,8,4,8,6,player-2,player-2
257,3,19,0.0610831193625927,player-1,12,6,12,6,player-3,player-1
257,4,18,0.06174994632601738,player-1,16,12,13,9,player-4,player-1
257,5,18,0.06108288653194904,player-2,21,15,13,9,player-1,player-2
257,6,20,0.05837506614625454,player-1,30,19,14,13,player-2,player-1
257,7,17,0.06362493149936199,player-3,32,19,23,14,player-3,player-3
257,8,17,0.06604194641113281,player-4,32,22,25,17,player-4,player-4
257,9,17,0.06929109804332256,player-1,33,24,34,17,player-1,player-1
257,10,17,0.0577080063521862,player-2,35,29,36,24,player-2,player-2
257,11,29,0.0805421732366085,player-3,35,32,39,28,player-3,player-3
257,12,24,0.09895814582705498,player-3,35,43,41,41,player-4,player-3
257,13,18,0.0666249543428421,player-2,40,50,44,47,player-1,player-2
257,14,17,0.061625149101018906,player-2,40,53,46,53,player-2,player-2
258,1,17,0.06050011143088341,player-2,2,4,0,3,player-2,player-2
258,2,17,0.07933308370411396,player-3,8,14,5,3,player-3,player-3
258,3,18,0.06437511183321476,player-1,16,20,5,5,player-4,player-1
258,4,18,0.0567091628909111,player-2,21,20,14,12,player-1,player-2
258,5,23,0.060791149735450745,none,26,21,14,15,player-2,none
258,6,19,0.07554213516414165,player-1,30,24,16,15,player-3,player-1
258,7,25,0.06449990905821323,player-4,36,27,17,23,player-4,player-4
258,8,17,0.07187505252659321,player-1,40,29,17,32,player-1,player-1
258,9,24,0.08754199370741844,player-1,44,31,23,34,player-2,player-1
258,10,18,0.07991702295839787,player-4,50,37,29,42,player-3,player-4
258,11,17,0.06208312697708607,player-4,53,40,29,44,player-4,player-4
258,12,18,0.0535410363227129,player-2,54,41,30,47,player-1,player-2
258,13,17,0.06045796908438206,player-2,58,52,36,57,player-2,player-2
259,1,17,0.073959119617939,player-3,7,1,4,2,player-3,player-3
259,2,17,0.05570799112319946,player-4,7,1,9,4,player-4,player-4
259,3,17,0.07475004531443119,player-1,13,6,14,7,player-1,player-1
259,4,17,0.05695805884897709,player-2,18,11,18,8,player-2,player-2
259,5,17,0.044833170250058174,player-3,20,11,21,10,player-3,player-3
259,6,20,0.06562494672834873,player-3,22,14,26,11,player-4,player-3
259,7,20,0.06995792500674725,player-4,24,15,28,18,player-1,player-4
259,8,17,0.06345892325043678,player-2,29,23,30,21,player-2,player-2
259,9,17,0.057167140766978264,player-3,33,23,39,21,player-3,player-3
259,10,17,0.06562494672834873,player-4,34,26,42,28,player-4,player-4
259,11,18,0.0747081357985735,player-2,40,34,46,31,player-1,player-2
259,12,22,0.07170788012444973,player-3,45,38,49,35,player-2,player-3
259,13,18,0.06912508979439735,player-4,51,45,58,50,player-3,player-4
260,1,19,0.06812508217990398,player-2,1,5,7,2,player-4,player-2
260,2,17,0.04891701973974705,player-1,4,7,10,2,player-1,player-1
260,3,17,0.057582976296544075,player-2,8,15,12,5,player-2,player-2
260,4,18,0.05333288572728634,player-4,8,17,13,16,player-3,player-4
260,5,18,0.07774983532726765,player-1,10,23,14,24,player-4,player-1
260,6,17,0.06254110485315323,player-1,14,28,21,30,player-1,player-1
260,7,17,0.06762496195733547,player-2,21,39,24,37,player-2,player-2
260,8,21,0.06379210390150547,player-3,25,41,34,38,player-3,player-3
260,9,17,0.05708402022719383,player-4,29,41,40,42,player-4,player-4
260,10,27,0.08633313700556755,player-3,35,45,65,51,player-1,player-3
261,1,17,0.06637489423155785,player-1,6,2,5,2,player-1,player-1
261,2,19,0.06050011143088341,player-4,7,4,5,6,player-2,player-4
261,3,17,0.060125021263957024,player-3,9,8,7,8,player-3,player-3
261,4,18,0.06441585719585419,player-1,15,16,7,10,player-4,player-1
261,5,18,0.07591699250042439,player-2,20,24,12,13,player-1,player-2
261,6,17,0.060582999140024185,player-2,26,30,16,18,player-2,player-2
261,7,18,0.06604194641113281,player-4,28,35,24,26,player-3,player-4
261,8,18,0.06133317947387695,player-1,33,35,26,28,player-4,player-1
261,9,18,0.05229096859693527,player-2,36,39,32,28,player-1,player-2
261,10,29,0.08154218085110188,player-2,39,42,32,35,player-2,player-2
261,11,18,0.0700000673532486,player-4,48,45,38,47,player-3,player-4
261,12,17,0.06366707384586334,player-4,51,48,42,60,player-4,player-4
262,1,18,0.06412481889128685,player-2,1,0,0,3,player-1,player-2
262,2,19,0.07637497037649155,player-4,5,2,6,8,player-2,player-4
262,3,18,0.0650421716272831,player-4,7,6,7,12,player-3,player-4
262,4,17,0.06495811976492405,player-4,8,8,11,17,player-4,player-4
262,5,18,0.05862489342689514,player-2,12,10,16,20,player-1,player-2
262,6,17,0.06495881825685501,player-2,20,14,19,30,player-2,player-2
262,7,17,0.0753339845687151,player-3,24,15,22,32,player-3,player-3
262,8,31,0.12370897457003593,player-2,28,25,24,55,player-4,player-2
262,9,19,0.06537488661706448,player-3,28,27,31,56,player-1,player-3
262,10,19,0.07337494753301144,player-4,35,33,33,64,player-2,player-4
262,11,29,0.08704210631549358,none,36,35,37,66,player-3,none
263,1,18,0.0677919015288353,player-4,6,2,6,3,player-3,player-4
263,2,20,0.06916699931025505,player-3,11,6,16,4,player-4,player-3
263,3,20,0.09245797991752625,player-4,17,9,16,15,player-1,player-4
263,4,18,0.05916692316532135,player-3,18,12,25,15,player-2,player-3
263,5,22,0.06599980406463146,player-4,19,12,28,22,player-3,player-4
263,6,24,0.07208320312201977,player-3,21,14,32,24,player-4,player-3
263,7,17,0.07595797069370747,player-1,28,14,33,24,player-1,player-1
263,8,17,0.052167102694511414,player-2,30,18,35,26,player-2,player-2
263,9,20,0.07100007496774197,player-2,38,23,37,27,player-3,player-2
263,10,17,0.059165991842746735,player-4,39,27,40,29,player-4,player-4
263,11,17,0.058582983911037445,player-1,51,27,41,31,player-1,player-1
263,12,19,0.06137508898973465,player-4,54,29,41,39,player-2,player-4
263,13,18,0.07354211993515491,player-4,55,31,46,41,player-3,player-4
264,1,19,0.05737505853176117,player-3,2,2,3,3,player-1,player-3
264,2,21,0.06254110485315323,player-2,7,6,4,5,player-2,player-2
264,3,19,0.06512505933642387,player-1,11,8,5,6,player-3,player-1
264,4,18,0.10379101149737835,player-1,13,14,7,11,player-4,player-1
264,5,18,0.0675420742481947,player-2,17,21,7,13,player-1,player-2
264,6,17,0.07212487980723381,player-2,27,26,16,16,player-2,player-2
264,7,19,0.07887487299740314,player-1,38,30,18,18,player-3,player-1
264,8,19,0.06966688670217991,player-2,38,35,23,22,player-4,player-2
264,9,24,0.0815829262137413,player-4,39,36,30,30,player-1,player-4
264,10,17,0.06637489423155785,player-2,41,39,35,30,player-2,player-2
264,11,24,0.0675420742481947,player-2,41,43,40,35,player-3,player-2
264,12,19,0.04816707223653793,none,41,43,40,37,player-4,none
264,13,17,0.063000014051795,player-1,50,45,45,38,player-1,player-1
264,14,17,0.06633298471570015,player-2,54,47,48,49,player-2,player-2
265,1,20,0.0766669400036335,player-1,10,4,0,5,player-2,player-1
265,2,17,0.05845795385539532,player-3,12,8,8,7,player-3,player-3
265,3,17,0.05574990063905716,player-4,13,10,9,14,player-4,player-4
265,4,17,0.05487492308020592,player-1,18,10,11,15,player-1,player-1
265,5,20,0.07616588845849037,player-1,25,14,12,18,player-2,player-1
265,6,20,0.07516704499721527,player-2,28,21,14,20,player-3,player-2
265,7,19,0.06108288653194904,player-2,30,23,19,22,player-4,player-2
265,8,18,0.06329198367893696,player-2,32,30,22,24,player-1,player-2
265,9,17,0.07491582073271275,player-2,36,35,24,24,player-2,player-2
265,10,20,0.08487491868436337,player-2,42,46,26,24,player-3,player-2
265,11,17,0.06174994632601738,player-4,45,48,31,28,player-4,player-4
265,12,18,0.057040946558117867,player-2,46,53,33,28,player-1,player-2
265,13,24,0.0925001222640276,player-1,58,56,41,31,player-2,player-1
265,14,17,0.057167140766978264,player-3,59,56,52,31,player-3,player-3
266,1,17,0.05474989302456379,player-1,12,0,1,1,player-1,player-1
266,2,17,0.06187520921230316,player-2,15,10,3,3,player-2,player-2
266,3,20,0.06287498399615288,player-2,21,17,7,7,player-3,player-2
266,4,17,0.05679205060005188,player-4,21,18,9,12,player-4,player-4
266,5,19,0.07070903666317463,player-3,24,24,15,13,player-1,player-3
266,6,19,0.06441702134907246,player-4,28,26,21,19,player-2,player-4
266,7,24,0.07170788012444973,player-2,33,29,26,21,player-3,player-2
266,8,18,0.059957848861813545,player-1,41,29,29,25,player-4,player-1
266,9,17,0.0613329466432333,player-1,43,34,32,26,player-1,player-1
266,10,17,0.05079084075987339,player-2,45,40,34,27,player-2,player-2
266,11,19,0.05770893767476082,player-1,52,40,36,27,player-3,player-1
266,12,18,0.06187497638165951,player-1,62,45,39,29,player-4,player-1
267,1,20,0.07824995554983616,player-2,8,11,10,12,player-3,player-2
267,2,23,0.06595812737941742,player-2,8,20,10,18,player-4,player-2
267,3,27,0.08983304724097252,none,12,21,11,20,player-1,none
267,4,18,0.06349990144371986,player-3,12,29,18,20,player-2,player-3
267,5,18,0.06537488661706448,player-4,16,31,22,26,player-3,player-4
267,6,20,0.07995800115168095,player-3,24,41,22,28,player-4,player-3
267,7,17,0.05916692316532135,player-1,35,45,26,30,player-1,player-1
267,8,19,0.06454205140471458,player-4,36,47,31,32,player-2,player-4
267,9,17,0.059125013649463654,player-3,38,52,35,37,player-3,player-3
267,10,17,0.06054108962416649,player-4,38,54,37,49,player-4,player-4
268,1,17,0.05712499842047691,player-1,7,0,0,1,player-1,player-1
268,2,17,0.0577499158680439,player-2,9,6,3,3,player-2,player-2
268,3,18,0.0700000673532486,player-4,10,9,7,9,player-3,player-4
268,4,17,0.05687493830919266,player-4,10,11,11,19,player-4,player-4
268,5,20,0.07170881144702435,player-4,15,14,17,20,player-1,player-4
268,6,17,0.06008311174809933,player-2,17,16,17,20,player-2,player-2
268,7,18,0.06370805203914642,player-4,17,22,21,28,player-3,player-4
268,8,21,0.07895892485976219,player-4,19,22,21,32,player-4,player-4
268,9,19,0.06283284164965153,player-3,20,27,21,40,player-1,player-3
268,10,17,0.06220792420208454,player-2,20,33,27,47,player-2,player-2
268,11,17,0.05529192276299,player-3,21,36,34,47,player-3,player-3
268,12,17,0.059125013649463654,player-4,24,36,39,48,player-4,player-4
268,13,18,0.06920797750353813,player-2,28,38,39,51,player-1,player-2
268,14,17,0.05133310332894325,player-2,31,39,39,51,player-2,player-2
268,15,18,0.06512482650578022,player-4,34,41,46,57,player-3,player-4
268,16,19,0.10066619142889977,player-2,36,47,50,62,player-4,player-2
269,1,17,0.058833975344896317,player-2,3,4,0,5,player-2,player-2
269,2,17,0.07262500002980232,player-3,7,7,6,12,player-3,player-3
269,3,17,0.056167133152484894,player-4,7,9,8,17,player-4,player-4
269,4,17,0.06220908835530281,player-1,10,10,10,22,player-1,player-1
269,5,18,0.05258386954665184,player-3,11,10,18,24,player-2,player-3
269,6,21,0.07637497037649155,player-3,12,11,22,27,player-3,player-3
269,7,20,0.06837490946054459,player-3,13,17,26,29,player-4,player-3
269,8,17,0.06608408875763416,player-1,19,18,28,30,player-1,player-1
269,9,17,0.053165946155786514,player-2,22,20,31,30,player-2,player-2
269,10,18,0.05454220809042454,player-4,24,20,33,37,player-3,player-4
269,11,17,0.056791119277477264,player-4,28,28,33,42,player-4,player-4
269,12,17,0.08595804683864117,player-1,31,33,40,45,player-1,player-1
269,13,22,0.08162506856024265,player-3,31,38,46,52,player-2,player-3
269,14,17,0.06845919415354729,player-3,31,38,49,52,player-3,player-3
269,15,18,0.07349997758865356,player-1,38,38,54,54,player-4,player-1
269,16,19,0.05808379501104355,player-3,39,38,57,55,player-1,player-3
269,17,17,0.0527920201420784,player-2,39,47,58,57,player-2,player-2
270,1,17,0.04654098302125931,player-3,5,2,4,1,player-3,player-3
270,2,17,0.0563750509172678,player-4,10,4,6,5,player-4,player-4
270,3,17,0.061957864090800285,player-1,15,13,14,10,player-1,player-1
270,4,17,0.07099984213709831,player-2,19,22,16,14,player-2,player-2
270,5,19,0.10870792903006077,player-1,27,32,24,28,player-3,player-1
270,6,20,0.07183291018009186,player-3,30,32,30,30,player-4,player-3
270,7,20,0.0705420970916748,player-4,33,35,31,40,player-1,player-4
270,8,17,0.07099984213709831,player-2,38,40,35,41,player-2,player-2
270,9,17,0.08120783604681492,player-3,42,52,46,43,player-3,player-3
270,10,19,0.0635830219835043,player-2,47,55,48,44,player-4,player-2
270,11,20,0.06570783443748951,player-4,49,58,49,48,player-1,player-4
271,1,18,0.06683287210762501,player-3,4,2,9,2,player-2,player-3
271,2,17,0.06537511944770813,player-3,4,7,16,3,player-3,player-3
271,3,17,0.06433296948671341,player-4,5,11,16,7,player-4,player-4
271,4,24,0.08012494072318077,player-4,8,15,19,8,player-1,player-4
271,5,17,0.06500002928078175,player-2,12,18,21,8,player-2,player-2
271,6,20,0.06537511944770813,player-2,16,26,21,10,player-3,player-2
271,7,18,0.07729092612862587,player-1,25,26,21,11,player-4,player-1
271,8,19,0.053541967645287514,player-3,26,29,34,13,player-1,player-3
271,9,19,0.05712499842047691,player-4,29,32,34,22,player-2,player-4
271,10,17,0.060416990891098976,player-3,33,34,38,22,player-3,player-3
271,11,19,0.06258301436901093,player-2,35,41,40,24,player-4,player-2
271,12,28,0.06479118019342422,none,37,43,41,24,player-1,none
271,13,17,0.06558303721249104,player-2,39,49,48,32,player-2,player-2
271,14,18,0.06820913404226303,player-4,39,57,48,38,player-3,player-4
271,15,18,0.07458403706550598,player-1,45,63,50,40,player-4,player-1
272,1,17,0.05550007335841656,player-2,6,2,2,5,player-2,player-2
272,2,17,0.05733291618525982,player-3,6,3,8,5,player-3,player-3
272,3,17,0.06229104474186897,player-4,9,5,14,8,player-4,player-4
272,4,20,0.07500010542571545,player-4,11,8,21,11,player-1,player-4
272,5,17,0.06333412602543831,player-2,17,13,24,15,player-2,player-2
272,6,17,0.06625009700655937,player-3,17,17,27,17,player-3,player-3
272,7,19,0.06866711191833019,player-2,22,22,29,22,player-4,player-2
272,8,21,0.06691692396998405,player-1,27,26,30,22,player-1,player-1
272,9,17,0.06487499922513962,player-2,27,35,35,27,player-2,player-2
272,10,17,0.05491706542670727,player-3,27,38,41,29,player-3,player-3
272,11,19,0.06208289414644241,player-2,28,44,42,33,player-4,player-2
272,12,19,0.05987496115267277,player-3,31,44,45,38,player-1,player-3
272,13,17,0.05875015631318092,player-2,31,49,45,43,player-2,player-2
272,14,17,0.06666593253612518,player-3,31,54,51,47,player-3,player-3
273,1,18,0.060999998822808266,player-3,3,6,5,5,player-2,player-3
273,2,22,0.07233279757201672,none,6,9,5,7,player-3,none
273,3,20,0.07099984213709831,player-3,12,9,10,14,player-4,player-3
273,4,18,0.06770784966647625,player-2,12,14,13,17,player-1,player-2
273,5,22,0.08545792661607265,player-3,12,17,16,23,player-2,player-3
273,6,21,0.0641669612377882,player-3,15,19,18,25,player-3,player-3
273,7,19,0.06816606037318707,player-2,21,25,18,29,player-4,player-2
273,8,21,0.06433296948671341,player-1,26,27,19,30,player-1,player-1
273,9,17,0.04950002767145634,player-2,34,30,20,32,player-2,player-2
273,10,18,0.055040931329131126,player-4,36,30,22,35,player-3,player-4
273,11,18,0.11283415369689465,player-1,40,30,23,35,player-4,player-1
273,12,18,0.08541601710021496,player-2,42,33,26,35,player-1,player-2
273,13,18,0.0696659553796053,player-3,44,38,32,39,player-2,player-3
273,14,17,0.07624994032084942,player-3,44,43,39,44,player-3,player-3
273,15,17,0.059999991208314896,player-4,51,50,42,59,player-4,player-4
274,1,18,0.07304106839001179,player-4,0,5,2,4,player-3,player-4
274,2,19,0.0643748790025711,player-2,4,9,2,5,player-4,player-2
274,3,17,0.07033301517367363,player-1,8,10,9,7,player-1,player-1
274,4,19,0.07716682739555836,player-4,9,10,12,13,player-2,player-4
274,5,17,0.06212480366230011,player-3,12,11,20,15,player-3,player-3
274,6,17,0.053916824981570244,player-4,13,14,21,17,player-4,player-4
274,7,18,0.07020891644060612,player-2,15,19,21,17,player-1,player-2
274,8,17,0.04987511783838272,player-2,18,23,22,20,player-2,player-2
274,9,18,0.06516696885228157,player-4,21,26,26,23,player-3,player-4
274,10,18,0.0716671347618103,player-1,25,31,26,27,player-4,player-1
274,11,22,0.07625017315149307,player-2,26,38,30,28,player-1,player-2
274,12,17,0.0666249543428421,player-2,29,40,38,30,player-2,player-2
274,13,17,0.07612491026520729,player-3,29,43,40,33,player-3,player-3
274,14,17,0.05679205060005188,player-4,29,50,47,35,player-4,player-4
274,15,17,0.10462477803230286,player-1,44,52,56,35,player-1,player-1
275,1,17,0.07270905189216137,player-3,0,1,8,0,player-3,player-3
275,2,17,0.08904095739126205,player-4,2,12,14,5,player-4,player-4
275,3,22,0.07462501525878906,player-2,6,15,16,10,player-1,player-2
275,4,17,0.08516618981957436,player-2,8,26,21,12,player-2,player-2
275,5,17,0.0643748790025711,player-3,12,32,25,16,player-3,player-3
275,6,17,0.06329198367893696,player-4,12,32,29,23,player-4,player-4
275,7,17,0.0814169179648161,player-1,19,37,34,24,player-1,player-1
275,8,19,0.06254110485315323,player-4,27,47,34,28,player-2,player-4
275,9,17,0.056042103096842766,player-3,27,49,38,31,player-3,player-3
275,10,17,0.05987496115267277,player-4,27,58,39,35,player-4,player-4
275,11,17,0.05579204298555851,player-1,32,60,42,35,player-1,player-1
275,12,21,0.06891717202961445,player-2,32,62,44,40,player-2,player-2
276,1,17,0.09262491948902607,player-4,0,5,1,10,player-4,player-4
276,2,17,0.059542013332247734,player-1,3,10,1,17,player-1,player-1
276,3,17,0.051584094762802124,player-2,9,15,4,20,player-2,player-2
276,4,19,0.12033293023705482,player-1,18,17,6,28,player-3,player-1
276,5,18,0.07750000804662704,player-1,23,24,11,32,player-4,player-1
276,6,18,0.06820913404226303,player-2,23,27,18,39,player-1,player-2
276,7,20,0.06958306767046452,player-1,25,32,20,43,player-2,player-1
276,8,17,0.06479118019342422,player-3,27,35,22,51,player-3,player-3
276,9,22,0.0679998192936182,player-1,28,35,23,53,player-4,player-1
276,10,17,0.063000014051795,player-1,41,35,26,59,player-1,player-1
276,11,17,0.0813750084489584,player-2,45,49,35,67,player-2,player-2
277,1,17,0.06079208105802536,player-1,6,3,0,0,player-1,player-1
277,2,17,0.06562494672834873,player-2,8,4,0,4,player-2,player-2
277,3,18,0.05333311855792999,player-4,12,4,1,13,player-3,player-4
277,4,21,0.07437518797814846,player-4,14,9,4,26,player-4,player-4
277,5,18,0.07008295506238937,player-2,15,11,10,30,player-1,player-2
277,6,18,0.05979090929031372,player-3,21,13,12,37,player-2,player-3
277,7,22,0.06654090248048306,player-4,28,17,17,43,player-3,player-4
277,8,21,0.0752920750528574,player-4,30,22,23,50,player-4,player-4
277,9,18,0.05150004290044308,player-2,35,26,25,50,player-1,player-2
277,10,17,0.05925004370510578,player-2,37,31,25,52,player-2,player-2
277,11,20,0.08208304643630981,player-2,37,36,31,52,player-3,player-2
277,12,18,0.06491690874099731,player-1,41,37,36,56,player-4,player-1
277,13,18,0.05820789374411106,player-2,47,39,39,57,player-1,player-2
277,14,17,0.09183399379253387,player-2,49,46,42,65,player-2,player-2
278,1,20,0.12174993753433228,player-3,7,3,6,0,player-4,player-3
278,2,22,0.07774983532726765,player-2,9,8,8,5,player-1,player-2
278,3,22,0.07316702976822853,player-3,11,9,11,6,player-2,player-3
278,4,18,0.08245790377259254,player-4,11,16,20,9,player-3,player-4
278,5,17,0.05991710349917412,player-4,16,17,24,11,player-4,player-4
278,6,17,0.053416937589645386,player-1,25,17,24,13,player-1,player-1
278,7,18,0.0688331201672554,player-3,33,24,27,15,player-2,player-3
278,8,19,0.05262484773993492,player-1,37,26,28,16,player-3,player-1
278,9,17,0.06829202175140381,player-4,37,31,28,22,player-4,player-4
278,10,20,0.06883405148983002,player-4,40,31,29,27,player-1,player-4
278,11,18,0.06737513467669487,player-3,42,35,33,27,player-2,player-3
278,12,17,0.05845795385539532,player-3,43,38,42,31,player-3,player-3
278,13,17,0.05845795385539532,player-4,46,40,44,34,player-4,player-4
278,14,18,0.05191587843000889,player-2,47,44,44,38,player-1,player-2
278,15,17,0.06883381865918636,player-2,51,49,50,40,player-2,player-2
279,1,19,0.06804196164011955,player-2,4,3,1,4,player-4,player-2
279,2,19,0.060999998822808266,player-3,8,7,6,8,player-1,player-3
279,3,20,0.08845911361277103,player-1,12,7,6,20,player-2,player-1
279,4,20,0.08050003089010715,player-2,15,16,12,23,player-3,player-2
279,5,24,0.08962489664554596,player-3,16,27,20,29,player-4,player-3
279,6,18,0.06483308970928192,player-2,21,33,20,31,player-1,player-2
279,7,20,0.06487499922513962,player-1,23,34,20,34,player-2,player-1
279,8,17,0.054915901273489,player-3,23,34,27,35,player-3,player-3
279,9,19,0.08433288894593716,player-2,26,41,29,41,player-4,player-2
279,10,20,0.06074993871152401,player-4,27,43,30,45,player-1,player-4
279,11,18,0.06037508137524128,player-3,27,43,34,49,player-2,player-3
279,12,20,0.059374840930104256,player-2,32,43,34,51,player-3,player-2
279,13,34,0.09741703979671001,player-1,38,45,35,64,player-4,player-1
280,1,19,0.0754999928176403,player-3,1,4,10,0,player-1,player-3
280,2,18,0.058582983911037445,player-3,1,8,13,0,player-2,player-3
280,3,18,0.0649578869342804,player-4,1,9,18,5,player-3,player-4
280,4,17,0.07537496276199818,player-4,5,16,20,17,player-4,player-4
280,5,20,0.06854208186268806,player-4,7,18,20,20,player-1,player-4
280,6,19,0.08091586641967297,player-4,11,25,22,31,player-2,player-4
280,7,17,0.062000006437301636,player-3,14,32,25,34,player-3,player-3
280,8,17,0.08962512947618961,player-4,17,35,30,38,player-4,player-4
280,9,26,0.07141707465052605,player-2,20,37,31,45,player-1,player-2
280,10,20,0.065250089392066,player-1,25,39,35,45,player-2,player-1
280,11,22,0.050416914746165276,none,25,41,38,50,player-3,none
280,12,17,0.057416968047618866,player-4,26,46,40,56,player-4,player-4
281,1,17,0.04924996756017208,player-1,4,1,1,1,player-1,player-1
281,2,17,0.060165999457240105,player-2,6,7,2,1,player-2,player-2
281,3,17,0.053541967645287514,player-3,10,8,9,1,player-3,player-3
281,4,19,0.07120799273252487,player-2,15,15,13,3,player-4,player-2
281,5,17,0.054999953135848045,player-1,21,15,13,5,player-1,player-1
281,6,18,0.049833906814455986,player-3,25,18,16,9,player-2,player-3
281,7,23,0.07358286529779434,player-1,31,18,17,10,player-3,player-1
281,8,17,0.06450014188885689,player-4,34,24,22,16,player-4,player-4
281,9,17,0.06158393807709217,player-1,41,25,24,20,player-1,player-1
281,10,17,0.06679212674498558,player-2,51,28,27,26,player-2,player-2
281,11,18,0.05033286288380623,player-4,52,33,28,32,player-3,player-4
281,12,19,0.09608292020857334,player-2,61,35,33,36,player-4,player-2
281,13,27,0.09862496517598629,player-3,73,39,41,38,player-1,player-3
282,1,21,0.07616705261170864,player-1,2,4,2,1,player-1,player-1
282,2,18,0.06800005212426186,player-3,7,9,7,3,player-2,player-3
282,3,18,0.0550001859664917,player-4,7,10,12,6,player-3,player-4
282,4,23,0.06924988701939583,player-2,8,11,13,8,player-4,player-2
282,5,18,0.07370905950665474,player-2,9,13,14,9,player-1,player-2
282,6,18,0.058833975344896317,player-3,9,14,16,15,player-2,player-3
282,7,18,0.04537496715784073,none,13,16,18,15,player-3,none
282,8,17,0.07087504491209984,player-4,15,22,22,29,player-4,player-4
282,9,17,0.05850009620189667,player-1,18,23,24,29,player-1,player-1
282,10,17,0.06550014950335026,player-2,21,26,25,35,player-2,player-2
282,11,20,0.07441616617143154,player-2,21,29,29,38,player-3,player-2
282,12,17,0.0763328280299902,player-4,23,37,29,44,player-4,player-4
282,13,17,0.05462486296892166,player-1,29,39,29,46,player-1,player-1
282,14,17,0.0664170365780592,player-2,33,41,30,47,player-2,player-2
282,15,17,0.08145789615809917,player-3,33,44,33,47,player-3,player-3
282,16,24,0.09745894931256771,player-3,36,48,34,50,player-4,player-3
282,17,21,0.09416602551937103,player-1,37,54,40,54,player-1,player-1
283,1,17,0.06912508979439735,player-3,4,3,8,6,player-3,player-3
283,2,17,0.06349990144371986,player-4,5,9,8,8,player-4,player-4
283,3,17,0.0539170578122139,player-1,11,10,11,9,player-1,player-1
283,4,18,0.07050018757581711,player-3,17,11,15,11,player-2,player-3
283,5,17,0.06441609002649784,player-3,19,14,18,13,player-3,player-3
283,6,17,0.06866687908768654,player-4,20,16,21,20,player-4,player-4
283,7,20,0.09533297270536423,player-4,26,24,25,25,player-1,player-4
283,8,17,0.06087520159780979,player-2,28,29,25,25,player-2,player-2
283,9,19,0.06608315743505955,player-1,32,29,29,30,player-3,player-1
283,10,19,0.0691248569637537,player-2,33,36,30,31,player-4,player-2
283,11,18,0.0675420742481947,player-2,39,43,31,33,player-1,player-2
283,12,17,0.08504209108650684,player-2,42,46,35,35,player-2,player-2
283,13,22,0.08637504652142525,player-4,45,49,37,41,player-3,player-4
283,14,19,0.07850001566112041,player-2,46,53,39,43,player-4,player-2
283,15,19,0.09345891885459423,player-3,59,55,42,51,player-1,player-3
284,1,23,0.09620795026421547,player-2,4,2,0,8,player-4,player-2
284,2,17,0.06195809692144394,player-1,10,5,3,10,player-1,player-1
284,3,17,0.055999960750341415,player-2,12,9,3,11,player-2,player-2
284,4,20,0.05350005812942982,none,14,11,5,11,player-3,none
284,5,17,0.07295818068087101,player-4,17,13,9,19,player-4,player-4
284,6,18,0.06508314982056618,player-2,21,19,15,19,player-1,player-2
284,7,20,0.05591614171862602,player-1,23,20,15,22,player-2,player-1
284,8,21,0.09279116056859493,player-3,27,26,20,28,player-3,player-3
284,9,19,0.08712499402463436,player-2,33,38,27,36,player-4,player-2
284,10,17,0.0726659782230854,player-1,40,43,29,37,player-1,player-1
284,11,23,0.08466700091958046,player-4,42,45,30,40,player-2,player-4
284,12,18,0.07404200732707977,player-4,50,46,35,42,player-3,player-4
284,13,18,0.05983305163681507,player-1,54,46,42,46,player-4,player-1
284,14,20,0.06220908835530281,player-4,55,46,45,53,player-1,player-4
285,1,18,0.08762511424720287,player-2,2,5,0,0,player-1,player-2
285,2,17,0.07341708987951279,player-2,2,7,5,10,player-2,player-2
285,3,17,0.0663751270622015,player-3,5,8,8,15,player-3,player-3
285,4,17,0.0588749535381794,player-4,5,9,13,20,player-4,player-4
285,5,20,0.06337487138807774,player-4,7,13,14,23,player-1,player-4
285,6,17,0.06316695362329483,player-2,10,14,16,27,player-2,player-2
285,7,17,0.07099984213709831,player-3,10,14,21,29,player-3,player-3
285,8,17,0.05283299833536148,player-4,11,18,21,38,player-4,player-4
285,9,19,0.06845803000032902,player-3,15,22,24,39,player-1,player-3
285,10,18,0.059125013649463654,player-3,17,27,25,44,player-2,player-3
285,11,17,0.07366714999079704,player-3,17,29,27,46,player-3,player-3
285,12,19,0.05687493830919266,player-2,18,38,28,47,player-4,player-2
285,13,17,0.057582976296544075,player-1,24,38,28,52,player-1,player-1
285,14,17,0.07349997758865356,player-2,25,40,33,52,player-2,player-2
285,15,18,0.08012494072318077,player-4,31,40,35,58,player-3,player-4
285,16,19,0.07820804603397846,player-2,34,44,35,61,player-4,player-2
286,1,17,0.05933409556746483,player-4,0,6,4,3,player-4,player-4
286,2,17,0.06358395330607891,player-1,6,9,4,8,player-1,player-1
286,3,18,0.057916855439543724,player-3,12,11,7,11,player-2,player-3
286,4,28,0.0768748577684164,none,15,11,8,15,player-3,none
286,5,18,0.06320793181657791,player-1,18,12,10,18,player-4,player-1
286,6,17,0.07154210470616817,player-1,21,15,15,22,player-1,player-1
286,7,22,0.07858383469283581,player-3,23,20,21,29,player-2,player-3
286,8,17,0.06366707384586334,player-3,26,20,26,31,player-3,player-3
286,9,19,0.06995908915996552,player-2,26,28,27,33,player-4,player-2
286,10,25,0.0724161509424448,player-1,34,30,28,34,player-1,player-1
286,11,18,0.05708308890461922,player-3,37,34,32,36,player-2,player-3
286,12,17,0.05891709588468075,player-3,37,34,35,36,player-3,player-3
286,13,17,0.06341584958136082,player-4,41,37,36,40,player-4,player-4
286,14,17,0.058165984228253365,player-1,50,39,38,41,player-1,player-1
286,15,17,0.05587493069469929,player-2,58,41,40,43,player-2,player-2
286,16,18,0.06354204379022121,player-4,59,46,44,52,player-3,player-4
287,1,21,0.05937507376074791,player-3,0,2,6,4,player-3,player-3
287,2,18,0.06466708146035671,player-1,5,6,9,6,player-4,player-1
287,3,19,0.06341701373457909,player-3,8,11,14,10,player-1,player-3
287,4,17,0.06279093213379383,player-2,8,14,16,17,player-2,player-2
287,5,17,0.06587500683963299,player-3,9,17,23,22,player-3,player-3
287,6,17,0.052167102694511414,player-4,14,17,25,23,player-4,player-4
287,7,17,0.07220800034701824,player-1,21,20,31,28,player-1,player-1
287,8,17,0.054582953453063965,player-2,22,28,35,30,player-2,player-2
287,9,18,0.06779213435947895,player-4,22,33,37,33,player-3,player-4
287,10,17,0.061959028244018555,player-4,22,33,38,41,player-4,player-4
287,11,27,0.06616697646677494,none,28,34,42,45,player-1,none
287,12,17,0.05879206582903862,player-2,30,41,44,48,player-2,player-2
287,13,17,0.052791088819503784,player-3,36,42,53,50,player-3,player-3
287,14,23,0.07320800796151161,player-2,37,46,55,56,player-4,player-2
288,1,17,0.05433289334177971,player-3,2,0,2,3,player-3,player-3
288,2,17,0.061499886214733124,player-4,3,1,5,10,player-4,player-4
288,3,17,0.04837499000132084,player-1,8,2,9,13,player-1,player-1
288,4,19,0.0768748577684164,player-4,10,12,15,20,player-2,player-4
288,5,20,0.06479211151599884,player-2,10,14,19,20,player-3,player-2
288,6,18,0.07033394649624825,player-1,15,18,20,27,player-4,player-1
288,7,19,0.09416579268872738,player-3,19,22,25,31,player-1,player-3
288,8,17,0.08220807649195194,player-2,19,35,29,40,player-2,player-2
288,9,19,0.06612506695091724,player-1,25,37,35,40,player-3,player-1
288,10,18,0.06837514229118824,player-1,27,42,35,43,player-4,player-1
288,11,20,0.06566685624420643,player-4,29,43,39,48,player-1,player-4
288,12,18,0.06137508898973465,player-3,35,43,47,50,player-2,player-3
288,13,17,0.07204106077551842,player-3,37,44,50,54,player-3,player-3
288,14,17,0.05370914004743099,player-4,41,48,52,58,player-4,player-4
289,1,17,0.07241708226501942,player-4,0,5,1,9,player-4,player-4
289,2,19,0.06274995394051075,player-3,3,6,14,9,player-1,player-3
289,3,17,0.049666035920381546,player-2,3,13,14,11,player-2,player-2
289,4,19,0.061042141169309616,player-1,8,15,17,12,player-3,player-1
289,5,18,0.06074993871152401,player-1,10,19,22,15,player-4,player-1
289,6,24,0.06620795466005802,none,12,21,23,22,player-1,none
289,7,17,0.053541967645287514,player-2,12,25,25,29,player-2,player-2
289,8,17,0.060416990891098976,player-3,17,27,30,33,player-3,player-3
289,9,17,0.062333885580301285,player-4,20,29,35,38,player-4,player-4
289,10,19,0.06570783443748951,player-3,24,29,39,42,player-1,player-3
289,11,23,0.07870816625654697,player-4,27,38,41,49,player-2,player-4
289,12,17,0.06174994632601738,player-3,31,42,45,51,player-3,player-3
289,13,22,0.0639171339571476,player-1,33,48,45,58,player-4,player-1
290,1,17,0.06020907312631607,player-1,6,0,0,3,player-1,player-1
290,2,18,0.09350012987852097,player-3,12,7,7,12,player-2,player-3
290,3,17,0.06862496957182884,player-3,12,9,17,16,player-3,player-3
290,4,21,0.08470797911286354,player-4,19,14,21,20,player-4,player-4
290,5,17,0.057541998103260994,player-1,23,14,26,22,player-1,player-1
290,6,17,0.053459079936146736,player-2,27,16,29,25,player-2,player-2
290,7,17,0.04754099063575268,player-3,28,19,32,25,player-3,player-3
290,8,18,0.06570899859070778,player-1,31,22,35,27,player-4,player-1
290,9,17,0.06491690874099731,player-1,40,24,35,28,player-1,player-1
290,10,20,0.0864171888679266,player-1,42,32,36,28,player-2,player-1
290,11,17,0.07470906712114811,player-3,43,34,44,31,player-3,player-3
290,12,22,0.05208398215472698,none,46,36,45,36,player-4,none
290,13,17,0.058165984228253365,player-1,51,37,47,39,player-1,player-1
290,14,20,0.07075001485645771,player-1,53,39,49,44,player-2,player-1
291,1,17,0.052208080887794495,player-4,0,2,6,8,player-4,player-4
291,2,25,0.07850001566112041,player-1,9,3,11,8,player-1,player-1
291,3,18,0.06366707384586334,player-3,12,9,18,10,player-2,player-3
291,4,20,0.0605839304625988,player-2,16,10,18,11,player-3,player-2
291,5,18,0.05545793101191521,player-1,23,10,19,12,player-4,player-1
291,6,17,0.05237502045929432,player-1,25,10,21,12,player-1,player-1
291,7,19,0.06295810453593731,player-4,29,13,23,25,player-2,player-4
291,8,17,0.06579188629984856,player-3,33,13,32,27,player-3,player-3
291,9,20,0.09099999442696571,player-3,38,15,38,29,player-4,player-3
291,10,19,0.08758413605391979,player-3,43,21,44,31,player-1,player-3
291,11,18,0.06312504410743713,player-3,45,25,45,35,player-2,player-3
291,12,21,0.07012486457824707,player-3,49,27,50,37,player-3,player-3
291,13,20,0.07841712795197964,player-3,55,30,52,45,player-4,player-3
292,1,20,0.0927080400288105,player-3,2,6,6,2,player-4,player-3
292,2,17,0.05287514068186283,player-1,3,10,8,5,player-1,player-1
292,3,18,0.06316602230072021,player-3,8,12,12,9,player-2,player-3
292,4,22,0.08195801638066769,player-4,8,16,16,12,player-3,player-4
292,5,18,0.0762909185141325,player-1,10,21,22,17,player-4,player-1
292,6,18,0.06291689351201057,player-2,12,28,22,17,player-1,player-2
292,7,18,0.05337502807378769,player-3,12,32,25,19,player-2,player-3
292,8,18,0.06516720168292522,player-4,13,33,28,21,player-3,player-4
292,9,17,0.05712499842047691,player-4,13,38,28,28,player-4,player-4
292,10,23,0.0791249331086874,player-3,16,47,30,31,player-1,player-3
292,11,19,0.06674998439848423,player-4,16,48,31,37,player-2,player-4
292,12,17,0.06691599264740944,player-3,20,53,34,39,player-3,player-3
292,13,17,0.060750171542167664,player-4,21,58,34,45,player-4,player-4
293,1,17,0.06320793181657791,player-3,3,4,10,0,player-3,player-3
293,2,18,0.060540856793522835,player-1,10,5,10,4,player-4,player-1
293,3,19,0.059542013332247734,player-3,11,6,15,9,player-1,player-3
293,4,20,0.07587508298456669,player-1,12,16,17,17,player-2,player-1
293,5,17,0.0639171339571476,player-3,17,20,20,23,player-3,player-3
293,6,19,0.06991601549088955,player-2,20,25,24,26,player-4,player-2
293,7,19,0.06566708907485008,player-3,23,27,27,26,player-1,player-3
293,8,19,0.10045897215604782,player-4,31,31,32,33,player-2,player-4
293,9,20,0.09220791980624199,player-2,33,36,37,37,player-3,player-2
293,10,21,0.08237501606345177,player-4,39,45,39,45,player-4,player-4
293,11,19,0.07141684181988239,player-3,46,49,41,46,player-1,player-3
293,12,18,0.06216694600880146,player-3,49,55,49,47,player-2,player-3
294,1,20,0.06274995394051075,player-2,1,3,1,2,player-3,player-2
294,2,17,0.06504193879663944,player-4,3,4,1,15,player-4,player-4
294,3,18,0.059999991208314896,player-2,10,8,4,17,player-1,player-2
294,4,17,0.05091587081551552,player-2,16,9,4,18,player-2,player-2
294,5,18,0.06920890882611275,player-4,19,11,7,22,player-3,player-4
294,6,17,0.05195802077651024,player-4,23,15,7,32,player-4,player-4
294,7,18,0.059957848861813545,player-2,25,20,9,36,player-1,player-2
294,8,17,0.06770901381969452,player-2,32,33,9,40,player-2,player-2
294,9,19,0.05483301356434822,player-1,38,36,11,41,player-3,player-1
294,10,17,0.48454198986291885,player-4,39,38,16,42,player-4,player-4
294,11,24,0.08579087443649769,player-4,43,38,21,51,player-1,player-4
294,12,17,0.07029110565781593,player-2,46,46,23,56,player-2,player-2
295,1,17,0.05287490785121918,player-1,5,2,0,5,player-1,player-1
295,2,28,0.0647080596536398,none,6,4,5,9,player-2,none
295,3,16,0.04241708666086197,none,6,5,7,9,player-3,none
295,4,17,0.04966696724295616,player-4,9,6,10,12,player-4,player-4
295,5,19,0.06924988701939583,player-3,13,10,12,14,player-1,player-3
295,6,17,0.05916692316532135,player-2,13,13,12,16,player-2,player-2
295,7,17,0.05300017073750496,player-3,17,13,21,16,player-3,player-3
295,8,17,0.05287514068186283,player-4,17,20,23,18,player-4,player-4
295,9,17,0.0616670586168766,player-1,22,20,23,24,player-1,player-1
295,10,19,0.06162491627037525,player-4,25,22,27,26,player-2,player-4
295,11,17,0.05925004370510578,player-3,29,25,36,27,player-3,player-3
295,12,18,0.06133411079645157,player-1,30,27,36,29,player-4,player-1
295,13,20,0.06425008177757263,player-4,31,33,39,34,player-1,player-4
295,14,17,0.04733307287096977,player-2,35,35,39,34,player-2,player-2
295,15,20,0.08566700853407383,player-2,37,41,39,38,player-3,player-2
295,16,20,0.06679189391434193,player-3,41,45,43,38,player-4,player-3
295,17,19,0.05445792339742184,player-3,43,45,44,43,player-1,player-3
295,18,17,0.06079208105802536,player-2,44,50,46,44,player-2,player-2
295,19,17,0.05450006574392319,player-3,49,55,52,45,player-3,player-3
296,1,18,0.05708285607397556,player-3,1,2,7,1,player-2,player-3
296,2,17,0.07512513548135757,player-3,7,4,11,4,player-3,player-3
296,3,17,0.07075001485645771,player-4,10,5,17,5,player-4,player-4
296,4,19,0.07633399218320847,player-3,16,7,22,12,player-1,player-3
296,5,17,0.0677919015288353,player-2,18,11,24,12,player-2,player-2
296,6,20,0.07095793262124062,player-2,18,17,26,12,player-3,player-2
296,7,20,0.06758305244147778,player-3,18,19,34,14,player-4,player-3
296,8,23,0.07987488061189651,player-3,26,22,40,16,player-1,player-3
296,9,17,0.05533313378691673,player-2,30,26,44,20,player-2,player-2
296,10,18,0.06166589446365833,player-4,32,26,45,25,player-3,player-4
296,11,17,0.0624579843133688,player-4,34,27,49,33,player-4,player-4
296,12,19,0.05575013346970081,player-3,34,27,52,34,player-1,player-3
296,13,20,0.07175002247095108,player-1,41,29,56,39,player-2,player-1
296,14,20,0.07220893166959286,player-2,41,35,62,40,player-3,player-2
297,1,17,0.0638328492641449,player-3,4,5,2,4,player-3,player-3
297,2,17,0.061542028561234474,player-4,7,7,3,7,player-4,player-4
297,3,17,0.06624986417591572,player-1,8,11,9,10,player-1,player-1
297,4,19,0.06587500683963299,player-4,13,12,14,12,player-2,player-4
297,5,19,0.10229204781353474,player-1,14,14,15,20,player-3,player-1
297,6,18,0.07541710510849953,player-1,26,15,20,25,player-4,player-1
297,7,17,0.06104097701609135,player-1,33,20,25,25,player-1,player-1
297,8,18,0.0663751270622015,player-3,35,25,31,26,player-2,player-3
297,9,19,0.07541594095528126,player-1,45,28,35,27,player-3,player-1
297,10,21,0.0666249543428421,player-4,46,30,39,30,player-4,player-4
297,11,17,0.06125005893409252,player-1,53,30,40,32,player-1,player-1
297,12,17,0.05183299072086811,player-2,55,35,43,36,player-2,player-2
297,13,19,0.06374996155500412,player-1,57,35,45,42,player-3,player-1
298,1,17,0.054833944886922836,player-4,5,6,0,10,player-4,player-4
298,2,23,0.08558318950235844,player-3,7,14,3,13,player-1,player-3
298,3,17,0.06816606037318707,player-2,7,17,6,24,player-2,player-2
298,4,19,0.06604217924177647,player-1,14,27,9,32,player-3,player-1
298,5,17,0.061584170907735825,player-4,17,30,11,38,player-4,player-4
298,6,27,0.0738329254090786,player-3,20,32,14,38,player-1,player-3
298,7,19,0.0628340058028698,player-4,20,34,20,40,player-2,player-4
298,8,17,0.08820788934826851,player-3,26,38,30,44,player-3,player-3
298,9,22,0.06704195402562618,none,26,38,31,47,player-4,none
298,10,17,0.06429199129343033,player-1,28,38,31,50,player-1,player-1
298,11,18,0.07654097862541676,player-3,31,43,35,56,player-2,player-3
298,12,18,0.06579211913049221,player-4,31,44,39,61,player-3,player-4
299,1,17,0.060165999457240105,player-3,3,3,8,0,player-3,player-3
299,2,17,0.06737490184605122,player-4,5,3,10,9,player-4,player-4
299,3,18,0.059750163927674294,player-2,7,10,10,11,player-1,player-2
299,4,17,0.06374996155500412,player-2,12,12,11,13,player-2,player-2
299,5,20,0.05712499842047691,player-2,13,18,12,15,player-3,player-2
299,6,17,0.05579087883234024,player-4,17,22,12,19,player-4,player-4
299,7,17,0.07275003008544445,player-1,26,23,12,23,player-1,player-1
299,8,20,0.07091579027473927,player-1,31,25,12,32,player-2,player-1
299,9,17,0.0665830448269844,player-3,38,29,21,35,player-3,player-3
299,10,19,0.06187497638165951,player-2,42,30,21,36,player-4,player-2
299,11,38,0.10366691276431084,player-2,46,36,24,49,player-1,player-2
299,12,17,0.04366692155599594,none,47,41,26,50,player-2,none
299,13,18,0.06445893086493015,player-4,47,41,33,54,player-3,player-4
299,14,24,0.07691700011491776,player-3,47,41,35,58,player-4,player-3
299,15,19,0.06504193879663944,player-3,53,44,39,66,player-1,player-3
300,1,17,0.05295802839100361,player-3,0,3,3,2,player-3,player-3
300,2,17,0.06387499161064625,player-4,8,12,7,4,player-4,player-4
300,3,19,0.07229088805615902,player-3,12,12,11,5,player-1,player-3
300,4,17,0.062125036492943764,player-2,14,19,16,7,player-2,player-2
300,5,22,0.0728340819478035,player-4,16,20,19,7,player-3,player-4
300,6,18,0.06579211913049221,player-1,21,23,19,7,player-4,player-1
300,7,17,0.05066697485744953,player-1,23,23,20,8,player-1,player-1
300,8,18,0.06312504410743713,player-3,26,26,24,12,player-2,player-3
300,9,17,0.051083043217659,player-3,26,26,33,15,player-3,player-3
300,10,19,0.12395903468132019,player-2,35,27,37,19,player-4,player-2
300,11,17,0.07162499241530895,player-1,43,30,44,21,player-1,player-1
300,12,18,0.08504209108650684,player-3,46,35,46,23,player-2,player-3
300,13,18,0.09454204700887203,player-4,48,43,46,24,player-3,player-4
300,14,21,0.09229104034602642,player-4,51,43,47,30,player-4,player-4
300,15,17,0.06141606718301773,player-1,51,44,49,35,player-1,player-1
301,1,17,0.08150003850460052,player-3,3,4,6,11,player-3,player-3
301,2,17,0.07475004531443119,player-4,7,7,10,20,player-4,player-4
301,3,17,0.0677080824971199,player-1,17,11,16,20,player-1,player-1
301,4,18,0.06066705100238323,player-3,21,12,17,20,player-2,player-3
301,5,20,0.08525000885128975,player-2,21,21,19,24,player-3,player-2
301,6,17,0.0704578123986721,player-4,21,23,25,31,player-4,player-4
301,7,17,0.04595913924276829,player-1,26,23,25,33,player-1,player-1
301,8,19,0.05962490104138851,player-4,28,24,29,34,player-2,player-4
301,9,18,0.06604194641113281,player-4,31,26,31,39,player-3,player-4
301,10,17,0.059999991208314896,player-4,34,26,33,51,player-4,player-4
301,11,17,0.057958997786045074,player-1,36,26,36,53,player-1,player-1
301,12,18,0.0791249331086874,player-3,39,39,49,57,player-2,player-3
301,13,17,0.04433305002748966,none,39,46,52,57,player-3,none
302,1,17,0.0914169941097498,player-3,2,1,5,2,player-3,player-3
302,2,17,0.07562502287328243,player-4,2,1,9,9,player-4,player-4
302,3,21,0.07341615855693817,player-1,3,5,11,15,player-1,player-1
302,4,20,0.07420801557600498,player-1,3,7,11,15,player-2,player-1
302,5,20,0.06466708146035671,player-2,5,16,16,15,player-3,player-2
302,6,17,0.0602079089730978,player-4,5,18,17,17,player-4,player-4
302,7,17,0.06362493149936199,player-1,8,19,21,17,player-1,player-1
302,8,18,0.06924988701939583,player-3,8,24,24,25,player-2,player-3
302,9,17,0.06579188629984856,player-3,11,25,25,32,player-3,player-3
302,10,17,0.0630419235676527,player-4,11,28,29,38,player-4,player-4
302,11,17,0.05829217843711376,player-1,14,31,31,39,player-1,player-1
302,12,18,0.06708409637212753,player-3,19,33,38,43,player-2,player-3
302,13,24,0.07812492549419403,none,27,37,40,47,player-3,none
302,14,17,0.04575005732476711,player-4,27,40,40,54,player-4,player-4
302,15,17,0.060165999457240105,player-1,29,42,45,57,player-1,player-1
302,16,18,0.07304106839001179,player-3,35,48,47,59,player-2,player-3
303,1,23,0.06795814260840416,player-2,9,8,3,9,player-4,player-2
303,2,18,0.0687912106513977,player-2,12,13,6,13,player-1,player-2
303,3,17,0.0630838330835104,player-2,18,18,7,14,player-2,player-2
303,4,17,0.06004096940159798,player-3,20,22,14,16,player-3,player-3
303,5,20,0.09487499482929707,player-3,30,24,21,22,player-4,player-3
303,6,21,0.08066603913903236,player-1,43,28,23,24,player-1,player-1
303,7,18,0.05691591650247574,player-3,47,29,29,24,player-2,player-3
303,8,17,0.07254211232066154,player-3,50,32,38,29,player-3,player-3
303,9,17,0.0503340270370245,player-4,53,32,38,31,player-4,player-4
303,10,17,0.05929102189838886,player-1,60,34,38,32,player-1,player-1
303,11,17,0.06229197606444359,player-2,67,38,40,39,player-2,player-2
304,1,20,0.08504092693328857,player-1,2,2,3,3,player-2,player-1
304,2,17,0.07566600106656551,player-3,8,5,5,3,player-3,player-3
304,3,19,0.06616604514420033,player-2,11,11,6,6,player-4,player-2
304,4,19,0.07887487299740314,player-3,15,14,12,14,player-1,player-3
304,5,17,0.07283291779458523,player-2,17,19,13,15,player-2,player-2
304,6,31,0.08158409036695957,none,19,20,15,15,player-3,none
304,7,17,0.0650421716272831,player-4,19,22,20,18,player-4,player-4
304,8,18,0.08033309131860733,player-2,22,23,20,21,player-1,player-2
304,9,18,0.05791708827018738,player-3,22,24,29,24,player-2,player-3
304,10,17,0.05375011824071407,player-3,23,25,30,26,player-3,player-3
304,11,17,0.06579211913049221,player-4,31,27,35,31,player-4,player-4
304,12,17,0.06608408875763416,player-1,37,31,38,33,player-1,player-1
304,13,17,0.06283307448029518,player-2,38,36,41,33,player-2,player-2
304,14,17,0.06287498399615288,player-3,38,41,43,41,player-3,player-3
304,15,17,0.06345799192786217,player-4,39,45,49,55,player-4,player-4
305,1,21,0.07720896974205971,player-3,5,6,2,3,player-3,player-3
305,2,20,0.08100015111267567,player-3,11,15,6,5,player-4,player-3
305,3,22,0.05866703577339649,none,11,16,7,5,player-1,none
305,4,17,0.05987496115267277,player-2,12,25,10,8,player-2,player-2
305,5,17,0.059791840612888336,player-3,12,30,17,11,player-3,player-3
305,6,17,0.05891593173146248,player-4,16,30,18,16,player-4,player-4
305,7,17,0.05933409556746483,player-1,24,34,23,17,player-1,player-1
305,8,20,0.07049995474517345,player-1,29,39,24,17,player-2,player-1
305,9,18,0.055374810472130775,player-4,30,40,25,25,player-3,player-4
305,10,17,0.06541702896356583,player-4,32,40,29,27,player-4,player-4
305,11,20,0.07520802319049835,player-4,34,40,34,37,player-1,player-4
305,12,18,0.06574997678399086,player-3,36,44,45,40,player-2,player-3
305,13,17,0.07133395411074162,player-3,38,49,53,40,player-3,player-3
305,14,23,0.08145812898874283,player-2,43,51,56,48,player-4,player-2
305,15,17,0.07291696965694427,player-1,49,53,57,51,player-1,player-1
306,1,17,0.06379117257893085,player-4,3,3,4,3,player-4,player-4
306,2,19,0.06874999962747097,player-3,7,8,7,9,player-1,player-3
306,3,20,0.05983398295938969,player-1,16,11,7,15,player-2,player-1
306,4,17,0.05349982529878616,player-3,19,13,12,16,player-3,player-3
306,5,17,0.07733306847512722,player-4,24,13,16,22,player-4,player-4
306,6,19,0.06579095497727394,player-3,27,20,21,27,player-1,player-3
306,7,17,0.08654105477035046,player-2,29,22,24,33,player-2,player-2
306,8,18,0.06441609002649784,player-4,35,22,28,37,player-3,player-4
306,9,17,0.06266706623136997,player-4,35,24,31,42,player-4,player-4
306,10,19,0.06120884791016579,player-3,35,27,36,46,player-1,player-3
306,11,14,0.03741588443517685,none,35,28,41,51,player-2,none
306,12,18,0.0616670586168766,player-4,36,29,43,53,player-3,player-4
306,13,18,0.07487507537007332,player-1,44,32,48,53,player-4,player-1
306,14,18,0.06812484934926033,player-2,49,39,48,54,player-1,player-2
306,15,17,0.06741611286997795,player-2,49,46,48,59,player-2,player-2
307,1,18,0.07329205982387066,player-1,3,1,3,6,player-4,player-1
307,2,18,0.06087496876716614,player-2,5,4,9,15,player-1,player-2
307,3,18,0.06304099224507809,player-3,5,5,13,17,player-2,player-3
307,4,18,0.06937491707503796,player-4,5,6,16,22,player-3,player-4
307,5,17,0.06295810453593731,player-4,8,9,16,24,player-4,player-4
307,6,22,0.058999983593821526,none,9,11,16,27,player-1,none
307,7,18,0.060916878283023834,player-3,9,12,22,28,player-2,player-3
307,8,17,0.05191704258322716,player-3,11,13,26,31,player-3,player-3
307,9,17,0.0627920962870121,player-4,12,13,30,35,player-4,player-4
307,10,21,0.07970794104039669,player-1,17,15,31,35,player-1,player-1
307,11,17,0.05687493830919266,player-2,18,19,34,35,player-2,player-2
307,12,17,0.061167171224951744,player-3,20,22,36,37,player-3,player-3
307,13,20,0.08962489664554596,player-3,22,27,39,39,player-4,player-3
307,14,17,0.0647080596536398,player-1,27,29,41,39,player-1,player-1
307,15,18,0.059167155995965004,player-3,35,36,45,41,player-2,player-3
307,16,17,0.07783295586705208,player-3,35,42,52,45,player-3,player-3
307,17,17,0.06554089486598969,player-4,35,47,55,50,player-4,player-4
307,18,20,0.08091703057289124,player-4,40,53,60,60,player-1,player-4
308,1,20,0.07987511344254017,player-1,4,1,1,0,player-2,player-1
308,2,18,0.06733299233019352,player-4,7,6,3,11,player-3,player-4
308,3,17,0.07020891644060612,player-4,7,6,11,19,player-4,player-4
308,4,20,0.0802080612629652,player-4,11,6,14,21,player-1,player-4
308,5,17,0.06666709668934345,player-2,11,14,14,21,player-2,player-2
308,6,17,0.073291826993227,player-3,14,18,23,21,player-3,player-3
308,7,23,0.07220800034701824,player-2,17,23,23,28,player-4,player-2
308,8,17,0.06641610525548458,player-1,19,24,31,31,player-1,player-1
308,9,19,0.0713749323040247,player-4,24,27,37,32,player-2,player-4
308,10,17,0.059916870668530464,player-3,25,27,43,32,player-3,player-3
308,11,17,0.052040908485651016,player-4,26,28,46,40,player-4,player-4
308,12,17,0.06887479685246944,player-1,29,32,48,40,player-1,player-1
308,13,19,0.06566708907485008,player-4,32,36,58,44,player-2,player-4
308,14,24,0.07879198528826237,player-2,32,46,60,44,player-3,player-2
308,15,18,0.0779998954385519,player-1,38,57,65,46,player-4,player-1
309,1,19,0.07537496276199818,player-4,4,3,2,6,player-2,player-4
309,2,17,0.10270904749631882,player-3,6,8,8,6,player-3,player-3
309,3,17,0.07950002327561378,player-4,6,16,16,13,player-4,player-4
309,4,17,0.06191595457494259,player-1,13,16,16,14,player-1,player-1
309,5,36,0.10312511585652828,player-1,15,18,17,18,player-2,player-1
309,6,17,0.09583286009728909,player-3,22,18,22,21,player-3,player-3
309,7,17,0.06379210390150547,player-4,23,23,25,22,player-4,player-4
309,8,19,0.08204090408980846,player-3,29,26,37,25,player-1,player-3
309,9,22,0.06470899097621441,none,30,27,38,28,player-2,none
309,10,17,0.06670900620520115,player-3,30,27,44,31,player-3,player-3
309,11,17,0.0577080063521862,player-4,30,27,46,34,player-4,player-4
309,12,17,0.05179084837436676,player-1,33,29,47,35,player-1,player-1
309,13,27,0.07370789535343647,player-4,38,32,52,37,player-2,player-4
309,14,22,0.06391690112650394,player-4,42,35,60,40,player-3,player-4
310,1,20,0.06908387877047062,player-3,1,0,8,2,player-4,player-3
310,2,18,0.052791088819503784,player-2,4,8,10,3,player-1,player-2
310,3,18,0.06466708146035671,player-3,7,10,12,5,player-2,player-3
310,4,17,0.06641610525548458,player-3,12,14,16,7,player-3,player-3
310,5,17,0.06404193118214607,player-4,12,16,20,13,player-4,player-4
310,6,19,0.06358418613672256,player-3,14,20,24,15,player-1,player-3
310,7,22,0.08316687308251858,player-3,17,22,28,19,player-2,player-3
310,8,19,0.07470790296792984,player-1,18,26,36,24,player-3,player-1
310,9,23,0.06933300755918026,player-2,18,29,41,28,player-4,player-2
310,10,17,0.06749993190169334,player-1,20,32,43,31,player-1,player-1
310,11,23,0.07641594856977463,player-4,22,34,45,35,player-2,player-4
310,12,18,0.05574990063905716,player-4,22,37,48,36,player-3,player-4
310,13,17,0.075165880843997,player-4,25,40,54,43,player-4,player-4
310,14,17,0.05379202775657177,player-1,28,44,54,44,player-1,player-1
310,15,20,0.08387491106987,player-1,32,48,56,44,player-2,player-1
310,16,17,0.06729201413691044,player-3,34,56,61,49,player-3,player-3
311,1,17,0.05208398215472698,player-1,6,0,0,2,player-1,player-1
311,2,19,0.0702079851180315,player-4,8,0,0,4,player-2,player-4
311,3,17,0.059165991842746735,player-3,10,4,4,12,player-3,player-3
311,4,17,0.05383300594985485,player-4,11,6,5,19,player-4,player-4
311,5,19,0.058125006034970284,player-3,13,6,12,21,player-1,player-3
311,6,21,0.05150004290044308,none,13,13,13,25,player-2,none
311,7,17,0.05837506614625454,player-3,13,15,22,34,player-3,player-3
311,8,19,0.07029203698039055,player-2,17,18,23,34,player-4,player-2
311,9,20,0.06229104474186897,player-4,21,18,25,38,player-1,player-4
311,10,22,0.06391690112650394,player-3,21,24,26,42,player-2,player-3
311,11,20,0.10670814663171768,player-2,24,33,26,43,player-3,player-2
311,12,18,0.0699581578373909,player-1,26,39,30,47,player-4,player-1
311,13,19,0.0694170594215393,player-3,29,43,33,47,player-1,player-3
311,14,17,0.0627501867711544,player-2,36,45,44,55,player-2,player-2
312,1,17,0.05462486296892166,player-4,3,0,0,3,player-4,player-4
312,2,17,0.06691692396998405,player-1,9,3,6,3,player-1,player-1
312,3,17,0.0613329466432333,player-2,11,11,6,3,player-2,player-2
312,4,20,0.05962490104138851,player-2,12,18,12,9,player-3,player-2
312,5,20,0.06433296948671341,player-3,13,18,17,13,player-4,player-3
312,6,23,0.0652919989079237,none,16,19,24,18,player-1,none
312,7,19,0.06375019438564777,player-4,19,26,27,21,player-2,player-4
312,8,25,0.0830420758575201,player-3,23,31,29,21,player-3,player-3
312,9,18,0.06824987940490246,player-1,33,34,33,23,player-4,player-1
312,10,20,0.06308406591415405,player-4,36,35,34,25,player-1,player-4
312,11,18,0.06074993871152401,player-3,43,42,35,31,player-2,player-3
312,12,24,0.07741712033748627,player-2,47,48,36,38,player-3,player-2
312,13,19,0.07333303801715374,player-2,48,53,40,40,player-4,player-2
312,14,23,0.0949581153690815,player-3,49,54,45,47,player-1,player-3
313,1,19,0.06170803681015968,player-4,1,4,5,9,player-2,player-4
313,2,17,0.06291689351201057,player-3,3,4,11,10,player-3,player-3
313,3,17,0.048625050112605095,player-4,3,5,11,15,player-4,player-4
313,4,18,0.07458310574293137,player-2,5,8,11,18,player-1,player-2
313,5,21,0.06254087202250957,player-2,7,20,13,19,player-2,player-2
313,6,20,0.063000014051795,player-2,7,24,15,23,player-3,player-2
313,7,20,0.06625009700655937,player-3,7,26,20,24,player-4,player-3
313,8,19,0.06208312697708607,player-3,10,27,27,26,player-1,player-3
313,9,17,0.057208118960261345,player-2,14,39,28,31,player-2,player-2
313,10,19,0.06841705180704594,player-1,21,40,34,32,player-3,player-1
313,11,17,0.07454212754964828,player-4,25,47,34,36,player-4,player-4
313,12,25,0.06599980406463146,player-1,30,49,37,40,player-1,player-1
313,13,19,0.05804118700325489,player-4,32,50,37,46,player-2,player-4
313,14,17,0.08066697046160698,player-3,42,64,43,54,player-3,player-3
314,1,17,0.057541998103260994,player-3,6,3,5,3,player-3,player-3
314,2,17,0.06266706623136997,player-4,11,6,10,6,player-4,player-4
314,3,20,0.054208096116781235,none,15,7,12,6,player-1,none
314,4,17,0.06479211151599884,player-2,24,10,12,8,player-2,player-2
314,5,17,0.05124998278915882,player-3,26,10,17,12,player-3,player-3
314,6,17,0.059999991208314896,player-4,28,11,18,18,player-4,player-4
314,7,30,0.07645785808563232,player-2,32,15,19,18,player-1,player-2
314,8,17,0.05591590888798237,player-2,32,18,23,18,player-2,player-2
314,9,17,0.05233311094343662,player-3,32,20,28,18,player-3,player-3
314,10,17,0.05908310413360596,player-4,36,23,35,20,player-4,player-4
314,11,20,0.07624994032084942,player-4,40,23,40,22,player-1,player-4
314,12,19,0.06645801477134228,player-4,43,25,42,26,player-2,player-4
314,13,27,0.07116701453924179,none,46,26,44,27,player-3,none
314,14,20,0.0743749551475048,player-3,59,26,57,32,player-4,player-3
315,1,17,0.04391581751406193,none,0,8,0,0,player-2,none
315,2,17,0.0730419997125864,player-3,3,8,3,0,player-3,player-3
315,3,19,0.05670893006026745,player-2,7,18,3,8,player-4,player-2
315,4,17,0.051208073273301125,player-1,12,20,4,10,player-1,player-1
315,5,17,0.0666249543428421,player-2,14,25,7,17,player-2,player-2
315,6,17,0.053165946155786514,player-3,14,33,11,17,player-3,player-3
315,7,18,0.05308305844664574,player-1,17,33,12,18,player-4,player-1
315,8,17,0.05520903505384922,player-1,27,35,12,20,player-1,player-1
315,9,22,0.06812484934926033,player-3,27,41,18,20,player-2,player-3
315,10,17,0.05674990825355053,player-3,30,44,21,21,player-3,player-3
315,11,17,0.07370812818408012,player-4,34,47,21,28,player-4,player-4
315,12,17,0.07812492549419403,player-1,43,48,25,28,player-1,player-1
315,13,17,0.05837506614625454,player-2,46,55,29,32,player-2,player-2
315,14,22,0.07229205220937729,player-4,51,56,33,33,player-3,player-4
315,15,19,0.06837490946054459,player-2,55,63,34,34,player-4,player-2
315,16,17,0.06558396853506565,player-1,62,65,34,37,player-1,player-1
316,1,24,0.07904204539954662,player-3,2,1,5,5,player-4,player-3
316,2,17,0.06166682578623295,player-1,7,3,5,8,player-1,player-1
316,3,21,0.06754114292562008,player-2,9,8,6,11,player-2,player-2
316,4,21,0.06924988701939583,player-3,10,9,9,11,player-3,player-3
316,5,19,0.06745895370841026,player-2,10,14,12,13,player-4,player-2
316,6,17,0.06366614252328873,player-1,16,17,14,17,player-1,player-1
316,7,18,0.06570806726813316,player-3,22,22,16,21,player-2,player-3
316,8,24,0.06900005973875523,player-2,26,28,18,21,player-3,player-2
316,9,19,0.06962497718632221,player-2,32,33,20,23,player-4,player-2
316,10,17,0.06050011143088341,player-1,35,33,20,27,player-1,player-1
316,11,17,0.05316617898643017,player-2,36,36,22,28,player-2,player-2
316,12,27,0.07041590288281441,none,42,40,23,30,player-3,none
316,13,17,0.0808339100331068,player-4,50,40,30,33,player-4,player-4
316,14,17,0.055416952818632126,player-1,54,40,31,38,player-1,player-1
316,15,17,0.06391620263457298,player-2,55,46,31,40,player-2,player-2
316,16,17,0.05512498319149017,player-3,55,48,34,40,player-3,player-3
316,17,25,0.07341685704886913,player-4,60,48,35,49,player-4,player-4
316,18,17,0.06645801477134228,player-1,64,51,39,51,player-1,player-1
317,1,21,0.0766669400036335,player-4,4,3,4,4,player-4,player-4
317,2,17,0.056333839893341064,player-1,7,5,5,4,player-1,player-1
317,3,17,0.06870809011161327,player-2,9,8,8,8,player-2,player-2
317,4,36,0.12408383190631866,player-2,13,14,10,24,player-3,player-2
317,5,18,0.06633298471570015,player-1,21,24,13,28,player-4,player-1
317,6,18,0.06820796988904476,player-2,26,27,25,39,player-1,player-2
317,7,17,0.07287506014108658,player-2,30,31,28,39,player-2,player-2
317,8,18,0.05629193037748337,player-4,31,34,29,41,player-3,player-4
317,9,19,0.054208096116781235,none,31,35,32,44,player-4,none
317,10,17,0.061750179156661034,player-1,39,39,32,49,player-1,player-1
317,11,23,0.12387498281896114,player-4,44,41,42,54,player-2,player-4
317,12,17,0.06674998439848423,player-3,51,46,46,60,player-3,player-3
318,1,19,0.07241591811180115,player-2,4,4,2,3,player-4,player-2
318,2,18,0.05495804361999035,player-2,4,7,2,4,player-1,player-2
318,3,17,0.07491698488593102,player-2,10,10,5,8,player-2,player-2
318,4,17,0.07179216481745243,player-3,15,14,6,11,player-3,player-3
318,5,17,0.0616670586168766,player-4,15,15,10,14,player-4,player-4
318,6,17,0.07337494753301144,player-1,16,16,12,18,player-1,player-1
318,7,19,0.07104198448359966,player-4,21,19,14,27,player-2,player-4
318,8,19,0.061625149101018906,player-1,24,19,16,28,player-3,player-1
318,9,17,0.05070795305073261,player-4,24,26,16,34,player-4,player-4
318,10,18,0.05154218524694443,player-2,26,30,16,35,player-1,player-2
318,11,19,0.06508291698992252,player-4,28,37,17,41,player-2,player-4
318,12,20,0.07545808330178261,player-2,33,44,19,47,player-3,player-2
318,13,23,0.08212495595216751,player-2,39,46,22,52,player-4,player-2
318,14,20,0.07829093374311924,player-4,46,49,24,54,player-1,player-4
319,1,17,0.07983297109603882,player-4,2,3,4,5,player-4,player-4
319,2,20,0.08537503890693188,player-4,6,3,4,12,player-1,player-4
319,3,19,0.07333280518651009,player-4,7,9,9,16,player-2,player-4
319,4,20,0.07633306086063385,player-2,8,15,14,16,player-3,player-2
319,5,17,0.06316718645393848,player-4,8,16,17,20,player-4,player-4
319,6,19,0.08058291859924793,player-3,15,18,19,21,player-1,player-3
319,7,20,0.07583294063806534,player-1,19,22,24,22,player-2,player-1
319,8,17,0.07587485015392303,player-3,21,22,28,24,player-3,player-3
319,9,19,0.06312504410743713,player-2,23,30,29,26,player-4,player-2
319,10,17,0.06908411160111427,player-1,28,31,33,28,player-1,player-1
319,11,17,0.06962497718632221,player-2,31,34,34,30,player-2,player-2
319,12,17,0.06687501445412636,player-3,36,40,37,33,player-3,player-3
319,13,17,0.06745895370841026,player-4,36,44,39,35,player-4,player-4
319,14,18,0.06191711872816086,player-2,38,46,41,41,player-1,player-2
319,15,17,0.05408283323049545,player-2,40,48,41,43,player-2,player-2
319,16,18,0.061125028878450394,player-4,46,48,48,48,player-3,player-4
319,17,18,0.06604194641113281,player-1,48,50,53,48,player-4,player-1
320,1,19,0.0742089468985796,player-3,4,3,8,3,player-1,player-3
320,2,20,0.09066704660654068,player-1,7,5,8,5,player-2,player-1
320,3,17,0.07129088044166565,player-3,7,10,18,9,player-3,player-3
320,4,17,0.07858406752347946,player-4,9,10,22,18,player-4,player-4
320,5,20,0.07512513548135757,player-4,13,16,23,23,player-1,player-4
320,6,18,0.07112487219274044,player-3,16,18,24,25,player-2,player-3
320,7,20,0.07091718725860119,player-2,20,21,29,25,player-3,player-2
320,8,24,0.10708300396800041,player-3,26,26,39,30,player-4,player-3
320,9,17,0.05850009620189667,player-1,27,28,45,36,player-1,player-1
320,10,19,0.06016693077981472,player-4,28,31,46,40,player-2,player-4
320,11,17,0.06454181857407093,player-3,31,31,56,43,player-3,player-3
320,12,17,0.0677919015288353,player-4,37,36,58,48,player-4,player-4
320,13,17,0.08224998600780964,player-1,41,40,62,49,player-1,player-1
321,1,17,0.07620896212756634,player-3,0,10,9,6,player-3,player-3
321,2,22,0.06129196844995022,player-1,4,13,13,8,player-4,player-1
321,3,21,0.07987488061189651,player-1,15,13,19,17,player-1,player-1
321,4,18,0.056042103096842766,player-3,18,15,28,19,player-2,player-3
321,5,18,0.06295810453593731,player-4,19,19,29,22,player-3,player-4
321,6,17,0.07866695523262024,player-4,23,23,32,28,player-4,player-4
321,7,19,0.07637497037649155,player-3,29,31,41,35,player-1,player-3
321,8,20,0.1014170702546835,player-1,30,31,45,40,player-2,player-1
321,9,17,0.0688750296831131,player-3,33,31,52,42,player-3,player-3
321,10,19,0.07387506775557995,player-2,34,34,53,42,player-4,player-2
321,11,19,0.08683302439749241,player-3,35,43,57,46,player-1,player-3
321,12,18,0.0757498200982809,player-3,35,46,60,48,player-2,player-3
321,13,25,0.08229096420109272,none,36,46,63,53,player-3,none
321,14,18,0.0512909609824419,player-1,41,47,64,57,player-4,player-1
322,1,17,0.07345899939537048,player-3,0,5,3,4,player-3,player-3
322,2,19,0.07241591811180115,player-2,1,14,7,5,player-4,player-2
322,3,17,0.08070911280810833,player-1,9,18,8,9,player-1,player-1
322,4,17,0.06408290937542915,player-2,14,24,14,10,player-2,player-2
322,5,17,0.08116592653095722,player-3,17,28,17,18,player-3,player-3
322,6,17,0.06733299233019352,player-4,21,30,25,20,player-4,player-4
322,7,17,0.06337510421872139,player-1,29,30,25,22,player-1,player-1
322,8,23,0.07125013507902622,player-4,34,31,26,31,player-2,player-4
322,9,20,0.07266714237630367,player-2,43,35,32,33,player-3,player-2
322,10,18,0.062499893829226494,player-1,48,37,37,35,player-4,player-1
322,11,17,0.0627078115940094,player-1,54,42,42,36,player-1,player-1
322,12,17,0.06979214958846569,player-2,54,52,44,42,player-2,player-2
322,13,17,0.08020899258553982,player-3,57,52,47,43,player-3,player-3
323,1,25,0.06845896132290363,none,2,1,2,0,player-2,none
323,2,17,0.062000006437301636,player-3,2,6,6,0,player-3,player-3
323,3,17,0.05420902743935585,player-4,4,8,11,3,player-4,player-4
323,4,20,0.08462485857307911,player-4,9,12,17,9,player-1,player-4
323,5,17,0.06637489423155785,player-2,13,16,19,16,player-2,player-2
323,6,18,0.06341701373457909,player-4,20,23,21,19,player-3,player-4
323,7,18,0.07754098623991013,player-1,22,30,21,29,player-4,player-1
323,8,19,0.0630419235676527,player-3,26,33,21,31,player-1,player-3
323,9,20,0.06470782682299614,player-1,30,35,22,33,player-2,player-1
323,10,17,0.06316602230072021,player-3,36,40,29,34,player-3,player-3
323,11,17,0.06045913323760033,player-4,42,48,29,38,player-4,player-4
323,12,17,0.05187490023672581,player-1,45,48,31,39,player-1,player-1
323,13,17,0.061499886214733124,player-2,52,52,34,41,player-2,player-2
323,14,19,0.06162491627037525,player-1,53,55,34,44,player-3,player-1
323,15,30,0.08695805445313454,player-1,55,56,34,52,player-4,player-1
324,1,20,0.07145898416638374,player-1,8,2,1,8,player-2,player-1
324,2,20,0.06437511183321476,player-2,9,10,2,9,player-3,player-2
324,3,17,0.07720803841948509,player-4,11,10,10,20,player-4,player-4
324,4,25,0.0937911681830883,player-1,13,11,18,23,player-1,player-1
324,5,17,0.06916699931025505,player-2,16,16,20,26,player-2,player-2
324,6,17,0.05679088644683361,player-3,23,16,27,30,player-3,player-3
324,7,18,0.06495811976492405,player-1,30,17,33,32,player-4,player-1
324,8,19,0.0627920962870121,player-3,31,20,41,32,player-1,player-3
324,9,19,0.06662518717348576,player-4,38,23,41,32,player-2,player-4
324,10,17,0.06279093213379383,player-3,38,23,50,32,player-3,player-3
324,11,18,0.058957841247320175,player-1,41,23,52,32,player-4,player-1
324,12,20,0.07054116576910019,player-4,45,23,52,33,player-1,player-4
324,13,17,0.0675420742481947,player-2,49,30,53,36,player-2,player-2
325,1,22,0.07841596379876137,player-4,2,3,7,9,player-3,player-4
325,2,17,0.05383300594985485,player-4,10,3,12,12,player-4,player-4
325,3,17,0.05466700531542301,player-1,16,4,14,13,player-1,player-1
325,4,18,0.06312504410743713,player-3,23,9,16,13,player-2,player-3
325,5,18,0.05616690032184124,player-4,23,12,26,14,player-3,player-4
325,6,18,0.06425008177757263,player-1,32,12,31,23,player-4,player-1
325,7,20,0.0867089256644249,player-4,38,20,31,36,player-1,player-4
325,8,19,0.0741670373827219,player-4,39,21,36,43,player-2,player-4
325,9,21,0.062374863773584366,none,39,22,36,45,player-3,none
325,10,18,0.07508299313485622,player-1,44,24,38,48,player-4,player-1
325,11,17,0.06250012665987015,player-1,49,24,44,49,player-1,player-1
325,12,21,0.0592090655118227,player-2,50,25,46,49,player-2,player-2
325,13,18,0.06587500683963299,player-4,50,37,50,60,player-3,player-4
326,1,25,0.08379202336072922,player-4,4,3,1,8,player-4,player-4
326,2,17,0.06674998439848423,player-1,8,4,3,11,player-1,player-1
326,3,17,0.05533406510949135,player-2,10,5,3,12,player-2,player-2
326,4,17,0.062042148783802986,player-3,18,8,7,13,player-3,player-3
326,5,21,0.06716698408126831,player-4,23,8,9,25,player-4,player-4
326,6,17,0.08133286610245705,player-1,29,15,9,28,player-1,player-1
326,7,18,0.06874999962747097,player-3,31,20,14,28,player-2,player-3
326,8,17,0.05066697485744953,player-3,33,21,20,29,player-3,player-3
326,9,18,0.05545793101191521,player-1,38,21,20,31,player-4,player-1
326,10,24,0.11854199692606926,none,41,24,20,31,player-1,none
326,11,18,0.0774578657001257,player-3,50,25,26,31,player-2,player-3
326,12,35,0.10841595940291882,player-1,52,27,26,40,player-3,player-1
326,13,17,0.06929202936589718,player-4,52,27,29,44,player-4,player-4
326,14,17,0.08420809172093868,player-1,58,37,37,49,player-1,player-1
326,15,17,0.06933300755918026,player-2,59,42,38,49,player-2,player-2
326,16,17,0.0711251050233841,player-3,66,45,44,53,player-3,player-3
327,1,19,0.06629200652241707,player-1,3,2,2,3,player-3,player-1
327,2,25,0.07650000043213367,player-4,11,6,3,10,player-4,player-4
327,3,17,0.05141599103808403,player-1,14,8,6,10,player-1,player-1
327,4,17,0.0724999699741602,player-2,14,18,8,14,player-2,player-2
327,5,19,0.06687501445412636,player-1,16,23,11,14,player-3,player-1
327,6,20,0.07100007496774197,player-3,21,24,19,15,player-4,player-3
327,7,17,0.05324999801814556,player-1,25,29,23,15,player-1,player-1
327,8,21,0.061416998505592346,player-2,27,34,26,17,player-2,player-2
327,9,20,0.06912508979439735,player-2,27,39,35,23,player-3,player-2
327,10,36,0.09604101069271564,player-3,30,45,40,28,player-4,player-3
327,11,21,0.06570783443748951,player-1,35,47,44,30,player-1,player-1
327,12,17,0.06487499922513962,player-2,36,49,44,37,player-2,player-2
327,13,18,0.05520903505384922,player-4,37,49,47,44,player-3,player-4
327,14,18,0.05400017835199833,player-1,41,49,48,48,player-4,player-1
327,15,38,0.12241699732840061,none,48,49,49,54,player-1,none
328,1,20,0.067833811044693,player-4,4,2,0,6,player-1,player-4
328,2,18,0.06095808930695057,player-3,8,6,9,10,player-2,player-3
328,3,20,0.06233295425772667,player-2,11,12,12,12,player-3,player-2
328,4,25,0.07745902985334396,player-4,17,21,14,19,player-4,player-4
328,5,34,0.08512497879564762,none,19,24,14,20,player-1,none
328,6,17,0.062042148783802986,player-2,24,30,17,22,player-2,player-2
328,7,17,0.06329081952571869,player-3,26,33,22,24,player-3,player-3
328,8,25,0.07570791058242321,player-4,26,38,27,29,player-4,player-4
328,9,19,0.056416960433125496,player-3,29,39,30,29,player-1,player-3
328,10,17,0.06708386354148388,player-2,31,42,34,33,player-2,player-2
328,11,18,0.05929102189838886,player-4,34,42,38,36,player-3,player-4
328,12,17,0.06241677328944206,player-4,38,43,38,43,player-4,player-4
328,13,18,0.06195809692144394,player-2,46,48,43,47,player-1,player-2
328,14,19,0.08216686546802521,player-4,50,51,45,57,player-2,player-4
329,1,21,0.06554112769663334,player-1,4,2,5,3,player-1,player-1
329,2,17,0.05270796827971935,player-2,7,3,6,7,player-2,player-2
329,3,18,0.06087496876716614,player-4,9,7,9,16,player-3,player-4
329,4,17,0.059042125940322876,player-4,11,9,10,17,player-4,player-4
329,5,19,0.054208096116781235,player-3,12,11,10,20,player-1,player-3
329,6,20,0.06145797669887543,player-1,21,11,18,25,player-2,player-1
329,7,21,0.06395787931978703,player-3,21,11,22,29,player-3,player-3
329,8,17,0.06695813499391079,player-4,26,14,26,38,player-4,player-4
329,9,19,0.060584163293242455,player-3,26,17,30,41,player-1,player-3
329,10,18,0.05950010381639004,player-3,30,18,33,43,player-2,player-3
329,11,21,0.08270819671452045,player-3,36,18,38,45,player-3,player-3
329,12,17,0.06087496876716614,player-4,40,23,38,51,player-4,player-4
329,13,20,0.0641250517219305,player-4,40,24,41,54,player-1,player-4
329,14,18,0.06591714918613434,player-3,44,24,44,57,player-2,player-3
329,15,24,0.09195879101753235,player-2,52,30,44,60,player-3,player-2
329,16,17,0.0789170153439045,player-4,61,32,49,65,player-4,player-4
330,1,19,0.0749579630792141,player-3,3,5,9,2,player-1,player-3
330,2,18,0.06983405910432339,player-3,3,9,16,12,player-2,player-3
330,3,18,0.05929102189838886,player-4,7,9,20,18,player-3,player-4
330,4,17,0.05591590888798237,player-4,7,13,22,28,player-4,player-4
330,5,24,0.06724987179040909,player-4,10,15,22,39,player-1,player-4
330,6,17,0.061957864090800285,player-2,10,18,22,46,player-2,player-2
330,7,18,0.07170811295509338,player-4,11,18,31,55,player-3,player-4
330,8,17,0.047042034566402435,player-4,12,22,31,60,player-4,player-4
330,9,17,0.05920883268117905,player-1,14,24,38,67,player-1,player-1
330,10,17,0.05445815622806549,player-2,14,42,43,67,player-2,player-2
331,1,19,0.08887494914233685,player-3,2,0,9,8,player-1,player-3
331,2,17,0.07733399979770184,player-2,5,12,12,8,player-2,player-2
331,3,18,0.050999922677874565,player-4,7,14,16,9,player-3,player-4
331,4,17,0.0524159986525774,player-4,8,14,20,15,player-4,player-4
331,5,17,0.06195809692144394,player-1,15,16,22,18,player-1,player-1
331,6,18,0.0766250304877758,player-3,21,20,29,24,player-2,player-3
331,7,22,0.07033301517367363,player-4,26,23,36,26,player-3,player-4
331,8,19,0.08041714318096638,player-2,35,26,40,27,player-4,player-2
331,9,19,0.0752920750528574,player-3,37,31,49,33,player-1,player-3
331,10,25,0.07591606117784977,player-2,39,35,52,33,player-2,player-2
331,11,18,0.07524993270635605,player-4,43,44,53,50,player-3,player-4
331,12,18,0.06487499922513962,player-1,44,47,55,56,player-4,player-1
332,1,17,0.053541967645287514,player-3,2,3,5,0,player-3,player-3
332,2,19,0.05579204298555851,player-2,3,5,5,3,player-4,player-2
332,3,22,0.0712911132723093,player-2,5,12,7,9,player-1,player-2
332,4,24,0.0730000901967287,player-1,8,16,11,11,player-2,player-1
332,5,19,0.061042141169309616,player-1,13,19,13,17,player-3,player-1
332,6,20,0.05816691555082798,player-3,13,22,17,20,player-4,player-3
332,7,19,0.07979199290275574,player-3,16,26,17,24,player-1,player-3
332,8,17,0.07145805284380913,player-2,18,31,19,27,player-2,player-2
332,9,17,0.0658340286463499,player-3,18,36,27,30,player-3,player-3
332,10,18,0.07233303040266037,player-1,20,37,29,32,player-4,player-1
332,11,18,0.0639590434730053,player-2,25,42,29,33,player-1,player-2
332,12,26,0.07358286529779434,player-3,27,46,33,34,player-2,player-3
332,13,35,0.09604194201529026,player-1,32,47,38,36,player-3,player-1
332,14,19,0.056584132835268974,player-2,35,50,38,41,player-4,player-2
332,15,26,0.06874999962747097,none,36,53,43,47,player-1,none
333,1,23,0.06674998439848423,player-4,2,2,2,6,player-2,player-4
333,2,18,0.10399986058473587,player-4,4,7,5,13,player-3,player-4
333,3,18,0.0832919031381607,player-1,10,8,7,17,player-4,player-1
333,4,18,0.07987511344254017,player-2,12,10,9,24,player-1,player-2
333,5,17,0.07341615855693817,player-2,18,12,16,24,player-2,player-2
333,6,18,0.06162491627037525,player-4,18,12,20,25,player-3,player-4
333,7,18,0.059582991525530815,player-1,21,12,21,27,player-4,player-1
333,8,17,0.07841596379876137,player-1,23,14,22,32,player-1,player-1
333,9,22,0.10233395732939243,player-3,26,14,26,34,player-2,player-3
333,10,17,0.05350005812942982,player-3,29,16,30,34,player-3,player-3
333,11,21,0.11175009422004223,player-4,36,19,30,39,player-4,player-4
333,12,26,0.07358402945101261,player-2,39,22,31,41,player-1,player-2
333,13,17,0.06595812737941742,player-2,39,29,31,47,player-2,player-2
333,14,18,0.06587500683963299,player-4,40,31,39,48,player-3,player-4
333,15,26,0.07516611367464066,player-1,43,34,39,48,player-4,player-1
333,16,22,0.08170888759195805,player-2,43,37,41,50,player-1,player-2
333,17,17,0.08254218846559525,player-2,46,47,41,54,player-2,player-2
334,1,17,0.06516720168292522,player-3,5,2,8,2,player-3,player-3
334,2,17,0.08716597221791744,player-4,7,7,13,4,player-4,player-4
334,3,18,0.06791716441512108,player-2,10,13,16,4,player-1,player-2
334,4,20,0.08483300916850567,player-1,12,14,22,14,player-2,player-1
334,5,18,0.0688750296831131,player-4,13,18,23,15,player-3,player-4
334,6,17,0.05716690793633461,player-4,13,21,23,21,player-4,player-4
334,7,22,0.07995800115168095,player-2,14,32,30,23,player-1,player-2
334,8,17,0.09262491948902607,player-2,16,35,38,24,player-2,player-2
334,9,17,0.06087496876716614,player-3,18,37,41,30,player-3,player-3
334,10,19,0.0777500681579113,player-2,26,41,44,33,player-4,player-2
334,11,20,0.07841712795197964,player-4,26,44,45,43,player-1,player-4
334,12,17,0.06983405910432339,player-2,32,55,45,44,player-2,player-2
334,13,17,0.07937499321997166,player-3,38,60,47,48,player-3,player-3
335,1,20,0.08191587403416634,player-3,3,2,7,2,player-4,player-3
335,2,19,0.06266613490879536,player-3,8,3,10,4,player-1,player-3
335,3,18,0.05937507376074791,player-3,9,5,13,7,player-2,player-3
335,4,18,0.06900005973875523,player-4,13,6,15,13,player-3,player-4
335,5,17,0.06766710430383682,player-4,13,8,21,17,player-4,player-4
335,6,20,0.05683302879333496,player-4,14,12,24,18,player-1,player-4
335,7,17,0.06737490184605122,player-2,14,16,30,25,player-2,player-2
335,8,19,0.0944170169532299,player-1,23,24,38,25,player-3,player-1
335,9,22,0.09258300997316837,player-1,28,28,40,29,player-4,player-1
335,10,19,0.0730000901967287,player-3,29,30,46,31,player-1,player-3
335,11,21,0.0841671135276556,player-2,31,36,50,33,player-2,player-2
335,12,19,0.08574989624321461,player-1,40,41,52,37,player-3,player-1
335,13,17,0.11258292943239212,player-4,45,51,56,42,player-4,player-4
336,1,25,0.1116250641644001,player-1,4,3,3,2,player-1,player-1
336,2,19,0.10258401744067669,player-4,5,5,3,5,player-2,player-4
336,3,20,0.0966670922935009,player-2,5,14,5,13,player-3,player-2
336,4,22,0.07379194721579552,player-1,14,14,11,16,player-4,player-1
336,5,20,0.055666081607341766,none,17,15,11,19,player-1,none
336,6,18,0.06458302959799767,player-3,19,20,19,23,player-2,player-3
336,7,18,0.06854208186268806,player-4,21,28,25,31,player-3,player-4
336,8,20,0.06045796908438206,player-3,23,30,30,31,player-4,player-3
336,9,17,0.05487492308020592,player-1,25,31,30,33,player-1,player-1
336,10,19,0.0639590434730053,player-4,25,32,33,37,player-2,player-4
336,11,17,0.05408306606113911,player-3,28,32,37,39,player-3,player-3
336,12,17,0.06325007416307926,player-4,34,39,41,42,player-4,player-4
336,13,20,0.07595797069370747,player-4,41,40,42,49,player-1,player-4
336,14,17,0.08166697807610035,player-2,42,45,49,53,player-2,player-2
336,15,18,0.05904096178710461,player-4,42,47,53,59,player-3,player-4
337,1,18,0.06970809772610664,player-4,7,9,2,2,player-3,player-4
337,2,18,0.0613329466432333,player-1,10,19,7,8,player-4,player-1
337,3,19,0.07383385673165321,player-3,13,25,16,9,player-1,player-3
337,4,17,0.058582983911037445,player-2,19,29,16,11,player-2,player-2
337,5,18,0.06683403626084328,player-4,27,29,25,14,player-3,player-4
337,6,21,0.0741670373827219,player-4,34,36,31,18,player-4,player-4
337,7,23,0.08483394049108028,player-3,40,41,35,19,player-1,player-3
337,8,17,0.06170803681015968,player-2,42,51,41,19,player-2,player-2
337,9,19,0.0641669612377882,player-1,44,51,43,22,player-3,player-1
337,10,23,0.06604194641113281,none,45,52,47,23,player-4,none
337,11,17,0.08366699330508709,player-1,50,52,47,26,player-1,player-1
337,12,19,0.05208305083215237,player-4,51,53,47,28,player-2,player-4
337,13,18,0.062166014686226845,player-4,54,58,50,33,player-3,player-4
338,1,18,0.058542005717754364,player-4,0,2,2,5,player-3,player-4
338,2,19,0.08558412082493305,player-2,5,5,2,13,player-4,player-2
338,3,20,0.050541944801807404,none,6,8,2,18,player-1,none
338,4,18,0.07154210470616817,player-3,8,12,7,21,player-2,player-3
338,5,17,0.06745802238583565,player-3,9,19,10,21,player-3,player-3
338,6,17,0.05645793862640858,player-4,9,23,13,25,player-4,player-4
338,7,17,0.05220784805715084,player-1,13,26,14,27,player-1,player-1
338,8,30,0.10191695764660835,player-3,19,38,19,31,player-2,player-3
338,9,19,0.0715409405529499,player-1,20,41,19,36,player-3,player-1
338,10,17,0.06116693839430809,player-4,20,42,19,41,player-4,player-4
338,11,18,0.0552500132471323,player-2,23,45,21,41,player-1,player-2
338,12,17,0.055958982557058334,player-2,31,47,24,48,player-2,player-2
338,13,19,0.05920790135860443,none,34,48,26,50,player-3,none
338,14,25,0.07283384911715984,player-4,34,50,31,58,player-4,player-4
339,1,18,0.060542020946741104,player-4,1,4,2,4,player-3,player-4
339,2,17,0.05479087121784687,player-4,3,7,6,8,player-4,player-4
339,3,22,0.06791693158447742,player-2,4,15,9,13,player-1,player-2
339,4,22,0.10370812378823757,player-3,5,19,12,23,player-2,player-3
339,5,17,0.0527920201420784,player-3,7,24,15,27,player-3,player-3
339,6,17,0.0503340270370245,player-4,11,29,15,32,player-4,player-4
339,7,17,0.0624579843133688,player-1,14,32,17,33,player-1,player-1
339,8,19,0.07099984213709831,player-4,14,37,21,39,player-2,player-4
339,9,17,0.051208073273301125,player-3,19,38,27,41,player-3,player-3
339,10,17,0.053541967645287514,player-4,24,38,34,45,player-4,player-4
339,11,19,0.06445799954235554,player-3,26,41,37,45,player-1,player-3
339,12,17,0.07816683501005173,player-2,28,46,38,47,player-2,player-2
339,13,19,0.04812492989003658,none,28,46,41,47,player-3,none
339,14,22,0.0665830448269844,player-1,36,46,43,51,player-4,player-1
339,15,17,0.050625065341591835,player-1,37,46,44,53,player-1,player-1
339,16,18,0.05654105916619301,player-3,42,51,47,53,player-2,player-3
340,1,23,0.07387506775557995,player-1,4,2,1,1,player-3,player-1
340,2,18,0.060542020946741104,player-1,8,5,3,4,player-4,player-1
340,3,17,0.06600003689527512,player-1,16,15,10,6,player-1,player-1
340,4,17,0.07195794023573399,player-2,17,24,13,12,player-2,player-2
340,5,17,0.05874992348253727,player-3,17,24,24,16,player-3,player-3
340,6,19,0.052167102694511414,player-2,17,30,24,16,player-4,player-2
340,7,19,0.06975000724196434,player-3,18,36,26,19,player-1,player-3
340,8,18,0.05174987018108368,player-3,18,41,33,19,player-2,player-3
340,9,17,0.051459064707159996,player-3,20,41,40,21,player-3,player-3
340,10,18,0.07504201494157314,player-1,23,45,41,25,player-4,player-1
340,11,17,0.05787517875432968,player-1,28,46,43,25,player-1,player-1
340,12,17,0.04983297549188137,player-2,30,50,45,27,player-2,player-2
340,13,19,0.06620795466005802,player-1,33,53,50,29,player-3,player-1
340,14,18,0.06462493911385536,player-1,41,58,51,31,player-4,player-1
340,15,20,0.06833299994468689,player-4,43,60,52,36,player-1,player-4
340,16,24,0.09237485937774181,player-1,51,71,54,39,player-2,player-1
341,1,18,0.04850002005696297,none,3,0,0,0,player-3,none
341,2,17,0.05787494592368603,player-4,3,4,5,5,player-4,player-4
341,3,17,0.07283291779458523,player-1,8,10,8,10,player-1,player-1
341,4,19,0.0689169391989708,player-4,14,14,18,10,player-2,player-4
341,5,20,0.05987496115267277,player-2,14,18,20,10,player-3,player-2
341,6,17,0.07208297029137611,player-4,17,25,30,13,player-4,player-4
341,7,17,0.05970895290374756,player-1,25,25,30,19,player-1,player-1
341,8,17,0.05670799873769283,player-2,29,30,32,20,player-2,player-2
341,9,24,0.08870800957083702,player-2,30,34,34,26,player-3,player-2
341,10,18,0.05583302117884159,player-1,33,36,38,30,player-4,player-1
341,11,23,0.07545808330178261,player-3,36,40,44,31,player-1,player-3
341,12,17,0.05804118700325489,player-2,40,49,46,34,player-2,player-2
341,13,17,0.05374988541007042,player-3,45,53,49,35,player-3,player-3
341,14,17,0.07579103112220764,player-4,50,62,52,41,player-4,player-4
342,1,17,0.04983297549188137,player-4,4,4,0,5,player-4,player-4
342,2,20,0.07262500002980232,player-4,6,6,3,12,player-1,player-4
342,3,18,0.08262484334409237,player-3,7,10,14,12,player-2,player-3
342,4,19,0.085500068962574,player-1,8,12,16,14,player-3,player-1
342,5,18,0.06037508137524128,player-1,13,15,17,16,player-4,player-1
342,6,17,0.058625126257538795,player-1,21,15,22,17,player-1,player-1
342,7,18,0.06225006654858589,player-3,21,21,25,17,player-2,player-3
342,8,19,0.0713749323040247,player-1,22,21,26,23,player-3,player-1
342,9,18,0.058542005717754364,player-1,24,24,27,26,player-4,player-1
342,10,17,0.049250200390815735,player-1,27,27,31,26,player-1,player-1
342,11,23,6.475250003859401,player-4,29,27,36,33,player-2,player-4
342,12,17,0.06595812737941742,player-3,34,29,39,35,player-3,player-3
342,13,21,0.07745809853076935,player-4,34,31,42,40,player-4,player-4
342,14,18,0.058374833315610886,player-2,37,38,43,40,player-1,player-2
342,15,19,0.06291596218943596,player-4,40,39,44,46,player-2,player-4
342,16,20,0.07112487219274044,player-2,46,43,44,49,player-3,player-2
342,17,18,0.0613329466432333,player-1,48,43,46,51,player-4,player-1
342,18,21,0.07762503810226917,player-1,53,46,55,54,player-1,player-1
343,1,18,0.06983289495110512,player-2,3,7,3,5,player-1,player-2
343,2,22,0.0777500681579113,player-3,4,10,8,7,player-2,player-3
343,3,17,0.07070903666317463,player-3,10,12,13,10,player-3,player-3
343,4,21,0.06208382546901703,player-4,12,12,18,14,player-4,player-4
343,5,17,0.06937491707503796,player-1,15,14,18,16,player-1,player-1
343,6,19,0.07575005292892456,player-4,21,32,18,22,player-2,player-4
343,7,19,0.054791104048490524,player-1,29,35,20,22,player-3,player-1
343,8,17,0.07225014269351959,player-4,32,37,22,25,player-4,player-4
343,9,17,0.06595789454877377,player-1,34,43,24,33,player-1,player-1
343,10,17,0.06350013427436352,player-2,41,46,28,35,player-2,player-2
343,11,19,0.07562502287328243,player-1,53,47,32,41,player-3,player-1
343,12,18,0.06204191595315933,player-1,56,48,34,42,player-4,player-1
343,13,17,0.06483402103185654,player-1,62,49,34,49,player-1,player-1
343,14,20,0.08237501606345177,player-1,63,54,34,51,player-2,player-1
344,1,18,0.057540833950042725,player-3,0,2,6,0,player-2,player-3
344,2,19,0.06258301436901093,player-1,7,7,10,2,player-3,player-1
344,3,17,0.057042110711336136,player-4,9,10,15,10,player-4,player-4
344,4,17,0.0616670586168766,player-1,13,12,15,15,player-1,player-1
344,5,17,0.06008381024003029,player-2,18,20,15,22,player-2,player-2
344,6,17,0.06712507456541061,player-3,28,20,22,29,player-3,player-3
344,7,18,0.057625118643045425,player-1,34,24,24,30,player-4,player-1
344,8,22,0.07075001485645771,player-2,38,25,24,30,player-1,player-2
344,9,18,0.06820796988904476,player-3,42,34,27,33,player-2,player-3
344,10,17,0.07349997758865356,player-3,47,36,31,36,player-3,player-3
344,11,18,0.05300017073750496,player-1,49,37,33,36,player-4,player-1
344,12,21,0.06870809011161327,player-1,53,41,37,39,player-1,player-1
344,13,17,0.06229197606444359,player-2,56,45,39,43,player-2,player-2
344,14,20,0.07850001566112041,player-2,59,54,41,43,player-3,player-2
345,1,17,0.07837521843612194,player-3,4,3,7,2,player-3,player-3
345,2,17,0.09004189632833004,player-4,8,7,12,5,player-4,player-4
345,3,20,0.07195794023573399,player-4,12,11,14,8,player-1,player-4
345,4,17,0.06554205901920795,player-2,16,15,17,8,player-2,player-2
345,5,21,0.06337487138807774,player-3,19,18,22,13,player-3,player-3
345,6,21,0.07791607640683651,player-4,25,24,26,16,player-4,player-4
345,7,21,0.06333296187222004,player-1,28,24,28,16,player-1,player-1
345,8,17,0.07883389480412006,player-2,34,27,36,17,player-2,player-2
345,9,19,0.06495905108749866,player-1,37,30,36,17,player-3,player-1
345,10,20,0.07591699250042439,player-3,38,30,44,17,player-4,player-3
345,11,17,0.06016693077981472,player-1,45,33,45,17,player-1,player-1
345,12,17,0.06174994632601738,player-2,48,38,51,17,player-2,player-2
345,13,17,0.055042095482349396,player-3,49,43,54,17,player-3,player-3
346,1,19,0.09033386595547199,player-1,2,0,5,3,player-3,player-1
346,2,18,0.0688331201672554,player-1,7,2,5,10,player-4,player-1
346,3,17,0.07091579027473927,player-1,14,3,13,12,player-1,player-1
346,4,17,0.06820913404226303,player-2,23,5,14,18,player-2,player-2
346,5,17,0.05091587081551552,player-3,26,10,16,18,player-3,player-3
346,6,18,0.0566248781979084,player-1,35,15,16,24,player-4,player-1
346,7,19,0.07004104554653168,player-3,40,19,16,29,player-1,player-3
346,8,18,0.0738329254090786,player-3,43,24,17,34,player-2,player-3
346,9,18,0.057040946558117867,player-4,45,29,24,39,player-3,player-4
346,10,19,0.0652919989079237,player-2,45,33,26,42,player-4,player-2
346,11,17,0.05283299833536148,player-1,53,33,30,42,player-1,player-1
346,12,19,0.057042110711336136,player-4,56,35,32,47,player-2,player-4
346,13,17,0.04875008016824722,player-3,58,35,35,47,player-3,player-3
346,14,17,0.05920883268117905,player-4,60,35,36,51,player-4,player-4
346,15,20,0.05583302117884159,player-4,65,35,42,56,player-1,player-4
347,1,19,0.06333296187222004,player-3,6,0,5,4,player-1,player-3
347,2,17,0.06154109723865986,player-2,8,5,6,8,player-2,player-2
347,3,17,0.06487499922513962,player-3,8,9,10,13,player-3,player-3
347,4,18,0.0516669824719429,player-1,9,10,10,15,player-4,player-1
347,5,18,0.058999983593821526,player-2,11,17,11,19,player-1,player-2
347,6,17,0.05537504330277443,player-2,11,25,12,20,player-2,player-2
347,7,19,0.0743749551475048,player-1,14,30,15,24,player-3,player-1
347,8,17,0.08645793423056602,player-4,15,36,18,35,player-4,player-4
347,9,17,0.0616670586168766,player-1,19,37,18,37,player-1,player-1
347,10,17,0.05720788612961769,player-2,23,42,20,39,player-2,player-2
347,11,17,0.07708300836384296,player-3,23,47,28,45,player-3,player-3
347,12,18,0.06666593253612518,player-1,26,50,33,47,player-4,player-1
347,13,20,0.07316586561501026,player-4,27,52,35,50,player-1,player-4
348,1,19,0.11416594497859478,player-2,2,7,4,6,player-4,player-2
348,2,20,0.07279100827872753,player-4,6,7,4,10,player-1,player-4
348,3,17,0.07333303801715374,player-2,8,12,6,13,player-2,player-2
348,4,19,0.06979098543524742,player-1,11,15,11,18,player-3,player-1
348,5,17,0.06587500683963299,player-4,14,15,15,22,player-4,player-4
348,6,21,0.08908286690711975,player-1,25,16,24,24,player-1,player-1
348,7,17,0.07333303801715374,player-2,30,20,24,27,player-2,player-2
348,8,17,0.07516704499721527,player-3,35,23,28,32,player-3,player-3
348,9,17,0.07087504491209984,player-4,37,26,29,37,player-4,player-4
348,10,17,0.04929187707602978,player-1,42,26,30,39,player-1,player-1
348,11,20,0.06433296948671341,player-1,44,27,34,41,player-2,player-1
348,12,18,0.05600019358098507,player-4,48,28,37,45,player-3,player-4
348,13,17,0.0639590434730053,player-4,50,30,39,51,player-4,player-4
348,14,19,0.06687501445412636,player-3,53,30,47,54,player-1,player-3
349,1,17,0.0552500132471323,player-4,2,2,0,3,player-4,player-4
349,2,17,0.07345806807279587,player-1,10,2,3,4,player-1,player-1
349,3,24,0.07287506014108658,player-1,19,5,7,10,player-2,player-1
349,4,18,0.08925003930926323,player-4,23,9,12,22,player-3,player-4
349,5,17,0.06866594776511192,player-4,25,12,18,31,player-4,player-4
349,6,18,0.06474996916949749,player-2,29,20,24,34,player-1,player-2
349,7,17,0.05725002847611904,player-2,29,28,24,37,player-2,player-2
349,8,17,0.0700000673532486,player-3,34,35,31,37,player-3,player-3
349,9,17,0.06462493911385536,player-4,37,37,40,39,player-4,player-4
349,10,17,0.06533414125442505,player-1,46,39,43,41,player-1,player-1
349,11,17,0.059540849179029465,player-2,47,53,43,43,player-2,player-2
349,12,19,0.08099991828203201,player-1,51,54,47,45,player-3,player-1
349,13,19,0.0893748365342617,player-2,55,64,52,49,player-4,player-2
350,1,17,0.07058307528495789,player-2,1,7,0,2,player-2,player-2
350,2,17,0.06212480366230011,player-3,1,10,9,5,player-3,player-3
350,3,17,0.06879097782075405,player-4,2,17,14,7,player-4,player-4
350,4,19,0.07883389480412006,player-3,5,19,16,12,player-1,player-3
350,5,21,0.06758305244147778,player-2,12,20,17,13,player-2,player-2
350,6,21,0.06745918653905392,player-3,18,34,17,22,player-3,player-3
350,7,19,0.059999991208314896,player-2,22,38,19,22,player-4,player-2
350,8,17,0.05837506614625454,player-1,24,43,19,25,player-1,player-1
350,9,17,0.06441702134907246,player-2,29,51,23,25,player-2,player-2
350,10,18,0.059791142120957375,player-4,34,54,23,27,player-3,player-4
350,11,17,0.06208405829966068,player-4,39,54,27,34,player-4,player-4
350,12,20,0.06395811215043068,player-4,43,58,28,38,player-1,player-4
350,13,18,0.06679119542241096,player-3,45,64,29,41,player-2,player-3
351,1,19,0.1090408768504858,player-4,5,5,11,0,player-2,player-4
351,2,20,0.0743749551475048,player-2,8,7,12,2,player-3,player-2
351,3,17,0.07012486457824707,player-4,8,7,18,5,player-4,player-4
351,4,21,0.08525000885128975,player-1,15,10,18,8,player-1,player-1
351,5,17,0.07616705261170864,player-2,20,20,19,14,player-2,player-2
351,6,18,0.06224983371794224,player-4,21,25,29,25,player-3,player-4
351,7,17,0.0677499920129776,player-4,23,32,29,27,player-4,player-4
351,8,18,0.059999991208314896,player-2,23,41,31,30,player-1,player-2
351,9,17,0.058416975662112236,player-2,26,47,31,34,player-2,player-2
351,10,17,0.057582976296544075,player-3,27,51,34,35,player-3,player-3
351,11,17,0.05024997517466545,player-4,34,52,36,41,player-4,player-4
351,12,20,0.053958967328071594,player-4,37,53,36,48,player-1,player-4
352,1,18,0.06554205901920795,player-2,3,9,4,4,player-1,player-2
352,2,17,0.0624579843133688,player-2,8,13,10,6,player-2,player-2
352,3,18,0.058125006034970284,player-4,13,13,15,11,player-3,player-4
352,4,18,0.07258309051394463,player-1,22,19,18,16,player-4,player-1
352,5,21,0.10708393529057503,player-1,30,20,22,20,player-1,player-1
352,6,17,0.05966704338788986,player-2,38,24,25,25,player-2,player-2
352,7,18,0.05629193037748337,player-4,39,27,26,28,player-3,player-4
352,8,18,0.06687501445412636,player-1,52,31,33,36,player-4,player-1
352,9,18,0.06087496876716614,player-2,53,38,34,36,player-1,player-2
352,10,17,0.06808387115597725,player-2,54,42,35,36,player-2,player-2
352,11,17,0.05829101428389549,player-3,55,42,51,36,player-3,player-3
353,1,17,0.06145797669887543,player-1,2,9,6,0,player-1,player-1
353,2,17,0.06312504410743713,player-2,5,18,14,0,player-2,player-2
353,3,18,0.08312496356666088,player-4,9,18,27,4,player-3,player-4
353,4,19,0.06174994632601738,player-2,13,20,29,7,player-4,player-2
353,5,17,0.0760830007493496,player-1,28,26,33,7,player-1,player-1
353,6,20,0.0641250517219305,player-1,30,32,33,7,player-2,player-1
353,7,17,0.06954092532396317,player-3,32,34,38,7,player-3,player-3
353,8,17,0.06491690874099731,player-4,38,34,43,8,player-4,player-4
353,9,18,0.06720796227455139,player-2,40,35,48,9,player-1,player-2
353,10,18,0.07812492549419403,player-3,44,39,51,13,player-2,player-3
353,11,17,0.059333862736821175,player-3,47,43,54,17,player-3,player-3
354,1,17,0.08229189552366734,player-4,0,4,2,5,player-4,player-4
354,2,20,0.08949986658990383,player-4,7,10,5,16,player-1,player-4
354,3,18,0.0764590222388506,player-3,14,17,16,23,player-2,player-3
354,4,17,0.050416914746165276,player-3,17,19,18,24,player-3,player-3
354,5,19,0.08508306927978992,player-2,27,22,21,26,player-4,player-2
354,6,27,0.08316710591316223,player-3,31,27,27,28,player-1,player-3
354,7,22,0.07625017315149307,player-3,33,30,32,28,player-2,player-3
354,8,17,0.051625072956085205,player-3,38,33,44,31,player-3,player-3
354,9,19,0.06408407352864742,player-2,38,39,49,32,player-4,player-2
354,10,18,0.06258301436901093,player-2,48,45,54,32,player-1,player-2
355,1,19,0.06408290937542915,player-1,6,4,4,1,player-3,player-1
355,2,18,0.06379210390150547,player-1,13,6,5,8,player-4,player-1
355,3,17,0.0668747816234827,player-1,18,10,5,8,player-1,player-1
355,4,17,0.06183306686580181,player-2,22,20,7,10,player-2,player-2
355,5,18,0.09329081512987614,player-4,24,23,8,15,player-3,player-4
355,6,17,0.056040938943624496,player-4,25,25,9,26,player-4,player-4
355,7,14,0.04087504930794239,none,26,25,9,28,player-1,none
355,8,17,0.06487499922513962,player-2,29,28,9,29,player-2,player-2
355,9,17,0.09533390402793884,player-3,35,30,19,30,player-3,player-3
355,10,18,0.10254187509417534,player-1,43,38,24,37,player-4,player-1
355,11,18,0.06524985656142235,player-2,49,51,26,46,player-1,player-2
355,12,17,0.06191711872816086,player-2,49,54,26,49,player-2,player-2
356,1,17,0.07620896212756634,player-3,2,0,5,4,player-3,player-3
356,2,19,0.06429199129343033,player-2,2,7,11,10,player-4,player-2
356,3,17,0.07245782762765884,player-1,5,8,11,14,player-1,player-1
356,4,18,0.07229205220937729,player-3,5,12,16,15,player-2,player-3
356,5,18,0.06258301436901093,player-4,9,13,20,19,player-3,player-4
356,6,17,0.06466684862971306,player-4,12,13,23,23,player-4,player-4
356,7,17,0.06408407352864742,player-1,16,13,25,26,player-1,player-1
356,8,19,0.07233396172523499,player-4,27,28,33,32,player-2,player-4
356,9,17,0.061125028878450394,player-3,31,28,41,32,player-3,player-3
356,10,17,0.06766710430383682,player-4,36,33,43,38,player-4,player-4
356,11,17,0.055167125537991524,player-1,39,34,47,43,player-1,player-1
356,12,17,0.061416998505592346,player-2,40,35,47,43,player-2,player-2
356,13,17,0.05283299833536148,player-3,41,37,56,44,player-3,player-3
356,14,17,0.06191711872816086,player-4,42,39,56,52,player-4,player-4
356,15,20,0.06362493149936199,player-4,48,39,60,60,player-1,player-4
357,1,17,0.07258402183651924,player-3,2,0,4,2,player-3,player-3
357,2,18,0.06500002928078175,player-1,5,1,9,3,player-4,player-1
357,3,17,0.05991593934595585,player-1,14,4,10,3,player-1,player-1
357,4,21,0.06408407352864742,player-2,15,7,13,3,player-2,player-2
357,5,17,0.05766702815890312,player-3,19,10,15,4,player-3,player-3
357,6,18,0.0641250517219305,player-1,28,13,21,6,player-4,player-1
357,7,22,0.07579219527542591,player-2,30,19,23,15,player-1,player-2
357,8,18,0.0575000885874033,player-3,33,20,26,17,player-2,player-3
357,9,22,0.08099991828203201,player-4,37,27,28,22,player-3,player-4
357,10,17,0.06975000724196434,player-4,39,31,28,27,player-4,player-4
357,11,18,0.08820812217891216,player-2,43,35,30,30,player-1,player-2
357,12,17,0.051416922360658646,player-2,44,36,31,32,player-2,player-2
357,13,20,0.06562517955899239,player-2,46,46,35,32,player-3,player-2
357,14,21,0.07433281280100346,player-4,47,48,39,39,player-4,player-4
357,15,17,0.09058392606675625,player-1,47,48,39,42,player-1,player-1
357,16,20,0.07070810534060001,player-1,49,48,41,42,player-2,player-1
357,17,17,0.059125013649463654,player-3,51,49,42,44,player-3,player-3
357,18,18,0.09337486699223518,player-1,59,56,52,50,player-4,player-1
358,1,18,0.07045804522931576,player-4,2,0,8,5,player-3,player-4
358,2,20,0.08570798672735691,player-3,3,5,12,5,player-4,player-3
358,3,17,0.07145782001316547,player-1,8,5,18,8,player-1,player-1
358,4,18,0.0702079851180315,player-3,13,7,22,13,player-2,player-3
358,5,20,0.07504201494157314,player-2,15,15,23,14,player-3,player-2
358,6,17,0.062374863773584366,player-4,18,19,25,21,player-4,player-4
358,7,18,0.07362500764429569,player-2,23,21,26,27,player-1,player-2
358,8,17,0.0665830448269844,player-2,26,26,27,28,player-2,player-2
358,9,17,0.06983289495110512,player-3,30,32,30,31,player-3,player-3
358,10,26,0.0794590450823307,player-1,30,38,32,40,player-4,player-1
358,11,24,0.07591699250042439,player-4,36,42,38,48,player-1,player-4
358,12,18,0.06291596218943596,player-3,38,44,40,51,player-2,player-3
358,13,17,0.062417006120085716,player-3,40,44,45,53,player-3,player-3
358,14,17,0.06670784205198288,player-4,45,49,51,55,player-4,player-4
359,1,19,0.07375003769993782,player-1,2,4,0,11,player-3,player-1
359,2,17,0.05908403545618057,player-4,2,5,5,17,player-4,player-4
359,3,17,0.07408391684293747,player-1,5,8,9,20,player-1,player-1
359,4,19,0.08425000123679638,player-4,12,9,13,21,player-2,player-4
359,5,21,0.09104120545089245,player-3,15,9,16,24,player-3,player-3
359,6,17,0.0741670373827219,player-4,20,10,17,27,player-4,player-4
359,7,17,0.06333296187222004,player-1,22,10,20,27,player-1,player-1
359,8,17,0.05429098382592201,player-2,23,22,21,28,player-2,player-2
359,9,23,0.07187505252659321,player-1,23,22,35,31,player-3,player-1
359,10,17,0.08675013668835163,player-4,28,30,39,40,player-4,player-4
359,11,23,0.07999991066753864,player-3,29,32,42,41,player-1,player-3
359,12,17,0.06120884791016579,player-2,32,38,43,44,player-2,player-2
359,13,20,0.059791840612888336,player-2,33,40,45,46,player-3,player-2
359,14,17,0.07474981248378754,player-4,38,45,49,46,player-4,player-4
359,15,27,0.08945795707404613,player-3,40,51,54,47,player-1,player-3
359,16,18,0.11041620746254921,player-3,40,54,60,54,player-2,player-3
360,1,17,0.069082947447896,player-1,9,4,2,1,player-1,player-1
360,2,18,0.06845896132290363,player-3,10,5,9,5,player-2,player-3
360,3,17,0.05850009620189667,player-3,14,7,14,8,player-3,player-3
360,4,17,0.06666593253612518,player-4,15,7,18,12,player-4,player-4
360,5,18,0.07304106839001179,player-2,19,9,18,15,player-1,player-2
360,6,20,0.0862909946590662,player-1,23,11,19,19,player-2,player-1
360,7,18,0.06025005131959915,player-4,26,15,21,24,player-3,player-4
360,8,20,0.0705840066075325,player-3,29,18,23,26,player-4,player-3
360,9,19,0.063000014051795,player-3,32,23,26,33,player-1,player-3
360,10,19,0.09054201655089855,player-4,39,24,34,37,player-2,player-4
360,11,17,0.07108412683010101,player-3,42,24,39,37,player-3,player-3
360,12,18,0.06325007416307926,player-1,44,28,41,44,player-4,player-1
360,13,17,0.08266698569059372,player-1,50,31,41,50,player-1,player-1
360,14,19,0.0666249543428421,player-4,51,36,42,54,player-2,player-4
360,15,25,0.07816590368747711,player-3,51,36,47,55,player-3,player-3
360,16,17,0.05020899698138237,player-4,52,36,49,63,player-4,player-4
361,1,17,0.06500002928078175,player-3,8,8,5,3,player-3,player-3
361,2,19,0.05941721610724926,player-2,10,11,7,3,player-4,player-2
361,3,17,0.07179193198680878,player-1,14,14,11,9,player-1,player-1
361,4,18,0.08145882748067379,player-3,14,15,16,16,player-2,player-3
361,5,23,0.07162499241530895,none,14,16,23,19,player-3,none
361,6,18,0.06029196083545685,player-1,20,19,34,19,player-4,player-1
361,7,21,0.07850001566112041,player-1,29,26,39,25,player-1,player-1
361,8,17,0.07166597060859203,player-2,31,26,42,36,player-2,player-2
361,9,17,0.06395811215043068,player-3,35,26,49,37,player-3,player-3
361,10,20,0.07183314301073551,player-3,42,28,55,43,player-4,player-3
361,11,25,0.08866610005497932,player-1,44,32,61,50,player-1,player-1
362,1,17,0.06458302959799767,player-4,3,3,2,8,player-4,player-4
362,2,18,0.0585832167416811,player-2,4,14,3,10,player-1,player-2
362,3,17,0.08570915088057518,player-2,6,20,5,10,player-2,player-2
362,4,17,0.06587500683963299,player-3,6,22,10,10,player-3,player-3
362,5,17,0.06591714918613434,player-4,9,25,11,11,player-4,player-4
362,6,17,0.07129204459488392,player-1,13,29,15,17,player-1,player-1
362,7,17,0.07508299313485622,player-2,18,39,16,20,player-2,player-2
362,8,19,0.08475012145936489,player-1,25,39,17,24,player-3,player-1
362,9,28,0.07483293302357197,player-3,27,42,21,26,player-4,player-3
362,10,19,0.05645793862640858,player-3,34,42,28,30,player-1,player-3
362,11,18,0.05316687747836113,player-3,36,46,35,34,player-2,player-3
362,12,17,0.05487492308020592,player-3,38,46,39,39,player-3,player-3
362,13,27,0.07470790296792984,player-2,40,50,42,42,player-4,player-2
362,14,24,0.07362500764429569,player-4,43,53,48,49,player-1,player-4
363,1,17,0.06958306767046452,player-2,0,14,0,11,player-2,player-2
363,2,17,0.05387491546571255,player-3,1,15,7,13,player-3,player-3
363,3,18,0.063000014051795,player-1,7,18,11,16,player-4,player-1
363,4,27,0.0826660543680191,player-3,13,18,17,20,player-1,player-3
363,5,19,0.07383385673165321,player-4,19,29,30,23,player-2,player-4
363,6,26,0.0692091416567564,none,19,31,30,24,player-3,none
363,7,17,0.05787517875432968,player-4,19,35,30,26,player-4,player-4
363,8,17,0.0599580816924572,player-1,24,35,32,29,player-1,player-1
363,9,20,0.07620779797434807,player-1,31,42,39,32,player-2,player-1
363,10,23,0.07462501525878906,player-1,33,51,40,32,player-3,player-1
363,11,17,0.06354181095957756,player-4,36,52,48,35,player-4,player-4
363,12,17,0.06787502206861973,player-1,39,57,51,42,player-1,player-1
363,13,17,0.05787494592368603,player-2,44,60,57,42,player-2,player-2
364,1,19,0.062125036492943764,player-1,3,1,1,4,player-3,player-1
364,2,18,0.04987488500773907,player-1,5,8,5,9,player-4,player-1
364,3,17,0.0741251278668642,player-1,8,9,5,13,player-1,player-1
364,4,21,0.08820788934826851,player-2,10,18,9,18,player-2,player-2
364,5,17,0.05970802158117294,player-3,11,20,11,18,player-3,player-3
364,6,17,0.07483386434614658,player-4,12,22,14,25,player-4,player-4
364,7,18,0.06341584958136082,player-2,13,24,16,28,player-1,player-2
364,8,17,0.06062490865588188,player-2,18,33,18,30,player-2,player-2
364,9,19,0.05545793101191521,none,18,33,24,32,player-3,none
364,10,18,0.048416899517178535,player-1,23,34,25,35,player-4,player-1
364,11,29,0.07637497037649155,none,26,35,25,40,player-1,none
364,12,17,0.05408306606113911,player-2,27,46,29,46,player-2,player-2
364,13,17,0.05929195322096348,player-3,29,48,33,49,player-3,player-3
364,14,18,0.06787502206861973,player-1,33,54,35,53,player-4,player-1
365,1,17,0.05974993109703064,player-1,6,1,5,2,player-1,player-1
365,2,17,0.05945796146988869,player-2,10,2,10,5,player-2,player-2
365,3,17,0.049541937187314034,player-3,14,5,14,7,player-3,player-3
365,4,19,0.06025005131959915,player-2,18,9,15,9,player-4,player-2
365,5,17,0.05670893006026745,player-1,20,13,17,13,player-1,player-1
365,6,20,0.06566592492163181,player-1,29,17,17,15,player-2,player-1
365,7,19,0.07266714237630367,player-1,33,17,18,16,player-3,player-1
365,8,19,0.06895791739225388,player-2,35,19,22,20,player-4,player-2
365,9,17,0.05008396692574024,player-1,40,22,22,21,player-1,player-1
365,10,17,0.06287498399615288,player-2,47,27,23,25,player-2,player-2
365,11,17,0.05250005051493645,player-3,47,29,26,28,player-3,player-3
365,12,18,0.06524985656142235,player-1,50,33,26,29,player-4,player-1
365,13,17,0.05350005812942982,player-1,55,33,28,29,player-1,player-1
365,14,17,0.07454189471900463,player-2,57,36,28,35,player-2,player-2
365,15,17,0.06229197606444359,player-3,61,42,34,37,player-3,player-3
365,16,20,0.0802080612629652,player-3,61,48,42,47,player-4,player-3
366,1,21,0.06033317185938358,player-1,3,1,5,4,player-1,player-1
366,2,19,0.0617089681327343,player-4,3,3,9,6,player-2,player-4
366,3,24,0.0614591408520937,none,4,7,11,6,player-3,none
366,4,17,0.06408407352864742,player-4,8,7,17,12,player-4,player-4
366,5,17,0.05554221570491791,player-1,16,9,17,15,player-1,player-1
366,6,17,0.0654999166727066,player-2,20,15,19,23,player-2,player-2
366,7,18,0.06545800715684891,player-4,22,19,24,26,player-3,player-4
366,8,18,0.1124159898608923,player-1,25,22,25,30,player-4,player-1
366,9,18,0.08774991147220135,player-2,25,26,25,35,player-1,player-2
366,10,20,0.06274995394051075,player-1,26,27,25,36,player-2,player-1
366,11,17,0.04579196684062481,player-3,26,29,29,38,player-3,player-3
366,12,31,0.0927499495446682,player-2,33,31,29,42,player-4,player-2
366,13,17,0.05937507376074791,player-1,42,31,32,43,player-1,player-1
366,14,21,0.07533282041549683,none,44,33,32,43,player-2,none
366,15,20,0.07100007496774197,player-2,48,41,35,48,player-3,player-2
366,16,18,0.05329097621142864,player-1,53,41,36,52,player-4,player-1
366,17,17,0.06291596218943596,player-1,58,41,36,54,player-1,player-1
366,18,17,0.059165991842746735,player-2,68,55,42,57,player-2,player-2
367,1,20,0.08145882748067379,player-4,5,5,1,3,player-1,player-4
367,2,18,0.04737498238682747,none,5,6,2,8,player-2,none
367,3,19,0.06975000724196434,player-1,8,8,4,8,player-3,player-1
367,4,20,0.06620888598263264,player-3,11,9,11,8,player-4,player-3
367,5,17,0.07887487299740314,player-1,17,9,15,14,player-1,player-1
367,6,17,0.05991710349917412,player-2,26,19,20,17,player-2,player-2
367,7,17,0.05112518556416035,player-3,26,22,25,19,player-3,player-3
367,8,18,0.06016693077981472,player-1,26,30,30,26,player-4,player-1
367,9,17,0.06037508137524128,player-1,29,30,32,26,player-1,player-1
367,10,27,0.0874160323292017,none,31,33,34,34,player-2,none
367,11,17,0.08133403025567532,player-3,33,36,41,39,player-3,player-3
367,12,29,0.06229197606444359,none,33,36,48,44,player-4,none
367,13,17,0.05408306606113911,player-1,45,37,51,49,player-1,player-1
367,14,17,0.0677499920129776,player-2,52,42,55,51,player-2,player-2
368,1,28,0.08354103192687035,player-3,2,1,3,8,player-4,player-3
368,2,18,0.07641687989234924,player-2,3,8,5,11,player-1,player-2
368,3,18,0.0677499920129776,player-3,9,12,10,12,player-2,player-3
368,4,17,0.071333022788167,player-3,10,15,17,13,player-3,player-3
368,5,17,0.060208141803741455,player-4,17,15,22,16,player-4,player-4
368,6,18,0.05183299072086811,none,18,15,24,18,player-1,none
368,7,18,0.06874999962747097,player-3,21,22,31,20,player-2,player-3
368,8,18,0.07033301517367363,player-4,23,23,33,21,player-3,player-4
368,9,18,0.053999945521354675,player-1,26,26,36,26,player-4,player-1
368,10,17,0.04691607318818569,player-1,32,28,36,29,player-1,player-1
368,11,18,0.06866711191833019,player-3,35,29,38,41,player-2,player-3
368,12,17,0.056416960433125496,player-3,43,29,42,42,player-3,player-3
368,13,29,0.06574997678399086,none,43,31,46,46,player-4,none
368,14,17,0.05474989302456379,player-1,43,34,53,54,player-1,player-1
368,15,20,0.08370913565158844,player-1,45,45,55,67,player-2,player-1
369,1,17,0.07250020280480385,player-4,5,1,5,9,player-4,player-4
369,2,19,0.07362500764429569,player-3,7,4,13,11,player-1,player-3
369,3,22,0.06824987940490246,player-3,13,5,22,18,player-2,player-3
369,4,17,0.06262515671551228,player-3,16,6,33,20,player-3,player-3
369,5,18,0.06866618059575558,player-1,24,9,38,25,player-4,player-1
369,6,18,0.0624579843133688,player-2,27,13,40,25,player-1,player-2
369,7,17,0.07324991747736931,player-2,31,18,43,28,player-2,player-2
369,8,23,0.08104206062853336,player-1,34,20,46,38,player-3,player-1
369,9,18,0.06554112769663334,player-1,36,23,55,39,player-4,player-1
369,10,18,0.0527501106262207,player-2,42,25,57,41,player-1,player-2
369,11,18,0.06591598503291607,player-3,43,28,62,45,player-2,player-3
370,1,18,0.06720796227455139,player-3,1,6,6,3,player-2,player-3
370,2,17,0.07433304563164711,player-3,1,8,7,7,player-3,player-3
370,3,17,0.058499863371253014,player-4,1,12,12,17,player-4,player-4
370,4,17,0.07116701453924179,player-1,5,13,15,18,player-1,player-1
370,5,23,0.07349997758865356,player-4,9,19,22,23,player-2,player-4
370,6,17,0.0602498184889555,player-3,9,28,25,25,player-3,player-3
370,7,17,0.061959028244018555,player-4,9,32,29,27,player-4,player-4
370,8,18,0.05787494592368603,player-2,10,34,30,29,player-1,player-2
370,9,18,0.08016685023903847,player-3,15,36,40,34,player-2,player-3
370,10,18,0.055625103414058685,player-4,17,40,48,36,player-3,player-4
370,11,20,0.08812500163912773,player-3,31,45,65,38,player-4,player-3
370,12,18,0.08629192598164082,player-2,37,56,73,46,player-1,player-2
371,1,18,0.051042065024375916,player-4,2,2,3,5,player-3,player-4
371,2,17,0.06791716441512108,player-4,3,7,3,11,player-4,player-4
371,3,17,0.06691715680062771,player-1,7,11,3,17,player-1,player-1
371,4,17,0.07962482050061226,player-2,10,22,3,26,player-2,player-2
371,5,19,0.05574990063905716,player-1,15,24,6,28,player-3,player-1
371,6,17,0.05066697485744953,player-4,15,26,8,31,player-4,player-4
371,7,23,0.09549991227686405,player-3,17,35,8,34,player-1,player-3
371,8,17,0.06700004450976849,player-2,18,44,11,42,player-2,player-2
371,9,17,0.05891593173146248,player-3,20,46,19,42,player-3,player-3
371,10,20,0.06129196844995022,player-3,24,46,26,42,player-4,player-3
371,11,17,0.05324999801814556,player-1,30,47,26,43,player-1,player-1
371,12,17,0.05345884710550308,player-2,30,49,27,46,player-2,player-2
371,13,20,0.06904196925461292,player-2,35,52,27,51,player-3,player-2
372,1,17,0.06483285687863827,player-2,1,6,0,7,player-2,player-2
372,2,18,0.06479094736278057,player-4,2,8,2,17,player-3,player-4
372,3,33,0.08904095739126205,player-4,7,9,5,23,player-4,player-4
372,4,18,0.05570799112319946,player-2,8,10,5,24,player-1,player-2
372,5,17,0.05674990825355053,player-2,12,12,6,27,player-2,player-2
372,6,17,0.06225006654858589,player-3,16,14,10,28,player-3,player-3
372,7,17,0.06279093213379383,player-4,17,16,13,34,player-4,player-4
372,8,28,0.08758320473134518,player-4,20,16,19,40,player-1,player-4
372,9,17,0.05950010381639004,player-2,22,21,19,43,player-2,player-2
372,10,18,0.06250012665987015,player-4,26,25,20,45,player-3,player-4
372,11,17,0.04941713996231556,player-4,30,26,20,49,player-4,player-4
372,12,17,0.05266699008643627,player-1,38,28,24,49,player-1,player-1
372,13,20,0.05775014869868755,player-1,45,28,26,53,player-2,player-1
372,14,20,0.05462486296892166,player-2,47,34,27,56,player-3,player-2
372,15,25,0.07779104635119438,none,49,37,31,63,player-4,none
373,1,19,0.06999983452260494,player-3,1,0,0,3,player-1,player-3
373,2,24,0.07608416490256786,player-1,4,9,0,4,player-2,player-1
373,3,19,0.054582953453063965,player-1,4,13,2,6,player-3,player-1
373,4,25,0.07691700011491776,none,11,16,7,10,player-4,none
373,5,17,0.056916847825050354,player-1,13,21,9,12,player-1,player-1
373,6,20,0.06670784205198288,player-1,22,26,10,18,player-2,player-1
373,7,17,0.05870894528925419,player-3,22,31,14,20,player-3,player-3
373,8,17,0.04908395931124687,player-4,25,33,19,25,player-4,player-4
373,9,17,0.05950010381639004,player-1,27,33,23,33,player-1,player-1
373,10,17,0.07466715760529041,player-2,29,41,25,37,player-2,player-2
373,11,19,0.06575020961463451,player-1,36,47,31,41,player-3,player-1
373,12,17,0.0527501106262207,player-4,36,50,31,50,player-4,player-4
374,1,17,0.071709044277668,player-2,5,6,3,0,player-2,player-2
374,2,17,0.06500002928078175,player-3,10,9,11,0,player-3,player-3
374,3,18,0.06824987940490246,player-1,14,12,13,1,player-4,player-1
374,4,19,0.07866602391004562,player-3,16,15,23,2,player-1,player-3
374,5,17,0.05870801396667957,player-2,19,21,24,2,player-2,player-2
374,6,25,0.07850001566112041,player-3,21,25,28,7,player-3,player-3
374,7,20,0.09216694161295891,player-3,22,28,34,10,player-4,player-3
374,8,22,0.09241700172424316,player-2,23,39,38,16,player-1,player-2
374,9,19,0.07904204539954662,player-4,28,46,44,22,player-2,player-4
374,10,25,0.09179115295410156,player-3,37,55,50,28,player-3,player-3
374,11,24,0.06479094736278057,none,37,56,50,30,player-4,none
374,12,20,0.07324991747736931,player-4,42,56,50,34,player-1,player-4
374,13,25,0.07900013588368893,player-2,46,63,52,34,player-2,player-2
374,14,17,0.06074993871152401,player-3,53,63,58,36,player-3,player-3
375,1,17,0.08029094897210598,player-1,3,2,2,0,player-1,player-1
375,2,19,0.07370789535343647,player-4,3,5,9,4,player-2,player-4
375,3,17,0.06129196844995022,player-3,4,9,12,9,player-3,player-3
375,4,26,0.07141591049730778,none,8,11,16,11,player-4,none
375,5,17,0.058666104450821877,player-1,22,11,16,14,player-1,player-1
375,6,17,0.058167148381471634,player-2,25,23,16,15,player-2,player-2
375,7,17,0.05991710349917412,player-3,25,25,29,17,player-3,player-3
375,8,17,0.060333870351314545,player-4,31,32,34,21,player-4,player-4
375,9,18,0.06266706623136997,player-2,34,46,37,24,player-1,player-2
375,10,24,0.06612506695091724,player-1,37,46,41,25,player-2,player-1
375,11,22,0.08558318950235844,player-4,44,48,41,29,player-3,player-4
375,12,26,0.11983304284512997,none,47,53,41,30,player-4,none
375,13,24,0.08004205301404,player-4,51,53,41,37,player-1,player-4
375,14,19,0.06191595457494259,player-4,53,55,43,41,player-2,player-4
375,15,18,0.0665830448269844,player-4,60,56,48,46,player-3,player-4
376,1,19,0.07845810614526272,player-3,1,2,7,2,player-1,player-3
376,2,17,0.06487499922513962,player-2,4,4,10,3,player-2,player-2
376,3,20,0.0696659553796053,player-2,6,7,13,3,player-3,player-2
376,4,23,0.07704086601734161,player-2,11,10,14,7,player-4,player-2
376,5,19,0.06691599264740944,player-3,14,10,17,7,player-1,player-3
376,6,21,0.07070880383253098,player-2,17,14,18,13,player-2,player-2
376,7,30,0.10579102672636509,player-4,18,18,20,22,player-3,player-4
376,8,18,0.05945796146988869,player-1,26,24,24,25,player-4,player-1
376,9,19,0.08241599425673485,player-3,29,25,35,35,player-1,player-3
376,10,18,0.0713749323040247,player-3,34,35,42,44,player-2,player-3
376,11,21,0.07349997758865356,player-3,34,42,45,45,player-3,player-3
376,12,17,0.05237502045929432,player-4,37,44,46,47,player-4,player-4
376,13,18,0.06333296187222004,player-2,40,49,49,50,player-1,player-2
376,14,17,0.06666593253612518,player-2,42,51,51,52,player-2,player-2
377,1,26,0.08812500163912773,player-3,10,5,6,3,player-2,player-3
377,2,18,0.05816691555082798,none,10,6,7,3,player-3,none
377,3,18,0.06295903585851192,player-1,12,8,11,6,player-4,player-1
377,4,17,0.05879090167582035,player-1,18,8,11,6,player-1,player-1
377,5,17,0.07383385673165321,player-2,18,16,13,6,player-2,player-2
377,6,19,0.06733392365276814,player-1,24,18,14,6,player-3,player-1
377,7,17,0.1042091753333807,player-4,26,20,17,11,player-4,player-4
377,8,17,0.06787502206861973,player-1,31,24,18,17,player-1,player-1
377,9,19,0.08179200813174248,player-4,31,26,22,22,player-2,player-4
377,10,17,0.08324999362230301,player-3,36,26,24,26,player-3,player-3
377,11,17,0.06304099224507809,player-4,39,30,27,32,player-4,player-4
377,12,17,0.07049995474517345,player-1,48,30,30,32,player-1,player-1
377,13,24,0.0802918802946806,player-1,52,32,34,34,player-2,player-1
377,14,17,0.05650008097290993,player-3,53,35,43,36,player-3,player-3
377,15,18,0.06312504410743713,player-1,60,35,44,36,player-4,player-1
378,1,18,0.06937491707503796,player-4,0,2,2,1,player-3,player-4
378,2,17,0.07937499321997166,player-4,0,9,7,9,player-4,player-4
378,3,20,0.06616697646677494,player-4,1,9,9,15,player-1,player-4
378,4,20,0.08483300916850567,player-1,15,13,9,23,player-2,player-1
378,5,18,0.06308406591415405,player-4,17,13,9,25,player-3,player-4
378,6,17,0.06408407352864742,player-4,19,15,10,28,player-4,player-4
378,7,18,0.06854115054011345,player-2,21,22,15,30,player-1,player-2
378,8,18,0.06983289495110512,player-3,29,26,19,33,player-2,player-3
378,9,20,0.0647080596536398,player-2,29,28,23,33,player-3,player-2
378,10,21,0.07854192517697811,player-4,34,39,28,33,player-4,player-4
378,11,18,0.05141599103808403,player-2,36,45,28,37,player-1,player-2
378,12,17,0.0697087962180376,player-2,38,49,32,38,player-2,player-2
378,13,20,0.09325006976723671,player-2,44,59,35,41,player-3,player-2
379,1,17,0.059542013332247734,player-4,2,3,3,3,player-4,player-4
379,2,17,0.05483301356434822,player-1,5,4,3,3,player-1,player-1
379,3,17,0.051625072956085205,player-2,8,10,3,3,player-2,player-2
379,4,18,0.06891600787639618,player-4,10,15,5,8,player-3,player-4
379,5,19,0.0969169195741415,player-2,12,23,6,16,player-4,player-2
379,6,18,0.07062498480081558,player-2,15,31,8,20,player-1,player-2
379,7,17,0.0616670586168766,player-2,17,32,11,22,player-2,player-2
379,8,19,0.06633298471570015,player-1,22,34,13,23,player-3,player-1
379,9,20,0.06720889359712601,player-3,25,34,18,28,player-4,player-3
379,10,17,0.056374818086624146,player-1,29,38,18,36,player-1,player-1
379,11,18,0.06629200652241707,player-3,32,40,26,36,player-2,player-3
379,12,17,0.07970910519361496,player-3,35,46,32,38,player-3,player-3
379,13,18,0.06612506695091724,player-1,40,49,32,38,player-4,player-1
379,14,18,0.07587508298456669,player-2,40,54,38,44,player-1,player-2
379,15,17,0.056208111345767975,player-2,48,58,43,49,player-2,player-2
380,1,18,0.0616670586168766,player-1,1,0,6,3,player-4,player-1
380,2,17,0.0613329466432333,player-1,5,0,9,6,player-1,player-1
380,3,23,0.10087504051625729,player-4,9,4,13,16,player-2,player-4
380,4,17,0.06929202936589718,player-3,10,9,21,16,player-3,player-3
380,5,20,0.08016591891646385,player-3,13,13,30,17,player-4,player-3
380,6,17,0.052582938224077225,player-1,18,14,31,22,player-1,player-1
380,7,17,0.054958974942564964,player-2,20,18,35,23,player-2,player-2
380,8,17,0.06845919415354729,player-3,21,20,37,23,player-3,player-3
380,9,19,0.0627501867711544,player-2,24,23,37,27,player-4,player-2
380,10,17,0.0669590663164854,player-1,30,27,37,28,player-1,player-1
380,11,22,0.07054186426103115,player-3,36,32,42,29,player-2,player-3
380,12,17,0.07762503810226917,player-3,38,35,48,32,player-3,player-3
380,13,17,0.0614591408520937,player-4,38,42,50,41,player-4,player-4
380,14,17,0.08545815944671631,player-1,43,45,52,42,player-1,player-1
380,15,17,0.06437511183321476,player-2,46,47,52,46,player-2,player-2
380,16,17,0.0686252024024725,player-3,48,50,61,50,player-3,player-3
381,1,17,0.05829101428389549,player-3,0,3,6,1,player-3,player-3
381,2,19,0.08516688831150532,player-2,9,6,13,6,player-4,player-2
381,3,18,0.06987503729760647,player-2,10,10,16,10,player-1,player-2
381,4,17,0.05670799873769283,player-2,12,12,20,11,player-2,player-2
381,5,17,0.0538751482963562,player-3,14,17,24,12,player-3,player-3
381,6,19,0.07229088805615902,player-2,15,23,27,15,player-4,player-2
381,7,17,0.05791615694761276,player-1,20,27,27,16,player-1,player-1
381,8,17,0.07987488061189651,player-2,22,28,34,20,player-2,player-2
381,9,18,0.06912508979439735,player-4,22,29,37,24,player-3,player-4
381,10,17,0.046165892854332924,player-4,22,29,38,29,player-4,player-4
381,11,23,0.06829202175140381,player-3,28,34,44,30,player-1,player-3
381,12,17,0.07970910519361496,player-2,34,37,51,39,player-2,player-2
381,13,17,0.05566701292991638,player-3,36,37,63,39,player-3,player-3
381,14,19,0.07354188710451126,player-2,40,46,63,48,player-4,player-2
382,1,20,0.07216702215373516,player-3,7,1,4,1,player-4,player-3
382,2,17,0.05783303640782833,player-1,13,1,9,5,player-1,player-1
382,3,18,0.057999975979328156,player-3,17,6,14,9,player-2,player-3
382,4,19,0.06166612729430199,player-1,20,6,16,14,player-3,player-1
382,5,18,0.08120900020003319,player-1,24,7,18,16,player-4,player-1
382,6,18,0.05816691555082798,player-2,26,18,22,21,player-1,player-2
382,7,17,0.07408298552036285,player-2,31,28,27,26,player-2,player-2
382,8,18,0.07087481208145618,player-4,32,33,29,28,player-3,player-4
382,9,18,0.0815410166978836,player-1,36,40,31,32,player-4,player-1
382,10,24,0.10395795106887817,player-4,39,48,35,33,player-1,player-4
382,11,17,0.08991709910333157,player-2,41,62,36,33,player-2,player-2
382,12,17,0.06562517955899239,player-3,45,63,44,35,player-3,player-3
382,13,17,0.06870902143418789,player-4,47,68,54,40,player-4,player-4
383,1,17,0.05308305844664574,player-3,3,0,5,2,player-3,player-3
383,2,21,0.07783412002027035,player-4,3,2,8,11,player-4,player-4
383,3,18,0.06541702896356583,player-2,6,6,8,13,player-1,player-2
383,4,20,0.06500002928078175,player-1,8,6,15,15,player-2,player-1
383,5,17,0.07399986498057842,player-3,10,8,19,17,player-3,player-3
383,6,19,0.05833408795297146,player-2,10,9,24,21,player-4,player-2
383,7,17,0.05966704338788986,player-1,13,14,27,25,player-1,player-1
383,8,18,0.06729201413691044,player-3,16,15,34,25,player-2,player-3
383,9,18,0.08087488822638988,player-4,22,19,41,35,player-3,player-4
383,10,18,0.05979207344353199,player-1,28,26,44,37,player-4,player-1
383,11,19,0.060540856793522835,player-3,29,28,50,37,player-1,player-3
383,12,18,0.07412489503622055,player-3,29,29,57,39,player-2,player-3
383,13,18,0.055416952818632126,player-4,29,31,62,40,player-3,player-4
383,14,18,0.05766702815890312,player-1,34,33,66,43,player-4,player-1
384,1,17,0.06670807488262653,player-4,4,7,7,7,player-4,player-4
384,2,18,0.06579095497727394,player-2,5,10,15,8,player-1,player-2
384,3,18,0.05833315663039684,player-3,7,12,16,12,player-2,player-3
384,4,19,0.0624160747975111,player-1,13,17,16,16,player-3,player-1
384,5,19,0.07591699250042439,player-2,15,23,19,18,player-4,player-2
384,6,18,0.06183306686580181,player-2,18,27,21,24,player-1,player-2
384,7,19,0.06308313459157944,player-4,20,28,24,32,player-2,player-4
384,8,18,0.06066705100238323,player-4,22,29,24,35,player-3,player-4
384,9,26,0.12337486259639263,player-1,29,38,33,45,player-4,player-1
384,10,17,0.05933293141424656,player-1,31,39,33,45,player-1,player-1
384,11,17,0.06687501445412636,player-2,33,40,34,47,player-2,player-2
384,12,24,0.09583402425050735,player-2,35,53,36,51,player-3,player-2
385,1,17,0.08812500163912773,player-2,2,6,2,0,player-2,player-2
385,2,17,0.051416922360658646,player-3,2,9,4,0,player-3,player-3
385,3,17,0.0524579081684351,player-4,6,11,11,7,player-4,player-4
385,4,17,0.060125021263957024,player-1,13,12,14,10,player-1,player-1
385,5,17,0.052042072638869286,player-2,18,13,15,15,player-2,player-2
385,6,22,0.08433288894593716,player-4,26,16,16,27,player-3,player-4
385,7,17,0.060999998822808266,player-4,27,18,25,32,player-4,player-4
385,8,17,0.0624579843133688,player-1,35,18,25,33,player-1,player-1
385,9,22,0.08208304643630981,player-3,40,23,26,39,player-2,player-3
385,10,21,0.06420910358428955,player-3,43,28,29,40,player-3,player-3
385,11,21,0.07604202255606651,player-4,49,30,31,47,player-4,player-4
385,12,18,0.06500002928078175,player-2,51,33,31,47,player-1,player-2
385,13,17,0.07179100066423416,player-2,51,47,35,53,player-2,player-2
386,1,19,0.0727078877389431,player-3,3,5,5,1,player-1,player-3
386,2,17,0.06816699169576168,player-2,4,14,5,4,player-2,player-2
386,3,17,0.05945796146988869,player-3,8,14,12,5,player-3,player-3
386,4,17,0.06425008177757263,player-4,11,14,13,8,player-4,player-4
386,5,17,0.05274987779557705,player-1,15,15,16,10,player-1,player-1
386,6,18,0.07125013507902622,player-3,15,26,23,17,player-2,player-3
386,7,20,0.06800005212426186,player-2,18,35,27,19,player-3,player-2
386,8,17,0.05683302879333496,player-4,19,36,30,28,player-4,player-4
386,9,19,0.0677499920129776,player-3,24,39,34,29,player-1,player-3
386,10,25,0.08200015872716904,player-2,26,45,34,39,player-2,player-2
386,11,17,0.054459087550640106,player-3,32,47,45,44,player-3,player-3
386,12,16,0.043250154703855515,none,32,47,46,45,player-4,none
386,13,22,0.058208126574754715,none,33,52,51,46,player-1,none
386,14,24,0.07766601629555225,player-1,37,55,54,46,player-2,player-1
387,1,17,0.061959028244018555,player-3,2,4,6,2,player-3,player-3
387,2,17,0.0541249755769968,player-4,3,6,6,8,player-4,player-4
387,3,17,0.06779120303690434,player-1,6,10,14,15,player-1,player-1
387,4,17,0.07329205982387066,player-2,17,16,18,17,player-2,player-2
387,5,17,0.06308313459157944,player-3,17,16,22,19,player-3,player-3
387,6,17,0.05645817145705223,player-4,17,19,24,27,player-4,player-4
387,7,20,0.0649578869342804,player-4,22,22,30,37,player-1,player-4
387,8,20,0.06733299233019352,player-1,30,22,30,40,player-2,player-1
387,9,20,0.06862496957182884,player-2,30,28,32,46,player-3,player-2
387,10,17,0.058208126574754715,none,32,30,33,48,player-4,none
387,11,18,0.05229189991950989,player-2,34,40,38,48,player-1,player-2
387,12,19,0.0707919243723154,player-4,36,46,43,52,player-2,player-4
387,13,25,0.06754184141755104,player-3,38,47,47,52,player-3,player-3
387,14,24,0.12283399701118469,player-3,41,48,51,56,player-4,player-3
388,1,17,0.060957856476306915,player-3,3,0,3,4,player-3,player-3
388,2,19,0.06733299233019352,player-2,5,7,3,9,player-4,player-2
388,3,17,0.06741704419255257,player-1,9,8,6,11,player-1,player-1
388,4,17,0.07358286529779434,player-2,12,20,6,16,player-2,player-2
388,5,18,0.05895807407796383,player-4,12,24,10,27,player-3,player-4
388,6,18,0.06699981167912483,player-1,16,27,16,31,player-4,player-1
388,7,18,0.0754999928176403,player-2,24,37,24,37,player-1,player-2
388,8,19,0.065250089392066,player-4,27,44,27,38,player-2,player-4
388,9,17,0.06704195402562618,player-3,29,44,34,38,player-3,player-3
388,10,19,0.06412481889128685,player-2,35,50,39,38,player-4,player-2
388,11,17,0.06487499922513962,player-1,41,54,41,38,player-1,player-1
388,12,17,0.06366590969264507,player-2,46,58,44,44,player-2,player-2
389,1,17,0.07604202255606651,player-1,4,2,5,0,player-1,player-1
389,2,18,0.05833408795297146,player-3,4,7,9,0,player-2,player-3
389,3,22,0.07100007496774197,player-4,5,12,13,7,player-3,player-4
389,4,22,0.09108404628932476,player-1,11,12,21,13,player-4,player-1
389,5,18,0.06558396853506565,player-2,16,17,23,15,player-1,player-2
389,6,17,0.08208281360566616,player-2,19,17,25,20,player-2,player-2
389,7,20,0.08070818148553371,player-2,25,23,25,26,player-3,player-2
389,8,22,0.05862489342689514,player-1,30,27,25,29,player-4,player-1
389,9,17,0.054042087867856026,player-1,32,28,25,32,player-1,player-1
389,10,17,0.07366598583757877,player-2,33,29,27,34,player-2,player-2
389,11,17,0.053374795243144035,player-3,36,36,29,38,player-3,player-3
389,12,20,0.07604202255606651,player-3,40,39,32,40,player-4,player-3
389,13,21,0.07058307528495789,none,44,44,35,43,player-1,none
389,14,19,0.07258309051394463,player-4,44,49,39,47,player-2,player-4
389,15,17,0.05808379501104355,player-3,47,53,47,50,player-3,player-3
390,1,17,0.06841705180704594,player-1,2,1,0,2,player-1,player-1
390,2,19,0.08450006134808064,player-4,2,6,1,5,player-2,player-4
390,3,17,0.058125006034970284,player-3,5,9,3,7,player-3,player-3
390,4,17,0.05883281119167805,player-4,7,9,7,12,player-4,player-4
390,5,19,0.06991601549088955,player-3,13,11,11,15,player-1,player-3
390,6,18,0.07391697727143764,player-3,14,19,13,18,player-2,player-3
390,7,17,0.06533297710120678,player-3,16,21,22,20,player-3,player-3
390,8,17,0.05737505853176117,player-4,17,21,25,25,player-4,player-4
390,9,17,0.07620919495820999,player-1,20,23,28,27,player-1,player-1
390,10,19,0.07716589607298374,player-4,21,27,30,33,player-2,player-4
390,11,17,0.08304091170430183,player-3,27,30,37,35,player-3,player-3
390,12,17,0.05983305163681507,player-4,27,30,40,38,player-4,player-4
390,13,18,0.06354087963700294,player-2,30,35,40,42,player-1,player-2
390,14,17,0.055042095482349396,player-2,31,38,43,46,player-2,player-2
390,15,17,0.06333296187222004,player-3,34,40,49,48,player-3,player-3
390,16,17,0.05024997517466545,player-4,34,44,53,50,player-4,player-4
390,17,18,0.06716698408126831,player-2,37,49,59,56,player-1,player-2
391,1,17,0.06279186345636845,player-1,13,1,2,0,player-1,player-1
391,2,19,0.07208297029137611,player-4,17,5,8,4,player-2,player-4
391,3,17,0.06325007416307926,player-3,19,6,15,6,player-3,player-3
391,4,19,0.07175002247095108,player-2,22,13,18,9,player-4,player-2
391,5,17,0.06766594015061855,player-1,23,16,28,17,player-1,player-1
391,6,17,0.09558279998600483,player-2,26,19,31,20,player-2,player-2
391,7,17,0.061542028561234474,player-3,26,23,35,22,player-3,player-3
391,8,17,0.06983289495110512,player-4,27,26,35,27,player-4,player-4
391,9,20,0.09295903146266937,player-4,33,29,35,38,player-1,player-4
391,10,18,0.06841705180704594,player-3,34,31,38,43,player-2,player-3
391,11,18,0.1205839216709137,player-4,38,37,38,54,player-3,player-4
391,12,17,0.05483301356434822,player-4,42,37,38,59,player-4,player-4
391,13,17,0.05900021642446518,player-1,45,37,42,62,player-1,player-1
391,14,19,0.06991694681346416,player-4,48,39,48,67,player-2,player-4
392,1,18,0.05241716280579567,player-1,1,1,6,3,player-4,player-1
392,2,24,0.07304083555936813,player-4,3,4,10,7,player-1,player-4
392,3,17,0.060959020629525185,player-2,5,10,13,10,player-2,player-2
392,4,19,0.05970895290374756,player-1,8,10,17,14,player-3,player-1
392,5,17,0.05825003609061241,player-4,11,16,18,22,player-4,player-4
392,6,17,0.07529184222221375,player-1,19,19,19,25,player-1,player-1
392,7,19,0.06162491627037525,player-4,22,21,21,27,player-2,player-4
392,8,18,0.06279093213379383,player-4,22,24,23,40,player-3,player-4
392,9,17,0.06037508137524128,player-4,22,26,25,42,player-4,player-4
392,10,17,0.060416990891098976,player-1,26,30,31,44,player-1,player-1
392,11,17,0.05170912481844425,player-2,35,36,31,46,player-2,player-2
392,12,17,0.05983281880617142,player-3,35,39,37,52,player-3,player-3
392,13,18,0.06462517194449902,player-1,37,39,39,53,player-4,player-1
392,14,22,0.07341592572629452,player-2,37,46,41,54,player-1,player-2
393,1,24,0.08170795626938343,player-4,1,4,8,5,player-1,player-4
393,2,17,0.06441609002649784,player-2,4,15,10,7,player-2,player-2
393,3,17,0.05674990825355053,player-3,6,16,16,7,player-3,player-3
393,4,19,0.06341701373457909,player-2,9,21,20,7,player-4,player-2
393,5,17,0.0664170365780592,player-1,11,24,22,12,player-1,player-1
393,6,20,0.07208297029137611,player-1,12,24,23,14,player-2,player-1
393,7,19,0.07583294063806534,player-1,19,27,28,19,player-3,player-1
393,8,19,0.06579211913049221,player-2,29,29,33,21,player-4,player-2
393,9,17,0.060125021263957024,player-1,33,30,38,23,player-1,player-1
393,10,19,0.055582961067557335,player-4,34,31,43,25,player-2,player-4
393,11,18,0.07533282041549683,player-4,36,34,46,29,player-3,player-4
393,12,19,0.12437510304152966,player-2,38,46,46,29,player-4,player-2
393,13,24,0.0868749339133501,player-4,44,52,47,33,player-1,player-4
393,14,19,0.07175002247095108,player-4,50,53,49,37,player-2,player-4
393,15,17,0.05629099905490875,player-3,50,54,53,41,player-3,player-3
394,1,17,0.0499580055475235,player-1,5,0,0,0,player-1,player-1
394,2,17,0.07066596299409866,player-2,14,7,5,4,player-2,player-2
394,3,17,0.06979214958846569,player-3,15,13,11,6,player-3,player-3
394,4,18,0.05475012585520744,player-1,24,18,12,9,player-4,player-1
394,5,17,0.05195802077651024,player-1,30,20,15,12,player-1,player-1
394,6,17,0.06512505933642387,player-2,33,23,17,12,player-2,player-2
394,7,17,0.06220792420208454,player-3,33,30,22,15,player-3,player-3
394,8,17,0.06579095497727394,player-4,35,33,25,18,player-4,player-4
394,9,20,0.08412497118115425,player-4,35,36,32,20,player-1,player-4
394,10,24,0.06508291698992252,player-1,41,37,34,24,player-2,player-1
394,11,25,0.06362493149936199,player-3,43,37,36,24,player-3,player-3
394,12,18,0.07387506775557995,player-1,48,45,39,27,player-4,player-1
394,13,19,0.059999991208314896,player-3,52,46,44,29,player-1,player-3
394,14,24,0.062166014686226845,player-1,58,50,47,31,player-2,player-1
395,1,18,0.07808301597833633,player-3,2,3,4,2,player-2,player-3
395,2,22,0.07699988782405853,player-4,3,3,5,7,player-3,player-4
395,3,18,0.12099999003112316,player-1,6,6,10,7,player-4,player-1
395,4,18,0.07091695442795753,player-2,9,8,10,10,player-1,player-2
395,5,19,0.06520794704556465,player-4,14,10,12,10,player-2,player-4
395,6,17,0.0655418261885643,player-3,16,18,16,10,player-3,player-3
395,7,17,0.06066681817173958,player-4,16,23,20,14,player-4,player-4
395,8,18,0.0638328492641449,player-2,19,30,22,15,player-1,player-2
395,9,17,0.07845903746783733,player-2,21,42,23,15,player-2,player-2
395,10,20,0.08262507617473602,player-2,23,46,28,15,player-3,player-2
395,11,17,0.08629192598164082,player-4,23,48,32,29,player-4,player-4
395,12,18,0.06237509660422802,player-2,25,54,35,32,player-1,player-2
395,13,28,0.08104206062853336,player-1,29,57,36,35,player-2,player-1
395,14,20,0.09300000965595245,player-2,31,71,36,37,player-3,player-2
396,1,19,0.07879198528826237,player-1,4,1,1,3,player-3,player-1
396,2,18,0.06912508979439735,player-1,7,2,3,3,player-4,player-1
396,3,17,0.05575013346970081,player-1,10,4,5,5,player-1,player-1
396,4,17,0.09620795026421547,player-2,11,6,9,5,player-2,player-2
396,5,19,0.08812500163912773,player-1,20,9,13,9,player-3,player-1
396,6,17,0.06266706623136997,player-4,20,16,17,13,player-4,player-4
396,7,18,0.05529215559363365,player-2,26,21,17,13,player-1,player-2
396,8,19,0.06766594015061855,player-4,26,21,20,15,player-2,player-4
396,9,17,0.05695805884897709,player-3,26,25,24,17,player-3,player-3
396,10,18,0.06350013427436352,player-1,27,32,24,17,player-4,player-1
396,11,17,0.05533406510949135,player-1,36,32,24,17,player-1,player-1
396,12,19,0.0599580816924572,player-4,38,34,26,21,player-2,player-4
396,13,19,0.05787517875432968,player-1,41,40,30,22,player-3,player-1
396,14,17,0.05512498319149017,player-4,42,41,33,23,player-4,player-4
396,15,17,0.057208118960261345,player-1,51,42,37,25,player-1,player-1
396,16,17,0.06470782682299614,player-2,52,45,43,25,player-2,player-2
396,17,17,0.0694170594215393,player-3,54,47,51,26,player-3,player-3
397,1,19,0.07787509821355343,player-4,2,2,3,4,player-2,player-4
397,2,21,0.06433390080928802,player-3,6,3,10,4,player-3,player-3
397,3,18,0.052208080887794495,player-1,9,9,10,6,player-4,player-1
397,4,18,0.06808293983340263,player-2,17,14,16,6,player-1,player-2
397,5,21,0.06949994713068008,player-2,18,21,20,6,player-2,player-2
397,6,18,0.05470798350870609,player-4,19,22,20,8,player-3,player-4
397,7,20,0.09345798753201962,player-3,24,22,24,16,player-4,player-3
397,8,21,0.06970809772610664,player-1,35,28,30,16,player-1,player-1
397,9,17,0.05612499080598354,player-2,36,37,31,16,player-2,player-2
397,10,18,0.0666249543428421,player-4,42,38,33,23,player-3,player-4
397,11,17,0.07741688750684261,player-4,45,46,36,30,player-4,player-4
397,12,23,0.0730419997125864,player-3,47,48,40,34,player-1,player-3
397,13,17,0.06558303721249104,player-2,52,51,40,38,player-2,player-2
397,14,19,0.052666058763861656,player-1,55,53,41,40,player-3,player-1
397,15,20,0.08370797149837017,player-3,56,61,45,44,player-4,player-3
398,1,18,0.06724987179040909,player-3,2,1,8,2,player-2,player-3
398,2,18,0.07433304563164711,player-4,4,3,12,12,player-3,player-4
398,3,20,0.06687501445412636,player-3,5,6,13,16,player-4,player-3
398,4,18,0.05312496796250343,player-2,7,12,15,17,player-1,player-2
398,5,17,0.06554205901920795,player-2,12,19,17,22,player-2,player-2
398,6,17,0.05300017073750496,player-3,18,19,23,22,player-3,player-3
398,7,17,0.06387499161064625,player-4,20,22,29,26,player-4,player-4
398,8,26,0.08591706864535809,none,25,22,31,30,player-1,none
398,9,20,0.06925011985003948,player-1,36,26,36,32,player-2,player-1
398,10,17,0.07070787250995636,player-3,40,26,47,32,player-3,player-3
398,11,19,0.06800005212426186,player-2,48,32,51,37,player-4,player-2
398,12,17,0.05287490785121918,player-1,54,34,52,37,player-1,player-1
399,1,17,0.05187513306736946,player-1,4,1,4,1,player-1,player-1
399,2,17,0.06516603752970695,player-2,11,2,5,5,player-2,player-2
399,3,17,0.06595905870199203,player-3,13,8,9,7,player-3,player-3
399,4,18,0.06358395330607891,player-1,14,8,13,13,player-4,player-1
399,5,18,0.06816699169576168,player-2,14,9,18,15,player-1,player-2
399,6,18,0.05479203537106514,player-3,16,9,26,17,player-2,player-3
399,7,18,0.05345791578292847,player-4,17,11,33,19,player-3,player-4
399,8,18,0.06833299994468689,player-1,20,15,33,24,player-4,player-1
399,9,17,0.051999930292367935,player-1,23,15,34,25,player-1,player-1
399,10,18,0.05958392284810543,player-3,23,17,39,27,player-2,player-3
399,11,19,0.058125006034970284,player-1,28,19,40,29,player-3,player-1
399,12,17,0.07541710510849953,player-4,33,19,42,33,player-4,player-4
399,13,19,0.08133403025567532,player-3,37,27,45,36,player-1,player-3
399,14,17,0.06849993951618671,player-2,42,31,50,40,player-2,player-2
399,15,18,0.07333303801715374,player-4,44,39,50,41,player-3,player-4
399,16,20,0.09337509982287884,player-3,49,42,53,43,player-4,player-3
400,1,17,0.055916840210556984,player-1,5,0,0,3,player-1,player-1
400,2,19,0.07591699250042439,player-4,12,4,7,6,player-2,player-4
400,3,22,0.0671660527586937,player-4,13,13,20,18,player-3,player-4
400,4,19,0.05729193799197674,player-2,17,17,20,23,player-4,player-2
400,5,20,0.08233310654759407,player-4,24,18,29,23,player-1,player-4
400,6,17,0.07537496276199818,player-2,26,24,36,27,player-2,player-2
400,7,17,0.04987488500773907,player-3,27,26,42,29,player-3,player-3
400,8,17,0.04979199729859829,player-4,27,27,47,32,player-4,player-4
400,9,24,0.10191695764660835,player-4,29,40,58,37,player-1,player-4
400,10,18,0.05533406510949135,player-3,32,44,61,38,player-2,player-3
400,11,22,0.06704195402562618,player-4,35,49,66,41,player-3,player-4
401,1,17,0.04724995233118534,player-3,1,4,3,1,player-3,player-3
401,2,17,0.06287498399615288,player-4,3,11,8,7,player-4,player-4
401,3,17,0.06050011143088341,player-1,8,13,14,13,player-1,player-1
401,4,17,0.06529083475470543,player-2,12,21,16,17,player-2,player-2
401,5,17,0.07479218766093254,player-3,19,25,27,19,player-3,player-3
401,6,17,0.07558311335742474,player-4,22,27,32,29,player-4,player-4
401,7,18,0.0711251050233841,player-2,24,32,34,32,player-1,player-2
401,8,18,0.0754999928176403,player-3,27,36,46,35,player-2,player-3
401,9,17,0.058125006034970284,player-3,27,46,51,39,player-3,player-3
401,10,18,0.05620904266834259,player-1,29,46,54,40,player-4,player-1
401,11,20,0.05787517875432968,player-4,31,49,56,48,player-1,player-4
401,12,17,0.07933401502668858,player-2,36,51,60,51,player-2,player-2
402,1,17,0.06495811976492405,player-2,1,10,1,0,player-2,player-2
402,2,18,0.0641669612377882,player-4,9,14,4,8,player-3,player-4
402,3,17,0.05470798350870609,player-4,10,17,5,11,player-4,player-4
402,4,18,0.06329198367893696,player-2,14,23,7,11,player-1,player-2
402,5,23,0.06137508898973465,player-4,15,24,9,20,player-2,player-4
402,6,18,0.07016584277153015,player-4,15,28,14,28,player-3,player-4
402,7,17,0.054208096116781235,player-4,15,29,15,39,player-4,player-4
402,8,17,0.06429199129343033,player-1,21,32,18,41,player-1,player-1
402,9,17,0.05183299072086811,player-2,24,42,22,43,player-2,player-2
402,10,19,0.06391596980392933,player-1,29,42,28,46,player-3,player-1
402,11,17,0.0665830448269844,player-4,31,44,29,61,player-4,player-4
403,1,18,0.06812508217990398,player-3,2,6,9,4,player-2,player-3
403,2,18,0.09316694922745228,player-4,2,10,11,7,player-3,player-4
403,3,17,0.06262492388486862,player-4,4,17,18,15,player-4,player-4
403,4,17,0.07258309051394463,player-1,6,18,23,15,player-1,player-1
403,5,17,0.06512482650578022,player-2,10,22,28,21,player-2,player-2
403,6,22,0.07708300836384296,player-4,12,28,33,26,player-3,player-4
403,7,21,0.08804211392998695,player-4,18,33,36,33,player-4,player-4
403,8,17,0.07520895451307297,player-1,25,34,37,37,player-1,player-1
403,9,18,0.06879214197397232,player-3,28,42,43,37,player-2,player-3
403,10,17,0.062000006437301636,player-3,28,45,53,44,player-3,player-3
403,11,17,0.08254195563495159,player-4,29,50,56,52,player-4,player-4
404,1,17,0.06341701373457909,player-1,4,0,1,4,player-1,player-1
404,2,19,0.09083305485546589,player-4,10,3,7,8,player-2,player-4
404,3,29,0.08145812898874283,player-3,19,4,10,8,player-3,player-3
404,4,21,0.09429105557501316,player-4,21,5,11,14,player-4,player-4
404,5,19,0.07129088044166565,player-3,26,5,19,17,player-1,player-3
404,6,18,0.063000014051795,player-3,27,8,23,20,player-2,player-3
404,7,17,0.07179193198680878,player-3,27,12,31,22,player-3,player-3
404,8,18,0.0616670586168766,player-1,29,13,35,27,player-4,player-1
404,9,17,0.04966580308973789,player-1,37,13,36,32,player-1,player-1
404,10,18,0.08170818910002708,player-3,41,17,42,39,player-2,player-3
404,11,17,0.053666066378355026,player-3,43,20,44,46,player-3,player-3
404,12,19,0.06550014950335026,player-2,49,24,44,49,player-4,player-2
404,13,17,0.06112479604780674,player-1,50,28,44,51,player-1,player-1
404,14,17,0.062333885580301285,player-2,52,34,47,54,player-2,player-2
404,15,17,0.06191595457494259,player-3,53,38,50,59,player-3,player-3
405,1,18,0.07879198528826237,player-4,1,3,2,7,player-3,player-4
405,2,19,0.07554213516414165,none,2,7,3,8,player-4,none
405,3,26,0.09087496437132359,player-2,7,17,7,10,player-1,player-2
405,4,17,0.062000006437301636,player-2,9,20,9,10,player-2,player-2
405,5,17,0.048042042180895805,player-3,10,21,9,10,player-3,player-3
405,6,19,0.07099984213709831,player-2,12,25,13,14,player-4,player-2
405,7,18,0.06991717964410782,player-2,17,28,15,21,player-1,player-2
405,8,18,0.06029102951288223,player-3,21,31,18,24,player-2,player-3
405,9,17,0.05970918573439121,player-3,21,34,25,24,player-3,player-3
405,10,22,0.055999960750341415,none,23,37,26,26,player-4,none
405,11,20,0.05983305163681507,player-4,25,40,33,28,player-1,player-4
405,12,17,0.07187505252659321,player-2,26,45,36,30,player-2,player-2
405,13,17,0.049208058044314384,player-3,29,49,39,30,player-3,player-3
405,14,18,0.07275003008544445,player-1,42,49,44,33,player-4,player-1
405,15,17,0.06520794704556465,player-1,47,51,48,36,player-1,player-1
405,16,19,0.08008279837667942,player-4,59,62,61,39,player-2,player-4
406,1,17,0.08545792661607265,player-2,5,7,2,2,player-2,player-2
406,2,18,0.06345915608108044,player-4,7,7,7,14,player-3,player-4
406,3,17,0.07312488742172718,player-4,12,9,8,18,player-4,player-4
406,4,20,0.06870902143418789,player-4,15,9,9,25,player-1,player-4
406,5,17,0.06183399818837643,player-2,18,15,9,27,player-2,player-2
406,6,18,0.06295787170529366,player-4,18,17,11,31,player-3,player-4
406,7,17,0.05829101428389549,player-4,22,21,16,33,player-4,player-4
406,8,17,0.06925011985003948,player-1,25,22,18,38,player-1,player-1
406,9,18,0.07675006054341793,player-3,26,24,25,45,player-2,player-3
406,10,17,0.07812492549419403,player-3,32,29,27,47,player-3,player-3
406,11,18,0.06508291698992252,player-1,38,34,30,51,player-4,player-1
406,12,20,0.06783311255276203,player-4,39,35,37,55,player-1,player-4
406,13,17,0.0541249755769968,player-2,40,40,39,59,player-2,player-2
406,14,23,0.07770792581140995,player-1,46,44,44,60,player-3,player-1
407,1,18,0.06933300755918026,player-3,3,5,7,6,player-2,player-3
407,2,18,0.05491706542670727,player-4,4,5,8,12,player-3,player-4
407,3,18,0.059374840930104256,player-1,5,6,9,15,player-4,player-1
407,4,17,0.05820789374411106,player-1,8,11,12,17,player-1,player-1
407,5,17,0.07862504571676254,player-2,9,19,17,23,player-2,player-2
407,6,19,0.07129181176424026,player-1,16,20,21,28,player-3,player-1
407,7,17,0.050083035603165627,player-4,18,24,21,30,player-4,player-4
407,8,22,0.0637909397482872,none,19,32,25,33,player-1,none
407,9,17,0.06329105235636234,player-2,24,35,28,36,player-2,player-2
407,10,17,0.07012509740889072,player-3,29,40,31,39,player-3,player-3
407,11,17,0.054416945204138756,player-4,31,41,31,44,player-4,player-4
407,12,26,0.07091695442795753,player-2,31,49,33,47,player-1,player-2
407,13,17,0.0788331963121891,player-2,31,51,40,52,player-2,player-2
408,1,18,0.05295802839100361,player-2,2,10,6,4,player-1,player-2
408,2,18,0.05733408033847809,player-3,5,10,11,11,player-2,player-3
408,3,17,0.05466700531542301,player-3,5,12,21,11,player-3,player-3
408,4,22,0.06879190914332867,player-1,12,14,22,12,player-4,player-1
408,5,16,0.04174979403614998,none,13,14,23,14,player-1,none
408,6,20,0.053167110309004784,none,17,15,23,17,player-2,none
408,7,17,0.06004190072417259,player-3,19,20,30,21,player-3,player-3
408,8,26,0.07158308289945126,player-1,25,20,33,23,player-4,player-1
408,9,20,0.07629184983670712,player-4,33,25,47,34,player-1,player-4
408,10,19,0.07387506775557995,player-4,36,28,49,48,player-2,player-4
408,11,21,0.0743749551475048,player-3,36,28,55,48,player-3,player-3
408,12,18,0.07008295506238937,player-1,42,30,57,52,player-4,player-1
408,13,19,0.10249996557831764,player-3,48,40,58,54,player-1,player-3
409,1,19,0.06504100747406483,player-4,3,0,0,9,player-2,player-4
409,2,17,0.05829101428389549,player-3,3,3,5,13,player-3,player-3
409,3,17,0.05516689270734787,player-4,9,9,7,19,player-4,player-4
409,4,22,0.060374848544597626,player-2,14,17,11,19,player-1,player-2
409,5,17,0.06491690874099731,player-2,16,24,13,22,player-2,player-2
409,6,18,0.05833408795297146,player-4,17,24,16,28,player-3,player-4
409,7,18,0.052333809435367584,player-1,21,24,17,31,player-4,player-1
409,8,18,0.05104183219373226,player-2,22,29,18,34,player-1,player-2
409,9,22,0.06033293902873993,none,23,29,19,36,player-2,none
409,10,17,0.06287498399615288,player-3,25,35,26,42,player-3,player-3
409,11,17,0.06183306686580181,player-4,28,36,32,49,player-4,player-4
409,12,17,0.06849993951618671,player-1,34,39,32,50,player-1,player-1
409,13,21,0.09087496437132359,player-2,45,45,38,54,player-2,player-2
409,14,18,0.0588330440223217,player-4,47,48,44,55,player-3,player-4
410,1,17,0.071709044277668,player-2,3,3,6,11,player-2,player-2
410,2,17,0.0541249755769968,player-3,10,6,8,11,player-3,player-3
410,3,21,0.0730000901967287,player-4,17,8,13,14,player-4,player-4
410,4,17,0.06674998439848423,player-1,23,10,18,17,player-1,player-1
410,5,19,0.0552500132471323,player-4,23,11,20,18,player-2,player-4
410,6,17,0.06983289495110512,player-3,26,11,27,21,player-3,player-3
410,7,20,0.06979191675782204,player-3,28,14,30,24,player-4,player-3
410,8,19,0.07279100827872753,player-3,32,15,38,25,player-1,player-3
410,9,17,0.06916583515703678,player-2,35,21,46,27,player-2,player-2
410,10,18,0.05479203537106514,player-4,39,23,50,35,player-3,player-4
410,11,17,0.08491706103086472,player-4,43,33,55,39,player-4,player-4
410,12,22,0.08491589687764645,player-2,46,43,58,50,player-1,player-2
411,1,20,0.05929195322096348,player-1,7,2,3,2,player-2,player-1
411,2,17,0.053916824981570244,player-3,10,3,8,2,player-3,player-3
411,3,21,0.06929202936589718,player-4,11,5,9,10,player-4,player-4
411,4,22,0.07804203778505325,player-2,18,13,11,16,player-1,player-2
411,5,18,0.060542020946741104,player-3,18,19,18,20,player-2,player-3
411,6,18,0.048584071919322014,none,24,19,20,25,player-3,none
411,7,17,0.07162499241530895,player-4,25,23,22,31,player-4,player-4
411,8,18,0.053833937272429466,player-2,26,32,23,31,player-1,player-2
411,9,18,0.05558389239013195,player-3,28,35,30,34,player-2,player-3
411,10,21,0.0879580620676279,player-3,30,42,31,44,player-3,player-3
411,11,17,0.059499870985746384,player-4,32,49,35,46,player-4,player-4
411,12,19,0.07095793262124062,player-3,35,50,41,51,player-1,player-3
412,1,17,0.057791126891970634,player-3,1,3,8,4,player-3,player-3
412,2,17,0.04912493750452995,player-4,2,3,8,11,player-4,player-4
412,3,19,0.05287514068186283,player-3,5,6,14,12,player-1,player-3
412,4,17,0.05625002086162567,player-2,7,14,16,15,player-2,player-2
412,5,18,0.0724999699741602,player-4,7,18,23,18,player-3,player-4
412,6,17,0.05179201252758503,player-4,9,18,23,22,player-4,player-4
412,7,17,0.05950010381639004,player-1,13,18,27,23,player-1,player-1
412,8,19,0.06920890882611275,player-4,24,20,32,26,player-2,player-4
412,9,18,0.07358402945101261,player-4,35,35,42,31,player-3,player-4
412,10,17,0.044791027903556824,none,35,36,45,38,player-4,none
412,11,17,0.06054108962416649,player-1,41,40,45,39,player-1,player-1
412,12,17,0.08374988101422787,player-2,44,48,49,39,player-2,player-2
412,13,20,0.07862504571676254,player-2,46,50,55,42,player-3,player-2
413,1,18,0.06654090248048306,player-3,3,0,2,1,player-2,player-3
413,2,24,0.07812492549419403,player-2,16,1,3,1,player-3,player-2
413,3,17,0.06262492388486862,player-4,16,3,6,5,player-4,player-4
413,4,19,0.07575005292892456,player-3,19,5,7,8,player-1,player-3
413,5,19,0.06466684862971306,player-4,19,15,11,16,player-2,player-4
413,6,17,0.05725002847611904,player-3,23,19,14,19,player-3,player-3
413,7,17,0.06687501445412636,player-4,25,23,19,24,player-4,player-4
413,8,17,0.08220900781452656,player-1,32,23,21,27,player-1,player-1
413,9,17,0.06124982610344887,player-2,32,32,21,28,player-2,player-2
413,10,17,0.06916699931025505,player-3,35,33,25,30,player-3,player-3
413,11,18,0.06445799954235554,player-1,45,33,25,32,player-4,player-1
413,12,20,0.08045812137424946,player-4,51,35,30,38,player-1,player-4
413,13,17,0.06079208105802536,player-2,53,41,31,49,player-2,player-2
413,14,17,0.06900005973875523,player-3,58,41,39,52,player-3,player-3
413,15,18,0.07445784285664558,player-1,60,43,39,55,player-4,player-1
413,16,17,0.05791592411696911,player-1,65,46,40,58,player-1,player-1
414,1,18,0.07291696965694427,player-3,5,8,1,8,player-2,player-3
414,2,19,0.06625009700655937,player-1,8,9,7,9,player-3,player-1
414,3,27,0.07770792581140995,none,14,11,9,16,player-4,none
414,4,17,0.06929202936589718,player-1,16,16,13,23,player-1,player-1
414,5,17,0.059125013649463654,player-2,18,25,14,25,player-2,player-2
414,6,20,0.0879580620676279,player-2,27,29,15,28,player-3,player-2
414,7,20,0.06816699169576168,player-3,27,29,19,28,player-4,player-3
414,8,17,0.05479203537106514,player-1,34,33,21,29,player-1,player-1
414,9,17,0.10262499563395977,player-2,41,43,30,35,player-2,player-2
414,10,19,0.11479202657938004,player-1,48,47,31,42,player-3,player-1
414,11,17,0.0552500132471323,player-4,54,50,35,47,player-4,player-4
414,12,18,0.06991694681346416,player-2,61,58,40,50,player-1,player-2
415,1,18,0.06620818749070168,player-2,0,0,2,3,player-1,player-2
415,2,17,0.05608401261270046,player-2,1,5,5,5,player-2,player-2
415,3,19,0.056833960115909576,player-1,4,13,7,5,player-3,player-1
415,4,19,0.05925004370510578,player-2,6,19,8,10,player-4,player-2
415,5,18,0.06716581992805004,player-2,9,22,12,12,player-1,player-2
415,6,19,0.07116608321666718,player-4,12,27,14,20,player-2,player-4
415,7,18,0.07683294825255871,player-4,15,32,20,25,player-3,player-4
415,8,21,0.08704187348484993,player-4,16,34,24,28,player-4,player-4
415,9,27,0.07695797830820084,none,18,36,30,29,player-1,none
415,10,20,0.0766669400036335,player-1,20,39,36,36,player-2,player-1
415,11,19,0.05874992348253727,player-1,31,45,46,36,player-3,player-1
415,12,18,0.06816606037318707,player-1,34,50,48,38,player-4,player-1
415,13,17,0.06429105997085571,player-1,42,50,53,42,player-1,player-1
415,14,17,0.06345799192786217,player-2,43,55,56,43,player-2,player-2
415,15,17,0.05866703577339649,player-3,44,60,59,43,player-3,player-3
416,1,17,0.04804180935025215,player-3,0,4,12,1,player-3,player-3
416,2,20,0.05158316344022751,none,2,5,14,2,player-4,none
416,3,17,0.05566701292991638,player-1,11,7,14,4,player-1,player-1
416,4,19,0.06345799192786217,player-4,13,8,22,8,player-2,player-4
416,5,18,0.05479087121784687,player-4,13,10,23,12,player-3,player-4
416,6,18,0.08158409036695957,player-1,16,19,25,17,player-4,player-1
416,7,18,0.07100007496774197,player-2,18,32,27,20,player-1,player-2
416,8,21,0.06108405068516731,player-2,23,38,29,28,player-2,player-2
416,9,18,0.07070787250995636,player-4,27,44,29,35,player-3,player-4
416,10,21,0.07175002247095108,player-4,29,47,30,41,player-4,player-4
416,11,19,0.07995893247425556,player-3,31,52,36,44,player-1,player-3
416,12,18,0.060625141486525536,player-3,35,54,40,45,player-2,player-3
416,13,17,0.06662518717348576,player-3,39,58,46,49,player-3,player-3
417,1,19,0.06833299994468689,player-3,3,5,5,2,player-1,player-3
417,2,17,0.07687509059906006,player-2,7,13,9,5,player-2,player-2
417,3,19,0.06495811976492405,player-1,13,19,11,12,player-3,player-1
417,4,17,0.05270796827971935,player-4,16,22,14,12,player-4,player-4
417,5,18,0.059791840612888336,player-2,19,28,15,13,player-1,player-2
417,6,20,0.06637489423155785,player-1,21,32,20,17,player-2,player-1
417,7,17,0.07175002247095108,player-3,21,33,30,26,player-3,player-3
417,8,19,0.06612506695091724,player-2,26,37,30,27,player-4,player-2
417,9,19,0.07495912723243237,player-3,31,40,32,33,player-1,player-3
417,10,18,0.0641250517219305,player-3,33,45,33,37,player-2,player-3
417,11,17,0.0630419235676527,player-3,33,45,36,41,player-3,player-3
417,12,21,0.0708338338881731,player-4,41,50,36,46,player-4,player-4
417,13,19,0.055167125537991524,player-3,42,54,38,51,player-1,player-3
418,1,18,0.0677499920129776,player-2,3,4,4,5,player-1,player-2
418,2,19,0.06666709668934345,player-4,3,15,9,17,player-2,player-4
418,3,18,0.060625141486525536,player-4,3,19,11,19,player-3,player-4
418,4,17,0.049541937187314034,player-4,3,19,12,26,player-4,player-4
418,5,18,0.054042087867856026,player-2,7,22,12,27,player-1,player-2
418,6,17,0.056582968682050705,player-2,12,25,18,38,player-2,player-2
418,7,26,0.08595804683864117,none,14,28,20,40,player-3,none
418,8,31,0.09395810775458813,player-2,14,40,24,47,player-4,player-2
418,9,21,0.06783287972211838,player-1,17,41,27,48,player-1,player-1
418,10,18,0.05354220047593117,player-3,20,44,31,50,player-2,player-3
418,11,18,0.06579188629984856,player-4,24,44,31,53,player-3,player-4
418,12,18,0.05595805123448372,player-1,25,46,31,59,player-4,player-1
419,1,19,0.07225014269351959,player-3,14,0,10,10,player-1,player-3
419,2,18,0.055167125537991524,player-3,16,4,15,11,player-2,player-3
419,3,17,0.0655842013657093,player-3,18,6,28,14,player-3,player-3
419,4,18,0.06862496957182884,player-1,23,6,34,19,player-4,player-1
419,5,17,0.05250005051493645,player-1,25,6,36,19,player-1,player-1
419,6,19,0.07600011304020882,player-4,25,24,37,29,player-2,player-4
419,7,20,0.08229189552366734,player-2,26,42,42,39,player-3,player-2
419,8,18,0.07070810534060001,player-1,30,42,44,44,player-4,player-1
419,9,17,0.06762496195733547,player-1,32,47,45,47,player-1,player-1
419,10,18,0.06433296948671341,player-3,34,50,48,55,player-2,player-3
420,1,17,0.06074993871152401,player-3,4,0,10,0,player-3,player-3
420,2,19,0.05650008097290993,player-2,5,3,11,2,player-4,player-2
420,3,20,0.06220792420208454,player-4,6,5,18,5,player-1,player-4
420,4,17,0.06270804442465305,player-2,7,10,24,7,player-2,player-2
420,5,18,0.06041605956852436,player-4,9,15,30,9,player-3,player-4
420,6,17,0.05604187026619911,player-4,10,15,35,16,player-4,player-4
420,7,18,0.06070896051824093,player-2,13,20,35,19,player-1,player-2
420,8,17,0.05062483251094818,player-2,14,22,37,23,player-2,player-2
420,9,18,0.05495804361999035,player-4,16,26,38,24,player-3,player-4
420,10,20,0.06958306767046452,player-3,16,26,44,25,player-4,player-3
420,11,18,0.07354211993515491,player-2,26,40,46,35,player-1,player-2
420,12,18,0.05716690793633461,player-3,26,43,55,40,player-2,player-3
420,13,17,0.05308305844664574,player-3,28,44,60,44,player-3,player-3
420,14,17,0.0679579097777605,player-4,28,49,65,51,player-4,player-4
421,1,18,0.050999922677874565,player-4,0,2,7,2,player-3,player-4
421,2,18,0.05991593934595585,player-1,4,2,12,8,player-4,player-1
421,3,19,0.07454096339643002,player-3,8,5,17,12,player-1,player-3
421,4,17,0.05625002086162567,player-2,8,9,20,16,player-2,player-2
421,5,19,0.0677919015288353,player-1,16,9,26,18,player-3,player-1
421,6,17,0.05775014869868755,player-4,16,15,29,23,player-4,player-4
421,7,17,0.055666081607341766,player-1,20,16,31,25,player-1,player-1
421,8,17,0.052958959713578224,player-2,20,22,35,29,player-2,player-2
421,9,17,0.06479187868535519,player-3,26,23,37,31,player-3,player-3
421,10,17,0.07133418694138527,player-4,28,30,37,35,player-4,player-4
421,11,18,0.06308313459157944,player-2,31,35,40,36,player-1,player-2
421,12,18,0.0691248569637537,player-3,34,37,43,39,player-2,player-3
421,13,19,0.05850009620189667,player-1,38,40,48,44,player-3,player-1
421,14,19,0.07041590288281441,player-2,38,46,50,46,player-4,player-2
421,15,18,0.05991593934595585,player-2,44,49,50,46,player-1,player-2
421,16,23,0.06429199129343033,player-4,46,53,51,51,player-2,player-4
422,1,20,0.0588330440223217,player-2,1,8,0,4,player-3,player-2
422,2,17,0.05762488581240177,player-4,4,8,2,8,player-4,player-4
422,3,17,0.08350005373358727,player-1,10,10,4,15,player-1,player-1
422,4,17,0.06641610525548458,player-2,23,15,10,19,player-2,player-2
422,5,17,0.07362500764429569,player-3,26,15,23,20,player-3,player-3
422,6,18,0.06987480446696281,player-1,31,19,26,23,player-4,player-1
422,7,19,0.14120782725512981,player-3,33,21,36,28,player-1,player-3
422,8,17,0.06762496195733547,player-2,35,33,37,32,player-2,player-2
422,9,20,0.06354181095957756,player-2,40,40,38,34,player-3,player-2
422,10,17,0.08066697046160698,player-4,40,46,38,49,player-4,player-4
422,11,19,0.06424984894692898,player-3,46,50,42,54,player-1,player-3
423,1,18,0.07820897735655308,player-4,1,0,5,3,player-3,player-4
423,2,17,0.05074986256659031,player-4,3,3,9,5,player-4,player-4
423,3,23,0.08966703899204731,player-3,13,4,19,11,player-1,player-3
423,4,17,0.06616697646677494,player-2,13,6,19,15,player-2,player-2
423,5,19,0.06862496957182884,player-1,21,10,22,17,player-3,player-1
423,6,20,0.0813750084489584,player-3,29,14,29,23,player-4,player-3
423,7,20,0.06825011223554611,player-4,31,25,30,25,player-1,player-4
423,8,18,0.06874999962747097,player-3,35,28,35,27,player-2,player-3
423,9,17,0.0566248781979084,player-3,39,31,38,32,player-3,player-3
423,10,19,0.06074993871152401,player-2,46,35,38,35,player-4,player-2
423,11,17,0.060999998822808266,player-1,48,37,43,36,player-1,player-1
423,12,21,0.07149996235966682,player-2,50,39,50,36,player-2,player-2
424,1,17,0.07433304563164711,player-3,3,4,14,2,player-3,player-3
424,2,17,0.09208312258124352,player-4,4,10,18,19,player-4,player-4
424,3,17,0.053625088185071945,player-1,6,10,21,21,player-1,player-1
424,4,17,0.05825003609061241,player-2,6,16,24,29,player-2,player-2
424,5,25,0.07679197005927563,player-3,7,19,34,34,player-3,player-3
424,6,19,0.06729108281433582,player-2,7,34,34,38,player-4,player-2
424,7,20,0.06845803000032902,player-4,8,34,45,45,player-1,player-4
424,8,18,0.06987503729760647,player-3,9,36,47,51,player-2,player-3
424,9,25,0.09070802479982376,player-3,9,39,51,52,player-3,player-3
424,10,24,0.06975000724196434,player-3,12,39,60,55,player-4,player-3
424,11,17,0.06129196844995022,player-1,16,42,61,55,player-1,player-1
424,12,17,0.07341708987951279,player-2,16,46,62,61,player-2,player-2
425,1,17,0.06645801477134228,player-1,10,0,2,2,player-1,player-1
425,2,27,0.0614591408520937,none,10,5,8,4,player-2,none
425,3,17,0.06408407352864742,player-3,10,7,13,6,player-3,player-3
425,4,17,0.06025005131959915,player-4,12,8,13,13,player-4,player-4
425,5,18,0.06800005212426186,player-2,16,11,17,16,player-1,player-2
425,6,18,0.056042103096842766,player-3,17,12,26,19,player-2,player-3
425,7,17,0.06204098463058472,player-3,25,16,34,23,player-3,player-3
425,8,24,0.07658405229449272,player-3,30,17,47,24,player-4,player-3
425,9,20,0.06120791658759117,player-4,32,17,53,30,player-1,player-4
425,10,17,0.05979207344353199,player-2,33,20,59,30,player-2,player-2
425,11,22,0.07216702215373516,player-4,33,22,60,31,player-3,player-4
425,12,18,0.05270820111036301,player-1,43,24,65,32,player-4,player-1
426,1,20,0.07449998520314693,player-1,12,7,3,1,player-2,player-1
426,2,21,0.0602498184889555,player-3,12,9,4,4,player-3,player-3
426,3,17,0.056042103096842766,player-4,21,11,10,8,player-4,player-4
426,4,19,0.06491690874099731,player-3,26,12,11,8,player-1,player-3
426,5,19,0.05370797589421272,player-4,29,13,12,15,player-2,player-4
426,6,17,0.04895799793303013,player-3,30,15,19,15,player-3,player-3
426,7,18,0.06508314982056618,player-1,37,21,19,18,player-4,player-1
426,8,17,0.06462517194449902,player-1,41,23,22,18,player-1,player-1
426,9,17,0.10720896534621716,player-2,48,33,28,21,player-2,player-2
426,10,22,0.08249981328845024,player-4,52,33,30,21,player-3,player-4
426,11,18,0.0724580604583025,player-1,60,33,34,23,player-4,player-1
426,12,18,0.06033293902873993,player-2,62,36,37,26,player-1,player-2
426,13,22,0.0838330015540123,player-3,62,45,42,34,player-2,player-3
427,1,18,0.0516669824719429,player-2,2,4,3,4,player-1,player-2
427,2,20,0.061208149418234825,player-1,6,5,3,8,player-2,player-1
427,3,17,0.05983398295938969,player-3,8,7,11,8,player-3,player-3
427,4,17,0.05100015550851822,player-4,11,7,13,13,player-4,player-4
427,5,27,0.07733283564448357,player-3,12,8,19,17,player-1,player-3
427,6,22,0.06474996916949749,none,16,8,26,19,player-2,none
427,7,26,0.06633298471570015,player-4,21,10,31,23,player-3,player-4
427,8,18,0.06262515671551228,player-1,31,11,32,25,player-4,player-1
427,9,24,0.06733299233019352,player-4,32,14,34,34,player-1,player-4
427,10,17,0.08087512105703354,player-2,34,22,35,41,player-2,player-2
427,11,19,0.06308313459157944,player-1,35,25,41,42,player-3,player-1
427,12,17,0.057999975979328156,player-4,37,30,42,44,player-4,player-4
427,13,17,0.060959020629525185,player-1,43,33,47,45,player-1,player-1
427,14,17,0.07112487219274044,player-2,47,45,49,54,player-2,player-2
427,15,17,0.06520794704556465,player-3,50,48,54,59,player-3,player-3
428,1,17,0.08566700853407383,player-3,2,4,11,2,player-3,player-3
428,2,17,0.08683302439749241,player-4,10,4,18,5,player-4,player-4
428,3,21,0.06749993190169334,player-1,17,6,18,5,player-1,player-1
428,4,27,0.08970801718533039,player-4,21,6,24,7,player-2,player-4
428,5,17,0.06004190072417259,player-3,24,7,30,10,player-3,player-3
428,6,18,0.0738329254090786,player-1,27,10,33,14,player-4,player-1
428,7,18,0.0566248781979084,player-2,27,17,34,16,player-1,player-2
428,8,18,0.051042065024375916,player-3,31,18,35,21,player-2,player-3
428,9,25,0.10324991308152676,player-3,31,21,40,25,player-3,player-3
428,10,18,0.06587500683963299,player-1,33,22,40,30,player-4,player-1
428,11,17,0.05512498319149017,player-1,43,25,43,37,player-1,player-1
428,12,19,0.07683318108320236,player-4,43,30,48,45,player-2,player-4
428,13,17,0.05587516352534294,player-3,46,32,50,45,player-3,player-3
428,14,18,0.06620795466005802,player-1,48,32,52,46,player-4,player-1
429,1,17,0.06108405068516731,player-3,4,2,2,1,player-3,player-3
429,2,18,0.056791119277477264,player-1,11,4,3,1,player-4,player-1
429,3,19,0.07812492549419403,player-3,13,8,6,6,player-1,player-3
429,4,17,0.05000014789402485,player-2,13,12,8,8,player-2,player-2
429,5,17,0.06150011904537678,player-3,14,12,13,11,player-3,player-3
429,6,22,0.060208141803741455,none,18,17,14,11,player-4,none
429,7,18,0.059542013332247734,player-2,20,22,14,13,player-1,player-2
429,8,19,0.0624579843133688,player-4,20,26,15,17,player-2,player-4
429,9,17,0.055416952818632126,player-3,25,30,22,17,player-3,player-3
429,10,17,0.05687517113983631,player-4,28,33,27,18,player-4,player-4
429,11,24,0.09424984455108643,player-4,32,33,28,26,player-1,player-4
429,12,20,0.059333862736821175,player-1,40,42,34,26,player-2,player-1
429,13,17,0.053625088185071945,player-3,43,42,42,29,player-3,player-3
429,14,17,0.050833914428949356,player-4,44,44,43,31,player-4,player-4
429,15,17,0.06374996155500412,player-1,46,49,43,37,player-1,player-1
429,16,19,0.08095800876617432,player-4,48,56,47,46,player-2,player-4
430,1,18,0.06674998439848423,player-1,4,1,2,1,player-4,player-1
430,2,19,0.05929195322096348,player-3,4,1,11,3,player-1,player-3
430,3,17,0.06279093213379383,player-2,5,4,17,9,player-2,player-2
430,4,17,0.06083399057388306,player-3,7,4,22,10,player-3,player-3
430,5,18,0.07058307528495789,player-1,13,7,22,16,player-4,player-1
430,6,18,0.06033293902873993,player-2,17,12,23,19,player-1,player-2
430,7,18,0.05670799873769283,player-3,21,16,30,20,player-2,player-3
430,8,17,0.0475000124424696,player-3,25,16,37,21,player-3,player-3
430,9,18,0.06883405148983002,player-1,27,19,40,23,player-4,player-1
430,10,17,0.0630419235676527,player-1,31,24,43,27,player-1,player-1
430,11,17,0.052582938224077225,player-2,34,31,46,31,player-2,player-2
430,12,17,0.08287490345537663,player-3,39,31,51,36,player-3,player-3
430,13,19,0.056042103096842766,player-2,42,32,54,39,player-4,player-2
430,14,17,0.06191595457494259,player-1,48,36,58,40,player-1,player-1
431,1,17,0.051999930292367935,player-3,0,1,5,0,player-3,player-3
431,2,18,0.06320816464722157,player-1,2,4,7,4,player-4,player-1
431,3,19,0.05504186265170574,player-3,2,4,7,7,player-1,player-3
431,4,17,0.05091610364615917,player-2,2,4,11,10,player-2,player-2
431,5,17,0.05570799112319946,player-3,7,5,12,13,player-3,player-3
431,6,21,0.06045796908438206,player-4,9,8,13,19,player-4,player-4
431,7,17,0.06558396853506565,player-1,14,8,18,24,player-1,player-1
431,8,22,0.07983297109603882,player-3,16,15,21,31,player-2,player-3
431,9,19,0.06570806726813316,player-1,21,20,21,33,player-3,player-1
431,10,19,0.0624160747975111,player-2,23,22,23,38,player-4,player-2
431,11,18,0.05562487058341503,player-2,25,27,25,45,player-1,player-2
431,12,18,0.060167163610458374,player-3,28,29,33,49,player-2,player-3
431,13,18,0.07908279076218605,player-4,31,31,35,57,player-3,player-4
431,14,17,0.05729217082262039,player-4,31,32,37,66,player-4,player-4
431,15,17,0.05258386954665184,player-1,37,32,37,69,player-1,player-1
432,1,18,0.07149996235966682,player-2,5,4,4,6,player-1,player-2
432,2,20,0.106374965980649,player-1,7,7,5,11,player-2,player-1
432,3,17,0.07070810534060001,player-3,9,10,12,13,player-3,player-3
432,4,17,0.06591691635549068,player-4,10,11,13,20,player-4,player-4
432,5,18,0.06454205140471458,player-2,13,19,20,28,player-1,player-2
432,6,32,0.08904212154448032,player-1,20,20,25,28,player-2,player-1
432,7,17,0.06104190833866596,player-3,21,21,25,28,player-3,player-3
432,8,18,0.061791855841875076,player-1,26,21,28,33,player-4,player-1
432,9,17,0.05574990063905716,player-1,32,21,32,38,player-1,player-1
432,10,17,0.061791157349944115,player-2,32,27,37,46,player-2,player-2
432,11,17,0.055666081607341766,player-3,33,31,42,48,player-3,player-3
432,12,18,0.06512505933642387,player-1,43,35,47,49,player-4,player-1
432,13,17,0.04804111085832119,player-1,45,36,47,52,player-1,player-1
432,14,17,0.055540818721055984,player-2,46,37,51,52,player-2,player-2
432,15,22,0.06537511944770813,player-4,47,37,58,57,player-3,player-4
433,1,19,0.06008287891745567,player-3,2,2,1,5,player-1,player-3
433,2,17,0.06874999962747097,player-2,4,6,3,9,player-2,player-2
433,3,14,0.036833109334111214,none,4,6,3,10,player-3,none
433,4,21,0.06116693839430809,player-4,4,13,3,20,player-4,player-4
433,5,17,0.06979214958846569,player-1,11,17,5,26,player-1,player-1
433,6,17,0.060165999457240105,player-2,13,21,6,26,player-2,player-2
433,7,19,0.0680421944707632,player-1,24,24,13,26,player-3,player-1
433,8,17,0.059125013649463654,player-4,25,25,17,26,player-4,player-4
433,9,28,0.0655418261885643,none,29,25,18,30,player-1,none
433,10,18,0.06495905108749866,player-3,32,27,24,31,player-2,player-3
433,11,17,0.081291189417243,player-3,35,30,29,31,player-3,player-3
433,12,19,0.05274987779557705,player-2,37,35,32,33,player-4,player-2
433,13,17,0.05062483251094818,player-1,52,36,32,33,player-1,player-1
433,14,17,0.0647080596536398,player-2,52,41,34,36,player-2,player-2
433,15,19,0.06500002928078175,player-1,59,41,35,36,player-3,player-1
433,16,17,0.0612910371273756,player-4,59,43,37,47,player-4,player-4
433,17,19,0.07395795546472073,player-3,61,47,41,47,player-1,player-3
434,1,18,0.0643748790025711,player-3,4,2,2,4,player-2,player-3
434,2,17,0.057582976296544075,player-3,7,2,6,4,player-3,player-3
434,3,19,0.05533290095627308,none,8,2,10,5,player-4,none
434,4,19,0.0688750296831131,player-3,13,9,14,5,player-1,player-3
434,5,19,0.07262500002980232,player-4,22,11,18,14,player-2,player-4
434,6,23,0.08762511424720287,player-1,25,16,21,16,player-3,player-1
434,7,23,0.06900005973875523,player-2,29,19,21,22,player-4,player-2
434,8,17,0.07366691716015339,player-1,39,25,24,29,player-1,player-1
434,9,17,0.05383300594985485,player-2,40,33,25,29,player-2,player-2
434,10,21,0.07558311335742474,player-3,47,33,37,35,player-3,player-3
434,11,18,0.060582999140024185,player-1,50,36,42,39,player-4,player-1
434,12,21,0.09883404709398746,player-1,56,41,42,40,player-1,player-1
434,13,19,0.06954092532396317,player-4,61,43,44,45,player-2,player-4
435,1,17,0.06979098543524742,player-1,6,10,10,8,player-1,player-1
435,2,17,0.06500002928078175,player-2,9,16,13,13,player-2,player-2
435,3,20,0.07283291779458523,player-2,9,18,19,13,player-3,player-2
435,4,18,0.06674998439848423,player-1,14,24,23,18,player-4,player-1
435,5,21,0.07958291098475456,player-1,20,27,25,24,player-1,player-1
435,6,19,0.07949979044497013,player-4,21,30,27,29,player-2,player-4
435,7,17,0.0644167885184288,player-3,24,38,30,31,player-3,player-3
435,8,18,0.07083290256559849,player-1,31,45,37,32,player-4,player-1
435,9,17,0.05183299072086811,player-1,40,45,39,34,player-1,player-1
435,10,17,0.07870909757912159,player-2,47,53,41,38,player-2,player-2
435,11,19,0.08933409117162228,player-1,55,63,44,49,player-3,player-1
436,1,17,0.06616697646677494,player-2,2,2,1,4,player-2,player-2
436,2,19,0.08150003850460052,player-1,6,8,8,8,player-3,player-1
436,3,17,0.06679212674498558,player-4,9,8,8,12,player-4,player-4
436,4,18,0.055459095165133476,player-2,10,12,12,13,player-1,player-2
436,5,17,0.05966681055724621,player-2,18,15,14,17,player-2,player-2
436,6,17,0.06979191675782204,player-3,23,17,20,24,player-3,player-3
436,7,18,0.07004081271588802,player-1,25,18,21,29,player-4,player-1
436,8,17,0.0617089681327343,player-1,30,24,21,34,player-1,player-1
436,9,21,0.09658304043114185,player-2,34,30,22,39,player-2,player-2
436,10,17,0.056208111345767975,player-3,35,31,32,39,player-3,player-3
436,11,19,0.06454112008213997,player-2,36,37,35,45,player-4,player-2
436,12,17,0.06866711191833019,player-1,43,37,36,48,player-1,player-1
436,13,18,0.05787517875432968,player-3,45,39,43,48,player-2,player-3
436,14,17,0.0766669400036335,player-3,50,39,50,51,player-3,player-3
437,1,18,0.0653339084237814,player-1,5,1,0,5,player-4,player-1
437,2,20,0.06816699169576168,player-4,8,4,2,9,player-1,player-4
437,3,18,0.06216694600880146,player-3,10,6,7,9,player-2,player-3
437,4,21,0.06204191595315933,player-3,14,8,18,9,player-3,player-3
437,5,18,0.062125036492943764,player-1,15,11,18,14,player-4,player-1
437,6,17,0.060042133554816246,player-1,22,15,18,18,player-1,player-1
437,7,17,0.054833944886922836,player-2,26,17,20,20,player-2,player-2
437,8,17,0.04854216240346432,player-3,28,17,23,22,player-3,player-3
437,9,17,0.07637497037649155,player-4,28,20,23,26,player-4,player-4
437,10,17,0.05112495273351669,player-1,30,22,26,26,player-1,player-1
437,11,19,0.05654105916619301,player-4,32,23,29,32,player-2,player-4
437,12,18,0.07333303801715374,player-4,37,28,31,33,player-3,player-4
437,13,17,0.07204106077551842,player-4,37,32,31,43,player-4,player-4
437,14,17,0.06529083475470543,player-1,40,36,32,44,player-1,player-1
437,15,18,0.17308304086327553,player-3,41,45,35,46,player-2,player-3
437,16,17,0.07058307528495789,player-3,41,45,41,47,player-3,player-3
437,17,18,0.07133278995752335,player-1,45,48,41,53,player-4,player-1
438,1,19,0.062417006120085716,player-3,3,0,1,4,player-1,player-3
438,2,17,0.06150011904537678,player-2,6,4,1,4,player-2,player-2
438,3,20,0.06595905870199203,player-2,13,8,2,4,player-3,player-2
438,4,18,0.04933308809995651,player-1,17,9,6,4,player-4,player-1
438,5,18,0.05695805884897709,none,19,9,7,5,player-1,none
438,6,17,0.0767088495194912,player-2,21,13,9,8,player-2,player-2
438,7,18,0.07008411921560764,player-4,25,15,12,9,player-3,player-4
438,8,17,0.06158393807709217,player-4,27,20,26,18,player-4,player-4
438,9,20,0.07762503810226917,player-4,29,25,26,22,player-1,player-4
438,10,17,0.06316695362329483,player-2,33,34,29,30,player-2,player-2
438,11,17,0.06133317947387695,player-3,38,36,38,30,player-3,player-3
438,12,17,0.06837490946054459,player-4,41,42,46,35,player-4,player-4
438,13,19,0.058625126257538795,player-3,42,42,47,42,player-1,player-3
438,14,20,0.06362493149936199,player-1,49,43,54,42,player-2,player-1
439,1,18,0.055999960750341415,player-3,0,1,7,2,player-2,player-3
439,2,24,0.08599995635449886,player-2,3,7,14,2,player-3,player-2
439,3,18,0.09279209189116955,player-1,4,13,14,8,player-4,player-1
439,4,21,0.07333303801715374,none,7,16,14,13,player-1,none
439,5,17,0.06616697646677494,player-2,10,23,17,15,player-2,player-2
439,6,17,0.07808394730091095,player-3,15,28,27,18,player-3,player-3
439,7,17,0.06766594015061855,player-4,20,35,28,27,player-4,player-4
439,8,18,0.054042087867856026,none,21,36,29,30,player-1,none
439,9,22,0.08099991828203201,player-3,23,41,35,30,player-2,player-3
439,10,17,0.06979191675782204,player-3,31,44,37,30,player-3,player-3
439,11,17,0.08625001646578312,player-4,33,49,40,33,player-4,player-4
439,12,20,0.07325015030801296,player-4,33,54,40,38,player-1,player-4
439,13,18,0.06070802919566631,player-3,34,55,43,38,player-2,player-3
439,14,17,0.06333296187222004,player-3,38,62,48,42,player-3,player-3
440,1,17,0.05962490104138851,player-3,0,1,2,3,player-3,player-3
440,2,17,0.07037515752017498,player-4,4,5,6,8,player-4,player-4
440,3,18,0.06229104474186897,player-2,10,6,6,10,player-1,player-2
440,4,18,0.07720803841948509,player-3,12,11,7,11,player-2,player-3
440,5,24,0.0867089256644249,player-2,29,16,15,11,player-3,player-2
440,6,17,0.059750163927674294,player-4,36,16,15,15,player-4,player-4
440,7,17,0.05837506614625454,player-1,41,18,19,18,player-1,player-1
440,8,18,0.07320800796151161,player-3,45,20,23,18,player-2,player-3
440,9,18,0.05095801316201687,player-4,47,20,24,24,player-3,player-4
440,10,17,0.07429206743836403,player-4,49,23,29,30,player-4,player-4
440,11,18,0.06808387115597725,player-2,50,33,32,37,player-1,player-2
440,12,22,0.08874991908669472,player-3,54,39,34,41,player-2,player-3
440,13,17,0.06429105997085571,player-3,54,39,38,44,player-3,player-3
440,14,18,0.065250089392066,player-1,60,39,46,47,player-4,player-1
441,1,17,0.056499848142266273,player-3,0,1,8,0,player-3,player-3
441,2,31,0.12116692960262299,player-2,14,3,11,7,player-4,player-2
441,3,17,0.05991593934595585,player-1,21,5,13,9,player-1,player-1
441,4,20,0.05974993109703064,player-1,26,5,17,10,player-2,player-1
441,5,19,0.07820897735655308,player-1,33,14,18,23,player-3,player-1
441,6,17,0.0767088495194912,player-4,33,16,20,33,player-4,player-4
441,7,16,0.04491605795919895,none,37,16,21,37,player-1,none
441,8,17,0.06958306767046452,player-2,45,20,23,41,player-2,player-2
441,9,18,0.06091617979109287,player-4,48,23,25,46,player-3,player-4
441,10,18,0.07100007496774197,player-1,49,25,29,48,player-4,player-1
441,11,19,0.06966711953282356,player-3,49,31,32,58,player-1,player-3
441,12,19,0.05970802158117294,player-4,53,34,33,63,player-2,player-4
441,13,17,0.06391690112650394,player-3,53,34,39,63,player-3,player-3
441,14,17,0.06425008177757263,player-4,57,34,43,69,player-4,player-4
442,1,17,0.06008311174809933,player-1,5,1,4,1,player-1,player-1
442,2,22,0.08354219608008862,player-3,7,3,6,4,player-2,player-3
442,3,17,0.06224983371794224,player-3,14,3,10,6,player-3,player-3
442,4,17,0.062125036492943764,player-4,17,5,10,9,player-4,player-4
442,5,20,0.09270897135138512,player-4,21,11,10,18,player-1,player-4
442,6,19,0.09704194962978363,player-4,24,12,10,35,player-2,player-4
442,7,18,0.08479109965264797,player-4,30,12,14,37,player-3,player-4
442,8,18,0.05820905789732933,player-1,38,12,14,38,player-4,player-1
442,9,17,0.056958990171551704,player-1,40,14,18,38,player-1,player-1
442,10,17,0.08283392526209354,player-2,44,23,22,40,player-2,player-2
442,11,17,0.0679998192936182,player-3,50,31,28,42,player-3,player-3
442,12,19,0.07145805284380913,player-2,51,35,29,45,player-4,player-2
442,13,17,0.05733408033847809,player-1,55,35,30,47,player-1,player-1
442,14,19,0.07383385673165321,player-4,58,37,34,53,player-2,player-4
442,15,17,0.07504201494157314,player-3,60,38,41,53,player-3,player-3
443,1,18,0.07183314301073551,player-2,3,6,4,2,player-1,player-2
443,2,18,0.10954192839562893,player-3,5,8,7,5,player-2,player-3
443,3,18,0.07120799273252487,player-4,5,13,8,26,player-3,player-4
443,4,17,0.06458396092057228,player-4,9,13,12,34,player-4,player-4
443,5,17,0.06437511183321476,player-1,12,17,19,37,player-1,player-1
443,6,18,0.06574997678399086,player-3,17,21,27,40,player-2,player-3
443,7,20,0.1266668550670147,player-2,19,25,31,40,player-3,player-2
443,8,17,0.065250089392066,player-4,20,31,31,43,player-4,player-4
443,9,19,0.07241591811180115,player-3,23,31,34,45,player-1,player-3
443,10,19,0.07875007577240467,player-4,25,34,41,46,player-2,player-4
443,11,19,0.08041597902774811,player-1,36,37,43,47,player-3,player-1
443,12,29,0.0814169179648161,player-4,36,37,48,51,player-4,player-4
443,13,20,0.06633298471570015,player-4,39,41,51,59,player-1,player-4
444,1,17,0.0741670373827219,player-2,0,3,3,1,player-2,player-2
444,2,18,0.07149996235966682,player-4,6,5,7,10,player-3,player-4
444,3,17,0.08625001646578312,player-4,6,8,9,18,player-4,player-4
444,4,18,0.07829093374311924,player-2,12,14,9,18,player-1,player-2
444,5,18,0.07624994032084942,player-3,14,14,11,18,player-2,player-3
444,6,22,0.08687516674399376,player-4,17,17,11,20,player-3,player-4
444,7,18,0.05612499080598354,player-1,20,21,12,22,player-4,player-1
444,8,17,0.07562502287328243,player-1,21,28,14,25,player-1,player-1
444,9,18,0.0819170381873846,player-3,30,31,25,32,player-2,player-3
444,10,23,0.06600003689527512,none,35,32,28,33,player-3,none
444,11,20,0.07020821794867516,player-3,35,39,32,40,player-4,player-3
444,12,19,0.09454204700887203,player-3,40,43,34,48,player-1,player-3
444,13,17,0.0715409405529499,player-2,46,55,39,52,player-2,player-2
445,1,20,0.0663751270622015,player-4,0,0,3,2,player-1,player-4
445,2,18,0.06029196083545685,player-3,1,2,11,2,player-2,player-3
445,3,18,0.07162499241530895,player-4,1,2,11,11,player-3,player-4
445,4,18,0.07791700772941113,player-1,6,7,14,18,player-4,player-1
445,5,17,0.07708300836384296,player-1,15,9,17,19,player-1,player-1
445,6,17,0.057167140766978264,player-2,16,12,17,23,player-2,player-2
445,7,18,0.06862496957182884,player-4,18,12,19,28,player-3,player-4
445,8,17,0.05466700531542301,player-4,24,12,23,34,player-4,player-4
445,9,19,0.05666702054440975,player-3,25,12,34,37,player-1,player-3
445,10,20,0.055999960750341415,player-1,30,14,35,37,player-2,player-1
445,11,17,0.05037500523030758,player-3,32,14,41,38,player-3,player-3
445,12,17,0.06187497638165951,player-4,35,19,48,39,player-4,player-4
445,13,20,0.057416968047618866,player-4,36,20,50,44,player-1,player-4
445,14,19,0.0830839853733778,player-4,36,27,64,50,player-2,player-4
446,1,17,0.062125036492943764,player-2,1,7,0,0,player-2,player-2
446,2,19,0.08974992670118809,player-1,5,12,3,4,player-3,player-1
446,3,17,0.06483285687863827,player-4,6,15,5,8,player-4,player-4
446,4,21,0.06287498399615288,player-1,9,19,7,12,player-1,player-1
446,5,19,0.07404200732707977,player-4,17,23,17,14,player-2,player-4
446,6,25,0.07308414205908775,player-3,18,25,21,18,player-3,player-3
446,7,20,0.06691599264740944,player-3,19,25,22,23,player-4,player-3
446,8,19,0.07516681216657162,player-3,21,29,29,26,player-1,player-3
446,9,17,0.07079215720295906,player-2,23,33,30,27,player-2,player-2
446,10,17,0.05587493069469929,player-3,26,37,34,28,player-3,player-3
446,11,17,0.06766687147319317,player-4,26,40,36,32,player-4,player-4
446,12,18,0.06408407352864742,player-2,33,45,39,36,player-1,player-2
446,13,22,0.06904196925461292,player-3,33,49,44,36,player-2,player-3
446,14,17,0.05954108200967312,player-3,35,52,56,38,player-3,player-3
446,15,17,0.06254203617572784,player-4,35,52,57,43,player-4,player-4
446,16,17,0.05187513306736946,player-1,40,57,59,48,player-1,player-1
447,1,17,0.0705420970916748,player-4,0,6,3,4,player-4,player-4
447,2,19,0.062417006120085716,player-3,0,7,6,4,player-1,player-3
447,3,17,0.05954108200967312,player-2,1,19,9,6,player-2,player-2
447,4,17,0.06337510421872139,player-3,2,19,16,10,player-3,player-3
447,5,19,0.06691692396998405,player-2,7,28,19,12,player-4,player-2
447,6,18,0.06404099985957146,player-2,7,29,19,16,player-1,player-2
447,7,18,0.06612506695091724,player-3,10,32,28,17,player-2,player-3
447,8,17,0.08041597902774811,player-3,15,43,34,23,player-3,player-3
447,9,22,0.07474981248378754,player-1,21,46,37,27,player-4,player-1
447,10,24,0.0802918802946806,player-4,36,52,38,34,player-1,player-4
447,11,17,0.05941721610724926,player-2,47,58,46,40,player-2,player-2
447,12,24,0.08425000123679638,player-2,47,60,51,49,player-3,player-2
448,1,24,0.07091602310538292,player-4,0,4,0,6,player-1,player-4
448,2,17,0.062000006437301636,player-2,1,11,1,6,player-2,player-2
448,3,17,0.06216694600880146,player-3,3,15,9,6,player-3,player-3
448,4,18,0.06325007416307926,player-1,9,24,12,10,player-4,player-1
448,5,17,0.060416990891098976,player-1,11,25,16,11,player-1,player-1
448,6,24,0.06679096259176731,player-1,14,30,20,13,player-2,player-1
448,7,17,0.06733415648341179,player-3,16,33,28,13,player-3,player-3
448,8,19,0.06337487138807774,player-2,21,36,30,16,player-4,player-2
448,9,18,0.07220800034701824,player-2,24,38,30,19,player-1,player-2
448,10,17,0.07808301597833633,player-2,24,48,34,26,player-2,player-2
448,11,19,0.07370812818408012,player-1,29,53,34,28,player-3,player-1
448,12,18,0.062499893829226494,player-1,32,55,34,30,player-4,player-1
448,13,17,0.07025012746453285,player-1,44,56,45,34,player-1,player-1
448,14,20,0.06354204379022121,player-1,50,63,47,38,player-2,player-1
449,1,17,0.055541982874274254,player-3,1,2,6,0,player-3,player-3
449,2,17,0.06958283483982086,player-4,5,2,6,5,player-4,player-4
449,3,17,0.06170780397951603,player-1,14,4,9,6,player-1,player-1
449,4,17,0.048165908083319664,player-2,18,11,10,8,player-2,player-2
449,5,26,0.06987503729760647,player-4,22,14,12,10,player-3,player-4
449,6,17,0.057625118643045425,player-4,25,21,15,14,player-4,player-4
449,7,17,0.04862481728196144,player-1,31,23,20,14,player-1,player-1
449,8,17,0.06520887836813927,player-2,32,29,23,16,player-2,player-2
449,9,18,0.06725010462105274,player-4,39,29,26,18,player-3,player-4
449,10,25,0.05762488581240177,none,39,31,27,23,player-4,none
449,11,20,0.08699996396899223,player-4,44,34,37,25,player-1,player-4
449,12,17,0.08116592653095722,player-2,46,37,44,34,player-2,player-2
449,13,17,0.06679212674498558,player-3,48,47,44,42,player-3,player-3
449,14,19,0.05741720087826252,player-2,48,56,48,44,player-4,player-2
450,1,19,0.06083305925130844,player-4,3,8,2,6,player-2,player-4
450,2,20,0.0766669400036335,player-2,6,16,3,9,player-3,player-2
450,3,17,0.07616705261170864,player-4,8,16,5,14,player-4,player-4
450,4,17,0.07016700692474842,player-1,11,18,12,16,player-1,player-1
450,5,19,0.06408384069800377,player-4,14,20,14,19,player-2,player-4
450,6,17,0.05041598342359066,player-3,15,20,16,19,player-3,player-3
450,7,19,0.06283307448029518,player-2,18,25,18,20,player-4,player-2
450,8,18,0.06425008177757263,player-2,28,33,24,24,player-1,player-2
450,9,20,0.06483285687863827,player-1,32,37,25,28,player-2,player-1
450,10,19,0.06112479604780674,player-1,37,39,26,30,player-3,player-1
450,11,19,0.09412504732608795,player-2,44,43,29,33,player-4,player-2
450,12,18,0.07379078306257725,player-2,53,52,32,37,player-1,player-2
450,13,18,0.060542020946741104,player-3,58,52,32,40,player-2,player-3
450,14,17,0.04716706462204456,player-3,58,55,37,40,player-3,player-3
450,15,18,0.05179201252758503,player-1,62,59,40,42,player-4,player-1
451,1,18,0.0477079302072525,player-2,2,1,4,3,player-1,player-2
451,2,21,0.05570799112319946,player-2,5,5,5,3,player-2,player-2
451,3,19,0.060582999140024185,player-1,9,9,7,6,player-3,player-1
451,4,17,0.049625057727098465,player-4,12,9,7,9,player-4,player-4
451,5,20,0.07116701453924179,player-4,18,9,19,13,player-1,player-4
451,6,18,0.1082499511539936,player-3,19,13,20,15,player-2,player-3
451,7,18,0.06862496957182884,player-4,19,18,24,23,player-3,player-4
451,8,18,0.08341693319380283,player-1,24,18,31,29,player-4,player-1
451,9,17,0.05458318628370762,player-1,33,18,32,31,player-1,player-1
451,10,17,0.06341701373457909,player-2,39,24,32,35,player-2,player-2
451,11,24,0.0800001434981823,player-2,42,29,34,37,player-3,player-2
451,12,17,0.05633407272398472,player-4,44,31,38,46,player-4,player-4
451,13,21,0.07637497037649155,player-1,47,38,38,51,player-1,player-1
451,14,17,0.06570899859070778,player-2,53,46,46,54,player-2,player-2
452,1,17,0.06220885552465916,player-1,3,6,5,1,player-1,player-1
452,2,17,0.05987496115267277,player-2,8,17,13,2,player-2,player-2
452,3,20,0.06908318027853966,player-2,13,22,15,3,player-3,player-2
452,4,17,0.06841588765382767,player-4,13,26,20,5,player-4,player-4
452,5,17,0.05970802158117294,player-1,19,26,20,8,player-1,player-1
452,6,19,0.05037500523030758,none,19,26,21,10,player-2,none
452,7,17,0.05400017835199833,player-3,22,26,24,11,player-3,player-3
452,8,17,0.06745802238583565,player-4,22,29,28,22,player-4,player-4
452,9,17,0.05612499080598354,player-1,27,29,28,25,player-1,player-1
452,10,17,0.059625133872032166,player-2,30,35,28,27,player-2,player-2
452,11,21,0.07041590288281441,player-3,38,39,37,31,player-3,player-3
452,12,17,0.06870785728096962,player-4,44,39,44,36,player-4,player-4
452,13,17,0.06170780397951603,player-1,51,39,45,40,player-1,player-1
452,14,21,0.06604194641113281,player-2,51,45,46,46,player-2,player-2
452,15,23,0.07341685704886913,player-1,56,50,48,52,player-3,player-1
453,1,18,0.05866587162017822,player-4,2,5,2,2,player-3,player-4
453,2,19,0.06587500683963299,player-2,3,7,2,8,player-4,player-2
453,3,19,0.07225014269351959,player-3,5,16,7,8,player-1,player-3
453,4,17,0.1044590026140213,player-2,7,18,9,12,player-2,player-2
453,5,18,0.07633306086063385,player-4,9,22,9,18,player-3,player-4
453,6,17,0.07845810614526272,player-4,9,29,9,21,player-4,player-4
453,7,17,0.06504193879663944,player-1,17,29,12,22,player-1,player-1
453,8,17,0.1139170490205288,player-2,24,31,15,25,player-2,player-2
453,9,17,0.0654999166727066,player-3,26,36,20,27,player-3,player-3
453,10,21,0.07420801557600498,player-4,29,40,23,29,player-4,player-4
453,11,17,0.06708293221890926,player-1,38,43,26,35,player-1,player-1
453,12,26,0.08541694842278957,none,39,48,32,44,player-2,none
453,13,20,0.07083406671881676,player-2,39,51,35,47,player-3,player-2
453,14,19,0.058416975662112236,player-2,40,53,36,51,player-4,player-2
454,1,18,0.06608408875763416,player-1,6,7,0,2,player-4,player-1
454,2,19,0.06820796988904476,player-3,14,12,7,4,player-1,player-3
454,3,20,0.06337510421872139,player-1,17,14,7,5,player-2,player-1
454,4,18,0.06295810453593731,player-4,17,15,11,9,player-3,player-4
454,5,17,0.052291201427578926,player-4,20,16,14,16,player-4,player-4
454,6,23,0.08895806968212128,player-3,26,18,23,17,player-1,player-3
454,7,19,0.059582991525530815,player-4,29,22,25,21,player-2,player-4
454,8,17,0.04979199729859829,player-3,31,23,34,23,player-3,player-3
454,9,18,0.0727078877389431,player-1,46,23,37,24,player-4,player-1
454,10,17,0.06920890882611275,player-1,52,23,40,30,player-1,player-1
454,11,19,0.060584163293242455,player-4,54,25,45,31,player-2,player-4
454,12,19,0.06395787931978703,player-1,58,28,48,33,player-3,player-1
455,1,17,0.0599161721765995,player-1,3,0,2,2,player-1,player-1
455,2,18,0.07162499241530895,player-3,6,4,10,8,player-2,player-3
455,3,20,0.08379202336072922,player-2,8,14,15,14,player-3,player-2
455,4,17,0.05654105916619301,player-4,12,19,17,18,player-4,player-4
455,5,18,0.057416968047618866,player-2,15,21,17,19,player-1,player-2
455,6,17,0.05475012585520744,player-2,16,28,19,20,player-2,player-2
455,7,17,0.0677080824971199,player-3,19,29,26,21,player-3,player-3
455,8,19,0.06670900620520115,player-2,19,36,27,24,player-4,player-2
455,9,19,0.05645886994898319,player-3,24,36,28,28,player-1,player-3
455,10,18,0.07154117338359356,player-3,32,44,34,33,player-2,player-3
455,11,28,0.0852921511977911,player-2,38,45,43,35,player-3,player-2
455,12,18,0.06141606718301773,player-1,41,51,46,40,player-4,player-1
455,13,18,0.06595812737941742,player-2,43,56,47,47,player-1,player-2
456,1,20,0.06520911119878292,player-3,0,0,5,1,player-4,player-3
456,2,17,0.06316695362329483,player-1,6,3,10,3,player-1,player-1
456,3,18,0.053957803174853325,player-3,6,3,17,5,player-2,player-3
456,4,17,0.05687493830919266,player-3,11,6,19,5,player-3,player-3
456,5,21,0.07012509740889072,player-4,21,8,21,7,player-4,player-4
456,6,18,0.050666043534874916,player-2,23,12,23,9,player-1,player-2
456,7,21,0.06504193879663944,player-2,23,18,24,17,player-2,player-2
456,8,19,0.07016700692474842,player-1,26,18,25,18,player-3,player-1
456,9,18,0.05937507376074791,player-1,28,21,28,19,player-4,player-1
456,10,22,0.07154210470616817,player-2,29,26,30,27,player-1,player-2
456,11,18,0.07362500764429569,player-3,33,28,33,31,player-2,player-3
456,12,26,0.0815829262137413,player-4,33,33,37,32,player-3,player-4
456,13,20,0.0627920962870121,player-3,33,34,44,36,player-4,player-3
456,14,19,0.07466715760529041,player-3,42,37,50,38,player-1,player-3
456,15,22,0.07320800796151161,player-3,51,43,53,43,player-2,player-3
457,1,17,0.07204199209809303,player-4,0,4,7,7,player-4,player-4
457,2,17,0.057167140766978264,player-1,5,6,9,7,player-1,player-1
457,3,17,0.060208141803741455,player-2,8,9,12,8,player-2,player-2
457,4,17,0.06804196164011955,player-3,11,9,16,8,player-3,player-3
457,5,18,0.062166014686226845,player-1,14,9,20,12,player-4,player-1
457,6,18,0.07370905950665474,player-2,18,15,24,17,player-1,player-2
457,7,18,0.05737505853176117,player-3,21,15,28,25,player-2,player-3
457,8,18,0.06195809692144394,player-4,24,17,32,27,player-3,player-4
457,9,20,0.06087520159780979,player-3,26,20,36,29,player-4,player-3
457,10,18,0.06479211151599884,player-2,31,22,37,32,player-1,player-2
457,11,18,0.05629193037748337,player-3,32,26,40,35,player-2,player-3
457,12,18,0.062417006120085716,player-4,37,28,41,39,player-3,player-4
457,13,17,0.06616581231355667,player-4,39,33,42,44,player-4,player-4
457,14,18,0.062125036492943764,player-2,42,37,50,54,player-1,player-2
457,15,18,0.07020891644060612,player-3,43,39,52,57,player-2,player-3
457,16,19,0.06708409637212753,player-1,48,40,52,59,player-3,player-1
458,1,19,0.06520794704556465,player-4,0,3,0,11,player-2,player-4
458,2,18,0.062417006120085716,player-4,0,6,3,15,player-3,player-4
458,3,17,0.05333404988050461,player-4,3,6,5,24,player-4,player-4
458,4,18,0.06308290176093578,player-2,5,12,7,27,player-1,player-2
458,5,19,0.0665830448269844,player-4,11,13,12,40,player-2,player-4
458,6,17,0.058499863371253014,player-3,15,13,19,44,player-3,player-3
458,7,18,0.06120791658759117,player-1,18,20,22,50,player-4,player-1
458,8,19,0.04991702735424042,none,19,21,24,50,player-1,none
458,9,19,0.08083297871053219,player-4,22,25,26,54,player-2,player-4
458,10,18,0.06766710430383682,player-4,22,32,27,61,player-3,player-4
458,11,17,0.046083005145192146,player-4,22,35,27,68,player-4,player-4
459,1,18,0.06854208186268806,player-4,1,1,1,6,player-3,player-4
459,2,18,0.045416876673698425,none,4,3,4,8,player-4,none
459,3,17,0.07883296348154545,player-1,7,5,10,11,player-1,player-1
459,4,18,0.07837498560547829,player-3,11,10,16,13,player-2,player-3
459,5,18,0.07449998520314693,player-4,15,14,22,21,player-3,player-4
459,6,18,0.06295810453593731,player-1,21,14,24,22,player-4,player-1
459,7,17,0.06025005131959915,player-1,28,14,25,25,player-1,player-1
459,8,18,0.06708293221890926,player-3,34,17,25,29,player-2,player-3
459,9,18,0.06370898336172104,player-4,38,22,28,36,player-3,player-4
459,10,17,0.059208134189248085,player-4,40,23,29,42,player-4,player-4
459,11,17,0.0707919243723154,player-1,48,23,33,43,player-1,player-1
459,12,19,0.062499893829226494,player-4,51,24,37,48,player-2,player-4
459,13,20,0.08725002408027649,player-2,51,35,41,55,player-3,player-2
459,14,19,0.04929187707602978,none,51,38,42,57,player-4,none
459,15,17,0.06900005973875523,player-1,59,41,46,63,player-1,player-1
460,1,17,0.07175002247095108,player-3,4,0,4,3,player-3,player-3
460,2,17,0.0794590450823307,player-4,9,4,8,8,player-4,player-4
460,3,17,0.06037508137524128,player-1,11,4,11,8,player-1,player-1
460,4,18,0.07441709749400616,player-3,14,4,12,10,player-2,player-3
460,5,21,0.07720896974205971,player-3,18,5,17,10,player-3,player-3
460,6,17,0.050208065658807755,player-4,18,6,21,16,player-4,player-4
460,7,17,0.07412489503622055,player-1,19,7,21,19,player-1,player-1
460,8,17,0.07049995474517345,player-2,21,11,21,19,player-2,player-2
460,9,17,0.0588749535381794,player-3,26,15,24,24,player-3,player-3
460,10,19,0.10829092934727669,player-2,28,23,25,30,player-4,player-2
460,11,18,0.0577499158680439,player-2,30,25,30,30,player-1,player-2
460,12,19,0.053833937272429466,player-4,36,27,31,35,player-2,player-4
460,13,17,0.06737490184605122,player-3,40,33,33,36,player-3,player-3
460,14,19,0.08620903827250004,player-2,45,35,35,38,player-4,player-2
460,15,20,0.07187505252659321,player-4,48,42,41,50,player-1,player-4
460,16,17,0.055625103414058685,player-2,52,46,41,50,player-2,player-2
460,17,17,0.0588330440223217,player-3,52,51,45,51,player-3,player-3
461,1,18,0.05945796146988869,player-1,7,0,0,6,player-4,player-1
461,2,19,0.08045905269682407,player-3,9,1,6,11,player-1,player-3
461,3,17,0.0566248781979084,player-2,11,7,7,11,player-2,player-2
461,4,18,0.06074993871152401,player-4,11,9,11,18,player-3,player-4
461,5,17,0.06620911881327629,player-4,15,12,16,23,player-4,player-4
461,6,19,0.06904103793203831,player-3,16,12,20,25,player-1,player-3
461,7,17,0.05633407272398472,player-2,19,17,28,27,player-2,player-2
461,8,18,0.06116693839430809,player-4,22,19,30,33,player-3,player-4
461,9,19,0.07183314301073551,player-2,29,23,34,37,player-4,player-2
461,10,17,0.08545885793864727,player-1,44,29,38,44,player-1,player-1
461,11,17,0.10845810174942017,player-2,44,39,43,50,player-2,player-2
461,12,17,0.06179092451930046,player-3,47,42,49,51,player-3,player-3
461,13,18,0.06437511183321476,player-1,48,45,52,54,player-4,player-1
462,1,18,0.0749160535633564,player-1,6,3,4,7,player-4,player-1
462,2,18,0.0527501106262207,player-2,12,5,6,7,player-1,player-2
462,3,18,0.07816706784069538,player-3,12,12,10,12,player-2,player-3
462,4,20,0.0730419997125864,player-2,13,18,11,14,player-3,player-2
462,5,17,0.05641602911055088,player-4,17,20,15,19,player-4,player-4
462,6,19,0.06670807488262653,player-3,17,21,19,21,player-1,player-3
462,7,19,0.0599580816924572,player-4,17,27,22,25,player-2,player-4
462,8,17,0.0765831209719181,player-3,24,31,30,27,player-3,player-3
462,9,18,0.07937499321997166,player-1,30,36,37,28,player-4,player-1
462,10,19,0.07129204459488392,player-3,33,38,41,33,player-1,player-3
462,11,18,0.0624579843133688,player-3,36,41,45,36,player-2,player-3
462,12,17,0.061625149101018906,player-3,41,42,53,42,player-3,player-3
462,13,17,0.06225006654858589,player-4,41,46,54,48,player-4,player-4
462,14,17,0.05512498319149017,player-1,45,48,56,48,player-1,player-1
463,1,18,0.08212518878281116,player-3,2,7,8,5,player-2,player-3
463,2,18,0.06749993190169334,player-4,3,9,11,12,player-3,player-4
463,3,17,0.06170803681015968,player-4,3,9,14,19,player-4,player-4
463,4,18,0.05983398295938969,player-2,8,14,18,22,player-1,player-2
463,5,17,0.0726659782230854,player-2,15,18,20,31,player-2,player-2
463,6,17,0.05745794624090195,player-3,17,22,29,31,player-3,player-3
463,7,18,0.07508299313485622,player-1,19,23,31,31,player-4,player-1
463,8,17,0.06849993951618671,player-1,24,23,36,32,player-1,player-1
463,9,17,0.062417006120085716,player-2,25,26,38,35,player-2,player-2
463,10,18,0.08350005373358727,player-4,30,27,38,36,player-3,player-4
463,11,17,0.06187497638165951,player-4,32,27,40,39,player-4,player-4
463,12,19,0.06350013427436352,player-3,34,27,48,40,player-1,player-3
463,13,17,0.050165923312306404,player-2,35,32,51,46,player-2,player-2
463,14,21,0.08004112169146538,player-3,35,34,56,51,player-3,player-3
463,15,17,0.07375003769993782,player-4,35,41,57,60,player-4,player-4
464,1,18,0.06720796227455139,player-3,3,5,2,5,player-2,player-3
464,2,21,0.10216701775789261,player-3,14,5,5,9,player-3,player-3
464,3,19,0.06462517194449902,player-2,14,12,8,15,player-4,player-2
464,4,19,0.06229104474186897,player-3,15,19,12,17,player-1,player-3
464,5,18,0.06216694600880146,player-3,22,20,15,21,player-2,player-3
464,6,17,0.0707919243723154,player-3,29,22,21,25,player-3,player-3
464,7,18,0.061542028561234474,player-1,32,23,23,28,player-4,player-1
464,8,17,0.07766601629555225,player-1,34,28,25,35,player-1,player-1
464,9,17,0.07200008258223534,player-2,34,34,32,44,player-2,player-2
464,10,16,0.06374996155500412,none,36,35,34,47,player-3,none
464,11,18,0.0724999699741602,player-1,38,37,36,57,player-4,player-1
464,12,25,0.08433312177658081,player-1,46,45,36,63,player-1,player-1
465,1,17,0.054541975259780884,player-1,2,2,2,0,player-1,player-1
465,2,17,0.052582938224077225,player-2,4,7,5,0,player-2,player-2
465,3,18,0.06791693158447742,player-4,12,11,13,10,player-3,player-4
465,4,18,0.07166597060859203,player-1,20,13,19,12,player-4,player-1
465,5,17,0.049042049795389175,player-1,23,13,21,16,player-1,player-1
465,6,19,0.08949986658990383,player-4,31,15,31,18,player-2,player-4
465,7,18,0.06166612729430199,player-4,34,17,31,26,player-3,player-4
465,8,19,0.06925011985003948,player-2,35,25,35,28,player-4,player-2
465,9,17,0.062499893829226494,player-1,36,28,40,34,player-1,player-1
465,10,19,0.06816699169576168,player-4,39,37,44,44,player-2,player-4
465,11,17,0.05487492308020592,player-3,39,37,51,47,player-3,player-3
465,12,17,0.05045789293944836,player-4,40,39,53,50,player-4,player-4
465,13,17,0.07141591049730778,player-1,50,46,55,54,player-1,player-1
466,1,22,0.07458403706550598,player-2,0,5,3,2,player-1,player-2
466,2,20,0.06308290176093578,player-1,5,7,5,4,player-2,player-1
466,3,18,0.059916870668530464,player-4,10,9,7,10,player-3,player-4
466,4,25,0.07983297109603882,none,14,12,13,14,player-4,none
466,5,19,0.07058307528495789,player-3,23,12,16,14,player-1,player-3
466,6,17,0.05154102109372616,player-2,24,13,18,15,player-2,player-2
466,7,17,0.05562487058341503,player-3,24,18,21,15,player-3,player-3
466,8,17,0.08141598664224148,player-4,29,25,23,21,player-4,player-4
466,9,18,0.07237493991851807,player-2,31,31,25,22,player-1,player-2
466,10,18,0.07195794023573399,player-3,31,35,30,25,player-2,player-3
466,11,17,0.07791607640683651,player-3,35,40,40,25,player-3,player-3
466,12,18,0.07825018838047981,player-1,40,51,45,27,player-4,player-1
466,13,17,0.0635830219835043,player-1,49,63,54,27,player-1,player-1
467,1,19,0.05820789374411106,player-3,4,1,2,0,player-1,player-3
467,2,18,0.052582938224077225,player-3,6,5,6,3,player-2,player-3
467,3,17,0.056165968999266624,player-3,8,7,14,4,player-3,player-3
467,4,17,0.06687501445412636,player-4,9,9,17,10,player-4,player-4
467,5,17,0.07133278995752335,player-1,20,10,17,12,player-1,player-1
467,6,17,0.08791708387434483,player-2,26,15,19,17,player-2,player-2
467,7,20,0.07120892405509949,player-2,28,17,24,19,player-3,player-2
467,8,17,0.050416914746165276,player-4,30,21,24,25,player-4,player-4
467,9,17,0.06354087963700294,player-1,38,21,24,29,player-1,player-1
467,10,17,0.06379187107086182,player-2,43,24,29,32,player-2,player-2
467,11,23,0.06616697646677494,player-1,46,29,30,32,player-3,player-1
467,12,18,0.05629099905490875,player-1,50,33,33,35,player-4,player-1
467,13,17,0.05612499080598354,player-1,52,35,35,35,player-1,player-1
467,14,20,0.05891616456210613,player-1,61,36,35,35,player-2,player-1
467,15,19,0.06874999962747097,player-1,64,36,40,37,player-3,player-1
468,1,17,0.057165976613759995,player-3,2,5,4,0,player-3,player-3
468,2,17,0.06770901381969452,player-4,2,9,5,6,player-4,player-4
468,3,18,0.06712507456541061,player-2,4,11,9,12,player-1,player-2
468,4,22,0.07600011304020882,none,6,15,12,12,player-2,none
468,5,22,0.0594588927924633,player-4,9,16,17,17,player-3,player-4
468,6,17,0.05208398215472698,player-4,11,16,18,20,player-4,player-4
468,7,17,0.06283307448029518,player-1,18,16,18,22,player-1,player-1
468,8,25,0.07916591130197048,player-2,18,21,21,23,player-2,player-2
468,9,17,0.06454205140471458,player-3,23,25,27,26,player-3,player-3
468,10,22,0.07487507537007332,player-1,26,27,30,30,player-4,player-1
468,11,19,0.0837910920381546,player-3,30,28,31,35,player-1,player-3
468,12,19,0.06254203617572784,player-4,34,28,37,46,player-2,player-4
468,13,25,0.06987503729760647,none,35,28,39,50,player-3,none
468,14,18,0.07095816545188427,player-1,42,30,43,52,player-4,player-1
468,15,17,0.06916606798768044,player-1,52,32,45,54,player-1,player-1
468,16,18,0.07004104554653168,player-3,60,41,52,57,player-2,player-3
469,1,19,0.055208103731274605,player-3,4,2,0,3,player-1,player-3
469,2,17,0.04416611045598984,none,4,6,1,3,player-2,none
469,3,19,0.06745895370841026,player-1,9,6,2,5,player-3,player-1
469,4,17,0.06537511944770813,player-4,13,6,6,17,player-4,player-4
469,5,17,0.0666249543428421,player-1,19,12,6,25,player-1,player-1
469,6,17,0.059333862736821175,player-2,24,14,10,28,player-2,player-2
469,7,17,0.058791134506464005,player-3,31,20,12,29,player-3,player-3
469,8,17,0.05966704338788986,player-4,34,22,12,34,player-4,player-4
469,9,17,0.05925004370510578,player-1,40,25,14,35,player-1,player-1
469,10,17,0.10079215280711651,player-2,43,26,20,36,player-2,player-2
469,11,23,0.07404200732707977,player-1,50,28,21,39,player-3,player-1
469,12,17,0.07545785047113895,player-4,50,36,24,46,player-4,player-4
469,13,19,0.06862496957182884,player-3,54,38,24,50,player-1,player-3
469,14,17,0.07349997758865356,player-2,61,46,25,54,player-2,player-2
470,1,20,0.08804211392998695,player-3,0,4,2,6,player-4,player-3
470,2,17,0.06150011904537678,player-1,3,4,5,8,player-1,player-1
470,3,18,0.058540841564536095,player-3,4,7,7,14,player-2,player-3
470,4,18,0.0701660756021738,player-4,7,10,9,17,player-3,player-4
470,5,17,0.05570799112319946,player-4,7,14,16,21,player-4,player-4
470,6,17,0.07616705261170864,player-1,8,18,18,25,player-1,player-1
470,7,18,0.08433312177658081,player-3,11,18,21,27,player-2,player-3
470,8,17,0.05712499842047691,player-3,16,23,27,27,player-3,player-3
470,9,17,0.07270905189216137,player-4,19,26,27,31,player-4,player-4
470,10,19,0.07216678932309151,player-3,23,28,35,33,player-1,player-3
470,11,17,0.05900021642446518,player-2,26,35,37,34,player-2,player-2
470,12,18,0.05574990063905716,player-4,29,37,39,40,player-3,player-4
470,13,17,0.060416990891098976,player-4,31,37,47,43,player-4,player-4
470,14,18,0.061791855841875076,player-2,31,46,48,47,player-1,player-2
470,15,19,0.05737505853176117,player-4,34,48,49,48,player-2,player-4
470,16,18,0.056541990488767624,player-4,34,49,53,53,player-3,player-4
471,1,29,0.07729115895926952,none,0,0,3,1,player-4,none
471,2,17,0.059167155995965004,player-1,5,0,7,2,player-1,player-1
471,3,18,0.05529192276299,player-3,9,5,10,2,player-2,player-3
471,4,18,0.06045796908438206,player-4,13,10,13,4,player-3,player-4
471,5,19,0.0788331963121891,player-2,21,15,16,11,player-4,player-2
471,6,19,0.07700012065470219,player-3,25,18,29,11,player-1,player-3
471,7,20,0.08566700853407383,player-1,31,22,32,17,player-2,player-1
471,8,19,0.06904196925461292,player-1,35,23,36,21,player-3,player-1
471,9,17,0.07462501525878906,player-4,36,28,36,31,player-4,player-4
471,10,23,0.07658288814127445,player-3,41,31,38,32,player-1,player-3
471,11,18,0.07483293302357197,player-3,44,38,39,35,player-2,player-3
471,12,18,0.061916885897517204,player-4,44,42,40,40,player-3,player-4
471,13,17,0.06433413363993168,player-4,45,42,41,45,player-4,player-4
471,14,18,0.059125013649463654,player-2,47,53,41,45,player-1,player-2
471,15,18,0.05837506614625454,player-3,52,56,45,45,player-2,player-3
472,1,25,0.08874991908669472,player-1,7,6,3,6,player-1,player-1
472,2,19,0.07837498560547829,player-4,8,7,3,12,player-2,player-4
472,3,20,0.08291681297123432,player-2,10,18,5,14,player-3,player-2
472,4,17,0.05670799873769283,player-4,11,18,6,20,player-4,player-4
472,5,17,0.05579204298555851,player-1,18,21,6,21,player-1,player-1
472,6,19,0.07029110565781593,player-4,18,25,6,24,player-2,player-4
472,7,18,0.059374840930104256,player-4,18,26,9,27,player-3,player-4
472,8,17,0.07320800796151161,player-4,19,30,11,30,player-4,player-4
472,9,17,0.057958997786045074,player-1,32,30,16,31,player-1,player-1
472,10,17,0.07400009781122208,player-2,34,38,22,32,player-2,player-2
472,11,15,0.04249997437000275,none,34,38,23,32,player-3,none
472,12,17,0.06820796988904476,player-4,38,44,29,42,player-4,player-4
472,13,17,0.06791600026190281,player-1,41,48,34,45,player-1,player-1
472,14,18,0.062125036492943764,player-3,42,49,35,49,player-2,player-3
472,15,19,0.05745794624090195,player-1,49,51,39,53,player-3,player-1
473,1,17,0.059167155995965004,player-3,0,4,6,4,player-3,player-3
473,2,17,0.07025012746453285,player-4,1,4,12,11,player-4,player-4
473,3,17,0.08045905269682407,player-1,6,10,12,13,player-1,player-1
473,4,17,0.07945811375975609,player-2,9,15,13,15,player-2,player-2
473,5,18,0.07433397695422173,player-4,11,19,20,18,player-3,player-4
473,6,17,0.0777500681579113,player-4,12,19,21,25,player-4,player-4
473,7,20,0.07783412002027035,player-4,19,21,23,34,player-1,player-4
473,8,21,0.07804203778505325,player-2,21,25,23,41,player-2,player-2
473,9,20,0.08329213596880436,player-2,23,34,28,47,player-3,player-2
473,10,18,0.08483394049108028,player-1,26,37,34,48,player-4,player-1
473,11,24,0.10320800356566906,player-4,29,42,41,57,player-1,player-4
473,12,19,0.15600002370774746,player-4,37,42,42,60,player-2,player-4
474,1,17,0.06462493911385536,player-4,6,0,0,10,player-4,player-4
474,2,17,0.06600003689527512,player-1,12,0,3,10,player-1,player-1
474,3,17,0.049416907131671906,player-2,12,3,3,13,player-2,player-2
474,4,22,0.07745809853076935,player-4,19,3,3,19,player-3,player-4
474,5,17,0.05908403545618057,player-4,21,5,3,22,player-4,player-4
474,6,20,0.06849993951618671,player-4,27,10,9,28,player-1,player-4
474,7,18,0.0635830219835043,player-3,28,13,11,31,player-2,player-3
474,8,22,0.06783404387533665,player-4,28,18,16,32,player-3,player-4
474,9,17,0.05583302117884159,player-4,28,18,18,37,player-4,player-4
474,10,17,0.052582938224077225,player-1,31,18,20,42,player-1,player-1
474,11,17,0.07316586561501026,player-2,31,24,21,42,player-2,player-2
474,12,18,0.0616670586168766,player-4,31,26,23,49,player-3,player-4
474,13,17,0.07054093293845654,player-4,31,28,23,52,player-4,player-4
474,14,17,0.057416968047618866,player-1,39,30,23,52,player-1,player-1
474,15,18,0.07145898416638374,player-3,41,36,27,53,player-2,player-3
474,16,18,0.06699981167912483,player-4,46,38,28,61,player-3,player-4
474,17,22,0.07191579788923264,player-1,53,41,33,64,player-4,player-1
475,1,19,0.08833315223455429,player-4,3,3,11,3,player-2,player-4
475,2,20,0.06374996155500412,player-2,5,4,11,6,player-3,player-2
475,3,18,0.05783303640782833,player-1,11,11,11,11,player-4,player-1
475,4,19,0.05574990063905716,player-3,14,18,21,13,player-1,player-3
475,5,20,0.07237493991851807,player-1,18,21,28,22,player-2,player-1
475,6,17,0.059750163927674294,player-3,19,28,31,25,player-3,player-3
475,7,20,0.07654097862541676,player-3,19,34,35,27,player-4,player-3
475,8,17,0.06420817226171494,player-1,27,38,41,29,player-1,player-1
475,9,17,0.06079208105802536,player-2,28,44,46,30,player-2,player-2
475,10,21,0.06700004450976849,player-3,30,44,54,33,player-3,player-3
475,11,18,0.05854107439517975,player-1,35,47,56,35,player-4,player-1
475,12,18,0.0499160960316658,player-2,37,50,58,36,player-1,player-2
475,13,26,0.06487499922513962,none,38,50,58,41,player-2,none
475,14,19,0.05900021642446518,player-1,42,50,58,44,player-3,player-1
476,1,20,0.05879206582903862,player-3,5,1,5,2,player-4,player-3
476,2,17,0.05454104393720627,player-1,9,7,6,7,player-1,player-1
476,3,18,0.07349997758865356,player-3,15,11,8,10,player-2,player-3
476,4,17,0.06129220128059387,player-3,15,15,16,15,player-3,player-3
476,5,18,0.07029110565781593,player-1,19,21,17,19,player-4,player-1
476,6,18,0.06291712634265423,player-2,23,31,21,21,player-1,player-2
476,7,17,0.06700004450976849,player-2,27,37,26,23,player-2,player-2
476,8,18,0.058125006034970284,player-4,27,38,30,28,player-3,player-4
476,9,32,0.08262507617473602,none,30,38,33,29,player-4,none
476,10,20,0.08195801638066769,player-4,31,44,37,34,player-1,player-4
476,11,17,0.05350005812942982,player-2,34,52,38,35,player-2,player-2
476,12,25,0.06320793181657791,none,35,55,41,38,player-3,none
476,13,17,0.050083035603165627,none,35,58,42,45,player-4,none
477,1,17,0.05195802077651024,player-3,0,3,7,2,player-3,player-3
477,2,23,0.07266690954566002,player-2,0,7,9,3,player-4,player-2
477,3,17,0.05320901982486248,player-1,1,7,12,6,player-1,player-1
477,4,19,0.06499979645013809,player-4,1,9,15,12,player-2,player-4
477,5,28,0.0700000673532486,player-2,2,11,20,14,player-3,player-2
477,6,18,0.060582999140024185,player-1,12,16,29,15,player-4,player-1
477,7,21,0.06679189391434193,player-1,13,21,30,22,player-1,player-1
477,8,18,0.0602498184889555,player-3,18,22,31,24,player-2,player-3
477,9,17,0.057374825701117516,player-3,18,23,38,26,player-3,player-3
477,10,20,0.08229212835431099,player-3,21,27,42,27,player-4,player-3
477,11,29,0.09037507697939873,player-1,23,33,46,37,player-1,player-1
477,12,18,0.06779097020626068,player-3,27,39,49,41,player-2,player-3
477,13,18,0.05974993109703064,player-4,28,42,50,47,player-3,player-4
477,14,17,0.0599161721765995,player-4,30,46,55,48,player-4,player-4
477,15,17,0.0592090655118227,player-1,40,47,56,51,player-1,player-1
477,16,19,0.06900005973875523,player-4,44,48,57,58,player-2,player-4
478,1,17,0.05945819430053234,player-2,3,6,4,7,player-2,player-2
478,2,23,0.07683294825255871,player-1,9,7,8,8,player-3,player-1
478,3,25,0.07599988020956516,player-4,9,9,9,11,player-4,player-4
478,4,17,0.09208288975059986,player-1,15,12,12,12,player-1,player-1
478,5,17,0.06025005131959915,player-2,15,19,14,16,player-2,player-2
478,6,19,0.06987480446696281,player-1,20,19,16,19,player-3,player-1
478,7,17,0.06325007416307926,player-4,20,22,16,22,player-4,player-4
478,8,19,0.06233295425772667,player-3,24,22,19,25,player-1,player-3
478,9,19,0.0566248781979084,player-4,24,23,23,30,player-2,player-4
478,10,22,0.07587485015392303,none,25,27,25,31,player-3,none
478,11,17,0.08187489584088326,player-4,29,30,33,36,player-4,player-4
478,12,19,0.08116685785353184,player-3,31,33,34,40,player-1,player-3
478,13,17,0.0689169391989708,player-2,34,39,34,41,player-2,player-2
478,14,18,0.05516689270734787,player-4,36,39,34,42,player-3,player-4
478,15,19,0.07162499241530895,player-2,38,47,39,47,player-4,player-2
478,16,20,0.06691692396998405,player-4,40,47,43,53,player-1,player-4
479,1,20,0.06341701373457909,player-3,0,4,0,4,player-4,player-3
479,2,17,0.07850001566112041,player-1,7,6,3,7,player-1,player-1
479,3,19,0.06674998439848423,player-4,7,10,3,16,player-2,player-4
479,4,18,0.08399994112551212,player-4,9,11,4,16,player-3,player-4
479,5,27,0.07924996316432953,none,11,12,6,19,player-4,none
479,6,18,0.05983398295938969,player-2,18,14,6,21,player-1,player-2
479,7,17,0.08070794865489006,player-2,22,19,7,25,player-2,player-2
479,8,18,0.06820890121161938,player-4,25,22,8,32,player-3,player-4
479,9,17,0.06050011143088341,player-4,28,22,11,36,player-4,player-4
479,10,24,0.060957856476306915,none,29,24,15,37,player-1,none
479,11,18,0.08179200813174248,player-3,31,30,16,41,player-2,player-3
479,12,17,0.07208390161395073,player-3,31,32,20,42,player-3,player-3
479,13,17,0.07029110565781593,player-4,31,40,26,50,player-4,player-4
479,14,19,0.08350005373358727,player-3,35,43,30,52,player-1,player-3
479,15,17,0.060165999457240105,player-2,38,44,33,52,player-2,player-2
479,16,18,0.062000006437301636,player-4,42,52,39,63,player-3,player-4
480,1,17,0.0566248781979084,player-2,2,7,2,0,player-2,player-2
480,2,18,0.07887487299740314,player-4,6,10,6,1,player-3,player-4
480,3,17,0.06474996916949749,player-4,9,12,13,10,player-4,player-4
480,4,17,0.050582922995090485,player-1,12,12,14,11,player-1,player-1
480,5,18,0.10237493552267551,player-3,16,23,14,19,player-2,player-3
480,6,25,0.10966695845127106,player-3,20,23,18,21,player-3,player-3
480,7,23,0.08391612209379673,player-2,29,32,22,26,player-4,player-2
480,8,23,0.0849999487400055,player-3,31,37,31,32,player-1,player-3
480,9,17,0.05608284845948219,player-2,37,37,33,32,player-2,player-2
480,10,17,0.07895799353718758,player-3,39,39,37,33,player-3,player-3
480,11,18,0.06666709668934345,player-1,51,39,39,35,player-4,player-1
480,12,18,0.08733291178941727,player-2,55,44,49,38,player-1,player-2
481,1,19,0.07475004531443119,player-1,2,2,2,0,player-3,player-1
481,2,18,0.07004104554653168,player-1,3,4,4,8,player-4,player-1
481,3,19,0.06849993951618671,player-3,6,6,9,10,player-1,player-3
481,4,22,0.07729209028184414,player-3,13,8,11,10,player-2,player-3
481,5,17,0.049582915380597115,player-3,14,10,18,10,player-3,player-3
481,6,17,0.05550007335841656,player-4,14,13,19,17,player-4,player-4
481,7,17,0.05716690793633461,player-1,24,18,23,17,player-1,player-1
481,8,19,0.09837490506470203,player-4,27,22,35,19,player-2,player-4
481,9,17,0.05350005812942982,player-3,27,24,41,20,player-3,player-3
481,10,17,0.06450014188885689,player-4,27,32,52,26,player-4,player-4
481,11,17,0.05366699770092964,player-1,33,35,55,29,player-1,player-1
481,12,18,0.0537908636033535,player-3,33,38,55,34,player-2,player-3
481,13,17,0.06329198367893696,player-3,34,40,60,34,player-3,player-3
481,14,25,0.08504185825586319,player-4,36,46,64,44,player-4,player-4
482,1,18,0.059999991208314896,player-3,5,2,4,0,player-2,player-3
482,2,18,0.06404099985957146,player-4,8,3,4,2,player-3,player-4
482,3,17,0.05962490104138851,player-4,12,3,4,5,player-4,player-4
482,4,17,0.054165953770279884,player-1,20,3,9,11,player-1,player-1
482,5,17,0.0769591424614191,player-2,25,6,13,12,player-2,player-2
482,6,21,0.06545800715684891,none,28,10,18,13,player-3,none
482,7,20,0.07058307528495789,player-3,28,10,20,15,player-4,player-3
482,8,24,0.08566700853407383,player-4,33,16,23,19,player-1,player-4
482,9,18,0.06120908074080944,player-3,39,19,26,19,player-2,player-3
482,10,18,0.06904196925461292,player-4,40,21,34,35,player-3,player-4
482,11,18,0.08916715160012245,player-1,43,21,38,36,player-4,player-1
482,12,18,0.08324999362230301,player-2,45,28,43,39,player-1,player-2
482,13,17,0.06758281961083412,player-2,49,33,46,40,player-2,player-2
482,14,17,0.0585832167416811,player-3,53,34,51,40,player-3,player-3
483,1,17,0.059999991208314896,player-4,3,2,0,7,player-4,player-4
483,2,17,0.05095801316201687,player-1,4,9,1,11,player-1,player-1
483,3,20,0.06333389319479465,player-1,4,15,1,11,player-2,player-1
483,4,20,0.0666249543428421,player-2,13,21,6,15,player-3,player-2
483,5,17,0.09570899419486523,player-4,23,28,13,22,player-4,player-4
483,6,17,0.0588749535381794,player-1,29,31,19,24,player-1,player-1
483,7,17,0.0590828713029623,player-2,33,35,19,24,player-2,player-2
483,8,19,0.07570791058242321,player-1,39,38,23,28,player-3,player-1
483,9,18,0.05808309651911259,player-1,46,41,24,31,player-4,player-1
483,10,17,0.06804196164011955,player-1,47,44,26,38,player-1,player-1
483,11,17,0.05808286368846893,player-2,47,50,30,38,player-2,player-2
483,12,17,0.06245914846658707,player-3,49,50,32,40,player-3,player-3
483,13,17,0.07225014269351959,player-4,51,56,41,45,player-4,player-4
484,1,22,0.06904196925461292,player-1,4,0,4,5,player-4,player-1
484,2,17,0.06479094736278057,player-1,10,0,6,10,player-1,player-1
484,3,18,0.052666058763861656,player-3,11,5,12,12,player-2,player-3
484,4,18,0.07512513548135757,player-4,15,9,17,15,player-3,player-4
484,5,17,0.05958392284810543,player-4,19,14,17,21,player-4,player-4
484,6,17,0.057416968047618866,player-1,25,22,18,28,player-1,player-1
484,7,20,0.07037492468953133,player-1,32,22,23,29,player-2,player-1
484,8,17,0.061374856159090996,player-3,33,22,29,35,player-3,player-3
484,9,21,0.09345798753201962,player-4,44,22,29,44,player-4,player-4
484,10,17,0.0474581029266119,player-1,45,22,31,48,player-1,player-1
484,11,17,0.058416975662112236,player-2,52,27,35,54,player-2,player-2
484,12,17,0.06691599264740944,player-3,55,31,39,54,player-3,player-3
484,13,19,0.07083313539624214,player-2,64,43,43,56,player-4,player-2
485,1,17,0.057999975979328156,player-1,0,3,0,0,player-1,player-1
485,2,17,0.06949994713068008,player-2,8,10,5,3,player-2,player-2
485,3,31,0.08979090489447117,player-1,11,12,10,3,player-3,player-1
485,4,17,0.0763752032071352,player-4,12,16,12,12,player-4,player-4
485,5,18,0.0637909397482872,player-2,15,19,13,14,player-1,player-2
485,6,18,0.06524985656142235,player-3,19,21,15,18,player-2,player-3
485,7,17,0.05062483251094818,player-3,20,22,20,20,player-3,player-3
485,8,17,0.07316702976822853,player-4,23,26,22,25,player-4,player-4
485,9,27,0.07504085078835487,player-3,26,27,27,25,player-1,player-3
485,10,18,0.05787494592368603,player-3,27,28,35,25,player-2,player-3
485,11,17,0.061166007071733475,player-3,27,31,39,25,player-3,player-3
485,12,17,0.08858414366841316,player-4,31,31,42,30,player-4,player-4
485,13,18,0.06749993190169334,player-2,36,32,46,30,player-1,player-2
485,14,17,0.05612499080598354,player-2,36,35,48,33,player-2,player-2
485,15,17,0.05725002847611904,player-3,38,35,58,33,player-3,player-3
485,16,19,0.04974985495209694,player-2,40,46,62,35,player-4,player-2
486,1,17,0.06254203617572784,player-3,2,0,4,0,player-3,player-3
486,2,17,0.06595789454877377,player-4,3,7,6,2,player-4,player-4
486,3,18,0.055165961384773254,player-2,7,12,10,4,player-1,player-2
486,4,17,0.05583302117884159,player-2,13,17,12,6,player-2,player-2
486,5,17,0.06045796908438206,player-3,16,20,15,8,player-3,player-3
486,6,18,0.05420786328613758,player-1,22,20,17,10,player-4,player-1
486,7,19,0.0588330440223217,player-3,22,24,25,11,player-1,player-3
486,8,17,0.062208157032728195,player-2,25,31,26,12,player-2,player-2
486,9,17,0.05295802839100361,player-3,26,31,30,13,player-3,player-3
486,10,18,0.05725002847611904,player-1,30,32,35,14,player-4,player-1
486,11,18,0.05974993109703064,player-2,33,34,38,20,player-1,player-2
486,12,18,0.06745918653905392,player-3,37,44,50,20,player-2,player-3
486,13,17,0.060957856476306915,player-3,37,48,56,24,player-3,player-3
486,14,17,0.06520794704556465,player-4,42,52,67,28,player-4,player-4
487,1,17,0.07066712714731693,player-4,5,2,2,2,player-4,player-4
487,2,18,0.0641250517219305,player-2,12,4,6,11,player-1,player-2
487,3,26,0.14695804566144943,player-3,17,10,9,12,player-2,player-3
487,4,20,0.07370789535343647,player-2,17,15,16,12,player-3,player-2
487,5,19,0.08429191075265408,player-2,19,23,18,15,player-4,player-2
487,6,17,0.0804997980594635,player-1,25,31,22,20,player-1,player-1
487,7,18,0.06650015711784363,player-3,25,33,26,28,player-2,player-3
487,8,19,0.0730419997125864,player-1,36,39,34,31,player-3,player-1
487,9,24,0.0602079089730978,none,36,44,35,33,player-4,none
487,10,20,0.07220800034701824,player-4,38,48,35,41,player-1,player-4
487,11,17,0.05595805123448372,player-2,39,53,37,43,player-2,player-2
487,12,23,0.07616705261170864,player-1,44,56,45,46,player-3,player-1
488,1,17,0.08379202336072922,player-1,5,0,2,0,player-1,player-1
488,2,17,0.0654999166727066,player-2,8,5,2,1,player-2,player-2
488,3,23,0.08104206062853336,none,8,8,3,3,player-3,none
488,4,17,0.06995792500674725,player-4,9,8,5,10,player-4,player-4
488,5,22,0.0702498946338892,player-2,12,11,6,12,player-1,player-2
488,6,17,0.056666089221835136,player-2,17,16,7,18,player-2,player-2
488,7,21,0.06475020200014114,player-3,20,17,13,18,player-3,player-3
488,8,17,0.05433289334177971,player-4,20,21,14,23,player-4,player-4
488,9,17,0.04945788532495499,player-1,21,24,14,23,player-1,player-1
488,10,19,0.08329213596880436,player-4,22,29,20,27,player-2,player-4
488,11,18,0.05250005051493645,player-4,22,32,20,34,player-3,player-4
488,12,17,0.06645894609391689,player-4,24,32,23,44,player-4,player-4
488,13,17,0.05574990063905716,player-1,30,36,23,44,player-1,player-1
488,14,21,0.07608393207192421,player-2,31,36,28,46,player-2,player-2
488,15,17,0.053999945521354675,player-3,36,37,31,48,player-3,player-3
488,16,17,0.06479094736278057,player-4,36,39,37,52,player-4,player-4
488,17,17,0.07062498480081558,player-1,40,39,38,57,player-1,player-1
488,18,17,0.05350005812942982,player-2,40,42,40,58,player-2,player-2
489,1,27,0.0862909946590662,none,2,1,2,3,player-3,none
489,2,17,0.10516680777072906,player-4,2,6,8,11,player-4,player-4
489,3,17,0.06795814260840416,player-1,8,6,10,12,player-1,player-1
489,4,20,0.06995792500674725,player-1,9,10,10,14,player-2,player-1
489,5,17,0.058167148381471634,player-3,14,13,14,20,player-3,player-3
489,6,18,0.05650008097290993,player-1,16,15,14,23,player-4,player-1
489,7,17,0.062125036492943764,player-1,17,17,14,23,player-1,player-1
489,8,19,0.08883397094905376,player-4,17,21,18,26,player-2,player-4
489,9,20,0.0747081357985735,player-2,19,26,18,28,player-3,player-2
489,10,17,0.10908301919698715,player-4,24,29,18,30,player-4,player-4
489,11,18,0.0791249331086874,player-2,27,36,23,30,player-1,player-2
489,12,21,0.08704094216227531,player-2,31,48,25,37,player-2,player-2
489,13,20,0.07541594095528126,player-2,40,51,26,43,player-3,player-2
489,14,17,0.09391596540808678,player-4,43,54,32,51,player-4,player-4
490,1,17,0.05983305163681507,player-3,2,0,4,1,player-3,player-3
490,2,20,0.07283384911715984,player-3,3,5,10,1,player-4,player-3
490,3,18,0.07129088044166565,player-2,7,6,11,2,player-1,player-2
490,4,17,0.0696659553796053,player-2,10,13,14,3,player-2,player-2
490,5,17,0.0664170365780592,player-3,14,16,26,3,player-3,player-3
490,6,17,0.08558412082493305,player-4,15,16,30,12,player-4,player-4
490,7,17,0.08770800195634365,player-1,24,18,34,12,player-1,player-1
490,8,21,0.06658397614955902,player-2,24,32,38,17,player-2,player-2
490,9,17,0.07975008338689804,player-3,27,32,43,19,player-3,player-3
490,10,18,0.07941690273582935,player-1,33,34,47,27,player-4,player-1
490,11,17,0.06345799192786217,player-1,41,37,49,30,player-1,player-1
490,12,18,0.05116686224937439,none,41,38,51,33,player-2,none
490,13,19,0.07183291018009186,player-1,44,42,53,38,player-3,player-1
490,14,17,0.06579095497727394,player-4,46,42,56,50,player-4,player-4
491,1,17,0.0642088707536459,player-1,3,1,2,2,player-1,player-1
491,2,20,0.07087504491209984,player-1,5,1,5,5,player-2,player-1
491,3,22,0.08050003089010715,player-4,10,2,15,7,player-3,player-4
491,4,18,0.052667222917079926,player-1,12,3,16,7,player-4,player-1
491,5,19,0.06404193118214607,player-3,14,3,16,9,player-1,player-3
491,6,17,0.06141606718301773,player-2,15,11,17,12,player-2,player-2
491,7,18,0.059125013649463654,player-4,16,13,19,15,player-3,player-4
491,8,19,0.05983305163681507,player-2,18,16,23,16,player-4,player-2
491,9,24,0.07266690954566002,player-4,26,19,32,22,player-1,player-4
491,10,21,0.08041597902774811,player-2,30,22,36,26,player-2,player-2
491,11,17,0.061374856159090996,player-3,31,22,46,28,player-3,player-3
491,12,18,0.06558303721249104,player-1,40,23,47,29,player-4,player-1
491,13,18,0.05216686986386776,player-2,40,32,47,30,player-1,player-2
491,14,17,0.0630419235676527,player-2,41,33,51,32,player-2,player-2
491,15,18,0.06770784966647625,player-4,42,40,53,36,player-3,player-4
491,16,19,0.06766710430383682,player-2,43,44,55,44,player-4,player-2
491,17,23,0.09183306246995926,player-3,47,45,57,46,player-1,player-3
492,1,18,0.05737505853176117,player-2,2,8,4,3,player-1,player-2
492,2,24,0.06820796988904476,player-1,6,12,4,4,player-2,player-1
492,3,17,0.057416968047618866,player-3,9,14,5,5,player-3,player-3
492,4,18,0.07333303801715374,player-1,12,14,7,7,player-4,player-1
492,5,17,0.05658320151269436,player-1,25,14,13,8,player-1,player-1
492,6,21,0.07145782001316547,player-2,30,22,15,9,player-2,player-2
492,7,17,0.07779081352055073,player-3,36,26,28,14,player-3,player-3
492,8,19,0.09816698729991913,player-2,42,30,38,15,player-4,player-2
492,9,17,0.059167155995965004,player-1,46,32,39,18,player-1,player-1
492,10,24,0.06245891563594341,none,49,36,40,18,player-2,none
492,11,17,0.0660829246044159,player-3,51,37,42,20,player-3,player-3
492,12,17,0.07712491787970066,player-4,52,42,50,26,player-4,player-4
493,1,18,0.08362508378922939,player-4,2,7,6,7,player-3,player-4
493,2,17,0.061208149418234825,player-4,3,14,10,14,player-4,player-4
493,3,17,0.06366707384586334,player-1,10,16,16,14,player-1,player-1
493,4,17,0.05574990063905716,player-2,10,19,20,16,player-2,player-2
493,5,17,0.05729193799197674,player-3,13,22,25,20,player-3,player-3
493,6,19,0.06037508137524128,player-2,16,30,33,21,player-4,player-2
493,7,17,0.056541990488767624,player-1,21,32,38,28,player-1,player-1
493,8,17,0.06408290937542915,player-2,21,33,42,30,player-2,player-2
493,9,18,0.06704102270305157,player-4,23,36,46,31,player-3,player-4
493,10,18,0.057459110394120216,player-1,27,36,46,33,player-4,player-1
493,11,19,0.07012509740889072,player-3,34,41,53,40,player-1,player-3
493,12,17,0.11274986900389194,player-2,36,55,55,40,player-2,player-2
493,13,17,0.06962497718632221,player-3,40,58,61,40,player-3,player-3
494,1,35,0.10075001046061516,none,4,4,4,2,player-1,none
494,2,17,0.0664170365780592,player-2,4,9,7,2,player-2,player-2
494,3,17,0.05958392284810543,player-3,10,15,9,2,player-3,player-3
494,4,25,0.0754999928176403,player-4,11,17,11,11,player-4,player-4
494,5,31,0.08983304724097252,player-3,11,17,19,20,player-1,player-3
494,6,20,0.10241707786917686,player-1,17,24,29,22,player-2,player-1
494,7,21,0.0641250517219305,player-3,19,29,33,24,player-3,player-3
494,8,18,0.06266706623136997,player-1,25,34,35,26,player-4,player-1
494,9,18,0.055208103731274605,player-2,26,34,36,28,player-1,player-2
494,10,26,0.07187505252659321,player-3,30,40,42,30,player-2,player-3
494,11,27,0.08333404548466206,player-1,34,40,46,35,player-3,player-1
494,12,18,0.059999991208314896,player-1,42,43,47,43,player-4,player-1
494,13,18,0.0627501867711544,player-2,46,52,50,44,player-1,player-2
494,14,17,0.060916878283023834,player-2,46,58,50,47,player-2,player-2
495,1,20,0.0704578123986721,player-1,5,6,4,7,player-2,player-1
495,2,19,0.07041706703603268,player-1,8,9,7,7,player-3,player-1
495,3,20,0.06725010462105274,player-3,8,12,13,9,player-4,player-3
495,4,17,0.06254203617572784,player-1,10,15,15,12,player-1,player-1
495,5,17,0.07733306847512722,player-2,17,20,15,12,player-2,player-2
495,6,17,0.06258394569158554,player-3,18,22,19,15,player-3,player-3
495,7,19,0.06845803000032902,player-2,20,27,27,16,player-4,player-2
495,8,17,0.05566701292991638,player-1,26,28,32,19,player-1,player-1
495,9,18,0.06554089486598969,player-3,29,29,37,20,player-2,player-3
495,10,19,0.05508307367563248,player-1,33,29,39,22,player-3,player-1
495,11,17,0.04824995994567871,player-4,35,29,39,28,player-4,player-4
495,12,19,0.11020898818969727,player-3,35,29,42,39,player-1,player-3
495,13,17,0.09862519800662994,player-2,41,35,46,45,player-2,player-2
495,14,17,0.05787517875432968,player-3,44,37,51,50,player-3,player-3
495,15,17,0.05745887756347656,player-4,45,37,51,58,player-4,player-4
495,16,27,0.07291696965694427,player-3,48,40,55,58,player-1,player-3
496,1,19,0.0692091416567564,player-4,1,13,2,9,player-2,player-4
496,2,17,0.07320800796151161,player-3,4,17,12,10,player-3,player-3
496,3,17,0.06891717202961445,player-4,9,24,15,14,player-4,player-4
496,4,32,0.1058338675647974,player-4,12,28,22,19,player-1,player-4
496,5,19,0.07083406671881676,player-4,14,28,25,27,player-2,player-4
496,6,19,0.08737482130527496,player-1,22,31,31,33,player-3,player-1
496,7,19,0.06295903585851192,player-2,25,35,31,36,player-4,player-2
496,8,18,0.06312504410743713,player-2,31,41,35,42,player-1,player-2
496,9,20,0.09958283044397831,player-1,37,46,35,43,player-2,player-1
496,10,21,0.07937499321997166,player-3,39,49,45,48,player-3,player-3
496,11,20,0.061583006754517555,player-3,39,49,51,53,player-4,player-3
497,1,17,0.073291826993227,player-3,6,1,16,4,player-3,player-3
497,2,19,0.06937491707503796,player-2,7,5,19,7,player-4,player-2
497,3,17,0.06816699169576168,player-1,18,6,19,8,player-1,player-1
497,4,20,0.061499886214733124,player-1,22,7,22,10,player-2,player-1
497,5,17,0.047667184844613075,player-3,22,10,27,10,player-3,player-3
497,6,18,0.059042125940322876,player-1,28,12,28,13,player-4,player-1
497,7,20,0.07870816625654697,player-4,29,13,30,21,player-1,player-4
497,8,18,0.0649578869342804,player-3,37,22,41,23,player-2,player-3
497,9,19,0.07175002247095108,player-1,39,25,43,24,player-3,player-1
497,10,22,0.0730839092284441,player-1,45,30,46,28,player-4,player-1
497,11,17,0.057541998103260994,player-1,52,30,46,30,player-1,player-1
497,12,17,0.07320917211472988,player-2,56,30,50,35,player-2,player-2
498,1,18,0.0689169391989708,player-1,1,1,1,2,player-4,player-1
498,2,22,0.07362500764429569,player-2,3,4,2,6,player-1,player-2
498,3,17,0.07333280518651009,player-2,3,12,4,14,player-2,player-2
498,4,19,0.07837498560547829,player-1,10,21,10,22,player-3,player-1
498,5,19,0.058833975344896317,player-2,12,23,16,26,player-4,player-2
498,6,18,0.0628340058028698,player-2,16,29,19,29,player-1,player-2
498,7,18,0.0764590222388506,player-3,16,36,24,33,player-2,player-3
498,8,17,0.08429214358329773,player-3,19,37,25,34,player-3,player-3
498,9,17,0.06870785728096962,player-4,19,37,26,41,player-4,player-4
498,10,17,0.05429214797914028,player-1,24,37,27,41,player-1,player-1
498,11,18,0.05587493069469929,player-3,26,38,32,44,player-2,player-3
498,12,18,0.06400002166628838,player-4,28,41,32,47,player-3,player-4
498,13,18,0.06691599264740944,player-1,30,41,35,52,player-4,player-1
498,14,17,0.07875007577240467,player-1,35,48,38,63,player-1,player-1
499,1,18,0.06270897574722767,player-2,4,7,6,2,player-1,player-2
499,2,18,0.07837498560547829,player-3,9,12,12,6,player-2,player-3
499,3,18,0.054042087867856026,player-4,9,18,15,19,player-3,player-4
499,4,17,0.07408391684293747,player-4,14,24,20,25,player-4,player-4
499,5,21,0.061584170907735825,player-1,20,27,22,26,player-1,player-1
499,6,21,0.0660410150885582,none,23,29,25,28,player-2,none
499,7,19,0.0762909185141325,player-1,29,30,27,36,player-3,player-1
499,8,18,0.07595797069370747,player-1,36,34,34,44,player-4,player-1
499,9,19,0.07283315062522888,player-3,38,39,37,45,player-1,player-3
499,10,22,0.08654198609292507,player-3,54,42,42,52,player-2,player-3
499,11,32,0.12099999003112316,player-2,58,51,47,71,player-3,player-2
500,1,17,0.06574997678399086,player-4,8,4,5,14,player-4,player-4
500,2,19,0.07037515752017498,player-3,11,6,12,14,player-1,player-3
500,3,17,0.0554998405277729,player-2,11,15,16,17,player-2,player-2
500,4,17,0.05970802158117294,player-3,12,18,17,21,player-3,player-3
500,5,20,0.07179193198680878,player-3,13,26,29,22,player-4,player-3
500,6,17,0.05708285607397556,player-1,19,30,29,23,player-1,player-1
500,7,17,0.07379194721579552,player-2,19,38,32,29,player-2,player-2
500,8,21,0.07308414205908775,player-3,19,44,35,35,player-3,player-3
500,9,19,0.06574997678399086,player-2,23,48,38,39,player-4,player-2
500,10,18,0.07362500764429569,player-2,27,48,40,45,player-1,player-2
500,11,20,0.07754191756248474,player-1,32,55,40,46,player-2,player-1
