game num,round num,num_turns,duration (ms),winner,player1 pts,player2 pts,player3 pts,player4 pts,started on set,went out first
1,1,18,0.11233310215175152,player-4,4,0,2,4,player-3,player-4
1,2,17,0.09012478403747082,player-4,7,1,5,6,player-4,player-4
1,3,20,0.08070794865489006,player-4,8,1,12,10,player-1,player-4
1,4,18,0.07762503810226917,player-3,10,5,14,15,player-2,player-3
1,5,20,0.07370789535343647,player-2,17,9,15,15,player-3,player-2
1,6,17,0.07654190994799137,player-4,20,10,18,17,player-4,player-4
1,7,20,0.0766250304877758,player-4,21,10,25,21,player-1,player-4
1,8,18,0.07308297790586948,player-3,23,14,27,26,player-2,player-3
1,9,20,0.07237493991851807,player-2,30,18,28,26,player-3,player-2
1,10,17,0.0754999928176403,player-4,33,19,31,28,player-4,player-4
1,11,20,0.07216678932309151,player-4,34,19,38,32,player-1,player-4
1,12,18,0.07233279757201672,player-3,36,23,40,37,player-2,player-3
1,13,20,0.06933300755918026,player-2,43,27,41,37,player-3,player-2
1,14,17,0.06895884871482849,player-4,46,28,44,39,player-4,player-4
1,15,20,0.0663751270622015,player-4,47,28,51,43,player-1,player-4
1,16,18,0.06654090248048306,player-3,49,32,53,48,player-2,player-3
2,1,17,0.07154210470616817,player-1,5,2,13,1,player-1,player-1
2,2,18,0.06308406591415405,player-3,5,4,21,1,player-2,player-3
2,3,17,0.05804095417261124,player-3,15,9,26,5,player-3,player-3
2,4,20,0.08262507617473602,player-3,17,14,29,12,player-4,player-3
2,5,17,0.055582961067557335,player-1,26,19,32,16,player-1,player-1
2,6,17,0.05362485535442829,player-2,27,23,34,20,player-2,player-2
2,7,17,0.06425008177757263,player-3,31,24,41,25,player-3,player-3
2,8,17,0.061542028561234474,player-4,37,24,42,27,player-4,player-4
2,9,18,0.053582945838570595,player-2,38,37,42,28,player-1,player-2
2,10,19,0.06983405910432339,player-4,38,37,47,35,player-2,player-4
2,11,19,0.06683403626084328,player-1,39,42,53,38,player-3,player-1
2,12,18,0.07349997758865356,player-1,48,45,57,46,player-4,player-1
3,1,17,0.07400009781122208,player-3,5,5,5,3,player-3,player-3
3,2,17,0.07620803080499172,player-4,5,10,6,9,player-4,player-4
3,3,17,0.05333288572728634,player-1,8,12,7,14,player-1,player-1
3,4,21,0.09566708467900753,player-2,10,23,8,18,player-2,player-2
3,5,19,0.06408290937542915,player-1,12,23,11,25,player-3,player-1
3,6,19,0.06683403626084328,player-2,17,30,15,35,player-4,player-2
3,7,19,0.048667192459106445,none,18,30,16,38,player-1,none
3,8,17,0.06337487138807774,player-2,24,33,21,40,player-2,player-2
3,9,19,0.07058307528495789,player-1,27,34,26,40,player-3,player-1
3,10,17,0.06466708146035671,player-4,28,37,31,42,player-4,player-4
3,11,18,0.053042080253362656,player-2,31,38,35,42,player-1,player-2
3,12,17,0.057957833632826805,player-2,37,42,36,43,player-2,player-2
3,13,17,0.06708293221890926,player-3,39,50,41,47,player-3,player-3
3,14,17,0.0677499920129776,player-4,46,57,44,58,player-4,player-4
4,1,17,0.06445799954235554,player-3,2,1,5,2,player-3,player-3
4,2,18,0.06183306686580181,player-1,4,4,9,4,player-4,player-1
4,3,17,0.05983305163681507,player-1,12,9,11,7,player-1,player-1
4,4,17,0.04695821553468704,player-2,14,13,14,9,player-2,player-2
4,5,21,0.057999975979328156,none,14,14,16,10,player-3,none
4,6,17,0.07287506014108658,player-4,17,14,18,15,player-4,player-4
4,7,19,0.08545792661607265,player-3,18,14,24,18,player-1,player-3
4,8,19,0.07575005292892456,player-4,21,19,29,21,player-2,player-4
4,9,18,0.07379194721579552,player-4,31,24,38,23,player-3,player-4
4,10,17,0.07370882667601109,player-4,33,27,40,27,player-4,player-4
4,11,21,0.06733299233019352,player-1,35,27,40,30,player-1,player-1
4,12,18,0.07704109884798527,player-3,44,34,46,33,player-2,player-3
4,13,17,0.07591699250042439,player-3,54,34,50,38,player-3,player-3
5,1,17,0.06879097782075405,player-3,3,4,5,3,player-3,player-3
5,2,17,0.06237509660422802,player-4,8,8,13,5,player-4,player-4
5,3,23,0.08245883509516716,player-3,9,10,20,8,player-1,player-3
5,4,17,0.07254211232066154,player-2,14,16,21,11,player-2,player-2
5,5,21,0.06470782682299614,player-3,18,16,25,15,player-3,player-3
5,6,17,0.06320793181657791,player-4,18,19,31,19,player-4,player-4
5,7,20,0.10291696526110172,player-4,20,25,35,28,player-1,player-4
5,8,17,0.05850009620189667,player-2,23,35,36,30,player-2,player-2
5,9,24,0.07091695442795753,player-2,25,36,38,31,player-3,player-2
5,10,17,0.0675420742481947,player-4,26,40,39,36,player-4,player-4
5,11,26,0.0738329254090786,none,32,44,43,38,player-1,none
5,12,17,0.0688750296831131,player-2,35,48,44,44,player-2,player-2
5,13,18,0.06720796227455139,player-4,36,55,45,47,player-3,player-4
6,1,17,0.07083406671881676,player-3,2,5,5,4,player-3,player-3
6,2,23,0.07941713556647301,player-2,2,8,6,6,player-4,player-2
6,3,18,0.06083305925130844,player-2,4,14,8,11,player-1,player-2
6,4,17,0.08412497118115425,player-2,7,26,8,17,player-2,player-2
6,5,20,0.06566685624420643,player-2,9,33,12,19,player-3,player-2
6,6,24,0.06908387877047062,player-3,18,33,13,21,player-4,player-3
6,7,18,0.061583006754517555,player-2,19,37,13,24,player-1,player-2
6,8,17,0.07699988782405853,player-2,21,43,18,26,player-2,player-2
6,9,18,0.06841612048447132,player-4,24,45,20,30,player-3,player-4
6,10,17,0.061584170907735825,player-4,26,45,23,32,player-4,player-4
6,11,23,0.07970910519361496,none,28,45,29,33,player-1,none
6,12,17,0.061499886214733124,player-2,40,46,33,33,player-2,player-2
6,13,18,0.07958314381539822,player-4,40,46,33,42,player-3,player-4
6,14,22,0.059540849179029465,none,43,46,33,43,player-4,none
6,15,20,0.07933308370411396,player-4,47,53,36,49,player-1,player-4
7,1,21,0.06779213435947895,player-1,8,0,0,1,player-1,player-1
7,2,17,0.05583302117884159,player-2,8,5,1,3,player-2,player-2
7,3,17,0.05950010381639004,player-3,13,7,3,5,player-3,player-3
7,4,17,0.055541982874274254,player-4,14,10,3,10,player-4,player-4
7,5,17,0.0702079851180315,player-1,22,10,13,17,player-1,player-1
7,6,17,0.06716698408126831,player-2,27,15,23,21,player-2,player-2
7,7,18,0.06849993951618671,player-4,30,18,30,25,player-3,player-4
7,8,18,0.07054186426103115,player-1,42,21,37,33,player-4,player-1
7,9,17,0.07070880383253098,player-1,52,23,37,35,player-1,player-1
7,10,19,0.09887502528727055,none,54,23,41,38,player-2,none
7,11,18,0.0916249118745327,player-4,56,23,44,45,player-3,player-4
8,1,18,0.09429198689758778,player-1,7,1,2,4,player-4,player-1
8,2,19,0.08545909076929092,player-3,11,1,6,5,player-1,player-3
8,3,18,0.06999983452260494,player-3,11,1,9,7,player-2,player-3
8,4,20,0.08425000123679638,player-2,15,9,12,12,player-3,player-2
8,5,18,0.08054194040596485,player-1,19,10,15,16,player-4,player-1
8,6,21,0.07629208266735077,player-1,23,12,15,16,player-1,player-1
8,7,18,0.0705840066075325,player-3,25,16,16,18,player-2,player-3
8,8,21,0.07466692477464676,player-3,35,19,23,19,player-3,player-3
8,9,17,0.06429105997085571,player-4,38,21,28,24,player-4,player-4
8,10,17,0.054208096116781235,player-1,44,23,30,27,player-1,player-1
8,11,17,0.07558288052678108,player-2,48,29,32,30,player-2,player-2
8,12,21,0.06454205140471458,none,51,29,35,35,player-3,none
8,13,18,0.07295887917280197,player-1,56,33,36,40,player-4,player-1
8,14,17,0.0653339084237814,player-1,59,36,37,46,player-1,player-1
8,15,19,0.07558404467999935,player-4,61,40,42,51,player-2,player-4
9,1,18,0.0647080596536398,player-4,2,4,1,0,player-3,player-4
9,2,18,0.05550007335841656,player-1,7,8,2,2,player-4,player-1
9,3,18,0.07312512025237083,player-2,8,12,2,6,player-1,player-2
9,4,18,0.06583286449313164,player-3,13,18,7,12,player-2,player-3
9,5,17,0.053958967328071594,player-3,16,22,12,14,player-3,player-3
9,6,17,0.0791249331086874,player-4,23,23,16,18,player-4,player-4
9,7,19,0.07020891644060612,player-3,25,28,23,18,player-1,player-3
9,8,22,0.08454197086393833,player-3,30,36,32,22,player-2,player-3
9,9,17,0.0710831955075264,player-3,39,40,36,25,player-3,player-3
9,10,20,0.07037492468953133,player-3,40,42,38,27,player-4,player-3
9,11,20,0.0658340286463499,player-4,43,47,38,30,player-1,player-4
9,12,20,0.08691707625985146,player-1,56,48,47,44,player-2,player-1
10,1,18,0.05324999801814556,player-4,2,0,0,5,player-3,player-4
10,2,17,0.06958306767046452,player-4,3,3,3,13,player-4,player-4
10,3,17,0.0652919989079237,player-1,9,6,3,13,player-1,player-1
10,4,18,0.07504201494157314,player-3,10,11,8,20,player-2,player-3
10,5,18,0.06320816464722157,player-4,10,12,11,27,player-3,player-4
10,6,19,0.07637497037649155,player-2,11,17,12,32,player-4,player-2
10,7,19,0.06333412602543831,player-3,13,22,15,32,player-1,player-3
10,8,20,0.07841712795197964,player-1,20,28,15,32,player-2,player-1
10,9,25,0.07420801557600498,none,25,28,16,35,player-3,none
10,10,27,0.07945881225168705,none,32,28,16,44,player-4,none
10,11,20,0.06783287972211838,player-4,37,28,20,49,player-1,player-4
10,12,18,0.06220792420208454,player-3,38,34,20,54,player-2,player-3
10,13,18,0.08208304643630981,player-4,40,37,22,58,player-3,player-4
10,14,22,0.09883404709398746,player-1,44,37,26,69,player-4,player-1
11,1,19,0.07587508298456669,player-2,4,7,3,5,player-4,player-2
11,2,17,0.05529215559363365,player-1,9,7,6,6,player-1,player-1
11,3,17,0.07029203698039055,player-2,15,10,8,8,player-2,player-2
11,4,19,0.0652919989079237,player-1,21,14,10,11,player-3,player-1
11,5,17,0.058999983593821526,player-4,22,18,14,16,player-4,player-4
11,6,18,0.06929202936589718,player-2,28,21,15,21,player-1,player-2
11,7,17,0.05929195322096348,player-2,34,29,19,23,player-2,player-2
11,8,19,0.055999960750341415,player-1,40,30,25,26,player-3,player-1
11,9,18,0.06812484934926033,player-1,45,37,27,32,player-4,player-1
11,10,20,0.05800020880997181,player-4,47,37,28,36,player-1,player-4
11,11,19,0.05787494592368603,player-4,49,38,28,37,player-2,player-4
11,12,23,0.0730419997125864,player-1,53,44,28,43,player-3,player-1
11,13,32,0.09133294224739075,none,55,45,28,48,player-4,none
11,14,17,0.04675006493926048,none,57,48,28,48,player-1,none
11,15,17,0.061625149101018906,player-2,57,51,30,51,player-2,player-2
12,1,20,0.07608416490256786,player-2,3,7,2,3,player-3,player-2
12,2,20,0.058999983593821526,player-3,10,15,8,7,player-4,player-3
12,3,17,0.07295794785022736,player-1,16,17,8,10,player-1,player-1
12,4,17,0.07008295506238937,player-2,19,25,10,19,player-2,player-2
12,5,24,0.07974985055625439,player-2,23,37,13,28,player-3,player-2
12,6,22,0.07979199290275574,player-1,31,39,15,33,player-4,player-1
12,7,22,0.07479102350771427,player-2,34,43,15,40,player-1,player-2
12,8,17,0.059125013649463654,player-2,37,52,18,46,player-2,player-2
12,9,18,0.0819589477032423,player-4,47,61,26,50,player-3,player-4
13,1,19,0.0741670373827219,player-3,4,7,8,4,player-1,player-3
13,2,17,0.05612499080598354,player-2,8,10,10,4,player-2,player-2
13,3,23,0.07295794785022736,player-1,15,14,16,9,player-3,player-1
13,4,17,0.05079200491309166,player-4,15,17,16,14,player-4,player-4
13,5,17,0.059167155995965004,player-1,17,23,22,18,player-1,player-1
13,6,17,0.07220800034701824,player-2,19,32,23,20,player-2,player-2
13,7,17,0.060999998822808266,player-3,19,37,26,22,player-3,player-3
13,8,17,0.05150004290044308,player-4,22,38,27,25,player-4,player-4
13,9,18,0.06929179653525352,player-2,32,41,43,26,player-1,player-2
13,10,17,0.07483409717679024,player-2,35,44,43,30,player-2,player-2
13,11,18,0.06541702896356583,player-4,41,46,48,31,player-3,player-4
13,12,17,0.06579095497727394,player-4,42,49,50,38,player-4,player-4
13,13,18,0.06837514229118824,player-2,44,62,50,42,player-1,player-2
14,1,17,0.07124990224838257,player-4,3,0,4,4,player-4,player-4
14,2,17,0.07329205982387066,player-1,7,4,8,12,player-1,player-1
14,3,19,0.06295810453593731,player-4,7,7,13,14,player-2,player-4
14,4,17,0.06033293902873993,player-3,13,15,15,18,player-3,player-3
14,5,18,0.06091594696044922,player-1,16,23,20,23,player-4,player-1
14,6,25,0.09691598825156689,player-1,22,29,22,37,player-1,player-1
14,7,19,0.054167117923498154,player-4,23,29,25,41,player-2,player-4
14,8,18,0.05958392284810543,player-4,30,29,28,41,player-3,player-4
14,9,20,0.05962490104138851,player-3,31,31,30,42,player-4,player-3
14,10,17,0.04916614852845669,player-1,34,31,30,44,player-1,player-1
14,11,18,0.07854192517697811,player-3,37,37,33,49,player-2,player-3
14,12,17,0.06287498399615288,player-3,45,39,38,49,player-3,player-3
14,13,18,0.061333877965807915,player-1,49,40,42,53,player-4,player-1
14,14,17,0.06624986417591572,player-1,57,45,50,59,player-1,player-1
15,1,20,0.04787510260939598,none,4,2,2,0,player-3,none
15,2,17,0.05629193037748337,player-4,4,10,7,3,player-4,player-4
15,3,17,0.06954185664653778,player-1,4,17,8,5,player-1,player-1
15,4,17,0.06187497638165951,player-2,8,24,9,8,player-2,player-2
15,5,18,0.05937507376074791,player-4,10,28,11,13,player-3,player-4
15,6,17,0.062417006120085716,player-4,17,28,19,17,player-4,player-4
15,7,17,0.06766710430383682,player-1,25,28,19,22,player-1,player-1
15,8,21,0.08716690354049206,player-2,33,33,22,23,player-2,player-2
15,9,19,0.07370905950665474,player-1,36,38,24,23,player-3,player-1
15,10,19,0.09562494233250618,player-2,41,44,26,32,player-4,player-2
15,11,17,0.06170803681015968,player-1,47,44,29,41,player-1,player-1
15,12,17,0.060542020946741104,player-2,50,49,29,43,player-2,player-2
15,13,17,0.07091695442795753,player-3,55,50,32,45,player-3,player-3
15,14,17,0.06070802919566631,player-4,57,50,33,56,player-4,player-4
16,1,17,0.07120799273252487,player-3,6,2,6,1,player-3,player-3
16,2,17,0.060542020946741104,player-4,6,3,7,5,player-4,player-4
16,3,18,0.07220800034701824,player-2,12,12,7,8,player-1,player-2
16,4,19,0.07945881225168705,player-4,18,19,7,13,player-2,player-4
16,5,23,0.08470797911286354,player-1,23,26,11,15,player-3,player-1
16,6,18,0.05933293141424656,player-1,26,28,17,16,player-4,player-1
16,7,18,0.06224983371794224,player-2,27,30,21,16,player-1,player-2
16,8,17,0.06354087963700294,player-2,30,32,22,17,player-2,player-2
16,9,22,0.07120799273252487,player-4,31,33,25,19,player-3,player-4
16,10,17,0.05791592411696911,player-4,33,36,26,26,player-4,player-4
16,11,24,0.073291826993227,player-4,33,40,27,38,player-1,player-4
16,12,17,0.06187497638165951,player-2,38,45,27,38,player-2,player-2
16,13,18,0.05916692316532135,player-4,41,46,29,41,player-3,player-4
16,14,19,0.06825011223554611,player-2,41,56,29,47,player-4,player-2
17,1,17,0.06758305244147778,player-2,2,5,2,2,player-2,player-2
17,2,19,0.07062498480081558,player-1,14,6,5,8,player-3,player-1
17,3,17,0.07087504491209984,player-4,14,13,9,21,player-4,player-4
17,4,17,0.13587507419288158,player-1,23,18,13,24,player-1,player-1
17,5,23,0.09695813059806824,player-4,27,20,15,26,player-2,player-4
17,6,19,0.07995800115168095,player-1,36,20,21,29,player-3,player-1
17,7,18,0.07258309051394463,player-1,37,22,24,35,player-4,player-1
17,8,25,0.06975000724196434,player-1,42,24,26,35,player-1,player-1
17,9,22,0.06291619502007961,player-3,45,25,32,37,player-2,player-3
17,10,18,0.05729100666940212,player-4,49,30,36,37,player-3,player-4
17,11,17,0.0627920962870121,player-4,51,33,42,40,player-4,player-4
17,12,19,0.055999960750341415,player-3,55,34,49,40,player-1,player-3
18,1,17,0.0641669612377882,player-2,3,2,1,3,player-2,player-2
18,2,17,0.07199984975159168,player-3,7,4,9,3,player-3,player-3
18,3,17,0.07066689431667328,player-4,10,10,10,13,player-4,player-4
18,4,18,0.07354095578193665,player-2,13,13,12,19,player-1,player-2
18,5,17,0.07149996235966682,player-2,13,15,17,27,player-2,player-2
18,6,22,0.07979199290275574,player-4,18,20,18,33,player-3,player-4
18,7,21,0.10495889000594616,player-4,22,31,30,37,player-4,player-4
18,8,17,0.07104105316102505,player-1,28,33,30,37,player-1,player-1
18,9,17,0.0649578869342804,player-2,28,41,31,38,player-2,player-2
18,10,23,0.08070794865489006,player-1,34,43,32,45,player-3,player-1
18,11,18,0.0635830219835043,player-1,38,46,38,46,player-4,player-1
18,12,19,0.07845903746783733,player-3,41,50,41,50,player-1,player-3
19,1,20,0.09045912884175777,player-1,4,2,0,2,player-2,player-1
19,2,23,0.09516696445643902,player-1,5,9,11,14,player-3,player-1
19,3,19,0.08112494833767414,player-2,8,15,17,17,player-4,player-2
19,4,20,0.08620903827250004,player-4,11,20,21,17,player-1,player-4
19,5,17,0.07483386434614658,player-2,15,26,21,17,player-2,player-2
19,6,18,0.07262500002980232,player-4,19,29,25,22,player-3,player-4
19,7,17,0.07179216481745243,player-4,20,34,25,26,player-4,player-4
19,8,20,0.06720819510519505,player-4,21,44,27,26,player-1,player-4
19,9,19,0.0603341031819582,player-4,24,46,28,33,player-2,player-4
19,10,19,0.06837490946054459,player-1,30,49,33,36,player-3,player-1
19,11,22,0.06920797750353813,player-1,32,53,34,41,player-4,player-1
19,12,17,0.07791584357619286,player-1,36,55,36,43,player-1,player-1
19,13,17,0.05837506614625454,player-2,36,63,39,48,player-2,player-2
20,1,17,0.06025005131959915,player-4,0,1,2,4,player-4,player-4
20,2,17,0.04850002005696297,player-1,2,1,4,8,player-1,player-1
20,3,20,0.07912516593933105,player-1,7,4,4,12,player-2,player-1
20,4,19,0.06291596218943596,player-1,16,10,8,12,player-3,player-1
20,5,17,0.06758398376405239,player-4,18,11,12,16,player-4,player-4
20,6,18,0.058625126257538795,player-2,23,17,14,24,player-1,player-2
20,7,30,0.10733422823250294,player-3,30,23,17,35,player-2,player-3
20,8,17,0.06879190914332867,player-3,33,27,25,37,player-3,player-3
20,9,18,0.07079099304974079,player-1,34,35,25,42,player-4,player-1
20,10,17,0.05670799873769283,player-1,37,37,28,46,player-1,player-1
20,11,17,0.07433397695422173,player-2,46,41,38,49,player-2,player-2
20,12,18,0.07337494753301144,player-4,50,50,38,50,player-3,player-4
21,1,17,0.06045796908438206,player-1,7,9,0,3,player-1,player-1
21,2,19,0.07504201494157314,player-4,13,16,6,9,player-2,player-4
21,3,19,0.062374863773584366,player-1,14,16,7,14,player-3,player-1
21,4,18,0.0832919031381607,player-1,19,21,8,16,player-4,player-1
21,5,18,0.08612498641014099,player-2,23,23,20,26,player-1,player-2
21,6,18,0.10675005614757538,player-3,27,24,25,31,player-2,player-3
21,7,17,0.07458310574293137,player-3,27,30,33,38,player-3,player-3
21,8,17,0.06862496957182884,player-4,30,32,37,41,player-4,player-4
21,9,18,0.07408414967358112,player-2,33,37,41,44,player-1,player-2
21,10,17,0.07083313539624214,player-2,40,40,41,46,player-2,player-2
21,11,17,0.051083043217659,player-3,40,41,48,48,player-3,player-3
21,12,18,0.05825003609061241,player-1,41,46,48,50,player-4,player-1
21,13,18,0.05920790135860443,player-2,44,51,52,58,player-1,player-2
22,1,17,0.07091695442795753,player-3,4,7,9,3,player-3,player-3
22,2,17,0.0643748790025711,player-4,7,9,9,10,player-4,player-4
22,3,20,0.061583006754517555,player-4,15,10,11,10,player-1,player-4
22,4,17,0.06591621786355972,player-2,24,20,13,14,player-2,player-2
22,5,18,0.06162491627037525,player-4,26,24,15,19,player-3,player-4
22,6,19,0.07591582834720612,player-2,26,31,18,20,player-4,player-2
22,7,18,0.06612483412027359,player-2,29,36,18,26,player-1,player-2
22,8,17,0.06312504410743713,player-2,31,43,26,28,player-2,player-2
22,9,18,0.055042095482349396,player-4,32,46,27,33,player-3,player-4
22,10,18,0.06137508898973465,player-1,37,57,27,41,player-4,player-1
22,11,17,0.0677499920129776,player-1,39,61,33,46,player-1,player-1
23,1,20,0.06495811976492405,player-4,2,2,2,5,player-1,player-4
23,2,17,0.05287490785121918,player-2,5,4,2,6,player-2,player-2
23,3,19,0.05154102109372616,none,5,8,5,6,player-3,none
23,4,17,0.062125036492943764,player-4,7,12,5,11,player-4,player-4
23,5,17,0.06462517194449902,player-1,12,16,13,11,player-1,player-1
23,6,17,0.07650000043213367,player-2,14,22,21,11,player-2,player-2
23,7,19,0.06445799954235554,player-1,27,28,27,13,player-3,player-1
23,8,18,0.06912508979439735,player-1,42,28,30,16,player-4,player-1
23,9,21,0.0627920962870121,player-1,47,30,32,17,player-1,player-1
23,10,19,0.061499886214733124,player-4,50,33,33,22,player-2,player-4
23,11,18,0.06641680374741554,player-4,50,41,37,26,player-3,player-4
23,12,17,0.0719169620424509,player-4,54,43,41,34,player-4,player-4
23,13,18,0.05983305163681507,player-2,56,45,42,34,player-1,player-2
23,14,19,0.052541960030794144,player-4,61,46,43,38,player-2,player-4
24,1,18,0.06583309732377529,player-4,0,0,9,2,player-3,player-4
24,2,23,0.06837490946054459,player-2,0,6,12,4,player-4,player-2
24,3,17,0.07162499241530895,player-1,14,6,18,7,player-1,player-1
24,4,18,0.06562494672834873,player-3,14,10,23,8,player-2,player-3
24,5,17,0.06229197606444359,player-3,18,13,30,11,player-3,player-3
24,6,18,0.0535410363227129,player-1,18,15,33,15,player-4,player-1
24,7,23,0.06720889359712601,player-3,19,18,36,19,player-1,player-3
24,8,17,0.06858306005597115,player-2,25,22,40,21,player-2,player-2
24,9,17,0.06241584196686745,player-3,26,22,48,23,player-3,player-3
24,10,18,0.057208118960261345,player-1,31,24,57,27,player-4,player-1
24,11,19,0.07299985736608505,player-3,32,25,62,38,player-1,player-3
24,12,18,0.06387499161064625,player-3,33,30,65,40,player-2,player-3
24,13,20,0.07570791058242321,player-2,36,30,67,45,player-3,player-2
25,1,18,0.05675014108419418,player-4,0,3,1,3,player-3,player-4
25,2,17,0.05287490785121918,player-4,2,7,1,8,player-4,player-4
25,3,17,0.0588749535381794,player-1,11,7,5,9,player-1,player-1
25,4,18,0.07358286529779434,player-3,13,10,14,10,player-2,player-3
25,5,17,0.06416719406843185,player-3,14,12,17,12,player-3,player-3
25,6,17,0.05945796146988869,player-4,18,13,17,18,player-4,player-4
25,7,18,0.06533297710120678,player-2,20,19,18,21,player-1,player-2
25,8,17,0.0652919989079237,player-2,25,24,21,23,player-2,player-2
25,9,17,0.05929102189838886,player-3,26,26,26,30,player-3,player-3
25,10,17,0.05783280357718468,player-4,29,37,33,43,player-4,player-4
25,11,17,0.06650015711784363,player-1,37,47,33,52,player-1,player-1
25,12,18,0.07270905189216137,player-3,43,50,36,56,player-2,player-3
26,1,18,0.058999983593821526,player-2,2,6,1,3,player-1,player-2
26,2,18,0.0647080596536398,player-3,10,10,5,5,player-2,player-3
26,3,24,0.08129188790917397,player-2,12,18,6,8,player-3,player-2
26,4,17,0.06537488661706448,player-4,16,25,12,15,player-4,player-4
26,5,18,0.06137508898973465,player-2,21,28,17,21,player-1,player-2
26,6,17,0.06524985656142235,player-2,28,29,18,23,player-2,player-2
26,7,17,0.06104190833866596,player-3,29,35,22,26,player-3,player-3
26,8,18,0.06295810453593731,player-1,35,36,30,30,player-4,player-1
26,9,17,0.05962490104138851,player-1,40,38,32,33,player-1,player-1
26,10,19,0.06383308209478855,player-4,42,44,32,36,player-2,player-4
26,11,17,0.07425015792250633,player-3,45,46,42,38,player-3,player-3
26,12,18,0.06754091009497643,player-1,54,46,46,45,player-4,player-1
27,1,17,0.0627920962870121,player-1,6,4,3,4,player-1,player-1
27,2,20,0.07583294063806534,player-1,17,8,5,10,player-2,player-1
27,3,18,0.06970809772610664,player-4,19,13,10,10,player-3,player-4
27,4,18,0.10120798833668232,player-1,22,14,11,12,player-4,player-1
27,5,16,0.06512505933642387,none,25,14,11,15,player-1,none
27,6,21,0.07420801557600498,player-2,33,19,13,19,player-2,player-2
27,7,20,0.07941597141325474,player-2,33,27,19,25,player-3,player-2
27,8,18,0.07633399218320847,player-1,42,38,19,31,player-4,player-1
27,9,17,0.07433397695422173,player-1,52,46,20,31,player-1,player-1
27,10,23,0.09483285248279572,player-4,56,48,24,35,player-2,player-4
27,11,17,0.07499987259507179,player-3,56,51,31,35,player-3,player-3
27,12,17,0.06295903585851192,player-4,58,55,31,37,player-4,player-4
27,13,19,0.11212518438696861,player-3,58,64,37,41,player-1,player-3
28,1,19,0.0933338887989521,player-3,3,0,12,5,player-1,player-3
28,2,18,0.052957795560359955,player-3,4,3,15,7,player-2,player-3
28,3,19,0.06741611286997795,player-1,8,7,16,10,player-3,player-1
28,4,18,0.058416975662112236,player-1,15,11,19,14,player-4,player-1
28,5,19,0.06637489423155785,player-3,18,11,21,14,player-1,player-3
28,6,19,0.0894591212272644,player-4,26,12,21,19,player-2,player-4
28,7,17,0.06470899097621441,player-3,26,13,25,20,player-3,player-3
28,8,17,0.06766687147319317,player-4,33,24,37,26,player-4,player-4
28,9,17,0.05691708065569401,player-1,40,27,37,32,player-1,player-1
28,10,17,0.062125036492943764,player-2,40,33,38,37,player-2,player-2
28,11,17,0.04924996756017208,player-3,42,36,40,38,player-3,player-3
28,12,18,0.07558288052678108,player-1,48,36,52,43,player-4,player-1
29,1,18,0.06016693077981472,player-4,2,3,8,6,player-3,player-4
29,2,17,0.05629099905490875,player-4,6,5,8,14,player-4,player-4
29,3,17,0.058625126257538795,player-1,10,7,11,14,player-1,player-1
29,4,19,0.07349997758865356,player-4,12,10,17,20,player-2,player-4
29,5,21,0.09708409197628498,player-3,12,14,20,22,player-3,player-3
29,6,17,0.07008295506238937,player-4,13,17,24,29,player-4,player-4
29,7,20,0.06220792420208454,player-4,13,24,30,36,player-1,player-4
29,8,19,0.06320909596979618,player-4,14,28,34,47,player-2,player-4
29,9,18,0.06025005131959915,player-4,16,29,37,51,player-3,player-4
29,10,18,0.0563750509172678,player-1,22,30,40,52,player-4,player-1
29,11,19,0.0647080596536398,player-3,22,30,43,58,player-1,player-3
29,12,15,0.039999838918447495,none,22,31,45,66,player-2,none
29,13,17,0.07229205220937729,player-3,26,38,54,66,player-3,player-3
30,1,17,0.065250089392066,player-3,2,3,5,0,player-3,player-3
30,2,23,0.05670799873769283,none,2,10,6,5,player-4,none
30,3,20,0.06424984894692898,player-4,7,10,6,8,player-1,player-4
30,4,17,0.06183283403515816,player-2,7,13,10,13,player-2,player-2
30,5,18,0.05908310413360596,player-4,8,15,17,19,player-3,player-4
30,6,20,0.06558303721249104,player-3,9,21,31,21,player-4,player-3
30,7,17,0.07095816545188427,player-1,15,23,34,27,player-1,player-1
30,8,20,0.059582991525530815,player-1,16,28,34,31,player-2,player-1
30,9,24,0.08337502367794514,player-2,26,45,38,31,player-3,player-2
30,10,21,0.07870886474847794,player-4,29,51,43,38,player-4,player-4
30,11,20,0.05879206582903862,player-4,32,52,45,42,player-1,player-4
30,12,18,0.058957841247320175,player-3,37,52,49,46,player-2,player-3
30,13,17,0.06579095497727394,player-3,43,52,55,48,player-3,player-3
31,1,19,0.06579188629984856,player-3,13,5,11,2,player-1,player-3
31,2,17,0.06854115054011345,player-2,13,10,11,7,player-2,player-2
31,3,18,0.0638328492641449,player-4,19,15,20,10,player-3,player-4
31,4,17,0.06420817226171494,player-4,24,19,28,11,player-4,player-4
31,5,19,0.05512498319149017,player-3,25,20,29,11,player-1,player-3
31,6,18,0.06295810453593731,player-3,29,23,33,13,player-2,player-3
31,7,23,0.06383308209478855,player-1,34,26,35,15,player-3,player-1
31,8,24,0.07758289575576782,player-3,37,31,37,23,player-4,player-3
31,9,20,0.07750000804662704,player-4,43,33,39,30,player-1,player-4
31,10,18,0.05808286368846893,player-3,48,34,50,30,player-2,player-3
31,11,17,0.05249981768429279,player-3,49,34,59,34,player-3,player-3
32,1,17,0.05741603672504425,player-1,9,1,7,2,player-1,player-1
32,2,17,0.060999998822808266,player-2,12,3,9,3,player-2,player-2
32,3,17,0.04933401942253113,player-3,15,3,16,5,player-3,player-3
32,4,17,0.04895799793303013,player-4,17,4,18,6,player-4,player-4
32,5,17,0.06020884029567242,player-1,23,5,23,8,player-1,player-1
32,6,17,0.0566248781979084,player-2,28,15,23,10,player-2,player-2
32,7,18,0.05587493069469929,player-4,29,19,25,15,player-3,player-4
32,8,21,0.07145805284380913,player-4,33,24,29,22,player-4,player-4
32,9,25,0.07266690954566002,none,39,24,32,30,player-1,none
32,10,17,0.056208111345767975,player-2,39,35,32,31,player-2,player-2
32,11,17,0.06737490184605122,player-3,50,42,34,37,player-3,player-3
32,12,19,0.08062506094574928,player-2,53,54,38,48,player-4,player-2
33,1,18,0.055833952501416206,player-1,6,1,0,6,player-4,player-1
33,2,29,0.11699995957314968,player-1,18,18,4,11,player-1,player-1
33,3,17,0.06991694681346416,player-2,23,23,7,11,player-2,player-2
33,4,21,0.05970802158117294,player-3,25,30,8,14,player-3,player-3
33,5,21,0.06558396853506565,player-4,26,41,20,15,player-4,player-4
33,6,17,0.058999983593821526,player-1,35,44,20,15,player-1,player-1
33,7,17,0.06045796908438206,player-2,37,50,27,16,player-2,player-2
33,8,17,0.06204191595315933,player-3,39,52,33,18,player-3,player-3
33,9,24,0.06720796227455139,player-3,43,53,39,20,player-4,player-3
33,10,18,0.06695883348584175,player-2,47,59,42,26,player-1,player-2
33,11,20,0.063000014051795,player-1,55,60,42,27,player-2,player-1
33,12,19,0.06866711191833019,player-1,56,63,44,30,player-3,player-1
34,1,18,0.061374856159090996,player-4,1,5,6,5,player-3,player-4
34,2,17,0.050042057409882545,player-4,2,9,10,8,player-4,player-4
34,3,19,0.07241708226501942,player-3,13,13,21,8,player-1,player-3
34,4,17,0.07741688750684261,player-2,14,22,27,23,player-2,player-2
34,5,18,0.07750000804662704,player-4,17,27,30,28,player-3,player-4
34,6,17,0.05179201252758503,player-4,17,31,30,33,player-4,player-4
34,7,17,0.0590828713029623,player-1,24,35,33,38,player-1,player-1
34,8,23,0.08933409117162228,player-4,29,39,40,41,player-2,player-4
34,9,19,0.08266698569059372,player-1,34,46,42,46,player-3,player-1
34,10,18,0.0516669824719429,player-1,40,48,44,48,player-4,player-1
34,11,18,0.0630419235676527,player-2,43,54,44,56,player-1,player-2
35,1,28,0.08008303120732307,none,3,5,5,3,player-2,none
35,2,18,0.06324984133243561,player-4,12,8,6,11,player-3,player-4
35,3,24,0.06354087963700294,player-3,12,11,11,14,player-4,player-3
35,4,20,0.06441702134907246,player-4,13,20,18,15,player-1,player-4
35,5,18,0.06483285687863827,player-3,21,24,21,22,player-2,player-3
35,6,17,0.05350005812942982,player-3,22,24,24,23,player-3,player-3
35,7,20,0.06670807488262653,none,24,26,24,24,player-4,none
35,8,17,0.05879206582903862,player-1,34,30,24,24,player-1,player-1
35,9,17,0.055415788665413857,player-2,36,36,27,26,player-2,player-2
35,10,18,0.04979199729859829,player-4,37,37,33,29,player-3,player-4
35,11,17,0.0610831193625927,player-4,43,41,33,42,player-4,player-4
35,12,17,0.07120799273252487,player-1,43,46,40,42,player-1,player-1
35,13,17,0.063000014051795,player-2,48,61,40,42,player-2,player-2
36,1,20,0.07241708226501942,player-4,4,5,7,3,player-1,player-4
36,2,17,0.0616670586168766,player-2,9,9,14,8,player-2,player-2
36,3,22,0.06654206663370132,player-4,12,9,16,10,player-3,player-4
36,4,17,0.06925011985003948,player-4,13,11,23,14,player-4,player-4
36,5,17,0.0689169391989708,player-1,13,11,24,17,player-1,player-1
36,6,17,0.05725002847611904,player-2,13,26,26,28,player-2,player-2
36,7,19,0.060750171542167664,player-1,15,27,29,30,player-3,player-1
36,8,19,0.07429206743836403,player-2,16,38,31,30,player-4,player-2
36,9,17,0.05645793862640858,player-1,20,38,33,37,player-1,player-1
36,10,17,0.0766250304877758,player-2,22,43,41,39,player-2,player-2
36,11,17,0.051833922043442726,player-3,22,44,48,41,player-3,player-3
36,12,19,0.06083399057388306,player-2,27,48,49,43,player-4,player-2
36,13,19,0.08045812137424946,player-3,30,49,53,45,player-1,player-3
36,14,17,0.05195802077651024,player-2,30,51,55,48,player-2,player-2
36,15,20,0.06891600787639618,player-2,35,51,61,48,player-3,player-2
36,16,22,0.0663751270622015,player-1,45,57,64,53,player-4,player-1
37,1,17,0.06074993871152401,player-2,4,2,2,1,player-2,player-2
37,2,17,0.05208398215472698,player-3,4,6,5,2,player-3,player-3
37,3,17,0.05904096178710461,player-4,9,9,5,11,player-4,player-4
37,4,17,0.06620911881327629,player-1,12,11,8,12,player-1,player-1
37,5,18,0.06554112769663334,player-3,16,18,18,15,player-2,player-3
37,6,17,0.05374988541007042,player-3,19,23,26,15,player-3,player-3
37,7,17,0.053333817049860954,player-4,20,25,27,22,player-4,player-4
37,8,18,0.10091601870954037,player-2,22,33,28,23,player-1,player-2
37,9,17,0.07545901462435722,player-2,28,43,29,26,player-2,player-2
37,10,21,0.08050003089010715,player-3,28,43,34,27,player-3,player-3
37,11,17,0.0628340058028698,player-4,29,48,39,32,player-4,player-4
37,12,23,0.07233396172523499,player-3,29,52,46,39,player-1,player-3
37,13,17,0.07204106077551842,player-2,31,55,48,44,player-2,player-2
37,14,18,0.0563331414014101,player-4,34,56,51,49,player-3,player-4
38,1,19,0.10062498040497303,player-2,6,11,3,2,player-4,player-2
38,2,18,0.0702918041497469,player-2,7,22,4,8,player-1,player-2
38,3,17,0.06295810453593731,player-2,11,30,8,11,player-2,player-2
38,4,19,0.06933300755918026,player-1,14,37,10,14,player-3,player-1
38,5,21,0.061208149418234825,player-4,15,40,16,20,player-4,player-4
38,6,17,0.09700004011392593,player-1,21,46,16,27,player-1,player-1
38,7,18,0.06204098463058472,player-3,21,54,22,33,player-2,player-3
38,8,20,0.06195809692144394,player-2,21,54,25,34,player-3,player-2
38,9,18,0.07895799353718758,player-1,29,60,27,42,player-4,player-1
39,1,17,0.07049995474517345,player-4,4,3,3,4,player-4,player-4
39,2,18,0.08233403787016869,player-2,7,6,3,11,player-1,player-2
39,3,18,0.05895807407796383,player-3,10,14,11,12,player-2,player-3
39,4,20,0.08479109965264797,player-2,14,16,19,16,player-3,player-2
39,5,17,0.09941705502569675,player-4,22,25,23,23,player-4,player-4
39,6,17,0.08674990385770798,player-1,25,26,25,26,player-1,player-1
39,7,21,0.09325006976723671,player-2,25,34,29,29,player-2,player-2
39,8,19,0.07075001485645771,player-1,31,38,37,31,player-3,player-1
39,9,18,0.06645801477134228,player-1,37,44,40,33,player-4,player-1
39,10,18,0.06479211151599884,player-2,42,45,42,37,player-1,player-2
39,11,17,0.0719169620424509,player-2,47,52,49,43,player-2,player-2
39,12,18,0.060999998822808266,player-4,50,56,54,50,player-3,player-4
40,1,24,0.07762480527162552,none,2,0,2,4,player-3,none
40,2,17,0.06362493149936199,player-4,3,6,4,11,player-4,player-4
40,3,17,0.058999983593821526,player-1,8,10,7,13,player-1,player-1
40,4,18,0.05462486296892166,player-3,13,12,8,14,player-2,player-3
40,5,26,0.09433296509087086,player-4,18,17,10,16,player-3,player-4
40,6,17,0.05829101428389549,player-4,21,17,10,19,player-4,player-4
40,7,17,0.05787517875432968,player-1,24,20,12,20,player-1,player-1
40,8,17,0.06004190072417259,player-2,33,26,17,23,player-2,player-2
40,9,17,0.0649578869342804,player-3,33,26,20,25,player-3,player-3
40,10,17,0.06645894609391689,player-4,36,32,29,28,player-4,player-4
40,11,19,0.06150011904537678,player-3,42,34,36,28,player-1,player-3
40,12,17,0.07945811375975609,player-2,48,36,42,34,player-2,player-2
40,13,17,0.05895807407796383,player-3,50,37,45,41,player-3,player-3
40,14,17,0.05391612648963928,player-4,50,40,48,46,player-4,player-4
40,15,17,0.05274987779557705,player-1,58,45,48,49,player-1,player-1
41,1,17,0.05545793101191521,player-2,2,6,6,0,player-2,player-2
41,2,18,0.05704187788069248,player-4,4,8,7,3,player-3,player-4
41,3,18,0.062125036492943764,player-1,10,11,8,8,player-4,player-1
41,4,17,0.05024997517466545,player-1,13,11,9,11,player-1,player-1
41,5,17,0.05050003528594971,player-2,15,12,9,11,player-2,player-2
41,6,17,0.05487492308020592,player-3,18,12,19,13,player-3,player-3
41,7,33,0.07666600868105888,player-4,23,15,22,20,player-4,player-4
41,8,17,0.055416952818632126,player-1,30,15,30,25,player-1,player-1
41,9,20,0.05195802077651024,none,40,16,30,26,player-2,none
41,10,17,0.06220792420208454,player-3,41,22,36,27,player-3,player-3
41,11,17,0.0741251278668642,player-4,49,30,38,28,player-4,player-4
41,12,17,0.05504186265170574,player-1,55,32,43,28,player-1,player-1
41,13,17,0.05608401261270046,player-2,55,36,46,28,player-2,player-2
42,1,17,0.05937507376074791,player-4,1,2,0,7,player-4,player-4
42,2,20,0.07037515752017498,player-4,7,13,0,17,player-1,player-4
42,3,20,0.11324998922646046,player-1,21,15,7,18,player-2,player-1
42,4,24,0.08004205301404,player-2,23,21,12,18,player-3,player-2
42,5,18,0.08429097943007946,player-1,29,29,12,25,player-4,player-1
42,6,17,0.05675014108419418,player-1,30,33,16,28,player-1,player-1
42,7,20,0.0802499707788229,player-1,36,34,20,28,player-2,player-1
42,8,18,0.05612499080598354,player-4,40,35,24,33,player-3,player-4
42,9,17,0.05825003609061241,player-4,40,42,24,36,player-4,player-4
42,10,19,0.06320816464722157,player-3,41,44,28,39,player-1,player-3
42,11,19,0.06729201413691044,player-4,42,46,32,43,player-2,player-4
42,12,17,0.05987496115267277,player-3,43,55,42,45,player-3,player-3
43,1,18,0.07229088805615902,player-3,2,4,4,10,player-2,player-3
43,2,19,0.06420793943107128,player-1,5,5,7,13,player-3,player-1
43,3,17,0.06308406591415405,player-4,5,8,7,22,player-4,player-4
43,4,17,0.062125036492943764,player-1,10,10,12,31,player-1,player-1
43,5,23,0.0819589477032423,player-4,14,14,16,35,player-2,player-4
43,6,18,0.06804103031754494,player-4,15,14,23,37,player-3,player-4
43,7,17,0.05670799873769283,player-4,15,22,26,40,player-4,player-4
43,8,17,0.07099984213709831,player-1,19,22,31,49,player-1,player-1
43,9,18,0.067457789555192,player-3,27,27,33,52,player-2,player-3
43,10,22,0.07508392445743084,player-4,30,31,42,62,player-3,player-4
43,11,17,0.08129095658659935,player-4,42,35,49,70,player-4,player-4
44,1,18,0.06933300755918026,player-2,3,5,7,0,player-1,player-2
44,2,19,0.09862496517598629,player-4,8,10,11,7,player-2,player-4
44,3,17,0.06479211151599884,player-3,12,13,19,7,player-3,player-3
44,4,17,0.05208305083215237,player-4,19,13,20,9,player-4,player-4
44,5,20,0.07516704499721527,player-4,24,20,25,15,player-1,player-4
44,6,18,0.06129080429673195,player-3,26,21,30,17,player-2,player-3
44,7,17,0.05570799112319946,player-3,28,26,33,20,player-3,player-3
44,8,17,0.0527920201420784,player-4,28,27,35,22,player-4,player-4
44,9,19,0.061540864408016205,player-3,31,29,41,22,player-1,player-3
44,10,20,0.06274995394051075,player-1,36,38,41,28,player-2,player-1
44,11,19,0.06108288653194904,player-1,40,39,43,33,player-3,player-1
44,12,19,0.05091703496873379,player-2,41,47,45,35,player-4,player-2
44,13,17,0.05862489342689514,player-1,46,47,47,38,player-1,player-1
44,14,22,0.07825018838047981,player-3,49,55,59,46,player-2,player-3
45,1,20,0.0791249331086874,player-2,5,5,4,0,player-3,player-2
45,2,30,0.09066704660654068,player-1,9,6,8,6,player-4,player-1
45,3,20,0.057541998103260994,player-4,14,13,9,13,player-1,player-4
45,4,20,0.07029110565781593,player-1,22,19,11,19,player-2,player-1
45,5,19,0.06854184903204441,player-1,22,19,18,20,player-3,player-1
45,6,17,0.06700004450976849,player-4,23,21,23,21,player-4,player-4
45,7,20,0.06450014188885689,player-4,29,27,31,22,player-1,player-4
45,8,17,0.06600003689527512,player-2,33,30,37,29,player-2,player-2
45,9,18,0.061625149101018906,player-4,34,31,43,30,player-3,player-4
45,10,26,0.07104198448359966,none,36,35,47,35,player-4,none
45,11,18,0.07699988782405853,player-2,46,44,52,37,player-1,player-2
45,12,18,0.0563331414014101,player-3,47,46,54,40,player-2,player-3
46,1,17,0.05937507376074791,player-1,6,0,7,9,player-1,player-1
46,2,20,0.07737497799098492,player-1,9,3,8,16,player-2,player-1
46,3,19,0.05925004370510578,player-1,17,12,8,24,player-3,player-1
46,4,17,0.08124997839331627,player-4,21,14,17,32,player-4,player-4
46,5,19,0.07537496276199818,player-3,26,19,25,40,player-1,player-3
46,6,17,0.048958929255604744,player-2,26,30,26,43,player-2,player-2
46,7,17,0.062000006437301636,player-3,35,32,35,46,player-3,player-3
46,8,17,0.060959020629525185,player-4,38,39,37,50,player-4,player-4
46,9,21,0.06595789454877377,player-1,45,45,42,56,player-1,player-1
47,1,22,0.06858399137854576,player-4,5,0,7,2,player-3,player-4
47,2,17,0.053582945838570595,player-4,12,0,16,8,player-4,player-4
47,3,17,0.058625126257538795,player-1,20,0,17,12,player-1,player-1
47,4,18,0.05520787090063095,player-3,22,3,21,14,player-2,player-3
47,5,17,0.047083012759685516,player-3,26,3,22,16,player-3,player-3
47,6,17,0.08362508378922939,player-4,26,12,24,19,player-4,player-4
47,7,18,0.058666104450821877,player-2,28,13,26,21,player-1,player-2
47,8,21,0.0563331414014101,player-2,31,17,27,23,player-2,player-2
47,9,17,0.05941581912338734,player-3,32,17,34,25,player-3,player-3
47,10,18,0.07095793262124062,player-1,40,19,41,26,player-4,player-1
47,11,22,0.059582991525530815,none,43,23,42,27,player-1,none
47,12,18,0.05620787851512432,player-3,44,26,42,31,player-2,player-3
47,13,20,0.05591590888798237,player-2,45,28,44,33,player-3,player-2
47,14,17,0.0652919989079237,player-4,48,32,45,36,player-4,player-4
47,15,17,0.09612506255507469,player-1,54,37,45,36,player-1,player-1
47,16,18,0.05625002086162567,player-3,61,39,47,37,player-2,player-3
48,1,18,0.0730419997125864,player-3,2,4,4,0,player-2,player-3
48,2,17,0.06874999962747097,player-3,6,4,9,2,player-3,player-3
48,3,18,0.0677919015288353,player-1,6,9,17,3,player-4,player-1
48,4,17,0.07337494753301144,player-1,17,12,22,5,player-1,player-1
48,5,19,0.07945811375975609,player-4,22,14,25,11,player-2,player-4
48,6,17,0.06995908915996552,player-3,29,23,27,20,player-3,player-3
48,7,17,0.06362493149936199,player-4,32,25,29,28,player-4,player-4
48,8,19,0.06254203617572784,player-3,33,29,33,28,player-1,player-3
48,9,17,0.05287514068186283,player-2,37,32,35,28,player-2,player-2
48,10,18,0.05283299833536148,player-4,40,36,36,29,player-3,player-4
48,11,19,0.05108397454023361,none,42,41,38,30,player-4,none
48,12,21,0.06541702896356583,none,44,43,43,34,player-1,none
48,13,17,0.05312496796250343,player-2,47,45,43,38,player-2,player-2
48,14,19,0.06233411841094494,player-1,49,45,49,47,player-3,player-1
48,15,17,0.05966681055724621,player-4,49,48,49,48,player-4,player-4
48,16,25,0.05983305163681507,none,55,48,49,50,player-1,none
49,1,20,0.06729201413691044,player-1,7,3,1,4,player-2,player-1
49,2,17,0.05379202775657177,player-3,11,5,4,7,player-3,player-3
49,3,21,0.06333389319479465,player-4,16,10,14,15,player-4,player-4
49,4,17,0.05487492308020592,player-1,21,11,17,15,player-1,player-1
49,5,17,0.06287498399615288,player-2,26,15,21,21,player-2,player-2
49,6,17,0.05050003528594971,player-3,31,19,28,23,player-3,player-3
49,7,19,0.07650000043213367,player-2,36,23,32,29,player-4,player-2
49,8,17,0.05129189230501652,player-1,38,25,35,29,player-1,player-1
49,9,18,0.06366684101521969,player-3,42,29,38,33,player-2,player-3
49,10,17,0.0727078877389431,player-3,42,32,45,36,player-3,player-3
49,11,20,0.06187497638165951,player-3,48,35,47,42,player-4,player-3
49,12,17,0.05808309651911259,player-1,52,37,47,44,player-1,player-1
49,13,17,0.06408290937542915,player-2,62,43,50,54,player-2,player-2
50,1,22,0.062166014686226845,player-1,7,2,3,0,player-4,player-1
50,2,19,0.07641594856977463,player-3,9,9,8,0,player-1,player-3
50,3,22,0.0641250517219305,player-3,12,12,12,1,player-2,player-3
50,4,20,0.06679096259176731,player-2,15,14,13,1,player-3,player-2
50,5,17,0.054167117923498154,player-4,16,16,15,7,player-4,player-4
50,6,19,0.06874999962747097,player-3,17,19,24,11,player-1,player-3
50,7,20,0.06408407352864742,player-1,22,24,24,15,player-2,player-1
50,8,17,0.06670807488262653,player-3,28,27,27,18,player-3,player-3
50,9,25,0.07637497037649155,none,31,37,27,24,player-4,none
50,10,17,0.054167117923498154,player-1,38,39,27,24,player-1,player-1
50,11,17,0.04912493750452995,player-2,40,46,27,26,player-2,player-2
50,12,19,0.06804196164011955,player-1,46,46,34,29,player-3,player-1
50,13,18,0.06562494672834873,player-1,47,48,34,35,player-4,player-1
50,14,18,0.056999968364834785,player-2,51,55,43,38,player-1,player-2
50,15,19,0.07204199209809303,player-4,55,62,50,42,player-2,player-4
51,1,17,0.051958952099084854,player-2,4,4,0,2,player-2,player-2
51,2,17,0.06374996155500412,player-3,4,6,10,10,player-3,player-3
51,3,17,0.06045890040695667,player-4,8,7,15,14,player-4,player-4
51,4,18,0.07116701453924179,player-2,14,8,17,17,player-1,player-2
51,5,19,0.07620896212756634,player-4,15,12,17,23,player-2,player-4
51,6,21,0.05916692316532135,player-3,19,13,23,24,player-3,player-3
51,7,27,0.0804578885436058,player-2,19,20,28,27,player-4,player-2
51,8,21,0.07391697727143764,player-1,22,21,35,35,player-1,player-1
51,9,17,0.04775007255375385,player-2,25,25,36,37,player-2,player-2
51,10,18,0.05529215559363365,player-4,25,28,37,42,player-3,player-4
51,11,17,0.05725002847611904,player-4,27,31,44,48,player-4,player-4
51,12,17,0.045209191739559174,none,28,32,44,51,player-1,none
51,13,17,0.059333862736821175,player-2,30,40,46,59,player-2,player-2
51,14,19,0.07154210470616817,player-1,31,43,48,60,player-3,player-1
52,1,17,0.07783295586705208,player-4,0,6,0,8,player-4,player-4
52,2,18,0.06437511183321476,player-2,0,7,5,14,player-1,player-2
52,3,24,0.07216702215373516,player-1,1,8,7,19,player-2,player-1
52,4,17,0.06570806726813316,player-3,10,11,15,19,player-3,player-3
52,5,17,0.05504186265170574,player-4,12,13,20,26,player-4,player-4
52,6,18,0.06187497638165951,player-2,18,16,26,26,player-1,player-2
52,7,18,0.06537511944770813,player-3,26,18,35,33,player-2,player-3
52,8,17,0.06687501445412636,player-3,26,27,37,33,player-3,player-3
52,9,17,0.08012517355382442,player-4,35,31,41,41,player-4,player-4
52,10,17,0.0677080824971199,player-1,39,32,41,44,player-1,player-1
52,11,20,0.08179200813174248,player-1,43,32,45,52,player-2,player-1
52,12,17,0.05483301356434822,player-3,45,32,49,55,player-3,player-3
52,13,17,0.05591614171862602,player-4,49,34,49,66,player-4,player-4
53,1,25,0.08566700853407383,player-4,4,1,2,3,player-4,player-4
53,2,21,0.0669590663164854,player-1,6,3,6,5,player-1,player-1
53,3,18,0.0675420742481947,player-3,11,8,11,10,player-2,player-3
53,4,19,0.07191603071987629,player-1,17,11,18,12,player-3,player-1
53,5,18,0.07587485015392303,player-1,23,23,21,16,player-4,player-1
53,6,17,0.05445815622806549,player-1,30,25,21,20,player-1,player-1
53,7,17,0.06408407352864742,player-2,32,28,27,25,player-2,player-2
53,8,17,0.06179208867251873,player-3,37,28,30,29,player-3,player-3
53,9,17,0.06204191595315933,player-4,46,28,37,30,player-4,player-4
53,10,17,0.059499870985746384,player-1,48,32,37,34,player-1,player-1
53,11,18,0.0612910371273756,player-3,49,37,38,36,player-2,player-3
53,12,18,0.05558389239013195,player-4,51,37,42,39,player-3,player-4
53,13,17,0.07783318869769573,player-4,53,46,43,51,player-4,player-4
53,14,17,0.054999953135848045,player-1,59,47,45,53,player-1,player-1
54,1,18,0.05616690032184124,player-1,2,0,4,1,player-4,player-1
54,2,19,0.07154187187552452,player-3,9,4,11,3,player-1,player-3
54,3,17,0.05829101428389549,player-2,15,6,15,3,player-2,player-2
54,4,22,0.07708300836384296,player-4,20,6,20,9,player-3,player-4
54,5,17,0.06629107519984245,player-4,20,10,24,16,player-4,player-4
54,6,18,0.05504186265170574,player-2,22,13,26,20,player-1,player-2
54,7,18,0.05929195322096348,player-3,27,15,33,22,player-2,player-3
54,8,17,0.04641595296561718,player-3,27,15,34,23,player-3,player-3
54,9,19,0.06858306005597115,player-2,31,16,39,28,player-4,player-2
54,10,31,0.08212495595216751,player-3,35,17,41,29,player-1,player-3
54,11,21,0.06504100747406483,player-2,40,26,41,29,player-2,player-2
54,12,17,0.06491690874099731,player-3,43,29,43,33,player-3,player-3
54,13,18,0.06220792420208454,player-1,45,29,43,39,player-4,player-1
54,14,17,0.08129188790917397,player-1,50,36,44,42,player-1,player-1
54,15,17,0.05716690793633461,player-2,56,39,49,44,player-2,player-2
55,1,20,0.07883412763476372,player-1,4,4,1,6,player-2,player-1
55,2,20,0.05825003609061241,player-2,6,5,10,10,player-3,player-2
55,3,20,0.06574997678399086,player-3,8,7,15,10,player-4,player-3
55,4,17,0.0617089681327343,player-1,19,13,17,11,player-1,player-1
55,5,17,0.06333412602543831,player-2,23,20,19,16,player-2,player-2
55,6,18,0.07004197686910629,player-4,27,36,22,24,player-3,player-4
55,7,17,0.06120884791016579,player-4,28,39,23,32,player-4,player-4
55,8,19,0.05687493830919266,player-3,34,41,26,34,player-1,player-3
55,9,17,0.0666249543428421,player-2,37,43,27,38,player-2,player-2
55,10,17,0.06479187868535519,player-3,37,43,34,39,player-3,player-3
55,11,17,0.04479079507291317,none,38,43,36,40,player-4,none
55,12,19,0.05904189310967922,player-3,42,46,45,41,player-1,player-3
55,13,21,0.0630838330835104,player-2,43,57,45,43,player-2,player-2
56,1,20,0.06474996916949749,player-1,0,6,1,1,player-2,player-1
56,2,17,0.05816691555082798,player-3,7,8,6,2,player-3,player-3
56,3,17,0.05408399738371372,player-4,7,12,6,6,player-4,player-4
56,4,18,0.05633290857076645,player-2,11,21,13,12,player-1,player-2
56,5,20,0.057499855756759644,player-1,16,22,18,12,player-2,player-1
56,6,18,0.06699981167912483,player-4,19,22,30,17,player-3,player-4
56,7,17,0.07508392445743084,player-4,21,26,34,25,player-4,player-4
56,8,18,0.0628340058028698,player-2,28,33,36,26,player-1,player-2
56,9,25,0.0646661501377821,player-2,28,42,39,27,player-2,player-2
56,10,18,0.05154102109372616,player-4,30,45,39,27,player-3,player-4
56,11,19,0.06808317266404629,player-2,32,56,39,29,player-4,player-2
56,12,20,0.08962489664554596,player-4,34,59,47,37,player-1,player-4
56,13,24,0.07487484253942966,player-1,36,60,48,41,player-2,player-1
57,1,17,0.05837506614625454,player-1,8,0,2,5,player-1,player-1
57,2,32,0.08808309212327003,none,8,5,4,7,player-2,none
57,3,19,0.05708378739655018,player-1,11,8,6,7,player-3,player-1
57,4,17,0.06291596218943596,player-4,16,8,9,8,player-4,player-4
57,5,19,0.09287497960031033,player-3,23,9,10,8,player-1,player-3
57,6,17,0.05766702815890312,player-2,33,11,12,16,player-2,player-2
57,7,17,0.07050018757581711,player-3,33,14,18,17,player-3,player-3
57,8,17,0.055167125537991524,player-4,37,16,22,19,player-4,player-4
57,9,18,0.06904103793203831,player-2,42,19,23,24,player-1,player-2
57,10,17,0.07679197005927563,player-2,44,22,25,26,player-2,player-2
57,11,18,0.06858282722532749,player-4,51,22,29,29,player-3,player-4
57,12,19,0.06229081191122532,player-2,56,24,30,34,player-4,player-2
57,13,21,0.0814169179648161,player-1,65,31,40,37,player-1,player-1
58,1,19,0.06345799192786217,player-1,4,4,5,0,player-3,player-1
58,2,19,0.0658340286463499,player-2,8,7,10,0,player-4,player-2
58,3,18,0.06633298471570015,player-2,8,7,10,3,player-1,player-2
58,4,20,0.08620903827250004,player-1,12,11,13,4,player-2,player-1
58,5,20,0.05891709588468075,player-2,13,16,15,5,player-3,player-2
58,6,20,0.05737505853176117,player-3,13,20,25,5,player-4,player-3
58,7,21,0.061499886214733124,player-1,18,22,27,9,player-1,player-1
58,8,19,0.0766250304877758,player-4,18,29,30,17,player-2,player-4
58,9,21,0.07666600868105888,player-3,19,29,33,22,player-3,player-3
58,10,18,0.05033309571444988,player-1,20,29,34,24,player-4,player-1
58,11,19,0.06325007416307926,player-3,24,31,44,24,player-1,player-3
58,12,26,0.07820804603397846,none,37,35,45,26,player-2,none
58,13,19,0.07791700772941113,player-1,43,39,51,34,player-3,player-1
58,14,20,0.06949994713068008,player-3,48,45,60,42,player-4,player-3
59,1,20,0.08412497118115425,player-2,6,4,2,5,player-3,player-2
59,2,18,0.055625103414058685,player-1,8,5,5,5,player-4,player-1
59,3,17,0.061208149418234825,player-1,13,10,7,5,player-1,player-1
59,4,17,0.07483409717679024,player-2,20,20,12,5,player-2,player-2
59,5,20,0.07087481208145618,player-2,22,22,16,6,player-3,player-2
59,6,17,0.06362493149936199,player-4,28,27,21,15,player-4,player-4
59,7,17,0.08016685023903847,player-1,30,30,26,18,player-1,player-1
59,8,19,0.05691708065569401,player-4,31,35,26,22,player-2,player-4
59,9,17,0.06825011223554611,player-3,35,41,28,22,player-3,player-3
59,10,17,0.050208065658807755,player-4,37,44,34,23,player-4,player-4
59,11,17,0.07254118099808693,player-1,48,45,35,25,player-1,player-1
59,12,17,0.07583387196063995,player-2,50,53,35,37,player-2,player-2
59,13,18,0.06083305925130844,player-4,55,59,36,47,player-3,player-4
60,1,18,0.06591691635549068,player-2,2,6,0,3,player-1,player-2
60,2,18,0.06187497638165951,player-3,2,7,2,8,player-2,player-3
60,3,18,0.05745887756347656,player-4,8,8,12,11,player-3,player-4
60,4,18,0.05929195322096348,player-1,11,15,15,17,player-4,player-1
60,5,17,0.06399978883564472,player-1,16,19,19,17,player-1,player-1
60,6,20,0.07508299313485622,player-1,29,24,23,17,player-2,player-1
60,7,20,0.0663751270622015,player-2,31,32,26,20,player-3,player-2
60,8,18,0.06120908074080944,player-1,35,33,29,26,player-4,player-1
60,9,23,0.07583294063806534,player-3,39,37,37,30,player-1,player-3
60,10,20,0.07129181176424026,player-1,41,40,38,33,player-2,player-1
60,11,21,0.06704195402562618,player-3,44,41,44,36,player-3,player-3
60,12,20,0.08037500083446503,player-3,50,44,55,41,player-4,player-3
61,1,19,0.07999991066753864,player-4,4,0,7,5,player-2,player-4
61,2,20,0.06337487138807774,player-2,7,9,13,8,player-3,player-2
61,3,19,0.05962490104138851,player-2,9,11,17,13,player-4,player-2
61,4,18,0.055999960750341415,player-2,13,20,19,17,player-1,player-2
61,5,20,0.07937499321997166,player-1,22,27,24,19,player-2,player-1
61,6,19,0.07208297029137611,player-1,39,32,29,19,player-3,player-1
61,7,20,0.06295810453593731,player-3,40,35,40,20,player-4,player-3
61,8,19,0.06804196164011955,player-3,46,39,44,28,player-1,player-3
61,9,19,0.05529192276299,none,50,44,47,33,player-2,none
61,10,17,0.0535410363227129,player-3,57,50,50,34,player-3,player-3
62,1,19,0.0802080612629652,player-2,4,9,5,6,player-4,player-2
62,2,17,0.0879999715834856,player-1,18,9,11,9,player-1,player-1
62,3,20,0.09891600348055363,player-1,19,17,11,19,player-2,player-1
62,4,19,0.06929202936589718,player-1,26,17,14,21,player-3,player-1
62,5,19,0.058165984228253365,player-2,34,20,16,22,player-4,player-2
62,6,18,0.06999983452260494,player-2,35,20,20,29,player-1,player-2
62,7,18,0.0592090655118227,player-3,39,24,23,32,player-2,player-3
62,8,19,0.0653339084237814,player-1,42,27,27,35,player-3,player-1
62,9,17,0.0613329466432333,player-4,42,32,29,40,player-4,player-4
62,10,17,0.05645793862640858,player-1,45,34,29,44,player-1,player-1
62,11,19,0.06554205901920795,player-4,48,37,33,48,player-2,player-4
62,12,22,0.08070911280810833,player-4,56,38,33,54,player-3,player-4
62,13,18,0.059625133872032166,player-1,59,42,35,56,player-4,player-1
62,14,21,0.05516689270734787,none,61,46,35,56,player-1,none
63,1,17,0.057999975979328156,player-3,2,1,7,0,player-3,player-3
63,2,20,0.08812500163912773,player-3,7,2,12,7,player-4,player-3
63,3,16,0.04083290696144104,none,8,4,13,8,player-1,none
63,4,17,0.05141599103808403,player-2,10,8,15,8,player-2,player-2
63,5,23,0.08466606959700584,player-1,13,11,20,15,player-3,player-1
63,6,30,0.10870886035263538,none,22,13,20,23,player-4,none
63,7,17,0.04787510260939598,player-1,26,14,20,23,player-1,player-1
63,8,17,0.06700004450976849,player-2,26,19,23,26,player-2,player-2
63,9,17,0.0524579081684351,player-3,28,21,28,27,player-3,player-3
63,10,17,0.06104097701609135,player-4,30,21,33,34,player-4,player-4
63,11,18,0.06687501445412636,player-2,30,23,39,45,player-1,player-2
63,12,18,0.05979207344353199,player-3,34,29,44,49,player-2,player-3
63,13,17,0.057042110711336136,player-3,36,29,51,51,player-3,player-3
63,14,18,0.060499878600239754,player-1,39,34,55,55,player-4,player-1
63,15,17,0.056582968682050705,player-1,41,36,61,62,player-1,player-1
64,1,17,0.053625088185071945,player-1,3,0,7,4,player-1,player-1
64,2,17,0.0602079089730978,player-2,7,5,10,5,player-2,player-2
64,3,17,0.07095816545188427,player-3,13,12,15,9,player-3,player-3
64,4,17,0.06933300755918026,player-4,16,17,16,13,player-4,player-4
64,5,17,0.06425008177757263,player-1,25,21,18,15,player-1,player-1
64,6,20,0.07520802319049835,player-1,34,21,26,22,player-2,player-1
64,7,17,0.059999991208314896,player-3,36,23,29,25,player-3,player-3
64,8,18,0.059959013015031815,player-1,40,27,32,26,player-4,player-1
64,9,24,0.07012486457824707,player-4,40,28,39,32,player-1,player-4
64,10,19,0.07462501525878906,player-4,48,30,46,32,player-2,player-4
64,11,19,0.08133286610245705,player-1,49,33,50,43,player-3,player-1
64,12,19,0.06829202175140381,player-2,51,34,50,43,player-4,player-2
65,1,17,0.05887518636882305,player-4,0,6,3,2,player-4,player-4
65,2,17,0.05779205821454525,player-1,2,10,6,4,player-1,player-1
65,3,17,0.04900014027953148,player-2,6,12,7,4,player-2,player-2
65,4,18,0.06295787170529366,player-4,8,18,10,10,player-3,player-4
65,5,17,0.05066697485744953,player-4,10,18,12,12,player-4,player-4
65,6,27,0.06874999962747097,none,12,19,12,12,player-1,none
65,7,20,0.09079091250896454,player-1,17,27,24,14,player-2,player-1
65,8,17,0.04887511022388935,player-3,17,30,32,16,player-3,player-3
65,9,17,0.06579188629984856,player-4,19,30,36,18,player-4,player-4
65,10,20,0.07216702215373516,player-4,23,38,37,27,player-1,player-4
65,11,19,0.06987480446696281,player-4,23,47,52,32,player-2,player-4
65,12,17,0.05808309651911259,player-3,28,49,58,36,player-3,player-3
65,13,17,0.09616604074835777,player-4,36,55,65,41,player-4,player-4
66,1,18,0.07150019519031048,player-1,7,1,5,6,player-4,player-1
66,2,28,0.06975000724196434,none,9,2,7,10,player-1,none
66,3,17,0.05475012585520744,player-2,9,2,8,11,player-2,player-2
66,4,18,0.07754191756248474,player-4,16,6,18,11,player-3,player-4
66,5,23,0.08412497118115425,player-2,24,17,23,18,player-4,player-2
66,6,23,0.09312503971159458,player-3,30,27,26,18,player-1,player-3
66,7,18,0.06558396853506565,player-3,34,30,26,19,player-2,player-3
66,8,18,0.0613329466432333,player-4,36,34,27,26,player-3,player-4
66,9,17,0.05725002847611904,player-4,36,36,29,33,player-4,player-4
66,10,18,0.062125036492943764,player-2,38,46,33,35,player-1,player-2
66,11,20,0.06708293221890926,player-1,44,46,35,39,player-2,player-1
66,12,17,0.058582983911037445,player-3,50,53,49,39,player-3,player-3
66,13,21,0.06641587242484093,player-4,53,56,49,41,player-4,player-4
67,1,17,0.06779097020626068,player-3,2,0,6,4,player-3,player-3
67,2,20,0.06229220889508724,player-3,8,1,17,9,player-4,player-3
67,3,17,0.08341693319380283,player-1,14,5,19,10,player-1,player-1
67,4,17,0.062000006437301636,player-2,14,7,19,13,player-2,player-2
67,5,17,0.061125028878450394,player-3,18,8,25,13,player-3,player-3
67,6,24,0.08812500163912773,player-3,27,12,43,17,player-4,player-3
67,7,17,0.06029196083545685,player-1,39,17,48,22,player-1,player-1
67,8,23,0.07629184983670712,player-4,45,22,48,24,player-2,player-4
67,9,20,0.07087504491209984,player-2,50,28,51,25,player-3,player-2
68,1,17,0.07500010542571545,player-4,6,8,4,9,player-4,player-4
68,2,19,0.05645793862640858,player-3,10,10,14,9,player-1,player-3
68,3,17,0.06954092532396317,player-2,14,14,17,11,player-2,player-2
68,4,25,0.07204199209809303,player-3,17,21,19,15,player-3,player-3
68,5,18,0.051916809752583504,player-1,20,23,23,16,player-4,player-1
68,6,17,0.06129196844995022,player-1,23,25,26,20,player-1,player-1
68,7,20,0.0879580620676279,player-1,36,38,34,25,player-2,player-1
68,8,21,0.06499979645013809,player-3,37,43,40,26,player-3,player-3
68,9,18,0.05929102189838886,player-1,45,44,49,30,player-4,player-1
68,10,21,0.08145812898874283,player-1,49,45,53,38,player-1,player-1
69,1,17,0.05950010381639004,player-2,3,4,2,2,player-2,player-2
69,2,19,0.06895908154547215,player-1,8,7,7,2,player-3,player-1
69,3,17,0.06316718645393848,player-4,18,7,12,10,player-4,player-4
69,4,20,0.0652919989079237,player-4,19,15,16,10,player-1,player-4
69,5,18,0.05320785567164421,player-3,23,15,18,13,player-2,player-3
69,6,17,0.06383308209478855,player-3,27,18,27,16,player-3,player-3
69,7,21,0.0778338871896267,player-4,28,23,27,25,player-4,player-4
69,8,18,0.07391697727143764,player-2,34,27,27,28,player-1,player-2
69,9,17,0.058999983593821526,player-2,38,29,32,28,player-2,player-2
69,10,17,0.05737505853176117,none,41,32,34,34,player-3,none
69,11,18,0.062125036492943764,player-1,44,39,37,44,player-4,player-1
69,12,18,0.05787494592368603,player-2,53,43,37,47,player-1,player-2
69,13,19,0.06791693158447742,player-4,57,45,41,55,player-2,player-4
70,1,23,0.0711251050233841,none,1,0,2,6,player-4,none
70,2,17,0.06395787931978703,player-1,5,5,3,10,player-1,player-1
70,3,18,0.07458310574293137,player-3,15,10,7,11,player-2,player-3
70,4,18,0.06854184903204441,player-4,17,14,10,13,player-3,player-4
70,5,20,0.06333296187222004,player-3,18,25,13,16,player-4,player-3
70,6,18,0.07874984294176102,player-2,24,28,14,20,player-1,player-2
70,7,17,0.05024997517466545,player-2,25,35,15,23,player-2,player-2
70,8,17,0.062000006437301636,player-3,29,40,21,23,player-3,player-3
70,9,17,0.06295787170529366,player-4,32,48,30,30,player-4,player-4
70,10,20,0.06970809772610664,player-4,34,53,33,37,player-1,player-4
70,11,22,0.08091609925031662,player-3,35,55,34,39,player-2,player-3
70,12,17,0.05329214036464691,player-3,38,58,35,43,player-3,player-3
71,1,20,0.07229205220937729,player-1,5,5,1,5,player-2,player-1
71,2,19,0.0702498946338892,player-1,8,8,3,6,player-3,player-1
71,3,17,0.08224998600780964,player-4,13,18,3,16,player-4,player-4
71,4,18,0.0641250517219305,player-2,17,18,6,19,player-1,player-2
71,5,17,0.06483402103185654,player-2,21,24,8,26,player-2,player-2
71,6,22,0.06854115054011345,player-4,26,33,18,31,player-3,player-4
71,7,17,0.063000014051795,player-4,29,37,21,36,player-4,player-4
71,8,20,0.07445900700986385,player-4,31,37,31,47,player-1,player-4
71,9,17,0.05595805123448372,player-2,34,43,33,47,player-2,player-2
71,10,17,0.04912493750452995,player-3,34,48,35,48,player-3,player-3
71,11,17,0.053999945521354675,player-4,37,51,39,51,player-4,player-4
72,1,17,0.06458396092057228,player-4,3,7,2,4,player-4,player-4
72,2,17,0.05962490104138851,player-1,5,9,5,7,player-1,player-1
72,3,20,0.062499893829226494,player-1,7,10,5,11,player-2,player-1
72,4,17,0.04841713234782219,player-3,11,12,11,12,player-3,player-3
72,5,17,0.0664170365780592,player-4,13,12,20,17,player-4,player-4
72,6,19,0.07329089567065239,player-3,20,15,28,18,player-1,player-3
72,7,17,0.05808309651911259,player-2,27,19,28,25,player-2,player-2
72,8,36,0.07833307608962059,player-2,33,28,28,27,player-3,player-2
72,9,20,0.06274995394051075,player-3,35,29,34,30,player-4,player-3
72,10,18,0.06729201413691044,player-2,45,30,40,33,player-1,player-2
72,11,17,0.06687501445412636,player-2,46,34,43,33,player-2,player-2
72,12,17,0.062374863773584366,player-3,47,38,48,36,player-3,player-3
72,13,17,0.06708293221890926,player-4,49,43,50,39,player-4,player-4
72,14,17,0.05512498319149017,player-1,57,45,54,47,player-1,player-1
73,1,19,0.06683403626084328,player-2,3,9,2,3,player-4,player-2
73,2,17,0.06425008177757263,player-1,10,10,10,11,player-1,player-1
73,3,17,0.06800005212426186,player-2,10,21,14,13,player-2,player-2
73,4,17,0.07145898416638374,player-3,13,24,19,17,player-3,player-3
73,5,17,0.06008287891745567,player-4,16,24,19,22,player-4,player-4
73,6,17,0.0491670798510313,player-1,19,25,21,24,player-1,player-1
73,7,23,0.08050003089010715,player-4,21,30,32,25,player-2,player-4
73,8,23,0.07604202255606651,player-1,27,32,41,32,player-3,player-1
73,9,21,0.09649991989135742,player-4,29,38,44,37,player-4,player-4
73,10,19,0.07183291018009186,player-3,33,42,49,40,player-1,player-3
73,11,19,0.08829100988805294,player-4,41,50,53,48,player-2,player-4
73,12,17,0.05520903505384922,player-3,43,50,65,48,player-3,player-3
74,1,17,0.0700000673532486,player-4,3,3,8,3,player-4,player-4
74,2,17,0.07462501525878906,player-1,6,3,11,5,player-1,player-1
74,3,17,0.05950010381639004,player-2,6,9,13,7,player-2,player-2
74,4,18,0.06145890802145004,player-4,6,12,17,10,player-3,player-4
74,5,19,0.05608377978205681,player-2,9,15,23,10,player-4,player-2
74,6,17,0.06233295425772667,player-1,11,18,25,17,player-1,player-1
74,7,19,0.05833408795297146,player-4,12,26,26,18,player-2,player-4
74,8,21,0.07445807568728924,player-3,16,34,28,18,player-3,player-3
74,9,19,0.06466708146035671,player-2,19,39,29,20,player-4,player-2
74,10,19,0.05054101347923279,none,19,45,30,22,player-1,none
74,11,18,0.06629200652241707,player-3,21,48,35,27,player-2,player-3
74,12,19,0.07387506775557995,player-1,25,55,35,33,player-3,player-1
74,13,17,0.058666104450821877,player-4,25,60,38,37,player-4,player-4
74,14,20,0.07620919495820999,player-4,26,62,44,40,player-1,player-4
75,1,20,0.06616604514420033,player-1,14,4,2,8,player-2,player-1
75,2,17,0.06904103793203831,player-3,18,7,9,8,player-3,player-3
75,3,19,0.06950017996132374,player-2,20,9,11,14,player-4,player-2
75,4,20,0.06620911881327629,player-4,23,13,14,18,player-1,player-4
75,5,26,0.07191603071987629,player-3,23,15,19,18,player-2,player-3
75,6,17,0.05704187788069248,player-3,24,16,21,22,player-3,player-3
75,7,17,0.05341717042028904,player-4,28,19,24,26,player-4,player-4
75,8,17,0.06704102270305157,player-1,32,27,26,30,player-1,player-1
75,9,17,0.07012486457824707,player-2,38,29,33,30,player-2,player-2
75,10,18,0.06354204379022121,player-4,38,29,34,33,player-3,player-4
75,11,18,0.06312504410743713,player-1,43,33,36,40,player-4,player-1
75,12,17,0.05512498319149017,player-1,47,33,39,41,player-1,player-1
75,13,28,0.06574997678399086,none,50,35,40,41,player-2,none
75,14,20,0.05737505853176117,player-2,52,37,43,43,player-3,player-2
75,15,17,0.05595805123448372,player-4,53,38,45,45,player-4,player-4
75,16,17,0.06741704419255257,player-1,63,42,54,47,player-1,player-1
76,1,18,0.0688331201672554,player-1,15,1,4,4,player-4,player-1
76,2,18,0.06329081952571869,player-2,21,3,6,4,player-1,player-2
76,3,17,0.06616697646677494,player-2,23,5,7,5,player-2,player-2
76,4,18,0.08520809933543205,player-4,23,11,14,14,player-3,player-4
76,5,19,0.0724999699741602,player-2,29,17,19,18,player-4,player-2
76,6,18,0.071333022788167,player-2,35,18,20,22,player-1,player-2
76,7,18,0.0630419235676527,player-3,35,18,21,23,player-2,player-3
76,8,17,0.06925011985003948,player-3,35,25,31,28,player-3,player-3
76,9,17,0.0728340819478035,player-4,40,31,31,35,player-4,player-4
76,10,17,0.07937499321997166,player-1,43,32,34,36,player-1,player-1
76,11,18,0.06787502206861973,player-3,45,37,37,45,player-2,player-3
76,12,21,0.06724987179040909,player-3,46,39,37,51,player-3,player-3
76,13,20,0.073291826993227,player-3,51,42,49,52,player-4,player-3
77,1,17,0.05658390000462532,player-3,2,2,7,1,player-3,player-3
77,2,19,0.07449998520314693,player-2,6,6,7,5,player-4,player-2
77,3,17,0.0588330440223217,player-1,8,8,10,8,player-1,player-1
77,4,18,0.07241684943437576,player-3,10,10,18,15,player-2,player-3
77,5,18,0.06558303721249104,player-4,12,12,23,17,player-3,player-4
77,6,17,0.056374818086624146,player-4,12,14,27,19,player-4,player-4
77,7,20,0.08116592653095722,player-4,14,16,29,23,player-1,player-4
77,8,18,0.07391697727143764,player-3,16,18,30,24,player-2,player-3
77,9,18,0.06783311255276203,player-4,25,18,33,28,player-3,player-4
77,10,29,0.11283298954367638,player-4,25,20,35,30,player-4,player-4
77,11,28,0.09212503209710121,none,30,25,40,33,player-1,none
77,12,18,0.07195910438895226,player-3,36,29,44,35,player-2,player-3
77,13,17,0.0749160535633564,player-3,39,30,46,37,player-3,player-3
77,14,18,0.0890830997377634,player-1,42,32,57,42,player-4,player-1
77,15,17,0.06820796988904476,player-1,50,33,57,46,player-1,player-1
78,1,20,0.08020922541618347,player-2,0,1,6,0,player-3,player-2
78,2,17,0.05745794624090195,player-4,4,3,8,9,player-4,player-4
78,3,18,0.0592090655118227,player-2,6,4,9,9,player-1,player-2
78,4,17,0.06533414125442505,player-2,12,11,13,12,player-2,player-2
78,5,17,0.06620888598263264,player-3,16,17,16,14,player-3,player-3
78,6,17,0.053958967328071594,player-4,19,19,16,16,player-4,player-4
78,7,17,0.0701660756021738,player-1,25,25,21,18,player-1,player-1
78,8,18,0.06233295425772667,player-3,31,31,26,19,player-2,player-3
78,9,17,0.07070787250995636,player-3,31,31,29,19,player-3,player-3
78,10,19,0.06291689351201057,player-2,36,31,38,23,player-4,player-2
78,11,17,0.07733306847512722,player-1,38,34,40,28,player-1,player-1
78,12,22,0.07499987259507179,player-3,40,35,42,30,player-2,player-3
78,13,18,0.06262492388486862,player-4,44,42,42,31,player-3,player-4
78,14,21,0.07316702976822853,player-4,47,48,44,36,player-4,player-4
78,15,17,0.09179092012345791,player-1,52,55,47,40,player-1,player-1
78,16,17,0.07716706022620201,player-2,56,56,52,43,player-2,player-2
79,1,19,0.09016715921461582,player-4,5,8,4,5,player-2,player-4
79,2,23,0.07562502287328243,none,7,8,6,8,player-3,none
79,3,24,0.0927080400288105,player-3,18,8,22,9,player-4,player-3
79,4,17,0.06345799192786217,player-1,23,8,22,13,player-1,player-1
79,5,19,0.060125021263957024,player-4,23,9,24,23,player-2,player-4
79,6,18,0.08945795707404613,player-4,35,10,28,25,player-3,player-4
79,7,17,0.06737513467669487,player-4,35,12,30,35,player-4,player-4
79,8,18,0.06370805203914642,player-2,37,14,32,37,player-1,player-2
79,9,18,0.06720796227455139,player-3,37,24,33,40,player-2,player-3
79,10,17,0.0635830219835043,player-3,46,27,44,45,player-3,player-3
79,11,17,0.08816714398562908,player-4,52,28,47,49,player-4,player-4
79,12,17,0.0502078328281641,player-1,58,28,48,50,player-1,player-1
80,1,19,0.08050003089010715,player-1,7,0,1,2,player-3,player-1
80,2,20,0.10020798072218895,player-3,10,13,4,9,player-4,player-3
80,3,20,0.07408298552036285,player-4,13,18,6,10,player-1,player-4
80,4,17,0.05908310413360596,player-2,18,22,6,11,player-2,player-2
80,5,20,0.06349990144371986,player-2,25,27,6,14,player-3,player-2
80,6,18,0.05858391523361206,player-1,26,27,9,15,player-4,player-1
80,7,17,0.06329198367893696,player-1,31,29,14,16,player-1,player-1
80,8,18,0.07695797830820084,player-3,33,29,21,18,player-2,player-3
80,9,28,0.08674990385770798,player-2,37,32,26,18,player-3,player-2
80,10,17,0.06770901381969452,player-4,41,39,30,18,player-4,player-4
80,11,18,0.07400009781122208,player-2,43,42,32,25,player-1,player-2
80,12,19,0.08520809933543205,player-4,46,54,37,32,player-2,player-4
80,13,17,0.05604187026619911,player-3,51,60,38,34,player-3,player-3
80,14,17,0.06387499161064625,player-4,53,66,38,35,player-4,player-4
81,1,17,0.06533297710120678,player-3,6,3,11,1,player-3,player-3
81,2,17,0.06779097020626068,player-4,8,10,11,9,player-4,player-4
81,3,20,0.07533282041549683,player-4,10,14,13,12,player-1,player-4
81,4,19,0.07279193960130215,player-4,14,15,15,14,player-2,player-4
81,5,17,0.05179201252758503,player-3,16,17,19,14,player-3,player-3
81,6,19,0.06641587242484093,player-2,19,18,24,21,player-4,player-2
81,7,17,0.05929102189838886,player-1,23,20,26,24,player-1,player-1
81,8,17,0.06958306767046452,player-2,28,20,26,28,player-2,player-2
81,9,20,0.08187512867152691,player-2,31,26,30,29,player-3,player-2
81,10,19,0.06612483412027359,player-2,35,31,35,30,player-4,player-2
81,11,17,0.06675021722912788,player-1,49,31,36,31,player-1,player-1
81,12,29,0.08054194040596485,player-2,53,35,36,34,player-2,player-2
81,13,17,0.057165976613759995,player-3,56,37,41,36,player-3,player-3
81,14,17,0.0685409177094698,player-4,57,42,41,45,player-4,player-4
81,15,18,0.06570806726813316,player-2,60,42,44,52,player-1,player-2
82,1,19,0.07220800034701824,player-4,10,4,7,11,player-2,player-4
82,2,23,0.08479179814457893,player-1,20,9,14,11,player-3,player-1
82,3,17,0.07545808330178261,player-4,24,12,19,16,player-4,player-4
82,4,19,0.07158401422202587,player-3,28,16,23,17,player-1,player-3
82,5,18,0.07633306086063385,player-3,33,18,26,25,player-2,player-3
82,6,17,0.05779205821454525,player-3,37,22,28,27,player-3,player-3
82,7,17,0.08483417332172394,player-4,39,22,29,27,player-4,player-4
82,8,18,0.06933300755918026,player-2,41,26,33,35,player-1,player-2
82,9,17,0.07287506014108658,player-2,53,32,36,45,player-2,player-2
82,10,17,0.05470914766192436,player-3,54,34,40,45,player-3,player-3
82,11,19,0.065250089392066,player-2,63,42,40,48,player-4,player-2
83,1,17,0.07337494753301144,player-2,8,7,3,6,player-2,player-2
83,2,18,0.0794590450823307,player-4,18,13,6,9,player-3,player-4
83,3,23,0.09366706945002079,player-2,21,16,7,17,player-4,player-2
83,4,26,0.08908403106033802,player-2,22,28,7,30,player-1,player-2
83,5,18,0.06283307448029518,player-3,24,39,15,30,player-2,player-3
83,6,18,0.05570799112319946,player-4,28,39,19,33,player-3,player-4
83,7,17,0.07175002247095108,player-4,30,43,22,36,player-4,player-4
83,8,17,0.058540841564536095,player-1,32,45,26,37,player-1,player-1
83,9,21,0.06966688670217991,player-2,32,49,29,43,player-2,player-2
83,10,27,0.07529184222221375,none,42,54,31,46,player-3,none
84,1,19,0.0804578885436058,player-4,2,2,0,11,player-2,player-4
84,2,24,0.08220900781452656,player-2,4,7,5,11,player-3,player-2
84,3,18,0.07316702976822853,player-1,6,16,5,20,player-4,player-1
84,4,17,0.05679205060005188,player-1,12,17,6,24,player-1,player-1
84,5,17,0.052582938224077225,player-2,13,19,10,26,player-2,player-2
84,6,18,0.05991593934595585,player-4,17,24,14,26,player-3,player-4
84,7,17,0.06141606718301773,player-4,20,24,16,29,player-4,player-4
84,8,18,0.06345799192786217,player-2,23,25,18,30,player-1,player-2
84,9,17,0.04895799793303013,player-2,24,34,19,34,player-2,player-2
84,10,18,0.05745887756347656,player-4,29,34,23,39,player-3,player-4
84,11,19,0.07216702215373516,player-2,33,39,26,41,player-4,player-2
84,12,17,0.06754091009497643,player-1,40,42,26,45,player-1,player-1
84,13,18,0.06654183380305767,player-3,40,43,36,52,player-2,player-3
84,14,17,0.05224999040365219,player-3,40,43,43,54,player-3,player-3
84,15,19,0.0719169620424509,player-2,51,47,43,54,player-4,player-2
85,1,22,0.07016700692474842,none,4,3,5,2,player-2,none
85,2,18,0.07062498480081558,player-4,8,7,9,8,player-3,player-4
85,3,17,0.06083305925130844,player-4,10,9,12,11,player-4,player-4
85,4,19,0.06345915608108044,player-3,15,13,20,13,player-1,player-3
85,5,17,0.056999968364834785,player-2,17,16,21,14,player-2,player-2
85,6,17,0.05645886994898319,player-3,23,24,28,14,player-3,player-3
85,7,17,0.06308406591415405,player-4,26,27,33,22,player-4,player-4
85,8,18,0.055582961067557335,player-2,27,35,33,24,player-1,player-2
85,9,18,0.05712499842047691,player-3,31,40,37,26,player-2,player-3
85,10,17,0.08958391845226288,player-3,39,41,41,28,player-3,player-3
85,11,20,0.06183399818837643,player-3,41,45,48,32,player-4,player-3
85,12,18,0.07579219527542591,player-2,46,47,49,33,player-1,player-2
85,13,18,0.08112494833767414,player-3,46,49,56,35,player-2,player-3
86,1,19,0.06666709668934345,player-4,1,2,2,2,player-2,player-4
86,2,17,0.05654105916619301,player-3,4,3,6,2,player-3,player-3
86,3,17,0.0588749535381794,player-4,6,8,14,5,player-4,player-4
86,4,18,0.06520911119878292,player-2,6,11,14,6,player-1,player-2
86,5,17,0.08208397775888443,player-2,19,22,17,10,player-2,player-2
86,6,18,0.077791977673769,player-4,19,23,22,17,player-3,player-4
86,7,19,0.10366714559495449,player-2,28,23,24,19,player-4,player-2
86,8,19,0.10058400221168995,player-3,38,28,31,21,player-1,player-3
86,9,18,0.0826660543680191,player-3,39,30,33,24,player-2,player-3
86,10,17,0.0802080612629652,player-3,42,30,39,24,player-3,player-3
86,11,19,0.07879198528826237,player-2,46,36,45,28,player-4,player-2
86,12,17,0.0775421503931284,player-1,49,36,46,28,player-1,player-1
86,13,17,0.07591699250042439,player-2,50,48,49,30,player-2,player-2
86,14,17,0.059416983276605606,player-3,52,48,53,34,player-3,player-3
87,1,18,0.08629192598164082,player-1,3,2,0,3,player-4,player-1
87,2,29,0.07958314381539822,player-1,7,3,2,3,player-1,player-1
87,3,17,0.0616670586168766,player-2,13,9,2,3,player-2,player-2
87,4,19,0.07704109884798527,player-1,18,11,11,5,player-3,player-1
87,5,19,0.06825011223554611,player-2,18,12,12,6,player-4,player-2
87,6,21,0.061540864408016205,player-1,21,13,15,9,player-1,player-1
87,7,19,0.07045804522931576,player-4,23,16,17,14,player-2,player-4
87,8,18,0.06208289414644241,player-4,25,16,21,14,player-3,player-4
87,9,18,0.0700000673532486,player-1,28,16,28,15,player-4,player-1
87,10,17,0.061583006754517555,player-1,31,17,31,15,player-1,player-1
87,11,18,0.07079215720295906,player-3,35,19,43,20,player-2,player-3
87,12,17,0.07016700692474842,player-3,45,19,47,22,player-3,player-3
87,13,17,0.05850009620189667,player-4,47,19,47,25,player-4,player-4
87,14,18,0.055040931329131126,player-2,47,23,51,25,player-1,player-2
87,15,19,0.07016700692474842,player-4,51,29,57,34,player-2,player-4
88,1,17,0.07337494753301144,player-4,2,2,6,4,player-4,player-4
88,2,18,0.0797088723629713,player-2,10,4,10,5,player-1,player-2
88,3,17,0.07320800796151161,player-2,10,20,12,11,player-2,player-2
88,4,20,0.073583098128438,player-2,14,23,13,16,player-3,player-2
88,5,17,0.050541944801807404,player-4,15,25,18,20,player-4,player-4
88,6,19,0.05933293141424656,player-3,17,26,23,20,player-1,player-3
88,7,21,0.08104206062853336,player-2,29,36,33,24,player-2,player-2
88,8,28,0.07508299313485622,none,33,39,36,24,player-3,none
88,9,19,0.08016708306968212,player-2,35,49,36,28,player-4,player-2
88,10,18,0.07095816545188427,player-2,35,54,40,28,player-1,player-2
88,11,17,0.05612499080598354,player-2,39,55,41,28,player-2,player-2
88,12,17,0.07783295586705208,player-3,43,63,43,30,player-3,player-3
88,13,20,0.07029110565781593,player-3,43,63,50,31,player-4,player-3
88,14,20,0.054165953770279884,none,46,63,58,31,player-1,none
89,1,17,0.05200016312301159,player-3,0,1,8,0,player-3,player-3
89,2,20,0.0602079089730978,player-3,2,6,18,1,player-4,player-3
89,3,17,0.05766702815890312,player-1,7,7,21,4,player-1,player-1
89,4,18,0.09799981489777565,player-3,11,14,28,9,player-2,player-3
89,5,17,0.05283299833536148,player-3,11,16,36,9,player-3,player-3
89,6,19,0.07599988020956516,player-2,16,19,38,16,player-4,player-2
89,7,28,0.07266621105372906,player-4,21,21,38,24,player-1,player-4
89,8,19,0.06283284164965153,player-4,24,26,44,33,player-2,player-4
89,9,18,0.05550007335841656,player-4,26,28,50,38,player-3,player-4
89,10,19,0.0616670586168766,player-2,29,30,52,39,player-4,player-2
89,11,18,0.06966711953282356,player-2,30,41,56,46,player-1,player-2
89,12,18,0.06954092532396317,player-3,33,44,62,46,player-2,player-3
89,13,20,0.06708293221890926,player-2,36,47,65,50,player-3,player-2
90,1,18,0.061499886214733124,player-2,4,8,3,3,player-1,player-2
90,2,18,0.07120892405509949,player-3,11,14,10,4,player-2,player-3
90,3,17,0.06487499922513962,player-3,11,14,17,5,player-3,player-3
90,4,17,0.06849993951618671,player-4,18,17,22,11,player-4,player-4
90,5,17,0.07033301517367363,player-1,27,21,24,18,player-1,player-1
90,6,26,0.08050003089010715,none,32,22,28,23,player-2,none
90,7,18,0.06208289414644241,player-4,36,24,31,27,player-3,player-4
90,8,20,0.07920805364847183,player-3,37,25,38,29,player-4,player-3
90,9,17,0.07179216481745243,player-1,41,33,38,34,player-1,player-1
90,10,17,0.07370882667601109,player-2,50,42,41,39,player-2,player-2
90,11,17,0.055958982557058334,player-3,62,51,47,41,player-3,player-3
91,1,17,0.07658405229449272,player-1,11,3,12,6,player-1,player-1
91,2,17,0.04966696724295616,player-2,14,7,12,6,player-2,player-2
91,3,18,0.062000006437301636,player-4,14,9,16,9,player-3,player-4
91,4,17,0.058957841247320175,player-4,15,15,16,9,player-4,player-4
91,5,18,0.05929102189838886,player-2,19,18,20,11,player-1,player-2
91,6,18,0.06787502206861973,player-3,20,19,26,11,player-2,player-3
91,7,18,0.06545800715684891,player-4,20,21,33,12,player-3,player-4
91,8,17,0.07412489503622055,player-4,22,26,36,17,player-4,player-4
91,9,17,0.059582991525530815,player-1,30,27,45,21,player-1,player-1
91,10,20,0.06929086521267891,player-1,35,28,51,27,player-2,player-1
91,11,17,0.04333280958235264,none,35,31,55,29,player-3,none
91,12,18,0.06795814260840416,player-1,38,33,55,32,player-4,player-1
91,13,17,0.05691708065569401,player-1,42,36,62,35,player-1,player-1
92,1,18,0.05762488581240177,player-3,1,3,6,0,player-2,player-3
92,2,24,0.10220799595117569,player-2,10,12,7,1,player-3,player-2
92,3,21,0.05970802158117294,player-4,12,13,9,5,player-4,player-4
92,4,20,0.07050018757581711,player-4,16,13,16,12,player-1,player-4
92,5,17,0.05108397454023361,player-2,19,17,22,12,player-2,player-2
92,6,24,0.06816699169576168,player-2,21,25,24,15,player-3,player-2
92,7,17,0.07025012746453285,player-4,26,29,37,20,player-4,player-4
92,8,19,0.058208126574754715,player-3,28,34,43,24,player-1,player-3
92,9,17,0.07237493991851807,player-2,35,39,47,28,player-2,player-2
92,10,18,0.0724580604583025,player-4,42,40,55,30,player-3,player-4
92,11,20,0.07329112850129604,player-3,42,46,61,36,player-4,player-3
93,1,19,0.06762496195733547,player-4,0,1,0,11,player-2,player-4
93,2,17,0.04783296026289463,player-3,2,2,4,13,player-3,player-3
93,3,19,0.07029203698039055,player-2,4,6,5,16,player-4,player-2
93,4,17,0.06879097782075405,player-1,8,15,7,19,player-1,player-1
93,5,17,0.05116616375744343,player-2,10,17,7,21,player-2,player-2
93,6,17,0.07483293302357197,player-3,10,17,15,23,player-3,player-3
93,7,17,0.0702498946338892,player-4,12,22,19,29,player-4,player-4
93,8,19,0.05612499080598354,player-3,14,22,24,29,player-1,player-3
93,9,19,0.0685409177094698,player-4,22,24,27,32,player-2,player-4
93,10,17,0.07612491026520729,player-3,30,26,34,32,player-3,player-3
93,11,18,0.06262492388486862,player-1,30,26,37,33,player-4,player-1
93,12,17,0.09508384391665459,player-1,34,30,43,39,player-1,player-1
93,13,17,0.07841712795197964,player-2,38,37,46,39,player-2,player-2
93,14,18,0.07162499241530895,player-4,40,45,49,51,player-3,player-4
93,15,18,0.05391612648963928,player-1,46,48,53,52,player-4,player-1
94,1,17,0.06812508217990398,player-4,2,2,3,3,player-4,player-4
94,2,17,0.05187490023672581,player-1,8,3,4,4,player-1,player-1
94,3,20,0.07537519559264183,player-1,14,5,12,8,player-2,player-1
94,4,17,0.06754091009497643,player-3,20,6,18,12,player-3,player-3
94,5,17,0.05829194560647011,player-4,21,7,20,17,player-4,player-4
94,6,21,0.06229197606444359,player-1,29,7,23,17,player-1,player-1
94,7,18,0.05991593934595585,player-3,32,7,25,20,player-2,player-3
94,8,17,0.05470798350870609,player-3,32,11,29,26,player-3,player-3
94,9,17,0.05679088644683361,player-4,36,12,31,27,player-4,player-4
94,10,17,0.06250012665987015,player-1,41,17,35,30,player-1,player-1
94,11,17,0.05983305163681507,player-2,42,22,35,32,player-2,player-2
94,12,20,0.08229212835431099,player-2,49,39,36,45,player-3,player-2
94,13,17,0.06254203617572784,player-4,55,47,42,54,player-4,player-4
95,1,18,0.06133317947387695,player-2,5,1,0,0,player-1,player-2
95,2,24,0.08020899258553982,player-1,10,4,6,7,player-2,player-1
95,3,17,0.06225006654858589,player-3,18,12,12,11,player-3,player-3
95,4,18,0.06345799192786217,player-1,21,13,14,12,player-4,player-1
95,5,18,0.06333296187222004,player-2,29,19,17,12,player-1,player-2
95,6,17,0.061125028878450394,player-2,34,27,21,14,player-2,player-2
95,7,17,0.05629099905490875,player-3,36,29,27,17,player-3,player-3
95,8,18,0.06412481889128685,player-1,38,29,27,20,player-4,player-1
95,9,17,0.047625042498111725,player-1,39,30,31,21,player-1,player-1
95,10,20,0.05929195322096348,player-1,44,31,31,24,player-2,player-1
95,11,19,0.06583309732377529,player-1,53,32,33,26,player-3,player-1
95,12,19,0.04791701212525368,none,56,32,34,26,player-4,none
95,13,17,0.0524579081684351,player-1,58,33,38,29,player-1,player-1
95,14,17,0.06691692396998405,player-2,63,36,42,29,player-2,player-2
96,1,17,0.06250012665987015,player-4,3,5,5,5,player-4,player-4
96,2,17,0.062417006120085716,player-1,11,8,7,6,player-1,player-1
96,3,20,0.0741251278668642,player-1,14,12,11,10,player-2,player-1
96,4,17,0.09537488222122192,player-3,16,13,16,13,player-3,player-3
96,5,17,0.07312488742172718,player-4,20,13,23,14,player-4,player-4
96,6,19,0.06533297710120678,player-3,29,16,28,18,player-1,player-3
96,7,17,0.06333296187222004,player-2,37,24,30,22,player-2,player-2
96,8,17,0.048459041863679886,none,37,25,35,27,player-3,none
96,9,17,0.06208289414644241,player-4,42,25,39,33,player-4,player-4
96,10,17,0.07729209028184414,player-1,53,29,42,35,player-1,player-1
96,11,17,0.05770893767476082,player-2,54,32,43,36,player-2,player-2
96,12,18,0.0743749551475048,player-4,54,34,43,46,player-3,player-4
96,13,17,0.05983398295938969,player-4,58,37,45,51,player-4,player-4
97,1,17,0.05904096178710461,player-1,5,0,1,1,player-1,player-1
97,2,17,0.07595797069370747,player-2,13,4,1,4,player-2,player-2
97,3,17,0.05725002847611904,player-3,15,4,4,6,player-3,player-3
97,4,18,0.05145813338458538,player-1,22,6,4,6,player-4,player-1
97,5,17,0.07462501525878906,player-1,27,7,4,6,player-1,player-1
97,6,25,0.08120806887745857,none,28,11,10,12,player-2,none
97,7,18,0.10595889762043953,player-4,30,12,17,17,player-3,player-4
97,8,17,0.07175002247095108,player-4,33,16,20,20,player-4,player-4
97,9,19,0.07808394730091095,player-3,42,16,25,23,player-1,player-3
97,10,17,0.0741251278668642,player-2,46,24,26,28,player-2,player-2
97,11,19,0.06612506695091724,player-1,53,29,28,30,player-3,player-1
97,12,27,0.1015830785036087,player-2,53,36,32,36,player-4,player-2
97,13,17,0.057791825383901596,player-1,64,37,33,39,player-1,player-1
97,14,17,0.0666249543428421,player-2,72,45,37,39,player-2,player-2
98,1,17,0.0844169408082962,player-3,2,3,7,6,player-3,player-3
98,2,17,0.06812484934926033,player-4,5,3,15,13,player-4,player-4
98,3,24,0.07833284325897694,none,13,12,19,13,player-1,none
98,4,17,0.07995893247425556,player-2,18,22,22,16,player-2,player-2
98,5,17,0.07154210470616817,player-3,21,22,34,16,player-3,player-3
98,6,19,0.0612910371273756,player-2,24,24,34,18,player-4,player-2
98,7,18,0.05787494592368603,player-2,27,28,37,19,player-1,player-2
98,8,17,0.09041698649525642,player-2,31,33,42,21,player-2,player-2
98,9,20,0.08620787411928177,player-2,34,39,44,24,player-3,player-2
98,10,19,0.0874160323292017,player-2,38,41,52,35,player-4,player-2
98,11,17,0.07333396933972836,player-1,45,45,59,40,player-1,player-1
99,1,21,0.08291704580187798,player-3,1,2,6,3,player-3,player-3
99,2,17,0.06054108962416649,player-4,6,9,10,11,player-4,player-4
99,3,19,0.0743749551475048,player-3,8,15,12,13,player-1,player-3
99,4,24,0.06274995394051075,player-1,19,16,14,15,player-2,player-1
99,5,19,0.07287506014108658,player-1,28,16,20,15,player-3,player-1
99,6,19,0.0638752244412899,player-2,31,20,23,21,player-4,player-2
99,7,17,0.060957856476306915,player-1,33,24,26,21,player-1,player-1
99,8,18,0.05966704338788986,player-3,35,25,36,23,player-2,player-3
99,9,17,0.07175002247095108,player-3,44,25,46,23,player-3,player-3
99,10,17,0.06324984133243561,player-4,48,26,48,27,player-4,player-4
99,11,20,0.07029110565781593,player-4,49,28,50,31,player-1,player-4
99,12,20,0.07095909677445889,player-1,55,29,52,34,player-2,player-1
100,1,17,0.04866695962846279,player-1,5,0,0,2,player-1,player-1
100,2,17,0.059750163927674294,player-2,7,17,8,11,player-2,player-2
100,3,20,0.07704203017055988,player-2,10,21,9,13,player-3,player-2
100,4,17,0.057582976296544075,player-4,14,23,14,16,player-4,player-4
100,5,18,0.056541990488767624,player-2,18,25,14,23,player-1,player-2
100,6,24,0.06824987940490246,none,20,28,18,25,player-2,none
100,7,17,0.07712491787970066,player-3,28,28,22,28,player-3,player-3
100,8,17,0.06462517194449902,player-4,29,36,22,38,player-4,player-4
100,9,19,0.08058315142989159,player-3,34,38,26,40,player-1,player-3
100,10,17,0.06812508217990398,player-2,41,46,26,40,player-2,player-2
100,11,20,0.060916878283023834,player-2,45,46,30,46,player-3,player-2
100,12,19,0.06504100747406483,player-2,49,53,31,48,player-4,player-2
101,1,18,0.06145820952951908,player-2,3,5,1,1,player-1,player-2
101,2,17,0.06604217924177647,player-2,6,13,3,5,player-2,player-2
101,3,22,0.08066697046160698,player-4,6,15,9,6,player-3,player-4
101,4,22,0.06995908915996552,player-1,7,18,13,7,player-4,player-1
101,5,19,0.08458294905722141,player-3,10,18,21,16,player-1,player-3
101,6,19,0.07545785047113895,player-4,12,19,27,20,player-2,player-4
101,7,18,0.07091602310538292,player-4,19,30,31,23,player-3,player-4
101,8,20,0.07037492468953133,player-3,22,37,32,29,player-4,player-3
101,9,17,0.08462485857307911,player-1,33,39,46,30,player-1,player-1
101,10,18,0.0789170153439045,player-3,36,43,57,31,player-2,player-3
101,11,20,0.07395795546472073,player-2,45,50,59,32,player-3,player-2
102,1,18,0.08487515151500702,player-2,2,3,0,2,player-1,player-2
102,2,21,0.08079106919467449,player-2,4,7,1,3,player-2,player-2
102,3,17,0.05508307367563248,player-3,4,7,3,3,player-3,player-3
102,4,26,0.08820882067084312,player-1,16,10,8,11,player-4,player-1
102,5,19,0.063000014051795,player-3,16,11,14,16,player-1,player-3
102,6,17,0.05666702054440975,player-2,22,17,23,19,player-2,player-2
102,7,24,0.06495905108749866,none,22,19,23,20,player-3,none
102,8,21,0.06666709668934345,player-4,22,31,28,28,player-4,player-4
102,9,17,0.0574158038944006,player-1,28,32,28,31,player-1,player-1
102,10,19,0.0643748790025711,player-4,34,38,37,31,player-2,player-4
102,11,20,0.0757498200982809,player-2,35,45,41,39,player-3,player-2
102,12,17,0.07641618140041828,player-4,40,45,41,42,player-4,player-4
102,13,22,0.09933416731655598,player-2,47,53,49,46,player-1,player-2
102,14,17,0.059208134189248085,player-2,50,58,50,48,player-2,player-2
103,1,20,0.06916699931025505,player-2,10,8,2,0,player-3,player-2
103,2,17,0.053541967645287514,player-4,13,8,4,10,player-4,player-4
103,3,17,0.048666028305888176,player-1,16,8,5,13,player-1,player-1
103,4,17,0.0737910158932209,player-2,19,15,10,14,player-2,player-2
103,5,17,0.0599580816924572,player-3,22,18,15,18,player-3,player-3
103,6,17,0.059459125623106956,player-4,25,19,18,25,player-4,player-4
103,7,21,0.0785409938544035,player-1,36,26,26,30,player-1,player-1
103,8,24,0.06370805203914642,player-1,41,28,29,30,player-2,player-1
103,9,17,0.07166690193116665,player-3,49,34,42,31,player-3,player-3
103,10,18,0.07070810534060001,player-1,52,40,42,36,player-4,player-1
103,11,17,0.06350013427436352,player-1,59,40,53,36,player-1,player-1
104,1,25,0.08287513628602028,player-4,4,0,6,3,player-4,player-4
104,2,21,0.09179185144603252,player-1,13,2,15,4,player-1,player-1
104,3,17,0.07454096339643002,player-2,21,13,21,9,player-2,player-2
104,4,24,0.07524993270635605,player-2,23,19,22,15,player-3,player-2
104,5,17,0.0541249755769968,player-4,26,22,25,19,player-4,player-4
104,6,19,0.062000006437301636,player-3,30,25,38,21,player-1,player-3
104,7,19,0.07200008258223534,player-4,30,25,43,35,player-2,player-4
104,8,19,0.09525008499622345,player-1,44,34,50,47,player-3,player-1
104,9,18,0.06449990905821323,player-1,54,34,52,51,player-4,player-1
105,1,18,0.06445799954235554,player-2,5,5,7,1,player-1,player-2
105,2,20,0.0701660756021738,player-1,8,10,16,6,player-2,player-1
105,3,17,0.06983312778174877,player-3,9,12,30,11,player-3,player-3
105,4,20,0.08804211392998695,player-3,17,24,42,16,player-4,player-3
105,5,17,0.05487492308020592,player-1,21,24,49,18,player-1,player-1
105,6,20,0.07770792581140995,player-1,27,32,50,32,player-2,player-1
105,7,33,0.07845903746783733,player-3,30,36,57,36,player-3,player-3
105,8,18,0.06225006654858589,player-1,36,41,60,38,player-4,player-1
105,9,19,0.061416998505592346,player-3,41,47,60,38,player-1,player-3
106,1,18,0.0686252024024725,player-4,2,3,1,3,player-3,player-4
106,2,17,0.06191595457494259,player-4,6,5,3,5,player-4,player-4
106,3,17,0.06912508979439735,player-1,15,5,4,7,player-1,player-1
106,4,18,0.06179208867251873,player-3,18,6,4,10,player-2,player-3
106,5,17,0.04841596819460392,player-3,21,6,8,13,player-3,player-3
106,6,17,0.055625103414058685,player-4,21,7,13,16,player-4,player-4
106,7,17,0.04829093813896179,player-1,30,8,16,18,player-1,player-1
106,8,17,0.052916817367076874,player-2,31,10,16,19,player-2,player-2
106,9,17,0.07866695523262024,player-3,36,13,19,24,player-3,player-3
106,10,20,0.06170780397951603,player-3,37,17,20,25,player-4,player-3
106,11,17,0.08720788173377514,player-1,39,21,24,27,player-1,player-1
106,12,24,0.08754199370741844,none,44,32,27,30,player-2,none
106,13,17,0.0768748577684164,player-3,48,43,30,33,player-3,player-3
106,14,18,0.07379194721579552,player-1,51,49,31,33,player-4,player-1
106,15,27,0.07004081271588802,player-3,55,49,38,34,player-1,player-3
106,16,21,0.06487499922513962,player-2,59,54,40,35,player-2,player-2
106,17,20,0.07583317346870899,player-2,64,60,47,39,player-3,player-2
107,1,22,0.09083305485546589,player-2,3,6,4,0,player-1,player-2
107,2,19,0.07295887917280197,player-4,5,8,5,11,player-2,player-4
107,3,21,0.07737497799098492,player-3,9,9,11,14,player-3,player-3
107,4,18,0.08662487380206585,player-1,13,14,11,16,player-4,player-1
107,5,17,0.06983312778174877,player-1,21,14,13,24,player-1,player-1
107,6,17,0.06179092451930046,player-2,26,24,13,29,player-2,player-2
107,7,18,0.08091609925031662,player-4,28,26,22,31,player-3,player-4
107,8,17,0.05591707304120064,player-4,33,28,24,34,player-4,player-4
107,9,21,0.06904196925461292,player-1,38,29,29,38,player-1,player-1
107,10,19,0.07766694761812687,player-4,47,29,33,48,player-2,player-4
107,11,17,0.06191711872816086,player-3,50,37,34,58,player-3,player-3
107,12,21,0.06108288653194904,player-4,51,40,37,66,player-4,player-4
108,1,17,0.05670799873769283,player-4,1,1,3,11,player-4,player-4
108,2,17,0.0752920750528574,player-1,10,1,6,12,player-1,player-1
108,3,17,0.051541952416300774,player-2,16,4,12,12,player-2,player-2
108,4,20,0.06720796227455139,player-2,17,11,15,13,player-3,player-2
108,5,18,0.07204199209809303,player-1,18,13,22,17,player-4,player-1
108,6,18,0.06104097701609135,player-2,24,17,25,17,player-1,player-2
108,7,20,0.0791249331086874,player-1,28,18,26,24,player-2,player-1
108,8,18,0.06612506695091724,player-4,30,20,28,30,player-3,player-4
108,9,17,0.08041691035032272,player-4,32,25,28,35,player-4,player-4
108,10,17,0.07758382707834244,player-1,43,30,36,35,player-1,player-1
108,11,17,0.06420793943107128,player-2,52,32,37,40,player-2,player-2
108,12,17,0.06474996916949749,player-3,62,39,41,43,player-3,player-3
109,1,17,0.06970809772610664,player-2,6,7,2,2,player-2,player-2
109,2,17,0.06783287972211838,player-3,11,7,5,3,player-3,player-3
109,3,17,0.06591691635549068,player-4,14,16,10,7,player-4,player-4
109,4,18,0.08562486618757248,player-2,21,20,14,14,player-1,player-2
109,5,20,0.08333404548466206,player-1,26,27,15,26,player-2,player-1
109,6,17,0.08108420297503471,player-3,38,29,21,34,player-3,player-3
109,7,17,0.08516688831150532,player-4,42,34,31,41,player-4,player-4
109,8,17,0.06649992428719997,player-1,51,35,31,45,player-1,player-1
109,9,17,0.06979098543524742,player-2,60,38,39,47,player-2,player-2
109,10,20,0.07537496276199818,player-2,62,44,41,48,player-3,player-2
110,1,17,0.06091594696044922,player-2,0,12,1,0,player-2,player-2
110,2,17,0.06620795466005802,player-3,0,20,4,3,player-3,player-3
110,3,29,0.09041605517268181,none,0,22,9,8,player-4,none
110,4,17,0.06758398376405239,player-1,4,22,13,10,player-1,player-1
110,5,17,0.05249981768429279,player-2,7,22,17,12,player-2,player-2
110,6,36,0.12745801359415054,player-2,22,24,20,13,player-3,player-2
110,7,17,0.060959020629525185,player-4,25,30,22,18,player-4,player-4
110,8,17,0.09016692638397217,player-1,31,33,24,20,player-1,player-1
110,9,22,0.09708292782306671,player-3,31,41,26,27,player-2,player-3
110,10,17,0.08954107761383057,player-3,35,50,29,33,player-3,player-3
110,11,18,0.07037492468953133,player-1,37,51,32,35,player-4,player-1
110,12,18,0.06449990905821323,player-2,46,62,39,39,player-1,player-2
111,1,18,0.07004197686910629,player-3,4,7,1,4,player-2,player-3
111,2,19,0.05324999801814556,player-1,11,9,2,8,player-3,player-1
111,3,17,0.06795907393097878,player-4,18,13,6,15,player-4,player-4
111,4,17,0.06724987179040909,player-1,21,16,17,17,player-1,player-1
111,5,17,0.07170881144702435,player-2,25,19,21,26,player-2,player-2
111,6,17,0.058042118325829506,player-3,28,19,26,30,player-3,player-3
111,7,17,0.05866680294275284,player-4,32,22,32,32,player-4,player-4
111,8,17,0.061167171224951744,player-1,41,22,32,37,player-1,player-1
111,9,20,0.08050003089010715,player-1,41,26,34,45,player-2,player-1
111,10,17,0.061042141169309616,player-3,44,31,38,47,player-3,player-3
111,11,17,0.04549999721348286,player-4,50,31,40,48,player-4,player-4
111,12,18,0.0594588927924633,player-2,52,35,44,48,player-1,player-2
111,13,20,0.08812500163912773,player-1,64,39,57,48,player-2,player-1
112,1,19,0.08654198609292507,player-3,3,10,1,0,player-1,player-3
112,2,17,0.0566248781979084,player-2,3,13,4,2,player-2,player-2
112,3,17,0.06970786489546299,player-3,10,19,7,5,player-3,player-3
112,4,25,0.08324999362230301,player-4,22,20,14,11,player-4,player-4
112,5,18,0.05791708827018738,player-2,27,24,16,12,player-1,player-2
112,6,29,0.12216693721711636,player-2,51,24,19,23,player-2,player-2
112,7,17,0.06687501445412636,player-3,51,24,25,28,player-3,player-3
112,8,18,0.05929102189838886,player-1,53,25,25,31,player-4,player-1
112,9,17,0.06779213435947895,player-1,57,27,27,33,player-1,player-1
112,10,21,0.08874991908669472,player-2,68,35,29,39,player-2,player-2
112,11,18,0.08679088205099106,player-4,72,37,33,50,player-3,player-4
113,1,17,0.061957864090800285,player-3,6,7,0,5,player-3,player-3
113,2,17,0.06008311174809933,player-4,9,9,3,10,player-4,player-4
113,3,21,0.08425000123679638,player-1,19,12,10,15,player-1,player-1
113,4,17,0.0791249331086874,player-2,19,30,12,28,player-2,player-2
113,5,19,0.0588330440223217,player-1,22,31,13,31,player-3,player-1
113,6,17,0.07787486538290977,player-4,22,33,20,40,player-4,player-4
113,7,17,0.05925004370510578,player-1,24,37,24,43,player-1,player-1
113,8,17,0.06820796988904476,player-2,25,43,25,46,player-2,player-2
113,9,25,0.07375003769993782,player-3,25,46,27,46,player-3,player-3
113,10,18,0.056625111028552055,player-1,29,48,29,48,player-4,player-1
113,11,19,0.06470899097621441,player-3,34,50,35,50,player-1,player-3
114,1,17,0.06145797669887543,player-1,6,2,3,1,player-1,player-1
114,2,18,0.05212496034801006,player-3,7,5,6,3,player-2,player-3
114,3,20,0.06449990905821323,player-2,11,9,7,7,player-3,player-2
114,4,18,0.046791043132543564,player-1,16,10,8,7,player-4,player-1
114,5,17,0.0654999166727066,player-1,23,12,8,11,player-1,player-1
114,6,17,0.08166697807610035,player-2,29,18,12,14,player-2,player-2
114,7,17,0.11862511746585369,player-3,29,21,18,17,player-3,player-3
114,8,30,0.10024989023804665,player-1,33,25,19,19,player-4,player-1
114,9,21,0.07708393968641758,player-1,36,25,26,22,player-1,player-1
114,10,17,0.06162491627037525,player-2,38,28,30,27,player-2,player-2
114,11,19,0.0789170153439045,player-1,42,36,33,36,player-3,player-1
114,12,30,0.09062513709068298,player-1,47,40,39,42,player-4,player-1
114,13,17,0.06279093213379383,player-1,49,43,40,45,player-1,player-1
114,14,17,0.05666702054440975,player-2,51,46,47,52,player-2,player-2
114,15,27,0.0844169408082962,player-1,52,46,48,60,player-3,player-1
115,1,25,0.07758289575576782,none,0,5,0,3,player-4,none
115,2,17,0.06304099224507809,player-1,7,5,4,3,player-1,player-1
115,3,18,0.053042080253362656,player-3,10,5,7,5,player-2,player-3
115,4,20,0.061957864090800285,player-2,14,6,8,7,player-3,player-2
115,5,22,0.0660829246044159,none,16,10,10,9,player-4,none
115,6,20,0.09179208427667618,player-4,16,13,11,15,player-1,player-4
115,7,17,0.08008396252989769,player-2,18,23,11,19,player-2,player-2
115,8,19,0.08420785889029503,player-1,24,30,12,21,player-3,player-1
115,9,25,0.08870800957083702,player-4,26,36,17,24,player-4,player-4
115,10,17,0.06370805203914642,player-1,29,38,24,26,player-1,player-1
115,11,17,0.05612499080598354,player-2,31,39,32,30,player-2,player-2
115,12,20,0.07458403706550598,player-2,32,45,37,31,player-3,player-2
115,13,29,0.07941713556647301,player-4,34,47,45,38,player-4,player-4
115,14,17,0.05729100666940212,player-1,37,48,45,39,player-1,player-1
115,15,17,0.061042141169309616,player-2,41,54,58,41,player-2,player-2
115,16,17,0.06225006654858589,player-3,44,59,65,43,player-3,player-3
116,1,18,0.07429090328514576,player-3,9,4,3,2,player-2,player-3
116,2,17,0.07170811295509338,player-3,9,7,6,5,player-3,player-3
116,3,19,0.09741703979671001,player-2,14,15,17,5,player-4,player-2
116,4,20,0.08429214358329773,player-4,21,17,21,11,player-1,player-4
116,5,17,0.06800005212426186,player-2,29,25,24,11,player-2,player-2
116,6,33,0.08183298632502556,none,29,28,27,12,player-3,none
116,7,18,0.069082947447896,player-1,36,30,30,18,player-4,player-1
116,8,23,0.08549983613193035,player-3,36,32,33,25,player-1,player-3
116,9,20,0.05375011824071407,none,40,35,34,25,player-2,none
116,10,17,0.05850009620189667,player-3,40,35,37,30,player-3,player-3
116,11,19,0.04937499761581421,player-2,44,38,37,32,player-4,player-2
116,12,19,0.05608308129012585,player-3,47,39,41,33,player-1,player-3
116,13,18,0.07095909677445889,player-3,49,47,43,34,player-2,player-3
116,14,17,0.053582945838570595,player-3,49,48,45,38,player-3,player-3
116,15,17,0.053208088502287865,player-4,49,48,46,43,player-4,player-4
116,16,17,0.04983297549188137,player-1,56,48,51,44,player-1,player-1
117,1,17,0.05024997517466545,player-3,5,2,7,0,player-3,player-3
117,2,21,0.062166014686226845,none,9,2,13,2,player-4,none
117,3,21,0.06962521001696587,player-1,11,6,14,6,player-1,player-1
117,4,17,0.077791977673769,player-2,11,12,22,11,player-2,player-2
117,5,18,0.07049995474517345,player-4,12,19,27,14,player-3,player-4
117,6,19,0.0727078877389431,player-2,15,23,27,17,player-4,player-2
117,7,17,0.071333022788167,player-1,24,25,34,19,player-1,player-1
117,8,17,0.06204098463058472,player-2,33,27,35,21,player-2,player-2
117,9,18,0.06849993951618671,player-4,35,29,42,23,player-3,player-4
117,10,17,0.062374863773584366,player-4,35,33,48,28,player-4,player-4
117,11,17,0.05366699770092964,player-1,38,33,51,30,player-1,player-1
117,12,18,0.056791817769408226,player-3,39,37,55,32,player-2,player-3
117,13,18,0.06150011904537678,player-4,44,39,58,32,player-3,player-4
118,1,18,0.07616588845849037,player-3,2,8,8,6,player-2,player-3
118,2,17,0.06737490184605122,player-3,2,9,10,9,player-3,player-3
118,3,23,0.06025005131959915,none,2,16,10,11,player-4,none
118,4,20,0.07137516513466835,player-4,4,18,11,14,player-1,player-4
118,5,18,0.07487507537007332,player-3,10,22,18,16,player-2,player-3
118,6,20,0.09433296509087086,player-2,11,28,21,18,player-3,player-2
118,7,17,0.05274987779557705,player-4,11,32,23,20,player-4,player-4
118,8,17,0.05441717803478241,player-1,19,33,24,25,player-1,player-1
118,9,18,0.07750000804662704,player-3,23,38,29,28,player-2,player-3
118,10,17,0.054999953135848045,player-3,25,41,33,32,player-3,player-3
118,11,17,0.05712499842047691,player-4,28,43,37,34,player-4,player-4
118,12,17,0.05091610364615917,player-1,34,45,40,36,player-1,player-1
118,13,17,0.06579188629984856,player-2,39,56,40,44,player-2,player-2
119,1,17,0.05841604433953762,player-1,1,6,5,6,player-1,player-1
119,2,17,0.09041605517268181,player-2,8,12,9,9,player-2,player-2
119,3,17,0.07016700692474842,player-3,10,16,17,12,player-3,player-3
119,4,17,0.05854107439517975,player-4,13,18,19,17,player-4,player-4
119,5,21,0.07475004531443119,player-1,19,18,24,20,player-1,player-1
119,6,20,0.06841705180704594,player-1,32,19,24,23,player-2,player-1
119,7,17,0.053042080253362656,player-3,37,19,30,23,player-3,player-3
119,8,17,0.07587485015392303,player-4,40,26,32,27,player-4,player-4
119,9,17,0.056374818086624146,player-1,49,28,34,30,player-1,player-1
119,10,17,0.05970895290374756,player-2,54,39,39,30,player-2,player-2
119,11,19,0.0599580816924572,player-1,64,44,39,35,player-3,player-1
120,1,27,0.08745887316763401,none,7,0,6,9,player-2,none
120,2,18,0.05937507376074791,player-4,12,0,14,13,player-3,player-4
120,3,18,0.0624579843133688,player-1,17,3,18,13,player-4,player-1
120,4,17,0.0538327731192112,player-1,22,11,22,15,player-1,player-1
120,5,17,0.06904196925461292,player-2,30,14,22,21,player-2,player-2
120,6,19,0.065250089392066,player-1,33,19,25,22,player-3,player-1
120,7,17,0.06504100747406483,player-4,40,19,30,29,player-4,player-4
120,8,22,0.06825011223554611,player-2,44,30,33,35,player-1,player-2
120,9,17,0.07283291779458523,player-2,45,33,39,38,player-2,player-2
120,10,17,0.062499893829226494,player-3,48,34,45,39,player-3,player-3
120,11,18,0.06629200652241707,player-1,54,39,52,40,player-4,player-1
121,1,17,0.08216593414545059,player-2,10,2,0,4,player-2,player-2
121,2,17,0.06658397614955902,player-3,14,5,5,5,player-3,player-3
121,3,18,0.05408399738371372,player-1,20,11,12,5,player-4,player-1
121,4,17,0.06620795466005802,player-1,22,13,12,10,player-1,player-1
121,5,18,0.07004197686910629,player-3,23,19,16,19,player-2,player-3
121,6,19,0.05233311094343662,none,28,22,19,20,player-3,none
121,7,17,0.0524159986525774,player-4,30,23,23,22,player-4,player-4
121,8,21,0.07654190994799137,player-1,36,23,24,28,player-1,player-1
121,9,18,0.08195801638066769,player-3,46,23,26,30,player-2,player-3
121,10,18,0.06508291698992252,player-4,46,25,28,32,player-3,player-4
121,11,24,0.08233310654759407,player-3,46,28,28,36,player-4,player-3
121,12,17,0.053999945521354675,player-1,53,34,28,41,player-1,player-1
121,13,21,0.06804103031754494,player-2,55,41,31,49,player-2,player-2
121,14,18,0.05745794624090195,player-4,59,43,32,56,player-3,player-4
121,15,18,0.07187505252659321,player-1,61,43,32,58,player-4,player-1
122,1,18,0.06575020961463451,player-3,1,0,2,7,player-2,player-3
122,2,17,0.0913750845938921,player-3,4,4,12,10,player-3,player-3
122,3,18,0.0752920750528574,player-1,13,6,18,11,player-4,player-1
122,4,17,0.06291712634265423,player-1,14,8,24,12,player-1,player-1
122,5,17,0.05991710349917412,player-2,20,10,30,16,player-2,player-2
122,6,17,0.08870894089341164,player-3,23,12,37,19,player-3,player-3
122,7,17,0.0890830997377634,player-4,29,16,41,27,player-4,player-4
122,8,17,0.06612483412027359,player-1,31,23,41,33,player-1,player-1
122,9,17,0.05891593173146248,player-2,32,29,44,33,player-2,player-2
122,10,18,0.0654999166727066,player-4,35,34,44,35,player-3,player-4
122,11,18,0.059582991525530815,player-1,41,40,50,35,player-4,player-1
122,12,18,0.0577080063521862,player-2,41,51,50,38,player-1,player-2
122,13,19,0.05595805123448372,player-4,43,53,51,44,player-2,player-4
122,14,17,0.06145797669887543,player-3,45,55,62,49,player-3,player-3
123,1,17,0.05608308129012585,player-4,0,4,3,3,player-4,player-4
123,2,17,0.055833952501416206,player-1,8,4,3,4,player-1,player-1
123,3,18,0.07633306086063385,player-3,18,13,11,9,player-2,player-3
123,4,25,0.10024989023804665,player-3,30,15,19,10,player-3,player-3
123,5,18,0.08275010623037815,player-1,34,19,21,10,player-4,player-1
123,6,17,0.06458396092057228,player-1,38,23,21,18,player-1,player-1
123,7,18,0.07329205982387066,player-3,38,27,30,22,player-2,player-3
123,8,18,0.05591707304120064,player-4,38,31,37,27,player-3,player-4
123,9,17,0.06670900620520115,player-4,46,35,37,35,player-4,player-4
123,10,17,0.05804188549518585,player-1,49,35,39,35,player-1,player-1
123,11,21,0.07200008258223534,player-2,55,38,40,35,player-2,player-2
123,12,18,0.08766679093241692,player-4,61,43,45,39,player-3,player-4
124,1,17,0.06700004450976849,player-3,5,3,3,1,player-3,player-3
124,2,19,0.07512490265071392,player-2,13,8,8,1,player-4,player-2
124,3,19,0.09929202497005463,player-3,25,17,27,7,player-1,player-3
124,4,17,0.06550014950335026,player-2,34,22,32,9,player-2,player-2
124,5,18,0.07183407433331013,player-4,34,28,38,12,player-3,player-4
124,6,19,0.054833944886922836,player-2,37,36,40,16,player-4,player-2
124,7,21,0.06654206663370132,player-1,41,39,43,19,player-1,player-1
124,8,17,0.08937506936490536,player-2,43,51,43,26,player-2,player-2
124,9,17,0.0613329466432333,player-3,43,51,45,28,player-3,player-3
124,10,17,0.06195809692144394,player-4,47,52,49,36,player-4,player-4
124,11,18,0.07012509740889072,player-2,50,57,52,38,player-1,player-2
125,1,18,0.07291696965694427,player-1,0,5,8,0,player-4,player-1
125,2,19,0.06154109723865986,player-3,1,9,15,0,player-1,player-3
125,3,25,0.08270819671452045,player-2,7,18,20,14,player-2,player-2
125,4,17,0.05433312617242336,player-3,9,19,29,14,player-3,player-3
125,5,17,0.061042141169309616,player-4,11,19,31,19,player-4,player-4
125,6,20,0.0655418261885643,player-4,13,22,37,24,player-1,player-4
125,7,20,0.07712515071034431,player-1,16,25,37,31,player-2,player-1
125,8,17,0.07470790296792984,player-3,23,29,41,35,player-3,player-3
125,9,17,0.0841671135276556,player-4,25,32,45,40,player-4,player-4
125,10,17,0.06729201413691044,player-1,29,36,52,40,player-1,player-1
125,11,19,0.07141591049730778,player-4,29,38,57,46,player-2,player-4
125,12,17,0.06787502206861973,player-3,36,39,61,49,player-3,player-3
125,13,21,0.06837514229118824,player-4,40,41,64,50,player-4,player-4
126,1,19,0.0738748349249363,player-1,4,0,1,6,player-3,player-1
126,2,20,0.054165953770279884,none,4,2,3,7,player-4,none
126,3,19,0.06345892325043678,player-3,8,8,7,14,player-1,player-3
126,4,17,0.06554205901920795,player-2,11,11,9,18,player-2,player-2
126,5,17,0.07895892485976219,player-3,16,13,21,22,player-3,player-3
126,6,24,0.10229204781353474,player-3,24,17,30,27,player-4,player-3
126,7,19,0.06862496957182884,player-3,24,22,32,32,player-1,player-3
126,8,17,0.07170788012444973,player-2,29,35,40,38,player-2,player-2
126,9,17,0.06500002928078175,player-3,32,37,42,42,player-3,player-3
126,10,17,0.07983390241861343,player-4,36,38,46,47,player-4,player-4
126,11,17,0.05858391523361206,player-1,38,44,54,49,player-1,player-1
126,12,17,0.061583006754517555,player-2,41,50,55,49,player-2,player-2
126,13,20,0.07179216481745243,player-2,45,57,62,53,player-3,player-2
127,1,17,0.054208096116781235,player-2,2,1,2,1,player-2,player-2
127,2,17,0.06145797669887543,player-3,10,3,5,4,player-3,player-3
127,3,17,0.06954208947718143,player-4,14,5,8,8,player-4,player-4
127,4,20,0.0649578869342804,player-4,16,13,8,13,player-1,player-4
127,5,17,0.07875007577240467,player-2,21,24,10,22,player-2,player-2
127,6,17,0.08608284406363964,player-3,24,29,14,28,player-3,player-3
127,7,20,0.06270804442465305,player-3,25,34,16,30,player-4,player-3
127,8,17,0.057833967730402946,player-1,27,37,19,37,player-1,player-1
127,9,17,0.05420902743935585,player-2,30,40,20,41,player-2,player-2
127,10,17,0.05516619421541691,player-3,32,42,27,45,player-3,player-3
127,11,17,0.08591590449213982,player-4,34,46,36,47,player-4,player-4
127,12,17,0.06508291698992252,player-1,36,47,38,51,player-1,player-1
127,13,20,0.06520794704556465,player-1,41,50,40,59,player-2,player-1
128,1,19,0.09245797991752625,player-2,5,8,1,4,player-4,player-2
128,2,17,0.06520794704556465,player-1,8,11,4,4,player-1,player-1
128,3,17,0.063000014051795,player-2,16,11,7,7,player-2,player-2
128,4,19,0.06183306686580181,player-1,22,12,11,9,player-3,player-1
128,5,18,0.05520787090063095,player-1,25,12,14,11,player-4,player-1
128,6,17,0.0635830219835043,player-1,37,14,16,17,player-1,player-1
128,7,18,0.06524985656142235,player-3,45,19,23,21,player-2,player-3
128,8,17,0.05516689270734787,player-3,45,23,27,21,player-3,player-3
128,9,17,0.06437511183321476,player-4,45,25,34,21,player-4,player-4
128,10,19,0.07683387957513332,player-3,52,26,41,24,player-1,player-3
128,11,18,0.07575005292892456,player-3,66,39,42,29,player-2,player-3
129,1,19,0.06441702134907246,player-4,5,4,3,11,player-2,player-4
129,2,22,0.07787509821355343,player-4,7,7,13,16,player-3,player-4
129,3,20,0.06570783443748951,player-3,10,15,15,16,player-4,player-3
129,4,17,0.07037492468953133,player-1,16,19,20,19,player-1,player-1
129,5,20,0.06995908915996552,player-1,20,22,23,21,player-2,player-1
129,6,17,0.06037508137524128,player-3,21,25,31,23,player-3,player-3
129,7,17,0.06962497718632221,player-4,23,28,36,35,player-4,player-4
129,8,22,0.07745902985334396,player-2,23,31,36,36,player-1,player-2
129,9,17,0.05216686986386776,player-2,27,38,38,38,player-2,player-2
129,10,18,0.06337487138807774,player-4,30,40,39,41,player-3,player-4
129,11,19,0.07995800115168095,player-2,34,49,42,46,player-4,player-2
129,12,23,0.07833307608962059,player-3,39,54,45,50,player-1,player-3
130,1,17,0.0767088495194912,player-3,2,4,2,2,player-3,player-3
130,2,19,0.060957856476306915,player-2,4,9,7,5,player-4,player-2
130,3,17,0.05158316344022751,player-1,4,11,10,6,player-1,player-1
130,4,18,0.07091718725860119,player-3,8,20,11,6,player-2,player-3
130,5,26,0.06866594776511192,player-4,12,23,13,7,player-3,player-4
130,6,19,0.07949979044497013,player-2,17,30,18,14,player-4,player-2
130,7,17,0.06716698408126831,player-1,27,30,20,14,player-1,player-1
130,8,28,0.07816590368747711,player-1,32,35,21,16,player-2,player-1
130,9,17,0.07758312858641148,player-3,44,35,27,21,player-3,player-3
130,10,17,0.07116678170859814,player-4,45,39,29,28,player-4,player-4
130,11,17,0.05470821633934975,player-1,60,40,31,29,player-1,player-1
130,12,18,0.057459110394120216,player-3,61,42,33,31,player-2,player-3
130,13,20,0.07329205982387066,player-2,68,47,40,34,player-3,player-2
131,1,17,0.06866711191833019,player-3,5,4,5,2,player-3,player-3
131,2,17,0.062125036492943764,player-4,12,5,10,5,player-4,player-4
131,3,34,0.09812484495341778,player-2,15,8,10,6,player-1,player-2
131,4,22,0.08750008419156075,player-3,22,12,12,15,player-2,player-3
131,5,17,0.06633391603827477,player-3,24,21,20,15,player-3,player-3
131,6,17,0.06400002166628838,player-4,27,23,21,24,player-4,player-4
131,7,18,0.07812492549419403,player-2,33,24,25,29,player-1,player-2
131,8,17,0.07287506014108658,player-2,35,29,25,31,player-2,player-2
131,9,17,0.06612483412027359,player-3,41,34,29,38,player-3,player-3
131,10,20,0.06616604514420033,none,41,43,37,44,player-4,none
131,11,17,0.07062498480081558,player-1,46,43,40,47,player-1,player-1
131,12,19,0.06562494672834873,player-4,48,46,44,55,player-2,player-4
132,1,17,0.06066705100238323,player-1,3,0,2,4,player-1,player-1
132,2,18,0.057040946558117867,player-3,6,4,7,4,player-2,player-3
132,3,22,0.0599161721765995,player-4,11,4,12,7,player-3,player-4
132,4,18,0.07533282041549683,player-1,12,8,14,15,player-4,player-1
132,5,22,0.0788751058280468,player-2,15,14,16,20,player-1,player-2
132,6,17,0.05874992348253727,player-2,16,22,23,23,player-2,player-2
132,7,17,0.051165930926799774,player-3,18,24,26,25,player-3,player-3
132,8,18,0.07216585800051689,player-1,19,27,33,28,player-4,player-1
132,9,18,0.06849993951618671,player-2,19,33,33,31,player-1,player-2
132,10,17,0.058625126257538795,player-2,21,37,36,33,player-2,player-2
132,11,18,0.05187490023672581,player-4,24,39,41,34,player-3,player-4
132,12,31,0.09400001727044582,player-2,29,42,53,34,player-4,player-2
132,13,17,0.07241591811180115,player-1,32,42,53,36,player-1,player-1
132,14,18,0.06945803761482239,player-3,37,47,57,38,player-2,player-3
132,15,18,0.059999991208314896,player-4,39,47,61,40,player-3,player-4
133,1,20,0.06954208947718143,player-2,1,13,2,10,player-3,player-2
133,2,27,0.08625001646578312,player-2,6,16,8,14,player-4,player-2
133,3,17,0.04900014027953148,player-1,8,20,11,16,player-1,player-1
133,4,20,0.08599995635449886,player-1,10,22,14,21,player-2,player-1
133,5,18,0.057791825383901596,player-4,12,24,20,30,player-3,player-4
133,6,19,0.0592090655118227,player-2,17,26,20,33,player-4,player-2
133,7,23,0.07816706784069538,player-3,20,32,25,36,player-1,player-3
133,8,17,0.06954208947718143,player-2,20,35,30,48,player-2,player-2
133,9,18,0.05449983291327953,player-4,22,38,30,54,player-3,player-4
133,10,18,0.0666249543428421,player-1,31,40,33,58,player-4,player-1
133,11,19,0.0666249543428421,player-3,33,44,39,61,player-1,player-3
134,1,20,0.07241708226501942,player-3,0,2,6,2,player-4,player-3
134,2,18,0.06379210390150547,player-2,6,7,11,5,player-1,player-2
134,3,17,0.0624579843133688,player-2,10,14,11,12,player-2,player-2
134,4,17,0.06291712634265423,player-3,14,16,16,12,player-3,player-3
134,5,24,0.07704203017055988,player-3,14,18,20,13,player-4,player-3
134,6,18,0.05962490104138851,player-2,19,22,22,15,player-1,player-2
134,7,20,0.07229205220937729,player-1,25,28,27,17,player-2,player-1
134,8,17,0.04837499000132084,player-3,28,28,31,17,player-3,player-3
134,9,20,0.06629200652241707,player-3,28,30,38,25,player-4,player-3
134,10,19,0.0849161297082901,player-3,36,35,48,26,player-1,player-3
134,11,21,0.09479094296693802,player-2,47,42,52,26,player-2,player-2
134,12,19,0.07654097862541676,player-1,59,46,62,30,player-3,player-1
135,1,18,0.06741681136190891,player-4,3,1,1,3,player-3,player-4
135,2,18,0.14650006778538227,none,12,5,5,11,player-4,none
135,3,17,0.06979191675782204,player-1,24,5,10,13,player-1,player-1
135,4,18,0.07204199209809303,player-3,30,12,14,16,player-2,player-3
135,5,19,0.06704195402562618,player-1,36,17,15,22,player-3,player-1
135,6,17,0.06125005893409252,player-4,39,21,15,25,player-4,player-4
135,7,15,0.03654207102954388,none,41,21,20,26,player-1,none
135,8,17,0.063000014051795,player-2,41,26,23,31,player-2,player-2
135,9,19,0.063000014051795,player-1,47,28,28,33,player-3,player-1
135,10,17,0.0577499158680439,player-4,54,31,31,39,player-4,player-4
135,11,23,0.06395811215043068,player-3,55,31,35,45,player-1,player-3
135,12,20,0.069082947447896,player-1,68,34,43,49,player-2,player-1
136,1,17,0.057374825701117516,player-3,0,4,6,3,player-3,player-3
136,2,17,0.05825003609061241,player-4,1,7,11,5,player-4,player-4
136,3,20,0.07083290256559849,player-4,7,9,17,6,player-1,player-4
136,4,20,0.0683339312672615,player-1,18,9,19,10,player-2,player-1
136,5,18,0.05425000563263893,player-4,19,16,20,12,player-3,player-4
136,6,17,0.056374818086624146,player-4,23,19,24,15,player-4,player-4
136,7,17,0.06091594696044922,player-1,33,29,24,15,player-1,player-1
136,8,17,0.06808293983340263,player-2,38,38,24,18,player-2,player-2
136,9,17,0.054541975259780884,player-3,43,43,28,20,player-3,player-3
136,10,17,0.053541967645287514,player-4,43,45,37,26,player-4,player-4
136,11,17,0.0783340074121952,player-1,57,48,50,26,player-1,player-1
137,1,17,0.058416975662112236,player-2,2,3,0,7,player-2,player-2
137,2,17,0.058499863371253014,player-3,7,11,5,12,player-3,player-3
137,3,18,0.06341608241200447,player-1,8,17,8,13,player-4,player-1
137,4,17,0.06074993871152401,player-1,13,19,8,19,player-1,player-1
137,5,17,0.059416983276605606,player-2,16,23,8,25,player-2,player-2
137,6,24,0.08629192598164082,player-2,18,26,13,33,player-3,player-2
137,7,18,0.05920790135860443,player-1,20,30,13,34,player-4,player-1
137,8,18,0.06558280438184738,player-2,21,31,14,38,player-1,player-2
137,9,18,0.053833937272429466,player-3,22,35,22,44,player-2,player-3
137,10,18,0.06229104474186897,player-4,22,38,28,47,player-3,player-4
137,11,19,0.04533282481133938,none,25,40,31,48,player-4,none
137,12,18,0.07004104554653168,player-2,25,43,38,49,player-1,player-2
137,13,20,0.059165991842746735,player-1,32,44,41,52,player-2,player-1
137,14,17,0.058916863054037094,player-3,37,45,43,56,player-3,player-3
138,1,18,0.06866711191833019,player-1,2,8,1,1,player-4,player-1
138,2,17,0.05587493069469929,player-1,4,9,2,5,player-1,player-1
138,3,17,0.05379202775657177,player-2,10,12,4,8,player-2,player-2
138,4,21,0.06283307448029518,player-3,13,12,10,9,player-3,player-3
138,5,19,0.04866695962846279,none,13,15,17,10,player-4,none
138,6,17,0.051042065024375916,player-1,18,18,17,11,player-1,player-1
138,7,18,0.05287514068186283,player-3,18,19,22,18,player-2,player-3
138,8,17,0.07870793342590332,player-3,22,25,24,21,player-3,player-3
138,9,17,0.06450014188885689,player-4,28,28,24,24,player-4,player-4
138,10,17,0.06320886313915253,player-1,36,33,27,29,player-1,player-1
138,11,17,0.06308290176093578,player-2,40,42,29,34,player-2,player-2
138,12,20,0.06258301436901093,player-2,40,50,29,41,player-3,player-2
138,13,21,0.0766669400036335,player-4,48,53,33,53,player-4,player-4
139,1,17,0.059625133872032166,player-4,2,2,2,5,player-4,player-4
139,2,19,0.0741670373827219,player-3,3,2,10,8,player-1,player-3
139,3,18,0.05400017835199833,player-3,9,5,12,9,player-2,player-3
139,4,17,0.04654191434383392,player-3,11,6,19,11,player-3,player-3
139,5,17,0.04454189911484718,none,14,6,19,11,player-4,none
139,6,19,0.06637489423155785,player-3,20,9,24,13,player-1,player-3
139,7,17,0.050042057409882545,player-2,21,13,25,16,player-2,player-2
139,8,30,0.09175017476081848,player-4,30,13,28,17,player-3,player-4
139,9,18,0.061959028244018555,player-1,33,15,30,19,player-4,player-1
139,10,17,0.06474996916949749,player-1,35,17,33,27,player-1,player-1
139,11,17,0.08233310654759407,player-2,38,21,33,31,player-2,player-2
139,12,18,0.05487492308020592,player-4,39,22,33,35,player-3,player-4
139,13,19,0.0675420742481947,player-2,41,25,34,39,player-4,player-2
139,14,18,0.07429183460772038,player-2,48,32,38,43,player-1,player-2
139,15,19,0.07429206743836403,player-4,50,38,41,50,player-2,player-4
139,16,18,0.0674158800393343,player-4,52,39,48,50,player-3,player-4
140,1,17,0.05674990825355053,player-1,8,1,0,3,player-1,player-1
140,2,18,0.07291603833436966,player-3,13,3,10,3,player-2,player-3
140,3,17,0.08004205301404,player-3,21,9,17,6,player-3,player-3
140,4,17,0.04966696724295616,player-4,22,14,17,21,player-4,player-4
140,5,17,0.06070802919566631,player-1,31,14,22,22,player-1,player-1
140,6,19,0.07141707465052605,player-4,32,17,27,33,player-2,player-4
140,7,19,0.10966695845127106,player-1,35,25,36,39,player-3,player-1
140,8,17,0.07066689431667328,player-4,35,25,37,46,player-4,player-4
140,9,18,0.08187489584088326,player-2,39,29,42,48,player-1,player-2
140,10,17,0.056916847825050354,player-2,45,33,43,50,player-2,player-2
140,11,19,0.0866251066327095,player-1,48,36,51,60,player-3,player-1
140,12,17,0.07604202255606651,player-4,49,42,55,62,player-4,player-4
141,1,20,0.08016685023903847,player-1,7,4,2,3,player-2,player-1
141,2,18,0.06908318027853966,player-4,12,12,10,9,player-3,player-4
141,3,19,0.06841705180704594,player-2,13,14,13,12,player-4,player-2
141,4,17,0.08337502367794514,player-1,18,16,18,14,player-1,player-1
141,5,18,0.06900005973875523,player-3,20,19,20,17,player-2,player-3
141,6,18,0.05666702054440975,player-4,21,22,22,27,player-3,player-4
141,7,31,0.1085831318050623,player-2,27,23,26,29,player-4,player-2
141,8,18,0.06654206663370132,player-2,29,26,28,30,player-1,player-2
141,9,18,0.06045796908438206,player-3,31,29,29,33,player-2,player-3
141,10,17,0.049416907131671906,player-3,31,31,37,33,player-3,player-3
141,11,17,0.07004104554653168,player-4,33,40,44,41,player-4,player-4
141,12,18,0.07850001566112041,player-2,33,43,46,45,player-1,player-2
141,13,17,0.09112502448260784,player-2,35,52,52,55,player-2,player-2
142,1,18,0.06566708907485008,player-1,3,7,3,1,player-4,player-1
142,2,20,0.07750000804662704,player-4,13,11,8,5,player-1,player-4
142,3,18,0.07612514309585094,player-3,16,11,22,11,player-2,player-3
142,4,18,0.08112494833767414,player-4,22,13,23,15,player-3,player-4
142,5,17,0.05870894528925419,player-4,22,21,27,19,player-4,player-4
142,6,17,0.04979199729859829,player-1,26,25,27,21,player-1,player-1
142,7,20,0.11195801198482513,player-1,37,28,38,27,player-2,player-1
142,8,25,0.08654198609292507,none,37,29,38,30,player-3,none
142,9,17,0.06666709668934345,player-4,40,32,41,31,player-4,player-4
142,10,18,0.06354204379022121,player-2,43,39,46,34,player-1,player-2
142,11,22,0.07733283564448357,player-3,43,41,52,37,player-2,player-3
142,12,18,0.057999975979328156,player-4,46,44,52,40,player-3,player-4
142,13,17,0.05970895290374756,player-4,49,47,55,44,player-4,player-4
143,1,17,0.05741720087826252,player-4,1,3,4,2,player-4,player-4
143,2,22,0.07954193279147148,player-2,2,6,11,2,player-1,player-2
143,3,17,0.06433413363993168,player-2,2,9,12,8,player-2,player-2
143,4,28,0.07770908996462822,player-2,3,10,14,9,player-3,player-2
143,5,17,0.06225006654858589,player-4,3,12,18,14,player-4,player-4
143,6,21,0.06433320231735706,player-1,8,12,21,19,player-1,player-1
143,7,17,0.08895806968212128,player-2,13,15,23,21,player-2,player-2
143,8,17,0.07616612128913403,player-3,18,19,35,26,player-3,player-3
143,9,17,0.05250005051493645,player-4,18,22,36,32,player-4,player-4
143,10,20,0.09766686707735062,player-4,23,22,46,38,player-1,player-4
143,11,17,0.05150004290044308,player-2,25,31,48,38,player-2,player-2
143,12,25,0.08504185825586319,player-3,33,31,54,43,player-3,player-3
143,13,22,0.06558396853506565,player-1,38,31,54,50,player-4,player-1
143,14,17,0.04975008778274059,player-1,43,31,58,51,player-1,player-1
144,1,17,0.06949994713068008,player-1,9,0,4,0,player-1,player-1
144,2,17,0.06283307448029518,player-2,16,3,9,2,player-2,player-2
144,3,19,0.06574997678399086,player-1,25,5,15,13,player-3,player-1
144,4,18,0.06508384831249714,player-1,29,6,21,15,player-4,player-1
144,5,18,0.06404216401278973,player-2,33,11,24,18,player-1,player-2
144,6,17,0.05858391523361206,player-2,38,14,26,20,player-2,player-2
144,7,20,0.058459118008613586,player-2,40,19,29,24,player-3,player-2
144,8,18,0.07366691716015339,player-1,45,21,34,28,player-4,player-1
144,9,18,0.05783303640782833,player-2,47,22,36,29,player-1,player-2
144,10,18,0.08154194802045822,player-3,55,28,39,40,player-2,player-3
144,11,23,0.06704195402562618,player-1,56,29,40,42,player-3,player-1
144,12,19,0.08583301678299904,player-2,62,41,49,56,player-4,player-2
145,1,18,0.0592090655118227,player-3,1,3,2,4,player-2,player-3
145,2,20,0.06266613490879536,player-2,3,10,9,4,player-3,player-2
145,3,17,0.05916692316532135,player-4,5,16,14,8,player-4,player-4
145,4,17,0.06354204379022121,player-1,12,17,19,10,player-1,player-1
145,5,19,0.06654090248048306,player-4,12,21,33,16,player-2,player-4
145,6,19,0.07929210551083088,player-1,19,23,34,17,player-3,player-1
145,7,19,0.06495905108749866,player-2,21,29,34,21,player-4,player-2
145,8,18,0.059416983276605606,player-2,21,37,34,24,player-1,player-2
145,9,17,0.048999907448887825,player-2,25,45,37,24,player-2,player-2
145,10,17,0.062000006437301636,player-3,25,54,43,28,player-3,player-3
145,11,23,0.07229112088680267,player-2,26,60,46,39,player-4,player-2
145,12,21,0.0669590663164854,player-1,35,63,46,44,player-1,player-1
146,1,19,0.07433397695422173,player-1,4,5,6,1,player-3,player-1
146,2,23,0.06745802238583565,player-2,5,5,9,3,player-4,player-2
146,3,17,0.0702079851180315,player-1,14,6,11,5,player-1,player-1
146,4,17,0.06558303721249104,player-2,14,10,19,8,player-2,player-2
146,5,17,0.07075001485645771,player-3,16,10,21,9,player-3,player-3
146,6,21,0.06183399818837643,player-4,16,21,21,14,player-4,player-4
146,7,35,0.09450013749301434,none,20,25,23,18,player-1,none
146,8,20,0.06674998439848423,player-1,24,28,27,23,player-2,player-1
146,9,19,0.055541982874274254,player-1,29,33,28,25,player-3,player-1
146,10,22,0.08637504652142525,player-1,34,35,29,30,player-4,player-1
146,11,18,0.06966711953282356,player-2,38,40,31,36,player-1,player-2
146,12,18,0.05974993109703064,player-3,40,49,35,36,player-2,player-3
146,13,21,0.0652919989079237,player-3,41,53,39,38,player-3,player-3
146,14,18,0.06479094736278057,player-1,46,55,41,41,player-4,player-1
146,15,17,0.06741704419255257,player-1,47,62,41,45,player-1,player-1
147,1,17,0.05566701292991638,player-1,4,3,2,4,player-1,player-1
147,2,23,0.05650008097290993,none,8,5,2,10,player-2,none
147,3,23,0.07683387957513332,player-1,15,9,7,15,player-3,player-1
147,4,19,0.06874999962747097,player-2,18,11,9,18,player-4,player-2
147,5,17,0.05024997517466545,player-1,21,11,12,18,player-1,player-1
147,6,20,0.07237493991851807,player-1,25,17,15,22,player-2,player-1
147,7,17,0.06570899859070778,player-3,31,21,25,22,player-3,player-3
147,8,17,0.0719169620424509,player-4,33,24,26,27,player-4,player-4
147,9,18,0.07237517274916172,player-2,36,31,28,30,player-1,player-2
147,10,17,0.06654183380305767,player-2,37,39,33,37,player-2,player-2
147,11,18,0.05850009620189667,player-4,39,40,33,43,player-3,player-4
147,12,18,0.05512498319149017,player-1,45,45,34,43,player-4,player-1
147,13,17,0.07175002247095108,player-1,52,51,46,51,player-1,player-1
148,1,17,0.05174987018108368,player-3,1,1,10,0,player-3,player-3
148,2,18,0.0802918802946806,player-1,4,3,15,3,player-4,player-1
148,3,18,0.059999991208314896,player-2,8,7,15,5,player-1,player-2
148,4,28,0.07287506014108658,none,11,11,15,11,player-2,none
148,5,19,0.06820820271968842,player-1,16,11,18,12,player-3,player-1
148,6,19,0.07404107600450516,player-2,16,16,24,17,player-4,player-2
148,7,18,0.05370914004743099,player-2,17,25,24,19,player-1,player-2
148,8,17,0.05270820111036301,player-2,17,27,27,27,player-2,player-2
148,9,17,0.05608308129012585,player-3,19,31,30,32,player-3,player-3
148,10,17,0.050582922995090485,player-4,19,33,31,34,player-4,player-4
148,11,17,0.05866680294275284,player-1,23,36,31,36,player-1,player-1
148,12,19,0.058042118325829506,player-4,25,38,35,44,player-2,player-4
148,13,18,0.06749993190169334,player-4,32,43,37,48,player-3,player-4
148,14,20,0.05895807407796383,player-3,33,45,39,48,player-4,player-3
148,15,17,0.05633290857076645,player-1,37,46,42,49,player-1,player-1
148,16,20,0.07529184222221375,player-1,54,50,47,57,player-2,player-1
149,1,17,0.06258301436901093,player-4,2,4,5,5,player-4,player-4
149,2,17,0.06295903585851192,player-1,5,8,5,9,player-1,player-1
149,3,17,0.06720819510519505,player-2,19,14,12,13,player-2,player-2
149,4,20,0.0779998954385519,player-2,23,20,12,15,player-3,player-2
149,5,32,0.0955001451075077,none,24,26,21,27,player-4,none
149,6,21,0.061791855841875076,player-1,25,26,24,32,player-1,player-1
149,7,20,0.06895791739225388,player-1,31,31,27,39,player-2,player-1
149,8,17,0.05766702815890312,player-3,31,32,32,42,player-3,player-3
149,9,19,0.05600019358098507,player-2,32,43,32,48,player-4,player-2
149,10,17,0.08475012145936489,player-1,41,45,36,52,player-1,player-1
149,11,25,0.07145805284380913,player-2,42,48,42,53,player-2,player-2
150,1,18,0.1099579967558384,player-1,5,0,1,4,player-4,player-1
150,2,20,0.07554213516414165,player-4,10,6,9,6,player-1,player-4
150,3,28,0.08829217404127121,none,19,14,13,8,player-2,none
150,4,20,0.0738748349249363,player-2,26,20,20,8,player-3,player-2
150,5,17,0.05916692316532135,player-4,29,22,26,10,player-4,player-4
150,6,18,0.055459095165133476,player-2,32,26,28,16,player-1,player-2
150,7,19,0.06895908154547215,player-4,34,29,28,19,player-2,player-4
150,8,26,0.08966680616140366,player-4,41,32,34,31,player-3,player-4
150,9,19,0.07195910438895226,player-2,46,40,40,33,player-4,player-2
150,10,20,0.077415956184268,player-4,50,43,49,40,player-1,player-4
150,11,17,0.08199992589652538,player-2,55,47,55,41,player-2,player-2
151,1,17,0.09616697207093239,player-4,5,4,2,10,player-4,player-4
151,2,17,0.04891585558652878,player-1,9,5,2,10,player-1,player-1
151,3,18,0.06029196083545685,player-3,9,7,6,12,player-2,player-3
151,4,34,0.0813330989331007,player-4,13,7,8,14,player-3,player-4
151,5,18,0.07595797069370747,player-1,16,16,10,18,player-4,player-1
151,6,19,0.06866594776511192,player-3,22,18,17,19,player-1,player-3
151,7,18,0.05470798350870609,player-3,23,22,19,24,player-2,player-3
151,8,24,0.06849993951618671,player-2,24,22,24,24,player-3,player-2
151,9,19,0.06924988701939583,player-2,27,31,27,27,player-4,player-2
151,10,17,0.07258285768330097,player-1,32,33,28,28,player-1,player-1
151,11,17,0.056916847825050354,player-2,36,39,31,30,player-2,player-2
151,12,19,0.0627920962870121,player-1,40,47,31,42,player-3,player-1
151,13,28,0.0782911665737629,player-3,44,52,39,43,player-4,player-3
151,14,17,0.06745802238583565,player-1,49,52,45,48,player-1,player-1
152,1,17,0.06462493911385536,player-4,2,7,2,2,player-4,player-4
152,2,19,0.058374833315610886,player-3,8,8,6,3,player-1,player-3
152,3,27,0.0741251278668642,player-4,12,16,6,18,player-2,player-4
152,4,23,0.09433296509087086,player-1,18,21,15,21,player-3,player-1
152,5,18,0.06808293983340263,player-1,27,23,19,21,player-4,player-1
152,6,20,0.05587493069469929,player-4,31,23,19,26,player-1,player-4
152,7,17,0.07200008258223534,player-2,36,25,19,30,player-2,player-2
152,8,19,0.07145805284380913,player-1,42,25,22,30,player-3,player-1
152,9,17,0.07770792581140995,player-4,46,29,29,34,player-4,player-4
152,10,22,0.05770917050540447,none,52,31,30,34,player-1,none
152,11,19,0.09158393368124962,player-4,56,33,36,35,player-2,player-4
152,12,17,0.06087520159780979,player-3,57,39,42,37,player-3,player-3
152,13,18,0.07624994032084942,player-1,58,41,47,41,player-4,player-1
153,1,18,0.05283299833536148,player-1,6,0,0,3,player-4,player-1
153,2,17,0.06874999962747097,player-1,11,0,3,5,player-1,player-1
153,3,22,0.08374988101422787,player-3,14,2,8,9,player-2,player-3
153,4,17,0.07904204539954662,player-3,16,4,17,11,player-3,player-3
153,5,17,0.057916855439543724,player-4,18,4,21,22,player-4,player-4
153,6,19,0.07912516593933105,player-3,20,9,23,25,player-1,player-3
153,7,20,0.06458302959799767,player-1,24,12,26,33,player-2,player-1
153,8,25,0.08291681297123432,player-3,27,14,34,34,player-3,player-3
153,9,17,0.0713749323040247,player-4,28,14,44,36,player-4,player-4
153,10,18,0.0641250517219305,player-2,32,20,51,40,player-1,player-2
153,11,18,0.07379218004643917,player-3,32,21,59,45,player-2,player-3
153,12,18,0.09583402425050735,player-4,42,28,64,52,player-3,player-4
154,1,18,0.07491698488593102,player-4,2,5,3,8,player-3,player-4
154,2,19,0.06104097701609135,player-2,2,11,6,10,player-4,player-2
154,3,18,0.05220901221036911,player-2,3,13,6,10,player-1,player-2
154,4,20,0.07312512025237083,player-1,7,16,12,13,player-2,player-1
154,5,26,0.07466692477464676,none,8,18,13,18,player-3,none
154,6,19,0.0610831193625927,player-2,8,23,15,18,player-4,player-2
154,7,18,0.07083406671881676,player-2,9,28,17,21,player-1,player-2
154,8,25,0.07900013588368893,player-2,9,38,19,22,player-2,player-2
154,9,17,0.0701660756021738,player-3,9,40,22,29,player-3,player-3
154,10,18,0.067500164732337,player-1,13,42,26,31,player-4,player-1
154,11,18,0.06470899097621441,player-2,16,48,28,37,player-1,player-2
154,12,18,0.054208096116781235,player-3,24,51,36,37,player-2,player-3
154,13,18,0.06145797669887543,player-4,24,52,38,38,player-3,player-4
154,14,22,0.06345799192786217,none,24,57,39,39,player-4,none
154,15,18,0.0677919015288353,player-2,28,61,43,43,player-1,player-2
155,1,22,0.07204199209809303,player-2,3,7,0,2,player-1,player-2
155,2,17,0.08779182098805904,player-2,8,10,5,4,player-2,player-2
155,3,18,0.0599580816924572,player-4,10,13,9,6,player-3,player-4
155,4,17,0.0639590434730053,player-4,10,13,9,10,player-4,player-4
155,5,17,0.06066705100238323,player-1,13,13,15,11,player-1,player-1
155,6,17,0.056540826335549355,player-2,13,15,17,15,player-2,player-2
155,7,19,0.06816699169576168,player-1,16,21,20,19,player-3,player-1
155,8,18,0.06220908835530281,player-1,17,26,20,29,player-4,player-1
155,9,18,0.06066705100238323,player-2,19,36,20,34,player-1,player-2
155,10,26,0.09641610085964203,player-3,21,39,28,40,player-2,player-3
155,11,20,0.08733407594263554,player-2,26,52,31,47,player-3,player-2
155,12,18,0.08312496356666088,player-1,29,60,33,52,player-4,player-1
156,1,17,0.05725002847611904,player-2,1,5,1,3,player-2,player-2
156,2,17,0.06329198367893696,player-3,3,8,5,7,player-3,player-3
156,3,19,0.07575005292892456,player-2,6,13,8,10,player-4,player-2
156,4,20,0.0662908423691988,player-4,10,13,11,16,player-1,player-4
156,5,17,0.05387491546571255,player-2,13,14,14,17,player-2,player-2
156,6,22,0.07141707465052605,player-4,17,14,16,20,player-3,player-4
156,7,17,0.06895908154547215,player-4,24,22,26,20,player-4,player-4
156,8,21,0.07141707465052605,player-1,31,25,30,23,player-1,player-1
156,9,19,0.05787494592368603,player-4,31,28,31,28,player-2,player-4
156,10,23,0.07408391684293747,player-1,32,33,35,32,player-3,player-1
156,11,17,0.06404099985957146,player-4,33,42,42,42,player-4,player-4
156,12,17,0.06495881825685501,player-1,36,46,44,45,player-1,player-1
156,13,18,0.05391612648963928,player-3,37,48,45,45,player-2,player-3
156,14,17,0.06287498399615288,player-3,41,51,47,46,player-3,player-3
156,15,17,0.052042072638869286,player-4,41,52,48,55,player-4,player-4
157,1,18,0.07149996235966682,player-2,1,4,4,7,player-1,player-2
157,2,18,0.06070919334888458,player-3,2,10,5,10,player-2,player-3
157,3,17,0.048416201025247574,player-3,4,11,7,11,player-3,player-3
157,4,18,0.06795907393097878,player-1,5,13,10,16,player-4,player-1
157,5,19,0.07083406671881676,player-3,9,13,16,16,player-1,player-3
157,6,18,0.08758413605391979,player-3,18,15,23,17,player-2,player-3
157,7,17,0.09245797991752625,player-3,23,23,30,21,player-3,player-3
157,8,17,0.06320816464722157,player-4,27,23,34,31,player-4,player-4
157,9,17,0.06374996155500412,player-1,31,23,38,37,player-1,player-1
157,10,17,0.0517088919878006,player-2,34,29,39,37,player-2,player-2
157,11,17,0.05570799112319946,player-3,36,34,42,42,player-3,player-3
157,12,19,0.07220916450023651,player-2,40,40,46,47,player-4,player-2
157,13,18,0.049541937187314034,player-2,44,40,48,50,player-1,player-2
157,14,18,0.0724999699741602,player-3,44,40,53,53,player-2,player-3
157,15,18,0.06400002166628838,player-4,44,42,58,58,player-3,player-4
158,1,23,0.0741670373827219,player-3,0,3,5,3,player-1,player-3
158,2,17,0.057625118643045425,player-2,4,6,10,4,player-2,player-2
158,3,17,0.07349997758865356,player-3,8,6,15,7,player-3,player-3
158,4,20,0.07041706703603268,player-3,19,11,23,18,player-4,player-3
158,5,19,0.058959005400538445,player-3,22,14,28,22,player-1,player-3
158,6,19,0.06979191675782204,player-4,29,16,33,25,player-2,player-4
158,7,18,0.07287506014108658,player-4,33,27,34,42,player-3,player-4
158,8,17,0.053582945838570595,player-4,35,33,39,45,player-4,player-4
158,9,17,0.06720796227455139,player-1,43,37,45,49,player-1,player-1
158,10,17,0.052999937906861305,player-2,45,39,45,50,player-2,player-2
158,11,17,0.055625103414058685,player-3,46,41,50,52,player-3,player-3
158,12,18,0.060999998822808266,player-1,49,41,56,52,player-4,player-1
159,1,17,0.06483285687863827,player-4,3,0,1,12,player-4,player-4
159,2,24,0.08929101750254631,player-4,6,11,4,21,player-1,player-4
159,3,24,0.07029110565781593,player-1,22,17,7,21,player-2,player-1
159,4,17,0.06891717202961445,player-3,23,20,11,21,player-3,player-3
159,5,17,0.055459095165133476,player-4,25,23,11,24,player-4,player-4
159,6,17,0.0677499920129776,player-1,25,27,14,24,player-1,player-1
159,7,24,0.11245813220739365,none,29,30,18,30,player-2,none
159,8,17,0.07220893166959286,player-3,33,32,24,33,player-3,player-3
159,9,17,0.05845795385539532,player-4,34,35,30,36,player-4,player-4
159,10,17,0.06791693158447742,player-1,40,42,40,36,player-1,player-1
159,11,20,0.07233396172523499,player-1,48,43,43,36,player-2,player-1
159,12,17,0.05345791578292847,player-3,48,45,45,37,player-3,player-3
159,13,20,0.07233396172523499,player-3,52,45,53,44,player-4,player-3
160,1,18,0.06416719406843185,player-3,10,0,2,7,player-2,player-3
160,2,17,0.06574997678399086,player-3,15,3,7,8,player-3,player-3
160,3,17,0.06616581231355667,player-4,21,3,10,12,player-4,player-4
160,4,18,0.06070802919566631,player-2,26,7,15,15,player-1,player-2
160,5,18,0.09737489745020866,player-3,32,8,20,19,player-2,player-3
160,6,18,0.0628340058028698,player-4,34,8,24,22,player-3,player-4
160,7,17,0.06574997678399086,player-4,38,15,24,27,player-4,player-4
160,8,18,0.07162499241530895,player-2,48,19,28,29,player-1,player-2
160,9,17,0.07304083555936813,player-2,50,21,30,31,player-2,player-2
160,10,19,0.055999960750341415,player-1,53,23,35,35,player-3,player-1
160,11,20,0.07133395411074162,player-3,56,26,40,40,player-4,player-3
160,12,17,0.06908387877047062,player-1,58,28,44,41,player-1,player-1
161,1,17,0.0612910371273756,player-3,2,4,3,2,player-3,player-3
161,2,24,0.05733314901590347,none,2,4,8,6,player-4,none
161,3,19,0.0563750509172678,player-3,3,6,13,7,player-1,player-3
161,4,17,0.06541702896356583,player-2,6,10,21,10,player-2,player-2
161,5,17,0.06579188629984856,player-3,15,15,34,18,player-3,player-3
161,6,17,0.06495905108749866,player-4,19,16,37,21,player-4,player-4
161,7,17,0.06025005131959915,player-1,26,16,39,23,player-1,player-1
161,8,20,0.06766594015061855,player-1,30,25,42,32,player-2,player-1
161,9,21,0.07587508298456669,player-3,32,27,50,38,player-3,player-3
161,10,18,0.060374848544597626,player-1,38,30,58,39,player-4,player-1
161,11,18,0.07341592572629452,player-2,45,36,60,39,player-1,player-2
162,1,31,0.08299993351101875,player-3,1,0,6,3,player-1,player-3
162,2,18,0.07279100827872753,player-3,3,1,12,6,player-2,player-3
162,3,20,0.07966696284711361,player-2,6,4,19,8,player-3,player-2
162,4,19,0.0665830448269844,player-2,11,9,22,9,player-4,player-2
162,5,19,0.06324984133243561,player-3,13,9,23,12,player-1,player-3
162,6,20,0.06975000724196434,player-1,17,12,26,14,player-2,player-1
162,7,20,0.062374863773584366,player-2,17,20,30,14,player-3,player-2
162,8,17,0.07304106839001179,player-4,20,25,32,19,player-4,player-4
162,9,20,0.06466591730713844,player-4,23,27,33,19,player-1,player-4
162,10,17,0.09583402425050735,player-2,23,29,34,20,player-2,player-2
162,11,17,0.06008404307067394,player-3,23,34,45,26,player-3,player-3
162,12,17,0.06174994632601738,player-4,30,39,45,30,player-4,player-4
162,13,20,0.059999991208314896,player-4,31,41,47,33,player-1,player-4
162,14,17,0.07720896974205971,player-2,31,55,60,33,player-2,player-2
162,15,17,0.06225006654858589,player-3,32,60,67,33,player-3,player-3
162,16,18,0.05979207344353199,player-1,37,64,67,37,player-4,player-1
163,1,17,0.0665830448269844,player-4,3,4,4,5,player-4,player-4
163,2,18,0.0705840066075325,player-2,8,10,9,16,player-1,player-2
163,3,17,0.06625009700655937,player-2,22,13,15,20,player-2,player-2
163,4,18,0.04137493669986725,none,24,15,17,25,player-3,none
163,5,17,0.06720796227455139,player-4,27,19,19,33,player-4,player-4
163,6,21,0.07333396933972836,player-1,34,23,22,38,player-1,player-1
163,7,17,0.05916692316532135,player-2,35,32,30,40,player-2,player-2
163,8,17,0.05129189230501652,player-3,39,38,38,42,player-3,player-3
163,9,17,0.06195809692144394,player-4,42,38,40,44,player-4,player-4
163,10,17,0.07316702976822853,player-1,51,39,43,46,player-1,player-1
163,11,17,0.0874579418450594,player-2,56,42,43,48,player-2,player-2
163,12,24,0.08224998600780964,player-2,61,46,47,48,player-3,player-2
164,1,17,0.07954100146889687,player-1,7,6,5,4,player-1,player-1
164,2,18,0.06979098543524742,player-3,12,13,6,7,player-2,player-3
164,3,18,0.06266706623136997,player-4,18,14,13,12,player-3,player-4
164,4,17,0.05775014869868755,player-4,18,18,20,12,player-4,player-4
164,5,18,0.06266706623136997,player-2,20,26,23,21,player-1,player-2
164,6,20,0.06816699169576168,player-1,21,28,25,24,player-2,player-1
164,7,18,0.06408407352864742,player-4,23,35,27,27,player-3,player-4
164,8,17,0.07637497037649155,player-4,25,35,32,31,player-4,player-4
164,9,17,0.06491690874099731,player-1,35,35,41,31,player-1,player-1
164,10,21,0.06645801477134228,player-2,41,40,45,32,player-2,player-2
164,11,21,0.07841596379876137,player-3,42,42,53,32,player-3,player-3
164,12,17,0.06124982610344887,player-4,43,42,54,33,player-4,player-4
164,13,20,0.05891616456210613,player-4,46,45,58,43,player-1,player-4
165,1,17,0.06612483412027359,player-3,1,7,13,2,player-3,player-3
165,2,17,0.06779213435947895,player-4,9,9,15,4,player-4,player-4
165,3,20,0.10633282363414764,player-4,18,12,22,9,player-1,player-4
165,4,17,0.053666066378355026,player-2,18,20,24,13,player-2,player-2
165,5,17,0.047791050747036934,player-3,19,22,27,13,player-3,player-3
165,6,17,0.06520794704556465,player-4,21,30,30,15,player-4,player-4
165,7,17,0.060999998822808266,player-1,27,32,37,19,player-1,player-1
165,8,17,0.07616705261170864,player-2,30,38,37,21,player-2,player-2
165,9,23,0.09458302520215511,player-1,46,39,40,25,player-3,player-1
165,10,19,0.07454212754964828,player-2,48,44,43,34,player-4,player-2
165,11,17,0.0743749551475048,player-1,54,44,49,38,player-1,player-1
166,1,21,0.0789170153439045,player-3,2,2,9,3,player-3,player-3
166,2,18,0.07683387957513332,player-1,8,4,18,3,player-4,player-1
166,3,17,0.06533297710120678,player-1,21,4,18,3,player-1,player-1
166,4,20,0.077791977673769,player-1,27,5,20,5,player-2,player-1
166,5,26,0.06874999962747097,player-4,28,7,21,8,player-3,player-4
166,6,18,0.05175010301172733,player-1,31,8,22,9,player-4,player-1
166,7,17,0.08604186587035656,player-1,42,16,25,11,player-1,player-1
166,8,18,0.07225014269351959,player-3,45,20,32,14,player-2,player-3
166,9,18,0.05908310413360596,player-4,48,25,37,19,player-3,player-4
166,10,17,0.06808317266404629,player-4,48,27,42,22,player-4,player-4
166,11,19,0.06066705100238323,player-3,50,31,52,24,player-1,player-3
167,1,18,0.0749160535633564,player-4,1,7,1,3,player-3,player-4
167,2,19,0.09583309292793274,player-2,3,8,2,9,player-4,player-2
167,3,17,0.05987496115267277,player-1,5,8,3,12,player-1,player-1
167,4,18,0.05512498319149017,player-3,10,9,7,12,player-2,player-3
167,5,18,0.049208058044314384,none,10,10,7,17,player-3,none
167,6,17,0.07766694761812687,player-4,11,10,17,20,player-4,player-4
167,7,20,0.08770800195634365,player-4,14,11,17,25,player-1,player-4
167,8,18,0.0647080596536398,player-3,17,13,18,26,player-2,player-3
167,9,17,0.060542020946741104,player-3,22,19,18,28,player-3,player-3
167,10,34,0.0989171676337719,player-1,24,20,20,29,player-4,player-1
167,11,17,0.05937507376074791,player-1,26,20,27,30,player-1,player-1
167,12,17,0.0800001434981823,player-2,31,24,33,32,player-2,player-2
167,13,19,0.06045796908438206,player-1,34,30,35,33,player-3,player-1
167,14,18,0.06191711872816086,player-1,38,35,35,38,player-4,player-1
167,15,38,0.10491698049008846,player-2,40,41,37,39,player-1,player-2
167,16,18,0.06445799954235554,player-3,41,46,43,39,player-2,player-3
167,17,17,0.06458302959799767,player-3,44,49,46,42,player-3,player-3
167,18,17,0.05112495273351669,player-4,50,52,49,42,player-4,player-4
167,19,18,0.06129196844995022,player-2,57,55,56,44,player-1,player-2
168,1,18,0.0703341793268919,player-4,7,10,9,1,player-3,player-4
168,2,17,0.06254087202250957,player-4,11,10,18,6,player-4,player-4
168,3,27,0.08004205301404,player-3,14,11,26,8,player-1,player-3
168,4,19,0.0793328508734703,player-4,18,17,30,12,player-2,player-4
168,5,17,0.0580840278416872,player-3,23,22,38,14,player-3,player-3
168,6,17,0.048625050112605095,player-4,23,22,40,16,player-4,player-4
168,7,17,0.04850002005696297,player-1,26,22,42,18,player-1,player-1
168,8,17,0.056459102779626846,player-2,32,25,44,18,player-2,player-2
168,9,17,0.06291689351201057,player-3,32,29,48,23,player-3,player-3
168,10,17,0.07195794023573399,player-4,35,32,60,33,player-4,player-4
168,11,17,0.07562502287328243,player-1,38,35,67,42,player-1,player-1
169,1,31,0.0991250853985548,player-2,0,5,3,8,player-4,player-2
169,2,17,0.053040916100144386,player-1,3,8,5,8,player-1,player-1
169,3,21,0.07545808330178261,player-2,6,10,8,8,player-2,player-2
169,4,17,0.06758305244147778,player-3,11,10,16,8,player-3,player-3
169,5,17,0.061042141169309616,player-4,15,11,16,12,player-4,player-4
169,6,17,0.07950002327561378,player-1,21,14,26,20,player-1,player-1
169,7,30,0.08445791900157928,player-3,22,17,31,32,player-2,player-3
169,8,17,0.07337494753301144,player-3,26,21,37,35,player-3,player-3
169,9,24,0.06920797750353813,none,29,25,46,37,player-4,none
169,10,19,0.07824995554983616,player-3,34,28,50,41,player-1,player-3
169,11,17,0.056666089221835136,player-2,34,34,50,44,player-2,player-2
169,12,18,0.05825003609061241,player-4,36,35,53,49,player-3,player-4
169,13,17,0.0627920962870121,player-4,41,38,56,50,player-4,player-4
169,14,29,0.0730000901967287,none,42,43,60,52,player-1,none
170,1,19,0.07875007577240467,player-4,0,3,5,5,player-2,player-4
170,2,17,0.06295810453593731,player-3,0,3,10,6,player-3,player-3
170,3,18,0.06312481127679348,player-1,11,11,21,7,player-4,player-1
170,4,18,0.0666249543428421,player-2,15,14,24,8,player-1,player-2
170,5,17,0.07241708226501942,player-2,17,17,33,10,player-2,player-2
170,6,17,0.04820898175239563,player-3,18,20,37,12,player-3,player-3
170,7,22,0.09708316065371037,none,23,22,44,16,player-4,none
170,8,17,0.06837514229118824,player-1,32,24,50,17,player-1,player-1
170,9,19,0.07466599345207214,player-4,32,29,56,20,player-2,player-4
170,10,20,0.07695797830820084,player-2,32,29,59,23,player-3,player-2
170,11,24,0.07399986498057842,player-3,35,32,66,28,player-4,player-3
171,1,18,0.06954208947718143,player-1,5,5,3,2,player-4,player-1
171,2,20,0.10270788334310055,player-4,8,9,5,13,player-1,player-4
171,3,17,0.07379194721579552,player-2,11,15,9,17,player-2,player-2
171,4,17,0.07566693238914013,player-3,11,20,12,23,player-3,player-3
171,5,18,0.056791119277477264,player-1,14,22,16,25,player-4,player-1
171,6,18,0.06866711191833019,player-2,15,25,19,27,player-1,player-2
171,7,27,0.0916249118745327,player-4,18,26,20,31,player-2,player-4
171,8,19,0.07145805284380913,player-1,30,29,23,32,player-3,player-1
171,9,17,0.07637497037649155,player-4,36,38,34,35,player-4,player-4
171,10,19,0.08016685023903847,player-3,37,38,45,49,player-1,player-3
171,11,22,0.085500068962574,none,37,40,54,53,player-2,none
171,12,17,0.0810408964753151,player-3,37,45,64,58,player-3,player-3
172,1,17,0.06933300755918026,player-4,4,2,5,2,player-4,player-4
172,2,17,0.04758313298225403,player-1,12,3,8,2,player-1,player-1
172,3,19,0.06874999962747097,player-4,15,10,14,6,player-2,player-4
172,4,18,0.05483301356434822,none,16,18,14,16,player-3,none
172,5,17,0.06937491707503796,player-4,18,23,14,23,player-4,player-4
172,6,19,0.06958306767046452,player-3,29,33,21,28,player-1,player-3
172,7,18,0.06854208186268806,player-3,36,34,27,35,player-2,player-3
172,8,17,0.07187505252659321,player-3,45,34,37,36,player-3,player-3
172,9,17,0.07062498480081558,player-4,54,43,40,40,player-4,player-4
172,10,17,0.06287498399615288,player-1,60,46,47,42,player-1,player-1
173,1,17,0.06258301436901093,player-3,4,2,11,0,player-3,player-3
173,2,17,0.0635411124676466,player-4,4,3,15,4,player-4,player-4
173,3,17,0.05916692316532135,player-1,10,3,21,5,player-1,player-1
173,4,27,0.10208389721810818,player-4,10,21,24,13,player-2,player-4
173,5,18,0.051083043217659,player-4,10,23,26,15,player-3,player-4
173,6,17,0.04404108040034771,none,13,23,27,21,player-4,none
173,7,23,0.07254094816744328,player-3,15,25,36,26,player-1,player-3
173,8,18,0.05762488581240177,player-3,16,26,42,28,player-2,player-3
173,9,17,0.060582999140024185,player-3,19,29,48,28,player-3,player-3
173,10,17,0.058042118325829506,player-4,22,38,52,35,player-4,player-4
173,11,18,0.06795814260840416,player-2,22,38,62,46,player-1,player-2
173,12,19,0.06295810453593731,player-4,24,38,65,52,player-2,player-4
173,13,27,0.09787501767277718,player-1,37,40,73,56,player-3,player-1
174,1,18,0.07033301517367363,player-2,3,6,3,7,player-1,player-2
174,2,18,0.05420902743935585,player-3,4,11,7,9,player-2,player-3
174,3,17,0.06250012665987015,player-3,12,14,14,13,player-3,player-3
174,4,17,0.0677080824971199,player-4,14,17,16,18,player-4,player-4
174,5,17,0.06337510421872139,player-1,15,19,19,19,player-1,player-1
174,6,18,0.06183306686580181,player-3,27,20,27,19,player-2,player-3
174,7,30,0.08245790377259254,player-4,28,22,37,19,player-3,player-4
174,8,17,0.06383401341736317,player-4,35,22,43,21,player-4,player-4
174,9,18,0.06645894609391689,player-2,35,30,47,26,player-1,player-2
174,10,20,0.06533297710120678,player-1,39,31,50,28,player-2,player-1
174,11,17,0.06037508137524128,player-3,43,35,51,31,player-3,player-3
174,12,17,0.06900005973875523,player-4,43,35,59,46,player-4,player-4
175,1,18,0.06624986417591572,player-1,8,0,3,8,player-4,player-1
175,2,25,0.07025012746453285,player-1,13,2,5,10,player-1,player-1
175,3,20,0.0849999487400055,player-1,15,3,7,18,player-2,player-1
175,4,26,0.09766686707735062,player-4,17,3,9,20,player-3,player-4
175,5,17,0.07787486538290977,player-4,19,7,13,25,player-4,player-4
175,6,17,0.06429082714021206,player-1,23,8,15,28,player-1,player-1
175,7,18,0.0968750100582838,player-3,23,10,28,32,player-2,player-3
175,8,17,0.05250005051493645,player-3,23,12,35,32,player-3,player-3
175,9,17,0.06512505933642387,player-4,26,14,37,39,player-4,player-4
175,10,18,0.06220792420208454,player-2,29,21,39,41,player-1,player-2
175,11,17,0.07283315062522888,player-2,30,30,45,42,player-2,player-2
175,12,18,0.06587500683963299,player-4,32,34,50,43,player-3,player-4
175,13,17,0.07312512025237083,player-4,38,37,53,48,player-4,player-4
175,14,18,0.07416587322950363,player-2,40,44,64,48,player-1,player-2
176,1,19,0.07624994032084942,player-3,4,1,5,1,player-1,player-3
176,2,17,0.05879206582903862,player-2,7,9,5,6,player-2,player-2
176,3,17,0.06616604514420033,player-3,12,18,18,9,player-3,player-3
176,4,17,0.05358317866921425,player-4,16,19,18,12,player-4,player-4
176,5,17,0.05204183980822563,player-1,25,21,18,12,player-1,player-1
176,6,19,0.06133317947387695,player-4,33,26,20,17,player-2,player-4
176,7,19,0.0738748349249363,player-1,45,29,24,21,player-3,player-1
176,8,20,0.07066596299409866,player-3,50,35,28,21,player-4,player-3
176,9,17,0.0768748577684164,player-1,56,38,30,27,player-1,player-1
176,10,18,0.08183298632502556,player-3,64,41,36,32,player-2,player-3
177,1,26,0.0800001434981823,none,2,2,2,2,player-3,none
177,2,17,0.06020907312631607,player-4,8,5,6,12,player-4,player-4
177,3,19,0.058499863371253014,player-3,9,5,11,14,player-1,player-3
177,4,17,0.0649159774184227,player-2,16,12,13,16,player-2,player-2
177,5,18,0.0691248569637537,player-4,20,12,17,25,player-3,player-4
177,6,19,0.06591691635549068,player-2,22,12,17,30,player-4,player-2
177,7,18,0.06250012665987015,player-2,26,14,20,33,player-1,player-2
177,8,20,0.07037492468953133,player-1,33,14,24,38,player-2,player-1
177,9,21,0.06616697646677494,player-3,39,20,27,42,player-3,player-3
177,10,17,0.07229181937873363,player-4,41,23,29,52,player-4,player-4
177,11,17,0.06137508898973465,player-1,43,23,30,54,player-1,player-1
177,12,18,0.09741703979671001,player-3,45,33,40,63,player-2,player-3
177,13,18,0.06987503729760647,player-4,46,34,44,72,player-3,player-4
178,1,19,0.06845779716968536,player-4,0,8,3,7,player-2,player-4
178,2,18,0.06970902904868126,player-4,1,10,11,9,player-3,player-4
178,3,17,0.07049995474517345,player-4,5,15,13,13,player-4,player-4
178,4,17,0.05824980325996876,player-1,13,16,17,15,player-1,player-1
178,5,17,0.06591598503291607,player-2,18,19,19,21,player-2,player-2
178,6,18,0.060959020629525185,player-4,19,22,21,30,player-3,player-4
178,7,17,0.06345799192786217,player-4,21,30,25,33,player-4,player-4
178,8,33,0.08891592733561993,player-1,44,33,33,42,player-1,player-1
178,9,22,0.07108389399945736,player-3,45,35,34,46,player-2,player-3
178,10,17,0.07379194721579552,player-3,50,35,43,48,player-3,player-3
178,11,18,0.04874984733760357,none,54,37,46,52,player-4,none
179,1,17,0.05145883187651634,player-1,8,4,2,0,player-1,player-1
179,2,19,0.059125013649463654,player-4,9,7,2,11,player-2,player-4
179,3,20,0.08033309131860733,player-2,9,11,7,20,player-3,player-2
179,4,18,0.08333288133144379,player-1,10,14,15,27,player-4,player-1
179,5,18,0.06529223173856735,player-2,12,17,15,30,player-1,player-2
179,6,20,0.07520895451307297,player-1,25,18,18,34,player-2,player-1
179,7,25,0.09662494994699955,player-3,27,29,22,36,player-3,player-3
179,8,18,0.06991694681346416,player-1,28,29,31,36,player-4,player-1
179,9,20,0.08974992670118809,player-4,29,35,36,37,player-1,player-4
179,10,18,0.07929187268018723,player-3,34,36,41,43,player-2,player-3
179,11,18,0.07591582834720612,player-4,36,40,44,49,player-3,player-4
179,12,17,0.05229189991950989,player-4,37,43,46,52,player-4,player-4
179,13,18,0.07049995474517345,player-2,48,46,49,57,player-1,player-2
180,1,17,0.05808286368846893,player-1,7,1,8,8,player-1,player-1
180,2,17,0.07116701453924179,player-2,11,9,11,8,player-2,player-2
180,3,18,0.05954108200967312,player-4,11,10,12,15,player-3,player-4
180,4,17,0.081667210906744,player-4,13,10,26,18,player-4,player-4
180,5,19,0.0844169408082962,player-3,21,14,31,19,player-1,player-3
180,6,18,0.06166682578623295,player-3,26,16,36,21,player-2,player-3
180,7,17,0.065250089392066,player-3,26,19,42,23,player-3,player-3
180,8,22,0.08175009861588478,player-1,33,19,44,30,player-4,player-1
180,9,19,0.07037492468953133,player-3,36,22,49,31,player-1,player-3
180,10,19,0.07987488061189651,player-4,39,25,55,37,player-2,player-4
180,11,19,0.0728340819478035,player-1,42,31,60,44,player-3,player-1
181,1,17,0.04945788532495499,player-4,2,1,0,2,player-4,player-4
181,2,18,0.07483293302357197,player-2,4,7,3,5,player-1,player-2
181,3,17,0.06491714157164097,player-2,5,12,4,5,player-2,player-2
181,4,18,0.05450006574392319,player-4,7,15,8,10,player-3,player-4
181,5,17,0.06820796988904476,player-4,7,20,10,17,player-4,player-4
181,6,20,0.06387499161064625,player-4,10,24,10,20,player-1,player-4
181,7,19,0.06170803681015968,player-4,11,24,14,22,player-2,player-4
181,8,17,0.062417006120085716,player-3,14,26,18,22,player-3,player-3
181,9,19,0.08099991828203201,player-2,15,30,22,29,player-4,player-2
181,10,18,0.060374848544597626,player-2,22,32,27,33,player-1,player-2
181,11,17,0.07141707465052605,player-2,24,38,28,36,player-2,player-2
181,12,19,0.07950002327561378,player-1,36,42,33,38,player-3,player-1
181,13,17,0.06879190914332867,player-4,41,45,36,40,player-4,player-4
181,14,19,0.04945811815559864,none,42,45,36,40,player-1,none
181,15,17,0.07516704499721527,player-2,42,49,40,42,player-2,player-2
181,16,17,0.06550014950335026,player-3,44,50,46,43,player-3,player-3
181,17,17,0.056540826335549355,player-4,44,53,47,51,player-4,player-4
182,1,19,0.07937499321997166,player-1,8,3,2,5,player-3,player-1
182,2,27,0.08054100908339024,player-2,8,6,2,9,player-4,player-2
182,3,17,0.051625072956085205,player-1,13,8,2,13,player-1,player-1
182,4,19,0.06733299233019352,player-4,13,13,8,18,player-2,player-4
182,5,22,0.06524985656142235,player-4,19,14,15,20,player-3,player-4
182,6,17,0.07674982771277428,player-4,25,27,20,32,player-4,player-4
182,7,18,0.06983289495110512,player-2,26,28,22,38,player-1,player-2
182,8,17,0.06591691635549068,player-2,27,38,23,43,player-2,player-2
182,9,17,0.059542013332247734,player-3,33,41,29,43,player-3,player-3
182,10,18,0.056625111028552055,player-1,37,42,29,44,player-4,player-1
182,11,17,0.06800005212426186,player-1,44,48,35,46,player-1,player-1
182,12,17,0.05070795305073261,player-2,45,54,40,49,player-2,player-2
183,1,18,0.071333022788167,player-3,7,6,9,0,player-2,player-3
183,2,17,0.055541982874274254,player-3,8,7,15,2,player-3,player-3
183,3,17,0.05879206582903862,player-4,10,12,20,10,player-4,player-4
183,4,18,0.07004104554653168,player-2,15,16,27,12,player-1,player-2
183,5,17,0.07137516513466835,player-2,20,21,28,17,player-2,player-2
183,6,19,0.07108296267688274,player-1,29,22,30,19,player-3,player-1
183,7,17,0.07216585800051689,player-4,33,23,33,27,player-4,player-4
183,8,21,0.07845787331461906,player-1,34,30,41,30,player-1,player-1
183,9,19,0.06924988701939583,player-4,37,33,47,35,player-2,player-4
183,10,22,0.09104213677346706,player-4,37,35,48,40,player-3,player-4
183,11,19,0.0577499158680439,player-2,40,39,51,42,player-4,player-2
183,12,21,0.06512482650578022,player-1,48,39,53,46,player-1,player-1
184,1,17,0.06645894609391689,player-2,3,9,0,6,player-2,player-2
184,2,26,0.08212495595216751,player-4,8,9,4,8,player-3,player-4
184,3,17,0.05704187788069248,player-4,8,9,10,10,player-4,player-4
184,4,17,0.05620787851512432,player-1,12,14,14,11,player-1,player-1
184,5,17,0.07691700011491776,player-2,12,21,14,17,player-2,player-2
184,6,18,0.08491706103086472,player-4,15,23,22,22,player-3,player-4
184,7,19,0.06145797669887543,player-2,20,25,25,30,player-4,player-2
184,8,17,0.0537908636033535,player-1,24,25,27,30,player-1,player-1
184,9,17,0.051416922360658646,player-2,25,28,28,32,player-2,player-2
184,10,18,0.05720905028283596,player-4,25,30,32,35,player-3,player-4
184,11,20,0.0616670586168766,player-3,31,31,42,37,player-4,player-3
184,12,20,0.06645801477134228,player-4,33,34,44,42,player-1,player-4
184,13,19,0.07395795546472073,player-4,36,37,47,46,player-2,player-4
184,14,17,0.06508314982056618,player-3,50,37,61,48,player-3,player-3
185,1,17,0.05208305083215237,player-2,3,2,1,4,player-2,player-2
185,2,19,0.06562494672834873,player-1,10,2,1,6,player-3,player-1
185,3,18,0.0685409177094698,player-1,17,9,2,13,player-4,player-1
185,4,17,0.07066712714731693,player-1,26,10,4,17,player-1,player-1
185,5,18,0.07391697727143764,player-3,33,11,16,21,player-2,player-3
185,6,17,0.05804188549518585,player-3,33,13,24,23,player-3,player-3
185,7,19,0.0660410150885582,player-2,35,17,26,25,player-4,player-2
185,8,18,0.0752501655369997,player-2,40,20,30,28,player-1,player-2
185,9,19,0.05745794624090195,player-4,47,21,40,30,player-2,player-4
185,10,17,0.07079215720295906,player-3,54,24,48,30,player-3,player-3
186,1,17,0.10070810094475746,player-4,9,0,0,5,player-4,player-4
186,2,17,0.057999975979328156,player-1,13,3,1,11,player-1,player-1
186,3,19,0.05787517875432968,player-4,17,5,2,14,player-2,player-4
186,4,21,0.057582976296544075,player-3,17,6,7,17,player-3,player-3
186,5,21,0.07729115895926952,player-4,18,9,10,25,player-4,player-4
186,6,18,0.06420817226171494,player-2,20,19,14,30,player-1,player-2
186,7,17,0.0694170594215393,player-2,26,25,17,33,player-2,player-2
186,8,17,0.07879198528826237,player-3,28,30,20,34,player-3,player-3
186,9,18,0.05954108200967312,player-1,33,32,23,39,player-4,player-1
186,10,23,0.07233396172523499,player-3,34,36,26,46,player-1,player-3
186,11,21,0.07541710510849953,player-2,38,42,35,46,player-2,player-2
186,12,18,0.05683302879333496,player-4,39,45,38,49,player-3,player-4
186,13,17,0.06341701373457909,player-4,39,45,40,53,player-4,player-4
186,14,17,0.05316687747836113,player-1,46,48,45,53,player-1,player-1
187,1,17,0.04900014027953148,player-2,0,3,4,0,player-2,player-2
187,2,17,0.0702079851180315,player-3,6,3,10,1,player-3,player-3
187,3,19,0.0577499158680439,player-2,6,11,13,2,player-4,player-2
187,4,24,0.0902500469237566,player-4,10,16,16,16,player-1,player-4
187,5,17,0.06516696885228157,player-2,17,19,21,19,player-2,player-2
187,6,17,0.08062482811510563,player-3,19,21,23,23,player-3,player-3
187,7,18,0.07783295586705208,player-1,28,21,23,25,player-4,player-1
187,8,19,0.056165968999266624,player-3,29,22,26,26,player-1,player-3
187,9,17,0.054791104048490524,player-2,38,30,28,29,player-2,player-2
187,10,19,0.07741712033748627,player-1,48,32,34,30,player-3,player-1
187,11,17,0.061625149101018906,player-4,52,35,37,40,player-4,player-4
187,12,28,0.07033394649624825,none,55,36,37,45,player-1,none
187,13,26,0.08316710591316223,player-3,56,42,43,47,player-2,player-3
187,14,20,0.07729209028184414,player-2,61,46,49,49,player-3,player-2
188,1,17,0.05825003609061241,player-4,0,8,1,11,player-4,player-4
188,2,17,0.06633298471570015,player-1,7,10,3,12,player-1,player-1
188,3,17,0.09350012987852097,player-2,10,20,4,17,player-2,player-2
188,4,19,0.061542028561234474,player-1,17,21,6,18,player-3,player-1
188,5,20,0.06104190833866596,player-3,19,23,12,19,player-4,player-3
188,6,17,0.056916847825050354,player-1,20,25,14,22,player-1,player-1
188,7,17,0.06762519478797913,player-2,23,28,20,33,player-2,player-2
188,8,18,0.10758312419056892,player-4,29,32,23,43,player-3,player-4
188,9,19,0.06770901381969452,player-2,36,35,27,44,player-4,player-2
188,10,17,0.07458310574293137,player-1,40,39,31,52,player-1,player-1
188,11,17,0.06579095497727394,player-2,46,50,33,61,player-2,player-2
189,1,17,0.06966688670217991,player-1,8,3,1,3,player-1,player-1
189,2,17,0.05587493069469929,player-2,17,3,1,4,player-2,player-2
189,3,20,0.07204199209809303,player-2,24,4,3,7,player-3,player-2
189,4,17,0.06262492388486862,player-4,25,6,9,11,player-4,player-4
189,5,18,0.05212496034801006,player-2,28,11,9,11,player-1,player-2
189,6,19,0.06537511944770813,player-4,28,11,14,16,player-2,player-4
189,7,17,0.048999907448887825,player-3,35,14,17,18,player-3,player-3
189,8,18,0.05700020119547844,player-1,38,16,19,23,player-4,player-1
189,9,17,0.06779213435947895,player-1,42,18,21,29,player-1,player-1
189,10,18,0.05970802158117294,player-3,42,23,26,33,player-2,player-3
189,11,19,0.06958306767046452,player-1,43,24,26,36,player-3,player-1
189,12,17,0.06550014950335026,player-4,46,26,26,36,player-4,player-4
189,13,26,0.08087488822638988,player-2,50,32,28,39,player-1,player-2
189,14,18,0.0613329466432333,player-3,53,34,35,41,player-2,player-3
189,15,20,0.07449998520314693,player-2,56,40,37,47,player-3,player-2
189,16,20,0.07233303040266037,player-3,57,44,48,48,player-4,player-3
190,1,20,0.0660410150885582,player-3,2,2,1,6,player-4,player-3
190,2,17,0.05866703577339649,player-1,12,4,8,10,player-1,player-1
190,3,17,0.06620795466005802,player-2,19,6,8,12,player-2,player-2
190,4,20,0.06808293983340263,player-2,26,12,12,14,player-3,player-2
190,5,17,0.05566701292991638,player-4,32,14,14,21,player-4,player-4
190,6,17,0.0539170578122139,player-1,35,14,14,23,player-1,player-1
190,7,18,0.06454088725149632,player-3,39,16,16,27,player-2,player-3
190,8,17,0.06066705100238323,player-3,45,16,22,31,player-3,player-3
190,9,17,0.06504100747406483,player-4,48,16,31,35,player-4,player-4
190,10,18,0.07566693238914013,player-2,52,19,36,42,player-1,player-2
190,11,15,0.03858399577438831,none,55,21,36,47,player-2,none
190,12,17,0.06733299233019352,player-3,55,22,39,48,player-3,player-3
190,13,20,0.06120791658759117,player-3,59,22,43,50,player-4,player-3
191,1,19,0.06700004450976849,player-3,3,2,3,0,player-1,player-3
191,2,20,0.06741611286997795,player-1,9,9,9,9,player-2,player-1
191,3,20,0.055040931329131126,player-2,12,11,11,10,player-3,player-2
191,4,18,0.05791708827018738,player-1,21,11,12,13,player-4,player-1
191,5,18,0.07937499321997166,player-2,21,17,15,17,player-1,player-2
191,6,17,0.07066712714731693,player-2,22,20,17,22,player-2,player-2
191,7,17,0.05433312617242336,player-3,22,28,25,24,player-3,player-3
191,8,17,0.06370898336172104,player-4,24,32,28,29,player-4,player-4
191,9,19,0.07829093374311924,player-3,25,37,39,36,player-1,player-3
191,10,17,0.08166697807610035,player-2,28,42,45,37,player-2,player-2
191,11,19,0.06687501445412636,player-1,31,43,49,41,player-3,player-1
191,12,17,0.05900021642446518,player-4,32,50,51,46,player-4,player-4
191,13,24,0.0830839853733778,player-4,33,52,54,52,player-1,player-4
192,1,17,0.10520918294787407,player-2,11,3,3,8,player-2,player-2
192,2,17,0.054625095799565315,player-3,15,4,6,10,player-3,player-3
192,3,20,0.06729201413691044,player-3,16,6,11,13,player-4,player-3
192,4,17,0.06841588765382767,player-1,22,6,15,17,player-1,player-1
192,5,17,0.06204191595315933,player-2,30,7,17,24,player-2,player-2
192,6,18,0.07362500764429569,player-4,31,9,21,31,player-3,player-4
192,7,17,0.054916832596063614,player-4,31,12,28,41,player-4,player-4
192,8,17,0.05324999801814556,player-1,32,12,28,45,player-1,player-1
192,9,17,0.05945796146988869,player-2,41,15,28,51,player-2,player-2
192,10,17,0.0760410912334919,player-3,45,21,38,55,player-3,player-3
192,11,26,0.07545808330178261,player-1,47,24,41,59,player-4,player-1
192,12,18,0.07541594095528126,player-2,51,34,58,69,player-1,player-2
193,1,20,0.06983405910432339,player-1,8,3,2,3,player-2,player-1
193,2,21,0.06645894609391689,player-3,10,12,5,4,player-3,player-3
193,3,20,0.07679103873670101,player-3,19,18,16,10,player-4,player-3
193,4,25,0.07824995554983616,player-1,20,18,20,10,player-1,player-1
193,5,17,0.05991593934595585,player-2,26,19,25,15,player-2,player-2
193,6,17,0.05245814099907875,player-3,27,20,30,17,player-3,player-3
193,7,20,0.07237493991851807,player-3,32,23,35,23,player-4,player-3
193,8,17,0.058165984228253365,player-1,42,25,38,26,player-1,player-1
193,9,17,0.05487515591084957,player-2,42,30,39,31,player-2,player-2
193,10,18,0.06504193879663944,player-4,51,37,41,34,player-3,player-4
193,11,20,0.06783404387533665,player-3,61,41,46,38,player-4,player-3
194,1,17,0.07025012746453285,player-3,3,6,13,4,player-3,player-3
194,2,17,0.06654206663370132,player-4,4,7,21,11,player-4,player-4
194,3,20,0.0900421291589737,player-4,10,11,35,12,player-1,player-4
194,4,22,0.08016708306968212,player-3,14,18,43,12,player-2,player-3
194,5,19,0.06687501445412636,player-1,27,23,44,22,player-3,player-1
194,6,17,0.05587493069469929,player-4,33,23,47,27,player-4,player-4
194,7,18,0.05954178050160408,player-2,37,29,47,27,player-1,player-2
194,8,17,0.054042087867856026,player-2,37,30,49,33,player-2,player-2
194,9,20,0.08083297871053219,player-2,50,35,54,41,player-3,player-2
195,1,17,0.06966688670217991,player-3,5,1,11,0,player-3,player-3
195,2,19,0.06879214197397232,player-2,15,9,14,5,player-4,player-2
195,3,17,0.061333877965807915,player-1,15,9,20,10,player-1,player-1
195,4,23,0.06449990905821323,none,20,10,20,10,player-2,none
195,5,17,0.06633298471570015,player-3,24,17,22,12,player-3,player-3
195,6,20,0.0628340058028698,player-3,29,20,27,15,player-4,player-3
195,7,23,0.07270905189216137,player-3,35,26,27,18,player-1,player-3
195,8,18,0.06904196925461292,player-3,38,29,39,21,player-2,player-3
195,9,19,0.06341701373457909,player-1,44,31,45,25,player-3,player-1
195,10,17,0.05829101428389549,player-4,47,31,49,27,player-4,player-4
195,11,23,0.07808394730091095,player-3,48,32,55,30,player-1,player-3
196,1,19,0.06125005893409252,player-3,3,3,1,2,player-1,player-3
196,2,20,0.09379186667501926,player-1,7,4,3,4,player-2,player-1
196,3,23,0.06800005212426186,player-1,8,7,7,4,player-3,player-1
196,4,20,0.07487507537007332,player-3,10,9,14,13,player-4,player-3
196,5,22,0.07433304563164711,player-2,11,15,15,20,player-1,player-2
196,6,19,0.07204199209809303,player-4,15,22,21,24,player-2,player-4
196,7,17,0.05570799112319946,player-3,19,26,26,24,player-3,player-3
196,8,17,0.06291689351201057,player-4,24,26,29,28,player-4,player-4
196,9,17,0.054999953135848045,player-1,31,27,30,33,player-1,player-1
196,10,17,0.06991694681346416,player-2,33,32,36,39,player-2,player-2
196,11,17,0.05350005812942982,player-3,33,34,47,41,player-3,player-3
196,12,17,0.06045890040695667,player-4,35,34,53,47,player-4,player-4
196,13,17,0.06704195402562618,player-1,42,34,59,61,player-1,player-1
197,1,20,0.07566716521978378,player-3,3,0,1,3,player-4,player-3
197,2,18,0.07858383469283581,player-2,10,2,2,6,player-1,player-2
197,3,27,0.07224990986287594,none,10,2,4,8,player-2,none
197,4,17,0.08404185064136982,player-3,17,2,10,8,player-3,player-3
197,5,17,0.055165961384773254,player-4,22,3,15,14,player-4,player-4
197,6,22,0.06987503729760647,none,24,4,20,17,player-1,none
197,7,17,0.08416688069701195,player-2,28,10,20,19,player-2,player-2
197,8,19,0.08258293382823467,player-1,33,13,27,23,player-3,player-1
197,9,18,0.062499893829226494,player-1,34,14,30,25,player-4,player-1
197,10,17,0.06258278153836727,player-1,42,15,33,28,player-1,player-1
197,11,19,0.06508291698992252,player-4,50,17,34,42,player-2,player-4
197,12,17,0.04870793782174587,player-3,55,22,39,45,player-3,player-3
197,13,19,0.06845803000032902,player-2,59,25,41,53,player-4,player-2
198,1,17,0.061583006754517555,player-4,6,8,4,5,player-4,player-4
198,2,17,0.06025005131959915,player-1,17,8,10,10,player-1,player-1
198,3,17,0.060542020946741104,player-2,18,17,12,14,player-2,player-2
198,4,18,0.0599580816924572,player-4,20,20,12,15,player-3,player-4
198,5,18,0.0694170594215393,player-1,24,20,13,18,player-4,player-1
198,6,17,0.06070896051824093,player-1,28,21,13,18,player-1,player-1
198,7,22,0.06170780397951603,player-3,30,22,19,24,player-2,player-3
198,8,17,0.05745887756347656,player-3,30,24,24,26,player-3,player-3
198,9,18,0.07504201494157314,player-1,35,26,28,26,player-4,player-1
198,10,17,0.06441585719585419,player-1,37,27,30,30,player-1,player-1
198,11,17,0.06225006654858589,player-2,40,32,33,30,player-2,player-2
198,12,19,0.07104198448359966,player-1,40,37,35,37,player-3,player-1
198,13,17,0.062208157032728195,player-4,42,42,40,40,player-4,player-4
198,14,17,0.07124990224838257,player-1,57,47,56,48,player-1,player-1
199,1,17,0.08199992589652538,player-3,0,0,6,6,player-3,player-3
199,2,17,0.04837499000132084,player-4,2,1,12,8,player-4,player-4
199,3,21,0.06120791658759117,player-1,7,1,14,10,player-1,player-1
199,4,17,0.05666702054440975,player-2,12,2,19,15,player-2,player-2
199,5,19,0.07862504571676254,player-1,15,9,25,18,player-3,player-1
199,6,18,0.07508299313485622,player-1,22,14,34,24,player-4,player-1
199,7,17,0.05070795305073261,player-1,26,16,36,28,player-1,player-1
199,8,17,0.07124990224838257,player-2,32,25,46,30,player-2,player-2
199,9,18,0.07149996235966682,player-4,34,32,50,35,player-3,player-4
199,10,19,0.09654206223785877,player-2,45,32,50,36,player-4,player-2
199,11,17,0.05095801316201687,player-1,51,35,52,36,player-1,player-1
200,1,18,0.055541982874274254,player-4,2,1,2,4,player-3,player-4
200,2,18,0.07291696965694427,player-1,13,3,19,4,player-4,player-1
200,3,17,0.06254180334508419,player-1,15,5,19,6,player-1,player-1
200,4,20,0.0826660543680191,player-1,23,14,22,13,player-2,player-1
200,5,17,0.05945796146988869,player-3,23,21,31,13,player-3,player-3
200,6,17,0.05679088644683361,player-4,27,24,32,19,player-4,player-4
200,7,17,0.0730000901967287,player-1,32,26,36,21,player-1,player-1
200,8,18,0.16933283768594265,player-3,38,26,42,25,player-2,player-3
200,9,19,0.08945795707404613,player-1,47,31,50,29,player-3,player-1
200,10,19,0.07095886394381523,player-2,48,35,52,32,player-4,player-2
201,1,18,0.05716690793633461,player-4,2,1,5,3,player-3,player-4
201,2,17,0.05362485535442829,player-4,4,3,7,15,player-4,player-4
201,3,18,0.063000014051795,player-2,5,3,10,19,player-1,player-2
201,4,28,0.0785409938544035,player-1,7,5,15,21,player-2,player-1
201,5,18,0.0649578869342804,player-4,7,8,15,33,player-3,player-4
201,6,17,0.060625141486525536,player-4,8,12,18,38,player-4,player-4
201,7,18,0.05825003609061241,player-2,15,14,19,40,player-1,player-2
201,8,17,0.05137501284480095,player-2,17,20,21,40,player-2,player-2
201,9,17,0.062417006120085716,player-3,18,31,21,45,player-3,player-3
201,10,17,0.08874991908669472,player-4,24,31,29,49,player-4,player-4
201,11,17,0.0577499158680439,player-1,27,35,33,52,player-1,player-1
201,12,35,0.09612482972443104,player-4,31,40,36,58,player-2,player-4
201,13,17,0.07312488742172718,player-3,36,47,41,61,player-3,player-3
202,1,18,0.07295794785022736,player-2,3,5,4,2,player-1,player-2
202,2,18,0.05941605195403099,player-3,8,8,4,8,player-2,player-3
202,3,17,0.05016685463488102,player-3,10,8,7,9,player-3,player-3
202,4,18,0.053833937272429466,player-1,19,8,11,13,player-4,player-1
202,5,17,0.054791802540421486,player-1,22,8,15,16,player-1,player-1
202,6,17,0.05733291618525982,player-2,24,9,17,17,player-2,player-2
202,7,17,0.06441702134907246,player-3,31,15,23,20,player-3,player-3
202,8,17,0.056791119277477264,player-4,34,16,27,25,player-4,player-4
202,9,19,0.05925004370510578,player-3,40,22,33,27,player-1,player-3
202,10,18,0.05908310413360596,player-3,47,23,40,29,player-2,player-3
202,11,17,0.05287490785121918,player-3,50,28,44,32,player-3,player-3
202,12,18,0.06479211151599884,player-1,55,29,46,35,player-4,player-1
203,1,17,0.05966704338788986,player-2,6,3,3,5,player-2,player-2
203,2,17,0.06679212674498558,player-3,6,8,9,8,player-3,player-3
203,3,17,0.061916885897517204,player-4,12,8,11,11,player-4,player-4
203,4,20,0.06229104474186897,player-4,17,16,13,14,player-1,player-4
203,5,17,0.061125028878450394,player-2,22,18,18,22,player-2,player-2
203,6,26,0.07812492549419403,none,23,35,28,26,player-3,none
203,7,18,0.06270897574722767,player-1,28,35,29,31,player-4,player-1
203,8,17,0.06354204379022121,player-1,33,40,29,32,player-1,player-1
203,9,17,0.05879090167582035,player-2,37,44,31,33,player-2,player-2
203,10,17,0.05366699770092964,player-3,39,44,37,33,player-3,player-3
203,11,17,0.05633290857076645,player-4,42,51,39,38,player-4,player-4
203,12,17,0.05608308129012585,player-1,45,55,41,44,player-1,player-1
203,13,18,0.0669590663164854,player-3,46,56,42,46,player-2,player-3
204,1,17,0.08104206062853336,player-3,7,5,4,6,player-3,player-3
204,2,17,0.05650008097290993,player-4,7,7,7,13,player-4,player-4
204,3,17,0.07862504571676254,player-1,15,7,9,17,player-1,player-1
204,4,20,0.0762909185141325,player-1,23,9,12,17,player-2,player-1
204,5,20,0.063000014051795,player-2,27,10,16,19,player-3,player-2
204,6,17,0.05962490104138851,player-4,27,13,17,19,player-4,player-4
204,7,24,0.08279201574623585,player-4,28,19,20,24,player-1,player-4
204,8,24,0.08116685785353184,player-1,30,20,22,27,player-2,player-1
204,9,18,0.06862496957182884,player-4,36,20,28,34,player-3,player-4
204,10,23,0.07512490265071392,none,39,25,28,37,player-4,none
204,11,17,0.06354181095957756,player-1,43,31,34,39,player-1,player-1
204,12,21,0.05470821633934975,none,45,34,34,40,player-2,none
204,13,33,0.08429191075265408,player-3,47,38,37,42,player-3,player-3
204,14,18,0.059416983276605606,player-1,51,38,43,46,player-4,player-1
204,15,17,0.06945803761482239,player-1,61,42,50,51,player-1,player-1
205,1,27,0.07216609083116055,player-1,8,2,5,3,player-3,player-1
205,2,19,0.06816606037318707,player-2,12,6,5,7,player-4,player-2
205,3,17,0.05866703577339649,player-1,14,9,7,13,player-1,player-1
205,4,17,0.056958990171551704,player-2,18,17,7,17,player-2,player-2
205,5,17,0.06291689351201057,player-3,24,19,10,22,player-3,player-3
205,6,17,0.05804188549518585,player-4,27,21,11,29,player-4,player-4
205,7,17,0.05487492308020592,player-1,30,21,12,32,player-1,player-1
205,8,18,0.06116693839430809,player-3,34,25,14,34,player-2,player-3
205,9,17,0.06091594696044922,player-3,41,27,17,38,player-3,player-3
205,10,17,0.08270889520645142,player-4,47,29,18,40,player-4,player-4
205,11,19,0.053541967645287514,player-3,50,32,18,42,player-1,player-3
205,12,17,0.06958399899303913,player-2,54,37,19,45,player-2,player-2
205,13,20,0.07583317346870899,player-2,57,50,23,48,player-3,player-2
205,14,19,0.06083282642066479,player-2,61,52,24,49,player-4,player-2
206,1,29,0.08054100908339024,player-1,5,5,1,3,player-1,player-1
206,2,20,0.10420801118016243,player-1,7,7,2,5,player-2,player-1
206,3,18,0.07704203017055988,player-4,9,9,3,6,player-3,player-4
206,4,17,0.06616697646677494,player-4,14,15,3,11,player-4,player-4
206,5,18,0.06545893847942352,player-2,16,18,6,12,player-1,player-2
206,6,17,0.05470798350870609,player-2,18,23,9,14,player-2,player-2
206,7,18,0.0752920750528574,player-4,20,24,14,18,player-3,player-4
206,8,19,0.06550014950335026,player-2,25,33,16,18,player-4,player-2
206,9,19,0.07012509740889072,player-3,30,38,19,19,player-1,player-3
206,10,18,0.06420817226171494,player-3,40,40,22,24,player-2,player-3
206,11,18,0.07245899178087711,player-4,44,48,26,34,player-3,player-4
206,12,18,0.05729100666940212,player-1,51,52,26,34,player-4,player-1
206,13,20,0.058582983911037445,player-4,54,53,29,40,player-1,player-4
206,14,21,0.09041605517268181,player-2,62,60,34,43,player-2,player-2
207,1,18,0.10595796629786491,player-4,3,8,8,8,player-3,player-4
207,2,18,0.07587485015392303,player-1,8,9,13,12,player-4,player-1
207,3,17,0.07012509740889072,player-1,15,12,15,14,player-1,player-1
207,4,19,0.06612506695091724,player-4,23,14,22,18,player-2,player-4
207,5,17,0.07054116576910019,player-3,29,16,22,19,player-3,player-3
207,6,18,0.06650015711784363,player-1,32,26,26,26,player-4,player-1
207,7,19,0.06508291698992252,player-3,38,31,27,30,player-1,player-3
207,8,18,0.05691708065569401,player-3,44,40,28,33,player-2,player-3
207,9,17,0.06683310493826866,player-3,48,46,34,35,player-3,player-3
207,10,17,0.05670799873769283,player-4,54,46,39,44,player-4,player-4
207,11,17,0.06949994713068008,player-1,59,48,45,49,player-1,player-1
208,1,17,0.07299985736608505,player-3,1,4,3,2,player-3,player-3
208,2,17,0.056791119277477264,player-4,4,4,7,4,player-4,player-4
208,3,22,0.091959023848176,player-2,11,5,20,7,player-1,player-2
208,4,17,0.0602079089730978,player-2,15,6,23,13,player-2,player-2
208,5,18,0.07895799353718758,player-4,15,8,23,30,player-3,player-4
208,6,22,0.0764171127229929,player-1,28,12,27,32,player-4,player-1
208,7,18,0.0639171339571476,player-2,28,21,27,36,player-1,player-2
208,8,17,0.04879198968410492,player-2,29,26,29,38,player-2,player-2
208,9,20,0.08175009861588478,player-2,31,31,36,38,player-3,player-2
208,10,19,0.11920812539756298,player-2,34,35,41,41,player-4,player-2
208,11,18,0.07483316585421562,player-2,40,41,43,45,player-1,player-2
208,12,17,0.07816683501005173,player-2,47,43,48,47,player-2,player-2
208,13,22,0.10241707786917686,player-4,48,45,49,55,player-3,player-4
209,1,19,0.06474996916949749,player-2,3,2,3,1,player-4,player-2
209,2,17,0.08016708306968212,player-1,11,9,10,3,player-1,player-1
209,3,17,0.07466692477464676,player-2,17,14,15,3,player-2,player-2
209,4,19,0.06879097782075405,player-1,20,17,17,3,player-3,player-1
209,5,17,0.05574990063905716,player-4,22,21,17,4,player-4,player-4
209,6,17,0.056582968682050705,player-1,26,25,20,4,player-1,player-1
209,7,17,0.061125028878450394,player-2,29,31,23,4,player-2,player-2
209,8,17,0.051582930609583855,player-3,30,33,25,8,player-3,player-3
209,9,17,0.06308406591415405,player-4,37,34,36,9,player-4,player-4
209,10,27,0.10904204100370407,player-3,45,38,44,9,player-1,player-3
209,11,18,0.07295911200344563,player-3,49,40,49,11,player-2,player-3
209,12,17,0.06933417171239853,player-3,49,41,52,16,player-3,player-3
210,1,17,0.06637489423155785,player-4,1,2,12,6,player-4,player-4
210,2,20,0.0677499920129776,player-4,3,4,15,12,player-1,player-4
210,3,17,0.0541668850928545,player-2,6,8,16,15,player-2,player-2
210,4,17,0.0616670586168766,player-3,11,11,17,18,player-3,player-3
210,5,17,0.06541702896356583,player-4,17,11,17,21,player-4,player-4
210,6,18,0.06825011223554611,player-2,21,21,23,31,player-1,player-2
210,7,19,0.06649992428719997,player-4,22,23,26,33,player-2,player-4
210,8,18,0.062333885580301285,player-4,24,26,34,42,player-3,player-4
210,9,18,0.07424992509186268,player-1,30,28,35,50,player-4,player-1
210,10,18,0.07258402183651924,player-2,36,30,38,53,player-1,player-2
210,11,20,0.07104198448359966,player-1,38,30,41,62,player-2,player-1
210,12,19,0.07816613651812077,player-1,43,33,42,65,player-3,player-1
210,13,17,0.06574997678399086,player-4,50,42,46,72,player-4,player-4
211,1,17,0.06862496957182884,player-1,2,2,0,4,player-1,player-1
211,2,19,0.08287490345537663,player-4,5,3,4,16,player-2,player-4
211,3,17,0.06333389319479465,player-3,6,5,7,21,player-3,player-3
211,4,22,0.08979206904768944,player-1,25,16,9,24,player-4,player-1
211,5,17,0.0707919243723154,player-1,36,17,12,24,player-1,player-1
211,6,18,0.06458302959799767,player-3,43,20,18,25,player-2,player-3
211,7,17,0.05674990825355053,player-3,45,21,28,25,player-3,player-3
211,8,17,0.06033317185938358,player-4,45,21,36,34,player-4,player-4
211,9,17,0.05362485535442829,player-1,45,26,38,34,player-1,player-1
211,10,20,0.07904204539954662,player-1,49,29,39,45,player-2,player-1
211,11,22,0.07912516593933105,player-4,51,30,40,49,player-3,player-4
211,12,20,0.0749160535633564,player-3,51,34,48,56,player-4,player-3
211,13,20,0.06370805203914642,player-4,57,39,49,63,player-1,player-4
212,1,18,0.057999975979328156,player-3,0,5,0,1,player-2,player-3
212,2,17,0.06683403626084328,player-3,4,11,3,3,player-3,player-3
212,3,18,0.06458302959799767,player-1,7,15,6,5,player-4,player-1
212,4,17,0.06962497718632221,player-1,9,19,6,6,player-1,player-1
212,5,20,0.06737490184605122,player-1,13,21,7,12,player-2,player-1
212,6,17,0.07058307528495789,player-3,27,24,14,16,player-3,player-3
212,7,20,0.07158401422202587,player-3,29,27,19,21,player-4,player-3
212,8,17,0.0641250517219305,player-1,38,32,23,23,player-1,player-1
212,9,18,0.05116686224937439,player-3,39,35,25,26,player-2,player-3
212,10,18,0.06733392365276814,player-4,43,37,29,28,player-3,player-4
212,11,28,0.08820905350148678,player-3,44,54,29,29,player-4,player-3
212,12,17,0.06554205901920795,player-1,48,56,32,38,player-1,player-1
212,13,19,0.06516603752970695,player-4,50,58,34,46,player-2,player-4
213,1,18,0.06733299233019352,player-3,0,3,1,3,player-2,player-3
213,2,20,0.06366614252328873,player-2,2,4,5,6,player-3,player-2
213,3,17,0.05037500523030758,player-4,3,8,6,8,player-4,player-4
213,4,17,0.05804095417261124,player-1,6,8,10,12,player-1,player-1
213,5,19,0.07412489503622055,player-4,8,13,14,20,player-2,player-4
213,6,17,0.07008411921560764,player-3,10,17,22,24,player-3,player-3
213,7,19,0.07666577585041523,player-2,18,22,30,25,player-4,player-2
213,8,18,0.06987503729760647,player-2,24,29,32,29,player-1,player-2
213,9,18,0.06649992428719997,player-3,26,39,40,34,player-2,player-3
213,10,17,0.049958936870098114,player-3,28,39,47,35,player-3,player-3
213,11,17,0.04787510260939598,none,30,44,49,43,player-4,none
213,12,17,0.06125005893409252,player-1,36,47,55,47,player-1,player-1
213,13,19,0.07141684181988239,player-4,41,48,58,51,player-2,player-4
213,14,18,0.06862496957182884,player-4,46,54,64,53,player-3,player-4
214,1,17,0.06187497638165951,player-3,3,0,10,0,player-3,player-3
214,2,17,0.06500002928078175,player-4,9,12,15,5,player-4,player-4
214,3,17,0.05608401261270046,player-1,12,13,17,6,player-1,player-1
214,4,19,0.06204098463058472,player-4,16,14,22,16,player-2,player-4
214,5,17,0.08645793423056602,player-3,23,16,28,21,player-3,player-3
214,6,20,0.06879190914332867,player-3,28,16,30,23,player-4,player-3
214,7,18,0.06483402103185654,player-2,33,20,34,26,player-1,player-2
214,8,20,0.07395795546472073,player-1,42,23,37,29,player-2,player-1
214,9,18,0.053999945521354675,player-4,43,25,38,31,player-3,player-4
214,10,17,0.0752920750528574,player-4,47,30,42,39,player-4,player-4
214,11,17,0.0575000885874033,player-1,53,34,47,41,player-1,player-1
215,1,20,0.06874999962747097,player-2,1,1,1,4,player-3,player-2
215,2,18,0.07499987259507179,player-1,6,6,5,10,player-4,player-1
215,3,17,0.055042095482349396,player-1,12,7,5,10,player-1,player-1
215,4,17,0.060957856476306915,player-2,12,7,7,13,player-2,player-2
215,5,19,0.0652919989079237,player-1,17,13,10,13,player-3,player-1
215,6,17,0.06704195402562618,player-4,20,21,14,21,player-4,player-4
215,7,19,0.06291689351201057,player-3,24,21,17,27,player-1,player-3
215,8,17,0.07579196244478226,player-2,28,24,19,31,player-2,player-2
215,9,20,0.07216702215373516,player-2,29,29,23,34,player-3,player-2
215,10,17,0.05049980245530605,player-4,29,35,29,38,player-4,player-4
215,11,19,0.07295818068087101,player-3,33,36,42,41,player-1,player-3
215,12,17,0.049791065976023674,player-2,37,39,46,44,player-2,player-2
215,13,18,0.1068750862032175,player-4,41,45,49,51,player-3,player-4
215,14,17,0.06720796227455139,player-4,43,54,50,58,player-4,player-4
216,1,18,0.0760830007493496,player-1,3,0,7,5,player-4,player-1
216,2,17,0.07216702215373516,player-1,9,4,16,11,player-1,player-1
216,3,20,0.08804094977676868,player-1,13,11,23,11,player-2,player-1
216,4,17,0.06724987179040909,player-3,17,14,27,13,player-3,player-3
216,5,17,0.06083399057388306,player-4,19,17,30,17,player-4,player-4
216,6,18,0.062374863773584366,player-2,21,22,30,19,player-1,player-2
216,7,19,0.06345799192786217,player-4,22,26,32,24,player-2,player-4
216,8,18,0.06133317947387695,player-4,25,29,39,27,player-3,player-4
216,9,19,0.07187481969594955,player-2,29,35,48,30,player-4,player-2
216,10,18,0.09600003249943256,player-2,33,37,53,36,player-1,player-2
216,11,18,0.06708316504955292,player-3,36,37,55,38,player-2,player-3
216,12,17,0.07145898416638374,player-3,38,41,64,39,player-3,player-3
217,1,18,0.06620795466005802,player-2,4,4,0,2,player-1,player-2
217,2,17,0.08316594175994396,player-2,7,12,4,5,player-2,player-2
217,3,17,0.06320909596979618,player-3,10,16,11,5,player-3,player-3
217,4,17,0.061166007071733475,player-4,12,16,18,5,player-4,player-4
217,5,18,0.08741696365177631,player-2,14,22,23,5,player-1,player-2
217,6,20,0.0805840827524662,player-1,17,26,28,12,player-2,player-1
217,7,17,0.06979214958846569,player-3,19,27,32,12,player-3,player-3
217,8,18,0.06587500683963299,player-1,26,31,36,16,player-4,player-1
217,9,17,0.06254203617572784,player-1,30,31,44,17,player-1,player-1
217,10,17,0.06316695362329483,player-2,34,35,46,25,player-2,player-2
217,11,19,0.07349997758865356,player-1,45,37,47,26,player-3,player-1
217,12,17,0.06541702896356583,player-4,52,41,59,31,player-4,player-4
218,1,17,0.07962505333125591,player-2,6,3,6,5,player-2,player-2
218,2,19,0.07562502287328243,player-1,13,3,8,8,player-3,player-1
218,3,17,0.06145797669887543,player-4,19,6,9,12,player-4,player-4
218,4,19,0.07025012746453285,player-3,27,11,14,14,player-1,player-3
218,5,17,0.06612506695091724,player-2,38,24,17,24,player-2,player-2
218,6,17,0.058625126257538795,player-3,43,26,26,25,player-3,player-3
218,7,18,0.06379117257893085,player-1,51,32,28,34,player-4,player-1
218,8,18,0.06712484173476696,player-2,52,32,31,35,player-1,player-2
218,9,18,0.06400002166628838,player-3,52,36,36,40,player-2,player-3
218,10,17,0.056833960115909576,player-3,58,37,37,44,player-3,player-3
218,11,17,0.05970802158117294,player-4,63,37,43,53,player-4,player-4
219,1,21,0.07695890963077545,player-2,11,3,6,4,player-2,player-2
219,2,17,0.05991593934595585,player-3,18,3,8,5,player-3,player-3
219,3,28,0.07483386434614658,player-3,20,5,13,8,player-4,player-3
219,4,21,0.06341678090393543,none,21,9,16,10,player-1,none
219,5,17,0.06712507456541061,player-2,26,17,19,15,player-2,player-2
219,6,20,0.07216702215373516,player-2,28,23,21,18,player-3,player-2
219,7,18,0.07362500764429569,player-1,31,31,22,19,player-4,player-1
219,8,17,0.05745794624090195,player-1,36,34,30,19,player-1,player-1
219,9,18,0.06683310493826866,player-3,41,35,39,21,player-2,player-3
219,10,18,0.07570907473564148,player-4,44,43,40,27,player-3,player-4
219,11,18,0.0638328492641449,player-1,49,44,46,31,player-4,player-1
219,12,23,0.08920812979340553,player-3,51,48,48,35,player-1,player-3
219,13,18,0.08129212073981762,player-3,53,50,49,36,player-2,player-3
220,1,17,0.3245000261813402,player-3,8,1,3,1,player-3,player-3
220,2,18,0.08087488822638988,player-1,11,6,3,4,player-4,player-1
220,3,17,0.05950010381639004,player-1,15,9,3,8,player-1,player-1
220,4,18,0.06925011985003948,player-3,19,13,7,8,player-2,player-3
220,5,19,0.07795891724526882,player-1,25,18,9,9,player-3,player-1
220,6,17,0.07729209028184414,player-4,30,20,9,15,player-4,player-4
220,7,21,0.06754184141755104,player-1,36,23,11,16,player-1,player-1
220,8,17,0.060542020946741104,player-2,37,27,13,21,player-2,player-2
220,9,18,0.07037515752017498,player-4,46,27,17,28,player-3,player-4
220,10,18,0.06812484934926033,player-1,49,28,25,30,player-4,player-1
220,11,18,0.07079099304974079,player-2,52,33,30,38,player-1,player-2
220,12,17,0.06395811215043068,player-2,56,36,34,41,player-2,player-2
220,13,17,0.04741596058011055,player-3,57,36,43,42,player-3,player-3
221,1,17,0.06091594696044922,player-1,6,2,0,6,player-1,player-1
221,2,19,0.05495804361999035,player-4,10,7,0,14,player-2,player-4
221,3,19,0.09845895692706108,player-1,13,14,2,23,player-3,player-1
221,4,24,0.06845896132290363,none,15,15,7,26,player-4,none
221,5,17,0.07129204459488392,player-1,27,16,18,35,player-1,player-1
221,6,19,0.06895908154547215,player-4,33,17,20,38,player-2,player-4
221,7,18,0.0541249755769968,player-4,38,17,24,50,player-3,player-4
221,8,17,0.06379187107086182,player-4,38,26,26,55,player-4,player-4
221,9,17,0.07037492468953133,player-1,39,28,30,58,player-1,player-1
221,10,22,0.07041590288281441,player-3,50,33,35,62,player-2,player-3
221,11,18,0.07129204459488392,player-4,56,33,42,65,player-3,player-4
221,12,17,0.06520887836813927,player-4,56,33,46,68,player-4,player-4
222,1,18,0.06325007416307926,player-3,3,5,1,1,player-2,player-3
222,2,19,0.061416998505592346,player-1,12,7,4,4,player-3,player-1
222,3,20,0.07187505252659321,player-3,16,11,5,6,player-4,player-3
222,4,20,0.061583006754517555,player-4,20,12,5,10,player-1,player-4
222,5,19,0.06350013427436352,player-4,22,12,6,14,player-2,player-4
222,6,17,0.0719169620424509,player-3,24,12,14,17,player-3,player-3
222,7,17,0.0527920201420784,player-4,25,15,14,22,player-4,player-4
222,8,17,0.07495819590985775,player-1,30,16,21,25,player-1,player-1
222,9,17,0.06570806726813316,player-2,33,16,21,34,player-2,player-2
222,10,18,0.07637497037649155,player-4,37,20,30,38,player-3,player-4
222,11,17,0.06733299233019352,player-4,40,23,35,39,player-4,player-4
222,12,25,0.06920797750353813,player-1,52,23,38,41,player-1,player-1
222,13,23,0.0879999715834856,player-4,54,25,44,45,player-2,player-4
222,14,26,0.07879198528826237,player-4,57,31,44,47,player-3,player-4
223,1,17,0.06437511183321476,player-3,2,8,10,7,player-3,player-3
223,2,17,0.057416968047618866,player-4,8,13,15,17,player-4,player-4
223,3,18,0.06949994713068008,player-2,13,17,18,18,player-1,player-2
223,4,17,0.06137508898973465,player-2,13,26,18,23,player-2,player-2
223,5,20,0.08433288894593716,player-2,17,33,22,25,player-3,player-2
223,6,17,0.06404099985957146,player-4,21,36,25,26,player-4,player-4
223,7,19,0.07045804522931576,player-3,23,36,32,35,player-1,player-3
223,8,18,0.05766586400568485,player-3,28,38,36,38,player-2,player-3
223,9,17,0.07391697727143764,player-3,35,41,43,40,player-3,player-3
223,10,22,0.06850017234683037,player-1,42,41,46,41,player-4,player-1
223,11,18,0.07754191756248474,player-2,53,48,46,50,player-1,player-2
223,12,18,0.08224998600780964,player-3,55,49,54,55,player-2,player-3
224,1,17,0.07116701453924179,player-2,7,2,1,3,player-2,player-2
224,2,19,0.06733392365276814,player-1,13,5,4,3,player-3,player-1
224,3,18,0.05970895290374756,player-1,26,7,5,4,player-4,player-1
224,4,19,0.07716589607298374,player-3,30,10,12,4,player-1,player-3
224,5,23,0.09258394129574299,player-4,35,21,15,8,player-2,player-4
224,6,18,0.075541902333498,player-4,37,24,20,13,player-3,player-4
224,7,18,0.06225006654858589,player-1,37,30,22,15,player-4,player-1
224,8,18,0.07683387957513332,player-2,41,38,27,22,player-1,player-2
224,9,18,0.06216694600880146,player-3,41,41,33,27,player-2,player-3
224,10,18,0.06829202175140381,player-4,44,44,36,31,player-3,player-4
224,11,17,0.06637489423155785,player-4,44,48,42,47,player-4,player-4
224,12,17,0.0521661713719368,player-1,45,54,44,47,player-1,player-1
225,1,19,0.05787494592368603,player-1,1,3,2,0,player-3,player-1
225,2,20,0.06404193118214607,player-3,2,6,4,2,player-4,player-3
225,3,26,0.06850017234683037,player-2,4,8,7,6,player-1,player-2
225,4,18,0.0677499920129776,player-3,6,13,9,8,player-2,player-3
225,5,18,0.05516689270734787,player-4,6,16,16,14,player-3,player-4
225,6,17,0.07470883429050446,player-4,10,18,21,20,player-4,player-4
225,7,19,0.05787517875432968,player-3,18,19,26,25,player-1,player-3
225,8,19,0.062499893829226494,player-4,25,22,31,36,player-2,player-4
225,9,17,0.05804188549518585,player-3,27,22,38,36,player-3,player-3
225,10,19,0.0941248144954443,player-2,28,24,46,42,player-4,player-2
225,11,18,0.0588330440223217,player-2,29,27,47,44,player-1,player-2
225,12,17,0.07262500002980232,player-2,36,31,49,49,player-2,player-2
225,13,17,0.0777500681579113,player-3,40,33,53,51,player-3,player-3
225,14,21,0.08862488903105259,player-4,41,37,54,55,player-4,player-4
225,15,25,0.09441678412258625,player-1,46,42,56,56,player-1,player-1
226,1,17,0.059999991208314896,player-4,0,5,3,1,player-4,player-4
226,2,18,0.0641669612377882,player-2,5,19,3,5,player-1,player-2
226,3,17,0.06612506695091724,player-2,8,21,3,8,player-2,player-2
226,4,17,0.06237509660422802,player-3,11,23,7,10,player-3,player-3
226,5,21,0.09229104034602642,player-4,13,26,9,20,player-4,player-4
226,6,19,0.07833284325897694,player-3,18,33,15,21,player-1,player-3
226,7,26,0.11320901103317738,player-3,25,41,24,40,player-2,player-3
226,8,18,0.07058307528495789,player-4,25,45,28,42,player-3,player-4
226,9,18,0.07400009781122208,player-1,30,46,29,47,player-4,player-1
226,10,17,0.06433390080928802,player-1,32,46,31,47,player-1,player-1
226,11,34,0.13870792463421822,player-3,38,48,58,53,player-2,player-3
227,1,17,0.0688750296831131,player-1,6,3,5,2,player-1,player-1
227,2,17,0.07025012746453285,player-2,9,10,8,6,player-2,player-2
227,3,18,0.0737910158932209,player-4,18,19,11,8,player-3,player-4
227,4,17,0.07070787250995636,player-4,24,22,15,12,player-4,player-4
227,5,20,0.06508291698992252,none,26,23,17,16,player-1,none
227,6,21,0.08520809933543205,player-2,46,33,29,24,player-2,player-2
227,7,20,0.06900005973875523,player-2,53,34,30,28,player-3,player-2
227,8,18,0.06354204379022121,player-1,56,38,30,31,player-4,player-1
227,9,18,0.06474996916949749,player-2,61,39,32,31,player-1,player-2
227,10,19,0.07429090328514576,player-4,62,44,32,39,player-2,player-4
227,11,17,0.07312512025237083,player-3,70,48,34,41,player-3,player-3
228,1,17,0.07254187949001789,player-3,4,2,5,1,player-3,player-3
228,2,17,0.06691715680062771,player-4,7,7,12,5,player-4,player-4
228,3,17,0.10262499563395977,player-1,25,7,19,7,player-1,player-1
228,4,18,0.06583286449313164,player-3,29,9,20,9,player-2,player-3
228,5,20,0.07620919495820999,player-2,31,16,30,11,player-3,player-2
228,6,20,0.06183283403515816,player-3,32,17,37,15,player-4,player-3
228,7,17,0.06816699169576168,player-1,40,17,39,15,player-1,player-1
228,8,17,0.09370897896587849,player-2,43,33,41,17,player-2,player-2
228,9,17,0.05195802077651024,player-3,47,33,51,17,player-3,player-3
228,10,18,0.059542013332247734,player-1,50,35,53,17,player-4,player-1
229,1,17,0.06916699931025505,player-1,6,0,3,4,player-1,player-1
229,2,18,0.0577080063521862,player-3,9,1,12,6,player-2,player-3
229,3,18,0.06858306005597115,player-4,13,8,14,12,player-3,player-4
229,4,19,0.05679205060005188,player-2,13,12,15,15,player-4,player-2
229,5,19,0.07524993270635605,player-3,15,14,26,23,player-1,player-3
229,6,18,0.06500002928078175,player-3,22,18,32,27,player-2,player-3
229,7,19,0.05966681055724621,player-1,24,24,33,29,player-3,player-1
229,8,18,0.07541594095528126,player-1,29,24,33,34,player-4,player-1
229,9,24,0.10079191997647285,player-4,34,27,53,42,player-1,player-4
229,10,17,0.06975000724196434,player-2,35,32,54,45,player-2,player-2
229,11,17,0.05679205060005188,player-3,38,32,57,47,player-3,player-3
229,12,17,0.07508299313485622,player-4,48,38,65,54,player-4,player-4
230,1,28,0.07612491026520729,none,3,7,0,7,player-1,none
230,2,20,0.06966711953282356,player-1,5,14,8,16,player-2,player-1
230,3,20,0.07579196244478226,player-2,8,20,10,19,player-3,player-2
230,4,17,0.06474996916949749,player-4,11,22,16,23,player-4,player-4
230,5,17,0.061916885897517204,player-1,14,26,18,31,player-1,player-1
230,6,19,0.05925004370510578,player-4,19,29,18,31,player-2,player-4
230,7,22,0.07533305324614048,player-4,29,38,22,37,player-3,player-4
230,8,17,0.07158308289945126,player-4,35,42,27,44,player-4,player-4
230,9,21,0.06987503729760647,player-1,39,45,28,44,player-1,player-1
230,10,18,0.07424992509186268,player-3,39,52,33,52,player-2,player-3
231,1,17,0.059208134189248085,player-4,6,0,1,3,player-4,player-4
231,2,18,0.07866695523262024,player-2,9,6,1,5,player-1,player-2
231,3,17,0.06062490865588188,player-2,15,18,4,7,player-2,player-2
231,4,17,0.06749993190169334,player-3,20,22,12,7,player-3,player-3
231,5,22,0.09141606278717518,player-1,25,30,23,18,player-4,player-1
231,6,20,0.059542013332247734,player-4,27,31,26,20,player-1,player-4
231,7,20,0.06425008177757263,player-1,28,36,29,22,player-2,player-1
231,8,21,0.06900005973875523,player-3,28,36,31,24,player-3,player-3
231,9,17,0.06283307448029518,player-4,32,36,39,28,player-4,player-4
231,10,25,0.08312496356666088,player-1,38,39,50,31,player-1,player-1
231,11,17,0.05316687747836113,player-2,42,46,50,31,player-2,player-2
231,12,20,0.08729193359613419,player-2,42,49,53,37,player-3,player-2
231,13,19,0.06616604514420033,player-2,44,55,56,39,player-4,player-2
232,1,17,0.04950002767145634,player-2,5,8,2,1,player-2,player-2
232,2,18,0.07820804603397846,player-4,10,12,7,6,player-3,player-4
232,3,20,0.0749579630792141,player-3,11,13,8,6,player-4,player-3
232,4,17,0.056999968364834785,player-1,14,13,8,10,player-1,player-1
232,5,17,0.06083305925130844,player-2,19,23,13,14,player-2,player-2
232,6,18,0.059165991842746735,player-4,22,27,17,15,player-3,player-4
232,7,17,0.06837514229118824,player-4,23,33,22,16,player-4,player-4
232,8,17,0.0639590434730053,player-1,28,35,24,16,player-1,player-1
232,9,17,0.069082947447896,player-2,39,38,24,19,player-2,player-2
232,10,17,0.06970786489546299,player-3,41,44,29,22,player-3,player-3
232,11,17,0.05679205060005188,player-4,43,45,30,25,player-4,player-4
232,12,20,0.07924996316432953,player-4,56,52,32,32,player-1,player-4
232,13,20,0.0653339084237814,player-1,64,53,33,36,player-2,player-1
232,14,17,0.051625072956085205,player-3,64,55,39,36,player-3,player-3
233,1,18,0.06341584958136082,player-3,2,4,3,2,player-2,player-3
233,2,17,0.056416960433125496,player-3,6,8,9,2,player-3,player-3
233,3,17,0.058167148381471634,player-4,9,9,14,5,player-4,player-4
233,4,19,0.07366691716015339,player-3,11,9,20,11,player-1,player-3
233,5,21,0.07308414205908775,player-2,20,11,23,14,player-2,player-2
233,6,17,0.062000006437301636,player-3,20,11,30,16,player-3,player-3
233,7,18,0.059582991525530815,player-1,34,12,32,21,player-4,player-1
233,8,21,0.06800005212426186,player-1,43,15,32,25,player-1,player-1
233,9,20,0.07149996235966682,player-1,45,17,32,27,player-2,player-1
233,10,18,0.059416983276605606,player-4,47,20,33,31,player-3,player-4
233,11,18,0.08075009100139141,player-1,54,26,35,35,player-4,player-1
233,12,19,0.07845810614526272,player-3,58,29,40,36,player-1,player-3
233,13,20,0.06783404387533665,player-1,64,31,43,37,player-2,player-1
234,1,18,0.07187505252659321,player-1,5,5,2,7,player-4,player-1
234,2,17,0.06491690874099731,player-1,11,9,3,13,player-1,player-1
234,3,20,0.061750179156661034,player-1,14,14,3,14,player-2,player-1
234,4,24,0.07533282041549683,player-2,17,21,10,18,player-3,player-2
234,5,19,0.05512498319149017,player-2,17,23,13,22,player-4,player-2
234,6,17,0.06925011985003948,player-1,23,24,15,24,player-1,player-1
234,7,18,0.07083406671881676,player-3,26,26,18,28,player-2,player-3
234,8,18,0.07316702976822853,player-4,29,26,22,28,player-3,player-4
234,9,18,0.06754114292562008,player-1,29,28,28,34,player-4,player-1
234,10,19,0.08837506175041199,player-3,41,28,35,46,player-1,player-3
234,11,17,0.06312504410743713,player-2,44,38,37,48,player-2,player-2
234,12,19,0.0680421944707632,player-1,49,41,40,50,player-3,player-1
234,13,21,0.0694170594215393,player-4,51,45,46,54,player-4,player-4
234,14,19,0.061916885897517204,player-3,59,45,54,55,player-1,player-3
235,1,17,0.06558396853506565,player-3,4,2,3,2,player-3,player-3
235,2,18,0.0741670373827219,player-1,8,6,4,4,player-4,player-1
235,3,18,0.056625111028552055,player-2,9,9,6,7,player-1,player-2
235,4,18,0.05520787090063095,player-3,11,13,8,9,player-2,player-3
235,5,29,0.07620803080499172,none,11,13,9,12,player-3,none
235,6,17,0.07470906712114811,player-4,16,14,18,20,player-4,player-4
235,7,18,0.05716690793633461,player-2,19,20,24,20,player-1,player-2
235,8,17,0.0630419235676527,player-2,19,26,31,22,player-2,player-2
235,9,17,0.061499886214733124,player-3,20,29,33,22,player-3,player-3
235,10,17,0.10954216122627258,player-4,26,31,38,28,player-4,player-4
235,11,18,0.07245899178087711,player-2,29,38,38,28,player-1,player-2
235,12,19,0.08429191075265408,player-4,37,39,44,36,player-2,player-4
235,13,18,0.07466692477464676,player-4,40,43,51,46,player-3,player-4
235,14,17,0.07233279757201672,player-4,40,44,55,55,player-4,player-4
235,15,23,0.09516719728708267,player-3,46,44,64,57,player-1,player-3
236,1,18,0.08412497118115425,player-3,2,4,6,3,player-2,player-3
236,2,17,0.06795907393097878,player-3,2,6,9,5,player-3,player-3
236,3,22,0.08604186587035656,player-1,9,19,10,15,player-4,player-1
236,4,17,0.06499979645013809,player-1,14,19,16,15,player-1,player-1
236,5,17,0.06454205140471458,player-2,18,23,16,18,player-2,player-2
236,6,18,0.06787502206861973,player-4,19,23,22,19,player-3,player-4
236,7,18,0.07191603071987629,player-1,23,24,25,21,player-4,player-1
236,8,18,0.07408298552036285,player-2,24,31,26,27,player-1,player-2
236,9,17,0.06087496876716614,player-2,26,35,27,27,player-2,player-2
236,10,21,0.08970801718533039,player-3,29,40,32,27,player-3,player-3
236,11,20,0.08416594937443733,player-3,39,44,36,30,player-4,player-3
236,12,20,0.06037508137524128,player-4,44,45,38,40,player-1,player-4
236,13,17,0.06420910358428955,player-2,53,48,41,46,player-2,player-2
236,14,17,0.057958997786045074,player-3,57,52,43,49,player-3,player-3
237,1,17,0.06566592492163181,player-2,0,5,1,2,player-2,player-2
237,2,17,0.0599580816924572,player-3,3,5,3,2,player-3,player-3
237,3,19,0.06441702134907246,player-2,3,10,12,4,player-4,player-2
237,4,18,0.06220792420208454,player-2,8,18,16,4,player-1,player-2
237,5,19,0.06025005131959915,player-4,11,26,21,12,player-2,player-4
237,6,20,0.09433296509087086,player-2,21,32,24,19,player-3,player-2
237,7,17,0.06354204379022121,player-4,22,36,33,22,player-4,player-4
237,8,19,0.06391596980392933,player-3,28,42,43,22,player-1,player-3
237,9,19,0.06662518717348576,player-4,33,48,50,23,player-2,player-4
237,10,18,0.061959028244018555,player-4,34,52,53,25,player-3,player-4
237,11,25,0.06400002166628838,none,36,52,53,32,player-4,none
237,12,17,0.05612499080598354,player-1,45,55,53,35,player-1,player-1
237,13,17,0.05224999040365219,player-2,47,58,53,35,player-2,player-2
238,1,21,0.0814169179648161,player-1,8,10,6,2,player-1,player-1
238,2,17,0.05620904266834259,player-2,8,14,9,6,player-2,player-2
238,3,17,0.06150011904537678,player-3,10,18,10,7,player-3,player-3
238,4,17,0.059999991208314896,player-4,12,22,10,10,player-4,player-4
238,5,17,0.05670799873769283,player-1,14,23,18,11,player-1,player-1
238,6,24,0.07583294063806534,player-1,19,28,22,13,player-2,player-1
238,7,20,0.0715409405529499,player-2,25,33,29,16,player-3,player-2
238,8,19,0.08283299393951893,player-2,33,40,31,23,player-4,player-2
238,9,17,0.06524985656142235,player-1,40,40,33,26,player-1,player-1
238,10,17,0.06091711111366749,player-2,40,46,35,30,player-2,player-2
238,11,18,0.06445893086493015,player-4,40,50,41,36,player-3,player-4
238,12,20,0.06395811215043068,player-3,42,52,47,37,player-4,player-3
238,13,18,0.07179193198680878,player-2,47,57,52,39,player-1,player-2
238,14,18,0.09354110807180405,player-3,52,61,63,42,player-2,player-3
239,1,17,0.09558303281664848,player-3,0,4,7,2,player-3,player-3
239,2,19,0.09929202497005463,player-2,4,5,8,3,player-4,player-2
239,3,17,0.05316617898643017,player-1,8,6,10,8,player-1,player-1
239,4,18,0.05937507376074791,player-3,10,8,21,8,player-2,player-3
239,5,19,0.05724979564547539,player-1,13,8,25,8,player-3,player-1
239,6,17,0.06066705100238323,player-4,15,11,26,9,player-4,player-4
239,7,19,0.07075001485645771,player-3,17,13,28,13,player-1,player-3
239,8,17,0.07429183460772038,player-2,22,21,32,19,player-2,player-2
239,9,17,0.07025012746453285,player-3,29,26,37,22,player-3,player-3
239,10,17,0.05508400499820709,player-4,29,27,39,29,player-4,player-4
239,11,17,0.0535410363227129,player-1,38,27,41,29,player-1,player-1
239,12,17,0.06150011904537678,player-2,41,27,46,33,player-2,player-2
239,13,17,0.060374848544597626,player-3,41,31,55,37,player-3,player-3
239,14,20,0.06854208186268806,player-3,47,33,69,37,player-4,player-3
240,1,19,0.06862496957182884,player-2,4,0,0,8,player-4,player-2
240,2,18,0.06204191595315933,player-2,6,2,2,16,player-1,player-2
240,3,17,0.06158393807709217,player-2,10,12,5,21,player-2,player-2
240,4,17,0.0517088919878006,player-3,12,16,8,22,player-3,player-3
240,5,17,0.062333885580301285,player-4,15,16,16,22,player-4,player-4
240,6,29,0.08012494072318077,player-1,18,21,17,24,player-1,player-1
240,7,18,0.06612506695091724,player-3,20,21,22,25,player-2,player-3
240,8,17,0.0539170578122139,player-3,23,29,25,31,player-3,player-3
240,9,17,0.05850009620189667,player-4,24,34,25,35,player-4,player-4
240,10,18,0.05941721610724926,player-2,27,42,31,36,player-1,player-2
240,11,18,0.06145797669887543,player-3,34,43,45,43,player-2,player-3
240,12,17,0.05425000563263893,player-3,34,43,57,48,player-3,player-3
240,13,17,0.0702498946338892,player-4,37,46,60,54,player-4,player-4
241,1,18,0.07675006054341793,player-3,3,7,2,2,player-2,player-3
241,2,20,0.05741603672504425,player-2,5,10,3,3,player-3,player-2
241,3,17,0.06770901381969452,player-4,8,17,3,9,player-4,player-4
241,4,17,0.07837498560547829,player-1,12,21,4,13,player-1,player-1
241,5,17,0.06441702134907246,player-2,15,24,9,15,player-2,player-2
241,6,17,0.05350005812942982,player-3,15,26,16,15,player-3,player-3
241,7,18,0.0743749551475048,player-1,17,30,20,21,player-4,player-1
241,8,25,0.07924996316432953,none,21,35,22,29,player-1,none
241,9,17,0.07433397695422173,player-2,28,36,24,30,player-2,player-2
241,10,18,0.06779097020626068,player-4,28,38,27,34,player-3,player-4
241,11,18,0.06183399818837643,player-1,35,44,30,35,player-4,player-1
241,12,17,0.07650000043213367,player-1,37,46,33,38,player-1,player-1
241,13,17,0.04575005732476711,none,38,52,36,39,player-2,none
241,14,18,0.06520911119878292,player-4,38,54,38,50,player-3,player-4
242,1,17,0.07295794785022736,player-2,3,13,5,0,player-2,player-2
242,2,18,0.06337487138807774,player-4,9,18,5,0,player-3,player-4
242,3,17,0.06420817226171494,player-4,13,24,13,5,player-4,player-4
242,4,18,0.06316695362329483,player-2,21,30,17,10,player-1,player-2
242,5,17,0.05545793101191521,player-2,26,34,17,12,player-2,player-2
242,6,23,0.07120799273252487,player-1,26,35,19,15,player-3,player-1
242,7,21,0.06579095497727394,player-4,29,45,23,23,player-4,player-4
242,8,24,0.11674989946186543,player-4,31,49,32,32,player-1,player-4
242,9,22,0.07937499321997166,player-3,33,55,40,34,player-2,player-3
242,10,17,0.06141606718301773,player-3,37,55,42,38,player-3,player-3
242,11,17,0.0567091628909111,player-4,39,57,43,42,player-4,player-4
242,12,18,0.05658390000462532,player-2,40,61,45,45,player-1,player-2
243,1,17,0.07479195483028889,player-4,7,8,4,4,player-4,player-4
243,2,24,0.07449998520314693,none,15,12,4,6,player-1,none
243,3,18,0.06808293983340263,player-3,27,13,10,12,player-2,player-3
243,4,19,0.06204191595315933,player-1,34,19,12,12,player-3,player-1
243,5,18,0.06637489423155785,player-1,37,19,18,17,player-4,player-1
243,6,17,0.058125006034970284,player-1,40,24,22,21,player-1,player-1
243,7,18,0.07829093374311924,player-3,47,27,28,23,player-2,player-3
243,8,18,0.07212511263787746,player-4,49,34,34,24,player-3,player-4
243,9,17,0.07191719487309456,player-4,49,40,43,34,player-4,player-4
243,10,18,0.07333303801715374,player-2,54,43,45,36,player-1,player-2
243,11,21,0.07187505252659321,player-2,60,51,47,37,player-2,player-2
244,1,17,0.05312496796250343,player-1,2,0,2,1,player-1,player-1
244,2,19,0.06787502206861973,player-4,7,0,3,8,player-2,player-4
244,3,17,0.07408298552036285,player-3,17,0,13,13,player-3,player-3
244,4,18,0.07204199209809303,player-1,22,5,17,19,player-4,player-1
244,5,20,0.06937514990568161,player-4,27,8,20,24,player-1,player-4
244,6,19,0.07533282041549683,none,31,17,20,28,player-2,none
244,7,20,0.08695782162249088,player-2,34,27,25,37,player-3,player-2
244,8,17,0.06174994632601738,player-4,37,27,33,46,player-4,player-4
244,9,25,0.08954200893640518,player-1,41,35,34,48,player-1,player-1
244,10,18,0.0641250517219305,player-3,46,35,39,53,player-2,player-3
244,11,19,0.06416602991521358,player-1,59,43,42,55,player-3,player-1
245,1,24,0.08279201574623585,player-2,3,1,5,3,player-3,player-2
245,2,19,0.07312488742172718,player-2,3,5,5,11,player-4,player-2
245,3,26,0.08433405309915543,player-2,11,6,9,15,player-1,player-2
245,4,18,0.1132078468799591,player-3,11,9,15,20,player-2,player-3
245,5,20,0.09895791299641132,player-2,13,12,21,24,player-3,player-2
245,6,17,0.08083297871053219,player-4,18,18,28,28,player-4,player-4
245,7,28,0.08466700091958046,none,19,19,29,36,player-1,none
245,8,17,0.07350021041929722,player-2,23,26,35,38,player-2,player-2
245,9,18,0.08249981328845024,player-4,27,36,35,43,player-3,player-4
245,10,17,0.06941612809896469,player-4,27,45,48,45,player-4,player-4
245,11,19,0.09412504732608795,player-3,27,50,52,47,player-1,player-3
245,12,17,0.06591691635549068,player-2,32,51,53,56,player-2,player-2
246,1,26,0.07670908235013485,none,2,3,0,3,player-1,none
246,2,17,0.0602498184889555,player-2,9,8,0,6,player-2,player-2
246,3,17,0.0566248781979084,player-3,10,12,4,7,player-3,player-3
246,4,18,0.0779998954385519,player-1,17,13,8,10,player-4,player-1
246,5,17,0.06504100747406483,player-1,22,16,8,13,player-1,player-1
246,6,17,0.06341701373457909,player-2,28,28,11,13,player-2,player-2
246,7,20,0.06145797669887543,player-2,30,31,15,16,player-3,player-2
246,8,27,0.0891669187694788,player-2,31,34,19,21,player-4,player-2
246,9,20,0.0666249543428421,player-4,38,35,27,26,player-1,player-4
246,10,24,0.0764590222388506,player-1,41,38,27,34,player-2,player-1
246,11,18,0.07075001485645771,player-4,45,40,29,36,player-3,player-4
246,12,19,0.06983312778174877,player-2,45,45,34,38,player-4,player-2
246,13,22,0.07208390161395073,none,45,50,40,41,player-1,none
246,14,17,0.06387499161064625,player-2,49,50,42,44,player-2,player-2
246,15,17,0.05295919254422188,player-3,51,53,48,46,player-3,player-3
246,16,17,0.052042072638869286,player-4,55,60,49,54,player-4,player-4
247,1,17,0.06041582673788071,player-1,6,1,4,3,player-1,player-1
247,2,20,0.08649984374642372,player-1,11,5,4,12,player-2,player-1
247,3,18,0.07020891644060612,player-4,14,8,7,17,player-3,player-4
247,4,18,0.06866711191833019,player-1,22,9,7,21,player-4,player-1
247,5,17,0.07220893166959286,player-1,26,15,7,26,player-1,player-1
247,6,21,0.06874999962747097,player-2,37,19,7,26,player-2,player-2
247,7,17,0.058042118325829506,player-3,39,21,12,29,player-3,player-3
247,8,19,0.0663751270622015,player-2,43,23,18,37,player-4,player-2
247,9,17,0.05033309571444988,player-1,47,25,20,37,player-1,player-1
247,10,17,0.053666066378355026,player-2,47,29,20,41,player-2,player-2
247,11,17,0.07820804603397846,player-3,52,34,33,46,player-3,player-3
247,12,18,0.06591691635549068,player-1,65,34,33,48,player-4,player-1
247,13,17,0.04945811815559864,player-1,72,36,36,48,player-1,player-1
248,1,18,0.07012509740889072,player-3,1,0,6,3,player-2,player-3
248,2,19,0.07475004531443119,player-1,4,0,11,10,player-3,player-1
248,3,17,0.06633391603827477,player-4,10,5,19,14,player-4,player-4
248,4,17,0.06070802919566631,player-1,15,10,20,16,player-1,player-1
248,5,17,0.06320793181657791,player-2,18,15,22,19,player-2,player-2
248,6,19,0.07216702215373516,player-1,34,21,30,24,player-3,player-1
248,7,20,0.08966703899204731,player-3,40,26,37,27,player-4,player-3
248,8,17,0.058333855122327805,player-1,45,33,37,27,player-1,player-1
248,9,18,0.07895799353718758,player-3,56,43,46,35,player-2,player-3
249,1,17,0.0677499920129776,player-3,4,0,9,3,player-3,player-3
249,2,18,0.0538751482963562,player-1,9,0,9,4,player-4,player-1
249,3,18,0.08233310654759407,player-2,15,6,13,7,player-1,player-2
249,4,23,0.08362485095858574,player-4,18,11,15,13,player-2,player-4
249,5,17,0.06866687908768654,player-3,27,15,23,13,player-3,player-3
249,6,19,0.057999975979328156,player-2,27,19,24,18,player-4,player-2
249,7,17,0.05929195322096348,player-1,39,21,24,22,player-1,player-1
249,8,19,0.06929202936589718,player-4,44,23,40,23,player-2,player-4
249,9,17,0.05266699008643627,player-3,50,23,43,30,player-3,player-3
249,10,17,0.06183399818837643,player-4,52,26,43,39,player-4,player-4
249,11,17,0.08133379742503166,player-1,61,30,47,44,player-1,player-1
250,1,17,0.0768748577684164,player-4,4,6,11,8,player-4,player-4
250,2,23,0.07641687989234924,player-3,4,7,16,13,player-1,player-3
250,3,18,0.06616697646677494,player-3,6,11,22,17,player-2,player-3
250,4,17,0.052541960030794144,player-3,6,13,32,19,player-3,player-3
250,5,18,0.0737910158932209,player-1,12,17,37,23,player-4,player-1
250,6,17,0.05354220047593117,player-1,14,17,37,25,player-1,player-1
250,7,17,0.08175009861588478,player-2,14,27,48,35,player-2,player-2
250,8,17,0.07283315062522888,player-3,15,29,50,38,player-3,player-3
250,9,19,0.06820820271968842,player-2,15,33,53,43,player-4,player-2
250,10,18,0.053999945521354675,player-2,17,36,53,43,player-1,player-2
250,11,17,0.05187490023672581,player-2,22,43,57,47,player-2,player-2
250,12,18,0.07279100827872753,player-4,28,48,65,47,player-3,player-4
250,13,19,0.06145797669887543,player-2,30,52,70,50,player-4,player-2
251,1,20,0.08862512186169624,player-4,2,5,5,9,player-1,player-4
251,2,18,0.07620803080499172,player-3,7,10,6,11,player-2,player-3
251,3,22,0.08545792661607265,player-4,7,12,13,20,player-3,player-4
251,4,18,0.06545800715684891,player-1,13,16,17,27,player-4,player-1
251,5,17,0.0603341031819582,player-1,21,17,22,29,player-1,player-1
251,6,18,0.0639171339571476,player-3,21,19,33,34,player-2,player-3
251,7,20,0.06874999962747097,player-2,25,28,39,40,player-3,player-2
251,8,28,0.07758312858641148,player-3,34,29,44,44,player-4,player-3
251,9,17,0.05679088644683361,player-1,37,31,46,45,player-1,player-1
251,10,18,0.0652919989079237,player-3,40,35,49,51,player-2,player-3
251,11,17,0.05458318628370762,player-3,45,36,53,51,player-3,player-3
251,12,17,0.07233419455587864,player-4,49,39,58,58,player-4,player-4
252,1,19,0.07275003008544445,player-3,2,3,7,6,player-1,player-3
252,2,18,0.06512505933642387,player-3,5,8,14,9,player-2,player-3
252,3,18,0.05233404226601124,player-4,5,9,20,11,player-3,player-4
252,4,17,0.05333404988050461,player-4,8,11,21,14,player-4,player-4
252,5,17,0.05049980245530605,player-1,16,15,24,14,player-1,player-1
252,6,20,0.07570907473564148,player-1,22,20,27,25,player-2,player-1
252,7,18,0.06508291698992252,player-4,35,29,34,34,player-3,player-4
252,8,17,0.05916692316532135,player-4,36,31,40,37,player-4,player-4
252,9,25,0.07341685704886913,player-1,42,32,43,39,player-1,player-1
252,10,17,0.06129220128059387,player-2,48,35,47,41,player-2,player-2
252,11,19,0.057999975979328156,player-1,52,39,52,42,player-3,player-1
253,1,17,0.057625118643045425,player-3,1,2,6,4,player-3,player-3
253,2,21,0.06991694681346416,player-4,3,9,9,9,player-4,player-4
253,3,17,0.0614591408520937,player-1,11,9,9,11,player-1,player-1
253,4,17,0.06870878860354424,player-2,15,22,14,13,player-2,player-2
253,5,22,0.08537503890693188,player-4,21,30,14,15,player-3,player-4
253,6,19,0.07324991747736931,player-2,22,33,18,15,player-4,player-2
253,7,17,0.07175002247095108,player-1,25,39,26,21,player-1,player-1
253,8,17,0.06804196164011955,player-2,29,46,31,21,player-2,player-2
253,9,17,0.07429090328514576,player-3,33,57,33,26,player-3,player-3
253,10,21,0.05579204298555851,player-4,34,59,36,29,player-4,player-4
253,11,17,0.0669590663164854,player-1,43,62,42,29,player-1,player-1
253,12,20,0.073583098128438,player-1,52,65,43,33,player-2,player-1
253,13,19,0.05820789374411106,player-1,63,66,43,37,player-3,player-1
254,1,19,0.06783311255276203,player-2,6,5,0,6,player-4,player-2
254,2,17,0.060957856476306915,player-1,9,7,3,11,player-1,player-1
254,3,18,0.062125036492943764,player-3,14,8,5,14,player-2,player-3
254,4,17,0.0688750296831131,player-3,16,12,18,18,player-3,player-3
254,5,24,0.07320800796151161,none,17,12,31,18,player-4,none
254,6,17,0.05933409556746483,player-1,21,13,31,18,player-1,player-1
254,7,18,0.06612506695091724,player-3,23,15,42,26,player-2,player-3
254,8,17,0.04641595296561718,player-3,23,15,46,28,player-3,player-3
254,9,17,0.06566708907485008,player-4,23,17,50,36,player-4,player-4
254,10,17,0.06854208186268806,player-1,25,17,55,41,player-1,player-1
254,11,18,0.06170803681015968,player-3,25,28,58,45,player-2,player-3
254,12,18,0.05729193799197674,player-4,27,30,62,54,player-3,player-4
254,13,20,0.0614591408520937,player-3,27,36,65,54,player-4,player-3
254,14,21,0.0789170153439045,player-1,32,38,69,56,player-1,player-1
255,1,17,0.06454088725149632,player-4,0,5,1,6,player-4,player-4
255,2,25,0.07162499241530895,player-1,9,5,4,6,player-1,player-1
255,3,17,0.06383401341736317,player-2,10,9,7,6,player-2,player-2
255,4,17,0.04924996756017208,player-3,11,12,10,7,player-3,player-3
255,5,21,0.06191595457494259,player-4,11,15,14,13,player-4,player-4
255,6,17,0.05674990825355053,player-1,18,19,19,19,player-1,player-1
255,7,18,0.10737497359514236,player-3,24,27,21,19,player-2,player-3
255,8,17,0.07158401422202587,player-3,24,28,27,19,player-3,player-3
255,9,18,0.05250005051493645,player-1,27,28,28,23,player-4,player-1
255,10,17,0.07424992509186268,player-1,32,30,31,28,player-1,player-1
255,11,23,0.07654190994799137,player-4,40,37,38,32,player-2,player-4
255,12,17,0.06654090248048306,player-3,45,40,42,34,player-3,player-3
255,13,17,0.059916870668530464,player-4,45,47,43,37,player-4,player-4
255,14,17,0.0641669612377882,player-1,48,49,45,44,player-1,player-1
255,15,17,0.055582961067557335,player-2,49,54,45,50,player-2,player-2
256,1,18,0.052541960030794144,player-2,4,4,0,4,player-1,player-2
256,2,17,0.08462485857307911,player-2,7,10,4,11,player-2,player-2
256,3,21,0.08779088966548443,player-3,9,12,9,11,player-3,player-3
256,4,18,0.05491706542670727,player-1,11,12,10,13,player-4,player-1
256,5,17,0.06387499161064625,player-1,14,15,10,18,player-1,player-1
256,6,18,0.059791840612888336,player-3,16,16,16,22,player-2,player-3
256,7,18,0.0694170594215393,player-4,16,17,24,23,player-3,player-4
256,8,18,0.06404193118214607,player-1,22,18,26,30,player-4,player-1
256,9,17,0.06095808930695057,player-1,26,19,30,30,player-1,player-1
256,10,17,0.062000006437301636,player-2,30,23,30,30,player-2,player-2
256,11,18,0.08520809933543205,player-4,35,30,32,34,player-3,player-4
256,12,20,0.09287497960031033,player-3,47,38,42,36,player-4,player-3
256,13,17,0.059165991842746735,player-1,60,43,44,37,player-1,player-1
257,1,17,0.06145797669887543,player-1,4,4,0,4,player-1,player-1
257,2,19,0.06462493911385536,player-4,6,8,3,6,player-2,player-4
257,3,19,0.07875007577240467,player-1,10,10,8,6,player-3,player-1
257,4,18,0.06308406591415405,player-1,14,16,9,9,player-4,player-1
257,5,17,0.05508400499820709,player-1,29,19,14,16,player-1,player-1
257,6,20,0.06070896051824093,player-1,33,21,17,16,player-2,player-1
257,7,17,0.0663751270622015,player-3,37,21,26,18,player-3,player-3
257,8,17,0.07783295586705208,player-4,37,24,28,21,player-4,player-4
257,9,17,0.08279201574623585,player-1,39,27,38,25,player-1,player-1
257,10,18,0.08020899258553982,player-3,39,28,39,30,player-2,player-3
257,11,18,0.05829194560647011,player-4,39,29,39,36,player-3,player-4
257,12,18,0.06470899097621441,player-1,42,29,41,41,player-4,player-1
257,13,17,0.06208312697708607,player-1,50,29,48,47,player-1,player-1
257,14,19,0.07225014269351959,player-4,50,32,58,56,player-2,player-4
258,1,18,0.07349997758865356,player-3,2,3,8,1,player-2,player-3
258,2,17,0.06741704419255257,player-3,2,8,13,2,player-3,player-3
258,3,18,0.07429183460772038,player-1,7,14,17,8,player-4,player-1
258,4,18,0.0626659020781517,player-2,12,20,18,10,player-1,player-2
258,5,17,0.0578342005610466,player-2,15,23,20,13,player-2,player-2
258,6,17,0.06316695362329483,player-3,15,26,29,13,player-3,player-3
258,7,18,0.05966704338788986,player-1,21,29,29,17,player-4,player-1
258,8,18,0.06437511183321476,player-2,22,32,35,23,player-1,player-2
258,9,17,0.07845810614526272,player-2,25,38,35,24,player-2,player-2
258,10,27,0.07466715760529041,player-1,25,46,40,28,player-3,player-1
258,11,26,0.07375003769993782,player-1,34,50,40,29,player-4,player-1
258,12,26,0.07149996235966682,none,38,50,43,30,player-1,none
258,13,19,0.07041683420538902,player-4,43,50,48,36,player-2,player-4
258,14,17,0.051791081205010414,player-3,46,53,50,39,player-3,player-3
258,15,21,0.07516611367464066,player-4,46,59,53,44,player-4,player-4
259,1,17,0.06220792420208454,player-3,2,0,1,2,player-3,player-3
259,2,15,0.03970903344452381,none,4,5,6,3,player-4,none
259,3,17,0.07370812818408012,player-1,7,13,14,3,player-1,player-1
259,4,18,0.05504116415977478,player-3,13,16,22,5,player-2,player-3
259,5,17,0.044708140194416046,player-3,15,16,25,7,player-3,player-3
259,6,20,0.06545800715684891,player-3,17,19,30,8,player-4,player-3
259,7,17,0.08837506175041199,player-1,20,23,38,21,player-1,player-1
259,8,17,0.06916583515703678,player-2,25,32,44,24,player-2,player-2
259,9,17,0.07654190994799137,player-3,30,35,48,24,player-3,player-3
259,10,17,0.057582976296544075,player-4,33,35,56,28,player-4,player-4
259,11,20,0.06524985656142235,player-4,33,39,65,32,player-1,player-4
259,12,22,0.06395787931978703,player-3,39,40,71,36,player-2,player-3
260,1,19,0.06433296948671341,player-2,0,2,4,4,player-4,player-2
260,2,17,0.05650008097290993,player-1,3,5,5,5,player-1,player-1
260,3,17,0.061125028878450394,player-2,5,15,6,9,player-2,player-2
260,4,18,0.06679189391434193,player-4,11,23,11,15,player-3,player-4
260,5,18,0.06854208186268806,player-1,13,29,11,21,player-4,player-1
260,6,17,0.07487484253942966,player-1,16,33,22,21,player-1,player-1
260,7,19,0.07066596299409866,player-4,28,37,25,29,player-2,player-4
260,8,18,0.07237493991851807,player-4,31,41,28,30,player-3,player-4
260,9,18,0.06225006654858589,player-1,39,42,30,37,player-4,player-1
260,10,21,0.0860830768942833,player-1,45,43,32,40,player-1,player-1
260,11,17,0.05629099905490875,player-2,50,48,34,41,player-2,player-2
260,12,17,0.0577499158680439,player-3,52,49,42,45,player-3,player-3
260,13,18,0.06258301436901093,player-1,55,52,42,52,player-4,player-1
261,1,20,0.07783295586705208,player-4,5,9,7,9,player-1,player-4
261,2,19,0.07554097101092339,player-4,13,13,13,10,player-2,player-4
261,3,20,0.07029203698039055,player-2,17,19,17,15,player-3,player-2
261,4,18,0.087750144302845,player-1,21,27,20,17,player-4,player-1
261,5,18,0.07920805364847183,player-2,26,35,25,20,player-1,player-2
261,6,17,0.06070919334888458,player-2,32,41,29,25,player-2,player-2
261,7,18,0.0657911878079176,player-4,39,44,29,39,player-3,player-4
261,8,17,0.054165953770279884,player-4,43,45,31,41,player-4,player-4
261,9,18,0.053459079936146736,player-2,46,49,34,42,player-1,player-2
261,10,24,0.08433312177658081,player-1,56,50,34,52,player-2,player-1
262,1,21,0.0647080596536398,player-1,3,2,4,0,player-1,player-1
262,2,17,0.05237502045929432,player-2,6,3,4,5,player-2,player-2
262,3,17,0.057165976613759995,player-3,6,5,10,9,player-3,player-3
262,4,17,0.05991710349917412,player-4,7,7,14,14,player-4,player-4
262,5,20,0.058999983593821526,player-4,9,9,16,19,player-1,player-4
262,6,24,0.0738329254090786,player-1,16,14,19,22,player-2,player-1
262,7,17,0.05004112608730793,player-3,19,15,20,22,player-3,player-3
262,8,18,0.07829209789633751,player-1,19,22,22,35,player-4,player-1
262,9,20,0.08904212154448032,player-4,19,29,28,44,player-1,player-4
262,10,17,0.05716690793633461,player-2,20,32,31,49,player-2,player-2
262,11,17,0.0627501867711544,player-3,20,39,37,49,player-3,player-3
262,12,25,0.06220908835530281,none,20,39,38,55,player-4,none
262,13,22,0.0680841039866209,player-2,26,39,39,57,player-1,player-2
262,14,24,0.06520794704556465,player-1,31,42,40,59,player-2,player-1
263,1,18,0.06900005973875523,player-4,3,0,6,0,player-3,player-4
263,2,21,0.06629107519984245,player-4,5,2,11,4,player-4,player-4
263,3,20,0.08358387276530266,player-4,15,2,12,7,player-1,player-4
263,4,21,0.06833299994468689,player-2,17,11,17,12,player-2,player-2
263,5,20,0.06541702896356583,player-2,18,16,20,12,player-3,player-2
263,6,22,0.06883288733661175,player-1,20,16,22,13,player-4,player-1
263,7,17,0.05670799873769283,player-1,25,16,25,20,player-1,player-1
263,8,19,0.06274995394051075,player-4,32,22,28,29,player-2,player-4
263,9,20,0.07037492468953133,player-2,38,25,30,32,player-3,player-2
263,10,17,0.05887518636882305,player-4,39,29,33,38,player-4,player-4
263,11,20,0.07045897655189037,player-4,46,29,33,40,player-1,player-4
263,12,18,0.06570806726813316,player-3,47,31,37,43,player-2,player-3
263,13,19,0.07391604594886303,player-1,51,32,37,48,player-3,player-1
263,14,17,0.06254110485315323,player-4,52,32,47,49,player-4,player-4
263,15,17,0.06870809011161327,player-1,60,33,55,49,player-1,player-1
264,1,17,0.06116693839430809,player-1,8,1,6,5,player-1,player-1
264,2,25,0.07058284245431423,player-2,14,4,8,7,player-2,player-2
264,3,17,0.059999991208314896,player-3,16,8,11,8,player-3,player-3
264,4,18,0.06545777432620525,player-1,21,18,16,14,player-4,player-1
264,5,19,0.06500002928078175,player-3,25,25,20,20,player-1,player-3
264,6,19,0.06370898336172104,player-4,30,28,29,24,player-2,player-4
264,7,19,0.0683339312672615,player-1,40,31,33,24,player-3,player-1
264,8,17,0.059625133872032166,player-4,40,34,38,26,player-4,player-4
264,9,24,0.08695805445313454,player-4,41,36,45,27,player-1,player-4
264,10,18,0.06408290937542915,player-3,43,38,57,27,player-2,player-3
265,1,18,0.057541998103260994,player-3,4,2,2,1,player-2,player-3
265,2,19,0.07083290256559849,player-1,6,2,9,7,player-3,player-1
265,3,17,0.05608284845948219,player-4,7,4,10,14,player-4,player-4
265,4,17,0.07275003008544445,player-1,7,5,13,16,player-1,player-1
265,5,18,0.060542020946741104,player-3,9,6,16,16,player-2,player-3
265,6,18,0.07870793342590332,player-4,12,10,27,22,player-3,player-4
265,7,20,0.08420785889029503,player-3,17,10,36,25,player-4,player-3
265,8,17,0.048832967877388,player-1,22,11,36,25,player-1,player-1
265,9,18,0.07375003769993782,player-3,23,13,44,30,player-2,player-3
265,10,18,0.07158401422202587,player-4,23,14,47,33,player-3,player-4
265,11,17,0.0566248781979084,player-4,29,16,52,34,player-4,player-4
265,12,17,0.06379210390150547,player-1,31,18,53,37,player-1,player-1
265,13,17,0.08437503129243851,player-2,35,24,59,39,player-2,player-2
265,14,19,0.0749160535633564,player-1,40,25,60,39,player-3,player-1
266,1,18,0.054208096116781235,player-2,3,9,7,2,player-1,player-2
266,2,18,0.05808309651911259,player-3,7,11,13,4,player-2,player-3
266,3,27,0.0783340074121952,player-1,10,12,14,7,player-3,player-1
266,4,17,0.05737505853176117,player-4,10,13,24,16,player-4,player-4
266,5,17,0.06545893847942352,player-1,15,16,26,20,player-1,player-1
266,6,19,0.06862496957182884,player-4,15,18,26,21,player-2,player-4
266,7,17,0.049625057727098465,player-3,18,21,32,22,player-3,player-3
266,8,21,0.062417006120085716,player-4,19,25,32,28,player-4,player-4
266,9,17,0.06816606037318707,player-1,22,31,36,31,player-1,player-1
266,10,17,0.07904088124632835,player-2,27,32,41,34,player-2,player-2
266,11,22,0.06741704419255257,none,30,32,43,38,player-3,none
266,12,18,0.057541998103260994,player-1,40,37,46,40,player-4,player-1
266,13,19,0.08954200893640518,player-3,40,39,55,46,player-1,player-3
266,14,17,0.05904096178710461,player-2,47,46,59,51,player-2,player-2
267,1,18,0.07591606117784977,player-4,1,2,8,6,player-3,player-4
267,2,18,0.06545893847942352,player-1,3,5,9,9,player-4,player-1
267,3,17,0.058416975662112236,player-1,6,5,15,14,player-1,player-1
267,4,19,0.05787494592368603,player-4,8,11,16,15,player-2,player-4
267,5,17,0.07037492468953133,player-3,11,17,22,16,player-3,player-3
267,6,19,0.08208304643630981,player-2,20,24,22,18,player-4,player-2
267,7,18,0.059999991208314896,player-2,24,27,22,22,player-1,player-2
267,8,17,0.05837506614625454,player-2,28,31,23,28,player-2,player-2
267,9,19,0.06358395330607891,player-1,32,35,24,31,player-3,player-1
267,10,19,0.0683339312672615,player-2,33,42,27,31,player-4,player-2
267,11,20,0.06712484173476696,player-4,36,43,29,38,player-1,player-4
267,12,17,0.05349982529878616,player-2,37,45,29,42,player-2,player-2
267,13,18,0.06516696885228157,player-4,39,51,32,53,player-3,player-4
268,1,17,0.05991710349917412,player-1,3,0,0,7,player-1,player-1
268,2,20,0.07112487219274044,player-1,11,8,8,9,player-2,player-1
268,3,17,0.05708402022719383,player-3,18,12,13,14,player-3,player-3
268,4,17,0.056999968364834785,player-4,18,14,15,24,player-4,player-4
268,5,18,0.06645801477134228,player-2,25,16,22,24,player-1,player-2
268,6,24,0.06787502206861973,player-1,27,18,23,24,player-2,player-1
268,7,18,0.06408407352864742,player-4,27,24,27,32,player-3,player-4
268,8,18,0.07033301517367363,player-1,29,24,27,33,player-4,player-1
268,9,19,0.07079099304974079,player-3,30,29,27,41,player-1,player-3
268,10,17,0.057958997786045074,player-2,33,35,30,43,player-2,player-2
268,11,17,0.06274995394051075,player-3,33,39,36,45,player-3,player-3
268,12,17,0.06616604514420033,player-4,37,48,47,53,player-4,player-4
269,1,23,0.07170811295509338,player-4,0,7,2,8,player-2,player-4
269,2,17,0.07466692477464676,player-3,0,10,9,16,player-3,player-3
269,3,21,0.08354103192687035,player-4,7,18,13,16,player-4,player-4
269,4,17,0.06404193118214607,player-1,10,19,15,21,player-1,player-1
269,5,18,0.05779205821454525,player-3,17,21,22,24,player-2,player-3
269,6,20,0.06500002928078175,player-2,19,24,22,25,player-3,player-2
269,7,17,0.05966587923467159,player-4,27,25,25,36,player-4,player-4
269,8,17,0.07683387957513332,player-1,34,28,29,37,player-1,player-1
269,9,17,0.06183306686580181,player-2,39,29,32,37,player-2,player-2
269,10,24,0.07241591811180115,player-2,43,30,39,39,player-3,player-2
269,11,18,0.06204191595315933,player-1,53,36,39,42,player-4,player-1
269,12,17,0.07420917972922325,player-1,56,41,42,49,player-1,player-1
269,13,17,0.0588330440223217,player-2,61,46,44,53,player-2,player-2
270,1,18,0.07095816545188427,player-4,6,3,6,6,player-3,player-4
270,2,19,0.060582999140024185,player-2,12,8,9,7,player-4,player-2
270,3,20,0.07033394649624825,player-4,14,11,11,8,player-1,player-4
270,4,17,0.07241591811180115,player-2,20,17,13,15,player-2,player-2
270,5,19,0.1093749888241291,player-1,28,27,21,29,player-3,player-1
270,6,24,0.08612498641014099,player-3,43,27,24,30,player-4,player-3
270,7,18,0.06108405068516731,player-2,48,27,26,32,player-1,player-2
270,8,17,0.07237517274916172,player-2,53,32,30,42,player-2,player-2
270,9,20,0.06333296187222004,player-2,56,44,34,44,player-3,player-2
270,10,17,0.05974993109703064,player-4,56,46,37,48,player-4,player-4
270,11,20,0.06620795466005802,player-4,58,49,38,52,player-1,player-4
271,1,19,0.06874999962747097,player-4,2,0,4,2,player-2,player-4
271,2,17,0.05154102109372616,player-3,5,0,11,4,player-3,player-3
271,3,17,0.07512490265071392,player-4,6,3,11,5,player-4,player-4
271,4,18,0.06820890121161938,player-2,8,5,18,11,player-1,player-2
271,5,17,0.059582991525530815,player-2,13,8,20,14,player-2,player-2
271,6,18,0.05320901982486248,player-4,15,10,21,14,player-3,player-4
271,7,18,0.0802499707788229,player-1,23,14,24,17,player-4,player-1
271,8,25,0.06674998439848423,player-1,24,19,25,21,player-1,player-1
271,9,18,0.06920797750353813,player-3,29,21,31,23,player-2,player-3
271,10,17,0.050250208005309105,player-3,35,21,34,24,player-3,player-3
271,11,20,0.056916847825050354,player-3,36,22,39,26,player-4,player-3
271,12,17,0.05787517875432968,player-1,39,22,39,31,player-1,player-1
271,13,18,0.06545893847942352,player-3,48,24,42,36,player-2,player-3
271,14,18,0.047791050747036934,player-4,48,27,44,40,player-3,player-4
271,15,17,0.06566708907485008,player-4,49,30,48,50,player-4,player-4
271,16,17,0.06979098543524742,player-1,54,38,51,52,player-1,player-1
272,1,17,0.06370898336172104,player-2,6,9,4,2,player-2,player-2
272,2,22,0.07395795546472073,player-4,8,19,6,9,player-3,player-4
272,3,17,0.06324984133243561,player-4,11,21,17,11,player-4,player-4
272,4,17,0.07083290256559849,player-1,15,21,22,15,player-1,player-1
272,5,18,0.06429222412407398,player-3,19,28,28,17,player-2,player-3
272,6,17,0.07458287291228771,player-3,27,34,34,19,player-3,player-3
272,7,19,0.07925019599497318,player-2,31,37,40,30,player-4,player-2
272,8,18,0.07508322596549988,player-2,37,44,45,33,player-1,player-2
272,9,18,0.0664170365780592,player-3,42,52,51,37,player-2,player-3
272,10,18,0.06554089486598969,player-4,43,56,53,44,player-3,player-4
273,1,20,0.06833299994468689,player-1,6,4,1,11,player-2,player-1
273,2,19,0.07366598583757877,player-1,8,6,5,15,player-3,player-1
273,3,20,0.0837910920381546,player-3,17,6,17,17,player-4,player-3
273,4,17,0.07212487980723381,player-1,18,9,20,24,player-1,player-1
273,5,22,0.06437511183321476,player-3,18,10,24,26,player-2,player-3
273,6,19,0.058542005717754364,player-1,23,11,24,29,player-3,player-1
273,7,17,0.07229205220937729,player-4,24,13,24,35,player-4,player-4
273,8,17,0.06808293983340263,player-1,28,16,28,37,player-1,player-1
273,9,17,0.054584117606282234,player-2,33,21,28,37,player-2,player-2
273,10,26,0.07349997758865356,player-4,37,24,31,40,player-3,player-4
273,11,17,0.056165968999266624,player-4,39,24,34,46,player-4,player-4
273,12,20,0.07379194721579552,player-4,43,24,43,46,player-1,player-4
273,13,17,0.05941605195403099,player-2,43,26,47,51,player-2,player-2
273,14,19,0.08650007657706738,player-1,43,34,53,61,player-3,player-1
273,15,17,0.06220792420208454,player-4,45,36,56,64,player-4,player-4
274,1,18,0.0563331414014101,player-4,2,2,2,3,player-3,player-4
274,2,19,0.05583302117884159,player-2,9,6,2,3,player-4,player-2
274,3,20,0.08129212073981762,player-4,12,9,5,8,player-1,player-4
274,4,39,0.11012516915798187,player-4,12,9,15,11,player-2,player-4
274,5,17,0.07620803080499172,player-3,15,12,19,14,player-3,player-3
274,6,18,0.060999998822808266,player-1,24,18,21,14,player-4,player-1
274,7,17,0.05950010381639004,player-1,29,19,23,15,player-1,player-1
274,8,17,0.0516669824719429,player-2,30,23,24,18,player-2,player-2
274,9,19,0.055167125537991524,player-1,33,25,27,21,player-3,player-1
274,10,17,0.06729108281433582,player-4,35,27,30,27,player-4,player-4
274,11,29,0.08670915849506855,none,43,30,34,27,player-1,none
274,12,18,0.06295903585851192,player-3,47,31,38,28,player-2,player-3
274,13,17,0.10208296589553356,player-3,47,37,42,29,player-3,player-3
274,14,17,0.06166612729430199,player-4,47,41,44,31,player-4,player-4
274,15,17,0.07345806807279587,player-1,57,48,49,33,player-1,player-1
275,1,17,0.06441609002649784,player-3,5,0,5,0,player-3,player-3
275,2,17,0.07841689512133598,player-4,8,9,17,2,player-4,player-4
275,3,20,0.06516696885228157,player-4,8,12,17,3,player-1,player-4
275,4,17,0.06704195402562618,player-2,11,28,20,6,player-2,player-2
275,5,18,0.06491714157164097,player-4,14,29,21,9,player-3,player-4
275,6,17,0.06195809692144394,player-4,21,36,21,11,player-4,player-4
275,7,19,0.07091579027473927,player-3,24,39,27,15,player-1,player-3
275,8,17,0.05787494592368603,player-2,34,43,34,20,player-2,player-2
275,9,17,0.055582961067557335,player-3,34,44,40,26,player-3,player-3
275,10,19,0.06295787170529366,player-2,36,54,40,31,player-4,player-2
275,11,17,0.05479203537106514,player-1,39,57,42,31,player-1,player-1
275,12,25,0.08262507617473602,player-2,40,58,44,31,player-2,player-2
275,13,19,0.058957841247320175,player-1,43,62,44,31,player-3,player-1
275,14,21,0.06900005973875523,player-4,48,65,45,37,player-4,player-4
276,1,17,0.08750008419156075,player-4,2,4,0,8,player-4,player-4
276,2,18,0.07399986498057842,player-2,2,11,0,13,player-1,player-2
276,3,17,0.0779998954385519,player-2,7,13,7,14,player-2,player-2
276,4,17,0.06312504410743713,player-3,10,15,9,17,player-3,player-3
276,5,19,0.0815410166978836,player-2,11,24,15,21,player-4,player-2
276,6,18,0.05870801396667957,player-2,11,27,22,28,player-1,player-2
276,7,22,0.05295802839100361,none,17,30,26,29,player-2,none
276,8,18,0.0655842013657093,player-4,27,43,28,36,player-3,player-4
276,9,18,0.05754106678068638,player-1,34,48,36,40,player-4,player-1
276,10,17,0.05904189310967922,player-1,40,52,44,44,player-1,player-1
276,11,18,0.08462509140372276,player-3,48,59,53,52,player-2,player-3
277,1,17,0.0815829262137413,player-1,5,0,3,6,player-1,player-1
277,2,17,0.07154187187552452,player-2,8,8,4,8,player-2,player-2
277,3,19,0.05691591650247574,player-1,15,12,7,9,player-3,player-1
277,4,18,0.06812508217990398,player-1,18,15,7,15,player-4,player-1
277,5,17,0.06537511944770813,player-1,33,15,18,21,player-1,player-1
277,6,19,0.0575000885874033,player-4,33,19,20,22,player-2,player-4
277,7,17,0.053958967328071594,player-3,37,20,25,24,player-3,player-3
277,8,18,0.07049995474517345,player-1,39,25,34,27,player-4,player-1
277,9,18,0.05579087883234024,player-2,43,29,34,27,player-1,player-2
277,10,20,0.1038331538438797,player-1,47,31,34,31,player-2,player-1
277,11,17,0.06308313459157944,player-3,50,39,41,33,player-3,player-3
277,12,17,0.0641669612377882,player-4,53,52,43,49,player-4,player-4
278,1,17,0.07583317346870899,player-4,5,1,1,5,player-4,player-4
278,2,18,0.08058384992182255,player-2,11,3,1,12,player-1,player-2
278,3,17,0.06045796908438206,player-2,13,8,2,19,player-2,player-2
278,4,24,0.09170779958367348,player-2,13,12,5,19,player-3,player-2
278,5,18,0.07070787250995636,player-1,23,13,10,21,player-4,player-1
278,6,17,0.06170803681015968,player-1,29,13,11,21,player-1,player-1
278,7,17,0.0664170365780592,player-2,36,20,17,25,player-2,player-2
278,8,20,0.0641669612377882,player-2,40,21,18,25,player-3,player-2
278,9,17,0.061499886214733124,player-4,40,28,18,29,player-4,player-4
278,10,17,0.06987503729760647,player-1,45,31,21,30,player-1,player-1
278,11,17,0.05941605195403099,player-2,49,34,24,35,player-2,player-2
278,12,17,0.06745802238583565,player-3,49,34,32,43,player-3,player-3
278,13,17,0.08587515912950039,player-4,53,36,35,44,player-4,player-4
278,14,20,0.08645793423056602,player-4,54,37,35,47,player-1,player-4
278,15,17,0.08358410559594631,player-2,59,42,37,53,player-2,player-2
278,16,18,0.08050003089010715,player-4,66,42,41,58,player-3,player-4
279,1,19,0.06266706623136997,player-2,9,6,1,6,player-4,player-2
279,2,19,0.057999975979328156,player-3,12,13,3,10,player-1,player-3
279,3,17,0.06324984133243561,player-2,13,19,10,19,player-2,player-2
279,4,19,0.06283307448029518,player-1,14,19,15,24,player-3,player-1
279,5,19,0.07887487299740314,player-2,16,27,18,29,player-4,player-2
279,6,18,0.05837506614625454,player-2,22,29,18,30,player-1,player-2
279,7,17,0.05629099905490875,player-2,28,29,20,33,player-2,player-2
279,8,17,0.05583302117884159,player-3,34,30,34,34,player-3,player-3
279,9,19,0.09887502528727055,player-2,37,41,36,40,player-4,player-2
279,10,20,0.07625017315149307,player-4,41,42,37,45,player-1,player-4
279,11,17,0.06087496876716614,player-2,45,42,38,49,player-2,player-2
279,12,30,0.08620903827250004,none,49,44,42,58,player-3,none
280,1,17,0.05870894528925419,player-1,4,1,0,0,player-1,player-1
280,2,18,0.07591699250042439,player-3,8,2,5,4,player-2,player-3
280,3,17,0.06391690112650394,player-3,13,4,10,10,player-3,player-3
280,4,17,0.07066712714731693,player-4,18,7,17,13,player-4,player-4
280,5,21,0.07258285768330097,player-1,23,9,24,19,player-1,player-1
280,6,17,0.06125005893409252,player-2,28,14,24,24,player-2,player-2
280,7,18,0.08229189552366734,player-4,37,18,25,26,player-3,player-4
280,8,17,0.07445807568728924,player-4,40,21,25,29,player-4,player-4
280,9,18,0.06633298471570015,player-2,43,22,29,35,player-1,player-2
280,10,20,0.06704102270305157,player-1,49,24,31,35,player-2,player-1
280,11,19,0.05816621705889702,player-1,49,28,35,35,player-3,player-1
280,12,19,0.06883288733661175,player-2,52,35,39,36,player-4,player-2
280,13,18,0.06758281961083412,player-2,56,43,39,42,player-1,player-2
280,14,20,0.06787502206861973,player-1,59,45,43,42,player-2,player-1
281,1,17,0.06820796988904476,player-1,8,3,4,4,player-1,player-1
281,2,18,0.07575005292892456,player-3,14,5,4,11,player-2,player-3
281,3,17,0.05895807407796383,player-3,18,11,11,12,player-3,player-3
281,4,19,0.08324999362230301,player-2,23,16,16,14,player-4,player-2
281,5,34,0.13087503612041473,player-2,36,19,21,20,player-1,player-2
281,6,17,0.05895807407796383,player-2,44,21,23,24,player-2,player-2
281,7,18,0.058374833315610886,player-4,45,21,27,35,player-3,player-4
281,8,17,0.0566667877137661,player-4,47,24,30,39,player-4,player-4
281,9,22,0.09041605517268181,player-2,51,26,37,43,player-1,player-2
281,10,17,0.08545885793864727,player-2,52,35,38,47,player-2,player-2
281,11,22,0.08316594175994396,player-4,57,39,42,48,player-3,player-4
281,12,17,0.09125005453824997,player-4,65,40,47,52,player-4,player-4
282,1,17,0.08204183541238308,player-1,2,4,4,4,player-1,player-1
282,2,32,0.08183298632502556,none,2,13,4,4,player-2,none
282,3,18,0.0680841039866209,player-4,3,14,10,10,player-3,player-4
282,4,19,0.06358395330607891,player-2,3,19,11,12,player-4,player-2
282,5,17,0.07083290256559849,player-1,11,22,14,15,player-1,player-1
282,6,18,0.05937507376074791,player-3,11,23,16,21,player-2,player-3
282,7,17,0.05433289334177971,player-3,13,25,22,21,player-3,player-3
282,8,17,0.07591722533106804,player-4,15,27,26,29,player-4,player-4
282,9,17,0.06441609002649784,player-1,19,29,31,34,player-1,player-1
282,10,19,0.07037515752017498,player-4,23,37,35,41,player-2,player-4
282,11,17,0.06208312697708607,player-3,23,37,39,45,player-3,player-3
282,12,17,0.0649159774184227,player-4,23,42,41,50,player-4,player-4
282,13,17,0.05187490023672581,player-1,29,44,41,52,player-1,player-1
282,14,19,0.06129196844995022,player-4,31,51,42,52,player-2,player-4
283,1,17,0.062125036492943764,player-3,5,7,8,6,player-3,player-3
283,2,17,0.06104190833866596,player-4,8,8,11,16,player-4,player-4
283,3,17,0.05212496034801006,player-1,14,10,11,24,player-1,player-1
283,4,17,0.0588330440223217,player-2,20,15,13,24,player-2,player-2
283,5,17,0.07220893166959286,player-3,29,22,23,27,player-3,player-3
283,6,19,0.0664170365780592,player-2,35,39,27,35,player-4,player-2
283,7,20,0.05374988541007042,none,36,40,28,38,player-1,none
283,8,24,0.0737910158932209,player-1,44,41,33,39,player-2,player-1
283,9,18,0.058542005717754364,player-4,47,41,36,49,player-3,player-4
283,10,17,0.060957856476306915,player-4,48,41,39,50,player-4,player-4
283,11,18,0.07683294825255871,player-2,54,46,46,51,player-1,player-2
284,1,19,0.07475004531443119,player-2,3,8,4,5,player-4,player-2
284,2,17,0.06208382546901703,player-1,6,13,8,7,player-1,player-1
284,3,18,0.063000014051795,player-3,8,18,8,10,player-2,player-3
284,4,17,0.0879999715834856,player-3,22,33,12,11,player-3,player-3
284,5,17,0.07745809853076935,player-4,31,36,26,16,player-4,player-4
284,6,18,0.06737490184605122,player-2,35,40,31,16,player-1,player-2
284,7,20,0.05616690032184124,player-1,37,41,31,19,player-2,player-1
284,8,33,0.0791249331086874,player-3,42,43,33,21,player-3,player-3
284,9,17,0.07366691716015339,player-4,44,49,33,22,player-4,player-4
284,10,18,0.06341701373457909,player-2,45,62,34,27,player-1,player-2
284,11,17,0.054582953453063965,player-2,48,69,40,27,player-2,player-2
284,12,20,0.08358294144272804,player-2,53,78,45,28,player-3,player-2
285,1,17,0.054915901273489,player-1,9,5,0,0,player-1,player-1
285,2,17,0.07337494753301144,player-2,13,7,4,5,player-2,player-2
285,3,17,0.06537511944770813,player-3,17,8,14,12,player-3,player-3
285,4,20,0.05725002847611904,player-3,19,9,21,15,player-4,player-3
285,5,17,0.049999915063381195,player-1,25,13,24,15,player-1,player-1
285,6,18,0.07133418694138527,player-3,25,13,24,23,player-2,player-3
285,7,17,0.08329213596880436,player-3,27,18,37,28,player-3,player-3
285,8,19,0.06841612048447132,player-2,31,23,40,30,player-4,player-2
285,9,17,0.07733306847512722,player-1,33,23,44,34,player-1,player-1
285,10,17,0.05983398295938969,player-2,37,26,51,39,player-2,player-2
285,11,22,0.07566693238914013,player-4,42,27,53,44,player-3,player-4
285,12,20,0.06691715680062771,player-3,44,30,60,45,player-4,player-3
286,1,19,0.08212495595216751,player-2,7,9,5,5,player-4,player-2
286,2,18,0.06687501445412636,player-2,8,13,5,8,player-1,player-2
286,3,18,0.05650008097290993,player-3,14,15,7,10,player-2,player-3
286,4,20,0.07129088044166565,player-2,15,18,10,14,player-3,player-2
286,5,17,0.06970809772610664,player-4,16,18,11,17,player-4,player-4
286,6,19,0.09312503971159458,player-3,17,21,17,21,player-1,player-3
286,7,18,0.07312488742172718,player-3,17,23,19,26,player-2,player-3
286,8,17,0.0602079089730978,player-3,17,25,25,26,player-3,player-3
286,9,17,0.0730000901967287,player-4,19,30,27,31,player-4,player-4
286,10,18,0.06370898336172104,player-2,23,31,32,32,player-1,player-2
286,11,19,0.05945796146988869,player-4,24,34,38,33,player-2,player-4
286,12,19,0.05408399738371372,none,29,34,41,33,player-3,none
286,13,17,0.08845794945955276,player-4,35,38,46,40,player-4,player-4
286,14,17,0.06458302959799767,player-1,41,40,49,44,player-1,player-1
286,15,19,0.0747081357985735,player-4,51,41,49,50,player-2,player-4
287,1,17,0.05804095417261124,player-3,4,3,8,3,player-3,player-3
287,2,18,0.06704195402562618,player-1,10,12,12,13,player-4,player-1
287,3,17,0.0617089681327343,player-1,13,15,18,13,player-1,player-1
287,4,17,0.06316695362329483,player-2,13,18,20,20,player-2,player-2
287,5,18,0.06587500683963299,player-4,20,19,28,24,player-3,player-4
287,6,17,0.05645793862640858,player-4,25,19,32,27,player-4,player-4
287,7,22,0.08191680535674095,player-2,35,23,44,30,player-1,player-2
287,8,19,0.06770784966647625,player-4,36,25,46,34,player-2,player-4
287,9,18,0.08920812979340553,player-4,36,28,51,39,player-3,player-4
287,10,17,0.07991702295839787,player-4,37,29,60,41,player-4,player-4
287,11,27,0.0666249543428421,none,43,30,64,45,player-1,none
288,1,30,0.08750008419156075,player-4,0,8,5,3,player-3,player-4
288,2,19,0.06795814260840416,player-2,2,16,7,10,player-4,player-2
288,3,17,0.05408399738371372,player-1,7,17,11,13,player-1,player-1
288,4,19,0.08629192598164082,player-4,12,22,17,16,player-2,player-4
288,5,19,0.058374833315610886,player-1,22,22,18,20,player-3,player-1
288,6,19,0.0775421503931284,player-2,22,34,19,25,player-4,player-2
288,7,19,0.08816691115498543,player-3,24,46,26,29,player-1,player-3
288,8,17,0.08874991908669472,player-2,30,49,31,31,player-2,player-2
288,9,18,0.06958399899303913,player-4,38,54,34,37,player-3,player-4
288,10,20,0.0815829262137413,player-3,38,64,35,42,player-4,player-3
289,1,17,0.07599988020956516,player-4,0,2,6,6,player-4,player-4
289,2,17,0.058582983911037445,player-1,8,3,10,6,player-1,player-1
289,3,17,0.053999945521354675,player-2,11,8,14,11,player-2,player-2
289,4,18,0.04608393646776676,none,12,8,19,16,player-3,none
289,5,18,0.05866680294275284,player-1,15,12,24,19,player-4,player-1
289,6,19,0.06562517955899239,player-3,21,12,27,25,player-1,player-3
289,7,17,0.0588330440223217,player-2,21,16,32,28,player-2,player-2
289,8,17,0.056999968364834785,player-3,23,21,44,31,player-3,player-3
289,9,25,0.08650007657706738,player-4,25,25,51,35,player-4,player-4
289,10,17,0.08704094216227531,player-1,28,25,56,39,player-1,player-1
289,11,23,0.10820804163813591,player-4,31,32,58,45,player-2,player-4
289,12,17,0.09037507697939873,player-3,35,35,61,53,player-3,player-3
289,13,22,0.07495819590985775,player-1,37,41,61,60,player-4,player-1
290,1,17,0.06387499161064625,player-1,4,1,0,1,player-1,player-1
290,2,17,0.09116600267589092,player-2,6,15,0,17,player-2,player-2
290,3,17,0.06674998439848423,player-3,12,19,8,20,player-3,player-3
290,4,37,0.1264170277863741,player-4,30,25,12,23,player-4,player-4
290,5,17,0.05870917811989784,player-1,35,25,15,27,player-1,player-1
290,6,17,0.054625095799565315,player-2,39,27,18,30,player-2,player-2
290,7,20,0.054916832596063614,player-2,40,29,18,31,player-3,player-2
290,8,20,0.0737910158932209,player-3,42,33,24,31,player-4,player-3
290,9,17,0.06954185664653778,player-1,47,35,25,34,player-1,player-1
290,10,17,0.07116701453924179,player-2,47,46,25,38,player-2,player-2
290,11,17,0.0764590222388506,player-3,47,50,36,42,player-3,player-3
290,12,22,0.05270796827971935,none,50,52,37,47,player-4,none
290,13,18,0.06345799192786217,player-2,54,56,40,51,player-1,player-2
291,1,18,0.061957864090800285,player-1,7,1,2,7,player-4,player-1
291,2,25,0.07770792581140995,player-1,12,2,6,7,player-1,player-1
291,3,19,0.07337494753301144,player-4,12,6,13,13,player-2,player-4
291,4,20,0.054833944886922836,player-2,18,9,13,13,player-3,player-2
291,5,17,0.04833308048546314,player-4,18,10,17,14,player-4,player-4
291,6,17,0.05870894528925419,player-1,21,10,17,14,player-1,player-1
291,7,21,0.0711251050233841,player-2,25,14,22,20,player-2,player-2
291,8,17,0.06370805203914642,player-3,25,18,27,23,player-3,player-3
291,9,20,0.08062506094574928,player-3,29,21,32,28,player-4,player-3
291,10,17,0.06983405910432339,player-1,32,22,33,32,player-1,player-1
291,11,18,0.05645817145705223,player-3,34,26,34,36,player-2,player-3
291,12,21,0.0638328492641449,player-3,38,29,40,39,player-3,player-3
291,13,17,0.05691708065569401,player-4,39,34,41,41,player-4,player-4
291,14,18,0.06416602991521358,player-2,44,37,43,43,player-1,player-2
291,15,24,0.08208397775888443,player-1,48,42,48,47,player-2,player-1
291,16,19,0.05079084075987339,none,49,44,50,47,player-3,none
291,17,17,0.05033286288380623,player-4,52,48,52,50,player-4,player-4
292,1,17,0.07029203698039055,player-4,3,0,6,6,player-4,player-4
292,2,19,0.07262500002980232,player-3,4,1,7,8,player-1,player-3
292,3,20,0.06975000724196434,player-1,9,3,10,12,player-2,player-1
292,4,18,0.050165923312306404,player-4,9,4,14,15,player-3,player-4
292,5,18,0.07666717283427715,player-1,12,9,18,18,player-4,player-1
292,6,17,0.06849993951618671,player-1,20,15,18,22,player-1,player-1
292,7,18,0.06654206663370132,player-3,23,19,24,24,player-2,player-3
292,8,18,0.0616670586168766,player-4,24,20,27,26,player-3,player-4
292,9,17,0.05916692316532135,player-4,24,25,27,33,player-4,player-4
292,10,19,0.06429199129343033,player-3,27,30,31,33,player-1,player-3
292,11,17,0.05729193799197674,player-2,30,32,31,34,player-2,player-2
292,12,17,0.06429105997085571,player-3,30,35,37,38,player-3,player-3
292,13,17,0.06316602230072021,player-4,31,35,37,47,player-4,player-4
292,14,18,0.06583309732377529,player-2,35,44,43,50,player-1,player-2
292,15,17,0.06070896051824093,player-2,38,51,52,54,player-2,player-2
293,1,17,0.05454104393720627,player-3,0,5,4,4,player-3,player-3
293,2,18,0.06450014188885689,player-1,5,6,7,4,player-4,player-1
293,3,19,0.055167125537991524,player-3,6,7,12,9,player-1,player-3
293,4,20,0.06395787931978703,player-1,8,9,13,16,player-2,player-1
293,5,17,0.06891577504575253,player-3,13,13,16,22,player-3,player-3
293,6,18,0.07545808330178261,player-1,18,18,22,25,player-4,player-1
293,7,18,0.08295895531773567,player-2,22,22,25,27,player-1,player-2
293,8,18,0.0849999487400055,player-3,28,33,30,31,player-2,player-3
293,9,20,0.0554998405277729,player-2,28,41,35,31,player-3,player-2
293,10,17,0.07724994793534279,player-4,32,51,37,35,player-4,player-4
293,11,18,0.08241692557930946,player-2,42,60,38,40,player-1,player-2
294,1,18,0.0641669612377882,player-4,2,2,1,10,player-3,player-4
294,2,17,0.06637489423155785,player-4,4,3,1,20,player-4,player-4
294,3,18,0.05200016312301159,player-2,7,9,1,25,player-1,player-2
294,4,17,0.0638328492641449,player-2,14,12,3,27,player-2,player-2
294,5,18,0.061166007071733475,player-4,16,14,9,36,player-3,player-4
294,6,17,0.0599580816924572,player-4,20,18,9,41,player-4,player-4
294,7,22,0.06891600787639618,player-2,27,23,13,45,player-1,player-2
294,8,17,0.06795907393097878,player-2,28,29,13,53,player-2,player-2
294,9,18,0.07108296267688274,player-4,31,32,19,65,player-3,player-4
294,10,27,0.08449982851743698,player-2,32,33,23,67,player-4,player-2
295,1,17,0.06408384069800377,player-1,5,1,9,0,player-1,player-1
295,2,22,0.07195817306637764,none,6,3,14,2,player-2,none
295,3,19,0.08200015872716904,player-1,16,3,15,2,player-3,player-1
295,4,19,0.07650000043213367,player-2,18,4,15,6,player-4,player-2
295,5,17,0.07087504491209984,player-1,22,5,18,13,player-1,player-1
295,6,17,0.06270897574722767,player-2,24,7,20,15,player-2,player-2
295,7,17,0.0778338871896267,player-3,35,12,33,17,player-3,player-3
295,8,19,0.07458310574293137,player-2,35,17,38,19,player-4,player-2
295,9,17,0.058999983593821526,player-1,44,17,38,24,player-1,player-1
295,10,20,0.0719169620424509,player-1,59,25,40,30,player-2,player-1
295,11,18,0.06320793181657791,player-4,64,29,50,37,player-3,player-4
296,1,18,0.05466700531542301,player-3,1,2,3,2,player-2,player-3
296,2,17,0.0663332175463438,player-3,5,2,8,4,player-3,player-3
296,3,17,0.07979082874953747,player-4,8,3,14,7,player-4,player-4
296,4,17,0.08466606959700584,player-1,16,6,15,13,player-1,player-1
296,5,19,0.06508291698992252,player-4,21,8,19,18,player-2,player-4
296,6,17,0.07416587322950363,player-3,21,9,28,19,player-3,player-3
296,7,17,0.06225006654858589,player-4,21,10,32,21,player-4,player-4
296,8,17,0.08258293382823467,player-1,28,17,35,26,player-1,player-1
296,9,17,0.06858306005597115,player-2,36,26,38,33,player-2,player-2
296,10,20,0.07445807568728924,player-2,40,33,40,36,player-3,player-2
296,11,21,0.08520809933543205,player-4,42,39,46,44,player-4,player-4
296,12,17,0.053541967645287514,player-1,47,41,46,45,player-1,player-1
296,13,20,0.07587485015392303,player-1,51,44,52,52,player-2,player-1
297,1,19,0.07058307528495789,player-1,5,1,0,5,player-3,player-1
297,2,17,0.06683403626084328,player-4,8,3,0,8,player-4,player-4
297,3,17,0.07408298552036285,player-1,9,12,4,12,player-1,player-1
297,4,19,0.07091602310538292,player-4,13,12,7,15,player-2,player-4
297,5,17,0.07491698488593102,player-3,15,13,16,16,player-3,player-3
297,6,17,0.0628340058028698,player-4,15,23,20,24,player-4,player-4
297,7,17,0.061542028561234474,player-1,23,27,22,24,player-1,player-1
297,8,17,0.0524159986525774,player-2,25,31,22,26,player-2,player-2
297,9,19,0.08500018157064915,player-1,42,35,27,27,player-3,player-1
297,10,17,0.07299985736608505,player-4,43,36,29,28,player-4,player-4
297,11,17,0.08404208347201347,player-1,48,43,31,34,player-1,player-1
297,12,17,0.07733283564448357,player-2,50,48,34,38,player-2,player-2
297,13,20,0.06862496957182884,player-2,54,50,39,42,player-3,player-2
297,14,21,0.0993749126791954,player-4,59,52,44,47,player-4,player-4
298,1,17,0.08237501606345177,player-4,0,2,0,4,player-4,player-4
298,2,26,0.08683302439749241,player-2,2,13,2,8,player-1,player-2
298,3,18,0.059999991208314896,player-3,2,17,3,13,player-2,player-3
298,4,19,0.062166014686226845,player-1,9,27,6,21,player-3,player-1
298,5,17,0.062417006120085716,player-4,10,30,7,24,player-4,player-4
298,6,25,0.0826660543680191,player-1,19,34,7,30,player-1,player-1
298,7,17,0.055582961067557335,player-2,28,37,7,35,player-2,player-2
298,8,30,0.09995885193347931,none,35,38,10,46,player-3,none
298,9,19,0.06354204379022121,player-2,39,40,10,47,player-4,player-2
298,10,20,0.07341708987951279,player-4,45,43,15,52,player-1,player-4
298,11,17,0.06820796988904476,player-2,48,51,15,59,player-2,player-2
299,1,17,0.06137508898973465,player-3,1,3,2,0,player-3,player-3
299,2,18,0.06616697646677494,player-1,8,3,6,6,player-4,player-1
299,3,18,0.06391690112650394,player-2,8,9,6,8,player-1,player-2
299,4,17,0.07883389480412006,player-2,11,11,14,8,player-2,player-2
299,5,18,0.07183314301073551,player-4,11,13,17,12,player-3,player-4
299,6,29,0.09187497198581696,player-4,11,18,23,14,player-4,player-4
299,7,17,0.06808293983340263,player-1,16,21,23,16,player-1,player-1
299,8,20,0.07875007577240467,player-1,23,26,26,22,player-2,player-1
299,9,19,0.07920805364847183,player-1,28,28,28,22,player-3,player-1
299,10,22,0.07008295506238937,player-1,37,31,33,22,player-4,player-1
299,11,17,0.05316617898643017,player-1,43,32,33,22,player-1,player-1
299,12,19,0.0790830235928297,player-4,57,33,41,26,player-2,player-4
299,13,17,0.058333855122327805,player-3,60,33,49,30,player-3,player-3
300,1,17,0.05475012585520744,player-3,0,1,6,2,player-3,player-3
300,2,18,0.07079215720295906,player-1,10,10,17,12,player-4,player-1
300,3,19,0.07466692477464676,player-3,14,15,23,19,player-1,player-3
300,4,17,0.06487499922513962,player-2,18,19,24,24,player-2,player-2
300,5,18,0.06312504410743713,player-4,20,27,26,32,player-3,player-4
300,6,18,0.06287498399615288,player-1,30,31,27,36,player-4,player-1
300,7,22,0.07854215800762177,player-2,40,31,34,43,player-1,player-2
300,8,18,0.06650015711784363,player-3,43,34,38,47,player-2,player-3
300,9,17,0.058999983593821526,player-3,47,38,45,48,player-3,player-3
300,10,17,0.08987495675683022,player-4,55,41,49,57,player-4,player-4
301,1,17,0.07700012065470219,player-3,3,4,6,11,player-3,player-3
301,2,17,0.06895791739225388,player-4,7,11,15,17,player-4,player-4
301,3,17,0.05337502807378769,player-1,16,12,17,18,player-1,player-1
301,4,18,0.05845795385539532,player-3,20,13,18,18,player-2,player-3
301,5,17,0.08754199370741844,player-3,22,17,20,25,player-3,player-3
301,6,17,0.07108389399945736,player-4,26,25,20,31,player-4,player-4
301,7,18,0.06812484934926033,player-2,35,26,23,40,player-1,player-2
301,8,18,0.057167140766978264,player-3,38,27,24,43,player-2,player-3
301,9,20,0.05533406510949135,none,43,28,26,45,player-3,none
301,10,29,0.08029094897210598,player-4,43,31,33,48,player-4,player-4
301,11,17,0.056582968682050705,player-1,45,32,36,50,player-1,player-1
301,12,22,0.08204113692045212,player-3,51,35,37,57,player-2,player-3
301,13,17,0.057208817452192307,player-3,53,35,41,60,player-3,player-3
301,14,17,0.06687501445412636,player-4,58,36,42,67,player-4,player-4
302,1,17,0.08087488822638988,player-3,1,4,4,5,player-3,player-3
302,2,17,0.06800005212426186,player-4,1,4,4,12,player-4,player-4
302,3,18,0.0660829246044159,player-2,2,7,9,14,player-1,player-2
302,4,18,0.05487492308020592,player-3,4,9,10,18,player-2,player-3
302,5,17,0.05179201252758503,player-3,8,11,17,19,player-3,player-3
302,6,17,0.07349997758865356,player-4,8,11,18,22,player-4,player-4
302,7,18,0.06633391603827477,player-2,12,15,22,27,player-1,player-2
302,8,17,0.060542020946741104,player-2,12,22,23,35,player-2,player-2
302,9,17,0.05916692316532135,player-3,14,25,27,39,player-3,player-3
302,10,17,0.0610831193625927,player-4,21,31,33,41,player-4,player-4
302,11,18,0.061042141169309616,player-2,23,39,33,43,player-1,player-2
302,12,17,0.05816691555082798,player-2,28,42,36,47,player-2,player-2
302,13,18,0.06941589526832104,player-4,34,42,40,62,player-3,player-4
303,1,28,0.07375003769993782,player-3,3,0,1,5,player-4,player-3
303,2,18,0.06683287210762501,player-2,6,2,6,9,player-1,player-2
303,3,26,0.0641669612377882,none,8,3,8,9,player-2,none
303,4,21,0.05212519317865372,none,8,3,13,13,player-3,none
303,5,20,0.09400001727044582,player-3,10,13,18,19,player-4,player-3
303,6,17,0.07741688750684261,player-1,27,20,20,22,player-1,player-1
303,7,18,0.06704102270305157,player-3,30,21,24,25,player-2,player-3
303,8,17,0.06295810453593731,player-3,32,23,27,27,player-3,player-3
303,9,18,0.06641587242484093,player-1,32,29,27,33,player-4,player-1
303,10,17,0.06841588765382767,player-1,39,31,27,34,player-1,player-1
303,11,18,0.061583006754517555,player-3,43,31,30,37,player-2,player-3
303,12,17,0.05650008097290993,player-3,49,31,38,40,player-3,player-3
303,13,17,0.05729193799197674,player-4,50,32,39,42,player-4,player-4
303,14,19,0.05741720087826252,player-3,53,34,40,43,player-1,player-3
303,15,18,0.063000014051795,player-3,56,35,53,43,player-2,player-3
304,1,17,0.0646661501377821,player-2,8,9,8,9,player-2,player-2
304,2,17,0.07358402945101261,player-3,8,10,12,12,player-3,player-3
304,3,19,0.07712491787970066,player-2,11,16,13,15,player-4,player-2
304,4,22,0.07412489503622055,player-2,13,27,14,17,player-1,player-2
304,5,17,0.05766702815890312,player-2,15,29,17,21,player-2,player-2
304,6,17,0.05737505853176117,player-3,17,33,22,21,player-3,player-3
304,7,17,0.06691692396998405,player-4,18,33,28,28,player-4,player-4
304,8,20,0.06683310493826866,player-4,19,33,29,30,player-1,player-4
304,9,18,0.06683403626084328,player-3,25,34,41,40,player-2,player-3
304,10,20,0.06612506695091724,player-2,28,45,41,41,player-3,player-2
304,11,17,0.060416990891098976,player-4,35,47,51,45,player-4,player-4
304,12,17,0.06708293221890926,player-1,40,48,53,47,player-1,player-1
304,13,18,0.06783287972211838,player-3,41,50,59,48,player-2,player-3
305,1,17,0.07200008258223534,player-3,5,1,4,3,player-3,player-3
305,2,18,0.061125028878450394,player-1,9,2,10,6,player-4,player-1
305,3,17,0.06033293902873993,player-1,13,2,11,13,player-1,player-1
305,4,18,0.07583410479128361,player-3,15,8,19,21,player-2,player-3
305,5,17,0.05895807407796383,player-3,15,11,23,24,player-3,player-3
305,6,22,0.07175002247095108,player-1,21,12,31,29,player-4,player-1
305,7,19,0.07058307528495789,player-3,24,15,41,32,player-1,player-3
305,8,18,0.07183314301073551,player-3,30,22,48,34,player-2,player-3
305,9,17,0.04616705700755119,player-3,31,22,57,34,player-3,player-3
305,10,18,0.06691692396998405,player-1,32,22,57,37,player-4,player-1
305,11,17,0.06645801477134228,player-1,38,23,57,39,player-1,player-1
305,12,25,0.07050018757581711,player-2,42,25,61,43,player-2,player-2
306,1,18,0.06579095497727394,player-1,9,1,9,6,player-4,player-1
306,2,20,0.07179216481745243,player-4,12,3,12,10,player-1,player-4
306,3,20,0.05704187788069248,player-1,21,6,12,16,player-2,player-1
306,4,17,0.06162491627037525,player-3,22,10,18,16,player-3,player-3
306,5,17,0.06120791658759117,player-4,24,14,18,22,player-4,player-4
306,6,21,0.061583006754517555,player-1,28,15,21,26,player-1,player-1
306,7,17,0.06691599264740944,player-2,34,19,24,28,player-2,player-2
306,8,18,0.06333296187222004,player-4,41,23,26,30,player-3,player-4
306,9,17,0.05824980325996876,player-4,44,26,35,31,player-4,player-4
306,10,18,0.05650008097290993,player-2,48,27,40,33,player-1,player-2
306,11,14,0.03683404065668583,none,48,28,45,38,player-2,none
306,12,29,0.0724999699741602,player-3,49,33,52,39,player-3,player-3
307,1,18,0.0728340819478035,player-1,3,1,5,4,player-4,player-1
307,2,18,0.06958283483982086,player-2,6,8,7,7,player-1,player-2
307,3,29,0.08254218846559525,none,13,12,11,11,player-2,none
307,4,18,0.06808293983340263,player-4,13,12,12,16,player-3,player-4
307,5,17,0.06900005973875523,player-4,20,15,18,18,player-4,player-4
307,6,17,0.05608284845948219,player-1,21,21,20,20,player-1,player-1
307,7,19,0.06895791739225388,player-4,24,27,30,20,player-2,player-4
307,8,20,0.06587500683963299,player-2,27,34,31,23,player-3,player-2
307,9,17,0.062417006120085716,player-4,28,36,34,26,player-4,player-4
307,10,17,0.06804103031754494,player-1,34,42,34,31,player-1,player-1
307,11,17,0.06412481889128685,player-2,39,45,38,32,player-2,player-2
307,12,19,0.09016715921461582,player-1,40,46,39,34,player-3,player-1
307,13,17,0.08095894008874893,player-4,43,53,41,49,player-4,player-4
308,1,19,0.07045920938253403,player-4,9,0,2,0,player-2,player-4
308,2,20,0.07191603071987629,player-2,14,7,8,3,player-3,player-2
308,3,17,0.06900005973875523,player-4,14,8,12,6,player-4,player-4
308,4,17,0.06900005973875523,player-1,23,10,15,8,player-1,player-1
308,5,17,0.07512490265071392,player-2,26,15,18,10,player-2,player-2
308,6,17,0.08312496356666088,player-3,35,17,29,14,player-3,player-3
308,7,23,0.07800012826919556,player-2,38,21,29,21,player-4,player-2
308,8,34,0.10708300396800041,player-2,40,26,48,27,player-1,player-2
308,9,19,0.08141598664224148,player-4,42,29,62,39,player-2,player-4
309,1,17,0.06579188629984856,player-2,1,3,0,6,player-2,player-2
309,2,27,0.0789170153439045,player-1,6,6,3,7,player-3,player-1
309,3,17,0.057625118643045425,player-4,6,14,11,14,player-4,player-4
309,4,18,0.07275003008544445,player-2,11,18,12,16,player-1,player-2
309,5,18,0.07008295506238937,player-3,12,20,13,21,player-2,player-3
309,6,17,0.07699988782405853,player-3,17,23,26,27,player-3,player-3
309,7,17,0.06129196844995022,player-4,21,27,33,32,player-4,player-4
309,8,17,0.07695797830820084,player-1,29,30,38,35,player-1,player-1
309,9,23,0.06366590969264507,player-4,31,31,40,35,player-2,player-4
309,10,17,0.06283307448029518,player-3,31,38,45,38,player-3,player-3
309,11,20,0.06991694681346416,player-3,35,45,58,39,player-4,player-3
309,12,18,0.06587500683963299,player-2,36,47,59,41,player-1,player-2
309,13,21,0.04929094575345516,none,38,50,60,45,player-2,none
309,14,20,0.06695883348584175,player-2,45,57,64,48,player-3,player-2
310,1,20,0.07599988020956516,player-3,4,3,12,2,player-4,player-3
310,2,18,0.06383308209478855,player-2,8,12,14,9,player-1,player-2
310,3,17,0.06733299233019352,player-2,12,16,14,14,player-2,player-2
310,4,18,0.0778338871896267,player-4,12,16,15,29,player-3,player-4
310,5,17,0.06274995394051075,player-4,12,18,22,38,player-4,player-4
310,6,19,0.0639171339571476,player-3,18,24,27,40,player-1,player-3
310,7,28,0.11379201896488667,player-1,23,28,28,43,player-2,player-1
310,8,20,0.08341716602444649,player-2,23,32,33,46,player-3,player-2
310,9,19,0.0643748790025711,player-2,23,38,33,49,player-4,player-2
310,10,17,0.06933393888175488,player-1,23,42,40,57,player-1,player-1
310,11,18,0.058125006034970284,player-3,27,45,43,58,player-2,player-3
311,1,17,0.06558303721249104,player-1,4,0,1,0,player-1,player-1
311,2,17,0.065250089392066,player-2,5,4,3,4,player-2,player-2
311,3,17,0.07083313539624214,player-3,7,9,7,6,player-3,player-3
311,4,17,0.059208134189248085,player-4,9,14,10,10,player-4,player-4
311,5,17,0.065250089392066,player-1,15,14,15,11,player-1,player-1
311,6,19,0.06583309732377529,player-4,15,16,16,20,player-2,player-4
311,7,20,0.06458302959799767,player-2,21,21,20,22,player-3,player-2
311,8,19,0.07075001485645771,player-2,30,30,21,28,player-4,player-2
311,9,23,0.08104206062853336,player-3,35,36,25,28,player-1,player-3
311,10,22,0.08833385072648525,player-3,35,42,26,32,player-2,player-3
311,11,17,0.07554120384156704,player-3,42,48,30,35,player-3,player-3
311,12,20,0.08537503890693188,player-3,49,53,42,37,player-4,player-3
311,13,18,0.06920797750353813,player-2,50,56,44,43,player-1,player-2
311,14,18,0.062499893829226494,player-3,61,63,52,49,player-2,player-3
312,1,19,0.06670900620520115,player-2,1,1,5,1,player-4,player-2
312,2,19,0.08974992670118809,player-3,11,4,19,1,player-1,player-3
312,3,17,0.06704078987240791,player-2,15,6,26,3,player-2,player-2
312,4,20,0.06712507456541061,player-2,16,11,29,8,player-3,player-2
312,5,18,0.05574990063905716,player-1,20,15,31,11,player-4,player-1
312,6,20,0.06325007416307926,player-4,22,19,37,15,player-1,player-4
312,7,17,0.06404099985957146,player-2,32,23,37,19,player-2,player-2
312,8,19,0.0794590450823307,player-1,35,27,41,19,player-3,player-1
312,9,18,0.0677919015288353,player-1,42,30,45,25,player-4,player-1
312,10,19,0.07099984213709831,player-3,46,31,49,29,player-1,player-3
312,11,18,0.05895807407796383,player-3,53,38,50,35,player-2,player-3
313,1,21,0.08087512105703354,player-2,4,4,11,0,player-2,player-2
313,2,20,0.06858306005597115,player-2,13,5,22,12,player-3,player-2
313,3,17,0.043833162635564804,none,13,5,23,14,player-4,none
313,4,18,0.06479187868535519,player-2,20,5,24,14,player-1,player-2
313,5,17,0.055625103414058685,player-2,20,10,25,16,player-2,player-2
313,6,17,0.0760410912334919,player-3,27,11,34,17,player-3,player-3
313,7,18,0.06304215639829636,player-1,29,13,34,20,player-4,player-1
313,8,19,0.06920797750353813,player-3,31,22,40,25,player-1,player-3
313,9,17,0.06008311174809933,player-2,33,36,41,29,player-2,player-2
313,10,18,0.06954092532396317,player-4,36,39,44,31,player-3,player-4
313,11,17,0.0753339845687151,player-4,40,46,44,35,player-4,player-4
313,12,20,0.060791149735450745,player-4,43,48,49,38,player-1,player-4
313,13,18,0.058499863371253014,player-3,48,52,52,38,player-2,player-3
314,1,18,0.05120784044265747,player-4,1,1,1,2,player-3,player-4
314,2,17,0.05891593173146248,player-4,6,4,6,5,player-4,player-4
314,3,18,0.06262492388486862,player-2,12,12,12,7,player-1,player-2
314,4,19,0.06749993190169334,player-4,23,15,22,17,player-2,player-4
314,5,17,0.05245814099907875,player-3,25,17,29,18,player-3,player-3
314,6,20,0.0785409938544035,player-3,33,24,31,29,player-4,player-3
314,7,18,0.059167155995965004,player-2,34,26,35,31,player-1,player-2
314,8,18,0.062374863773584366,player-3,34,26,37,31,player-2,player-3
314,9,17,0.0592090655118227,player-3,37,30,39,34,player-3,player-3
314,10,18,0.07724994793534279,player-1,58,34,52,34,player-4,player-1
315,1,17,0.043625012040138245,none,0,8,0,0,player-2,none
315,2,17,0.07924996316432953,player-3,5,8,6,5,player-3,player-3
315,3,17,0.07570791058242321,player-4,14,12,6,13,player-4,player-4
315,4,17,0.06554205901920795,player-1,19,14,7,15,player-1,player-1
315,5,17,0.0630419235676527,player-2,23,15,8,18,player-2,player-2
315,6,20,0.08404208347201347,player-2,31,17,13,18,player-3,player-2
315,7,20,0.11383299715816975,player-3,34,17,18,21,player-4,player-3
315,8,18,0.07058307528495789,player-2,40,19,23,23,player-1,player-2
315,9,23,0.08133403025567532,player-4,40,27,25,24,player-2,player-4
315,10,17,0.06362516433000565,player-3,44,30,28,24,player-3,player-3
315,11,17,0.08041691035032272,player-4,49,33,28,30,player-4,player-4
315,12,17,0.08479179814457893,player-1,66,40,35,30,player-1,player-1
316,1,24,0.08187512867152691,player-3,3,1,5,6,player-4,player-3
316,2,18,0.0696659553796053,player-2,6,3,11,12,player-1,player-2
316,3,17,0.05383300594985485,player-2,8,10,11,15,player-2,player-2
316,4,17,0.06108381785452366,player-3,8,13,13,17,player-3,player-3
316,5,17,0.06029102951288223,player-4,8,18,13,25,player-4,player-4
316,6,18,0.06008381024003029,player-2,12,23,15,31,player-1,player-2
316,7,18,0.0641250517219305,player-3,14,29,17,31,player-2,player-3
316,8,17,0.04233303479850292,none,14,34,20,31,player-3,none
316,9,17,0.06816606037318707,player-4,23,36,30,36,player-4,player-4
316,10,17,0.06483402103185654,player-1,31,38,33,38,player-1,player-1
316,11,16,0.04133302718400955,none,34,40,33,39,player-2,none
316,12,19,0.06108288653194904,player-1,34,42,38,46,player-3,player-1
316,13,17,0.06933300755918026,player-4,42,45,39,52,player-4,player-4
316,14,21,0.0827498733997345,player-1,47,49,52,57,player-1,player-1
317,1,17,0.07737521082162857,player-4,4,8,10,7,player-4,player-4
317,2,29,0.08416688069701195,player-1,9,8,13,7,player-1,player-1
317,3,18,0.07183291018009186,player-3,9,10,16,11,player-2,player-3
317,4,17,0.0741670373827219,player-3,11,16,18,14,player-3,player-3
317,5,18,0.0688750296831131,player-1,19,26,21,18,player-4,player-1
317,6,24,0.08725002408027649,player-4,21,30,27,25,player-1,player-4
317,7,17,0.07562502287328243,player-2,24,34,28,32,player-2,player-2
317,8,17,0.05145813338458538,player-3,26,35,30,32,player-3,player-3
317,9,17,0.04958384670317173,player-4,26,36,33,45,player-4,player-4
317,10,17,0.0574158038944006,player-1,30,38,34,45,player-1,player-1
317,11,19,0.06916699931025505,player-4,31,45,40,50,player-2,player-4
317,12,17,0.06170803681015968,player-3,37,51,44,56,player-3,player-3
318,1,19,0.06749993190169334,player-2,2,6,2,3,player-4,player-2
318,2,21,0.06508314982056618,player-1,3,8,4,6,player-1,player-1
318,3,17,0.07595797069370747,player-2,14,13,8,8,player-2,player-2
318,4,17,0.06162491627037525,player-3,15,17,9,11,player-3,player-3
318,5,17,0.06091711111366749,player-4,15,19,15,14,player-4,player-4
318,6,19,0.05633290857076645,player-3,16,23,24,15,player-1,player-3
318,7,18,0.0641250517219305,player-3,22,32,26,22,player-2,player-3
318,8,17,0.055625103414058685,player-3,28,35,28,23,player-3,player-3
318,9,17,0.04591699689626694,player-4,28,37,28,26,player-4,player-4
318,10,21,0.06574997678399086,player-1,33,39,30,27,player-1,player-1
318,11,17,0.05645793862640858,player-2,33,44,33,29,player-2,player-2
318,12,18,0.09145797230303288,player-4,37,45,37,32,player-3,player-4
318,13,19,0.07129204459488392,player-2,43,45,40,36,player-4,player-2
318,14,21,0.08404208347201347,player-1,48,47,41,37,player-1,player-1
318,15,17,0.0754999928176403,player-2,48,49,41,43,player-2,player-2
318,16,17,0.05795806646347046,player-3,51,51,43,48,player-3,player-3
318,17,17,0.07016700692474842,player-4,53,51,45,50,player-4,player-4
319,1,18,0.06745895370841026,player-1,2,5,3,1,player-4,player-1
319,2,17,0.06912508979439735,player-1,5,7,9,4,player-1,player-1
319,3,17,0.06674998439848423,player-2,6,14,15,9,player-2,player-2
319,4,17,0.04933285526931286,player-3,8,17,21,9,player-3,player-3
319,5,17,0.05695805884897709,player-4,8,18,24,13,player-4,player-4
319,6,17,0.08150003850460052,player-1,14,26,30,21,player-1,player-1
319,7,17,0.07450021803379059,player-2,18,31,33,25,player-2,player-2
319,8,17,0.4660410340875387,player-3,25,38,37,32,player-3,player-3
319,9,19,0.07375003769993782,player-2,29,47,37,34,player-4,player-2
319,10,17,0.07158308289945126,player-1,37,52,39,43,player-1,player-1
319,11,17,0.06579188629984856,player-2,41,57,43,47,player-2,player-2
320,1,19,0.07004197686910629,player-3,4,3,8,3,player-1,player-3
320,2,17,0.06899982690811157,player-2,6,6,8,13,player-2,player-2
320,3,18,0.07270812056958675,player-4,9,9,19,19,player-3,player-4
320,4,18,0.06687501445412636,player-1,20,9,25,30,player-4,player-1
320,5,17,0.053999945521354675,player-1,22,13,29,31,player-1,player-1
320,6,17,0.05725002847611904,player-2,29,15,33,35,player-2,player-2
320,7,18,0.07116585038602352,player-4,31,18,36,42,player-3,player-4
320,8,24,0.10100007057189941,player-3,45,19,51,48,player-4,player-3
320,9,17,0.05729217082262039,player-1,55,19,55,49,player-1,player-1
321,1,18,0.04912517033517361,none,3,0,2,0,player-3,none
321,2,22,0.05858391523361206,player-1,8,3,6,2,player-4,player-1
321,3,18,0.06574997678399086,player-2,13,12,9,4,player-1,player-2
321,4,18,0.0666249543428421,player-3,14,20,19,10,player-2,player-3
321,5,17,0.059582991525530815,player-3,17,20,23,11,player-3,player-3
321,6,19,0.0777500681579113,player-2,26,24,25,15,player-4,player-2
321,7,22,0.07500010542571545,player-2,30,27,27,17,player-1,player-2
321,8,17,0.07195817306637764,player-2,33,31,29,23,player-2,player-2
321,9,22,0.08012517355382442,player-4,36,31,35,26,player-3,player-4
321,10,17,0.048208050429821014,player-4,37,34,35,29,player-4,player-4
321,11,19,0.0738748349249363,player-3,38,43,39,33,player-1,player-3
321,12,18,0.06450014188885689,player-3,42,43,42,36,player-2,player-3
321,13,18,0.05820905789732933,player-4,42,43,47,41,player-3,player-4
321,14,23,0.0635830219835043,none,46,50,47,47,player-4,none
321,15,27,0.08562486618757248,player-3,52,53,50,53,player-1,player-3
322,1,17,0.07283291779458523,player-3,2,8,2,4,player-3,player-3
322,2,21,0.06545893847942352,player-4,4,9,8,9,player-4,player-4
322,3,17,0.07379194721579552,player-1,9,13,8,14,player-1,player-1
322,4,18,0.06762496195733547,player-3,15,15,14,19,player-2,player-3
322,5,17,0.06691692396998405,player-3,18,19,23,27,player-3,player-3
322,6,18,0.07200008258223534,player-1,19,21,28,31,player-4,player-1
322,7,21,0.09154179133474827,player-1,23,26,28,38,player-1,player-1
322,8,19,0.06766710430383682,player-4,26,28,29,50,player-2,player-4
322,9,20,0.1004999503493309,player-2,33,36,34,53,player-3,player-2
322,10,17,0.06150011904537678,player-4,37,38,37,53,player-4,player-4
322,11,17,0.06591598503291607,player-1,40,41,45,58,player-1,player-1
322,12,17,0.06766617298126221,player-2,40,52,45,66,player-2,player-2
323,1,18,0.08233403787016869,player-3,3,1,11,2,player-2,player-3
323,2,19,0.0702498946338892,player-1,4,5,11,5,player-3,player-1
323,3,21,0.07520802319049835,player-4,14,5,17,13,player-4,player-4
323,4,20,0.09350012987852097,player-4,20,9,24,21,player-1,player-4
323,5,21,0.07279193960130215,player-2,25,17,27,27,player-2,player-2
323,6,18,0.0563750509172678,player-4,27,22,29,29,player-3,player-4
323,7,18,0.0630419235676527,player-1,33,25,31,30,player-4,player-1
323,8,17,0.06550014950335026,player-1,40,29,38,30,player-1,player-1
323,9,19,0.06374996155500412,player-4,43,31,42,32,player-2,player-4
323,10,17,0.05633407272398472,player-3,47,36,45,35,player-3,player-3
323,11,17,0.060542020946741104,player-4,49,43,45,39,player-4,player-4
323,12,17,0.055165961384773254,player-1,54,44,48,39,player-1,player-1
324,1,17,0.065250089392066,player-2,7,6,1,7,player-2,player-2
324,2,18,0.05866587162017822,player-4,9,12,5,8,player-3,player-4
324,3,17,0.05725002847611904,player-4,10,19,8,11,player-4,player-4
324,4,20,0.07233303040266037,player-4,11,24,10,21,player-1,player-4
324,5,17,0.06245914846658707,player-2,18,28,11,25,player-2,player-2
324,6,21,0.07795891724526882,player-3,18,35,16,28,player-3,player-3
324,7,17,0.05174987018108368,player-4,18,37,18,33,player-4,player-4
324,8,20,0.06687501445412636,none,19,37,23,40,player-1,none
324,9,17,0.05425000563263893,player-2,28,42,24,43,player-2,player-2
324,10,17,0.06254180334508419,player-3,29,44,32,48,player-3,player-3
324,11,18,0.05987496115267277,player-1,34,47,32,48,player-4,player-1
324,12,17,0.06016693077981472,player-1,40,47,32,55,player-1,player-1
325,1,17,0.061416998505592346,player-3,0,7,4,5,player-3,player-3
325,2,18,0.0616670586168766,player-1,2,7,4,6,player-4,player-1
325,3,18,0.06162491627037525,player-2,9,12,13,6,player-1,player-2
325,4,17,0.0677499920129776,player-2,15,16,16,6,player-2,player-2
325,5,17,0.05729193799197674,player-3,15,25,23,6,player-3,player-3
325,6,17,0.06625009700655937,player-4,21,27,31,10,player-4,player-4
325,7,20,0.08687516674399376,player-4,27,35,31,19,player-1,player-4
325,8,17,0.06474996916949749,player-2,30,41,34,25,player-2,player-2
325,9,21,0.0639590434730053,none,30,42,34,27,player-3,none
325,10,17,0.05808309651911259,player-4,33,42,35,32,player-4,player-4
325,11,20,0.0800001434981823,player-4,36,47,41,38,player-1,player-4
325,12,20,0.06104097701609135,player-1,38,49,47,41,player-2,player-1
325,13,18,0.06874999962747097,player-4,39,52,51,47,player-3,player-4
325,14,17,0.06004096940159798,player-4,40,59,57,51,player-4,player-4
326,1,17,0.05487492308020592,player-4,1,2,0,5,player-4,player-4
326,2,17,0.0753339845687151,player-1,9,8,7,6,player-1,player-1
326,3,17,0.06533297710120678,player-2,14,11,11,6,player-2,player-2
326,4,21,0.07675006054341793,player-3,22,14,14,11,player-3,player-3
326,5,20,0.0617089681327343,player-3,23,14,20,14,player-4,player-3
326,6,18,0.07579196244478226,player-2,28,25,20,17,player-1,player-2
326,7,18,0.07320800796151161,player-3,40,25,28,20,player-2,player-3
326,8,20,0.062125036492943764,player-2,47,29,33,25,player-3,player-2
326,9,19,0.06324984133243561,player-2,51,33,36,32,player-4,player-2
326,10,18,0.07800012826919556,player-2,58,34,46,40,player-1,player-2
327,1,18,0.05954108200967312,player-4,0,2,4,6,player-3,player-4
327,2,19,0.0664170365780592,player-2,2,6,5,10,player-4,player-2
327,3,18,0.06283284164965153,player-2,7,7,7,17,player-1,player-2
327,4,17,0.06287498399615288,player-2,7,17,9,18,player-2,player-2
327,5,17,0.054584117606282234,player-3,12,23,10,20,player-3,player-3
327,6,17,0.07083290256559849,player-4,13,24,18,23,player-4,player-4
327,7,19,0.05462486296892166,player-3,17,25,21,24,player-1,player-3
327,8,21,0.061416998505592346,player-2,19,30,24,26,player-2,player-2
327,9,17,0.06074993871152401,player-3,19,30,29,32,player-3,player-3
327,10,31,0.08349982090294361,player-2,23,38,36,37,player-4,player-2
327,11,18,0.05866587162017822,player-2,26,44,38,37,player-1,player-2
327,12,17,0.06895791739225388,player-2,27,47,39,41,player-2,player-2
327,13,22,0.06950017996132374,player-4,27,47,45,47,player-3,player-4
327,14,18,0.05191611126065254,player-1,31,47,45,50,player-4,player-1
327,15,18,0.0752920750528574,player-2,33,52,46,52,player-1,player-2
328,1,18,0.052459072321653366,player-2,4,2,3,2,player-1,player-2
328,2,18,0.06125005893409252,player-3,8,6,12,6,player-2,player-3
328,3,25,0.08087512105703354,player-3,12,11,17,8,player-3,player-3
328,4,17,0.07400009781122208,player-4,17,17,23,12,player-4,player-4
328,5,24,0.06358395330607891,none,18,20,23,15,player-1,none
328,6,23,0.1324580516666174,player-4,23,22,35,23,player-2,player-4
328,7,19,0.10720803402364254,player-1,29,26,39,27,player-3,player-1
328,8,27,0.09374995715916157,player-2,32,34,41,35,player-4,player-2
328,9,17,0.053584109991788864,player-1,36,34,41,39,player-1,player-1
328,10,18,0.06591691635549068,player-3,40,38,46,40,player-2,player-3
328,11,17,0.06120791658759117,player-3,46,40,49,45,player-3,player-3
328,12,17,0.059416983276605606,player-4,52,40,49,52,player-4,player-4
329,1,20,0.069082947447896,player-4,0,1,4,1,player-1,player-4
329,2,17,0.05020899698138237,player-2,7,2,8,3,player-2,player-2
329,3,18,0.06970786489546299,player-4,10,3,9,10,player-3,player-4
329,4,17,0.06341701373457909,player-4,15,7,9,12,player-4,player-4
329,5,19,0.06900005973875523,player-3,18,8,11,18,player-1,player-3
329,6,17,0.0666668638586998,player-2,22,12,17,21,player-2,player-2
329,7,17,0.054167117923498154,player-3,22,13,20,23,player-3,player-3
329,8,17,0.07062498480081558,player-4,24,17,25,25,player-4,player-4
329,9,18,0.057374825701117516,player-2,25,27,27,26,player-1,player-2
329,10,17,0.061374856159090996,player-2,28,28,30,30,player-2,player-2
329,11,17,0.05287490785121918,player-3,28,32,36,30,player-3,player-3
329,12,17,0.06404193118214607,player-4,30,37,40,36,player-4,player-4
329,13,31,0.08212518878281116,player-3,33,38,45,43,player-1,player-3
329,14,18,0.067500164732337,player-3,43,38,48,44,player-2,player-3
329,15,20,0.08845794945955276,player-2,50,44,52,44,player-3,player-2
330,1,17,0.06579211913049221,player-1,7,4,3,4,player-1,player-1
330,2,18,0.07129204459488392,player-3,7,8,10,14,player-2,player-3
330,3,17,0.06433296948671341,player-3,8,10,14,15,player-3,player-3
330,4,18,0.0614591408520937,player-1,16,10,14,16,player-4,player-1
330,5,24,0.06770901381969452,player-4,21,13,14,25,player-1,player-4
330,6,22,0.08066697046160698,player-3,28,20,15,33,player-2,player-3
330,7,17,0.05341717042028904,player-3,29,23,19,33,player-3,player-3
330,8,17,0.04329183138906956,player-4,30,27,19,38,player-4,player-4
330,9,18,0.06291619502007961,player-2,35,30,21,44,player-1,player-2
330,10,17,0.0635830219835043,player-2,40,38,24,49,player-2,player-2
330,11,17,0.06133411079645157,player-3,40,41,27,57,player-3,player-3
330,12,17,0.062499893829226494,player-4,41,43,34,65,player-4,player-4
331,1,18,0.07241591811180115,player-2,6,1,4,6,player-1,player-2
331,2,17,0.06533297710120678,player-2,13,10,12,10,player-2,player-2
331,3,17,0.05487492308020592,player-3,15,16,17,16,player-3,player-3
331,4,22,0.06474996916949749,player-1,23,16,23,19,player-4,player-1
331,5,18,0.06324984133243561,player-2,28,23,25,21,player-1,player-2
331,6,19,0.07158401422202587,player-4,31,26,26,29,player-2,player-4
331,7,20,0.07387506775557995,player-2,33,31,29,31,player-3,player-2
331,8,19,0.08358387276530266,player-2,39,36,29,32,player-4,player-2
331,9,21,0.07591699250042439,player-1,42,39,29,40,player-1,player-1
331,10,18,0.06400002166628838,player-3,45,43,31,42,player-2,player-3
331,11,18,0.07299985736608505,player-4,48,43,34,42,player-3,player-4
331,12,19,0.06008287891745567,player-2,50,44,37,44,player-4,player-2
331,13,18,0.07216609083116055,player-2,53,47,40,46,player-1,player-2
331,14,17,0.06754114292562008,player-2,66,52,44,52,player-2,player-2
332,1,17,0.05329214036464691,player-3,1,4,1,1,player-3,player-3
332,2,26,0.0715409405529499,player-1,5,12,1,5,player-4,player-1
332,3,18,0.07262500002980232,player-2,9,19,2,14,player-1,player-2
332,4,20,0.0962910708039999,player-1,12,20,12,15,player-2,player-1
332,5,17,0.0541249755769968,player-3,14,24,12,19,player-3,player-3
332,6,19,0.05891709588468075,player-2,15,37,17,22,player-4,player-2
332,7,17,0.08858297951519489,player-1,21,40,17,27,player-1,player-1
332,8,18,0.0702918041497469,player-3,25,40,24,27,player-2,player-3
332,9,18,0.06341701373457909,player-4,34,49,27,29,player-3,player-4
332,10,17,0.06916699931025505,player-4,35,50,31,34,player-4,player-4
332,11,17,0.05670799873769283,player-1,39,52,31,37,player-1,player-1
332,12,17,0.05041714757680893,player-2,42,53,33,40,player-2,player-2
332,13,17,0.04558311775326729,none,42,58,43,40,player-3,none
332,14,17,0.05470798350870609,player-4,44,61,44,47,player-4,player-4
333,1,17,0.05608284845948219,player-2,0,4,3,3,player-2,player-2
333,2,18,0.06587500683963299,player-4,2,9,6,10,player-3,player-4
333,3,17,0.07154210470616817,player-4,5,12,16,12,player-4,player-4
333,4,18,0.07879198528826237,player-2,11,15,20,14,player-1,player-2
333,5,17,0.06612483412027359,player-2,16,17,23,14,player-2,player-2
333,6,18,0.06608408875763416,player-4,25,20,24,17,player-3,player-4
333,7,20,0.05791708827018738,player-3,27,24,29,23,player-4,player-3
333,8,17,0.04929187707602978,player-1,32,27,29,23,player-1,player-1
333,9,17,0.06316695362329483,player-2,33,30,32,24,player-2,player-2
333,10,17,0.05758390761911869,player-3,39,39,37,33,player-3,player-3
333,11,19,0.06574997678399086,player-2,41,42,37,36,player-4,player-2
333,12,17,0.07270812056958675,player-1,43,42,37,45,player-1,player-1
333,13,17,0.06558396853506565,player-2,45,49,37,51,player-2,player-2
334,1,20,0.07650000043213367,player-2,2,3,7,2,player-3,player-2
334,2,17,0.07537496276199818,player-4,4,10,9,9,player-4,player-4
334,3,17,0.050999922677874565,player-1,8,13,11,9,player-1,player-1
334,4,17,0.07162499241530895,player-2,9,23,13,20,player-2,player-2
334,5,18,0.0612910371273756,player-4,12,23,23,24,player-3,player-4
334,6,17,0.05233287811279297,player-4,12,25,26,25,player-4,player-4
334,7,18,0.06466708146035671,player-2,12,31,29,29,player-1,player-2
334,8,17,0.07950002327561378,player-2,14,42,39,31,player-2,player-2
334,9,18,0.07341708987951279,player-4,16,48,39,32,player-3,player-4
334,10,19,0.0641669612377882,player-2,28,53,46,35,player-4,player-2
334,11,18,0.06579211913049221,player-2,37,54,55,35,player-1,player-2
334,12,17,0.06574997678399086,player-2,37,65,55,39,player-2,player-2
335,1,20,0.07133395411074162,player-3,1,2,12,6,player-4,player-3
335,2,18,0.07800012826919556,player-2,5,8,20,11,player-1,player-2
335,3,29,0.08112494833767414,none,7,10,21,12,player-2,none
335,4,18,0.06758305244147778,player-4,11,11,23,18,player-3,player-4
335,5,18,0.05575013346970081,player-1,15,13,23,20,player-4,player-1
335,6,19,0.05429214797914028,player-3,19,18,34,21,player-1,player-3
335,7,19,0.07095909677445889,player-4,23,21,44,32,player-2,player-4
335,8,20,0.07295794785022736,player-2,30,31,46,32,player-3,player-2
335,9,22,0.06454181857407093,player-1,35,35,48,36,player-4,player-1
335,10,23,0.07133418694138527,player-3,36,37,52,37,player-1,player-3
335,11,21,0.07316609844565392,player-2,38,43,59,40,player-2,player-2
335,12,17,0.04816707223653793,none,44,46,67,45,player-3,none
336,1,17,0.07166597060859203,player-1,8,2,5,5,player-1,player-1
336,2,18,0.06545893847942352,player-3,8,7,10,14,player-2,player-3
336,3,17,0.07833307608962059,player-3,8,9,15,14,player-3,player-3
336,4,17,0.05262484773993492,player-4,9,12,15,21,player-4,player-4
336,5,18,0.07341592572629452,player-2,15,14,24,26,player-1,player-2
336,6,17,0.060750171542167664,player-2,18,23,31,29,player-2,player-2
336,7,18,0.06879190914332867,player-4,20,31,37,37,player-3,player-4
336,8,18,0.06079091690480709,player-1,22,35,37,38,player-4,player-1
336,9,17,0.05050003528594971,player-1,24,36,37,40,player-1,player-1
336,10,18,0.06349990144371986,player-3,26,37,37,40,player-2,player-3
336,11,17,0.055167125537991524,player-3,29,37,41,42,player-3,player-3
336,12,17,0.054040923714637756,player-4,29,37,43,49,player-4,player-4
336,13,17,0.060999998822808266,player-1,33,42,47,51,player-1,player-1
336,14,18,0.058165984228253365,player-3,34,49,54,52,player-2,player-3
337,1,19,0.0654999166727066,player-1,8,13,11,0,player-3,player-1
337,2,18,0.06266706623136997,player-1,11,23,16,6,player-4,player-1
337,3,17,0.08229096420109272,player-1,15,29,19,12,player-1,player-1
337,4,17,0.05929195322096348,player-2,17,29,23,13,player-2,player-2
337,5,18,0.07920805364847183,player-4,24,33,32,13,player-3,player-4
337,6,17,0.06450014188885689,player-4,24,35,32,18,player-4,player-4
337,7,18,0.06425008177757263,player-2,33,42,32,21,player-1,player-2
337,8,18,0.061542028561234474,player-3,35,48,40,25,player-2,player-3
337,9,17,0.05929102189838886,player-3,37,49,45,29,player-3,player-3
337,10,23,0.061542028561234474,none,38,50,49,30,player-4,none
337,11,17,0.0627078115940094,player-1,41,52,56,30,player-1,player-1
337,12,19,0.06512505933642387,player-4,42,56,56,30,player-2,player-4
337,13,18,0.054791104048490524,player-4,45,57,61,38,player-3,player-4
338,1,17,0.04991702735424042,player-3,0,0,3,2,player-3,player-3
338,2,18,0.07100007496774197,player-1,3,5,5,6,player-4,player-1
338,3,32,0.08891685865819454,player-4,5,8,12,9,player-1,player-4
338,4,18,0.07487507537007332,player-3,7,12,17,9,player-2,player-3
338,5,18,0.07487507537007332,player-4,9,20,21,10,player-3,player-4
338,6,19,0.06400002166628838,player-2,13,33,24,13,player-4,player-2
338,7,18,0.06054108962416649,player-2,14,39,26,15,player-1,player-2
338,8,22,0.1129999291151762,player-3,14,48,38,19,player-2,player-3
338,9,19,0.08033402264118195,player-1,15,51,38,24,player-3,player-1
338,10,17,0.09470898658037186,player-4,19,56,38,40,player-4,player-4
338,11,18,0.07624994032084942,player-2,24,57,47,46,player-1,player-2
339,1,28,0.08475012145936489,none,0,1,4,2,player-3,none
339,2,17,0.05833292379975319,player-4,2,4,8,6,player-4,player-4
339,3,21,0.08391705341637135,player-1,5,15,13,6,player-1,player-1
339,4,17,0.07541687227785587,player-2,8,24,14,6,player-2,player-2
339,5,20,0.05495804361999035,none,9,24,17,7,player-3,none
339,6,30,0.08387491106987,player-1,13,28,24,10,player-4,player-1
339,7,17,0.07362500764429569,player-1,18,28,26,11,player-1,player-1
339,8,19,0.10370812378823757,player-4,18,37,30,17,player-2,player-4
339,9,20,0.06854208186268806,player-2,21,38,34,18,player-3,player-2
339,10,18,0.07083313539624214,player-1,25,41,39,22,player-4,player-1
339,11,17,0.05791708827018738,player-1,31,41,39,24,player-1,player-1
339,12,17,0.07458403706550598,player-2,34,48,40,26,player-2,player-2
339,13,20,0.059999991208314896,player-2,39,50,43,26,player-3,player-2
339,14,19,0.06400002166628838,player-2,43,60,50,34,player-4,player-2
339,15,24,0.061584170907735825,none,44,62,54,37,player-1,none
339,16,17,0.05370797589421272,player-2,50,64,55,38,player-2,player-2
340,1,17,0.051165930926799774,player-3,4,0,3,3,player-3,player-3
340,2,18,0.06141606718301773,player-1,12,3,5,6,player-4,player-1
340,3,23,0.09124982170760632,player-3,16,14,15,8,player-1,player-3
340,4,17,0.07433420978486538,player-2,17,26,18,14,player-2,player-2
340,5,22,0.07729185745120049,player-4,17,36,21,20,player-3,player-4
340,6,19,0.05295802839100361,player-2,17,42,21,20,player-4,player-2
340,7,17,0.06762496195733547,player-1,22,47,26,25,player-1,player-1
340,8,17,0.069082947447896,player-2,26,49,33,27,player-2,player-2
340,9,17,0.07070787250995636,player-3,26,52,36,29,player-3,player-3
340,10,17,0.075541902333498,player-4,31,55,36,35,player-4,player-4
340,11,18,0.05537504330277443,player-2,35,56,40,39,player-1,player-2
340,12,17,0.05095801316201687,player-2,37,59,42,41,player-2,player-2
341,1,19,0.06108405068516731,player-1,2,5,9,2,player-3,player-1
341,2,17,0.05529215559363365,player-4,5,9,18,7,player-4,player-4
341,3,17,0.06966688670217991,player-1,13,15,18,15,player-1,player-1
341,4,17,0.06979098543524742,player-2,24,24,25,21,player-2,player-2
341,5,17,0.0766250304877758,player-3,34,29,30,21,player-3,player-3
341,6,17,0.06604194641113281,player-4,37,36,36,27,player-4,player-4
341,7,18,0.07458310574293137,player-2,44,38,39,29,player-1,player-2
341,8,17,0.06916606798768044,player-2,46,40,41,35,player-2,player-2
341,9,19,0.06333296187222004,player-1,46,40,43,42,player-3,player-1
341,10,18,0.06362493149936199,player-1,49,43,43,45,player-4,player-1
341,11,17,0.06570806726813316,player-1,55,45,44,46,player-1,player-1
341,12,18,0.07645785808563232,player-3,55,47,53,48,player-2,player-3
342,1,17,0.07737497799098492,player-4,2,3,1,4,player-4,player-4
342,2,17,0.06862496957182884,player-1,5,4,1,8,player-1,player-1
342,3,18,0.07129204459488392,player-3,5,10,11,8,player-2,player-3
342,4,17,0.073583098128438,player-3,9,12,15,10,player-3,player-3
342,5,17,0.05324999801814556,player-4,12,15,15,18,player-4,player-4
342,6,17,0.06229197606444359,player-1,20,19,20,18,player-1,player-1
342,7,20,0.055958982557058334,player-1,22,24,22,18,player-2,player-1
342,8,27,0.1004999503493309,player-1,25,28,23,28,player-3,player-1
342,9,17,0.0552500132471323,player-4,26,31,24,30,player-4,player-4
342,10,17,0.04491698928177357,none,27,31,28,30,player-1,none
342,11,19,0.05550007335841656,none,27,31,32,31,player-2,none
342,12,20,0.07154187187552452,player-2,32,38,33,33,player-3,player-2
342,13,19,0.07512513548135757,player-2,35,41,34,35,player-4,player-2
342,14,18,0.06874999962747097,player-2,39,47,37,35,player-1,player-2
342,15,17,0.0577499158680439,player-2,41,50,38,39,player-2,player-2
342,16,18,0.058999983593821526,player-4,45,52,41,43,player-3,player-4
342,17,18,0.059999991208314896,player-1,47,52,43,45,player-4,player-1
342,18,19,0.07100007496774197,player-3,53,52,51,51,player-1,player-3
343,1,18,0.07533305324614048,player-2,3,7,3,5,player-1,player-2
343,2,33,0.10104198008775711,player-2,7,10,3,12,player-2,player-2
343,3,17,0.06837514229118824,player-3,12,13,8,14,player-3,player-3
343,4,19,0.05787494592368603,player-2,14,15,11,17,player-4,player-2
343,5,17,0.09429105557501316,player-1,18,17,17,23,player-1,player-1
343,6,19,0.07883296348154545,player-4,21,30,17,29,player-2,player-4
343,7,19,0.05579087883234024,player-1,29,33,19,29,player-3,player-1
343,8,17,0.07195794023573399,player-4,29,41,19,37,player-4,player-4
343,9,18,0.050625065341591835,player-2,30,45,19,39,player-1,player-2
343,10,17,0.0669590663164854,player-2,36,52,21,47,player-2,player-2
343,11,19,0.0753339845687151,player-1,46,53,22,49,player-3,player-1
344,1,20,0.06804196164011955,player-1,4,2,11,0,player-2,player-1
344,2,23,0.08054100908339024,player-1,19,5,22,1,player-3,player-1
344,3,18,0.049999915063381195,player-1,21,6,28,3,player-4,player-1
344,4,17,0.062417006120085716,player-1,26,8,30,9,player-1,player-1
344,5,17,0.06108288653194904,player-2,31,16,30,16,player-2,player-2
344,6,17,0.06387499161064625,player-3,36,16,39,17,player-3,player-3
344,7,23,0.07349997758865356,player-2,40,21,44,17,player-4,player-2
344,8,17,0.050208065658807755,player-1,47,24,47,20,player-1,player-1
344,9,18,0.07079215720295906,player-3,47,30,48,25,player-2,player-3
344,10,17,0.07408414967358112,player-3,53,33,50,29,player-3,player-3
345,1,17,0.06574997678399086,player-3,3,3,10,4,player-3,player-3
345,2,17,0.09579211473464966,player-4,7,5,15,6,player-4,player-4
345,3,25,0.0849999487400055,player-1,10,7,15,8,player-1,player-1
345,4,17,0.07608393207192421,player-2,12,16,16,15,player-2,player-2
345,5,22,0.07016700692474842,player-4,16,21,19,20,player-3,player-4
345,6,19,0.05933293141424656,player-2,17,24,19,22,player-4,player-2
345,7,18,0.059625133872032166,player-2,18,26,19,25,player-1,player-2
345,8,20,0.0993749126791954,player-1,24,32,23,29,player-2,player-1
345,9,17,0.0766250304877758,player-3,32,35,29,31,player-3,player-3
345,10,19,0.06445799954235554,player-2,37,41,29,34,player-4,player-2
345,11,18,0.06516603752970695,player-2,41,45,31,37,player-1,player-2
345,12,18,0.0760830007493496,player-3,50,46,35,39,player-2,player-3
345,13,17,0.07379194721579552,player-3,52,49,38,42,player-3,player-3
345,14,17,0.05795806646347046,player-4,54,52,40,47,player-4,player-4
345,15,17,0.07212487980723381,player-1,54,53,45,47,player-1,player-1
346,1,19,0.09750016033649445,player-1,7,4,2,7,player-3,player-1
346,2,17,0.050582922995090485,player-4,8,4,5,10,player-4,player-4
346,3,19,0.08650007657706738,player-3,15,7,12,12,player-1,player-3
346,4,17,0.06583286449313164,player-2,26,16,19,15,player-2,player-2
346,5,21,0.05954108200967312,player-3,27,17,19,17,player-3,player-3
346,6,23,0.08616596460342407,player-2,30,28,22,21,player-4,player-2
346,7,24,0.0902500469237566,player-4,38,32,25,26,player-1,player-4
346,8,17,0.06979098543524742,player-2,41,39,29,33,player-2,player-2
346,9,17,0.06262492388486862,player-3,44,39,39,34,player-3,player-3
346,10,18,0.07037492468953133,player-1,46,45,39,36,player-4,player-1
346,11,20,0.0613329466432333,player-4,46,45,45,40,player-1,player-4
346,12,21,0.06720796227455139,player-2,49,52,49,45,player-2,player-2
346,13,21,0.07412489503622055,player-3,50,54,53,46,player-3,player-3
347,1,17,0.06449990905821323,player-1,15,0,5,4,player-1,player-1
347,2,17,0.0762909185141325,player-2,18,10,7,7,player-2,player-2
347,3,17,0.07058284245431423,player-3,19,14,13,10,player-3,player-3
347,4,17,0.05616620182991028,player-4,20,15,16,18,player-4,player-4
347,5,17,0.06812508217990398,player-1,20,22,18,21,player-1,player-1
347,6,17,0.23837503977119923,player-2,21,28,20,26,player-2,player-2
347,7,21,0.1473750453442335,player-3,25,36,24,31,player-3,player-3
347,8,17,0.3228341229259968,player-4,26,42,27,42,player-4,player-4
347,9,17,0.08062482811510563,player-1,32,48,28,48,player-1,player-1
347,10,17,0.08254079148173332,player-2,37,52,32,50,player-2,player-2
348,1,18,0.06629107519984245,player-1,3,2,0,6,player-4,player-1
348,2,17,0.06208312697708607,player-1,6,2,3,6,player-1,player-1
348,3,17,0.07141707465052605,player-2,12,10,8,6,player-2,player-2
348,4,18,0.07033301517367363,player-4,14,13,9,17,player-3,player-4
348,5,17,0.06816699169576168,player-4,20,13,11,22,player-4,player-4
348,6,18,0.07812492549419403,player-2,22,15,15,24,player-1,player-2
348,7,17,0.061042141169309616,player-2,23,19,18,27,player-2,player-2
348,8,22,0.055999960750341415,none,23,23,22,28,player-3,none
348,9,20,0.08425000123679638,player-3,23,27,29,30,player-4,player-3
348,10,17,0.04791701212525368,player-1,29,27,30,32,player-1,player-1
348,11,17,0.07487484253942966,player-2,31,32,37,35,player-2,player-2
348,12,17,0.05650008097290993,player-3,33,39,41,35,player-3,player-3
348,13,21,0.07216702215373516,player-4,36,45,43,40,player-4,player-4
348,14,25,0.08525000885128975,player-1,45,45,45,46,player-1,player-1
348,15,19,0.08899997919797897,player-4,45,49,50,50,player-2,player-4
348,16,17,0.062042148783802986,player-3,52,49,56,53,player-3,player-3
349,1,19,0.06008311174809933,player-2,2,3,8,2,player-4,player-2
349,2,18,0.07375003769993782,player-2,12,5,14,4,player-1,player-2
349,3,18,0.05954108200967312,player-3,15,5,22,7,player-2,player-3
349,4,19,0.08616689592599869,player-1,22,14,27,8,player-3,player-1
349,5,17,0.05349982529878616,player-4,24,15,28,11,player-4,player-4
349,6,17,0.06208312697708607,player-1,34,15,28,13,player-1,player-1
349,7,17,0.05591707304120064,player-2,37,20,29,13,player-2,player-2
349,8,17,0.054167117923498154,player-3,43,22,32,15,player-3,player-3
349,9,20,0.07183407433331013,player-3,46,27,39,19,player-4,player-3
349,10,17,0.07083290256559849,player-1,51,27,42,25,player-1,player-1
349,11,17,0.05095801316201687,player-2,51,43,42,27,player-2,player-2
349,12,17,0.06087496876716614,player-3,53,46,50,30,player-3,player-3
350,1,17,0.07520802319049835,player-2,0,7,2,4,player-2,player-2
350,2,18,0.060125021263957024,player-4,3,7,4,6,player-3,player-4
350,3,17,0.0617089681327343,player-4,13,16,6,16,player-4,player-4
350,4,17,0.06449990905821323,player-1,18,18,7,25,player-1,player-1
350,5,17,0.05466584116220474,player-2,19,18,8,25,player-2,player-2
350,6,21,0.0605839304625988,player-3,25,32,8,34,player-3,player-3
350,7,20,0.057042110711336136,player-3,28,34,11,34,player-4,player-3
350,8,17,0.05729100666940212,player-1,34,38,13,34,player-1,player-1
350,9,21,0.07200008258223534,player-2,37,40,14,35,player-2,player-2
350,10,13,0.0399579294025898,none,42,40,15,37,player-3,none
350,11,17,0.06120791658759117,player-4,44,42,18,43,player-4,player-4
350,12,18,0.06595905870199203,player-2,53,50,20,47,player-1,player-2
350,13,17,0.06370781920850277,player-2,59,57,25,54,player-2,player-2
351,1,19,0.09499979205429554,player-4,8,9,2,4,player-2,player-4
351,2,19,0.06895791739225388,player-1,21,14,4,10,player-3,player-1
351,3,19,0.08062506094574928,player-2,31,16,9,14,player-4,player-2
351,4,18,0.06491714157164097,player-2,37,21,9,14,player-1,player-2
351,5,17,0.07195817306637764,player-2,47,30,15,23,player-2,player-2
351,6,21,0.058459118008613586,player-3,51,32,16,28,player-3,player-3
351,7,19,0.07624994032084942,player-2,53,37,19,30,player-4,player-2
351,8,18,0.059374840930104256,player-2,56,40,22,30,player-1,player-2
351,9,17,0.06087496876716614,player-2,58,48,24,38,player-2,player-2
351,10,17,0.055833952501416206,player-3,58,51,31,39,player-3,player-3
351,11,17,0.0513328704982996,player-4,61,57,35,45,player-4,player-4
352,1,17,0.05891709588468075,player-1,9,1,0,6,player-1,player-1
352,2,20,0.07200008258223534,player-1,19,3,8,11,player-2,player-1
352,3,19,0.05791708827018738,player-1,29,4,10,11,player-3,player-1
352,4,18,0.07812492549419403,player-1,37,9,14,13,player-4,player-1
352,5,17,0.07187505252659321,player-1,43,12,18,14,player-1,player-1
352,6,19,0.07025012746453285,player-4,49,26,26,20,player-2,player-4
352,7,20,0.07166597060859203,player-2,52,33,31,25,player-3,player-2
352,8,18,0.07329205982387066,player-1,65,37,38,33,player-4,player-1
353,1,18,0.059582991525530815,player-2,5,6,3,2,player-1,player-2
353,2,19,0.06654090248048306,player-4,7,11,10,4,player-2,player-4
353,3,17,0.05987496115267277,player-3,8,12,17,4,player-3,player-3
353,4,19,0.06295903585851192,player-2,11,17,22,6,player-4,player-2
353,5,18,0.07462501525878906,player-2,12,28,26,8,player-1,player-2
353,6,18,0.060042133554816246,player-3,12,32,30,16,player-2,player-3
353,7,17,0.0702079851180315,player-3,14,34,36,16,player-3,player-3
353,8,19,0.06874999962747097,player-2,20,36,40,16,player-4,player-2
353,9,17,0.0699581578373909,player-1,27,39,44,18,player-1,player-1
353,10,18,0.07524993270635605,player-3,34,42,54,20,player-2,player-3
353,11,17,0.07129204459488392,player-3,34,48,62,22,player-3,player-3
353,12,18,0.07399986498057842,player-1,42,50,69,26,player-4,player-1
354,1,17,0.07950002327561378,player-4,1,3,3,4,player-4,player-4
354,2,21,0.09433319792151451,player-1,9,12,5,13,player-1,player-1
354,3,18,0.07354095578193665,player-3,14,12,13,21,player-2,player-3
354,4,17,0.05433289334177971,player-3,16,13,21,22,player-3,player-3
354,5,23,0.08929194882512093,player-2,31,16,24,24,player-4,player-2
354,6,23,0.06612506695091724,player-3,32,19,34,28,player-1,player-3
354,7,17,0.059499870985746384,player-2,34,19,40,28,player-2,player-2
354,8,18,0.06125005893409252,player-4,37,24,46,35,player-3,player-4
354,9,19,0.06366707384586334,player-2,41,30,57,36,player-4,player-2
354,10,18,0.0677080824971199,player-2,46,41,58,36,player-1,player-2
355,1,18,0.0664170365780592,player-4,0,2,5,4,player-3,player-4
355,2,20,0.0849580392241478,player-3,4,11,23,9,player-4,player-3
355,3,17,0.056208111345767975,player-1,9,11,25,12,player-1,player-1
355,4,17,0.05512498319149017,player-2,12,15,27,16,player-2,player-2
355,5,17,0.059625133872032166,player-3,12,17,37,16,player-3,player-3
355,6,19,0.059542013332247734,player-2,14,20,37,19,player-4,player-2
355,7,17,0.05012494511902332,player-1,17,24,43,22,player-1,player-1
355,8,18,0.06295810453593731,player-3,20,27,48,22,player-2,player-3
355,9,17,0.07770908996462822,player-3,29,33,54,25,player-3,player-3
355,10,17,0.05595921538770199,player-4,33,37,60,28,player-4,player-4
355,11,18,0.06574997678399086,player-2,40,44,63,33,player-1,player-2
356,1,17,0.06749993190169334,player-3,9,8,4,0,player-3,player-3
356,2,18,0.07595797069370747,player-1,10,12,7,7,player-4,player-1
356,3,17,0.06291712634265423,player-1,14,14,8,11,player-1,player-1
356,4,18,0.06362516433000565,player-3,14,20,11,16,player-2,player-3
356,5,18,0.061042141169309616,player-4,16,20,16,16,player-3,player-4
356,6,19,0.07766601629555225,player-2,21,29,17,20,player-4,player-2
356,7,19,0.06816699169576168,player-3,25,29,23,22,player-1,player-3
356,8,18,0.0635830219835043,player-3,25,38,32,25,player-2,player-3
356,9,17,0.06949994713068008,player-3,31,44,37,25,player-3,player-3
356,10,17,0.06425008177757263,player-4,37,50,39,31,player-4,player-4
356,11,28,0.07545808330178261,none,37,53,40,35,player-1,none
356,12,17,0.06029196083545685,player-2,38,61,44,43,player-2,player-2
357,1,21,0.08354196324944496,player-3,9,5,4,7,player-3,player-3
357,2,18,0.05458318628370762,player-1,12,6,9,8,player-4,player-1
357,3,17,0.05745887756347656,player-1,15,9,11,15,player-1,player-1
357,4,17,0.056499848142266273,player-2,19,23,12,17,player-2,player-2
357,5,20,0.06166589446365833,player-2,19,30,19,18,player-3,player-2
357,6,18,0.06262492388486862,player-1,20,36,23,18,player-4,player-1
357,7,20,0.07337494753301144,player-4,31,40,39,25,player-1,player-4
357,8,19,0.056040938943624496,player-4,34,40,48,37,player-2,player-4
357,9,17,0.05908403545618057,player-3,36,43,59,37,player-3,player-3
357,10,19,0.07537496276199818,player-2,41,45,63,41,player-4,player-2
358,1,20,0.060916878283023834,player-2,0,2,6,0,player-3,player-2
358,2,20,0.07508392445743084,player-3,1,6,10,0,player-4,player-3
358,3,24,0.09037507697939873,player-4,3,6,23,2,player-1,player-4
358,4,18,0.06720889359712601,player-3,6,12,26,6,player-2,player-3
358,5,18,0.06279186345636845,player-4,7,17,27,12,player-3,player-4
358,6,24,0.06379117257893085,none,9,21,27,14,player-4,none
358,7,18,0.06854208186268806,player-2,16,27,29,21,player-1,player-2
358,8,17,0.05962490104138851,player-2,23,27,30,21,player-2,player-2
358,9,19,0.07320893928408623,player-1,26,29,34,26,player-3,player-1
358,10,19,0.05837506614625454,player-2,28,37,34,27,player-4,player-2
358,11,17,0.1033339649438858,player-1,36,43,36,27,player-1,player-1
358,12,18,0.07829186506569386,player-3,43,48,50,27,player-2,player-3
358,13,17,0.07754191756248474,player-3,46,50,52,37,player-3,player-3
358,14,17,0.06808317266404629,player-4,49,58,57,41,player-4,player-4
359,1,17,0.0669590663164854,player-3,1,9,8,10,player-3,player-3
359,2,18,0.06604194641113281,player-1,4,12,13,15,player-4,player-1
359,3,19,0.06283307448029518,player-3,6,13,13,16,player-1,player-3
359,4,20,0.0689169391989708,player-1,14,17,17,16,player-2,player-1
359,5,17,0.06562494672834873,player-3,15,17,21,17,player-3,player-3
359,6,19,0.0779579859226942,player-2,18,19,25,18,player-4,player-2
359,7,20,0.07154117338359356,player-4,20,24,32,24,player-1,player-4
359,8,21,0.056165968999266624,none,22,29,33,24,player-2,none
359,9,17,0.05895807407796383,player-3,24,29,37,24,player-3,player-3
359,10,17,0.07283291779458523,player-4,30,38,39,29,player-4,player-4
359,11,18,0.06324984133243561,player-2,34,46,43,29,player-1,player-2
359,12,21,0.08066720329225063,player-2,36,55,43,30,player-2,player-2
359,13,19,0.060416990891098976,player-1,42,55,47,31,player-3,player-1
359,14,17,0.0866670161485672,player-4,47,60,51,31,player-4,player-4
359,15,19,0.06800005212426186,player-3,52,60,58,32,player-1,player-3
360,1,20,0.07445807568728924,player-4,5,4,2,7,player-1,player-4
360,2,17,0.07362500764429569,player-2,9,8,5,14,player-2,player-2
360,3,20,0.07116701453924179,player-2,11,19,5,24,player-3,player-2
360,4,26,0.07729209028184414,none,15,21,8,27,player-4,none
360,5,17,0.06500002928078175,player-1,27,31,8,31,player-1,player-1
360,6,27,0.08216686546802521,none,31,41,15,41,player-2,none
360,7,17,0.08433288894593716,player-3,43,49,25,45,player-3,player-3
360,8,20,0.07379194721579552,player-3,46,52,31,47,player-4,player-3
360,9,19,0.06374996155500412,player-3,49,57,34,54,player-1,player-3
361,1,17,0.05691591650247574,player-3,3,5,3,0,player-3,player-3
361,2,19,0.058791832998394966,player-2,13,9,5,2,player-4,player-2
361,3,18,0.05850009620189667,player-2,15,15,9,2,player-1,player-2
361,4,23,0.1019590999931097,player-4,18,17,12,8,player-2,player-4
361,5,17,0.05925004370510578,player-3,18,18,20,11,player-3,player-3
361,6,17,0.0677499920129776,player-4,22,20,28,18,player-4,player-4
361,7,20,0.06804103031754494,player-4,23,25,32,27,player-1,player-4
361,8,17,0.07983390241861343,player-2,25,25,34,35,player-2,player-2
361,9,17,0.06125005893409252,player-3,27,29,47,36,player-3,player-3
361,10,17,0.06304099224507809,player-4,28,31,49,42,player-4,player-4
361,11,18,0.054416945204138756,player-2,30,33,52,46,player-1,player-2
361,12,17,0.055540818721055984,player-2,32,40,60,46,player-2,player-2
361,13,18,0.06779213435947895,player-4,41,43,68,48,player-3,player-4
362,1,17,0.05950010381639004,player-4,3,8,6,9,player-4,player-4
362,2,18,0.05450006574392319,player-2,4,19,7,11,player-1,player-2
362,3,17,0.05645793862640858,player-2,10,22,10,11,player-2,player-2
362,4,18,0.0813750084489584,player-4,21,24,16,12,player-3,player-4
362,5,22,0.067500164732337,player-1,23,29,18,13,player-4,player-1
362,6,17,0.056582968682050705,player-1,30,30,26,13,player-1,player-1
362,7,17,0.06395811215043068,player-2,35,40,27,16,player-2,player-2
362,8,17,0.05595805123448372,player-3,35,45,28,18,player-3,player-3
362,9,19,0.06387499161064625,player-2,39,46,34,28,player-4,player-2
362,10,19,0.06266613490879536,player-3,41,50,39,30,player-1,player-3
362,11,17,0.056499848142266273,player-2,41,56,42,34,player-2,player-2
362,12,17,0.059416983276605606,player-3,41,56,42,34,player-3,player-3
362,13,19,0.05512498319149017,player-2,41,57,45,35,player-4,player-2
362,14,17,0.05862489342689514,player-1,46,60,52,38,player-1,player-1
362,15,17,0.06458302959799767,player-2,52,71,57,47,player-2,player-2
363,1,28,0.09400001727044582,none,0,2,12,11,player-2,none
363,2,17,0.05129212513566017,player-3,1,2,18,14,player-3,player-3
363,3,21,0.0743749551475048,player-4,4,4,20,18,player-4,player-4
363,4,17,0.05974993109703064,player-1,12,7,21,23,player-1,player-1
363,5,18,0.06329198367893696,player-3,27,15,23,30,player-2,player-3
363,6,17,0.05341600626707077,player-3,28,19,27,33,player-3,player-3
363,7,17,0.05629099905490875,player-4,32,27,27,35,player-4,player-4
363,8,17,0.05291705019772053,player-1,34,30,33,40,player-1,player-1
363,9,17,0.06579095497727394,player-2,37,38,38,43,player-2,player-2
363,10,23,0.06987480446696281,player-1,39,43,39,43,player-3,player-1
363,11,17,0.06100023165345192,player-4,40,48,46,44,player-4,player-4
363,12,17,0.05950010381639004,player-1,46,49,46,45,player-1,player-1
363,13,17,0.06370805203914642,player-2,53,54,49,45,player-2,player-2
364,1,23,0.07733306847512722,player-1,7,0,2,4,player-3,player-1
364,2,18,0.05004182457923889,player-1,9,7,6,9,player-4,player-1
364,3,17,0.06904196925461292,player-1,13,7,12,9,player-1,player-1
364,4,19,0.06979214958846569,player-4,15,13,14,17,player-2,player-4
364,5,17,0.05891709588468075,player-3,16,17,19,17,player-3,player-3
364,6,17,0.06841588765382767,player-4,17,22,21,29,player-4,player-4
364,7,17,0.06825011223554611,player-1,26,23,24,32,player-1,player-1
364,8,17,0.0654999166727066,player-2,32,27,27,32,player-2,player-2
364,9,18,0.05183299072086811,player-4,32,28,35,36,player-3,player-4
364,10,18,0.057333847507834435,player-1,45,30,37,42,player-4,player-1
364,11,18,0.06266706623136997,player-2,49,38,40,45,player-1,player-2
364,12,17,0.053999945521354675,player-2,50,49,44,51,player-2,player-2
365,1,17,0.05033309571444988,player-1,2,2,6,1,player-1,player-1
365,2,17,0.06374996155500412,player-2,4,8,12,6,player-2,player-2
365,3,17,0.06362493149936199,player-3,6,14,17,10,player-3,player-3
365,4,19,0.07341615855693817,player-2,12,24,24,14,player-4,player-2
365,5,17,0.0563750509172678,player-1,17,32,26,14,player-1,player-1
365,6,18,0.061916885897517204,player-3,24,37,29,15,player-2,player-3
365,7,17,0.06741704419255257,player-3,32,37,29,18,player-3,player-3
365,8,18,0.06545800715684891,player-1,35,39,33,25,player-4,player-1
365,9,25,0.08508400060236454,player-1,44,47,40,32,player-1,player-1
365,10,28,0.08066697046160698,none,53,50,43,34,player-2,none
365,11,17,0.06170803681015968,player-3,60,51,49,36,player-3,player-3
366,1,17,0.05729193799197674,player-1,5,4,3,6,player-1,player-1
366,2,17,0.06237509660422802,player-2,6,10,8,8,player-2,player-2
366,3,19,0.0535410363227129,player-1,12,12,10,8,player-3,player-1
366,4,17,0.06008404307067394,player-4,18,12,14,14,player-4,player-4
366,5,19,0.06129196844995022,player-3,23,13,18,18,player-1,player-3
366,6,17,0.07308321073651314,player-2,28,23,23,25,player-2,player-2
366,7,17,0.06008404307067394,player-3,32,26,29,26,player-3,player-3
366,8,17,0.05929102189838886,player-4,36,26,36,31,player-4,player-4
366,9,25,0.07854215800762177,none,36,34,36,41,player-1,none
366,10,21,0.06183283403515816,player-2,37,41,37,42,player-2,player-2
366,11,17,0.04595797508955002,player-3,39,43,42,44,player-3,player-3
366,12,17,0.06174994632601738,player-4,46,43,52,50,player-4,player-4
366,13,18,0.052625080570578575,player-2,50,45,54,52,player-1,player-2
367,1,17,0.05474989302456379,player-1,11,1,1,0,player-1,player-1
367,2,17,0.053165946155786514,player-2,16,4,8,4,player-2,player-2
367,3,17,0.06733392365276814,player-3,20,8,12,7,player-3,player-3
367,4,17,0.05087489262223244,player-4,23,9,13,9,player-4,player-4
367,5,18,0.07541710510849953,player-2,24,12,19,14,player-1,player-2
367,6,18,0.06458302959799767,player-3,29,16,28,16,player-2,player-3
367,7,17,0.05108397454023361,player-3,29,17,33,18,player-3,player-3
367,8,18,0.060042133554816246,player-1,29,25,38,25,player-4,player-1
367,9,20,0.06824987940490246,player-4,33,28,38,31,player-1,player-4
367,10,18,0.06941589526832104,player-3,34,30,44,31,player-2,player-3
367,11,17,0.07012509740889072,player-3,36,33,51,36,player-3,player-3
367,12,29,0.06270804442465305,none,36,33,58,41,player-4,none
367,13,29,0.07354211993515491,player-1,43,36,58,41,player-1,player-1
368,1,17,0.0825000461190939,player-4,1,5,0,9,player-4,player-4
368,2,17,0.06449990905821323,player-1,3,10,4,9,player-1,player-1
368,3,19,0.058499863371253014,player-4,5,13,9,10,player-2,player-4
368,4,17,0.06066705100238323,player-3,5,19,16,10,player-3,player-3
368,5,17,0.04895799793303013,player-4,9,23,21,15,player-4,player-4
368,6,17,0.07533305324614048,player-1,17,24,23,17,player-1,player-1
368,7,18,0.06787502206861973,player-3,20,31,30,19,player-2,player-3
368,8,18,0.0754999928176403,player-4,24,33,39,23,player-3,player-4
368,9,17,0.05533313378691673,player-4,26,35,42,28,player-4,player-4
368,10,17,0.05554105155169964,player-1,31,38,42,31,player-1,player-1
368,11,17,0.0702079851180315,player-2,34,42,44,41,player-2,player-2
368,12,17,0.0664170365780592,player-3,37,46,56,49,player-3,player-3
368,13,18,0.05966704338788986,player-1,39,46,59,54,player-4,player-1
369,1,17,0.0963329803198576,player-4,2,1,4,5,player-4,player-4
369,2,17,0.06524985656142235,player-1,8,4,9,7,player-1,player-1
369,3,22,0.07575005292892456,player-3,14,5,18,14,player-2,player-3
369,4,17,0.06824987940490246,player-3,20,7,29,14,player-3,player-3
369,5,17,0.06374996155500412,player-4,22,8,35,21,player-4,player-4
369,6,19,0.07616612128913403,player-3,24,8,37,31,player-1,player-3
369,7,17,0.07512513548135757,player-2,26,13,39,34,player-2,player-2
369,8,18,0.05762488581240177,player-4,28,16,41,35,player-3,player-4
369,9,17,0.05608284845948219,player-4,31,18,41,38,player-4,player-4
369,10,23,0.09062513709068298,player-3,35,18,50,40,player-1,player-3
369,11,17,0.05475012585520744,player-2,35,24,52,44,player-2,player-2
369,12,18,0.05854107439517975,player-4,41,32,54,47,player-3,player-4
369,13,21,0.07124990224838257,player-4,47,34,60,53,player-4,player-4
370,1,18,0.0730000901967287,player-3,6,5,4,7,player-2,player-3
370,2,20,0.08979206904768944,player-2,8,14,5,12,player-3,player-2
370,3,17,0.05458318628370762,player-4,9,14,7,19,player-4,player-4
370,4,17,0.07387506775557995,player-1,21,18,7,22,player-1,player-1
370,5,18,0.06904196925461292,player-3,23,20,13,22,player-2,player-3
370,6,18,0.06291712634265423,player-4,24,22,13,26,player-3,player-4
370,7,18,0.07958314381539822,player-1,27,25,17,28,player-4,player-1
370,8,18,0.0660829246044159,player-2,31,33,19,29,player-1,player-2
370,9,17,0.06187497638165951,player-2,38,35,22,31,player-2,player-2
370,10,17,0.053625088185071945,player-3,40,36,25,37,player-3,player-3
370,11,17,0.07354211993515491,player-4,48,36,31,37,player-4,player-4
370,12,26,0.08987518958747387,player-2,50,42,31,44,player-1,player-2
370,13,31,0.09066704660654068,none,54,44,32,45,player-2,none
370,14,17,0.06695790216326714,player-3,62,47,33,46,player-3,player-3
370,15,25,0.09420816786587238,player-4,68,53,33,49,player-4,player-4
371,1,17,0.06520794704556465,player-3,2,7,4,1,player-3,player-3
371,2,17,0.07100007496774197,player-4,3,12,4,7,player-4,player-4
371,3,17,0.06662518717348576,player-1,7,16,4,10,player-1,player-1
371,4,17,0.0790830235928297,player-2,10,27,4,19,player-2,player-2
371,5,16,0.043584033846855164,none,10,30,5,21,player-3,none
371,6,17,0.058042118325829506,player-4,12,30,8,22,player-4,player-4
371,7,21,0.08258316665887833,player-1,15,35,10,28,player-1,player-1
371,8,17,0.06733322516083717,player-2,16,44,13,36,player-2,player-2
371,9,21,0.0689169391989708,player-3,20,48,15,40,player-3,player-3
371,10,20,0.08124997839331627,player-3,24,48,21,42,player-4,player-3
371,11,17,0.0516669824719429,player-1,26,51,25,51,player-1,player-1
372,1,17,0.059125013649463654,player-2,1,6,4,10,player-2,player-2
372,2,17,0.057042110711336136,player-3,1,10,6,16,player-3,player-3
372,3,17,0.06833299994468689,player-4,4,11,12,20,player-4,player-4
372,4,20,0.06712484173476696,player-4,4,11,14,22,player-1,player-4
372,5,17,0.07575005292892456,player-2,9,13,17,23,player-2,player-2
372,6,17,0.06845803000032902,player-3,12,16,21,24,player-3,player-3
372,7,17,0.06779097020626068,player-4,18,23,24,27,player-4,player-4
372,8,19,0.07091602310538292,player-3,25,26,33,33,player-1,player-3
372,9,17,0.060999998822808266,player-2,27,34,36,36,player-2,player-2
372,10,21,0.08045812137424946,player-3,30,39,42,37,player-3,player-3
372,11,17,0.05554105155169964,player-4,32,40,42,39,player-4,player-4
372,12,18,0.05183299072086811,player-2,34,45,42,41,player-1,player-2
372,13,23,0.06600003689527512,player-4,40,45,48,44,player-2,player-4
372,14,17,0.0702498946338892,player-3,42,54,53,46,player-3,player-3
373,1,18,0.06733415648341179,player-2,2,4,4,7,player-1,player-2
373,2,24,0.07862481288611889,player-1,5,13,4,8,player-2,player-1
373,3,17,0.05987496115267277,player-3,11,16,6,9,player-3,player-3
373,4,17,0.05529215559363365,player-4,18,18,11,13,player-4,player-4
373,5,17,0.05429191514849663,player-1,21,19,12,14,player-1,player-1
373,6,20,0.06883288733661175,player-1,31,24,16,25,player-2,player-1
373,7,17,0.06174994632601738,player-3,31,29,22,27,player-3,player-3
373,8,17,0.06670807488262653,player-4,33,34,24,28,player-4,player-4
373,9,18,0.05562487058341503,player-2,36,39,24,28,player-1,player-2
373,10,17,0.06920821033418179,player-2,39,45,26,34,player-2,player-2
373,11,26,0.07733306847512722,player-4,41,45,27,35,player-3,player-4
373,12,20,0.05766702815890312,none,42,46,28,36,player-4,none
373,13,17,0.06579095497727394,player-1,49,49,28,40,player-1,player-1
373,14,17,0.07375003769993782,player-2,49,53,35,44,player-2,player-2
373,15,17,0.06483402103185654,player-3,53,59,36,45,player-3,player-3
374,1,17,0.08858297951519489,player-2,6,10,5,0,player-2,player-2
374,2,17,0.08329120464622974,player-3,11,11,10,4,player-3,player-3
374,3,17,0.06320793181657791,player-4,18,16,12,7,player-4,player-4
374,4,17,0.07283384911715984,player-1,21,22,21,14,player-1,player-1
374,5,17,0.06045796908438206,player-2,24,30,21,14,player-2,player-2
374,6,20,0.04850002005696297,none,24,37,21,16,player-3,none
374,7,26,0.11250004172325134,player-1,34,45,33,20,player-4,player-1
374,8,18,6.607708055526018,player-2,34,50,39,28,player-1,player-2
374,9,19,0.06933393888175488,player-4,36,54,43,30,player-2,player-4
374,10,17,0.07183314301073551,player-3,41,56,44,32,player-3,player-3
374,11,18,0.06295787170529366,player-1,46,57,44,34,player-4,player-1
374,12,18,0.07070810534060001,player-2,46,60,49,40,player-1,player-2
375,1,17,0.07208390161395073,player-1,7,1,0,0,player-1,player-1
375,2,18,0.07616588845849037,player-3,9,6,3,3,player-2,player-3
375,3,17,0.06987503729760647,player-3,10,10,6,8,player-3,player-3
375,4,18,0.061042141169309616,player-1,11,15,9,9,player-4,player-1
375,5,18,0.07158308289945126,player-2,13,17,11,9,player-1,player-2
375,6,20,0.0702498946338892,player-1,15,22,15,14,player-2,player-1
375,7,17,0.05866703577339649,player-3,17,22,23,14,player-3,player-3
375,8,24,0.06812484934926033,player-3,19,25,29,15,player-4,player-3
375,9,18,0.06341584958136082,player-2,29,31,32,18,player-1,player-2
375,10,20,0.06508291698992252,player-1,39,31,35,20,player-2,player-1
375,11,17,0.06987503729760647,player-3,40,34,43,25,player-3,player-3
375,12,20,0.07520802319049835,player-3,46,40,49,30,player-4,player-3
375,13,17,0.06166589446365833,player-1,48,45,56,32,player-1,player-1
376,1,18,0.06920890882611275,player-2,4,7,4,6,player-1,player-2
376,2,17,0.05845888517796993,player-2,7,9,7,7,player-2,player-2
376,3,18,0.07558311335742474,player-4,12,13,12,8,player-3,player-4
376,4,20,0.06479094736278057,player-3,14,14,15,9,player-4,player-3
376,5,20,0.06570806726813316,player-4,16,14,20,14,player-1,player-4
376,6,18,0.05904189310967922,player-3,17,17,31,18,player-2,player-3
376,7,19,0.05933293141424656,player-1,26,18,31,23,player-3,player-1
376,8,18,0.058791832998394966,player-1,34,24,35,26,player-4,player-1
376,9,20,0.07845903746783733,player-4,38,28,39,33,player-1,player-4
376,10,18,0.06924988701939583,player-3,42,32,44,36,player-2,player-3
376,11,18,0.05870801396667957,player-4,44,34,48,36,player-3,player-4
376,12,18,0.0680841039866209,player-1,50,34,49,42,player-4,player-1
376,13,17,0.06487499922513962,player-1,52,40,57,45,player-1,player-1
377,1,17,0.06616697646677494,player-2,4,6,0,0,player-2,player-2
377,2,18,0.055833952501416206,player-4,6,8,1,4,player-3,player-4
377,3,20,0.07275003008544445,player-3,7,18,13,7,player-4,player-3
377,4,18,0.06687501445412636,player-2,14,25,17,12,player-1,player-2
377,5,18,0.07179100066423416,player-3,16,29,26,12,player-2,player-3
377,6,22,0.0652919989079237,none,23,29,28,15,player-3,none
377,7,17,0.07104198448359966,player-4,27,34,34,18,player-4,player-4
377,8,17,0.05612499080598354,player-1,29,36,37,21,player-1,player-1
377,9,17,0.04791701212525368,player-2,33,38,39,29,player-2,player-2
377,10,17,0.09099999442696571,player-3,38,38,41,33,player-3,player-3
377,11,20,0.06929109804332256,player-3,39,48,51,39,player-4,player-3
377,12,20,0.07862481288611889,player-4,45,53,57,47,player-1,player-4
378,1,18,0.07424992509186268,player-4,0,3,0,4,player-3,player-4
378,2,17,0.08575012907385826,player-4,0,7,13,8,player-4,player-4
378,3,20,0.06074993871152401,player-4,1,9,13,14,player-1,player-4
378,4,17,0.08533312939107418,player-2,9,11,21,14,player-2,player-2
378,5,20,0.07491698488593102,player-2,18,17,21,20,player-3,player-2
378,6,17,0.07216702215373516,player-4,18,20,21,23,player-4,player-4
378,7,18,0.07041706703603268,player-2,24,23,27,27,player-1,player-2
378,8,18,0.07362500764429569,player-3,28,27,28,28,player-2,player-3
378,9,17,0.05533406510949135,player-3,30,27,39,30,player-3,player-3
378,10,26,0.07650000043213367,player-1,36,27,41,35,player-4,player-1
378,11,18,0.051666051149368286,player-2,38,33,41,39,player-1,player-2
378,12,17,0.062125036492943764,player-2,42,39,51,44,player-2,player-2
378,13,20,0.09658304043114185,player-2,50,42,60,46,player-3,player-2
379,1,18,0.06583309732377529,player-1,2,1,0,3,player-4,player-1
379,2,20,0.06637489423155785,player-4,4,10,5,10,player-1,player-4
379,3,26,0.08812500163912773,player-3,6,11,6,13,player-2,player-3
379,4,17,0.06816606037318707,player-3,6,15,9,13,player-3,player-3
379,5,20,0.09545916691422462,player-3,8,15,19,22,player-4,player-3
379,6,20,0.07441709749400616,player-4,11,16,24,27,player-1,player-4
379,7,19,0.0727078877389431,player-4,11,18,26,36,player-2,player-4
379,8,20,0.07370812818408012,player-2,12,27,32,38,player-3,player-2
379,9,18,0.06225006654858589,player-1,20,29,32,40,player-4,player-1
379,10,18,0.07408414967358112,player-2,28,34,37,42,player-1,player-2
379,11,18,0.06204191595315933,player-3,31,36,49,42,player-2,player-3
379,12,17,0.07195794023573399,player-3,37,42,54,42,player-3,player-3
379,13,17,0.056625111028552055,player-4,39,42,55,43,player-4,player-4
379,14,19,0.09016715921461582,player-3,39,47,64,43,player-1,player-3
380,1,18,0.07045897655189037,player-1,4,3,3,1,player-4,player-1
380,2,17,0.06874999962747097,player-1,7,8,4,3,player-1,player-1
380,3,21,0.0862909946590662,player-2,12,13,5,8,player-2,player-2
380,4,17,0.07591699250042439,player-3,15,17,9,10,player-3,player-3
380,5,20,0.06074993871152401,player-3,18,21,18,11,player-4,player-3
380,6,21,0.07470790296792984,player-1,25,23,23,15,player-1,player-1
380,7,17,0.06595905870199203,player-2,26,27,27,16,player-2,player-2
380,8,23,0.08691707625985146,player-1,28,29,27,20,player-3,player-1
380,9,20,0.054625095799565315,none,31,31,31,20,player-4,none
380,10,17,0.057833967730402946,player-1,35,35,31,20,player-1,player-1
380,11,25,0.07512513548135757,none,35,39,34,24,player-2,none
380,12,17,0.06216694600880146,player-3,40,42,36,28,player-3,player-3
380,13,17,0.06008311174809933,player-4,40,49,41,34,player-4,player-4
380,14,23,0.08320808410644531,none,42,58,53,35,player-1,none
380,15,17,0.06504193879663944,player-2,45,63,53,46,player-2,player-2
381,1,17,0.06395787931978703,player-3,1,4,8,0,player-3,player-3
381,2,17,0.07383315823972225,player-4,1,9,20,8,player-4,player-4
381,3,18,0.07462501525878906,player-2,2,12,25,14,player-1,player-2
381,4,17,0.0535410363227129,player-2,6,14,29,14,player-2,player-2
381,5,18,0.05870894528925419,player-4,10,19,34,19,player-3,player-4
381,6,17,0.052791088819503784,player-4,11,19,37,24,player-4,player-4
381,7,18,0.06120908074080944,player-2,11,30,37,25,player-1,player-2
381,8,17,0.11891708709299564,player-2,14,34,42,34,player-2,player-2
381,9,17,0.052999937906861305,player-3,14,39,50,34,player-3,player-3
381,10,22,0.08279201574623585,player-1,18,42,54,37,player-4,player-1
381,11,25,0.08133403025567532,player-1,22,44,56,41,player-1,player-1
381,12,17,0.07741712033748627,player-2,28,47,63,50,player-2,player-2
381,13,17,0.05350005812942982,player-3,28,50,67,50,player-3,player-3
382,1,20,0.07966719567775726,player-3,5,6,7,0,player-4,player-3
382,2,17,0.06766687147319317,player-1,12,8,9,1,player-1,player-1
382,3,19,0.07041683420538902,player-4,14,10,14,9,player-2,player-4
382,4,18,0.06449990905821323,player-4,15,11,16,13,player-3,player-4
382,5,18,0.07329205982387066,player-1,20,13,20,17,player-4,player-1
382,6,21,0.11237501166760921,player-1,26,19,22,22,player-1,player-1
382,7,17,0.07679103873670101,player-2,26,33,28,26,player-2,player-2
382,8,17,0.07370789535343647,player-3,26,38,37,29,player-3,player-3
382,9,17,0.07483293302357197,player-4,29,45,39,39,player-4,player-4
382,10,27,0.09129196405410767,none,29,51,39,40,player-1,none
382,11,19,0.09970809333026409,player-4,31,56,45,48,player-2,player-4
383,1,19,0.05908310413360596,player-1,4,0,3,5,player-3,player-1
383,2,21,0.07104198448359966,player-4,5,2,7,10,player-4,player-4
383,3,18,0.06308290176093578,player-2,8,4,11,15,player-1,player-2
383,4,17,0.05670799873769283,player-2,12,9,14,20,player-2,player-2
383,5,17,0.07366598583757877,player-3,14,11,18,22,player-3,player-3
383,6,20,0.07837498560547829,player-3,21,11,32,25,player-4,player-3
383,7,22,0.06408407352864742,player-2,22,13,33,25,player-1,player-2
383,8,17,0.058374833315610886,player-2,22,20,35,27,player-2,player-2
383,9,18,0.08350005373358727,player-4,26,23,41,35,player-3,player-4
383,10,19,0.05608401261270046,player-2,27,29,44,35,player-4,player-2
383,11,17,0.05595805123448372,player-1,36,29,46,36,player-1,player-1
383,12,17,0.065250089392066,player-2,36,31,54,42,player-2,player-2
383,13,18,0.05308305844664574,player-4,36,33,59,43,player-3,player-4
383,14,17,0.06295810453593731,player-4,37,35,65,49,player-4,player-4
384,1,17,0.063000014051795,player-4,4,3,3,4,player-4,player-4
384,2,17,0.07295818068087101,player-1,9,3,7,5,player-1,player-1
384,3,17,0.06187497638165951,player-2,14,7,14,11,player-2,player-2
384,4,23,0.07508392445743084,player-1,19,10,18,17,player-3,player-1
384,5,18,0.07083406671881676,player-1,29,17,23,22,player-4,player-1
384,6,17,0.06262492388486862,player-1,33,20,31,26,player-1,player-1
384,7,17,0.054042087867856026,player-2,35,30,32,28,player-2,player-2
384,8,17,0.0637909397482872,player-3,35,35,38,29,player-3,player-3
384,9,26,0.09212479926645756,player-1,55,38,46,35,player-4,player-1
385,1,19,0.06949994713068008,player-4,6,2,0,0,player-2,player-4
385,2,17,0.05179201252758503,player-3,6,4,0,2,player-3,player-3
385,3,17,0.051999930292367935,player-4,10,6,7,9,player-4,player-4
385,4,17,0.08399994112551212,player-1,16,8,9,10,player-1,player-1
385,5,17,0.04908395931124687,player-2,18,10,12,10,player-2,player-2
385,6,17,0.07162499241530895,player-3,22,16,15,13,player-3,player-3
385,7,20,0.06870785728096962,player-3,22,16,23,17,player-4,player-3
385,8,17,0.05737505853176117,player-1,25,19,23,19,player-1,player-1
385,9,18,0.06308313459157944,player-3,25,21,26,23,player-2,player-3
385,10,23,0.06725010462105274,none,27,25,32,31,player-3,none
385,11,20,0.07391581311821938,player-3,33,30,38,35,player-4,player-3
385,12,17,0.06233295425772667,player-1,35,32,41,40,player-1,player-1
385,13,25,0.09949994273483753,player-2,35,47,52,53,player-2,player-2
386,1,18,0.07474981248378754,player-2,7,8,2,3,player-1,player-2
386,2,19,0.06808317266404629,player-4,13,10,5,11,player-2,player-4
386,3,17,0.06408314220607281,player-3,17,10,16,16,player-3,player-3
386,4,17,0.06287498399615288,player-4,20,13,17,18,player-4,player-4
386,5,17,0.05591707304120064,player-1,29,15,19,19,player-1,player-1
386,6,18,0.07008295506238937,player-3,33,28,30,23,player-2,player-3
386,7,17,0.063000014051795,player-3,40,31,35,23,player-3,player-3
386,8,17,0.053999945521354675,player-4,41,32,38,28,player-4,player-4
386,9,17,0.061583006754517555,player-1,51,34,40,33,player-1,player-1
386,10,19,0.07045804522931576,player-4,55,36,41,37,player-2,player-4
386,11,18,0.057999975979328156,player-4,58,38,45,43,player-3,player-4
387,1,17,0.05908310413360596,player-3,12,5,2,5,player-3,player-3
387,2,17,0.05724979564547539,player-4,13,7,2,9,player-4,player-4
387,3,18,0.06716698408126831,player-2,19,9,6,14,player-1,player-2
387,4,17,0.06595789454877377,player-2,29,12,6,19,player-2,player-2
387,5,20,0.0702498946338892,player-2,29,17,8,23,player-3,player-2
387,6,17,0.07787486538290977,player-4,37,20,14,30,player-4,player-4
387,7,20,0.06766687147319317,player-4,39,22,17,43,player-1,player-4
387,8,17,0.055999960750341415,player-2,41,25,18,46,player-2,player-2
387,9,18,0.05687517113983631,player-4,41,28,21,52,player-3,player-4
387,10,19,0.06495811976492405,player-2,45,33,22,53,player-4,player-2
387,11,19,0.062499893829226494,player-3,47,35,26,56,player-1,player-3
387,12,18,0.059125013649463654,player-3,57,39,32,58,player-2,player-3
387,13,17,0.06208405829966068,player-3,61,42,34,60,player-3,player-3
388,1,17,0.0575000885874033,player-3,4,4,9,5,player-3,player-3
388,2,17,0.14504208229482174,player-4,6,8,13,9,player-4,player-4
388,3,17,0.07412489503622055,player-1,14,9,20,11,player-1,player-1
388,4,17,0.08612521924078465,player-2,19,16,24,16,player-2,player-2
388,5,35,0.1005418598651886,player-1,20,20,28,21,player-3,player-1
388,6,25,0.08466700091958046,none,22,20,31,28,player-4,none
388,7,18,0.07737497799098492,player-2,30,35,34,34,player-1,player-2
388,8,20,0.08012494072318077,player-1,37,41,36,36,player-2,player-1
388,9,18,0.07091695442795753,player-4,41,48,44,39,player-3,player-4
388,10,33,0.1345409546047449,none,54,53,50,46,player-4,none
389,1,17,0.0738329254090786,player-1,9,0,2,4,player-1,player-1
389,2,17,0.061042141169309616,player-2,9,6,4,4,player-2,player-2
389,3,17,0.05458388477563858,player-3,10,7,11,6,player-3,player-3
389,4,18,0.0599580816924572,player-1,20,9,11,8,player-4,player-1
389,5,19,0.06295810453593731,player-3,24,12,20,9,player-1,player-3
389,6,18,0.09783310815691948,player-3,30,13,29,13,player-2,player-3
389,7,29,0.08841697126626968,player-3,30,13,30,27,player-3,player-3
389,8,22,0.062499893829226494,player-1,35,17,30,30,player-4,player-1
389,9,21,0.06800005212426186,player-1,40,17,32,33,player-1,player-1
389,10,19,0.06845896132290363,player-4,43,18,34,37,player-2,player-4
389,11,17,0.06341701373457909,player-3,46,22,42,39,player-3,player-3
389,12,17,0.07412489503622055,player-4,52,24,45,40,player-4,player-4
389,13,18,0.07174978964030743,player-2,57,32,49,46,player-1,player-2
390,1,17,0.07312512025237083,player-1,1,1,4,5,player-1,player-1
390,2,18,0.07712491787970066,player-3,4,4,13,6,player-2,player-3
390,3,18,0.06066705100238323,player-4,4,4,18,17,player-3,player-4
390,4,19,0.07120915688574314,player-2,10,7,21,18,player-4,player-2
390,5,19,0.08562509901821613,player-3,13,8,25,19,player-1,player-3
390,6,17,0.07254187949001789,player-2,16,14,29,25,player-2,player-2
390,7,17,0.07354211993515491,player-3,21,16,34,29,player-3,player-3
390,8,18,0.0724580604583025,player-1,27,17,38,35,player-4,player-1
390,9,17,0.07166690193116665,player-1,37,18,43,36,player-1,player-1
390,10,19,0.06770784966647625,player-4,38,22,45,42,player-2,player-4
390,11,17,0.08145789615809917,player-3,48,25,59,44,player-3,player-3
391,1,19,0.07141591049730778,player-3,4,3,8,0,player-1,player-3
391,2,19,0.07287506014108658,player-4,8,11,11,2,player-2,player-4
391,3,18,0.08208304643630981,player-4,19,13,21,8,player-3,player-4
391,4,17,0.06337510421872139,player-4,25,13,24,13,player-4,player-4
391,5,17,0.04879198968410492,player-1,31,13,26,13,player-1,player-1
391,6,19,0.08062506094574928,player-4,39,15,33,14,player-2,player-4
391,7,20,0.06479211151599884,player-2,40,25,34,19,player-3,player-2
391,8,19,0.06425008177757263,player-2,44,35,34,20,player-4,player-2
391,9,20,0.08654198609292507,player-4,55,36,34,27,player-1,player-4
391,10,18,0.06900005973875523,player-3,57,40,36,28,player-2,player-3
391,11,18,0.09145890362560749,player-4,61,46,36,35,player-3,player-4
391,12,17,0.06308406591415405,player-4,63,49,39,36,player-4,player-4
392,1,19,0.06816606037318707,player-2,2,8,9,8,player-4,player-2
392,2,20,0.06783311255276203,player-4,4,10,15,13,player-1,player-4
392,3,17,0.0810408964753151,player-2,6,15,20,20,player-2,player-2
392,4,27,0.07641594856977463,player-1,10,17,27,21,player-3,player-1
392,5,17,0.054541975259780884,player-4,13,18,27,24,player-4,player-4
392,6,18,0.0680421944707632,player-2,15,23,33,31,player-1,player-2
392,7,19,0.06545917131006718,player-4,19,37,40,32,player-2,player-4
392,8,18,0.06233295425772667,player-4,19,40,42,45,player-3,player-4
392,9,23,0.07600011304020882,player-2,19,52,42,53,player-4,player-2
393,1,24,0.07312512025237083,player-4,0,7,3,5,player-1,player-4
393,2,18,0.05683302879333496,player-3,8,9,10,9,player-2,player-3
393,3,17,0.06574997678399086,player-3,11,13,15,14,player-3,player-3
393,4,23,0.08495780639350414,player-2,17,24,19,14,player-4,player-2
393,5,17,0.065250089392066,player-1,20,26,21,18,player-1,player-1
393,6,24,0.09133294224739075,player-1,25,28,24,24,player-2,player-1
393,7,21,0.07854192517697811,player-3,30,37,31,26,player-3,player-3
393,8,18,0.061959028244018555,player-1,36,38,31,28,player-4,player-1
393,9,17,0.07512513548135757,player-1,41,38,34,30,player-1,player-1
393,10,19,0.06916606798768044,player-4,42,39,39,32,player-2,player-4
393,11,18,0.05583278834819794,player-4,42,40,41,43,player-3,player-4
393,12,19,0.07104105316102505,player-2,45,46,41,45,player-4,player-2
393,13,18,0.05170796066522598,player-2,49,53,45,49,player-1,player-2
394,1,17,0.05475012585520744,player-1,2,0,4,6,player-1,player-1
394,2,17,0.07570884190499783,player-2,4,5,6,10,player-2,player-2
394,3,19,0.07695797830820084,player-1,9,7,11,14,player-3,player-1
394,4,20,0.07420801557600498,player-3,13,12,12,16,player-4,player-3
394,5,17,0.06204098463058472,player-1,18,17,13,16,player-1,player-1
394,6,18,0.05924981087446213,player-3,22,21,18,17,player-2,player-3
394,7,20,0.077415956184268,player-2,26,23,27,20,player-3,player-2
394,8,17,0.0603341031819582,player-4,28,26,28,24,player-4,player-4
394,9,31,0.08058315142989159,none,28,27,37,24,player-1,none
394,10,18,0.06999983452260494,player-3,34,32,44,28,player-2,player-3
394,11,17,0.05470798350870609,player-3,34,34,48,28,player-3,player-3
394,12,18,0.08145812898874283,player-1,37,40,48,33,player-4,player-1
394,13,18,0.07362500764429569,player-2,41,43,51,40,player-1,player-2
394,14,24,0.0988328829407692,player-1,47,47,54,42,player-2,player-1
395,1,17,0.0653339084237814,player-2,2,9,0,6,player-2,player-2
395,2,17,0.07116701453924179,player-3,5,15,12,7,player-3,player-3
395,3,17,0.08604209870100021,player-4,5,26,24,9,player-4,player-4
395,4,18,0.07620779797434807,player-2,13,32,27,19,player-1,player-2
395,5,19,0.07883296348154545,player-4,16,38,31,21,player-2,player-4
395,6,17,0.07783318869769573,player-3,24,42,40,22,player-3,player-3
395,7,18,0.06983405910432339,player-1,28,44,41,27,player-4,player-1
395,8,24,0.06983405910432339,player-4,35,46,46,28,player-1,player-4
395,9,18,0.0726659782230854,player-3,37,52,49,29,player-2,player-3
395,10,20,0.07291696965694427,player-2,39,54,54,29,player-3,player-2
395,11,17,0.08229119703173637,player-4,39,56,59,40,player-4,player-4
395,12,18,0.06204191595315933,player-2,42,68,61,42,player-1,player-2
396,1,20,0.07487507537007332,none,3,4,7,5,player-3,none
396,2,18,0.07141707465052605,player-1,8,9,10,5,player-4,player-1
396,3,15,0.041458988562226295,none,11,12,10,5,player-1,none
396,4,17,0.07841689512133598,player-2,14,18,14,8,player-2,player-2
396,5,17,0.06991601549088955,player-3,17,18,21,14,player-3,player-3
396,6,18,0.06841681897640228,player-1,18,18,26,16,player-4,player-1
396,7,17,0.05466584116220474,player-1,22,21,30,17,player-1,player-1
396,8,17,0.05683302879333496,player-2,26,24,31,19,player-2,player-2
396,9,17,0.05579204298555851,player-3,29,24,33,23,player-3,player-3
396,10,18,0.07254187949001789,player-1,33,28,33,23,player-4,player-1
396,11,18,0.06533414125442505,player-2,42,32,35,25,player-1,player-2
396,12,19,0.06570806726813316,player-4,44,34,38,30,player-2,player-4
396,13,20,0.06900005973875523,player-2,47,39,40,33,player-3,player-2
396,14,18,0.12362492270767689,player-1,54,39,49,42,player-4,player-1
397,1,18,0.07433397695422173,player-3,0,4,9,2,player-2,player-3
397,2,17,0.06700004450976849,player-3,4,9,18,2,player-3,player-3
397,3,18,0.0650421716272831,player-1,8,13,21,7,player-4,player-1
397,4,18,0.053459079936146736,player-2,12,15,22,9,player-1,player-2
397,5,18,0.06533297710120678,player-3,19,16,31,10,player-2,player-3
397,6,17,0.05991710349917412,player-3,21,18,36,10,player-3,player-3
397,7,17,0.058999983593821526,player-4,21,20,39,17,player-4,player-4
397,8,17,0.08241692557930946,player-1,32,22,47,21,player-1,player-1
397,9,17,0.05741603672504425,player-2,38,23,51,23,player-2,player-2
397,10,18,0.06858399137854576,player-4,42,24,56,25,player-3,player-4
397,11,17,0.0664170365780592,player-4,47,28,61,30,player-4,player-4
398,1,18,0.05604187026619911,player-3,2,5,4,2,player-2,player-3
398,2,18,0.08204206824302673,player-4,2,7,11,8,player-3,player-4
398,3,21,0.05787517875432968,none,3,10,13,13,player-4,none
398,4,18,0.05866703577339649,player-2,9,11,17,16,player-1,player-2
398,5,17,0.06816699169576168,player-2,9,18,18,18,player-2,player-2
398,6,20,0.08845911361277103,player-2,23,26,21,23,player-3,player-2
398,7,17,0.07183291018009186,player-4,25,28,24,23,player-4,player-4
398,8,17,0.06391690112650394,player-1,37,28,25,23,player-1,player-1
398,9,20,0.0694170594215393,player-1,49,32,32,23,player-2,player-1
398,10,17,0.08312496356666088,player-3,63,32,50,26,player-3,player-3
399,1,17,0.06362493149936199,player-1,5,1,4,0,player-1,player-1
399,2,17,0.09566685184836388,player-2,11,7,10,3,player-2,player-2
399,3,17,0.06400002166628838,player-3,16,9,18,3,player-3,player-3
399,4,17,0.055625103414058685,player-4,21,9,21,6,player-4,player-4
399,5,19,0.07504201494157314,player-3,23,10,27,10,player-1,player-3
399,6,17,0.060959020629525185,player-2,23,16,28,12,player-2,player-2
399,7,17,0.06429105997085571,player-3,29,20,33,12,player-3,player-3
399,8,18,0.07329089567065239,player-1,31,24,33,17,player-4,player-1
399,9,18,0.06291712634265423,player-2,34,26,33,18,player-1,player-2
399,10,18,0.06450014188885689,player-3,37,27,44,20,player-2,player-3
399,11,20,0.07616612128913403,player-2,39,40,49,31,player-3,player-2
399,12,17,0.06874999962747097,player-4,42,42,49,34,player-4,player-4
399,13,17,0.07308297790586948,player-1,48,47,51,41,player-1,player-1
399,14,17,0.057916855439543724,player-2,53,47,51,46,player-2,player-2
400,1,17,0.06170803681015968,player-1,2,1,4,3,player-1,player-1
400,2,17,0.0700000673532486,player-2,10,2,7,6,player-2,player-2
400,3,18,0.07820781320333481,player-4,20,9,15,12,player-3,player-4
400,4,17,0.07308321073651314,player-4,23,12,18,15,player-4,player-4
400,5,17,0.06470899097621441,player-1,32,12,19,19,player-1,player-1
400,6,17,0.0649159774184227,player-2,36,18,22,22,player-2,player-2
400,7,20,0.0510411337018013,none,36,20,23,24,player-3,none
400,8,17,0.050666043534874916,player-4,36,21,28,27,player-4,player-4
400,9,17,0.06520794704556465,player-1,43,29,29,32,player-1,player-1
400,10,20,0.06895791739225388,player-1,49,32,29,34,player-2,player-1
400,11,18,0.057999975979328156,player-4,52,36,31,44,player-3,player-4
400,12,17,0.055625103414058685,player-4,59,38,33,52,player-4,player-4
400,13,17,0.05270889960229397,player-1,64,39,35,54,player-1,player-1
400,14,17,0.05274987779557705,player-2,64,46,38,59,player-2,player-2
401,1,21,0.05820789374411106,player-3,2,2,4,3,player-3,player-3
401,2,17,0.0624579843133688,player-4,4,9,10,9,player-4,player-4
401,3,19,0.07233303040266037,player-3,9,11,14,14,player-1,player-3
401,4,17,0.06579188629984856,player-2,13,19,16,18,player-2,player-2
401,5,17,0.07516704499721527,player-3,18,21,24,18,player-3,player-3
401,6,18,0.08345814421772957,player-1,19,23,27,29,player-4,player-1
401,7,17,0.06979191675782204,player-1,28,27,27,33,player-1,player-1
401,8,17,0.062374863773584366,player-2,32,38,31,33,player-2,player-2
401,9,18,0.0790830235928297,player-4,32,40,41,37,player-3,player-4
401,10,23,0.08074985817074776,player-2,32,56,41,46,player-4,player-2
402,1,17,0.06312504410743713,player-2,7,4,2,0,player-2,player-2
402,2,17,0.08599995635449886,player-3,9,9,5,0,player-3,player-3
402,3,17,0.08245790377259254,player-4,12,10,7,4,player-4,player-4
402,4,17,0.06054108962416649,player-1,19,16,9,8,player-1,player-1
402,5,17,0.056042103096842766,player-2,21,21,9,8,player-2,player-2
402,6,18,0.071709044277668,player-4,25,25,14,9,player-3,player-4
402,7,17,0.057999975979328156,player-4,27,26,15,16,player-4,player-4
402,8,19,0.07504201494157314,player-3,31,30,23,16,player-1,player-3
402,9,17,0.05629193037748337,player-2,33,40,27,18,player-2,player-2
402,10,20,0.0739172101020813,player-2,36,41,32,22,player-3,player-2
402,11,21,0.08470797911286354,player-4,49,47,33,30,player-4,player-4
402,12,31,0.09979214519262314,player-3,54,47,46,35,player-1,player-3
403,1,17,0.06591714918613434,player-2,9,2,7,0,player-2,player-2
403,2,17,0.0754999928176403,player-3,12,8,11,4,player-3,player-3
403,3,17,0.062208157032728195,player-4,14,12,12,9,player-4,player-4
403,4,17,0.08704094216227531,player-1,21,14,16,13,player-1,player-1
403,5,17,0.06208289414644241,player-2,26,17,17,15,player-2,player-2
403,6,17,0.08966703899204731,player-3,29,20,18,17,player-3,player-3
403,7,17,0.05587493069469929,player-4,35,22,18,25,player-4,player-4
403,8,17,0.0641250517219305,player-1,41,22,21,29,player-1,player-1
403,9,17,0.06104190833866596,player-2,46,23,23,31,player-2,player-2
403,10,19,0.06550014950335026,player-1,51,26,31,35,player-3,player-1
403,11,17,0.06758398376405239,player-4,51,34,38,37,player-4,player-4
403,12,17,0.06349990144371986,player-1,54,37,38,43,player-1,player-1
403,13,19,0.06491714157164097,player-4,62,40,42,44,player-2,player-4
404,1,18,0.06370921619236469,player-2,3,7,4,6,player-1,player-2
404,2,19,0.10687485337257385,player-4,9,10,14,15,player-2,player-4
404,3,20,0.06008404307067394,player-2,9,15,14,15,player-3,player-2
404,4,17,0.05779205821454525,player-4,10,18,15,19,player-4,player-4
404,5,19,0.06733415648341179,player-3,19,25,26,19,player-1,player-3
404,6,20,0.06716581992805004,player-1,29,31,30,27,player-2,player-1
404,7,18,0.07483409717679024,player-4,34,31,35,34,player-3,player-4
404,8,19,0.06029196083545685,player-2,37,35,40,41,player-4,player-2
404,9,19,0.058042118325829506,player-3,38,35,45,46,player-1,player-3
404,10,17,0.08891685865819454,player-2,44,40,50,55,player-2,player-2
404,11,18,0.06458419375121593,player-4,49,43,58,58,player-3,player-4
405,1,18,0.08050003089010715,player-4,6,3,2,3,player-3,player-4
405,2,23,0.0993749126791954,player-2,15,12,5,8,player-4,player-2
405,3,17,0.05450006574392319,player-1,23,12,6,10,player-1,player-1
405,4,17,0.04970910958945751,player-2,27,15,8,14,player-2,player-2
405,5,17,0.04679197445511818,player-3,28,17,12,15,player-3,player-3
405,6,19,0.06679189391434193,player-2,31,20,18,18,player-4,player-2
405,7,25,0.07700012065470219,none,40,23,20,25,player-1,none
405,8,20,0.07316609844565392,player-1,51,25,21,28,player-2,player-1
405,9,17,0.07075001485645771,player-3,54,30,24,32,player-3,player-3
405,10,17,0.051541952416300774,player-4,56,32,25,35,player-4,player-4
405,11,25,0.07291696965694427,player-1,64,35,34,37,player-1,player-1
405,12,17,0.07654097862541676,player-2,68,41,39,37,player-2,player-2
406,1,20,0.07837498560547829,player-1,9,3,11,0,player-2,player-1
406,2,18,0.0679998192936182,player-4,15,3,21,6,player-3,player-4
406,3,17,0.07366714999079704,player-4,18,6,21,12,player-4,player-4
406,4,17,0.06408407352864742,player-1,23,6,22,16,player-1,player-1
406,5,18,0.06345799192786217,player-3,26,12,25,18,player-2,player-3
406,6,18,0.05908403545618057,player-4,26,14,36,29,player-3,player-4
406,7,17,0.06454205140471458,player-4,28,19,41,30,player-4,player-4
406,8,17,0.0617089681327343,player-1,31,20,43,35,player-1,player-1
406,9,18,0.06820796988904476,player-3,36,23,48,37,player-2,player-3
406,10,31,0.08837482891976833,none,39,27,52,37,player-3,none
406,11,18,0.06341701373457909,player-1,45,32,55,41,player-4,player-1
407,1,18,0.07416680455207825,player-3,3,5,7,6,player-2,player-3
407,2,18,0.05537504330277443,player-4,4,5,8,12,player-3,player-4
407,3,17,0.06299978122115135,player-4,4,8,8,16,player-4,player-4
407,4,17,0.060542020946741104,player-1,6,9,9,19,player-1,player-1
407,5,17,0.08016708306968212,player-2,10,19,12,26,player-2,player-2
407,6,19,0.06541702896356583,player-1,14,20,21,31,player-3,player-1
407,7,24,0.06316602230072021,player-3,18,20,23,31,player-4,player-3
407,8,22,0.06070802919566631,none,19,28,27,34,player-1,none
407,9,19,0.09591714479029179,player-4,20,30,29,39,player-2,player-4
407,10,17,0.08658389560878277,player-3,23,41,33,39,player-3,player-3
407,11,17,0.053666066378355026,player-4,23,44,33,44,player-4,player-4
407,12,29,0.08774991147220135,player-1,25,48,35,47,player-1,player-1
407,13,17,0.18616695888340473,player-2,25,50,43,52,player-2,player-2
408,1,17,0.0707919243723154,player-1,4,2,5,0,player-1,player-1
408,2,18,0.05454104393720627,none,4,6,13,1,player-2,none
408,3,18,0.08445908315479755,player-4,6,9,16,10,player-3,player-4
408,4,18,0.06566592492163181,player-1,12,11,16,14,player-4,player-1
408,5,18,0.061042141169309616,player-2,14,17,19,17,player-1,player-2
408,6,20,0.05441717803478241,none,16,18,19,20,player-2,none
408,7,17,0.17679110169410706,player-3,18,23,26,24,player-3,player-3
408,8,17,0.08520809933543205,player-4,24,23,26,31,player-4,player-4
408,9,17,0.08145789615809917,player-1,31,25,29,38,player-1,player-1
408,10,19,0.07783412002027035,player-4,34,27,31,54,player-2,player-4
408,11,18,0.0813750084489584,player-4,37,28,36,58,player-3,player-4
408,12,27,0.07829209789633751,player-2,37,40,38,59,player-4,player-2
408,13,17,0.11729192920029163,player-1,48,51,38,67,player-1,player-1
409,1,20,0.07604085840284824,player-1,6,0,4,0,player-2,player-1
409,2,18,0.06570899859070778,player-4,6,1,11,5,player-3,player-4
409,3,21,0.08145812898874283,player-4,13,3,17,9,player-4,player-4
409,4,21,0.0653339084237814,player-1,14,5,21,10,player-1,player-1
409,5,17,0.149125000461936,player-2,15,13,21,12,player-2,player-2
409,6,20,0.12274994514882565,player-2,19,15,25,14,player-3,player-2
409,7,17,0.06874999962747097,player-4,21,16,29,18,player-4,player-4
409,8,21,0.14837505295872688,player-1,28,22,29,21,player-1,player-1
409,9,19,0.09037507697939873,player-4,30,23,32,25,player-2,player-4
409,10,17,0.07454189471900463,player-3,35,26,39,29,player-3,player-3
409,11,17,0.12304098345339298,player-4,38,27,46,35,player-4,player-4
409,12,20,0.09691598825156689,player-4,41,35,46,46,player-1,player-4
409,13,17,0.07637497037649155,player-2,47,40,51,50,player-2,player-2
409,14,19,0.07679197005927563,player-1,52,40,51,54,player-3,player-1
410,1,18,0.08929194882512093,player-3,11,3,7,7,player-2,player-3
410,2,17,0.07037492468953133,player-3,12,5,11,9,player-3,player-3
410,3,17,0.05512498319149017,player-4,14,7,18,14,player-4,player-4
410,4,17,0.07237517274916172,player-1,22,7,18,17,player-1,player-1
410,5,19,0.060125021263957024,player-4,22,8,20,18,player-2,player-4
410,6,17,0.08254195563495159,player-3,29,8,26,21,player-3,player-3
410,7,17,0.06391596980392933,player-4,31,8,29,26,player-4,player-4
410,8,18,0.07275003008544445,player-2,35,12,34,29,player-1,player-2
410,9,17,0.07087504491209984,player-2,40,15,39,35,player-2,player-2
410,10,18,0.06008404307067394,player-4,44,17,43,44,player-3,player-4
410,11,17,0.09191688150167465,player-4,44,26,48,48,player-4,player-4
410,12,18,0.0730839092284441,player-2,44,34,51,50,player-1,player-2
410,13,18,0.0680841039866209,player-3,50,38,62,57,player-2,player-3
411,1,17,0.07120799273252487,player-2,4,0,3,8,player-2,player-2
411,2,18,0.08487491868436337,player-4,8,10,7,8,player-3,player-4
411,3,17,0.05504186265170574,player-4,8,11,10,12,player-4,player-4
411,4,23,0.09287497960031033,player-3,19,17,19,12,player-1,player-3
411,5,18,0.06604194641113281,player-3,19,23,26,16,player-2,player-3
411,6,18,0.05508307367563248,none,25,23,28,22,player-3,none
411,7,17,0.07591699250042439,player-4,27,30,30,26,player-4,player-4
411,8,20,0.09458302520215511,player-4,33,31,35,29,player-1,player-4
411,9,18,0.06095808930695057,player-3,33,37,44,29,player-2,player-3
411,10,22,0.09712507016956806,player-4,38,48,55,37,player-3,player-4
411,11,17,0.06429199129343033,player-4,39,51,55,40,player-4,player-4
411,12,18,0.07808301597833633,player-2,39,56,58,48,player-1,player-2
412,1,17,0.1139170490205288,player-3,4,1,5,0,player-3,player-3
412,2,17,0.17445790581405163,none,4,1,6,1,player-4,none
412,3,17,0.06204191595315933,player-1,8,3,9,2,player-1,player-1
412,4,18,0.07658288814127445,player-3,8,10,17,5,player-2,player-3
412,5,18,0.06854115054011345,player-4,10,10,20,11,player-3,player-4
412,6,17,0.1853338908404112,player-4,19,10,25,13,player-4,player-4
412,7,17,0.05425000563263893,player-1,24,10,28,14,player-1,player-1
412,8,17,0.06474996916949749,player-2,32,18,29,18,player-2,player-2
412,9,18,0.09950017556548119,player-4,43,33,39,23,player-3,player-4
412,10,17,0.05929102189838886,player-4,43,34,40,27,player-4,player-4
412,11,20,0.10412512347102165,player-4,51,35,43,36,player-1,player-4
412,12,20,0.08337502367794514,player-1,56,39,43,36,player-2,player-1
412,13,17,0.08774991147220135,player-3,60,42,47,36,player-3,player-3
413,1,20,0.08058291859924793,player-1,7,9,3,5,player-2,player-1
413,2,17,0.058333855122327805,player-3,9,12,7,6,player-3,player-3
413,3,18,0.0700000673532486,player-1,17,16,10,9,player-4,player-1
413,4,17,0.06579188629984856,player-1,23,20,15,11,player-1,player-1
413,5,17,0.06704102270305157,player-2,26,24,15,15,player-2,player-2
413,6,17,0.07875007577240467,player-3,31,25,22,18,player-3,player-3
413,7,17,0.06812484934926033,player-4,35,29,26,18,player-4,player-4
413,8,19,0.12808293104171753,player-3,37,32,35,28,player-1,player-3
413,9,22,0.08095894008874893,player-3,43,44,38,36,player-2,player-3
413,10,17,0.05712499842047691,player-3,43,47,44,38,player-3,player-3
413,11,18,0.06145890802145004,player-1,51,49,46,40,player-4,player-1
413,12,18,0.13812491670250893,player-2,53,58,52,41,player-1,player-2
414,1,17,0.08008279837667942,player-2,4,8,7,0,player-2,player-2
414,2,21,0.06554112769663334,none,5,9,11,0,player-3,none
414,3,17,0.061791855841875076,player-4,8,9,13,5,player-4,player-4
414,4,17,0.09012501686811447,player-1,10,14,17,12,player-1,player-1
414,5,18,0.07654097862541676,player-3,10,28,20,15,player-2,player-3
414,6,17,0.08258316665887833,player-3,10,29,27,19,player-3,player-3
414,7,34,0.08916598744690418,none,10,32,29,19,player-4,none
414,8,17,0.06708293221890926,player-1,16,38,38,22,player-1,player-1
414,9,17,0.16300007700920105,player-2,29,45,48,33,player-2,player-2
414,10,17,0.2216249704360962,player-3,35,47,50,36,player-3,player-3
414,11,18,0.07916707545518875,player-1,40,50,50,38,player-4,player-1
414,12,17,0.07491698488593102,player-1,43,55,52,42,player-1,player-1
414,13,20,0.14229211956262589,player-1,49,59,61,47,player-2,player-1
415,1,21,0.08866610005497932,player-1,8,0,2,0,player-1,player-1
415,2,17,0.06916699931025505,player-2,11,5,8,0,player-2,player-2
415,3,17,0.06941589526832104,player-3,13,12,14,0,player-3,player-3
415,4,19,0.06879214197397232,player-2,15,18,15,5,player-4,player-2
415,5,17,0.07933401502668858,player-1,25,20,16,7,player-1,player-1
415,6,18,0.07270812056958675,player-3,27,22,22,7,player-2,player-3
415,7,15,0.04245806485414505,none,31,27,24,8,player-3,none
415,8,17,0.07974985055625439,player-4,35,35,25,14,player-4,player-4
415,9,19,0.08350005373358727,player-3,43,38,37,19,player-1,player-3
415,10,18,0.08041714318096638,player-3,46,43,41,24,player-2,player-3
415,11,19,0.06304099224507809,player-1,57,49,51,24,player-3,player-1
416,1,17,0.05579204298555851,player-3,0,3,6,1,player-3,player-3
416,2,18,0.06349990144371986,player-1,4,3,10,2,player-4,player-1
416,3,17,0.06329105235636234,player-1,9,7,10,6,player-1,player-1
416,4,17,0.07866602391004562,player-2,18,15,11,13,player-2,player-2
416,5,18,0.07645809091627598,player-4,22,19,14,17,player-3,player-4
416,6,18,0.08645816706120968,player-1,25,28,16,22,player-4,player-1
416,7,17,0.07875007577240467,player-1,29,37,18,25,player-1,player-1
416,8,21,0.0707919243723154,player-2,34,43,20,33,player-2,player-2
416,9,22,0.09679188951849937,player-4,41,49,24,39,player-3,player-4
416,10,17,0.057416968047618866,player-4,43,49,31,42,player-4,player-4
416,11,20,0.08649984374642372,player-4,53,57,33,54,player-1,player-4
417,1,17,0.10395795106887817,player-1,6,6,2,4,player-1,player-1
417,2,17,0.08891685865819454,player-2,19,13,9,7,player-2,player-2
417,3,17,0.06674998439848423,player-3,22,13,19,7,player-3,player-3
417,4,19,0.058459118008613586,player-2,25,15,20,7,player-4,player-2
417,5,17,0.06783311255276203,player-1,30,15,21,8,player-1,player-1
417,6,26,0.08416688069701195,player-3,32,23,30,9,player-2,player-3
417,7,17,0.09433412924408913,player-3,32,26,36,17,player-3,player-3
417,8,18,0.07374980486929417,player-1,42,37,46,17,player-4,player-1
417,9,23,0.08883420377969742,player-3,46,39,48,17,player-1,player-3
417,10,22,0.08612498641014099,player-3,47,47,55,21,player-2,player-3
418,1,17,0.12116599828004837,player-1,9,8,1,8,player-1,player-1
418,2,19,0.07291696965694427,player-4,9,19,6,20,player-2,player-4
418,3,17,0.06508291698992252,player-3,17,19,12,27,player-3,player-3
418,4,17,0.0815410166978836,player-4,20,23,12,38,player-4,player-4
418,5,24,0.08112494833767414,none,22,27,13,49,player-1,none
418,6,17,0.071333022788167,player-2,27,30,19,60,player-2,player-2
418,7,17,0.060750171542167664,player-3,30,33,23,60,player-3,player-3
418,8,17,0.06879097782075405,player-4,38,34,29,66,player-4,player-4
419,1,18,0.07016700692474842,player-2,3,0,3,6,player-1,player-2
419,2,27,0.09808293543756008,player-4,4,4,9,7,player-2,player-4
419,3,17,0.0754999928176403,player-3,5,7,20,8,player-3,player-3
419,4,20,0.08595804683864117,player-3,7,14,25,10,player-4,player-3
419,5,17,0.06362516433000565,player-1,8,19,29,11,player-1,player-1
419,6,19,0.08758297190070152,player-4,8,37,30,21,player-2,player-4
419,7,18,0.09200000204145908,player-4,16,41,37,22,player-3,player-4
419,8,18,0.06500002928078175,player-1,20,41,44,26,player-4,player-1
419,9,17,0.07929094135761261,player-1,25,45,45,27,player-1,player-1
419,10,17,0.0713749323040247,player-2,27,46,48,35,player-2,player-2
419,11,17,0.07587508298456669,player-3,27,50,55,37,player-3,player-3
419,12,17,0.0550001859664917,player-4,27,53,55,44,player-4,player-4
419,13,18,0.06287498399615288,player-2,36,66,55,45,player-1,player-2
420,1,18,0.0849999487400055,player-4,1,3,3,7,player-3,player-4
420,2,21,0.06066588684916496,player-4,3,4,7,10,player-4,player-4
420,3,19,0.0754999928176403,player-3,6,7,8,15,player-1,player-3
420,4,17,0.06420793943107128,player-2,10,10,14,17,player-2,player-2
420,5,19,0.08299993351101875,player-1,17,15,14,19,player-3,player-1
420,6,17,0.05824980325996876,player-4,20,18,14,25,player-4,player-4
420,7,18,0.07041590288281441,player-2,28,28,21,27,player-1,player-2
420,8,17,0.0675420742481947,player-2,29,30,23,31,player-2,player-2
420,9,18,0.0677080824971199,player-4,29,30,25,38,player-3,player-4
420,10,19,0.06574997678399086,player-2,31,35,27,45,player-4,player-2
420,11,19,0.08370797149837017,player-3,36,35,35,53,player-1,player-3
420,12,17,0.04449998959898949,none,36,38,37,55,player-2,none
420,13,17,0.04975008778274059,player-3,38,40,41,58,player-3,player-3
420,14,17,0.0724999699741602,player-4,39,42,41,66,player-4,player-4
421,1,20,0.07604202255606651,player-2,0,3,7,2,player-3,player-2
421,2,19,0.07091695442795753,player-2,1,9,9,5,player-4,player-2
421,3,24,0.09716604836285114,player-4,5,14,9,12,player-1,player-4
421,4,21,0.06837514229118824,player-2,7,15,13,16,player-2,player-2
421,5,19,0.07537496276199818,player-1,13,19,15,23,player-3,player-1
421,6,18,0.0680421944707632,player-1,16,21,22,24,player-4,player-1
421,7,18,0.05945819430053234,player-2,20,21,24,28,player-1,player-2
421,8,17,0.057999975979328156,player-2,20,27,28,32,player-2,player-2
421,9,17,0.07079215720295906,player-3,26,28,30,34,player-3,player-3
421,10,17,0.07262500002980232,player-4,30,37,30,41,player-4,player-4
421,11,23,0.08762511424720287,player-3,35,42,34,45,player-1,player-3
421,12,17,0.08258293382823467,player-2,47,50,36,51,player-2,player-2
422,1,20,0.06404193118214607,player-2,0,9,0,5,player-3,player-2
422,2,18,0.058625126257538795,player-1,10,10,2,6,player-4,player-1
422,3,17,0.12749992311000824,player-1,20,15,3,11,player-1,player-1
422,4,27,0.08812500163912773,none,24,16,7,13,player-2,none
422,5,18,0.09408383630216122,player-4,27,16,12,16,player-3,player-4
422,6,18,0.0800001434981823,player-1,30,20,15,17,player-4,player-1
422,7,17,0.09412504732608795,player-1,36,20,19,18,player-1,player-1
422,8,18,0.08212495595216751,player-3,39,31,21,25,player-2,player-3
422,9,19,0.06483402103185654,player-1,50,33,23,25,player-3,player-1
422,10,20,0.10958407074213028,player-3,50,45,23,41,player-4,player-3
422,11,24,0.0866251066327095,player-4,55,49,25,45,player-1,player-4
422,12,19,0.07524993270635605,player-4,58,58,27,52,player-2,player-4
423,1,20,0.07966696284711361,none,1,3,4,3,player-3,none
423,2,17,0.06804103031754494,player-4,3,4,7,5,player-4,player-4
423,3,17,0.06320886313915253,player-1,9,5,7,5,player-1,player-1
423,4,18,0.06874999962747097,player-3,15,8,10,6,player-2,player-3
423,5,17,0.07508299313485622,player-3,17,9,18,11,player-3,player-3
423,6,17,0.07800012826919556,player-4,17,20,20,17,player-4,player-4
423,7,17,0.05866703577339649,player-1,27,23,23,23,player-1,player-1
423,8,18,0.07583387196063995,player-3,31,26,28,25,player-2,player-3
423,9,20,0.0752077903598547,player-2,36,28,30,26,player-3,player-2
423,10,17,0.06245891563594341,player-4,40,28,37,27,player-4,player-4
423,11,18,0.07283315062522888,player-2,42,29,39,28,player-1,player-2
423,12,17,0.06183306686580181,player-2,43,33,41,29,player-2,player-2
423,13,19,0.0752077903598547,player-1,45,37,43,29,player-3,player-1
423,14,17,0.07258402183651924,player-4,51,43,47,33,player-4,player-4
423,15,21,0.06104097701609135,none,52,44,48,33,player-1,none
424,1,17,0.05720905028283596,player-3,7,4,4,0,player-3,player-3
424,2,17,0.0635411124676466,player-4,10,10,7,0,player-4,player-4
424,3,20,0.07075001485645771,player-4,11,14,9,7,player-1,player-4
424,4,17,0.06849993951618671,player-2,11,20,12,15,player-2,player-2
424,5,21,0.07358286529779434,player-3,17,20,22,20,player-3,player-3
424,6,17,0.058416975662112236,player-4,19,22,22,25,player-4,player-4
424,7,17,0.05691708065569401,player-1,22,22,25,26,player-1,player-1
424,8,18,0.06166589446365833,player-3,26,23,29,27,player-2,player-3
424,9,18,0.06720796227455139,player-4,27,30,31,31,player-3,player-4
424,10,17,0.061125028878450394,player-4,29,32,31,37,player-4,player-4
424,11,18,0.069082947447896,player-2,35,39,33,37,player-1,player-2
424,12,19,0.07283291779458523,player-4,40,49,41,49,player-2,player-4
424,13,19,0.08104206062853336,player-1,49,53,48,52,player-3,player-1
425,1,17,0.0713749323040247,player-1,11,0,2,5,player-1,player-1
425,2,18,0.07233303040266037,player-3,15,5,6,7,player-2,player-3
425,3,17,0.07820897735655308,player-3,16,8,19,15,player-3,player-3
425,4,19,0.07400009781122208,player-2,26,12,19,24,player-4,player-2
425,5,20,0.07829093374311924,player-4,35,12,24,29,player-1,player-4
425,6,20,0.069082947447896,player-1,39,15,24,32,player-2,player-1
425,7,17,0.06125005893409252,player-3,40,17,31,33,player-3,player-3
425,8,28,0.0902500469237566,player-3,40,17,42,39,player-4,player-3
425,9,17,0.06874999962747097,player-1,48,21,48,44,player-1,player-1
425,10,17,0.0655418261885643,player-2,48,26,59,47,player-2,player-2
426,1,17,0.07416680455207825,player-2,5,12,1,4,player-2,player-2
426,2,27,0.08999998681247234,player-1,11,14,8,4,player-3,player-1
426,3,36,0.10375003330409527,player-3,14,14,12,14,player-4,player-3
426,4,17,0.07354095578193665,player-1,20,21,12,15,player-1,player-1
426,5,20,0.07370789535343647,player-1,22,22,18,18,player-2,player-1
426,6,18,0.06687501445412636,player-4,25,27,23,19,player-3,player-4
426,7,18,0.08791685104370117,player-1,32,30,25,19,player-4,player-1
426,8,17,0.07075001485645771,player-1,35,32,28,21,player-1,player-1
426,9,20,0.11729192920029163,player-1,43,38,42,21,player-2,player-1
426,10,17,0.07329205982387066,player-3,49,40,45,28,player-3,player-3
426,11,18,0.07187505252659321,player-1,55,40,49,32,player-4,player-1
427,1,18,0.08945795707404613,player-2,4,8,6,4,player-1,player-2
427,2,17,0.05612499080598354,player-2,5,12,6,6,player-2,player-2
427,3,17,0.06841705180704594,player-3,9,14,12,9,player-3,player-3
427,4,17,0.06724987179040909,player-4,11,17,13,11,player-4,player-4
427,5,18,0.07950002327561378,player-2,11,22,15,15,player-1,player-2
427,6,21,0.056541990488767624,none,11,24,20,17,player-2,none
427,7,20,0.05187513306736946,none,13,26,23,17,player-3,none
427,8,17,0.06816606037318707,player-4,13,30,24,20,player-4,player-4
427,9,17,0.05445792339742184,player-1,15,32,26,21,player-1,player-1
427,10,17,0.08587515912950039,player-2,17,40,27,28,player-2,player-2
427,11,18,0.06929202936589718,player-4,21,40,30,33,player-3,player-4
427,12,17,0.05000014789402485,player-4,23,45,32,37,player-4,player-4
427,13,17,0.06666709668934345,player-1,26,48,37,38,player-1,player-1
427,14,17,0.07954100146889687,player-2,30,60,39,47,player-2,player-2
428,1,17,0.07220800034701824,player-3,4,2,6,2,player-3,player-3
428,2,17,0.08154194802045822,player-4,8,10,7,8,player-4,player-4
428,3,19,0.065250089392066,player-3,12,13,8,8,player-1,player-3
428,4,18,0.07858313620090485,player-3,21,19,14,13,player-2,player-3
428,5,19,0.07437518797814846,player-1,27,23,17,17,player-3,player-1
428,6,18,0.07700012065470219,player-1,29,26,20,21,player-4,player-1
428,7,19,0.0652919989079237,player-3,31,35,21,22,player-1,player-3
428,8,17,0.07462501525878906,player-2,33,38,22,26,player-2,player-2
428,9,21,0.10079191997647285,player-3,41,40,28,33,player-3,player-3
428,10,18,0.07045897655189037,player-1,44,44,31,39,player-4,player-1
428,11,17,0.052582938224077225,player-1,53,45,32,39,player-1,player-1
428,12,17,0.06633391603827477,player-2,53,52,41,46,player-2,player-2
428,13,17,0.0787908211350441,player-3,56,60,47,48,player-3,player-3
429,1,17,0.06920797750353813,player-3,4,2,2,1,player-3,player-3
429,2,17,0.05733408033847809,player-4,8,2,2,4,player-4,player-4
429,3,17,0.09587500244379044,player-1,13,3,9,12,player-1,player-1
429,4,17,0.05708308890461922,player-2,14,6,12,17,player-2,player-2
429,5,17,0.06325007416307926,player-3,15,6,16,20,player-3,player-3
429,6,18,0.05808286368846893,player-1,21,12,16,22,player-4,player-1
429,7,18,0.058459118008613586,player-2,25,15,16,26,player-1,player-2
429,8,19,0.0669590663164854,player-4,25,19,17,29,player-2,player-4
429,9,17,0.07679197005927563,player-3,26,19,22,33,player-3,player-3
429,10,17,0.05433289334177971,player-4,27,22,24,35,player-4,player-4
429,11,18,0.0855419784784317,player-2,33,31,31,45,player-1,player-2
429,12,17,0.05658390000462532,player-2,34,34,33,47,player-2,player-2
429,13,19,0.07737497799098492,player-1,40,40,43,54,player-3,player-1
429,14,18,0.06370781920850277,player-1,41,40,45,57,player-4,player-1
429,15,17,0.07025012746453285,player-1,43,41,47,61,player-1,player-1
430,1,18,0.08408306166529655,player-1,2,4,4,5,player-4,player-1
430,2,19,0.07591699250042439,player-3,3,8,7,6,player-1,player-3
430,3,17,0.08312496356666088,player-2,5,16,7,11,player-2,player-2
430,4,17,0.0652919989079237,player-3,9,20,8,15,player-3,player-3
430,5,18,0.08229212835431099,player-1,16,23,11,19,player-4,player-1
430,6,21,0.0724580604583025,player-1,23,27,11,20,player-1,player-1
430,7,19,0.16062497161328793,player-4,23,33,14,31,player-2,player-4
430,8,17,0.0830420758575201,player-3,27,33,21,32,player-3,player-3
430,9,18,0.08129212073981762,player-1,29,36,24,33,player-4,player-1
430,10,19,0.08437503129243851,player-3,36,36,30,37,player-1,player-3
430,11,17,0.06741704419255257,player-2,38,47,34,39,player-2,player-2
430,12,17,0.08425000123679638,player-3,41,47,40,39,player-3,player-3
430,13,25,0.0946668442338705,player-4,46,55,46,57,player-4,player-4
431,1,19,0.06725010462105274,player-1,8,6,9,1,player-3,player-1
431,2,17,0.07262500002980232,player-4,12,12,14,3,player-4,player-4
431,3,17,0.07062498480081558,player-1,16,18,18,13,player-1,player-1
431,4,18,0.06591691635549068,player-3,20,23,26,16,player-2,player-3
431,5,18,0.07220800034701824,player-4,22,24,28,20,player-3,player-4
431,6,30,0.0930840615183115,player-1,25,27,29,21,player-4,player-1
431,7,20,0.08441600948572159,player-4,29,28,33,29,player-1,player-4
431,8,19,0.08041714318096638,player-4,33,31,34,35,player-2,player-4
431,9,17,0.06516603752970695,player-3,35,33,41,36,player-3,player-3
431,10,19,0.07841689512133598,player-2,35,36,46,39,player-4,player-2
431,11,18,0.060999998822808266,player-2,37,41,48,46,player-1,player-2
431,12,18,0.05829194560647011,player-3,40,44,51,46,player-2,player-3
431,13,17,0.07137516513466835,player-3,40,48,61,50,player-3,player-3
432,1,21,0.06654090248048306,player-1,7,0,2,4,player-1,player-1
432,2,18,0.07691700011491776,player-3,9,4,8,4,player-2,player-3
432,3,20,0.08045905269682407,player-2,11,10,16,7,player-3,player-2
432,4,21,0.07087504491209984,player-4,17,15,16,18,player-4,player-4
432,5,18,0.054208096116781235,player-2,20,16,18,18,player-1,player-2
432,6,20,0.06616697646677494,player-1,28,18,20,19,player-2,player-1
432,7,17,0.073583098128438,player-3,32,25,26,19,player-3,player-3
432,8,18,0.06254203617572784,player-1,38,25,26,26,player-4,player-1
432,9,17,0.059542013332247734,player-1,44,25,30,31,player-1,player-1
432,10,17,0.06320793181657791,player-2,47,31,30,37,player-2,player-2
432,11,29,0.08558318950235844,none,54,42,33,40,player-3,none
432,12,17,0.07258309051394463,player-4,54,46,38,45,player-4,player-4
432,13,19,0.08012494072318077,player-3,56,48,47,51,player-1,player-3
433,1,24,0.0730419997125864,none,2,4,6,12,player-1,none
433,2,17,0.07491582073271275,player-2,6,6,11,17,player-2,player-2
433,3,17,0.056208111345767975,player-3,8,7,17,20,player-3,player-3
433,4,24,0.08070911280810833,player-3,8,14,28,24,player-4,player-3
433,5,17,0.085500068962574,player-1,16,19,30,32,player-1,player-1
433,6,17,0.0637909397482872,player-2,18,24,32,32,player-2,player-2
433,7,19,0.07337494753301144,player-1,27,29,36,33,player-3,player-1
433,8,17,0.059625133872032166,player-4,27,29,40,33,player-4,player-4
433,9,18,0.07691606879234314,player-2,34,33,42,38,player-1,player-2
433,10,17,0.062125036492943764,player-2,40,38,44,43,player-2,player-2
433,11,17,0.0827079638838768,player-3,43,44,50,49,player-3,player-3
433,12,18,0.06770784966647625,player-1,46,53,54,49,player-4,player-1
434,1,17,0.07633306086063385,player-2,7,6,2,5,player-2,player-2
434,2,18,0.06791693158447742,player-4,8,13,3,7,player-3,player-4
434,3,19,0.0814169179648161,player-2,12,20,8,13,player-4,player-2
434,4,17,0.06545893847942352,player-1,19,24,10,15,player-1,player-1
434,5,19,0.07508299313485622,player-4,25,26,16,20,player-2,player-4
434,6,18,0.07837498560547829,player-4,29,26,16,27,player-3,player-4
434,7,23,0.07216585800051689,player-2,33,29,16,33,player-4,player-2
434,8,17,0.060584163293242455,player-1,40,32,18,37,player-1,player-1
434,9,17,0.051459064707159996,player-2,41,40,19,37,player-2,player-2
434,10,18,0.0665830448269844,player-4,41,42,25,39,player-3,player-4
434,11,17,0.06516720168292522,player-4,51,47,31,44,player-4,player-4
434,12,24,0.0902081374078989,player-4,53,57,31,52,player-1,player-4
435,1,21,0.0658340286463499,player-1,11,6,10,5,player-1,player-1
435,2,22,0.07658405229449272,player-3,16,14,15,10,player-2,player-3
435,3,18,0.06587500683963299,player-4,17,19,21,12,player-3,player-4
435,4,18,0.07279100827872753,player-1,20,25,21,16,player-4,player-1
435,5,18,0.06749993190169334,player-2,26,32,22,19,player-1,player-2
435,6,17,0.06349990144371986,player-2,26,41,29,26,player-2,player-2
435,7,17,0.05370797589421272,player-3,29,49,32,28,player-3,player-3
435,8,18,0.06512505933642387,player-1,32,52,41,29,player-4,player-1
435,9,18,0.0577499158680439,player-2,33,58,45,32,player-1,player-2
435,10,17,0.06833299994468689,player-2,35,67,52,40,player-2,player-2
436,1,17,0.07454212754964828,player-2,1,5,4,9,player-2,player-2
436,2,19,0.08158385753631592,player-1,9,12,9,15,player-3,player-1
436,3,18,0.06816582754254341,player-1,18,12,9,20,player-4,player-1
436,4,17,0.05966704338788986,player-1,20,13,10,23,player-1,player-1
436,5,17,0.06687501445412636,player-2,29,18,19,29,player-2,player-2
436,6,19,0.06695813499391079,player-1,33,22,21,31,player-3,player-1
436,7,17,0.06512505933642387,player-4,37,26,25,36,player-4,player-4
436,8,18,0.0627920962870121,player-2,42,27,27,44,player-1,player-2
436,9,17,0.05775014869868755,player-2,45,30,27,44,player-2,player-2
436,10,19,0.0624579843133688,player-1,53,32,31,44,player-3,player-1
436,11,17,0.05874992348253727,player-4,54,36,36,50,player-4,player-4
436,12,19,0.06520911119878292,player-3,60,43,39,50,player-1,player-3
436,13,20,0.0616670586168766,player-1,67,47,40,50,player-2,player-1
437,1,18,0.0628340058028698,player-1,1,1,4,5,player-4,player-1
437,2,22,0.07462501525878906,player-2,4,7,6,11,player-1,player-2
437,3,19,0.07491698488593102,player-4,8,16,6,17,player-2,player-4
437,4,23,0.05570799112319946,none,9,17,6,20,player-3,none
437,5,17,0.0580840278416872,player-4,13,19,6,23,player-4,player-4
437,6,17,0.05908403545618057,player-1,18,23,12,25,player-1,player-1
437,7,18,0.06237509660422802,player-3,21,25,18,25,player-2,player-3
437,8,17,0.0527501106262207,player-3,26,28,20,25,player-3,player-3
437,9,17,0.06287498399615288,player-4,26,30,22,27,player-4,player-4
437,10,17,0.054999953135848045,player-1,34,32,26,27,player-1,player-1
437,11,21,0.06683403626084328,player-2,41,33,36,29,player-2,player-2
437,12,17,0.07487484253942966,player-3,51,35,38,33,player-3,player-3
437,13,20,0.07408298552036285,player-3,56,38,45,35,player-4,player-3
438,1,19,0.0652919989079237,player-3,3,0,1,4,player-1,player-3
438,2,18,0.07387506775557995,player-3,13,8,4,8,player-2,player-3
438,3,20,0.0713749323040247,player-2,16,12,6,10,player-3,player-2
438,4,20,0.05545886233448982,player-3,19,13,12,10,player-4,player-3
438,5,17,0.06429105997085571,player-1,25,13,16,12,player-1,player-1
438,6,25,0.08175009861588478,player-2,29,17,17,18,player-2,player-2
438,7,18,0.07291696965694427,player-4,35,17,20,28,player-3,player-4
438,8,18,0.10087504051625729,player-1,39,19,28,35,player-4,player-1
438,9,20,0.08470797911286354,player-4,41,19,33,38,player-1,player-4
438,10,17,0.06683380343019962,player-2,41,21,41,42,player-2,player-2
438,11,17,0.0679998192936182,player-3,43,25,47,45,player-3,player-3
438,12,17,0.07162499241530895,player-4,48,34,51,53,player-4,player-4
438,13,18,0.06654206663370132,player-2,51,41,52,58,player-1,player-2
439,1,18,0.06474996916949749,player-3,5,1,6,2,player-2,player-3
439,2,20,0.06541702896356583,player-2,10,2,10,6,player-3,player-2
439,3,18,0.07262500002980232,player-1,13,8,12,12,player-4,player-1
439,4,18,0.062417006120085716,player-2,16,15,12,18,player-1,player-2
439,5,17,0.06400002166628838,player-2,19,22,15,20,player-2,player-2
439,6,17,0.0677499920129776,player-3,30,25,21,24,player-3,player-3
439,7,18,0.06670784205198288,player-1,32,27,24,28,player-4,player-1
439,8,18,0.060957856476306915,player-2,34,35,25,31,player-1,player-2
439,9,18,0.05645793862640858,player-3,37,43,30,31,player-2,player-3
439,10,22,0.08412497118115425,player-4,41,46,32,36,player-3,player-4
439,11,17,0.07533305324614048,player-4,45,50,35,39,player-4,player-4
439,12,19,0.05645817145705223,player-3,46,53,40,40,player-1,player-3
439,13,17,0.056459102779626846,player-2,49,57,40,40,player-2,player-2
439,14,17,0.0624160747975111,player-3,53,64,45,44,player-3,player-3
440,1,18,0.06733392365276814,player-4,0,2,1,7,player-3,player-4
440,2,18,0.07283291779458523,player-1,4,6,5,11,player-4,player-1
440,3,17,0.07495889440178871,player-1,10,7,5,11,player-1,player-1
440,4,18,0.0726659782230854,player-3,16,12,12,11,player-2,player-3
440,5,23,0.07329205982387066,player-1,18,16,19,12,player-3,player-1
440,6,17,0.0652081798762083,player-4,25,17,26,18,player-4,player-4
440,7,20,0.07049995474517345,player-4,27,17,28,20,player-1,player-4
440,8,19,0.0666249543428421,player-4,31,20,30,23,player-2,player-4
440,9,18,0.06849993951618671,player-4,37,20,33,32,player-3,player-4
440,10,17,0.06862496957182884,player-4,39,23,35,41,player-4,player-4
440,11,18,0.07712491787970066,player-2,40,29,41,47,player-1,player-2
440,12,17,0.07600011304020882,player-2,46,34,44,49,player-2,player-2
440,13,18,0.05579204298555851,player-4,50,37,46,54,player-3,player-4
440,14,21,0.1216251403093338,player-4,59,41,55,61,player-4,player-4
441,1,18,0.11154194362461567,player-4,7,6,8,9,player-3,player-4
441,2,17,0.08662487380206585,player-4,16,7,11,14,player-4,player-4
441,3,18,0.06304099224507809,player-2,19,12,13,16,player-1,player-2
441,4,19,0.0612910371273756,player-4,23,13,15,21,player-2,player-4
441,5,19,0.08083297871053219,player-1,30,22,16,34,player-3,player-1
441,6,17,0.07504201494157314,player-4,33,27,16,42,player-4,player-4
441,7,16,0.04504108801484108,none,37,27,17,47,player-1,none
441,8,17,0.07162499241530895,player-2,44,35,24,49,player-2,player-2
441,9,20,0.07483409717679024,player-2,49,40,27,52,player-3,player-2
441,10,18,0.10549998842179775,player-1,54,45,30,54,player-4,player-1
441,11,19,0.08254102431237698,player-3,58,45,41,60,player-1,player-3
442,1,17,0.07087504491209984,player-1,7,0,3,6,player-1,player-1
442,2,17,0.07395888678729534,player-2,11,6,4,8,player-2,player-2
442,3,19,0.08425000123679638,player-1,15,8,9,9,player-3,player-1
442,4,18,0.0730000901967287,player-1,23,13,9,10,player-4,player-1
442,5,17,0.0967090018093586,player-1,27,21,9,11,player-1,player-1
442,6,19,0.07237493991851807,player-4,30,22,17,17,player-2,player-4
442,7,17,0.0679579097777605,player-3,34,28,22,25,player-3,player-3
442,8,21,0.07345899939537048,player-4,40,31,22,33,player-4,player-4
442,9,17,0.05733314901590347,player-1,44,33,22,33,player-1,player-1
442,10,18,0.08208304643630981,player-3,46,33,29,33,player-2,player-3
442,11,33,0.08991709910333157,player-3,49,40,37,36,player-3,player-3
442,12,17,0.062125036492943764,player-4,52,43,39,38,player-4,player-4
442,13,18,0.0535410363227129,player-2,56,45,40,40,player-1,player-2
442,14,20,0.06920890882611275,player-1,66,47,46,47,player-2,player-1
443,1,18,0.08375011384487152,player-2,3,2,4,3,player-1,player-2
443,2,20,0.1107498537749052,player-1,8,4,6,13,player-2,player-1
443,3,18,0.07366714999079704,player-4,9,5,7,31,player-3,player-4
443,4,17,0.06362493149936199,player-4,11,8,16,36,player-4,player-4
443,5,18,0.06558396853506565,player-2,19,8,20,37,player-1,player-2
443,6,17,0.06420793943107128,player-2,25,15,25,40,player-2,player-2
443,7,17,0.07491698488593102,player-3,30,15,30,42,player-3,player-3
443,8,23,0.08304091170430183,player-2,30,20,34,46,player-4,player-2
443,9,17,0.06645801477134228,player-1,35,21,38,51,player-1,player-1
443,10,17,0.06679212674498558,player-2,37,23,38,52,player-2,player-2
443,11,20,0.07066689431667328,player-2,43,25,42,53,player-3,player-2
443,12,17,0.05050003528594971,player-4,43,25,44,59,player-4,player-4
443,13,17,0.06616697646677494,player-1,46,27,45,63,player-1,player-1
443,14,19,0.07583294063806534,player-4,50,28,51,70,player-2,player-4
444,1,17,0.06674998439848423,player-2,6,3,4,2,player-2,player-2
444,2,17,0.06858306005597115,player-3,9,5,8,7,player-3,player-3
444,3,17,0.08050003089010715,player-4,11,9,12,12,player-4,player-4
444,4,26,0.09820912964642048,player-2,21,14,15,13,player-1,player-2
444,5,18,0.07820804603397846,player-3,22,14,19,13,player-2,player-3
444,6,17,0.07041706703603268,player-3,23,17,19,17,player-3,player-3
444,7,30,0.08833315223455429,player-1,34,24,20,23,player-4,player-1
444,8,17,0.07787486538290977,player-1,40,26,20,24,player-1,player-1
444,9,19,0.07808278314769268,player-4,52,27,22,28,player-2,player-4
444,10,17,0.05737505853176117,player-3,56,31,31,29,player-3,player-3
444,11,17,0.06837490946054459,player-4,56,34,33,36,player-4,player-4
444,12,17,0.08404208347201347,player-1,62,35,38,41,player-1,player-1
445,1,20,0.07316702976822853,player-4,2,2,7,4,player-1,player-4
445,2,17,0.07145782001316547,player-2,2,15,8,8,player-2,player-2
445,3,18,0.06037508137524128,player-4,2,15,11,11,player-3,player-4
445,4,17,0.07974985055625439,player-4,6,20,14,18,player-4,player-4
445,5,17,0.09174994193017483,player-1,14,27,21,21,player-1,player-1
445,6,20,0.0760830007493496,player-1,15,33,26,24,player-2,player-1
445,7,18,0.10066688992083073,player-4,21,36,27,33,player-3,player-4
445,8,18,0.061042141169309616,player-1,21,38,28,35,player-4,player-1
445,9,17,0.0638328492641449,player-1,23,38,29,36,player-1,player-1
445,10,18,0.07808394730091095,player-3,28,46,35,36,player-2,player-3
445,11,17,0.056999968364834785,player-3,32,51,39,38,player-3,player-3
445,12,17,0.06499979645013809,player-4,34,52,47,44,player-4,player-4
445,13,20,0.06229197606444359,player-4,38,53,49,47,player-1,player-4
446,1,17,0.06470899097621441,player-2,2,7,0,2,player-2,player-2
446,2,17,0.09341700933873653,player-3,9,7,9,5,player-3,player-3
446,3,19,0.07458403706550598,player-2,12,9,12,6,player-4,player-2
446,4,22,0.07375003769993782,none,14,18,12,9,player-1,none
446,5,20,0.07612491026520729,player-1,24,22,20,12,player-2,player-1
446,6,21,0.0671660527586937,player-3,27,26,25,15,player-3,player-3
446,7,20,0.07075001485645771,player-3,28,26,26,20,player-4,player-3
446,8,19,0.07354095578193665,player-3,30,35,34,23,player-1,player-3
446,9,19,0.06187497638165951,player-4,32,38,34,23,player-2,player-4
446,10,17,0.06662518717348576,player-3,38,46,42,24,player-3,player-3
446,11,18,0.0719588715583086,player-1,44,49,54,26,player-4,player-1
446,12,18,0.07991702295839787,player-2,55,50,56,26,player-1,player-2
447,1,18,0.07941713556647301,player-1,6,4,3,7,player-4,player-1
447,2,19,0.060999998822808266,player-3,9,9,11,10,player-1,player-3
447,3,18,0.062417006120085716,player-3,9,14,16,12,player-2,player-3
447,4,18,0.06545800715684891,player-4,9,15,16,20,player-3,player-4
447,5,18,0.05570799112319946,player-1,11,20,23,25,player-4,player-1
447,6,18,0.06370898336172104,player-2,13,27,23,26,player-1,player-2
447,7,18,0.06362516433000565,player-3,18,31,26,29,player-2,player-3
447,8,17,0.07008295506238937,player-3,27,38,34,35,player-3,player-3
447,9,17,0.059625133872032166,player-4,28,42,39,42,player-4,player-4
447,10,17,0.048582907766103745,player-1,29,43,39,44,player-1,player-1
447,11,18,0.06020907312631607,player-3,29,45,40,49,player-2,player-3
447,12,19,0.07562479004263878,player-1,44,45,49,51,player-3,player-1
447,13,17,0.06695790216326714,player-4,44,54,51,64,player-4,player-4
448,1,19,0.05512498319149017,player-3,1,0,7,0,player-1,player-3
448,2,18,0.061750179156661034,player-3,2,1,9,1,player-2,player-3
448,3,18,0.062000006437301636,player-4,2,3,11,13,player-3,player-4
448,4,18,0.06374996155500412,player-1,8,12,14,17,player-4,player-1
448,5,19,0.06337510421872139,player-3,10,16,21,21,player-1,player-3
448,6,21,0.0728340819478035,player-2,10,24,22,23,player-2,player-2
448,7,17,0.07291696965694427,player-3,16,32,26,26,player-3,player-3
448,8,17,0.052625080570578575,player-4,17,33,26,31,player-4,player-4
448,9,17,0.06091711111366749,player-1,22,35,28,33,player-1,player-1
448,10,18,0.07445900700986385,player-3,27,36,35,40,player-2,player-3
448,11,18,0.06633298471570015,player-4,30,38,41,47,player-3,player-4
448,12,18,0.06991601549088955,player-1,33,39,44,50,player-4,player-1
448,13,17,0.07149996235966682,player-1,40,43,54,59,player-1,player-1
449,1,17,0.05470798350870609,player-3,3,2,5,0,player-3,player-3
449,2,17,0.05591590888798237,player-4,5,2,11,1,player-4,player-4
449,3,17,0.0754999928176403,player-1,9,6,13,4,player-1,player-1
449,4,22,0.06820820271968842,player-3,10,9,15,7,player-2,player-3
449,5,20,0.06224983371794224,player-2,10,15,15,7,player-3,player-2
449,6,17,0.058959005400538445,player-4,13,18,21,10,player-4,player-4
449,7,19,0.055833952501416206,player-3,17,18,28,13,player-1,player-3
449,8,17,0.06262492388486862,player-2,20,28,30,17,player-2,player-2
449,9,17,0.06062490865588188,player-3,27,28,37,19,player-3,player-3
449,10,23,0.05370890721678734,none,27,30,38,22,player-4,none
449,11,17,0.05962490104138851,player-1,34,35,38,24,player-1,player-1
449,12,18,0.07133395411074162,player-3,39,39,44,33,player-2,player-3
449,13,17,0.0666249543428421,player-3,41,49,44,41,player-3,player-3
449,14,23,0.06533414125442505,player-2,41,56,51,43,player-4,player-2
449,15,18,0.06166612729430199,player-2,43,63,58,46,player-1,player-2
450,1,20,0.0627501867711544,player-1,8,5,2,5,player-2,player-1
450,2,17,0.058374833315610886,player-3,8,7,3,5,player-3,player-3
450,3,17,0.07687509059906006,player-4,10,7,3,12,player-4,player-4
450,4,17,0.08404115214943886,player-1,14,10,8,15,player-1,player-1
450,5,17,0.10891701094806194,player-2,16,15,20,18,player-2,player-2
450,6,18,0.07183314301073551,player-4,18,24,20,24,player-3,player-4
450,7,19,0.06441702134907246,player-2,24,30,24,29,player-4,player-2
450,8,19,0.06479118019342422,player-3,28,32,30,31,player-1,player-3
450,9,17,0.05195802077651024,player-2,31,34,30,35,player-2,player-2
450,10,18,0.0639171339571476,player-4,40,37,33,49,player-3,player-4
450,11,17,0.07237517274916172,player-4,46,42,40,53,player-4,player-4
450,12,18,0.06508408114314079,player-2,51,52,43,57,player-1,player-2
451,1,18,0.049042049795389175,player-2,2,1,4,3,player-1,player-2
451,2,21,0.0590828713029623,player-2,3,6,5,4,player-2,player-2
451,3,18,0.06374996155500412,player-4,6,10,6,9,player-3,player-4
451,4,17,0.05445815622806549,player-4,8,10,9,11,player-4,player-4
451,5,18,0.06341608241200447,player-2,9,12,12,13,player-1,player-2
451,6,17,0.05891709588468075,player-2,9,13,13,16,player-2,player-2
451,7,17,0.060167163610458374,player-3,11,14,22,18,player-3,player-3
451,8,27,0.10304199531674385,none,13,17,33,24,player-4,none
451,9,18,0.0654999166727066,player-2,15,28,37,26,player-1,player-2
451,10,17,0.057999975979328156,player-2,17,31,39,31,player-2,player-2
451,11,17,0.07333420217037201,player-3,23,33,50,33,player-3,player-3
451,12,17,0.05483278073370457,player-4,26,38,51,38,player-4,player-4
451,13,19,0.06987503729760647,player-3,29,43,54,41,player-1,player-3
451,14,20,0.06804103031754494,player-1,39,47,59,44,player-2,player-1
451,15,17,0.08329097181558609,player-3,42,50,61,46,player-3,player-3
452,1,20,0.08466700091958046,player-4,3,2,3,3,player-1,player-4
452,2,17,0.06820796988904476,player-2,6,8,8,8,player-2,player-2
452,3,19,0.06545800715684891,player-1,8,10,11,8,player-3,player-1
452,4,17,0.07175002247095108,player-4,8,11,16,12,player-4,player-4
452,5,17,0.060165999457240105,player-1,14,13,17,14,player-1,player-1
452,6,19,0.06095808930695057,player-4,17,14,20,17,player-2,player-4
452,7,17,0.07320800796151161,player-3,19,17,27,23,player-3,player-3
452,8,17,0.06591691635549068,player-4,19,20,31,34,player-4,player-4
452,9,19,0.06745802238583565,player-3,21,20,32,38,player-1,player-3
452,10,17,0.06687501445412636,player-2,26,27,32,38,player-2,player-2
452,11,17,0.0938749872148037,player-3,37,32,42,41,player-3,player-3
452,12,17,0.05333288572728634,player-4,43,32,44,44,player-4,player-4
452,13,18,0.06533297710120678,player-2,46,36,47,47,player-1,player-2
452,14,22,0.07170811295509338,player-3,53,44,48,51,player-2,player-3
453,1,22,0.07958314381539822,player-4,1,2,9,10,player-3,player-4
453,2,17,0.06604194641113281,player-4,3,3,12,14,player-4,player-4
453,3,18,0.07616681978106499,player-2,7,7,21,14,player-1,player-2
453,4,19,0.0654999166727066,player-4,12,8,28,28,player-2,player-4
453,5,18,0.06216694600880146,player-4,13,9,30,36,player-3,player-4
453,6,17,0.06425008177757263,player-4,15,16,30,41,player-4,player-4
453,7,17,0.061542028561234474,player-1,23,20,34,41,player-1,player-1
453,8,19,0.10408414527773857,player-4,30,22,47,44,player-2,player-4
453,9,17,0.06033317185938358,player-3,30,25,55,45,player-3,player-3
453,10,17,0.04924996756017208,player-4,30,27,55,46,player-4,player-4
453,11,17,0.07237493991851807,player-1,38,30,55,52,player-1,player-1
453,12,21,0.07345783524215221,player-2,39,31,71,54,player-2,player-2
454,1,18,0.06733299233019352,player-1,1,7,0,4,player-4,player-1
454,2,18,0.07275003008544445,player-2,8,10,10,4,player-1,player-2
454,3,20,0.06587500683963299,player-1,13,11,10,5,player-2,player-1
454,4,17,0.06695790216326714,player-3,13,13,16,6,player-3,player-3
454,5,17,0.06520794704556465,player-4,17,16,24,14,player-4,player-4
454,6,30,0.08529191836714745,none,19,20,25,18,player-1,none
454,7,19,0.06679212674498558,player-4,23,22,29,21,player-2,player-4
454,8,17,0.05329190753400326,player-3,25,23,38,23,player-3,player-3
454,9,17,0.056916847825050354,player-4,29,23,44,28,player-4,player-4
454,10,17,0.08170795626938343,player-1,38,23,51,37,player-1,player-1
454,11,19,0.06483285687863827,player-4,40,25,58,40,player-2,player-4
454,12,17,0.06733299233019352,player-3,44,35,69,47,player-3,player-3
455,1,17,0.05745794624090195,player-1,5,0,3,0,player-1,player-1
455,2,18,0.07041590288281441,player-3,8,4,13,6,player-2,player-3
455,3,19,0.08537503890693188,player-1,12,8,17,12,player-3,player-1
455,4,17,0.058333855122327805,player-4,12,8,19,18,player-4,player-4
455,5,18,0.06329198367893696,player-2,13,8,19,19,player-1,player-2
455,6,17,0.05224999040365219,player-2,14,11,20,19,player-2,player-2
455,7,17,0.06374996155500412,player-3,16,16,23,19,player-3,player-3
455,8,17,0.06608408875763416,player-4,17,22,24,26,player-4,player-4
455,9,17,0.05983305163681507,player-1,25,24,30,35,player-1,player-1
455,10,20,0.08358410559594631,player-1,39,28,35,41,player-2,player-1
455,11,17,0.05145790055394173,player-3,42,28,37,43,player-3,player-3
455,12,18,0.06441702134907246,player-1,45,34,40,48,player-4,player-1
455,13,17,0.0738748349249363,player-1,52,34,41,51,player-1,player-1
455,14,17,0.06654090248048306,player-2,55,38,43,54,player-2,player-2
455,15,17,0.0724999699741602,player-3,61,44,48,59,player-3,player-3
456,1,17,0.06849993951618671,player-4,0,3,8,2,player-4,player-4
456,2,18,0.07620803080499172,player-2,6,6,14,7,player-1,player-2
456,3,18,0.05791615694761276,player-3,6,7,20,11,player-2,player-3
456,4,17,0.055208103731274605,player-3,9,10,22,15,player-3,player-3
456,5,17,0.06325007416307926,player-4,14,12,27,22,player-4,player-4
456,6,18,0.06208289414644241,player-2,18,13,27,24,player-1,player-2
456,7,17,0.059582991525530815,player-2,23,17,31,27,player-2,player-2
456,8,17,0.06258301436901093,player-3,29,17,45,28,player-3,player-3
456,9,19,0.0840409193187952,player-2,32,19,49,31,player-4,player-2
456,10,17,0.05758390761911869,player-1,36,19,52,34,player-1,player-1
456,11,17,0.061583006754517555,player-2,39,20,54,38,player-2,player-2
456,12,22,0.07429206743836403,player-4,39,21,61,38,player-3,player-4
457,1,17,0.07850001566112041,player-4,0,4,8,8,player-4,player-4
457,2,17,0.059125013649463654,player-1,7,6,10,10,player-1,player-1
457,3,17,0.07387506775557995,player-2,15,8,10,19,player-2,player-2
457,4,19,0.06800005212426186,player-1,21,9,17,22,player-3,player-1
457,5,17,0.06854208186268806,player-4,24,17,18,32,player-4,player-4
457,6,17,0.06045820191502571,player-1,25,20,23,34,player-1,player-1
457,7,18,0.05825003609061241,player-3,28,20,27,42,player-2,player-3
457,8,17,0.06733299233019352,player-3,30,20,31,45,player-3,player-3
457,9,17,0.059750163927674294,player-4,30,20,35,48,player-4,player-4
457,10,20,0.08845794945955276,player-4,34,22,37,53,player-1,player-4
457,11,18,0.05933293141424656,player-3,35,26,40,56,player-2,player-3
457,12,18,0.07445807568728924,player-4,43,30,44,60,player-3,player-4
457,13,18,0.06587500683963299,player-1,48,31,46,63,player-4,player-1
457,14,19,0.07004220969974995,player-3,49,33,51,65,player-1,player-3
458,1,18,0.06645917892456055,player-3,1,4,4,5,player-2,player-3
458,2,18,0.06645801477134228,player-4,1,7,8,10,player-3,player-4
458,3,18,0.06150011904537678,player-1,6,7,10,14,player-4,player-1
458,4,18,0.06316695362329483,player-2,13,8,16,18,player-1,player-2
458,5,19,0.07312512025237083,player-4,20,9,22,32,player-2,player-4
458,6,17,0.05687493830919266,player-3,25,13,25,33,player-3,player-3
458,7,18,0.06495881825685501,player-1,28,20,28,39,player-4,player-1
458,8,24,0.06941682659089565,none,29,20,31,39,player-1,none
458,9,19,0.06824987940490246,player-4,32,24,33,46,player-2,player-4
458,10,18,0.07141614332795143,player-4,32,31,34,53,player-3,player-4
458,11,17,0.04804111085832119,player-4,32,34,34,60,player-4,player-4
458,12,18,0.07808301597833633,player-2,41,37,35,62,player-1,player-2
458,13,22,0.08104182779788971,player-3,52,39,36,68,player-2,player-3
459,1,17,0.06337510421872139,player-3,2,4,2,0,player-3,player-3
459,2,19,0.06400002166628838,player-2,2,6,3,4,player-4,player-2
459,3,17,0.08841603994369507,player-1,5,8,13,8,player-1,player-1
459,4,19,0.07445784285664558,player-4,7,10,17,17,player-2,player-4
459,5,19,0.06237509660422802,player-1,16,10,21,20,player-3,player-1
459,6,18,0.051999930292367935,none,23,10,21,23,player-4,none
459,7,17,0.053459079936146736,player-1,32,12,24,24,player-1,player-1
459,8,17,0.05925004370510578,player-2,36,14,24,27,player-2,player-2
459,9,17,0.06737513467669487,player-3,45,15,25,30,player-3,player-3
459,10,17,0.06545893847942352,player-4,47,20,28,32,player-4,player-4
459,11,18,0.0666249543428421,player-2,53,25,30,38,player-1,player-2
459,12,18,0.05508307367563248,player-3,57,28,32,40,player-2,player-3
459,13,19,0.11033285409212112,player-1,59,35,39,48,player-3,player-1
459,14,17,0.05550007335841656,player-4,61,38,40,50,player-4,player-4
460,1,19,0.07216609083116055,player-1,6,0,8,2,player-3,player-1
460,2,20,0.08162506856024265,player-3,8,0,12,5,player-4,player-3
460,3,18,0.0643748790025711,player-2,16,0,14,6,player-1,player-2
460,4,19,0.07837498560547829,player-4,20,0,14,13,player-2,player-4
460,5,20,0.07716706022620201,player-2,21,3,21,14,player-3,player-2
460,6,20,0.06512505933642387,player-3,27,12,22,22,player-4,player-3
460,7,17,0.06483402103185654,player-1,37,14,22,23,player-1,player-1
460,8,19,0.07341708987951279,player-4,40,17,25,32,player-2,player-4
460,9,18,0.06258394569158554,player-4,45,24,26,37,player-3,player-4
460,10,18,0.0635830219835043,player-1,62,24,30,43,player-4,player-1
460,11,20,0.062374863773584366,player-4,64,26,38,46,player-1,player-4
461,1,19,0.06562494672834873,player-2,3,3,6,5,player-4,player-2
461,2,20,0.07708393968641758,player-4,8,12,18,8,player-1,player-4
461,3,17,0.05429191514849663,player-2,10,14,21,8,player-2,player-2
461,4,17,0.0566248781979084,player-3,10,16,27,9,player-3,player-3
461,5,24,0.0835831742733717,player-3,15,19,39,15,player-4,player-3
461,6,18,0.0852078665047884,player-2,15,26,46,20,player-1,player-2
461,7,18,0.0969588290899992,player-3,19,26,55,26,player-2,player-3
461,8,19,0.11358293704688549,player-1,19,30,62,30,player-3,player-1
461,9,20,0.08091586641967297,player-3,29,38,68,36,player-4,player-3
461,10,17,0.07304106839001179,player-1,35,44,72,42,player-1,player-1
462,1,18,0.06937491707503796,player-1,5,3,4,5,player-4,player-1
462,2,17,0.05479203537106514,player-1,8,3,7,6,player-1,player-1
462,3,17,0.07516611367464066,player-2,14,7,14,14,player-2,player-2
462,4,17,0.059542013332247734,player-3,18,8,21,14,player-3,player-3
462,5,22,0.061625149101018906,player-1,22,9,25,18,player-4,player-1
462,6,17,0.05575013346970081,player-1,26,11,25,21,player-1,player-1
462,7,21,0.06804103031754494,none,34,16,26,23,player-2,none
462,8,17,0.08199992589652538,player-3,46,20,34,29,player-3,player-3
462,9,22,0.08529191836714745,player-1,48,25,40,30,player-4,player-1
462,10,19,0.07979199290275574,player-3,51,27,44,35,player-1,player-3
462,11,18,0.06291596218943596,player-3,53,27,52,39,player-2,player-3
463,1,22,0.08487515151500702,player-3,3,4,6,1,player-2,player-3
463,2,19,0.0819170381873846,player-1,8,13,11,8,player-3,player-1
463,3,17,0.058125006034970284,player-4,8,13,12,16,player-4,player-4
463,4,17,0.05983421579003334,player-1,15,18,16,20,player-1,player-1
463,5,17,0.07275003008544445,player-2,22,22,18,29,player-2,player-2
463,6,24,0.06533297710120678,none,28,25,24,30,player-3,none
463,7,17,0.07575005292892456,player-4,32,30,30,32,player-4,player-4
463,8,17,0.07345806807279587,player-1,43,35,30,35,player-1,player-1
463,9,18,0.06849993951618671,player-3,43,39,31,38,player-2,player-3
463,10,18,0.08216709829866886,player-4,49,40,34,45,player-3,player-4
463,11,17,0.05712499842047691,player-4,49,42,35,48,player-4,player-4
463,12,19,0.05974993109703064,player-3,51,44,37,52,player-1,player-3
463,13,17,0.05066697485744953,player-2,52,47,40,54,player-2,player-2
464,1,17,0.07575005292892456,player-2,3,3,5,4,player-2,player-2
464,2,17,0.0888751819729805,player-3,13,6,12,8,player-3,player-3
464,3,19,0.06879190914332867,player-2,13,12,15,14,player-4,player-2
464,4,18,0.06254203617572784,player-2,13,22,15,19,player-1,player-2
464,5,17,0.060625141486525536,player-2,17,36,15,22,player-2,player-2
464,6,17,0.08170795626938343,player-3,23,37,18,24,player-3,player-3
464,7,17,0.06258301436901093,player-4,26,37,18,27,player-4,player-4
464,8,17,0.08091679774224758,player-1,28,42,20,34,player-1,player-1
464,9,17,0.06708316504955292,player-2,28,48,27,43,player-2,player-2
464,10,17,0.06895908154547215,player-3,37,48,35,44,player-3,player-3
464,11,18,0.0862909946590662,player-1,43,51,36,47,player-4,player-1
464,12,23,0.08204113692045212,player-3,51,57,43,55,player-1,player-3
465,1,17,0.06666709668934345,player-1,8,2,6,3,player-1,player-1
465,2,18,0.061208149418234825,player-3,8,3,15,3,player-2,player-3
465,3,19,0.06758398376405239,player-1,14,9,17,3,player-3,player-1
465,4,20,0.0793328508734703,player-3,18,11,28,6,player-4,player-3
465,5,24,0.07275003008544445,player-4,20,11,30,9,player-1,player-4
465,6,35,0.1318750437349081,player-4,21,14,42,9,player-2,player-4
465,7,20,0.07487507537007332,player-2,25,15,46,16,player-3,player-2
465,8,25,0.07500010542571545,player-4,26,17,47,23,player-4,player-4
465,9,17,0.0639590434730053,player-1,28,20,49,25,player-1,player-1
465,10,19,0.07112487219274044,player-4,31,29,53,35,player-2,player-4
465,11,17,0.0639171339571476,player-3,37,32,61,38,player-3,player-3
465,12,17,0.06158393807709217,player-4,39,36,64,41,player-4,player-4
466,1,17,0.07529184222221375,player-1,3,4,7,3,player-1,player-1
466,2,20,0.06845896132290363,player-1,8,6,7,9,player-2,player-1
466,3,18,0.05374988541007042,player-4,13,8,9,15,player-3,player-4
466,4,18,0.06762519478797913,player-1,14,13,13,17,player-4,player-1
466,5,18,0.06883405148983002,player-2,18,23,14,20,player-1,player-2
466,6,17,0.06320816464722157,player-2,21,26,16,22,player-2,player-2
466,7,22,0.08754199370741844,player-4,23,30,23,32,player-3,player-4
466,8,17,0.07633399218320847,player-4,25,33,25,40,player-4,player-4
466,9,18,0.0677080824971199,player-2,28,37,27,43,player-1,player-2
466,10,17,0.06616604514420033,player-2,30,46,31,47,player-2,player-2
466,11,17,0.06620795466005802,player-3,38,46,37,53,player-3,player-3
466,12,17,0.07366691716015339,player-4,42,52,47,55,player-4,player-4
467,1,17,0.05824980325996876,player-1,16,4,5,0,player-1,player-1
467,2,18,0.05366699770092964,player-3,18,8,9,3,player-2,player-3
467,3,18,0.07291720248758793,player-4,22,12,13,8,player-3,player-4
467,4,17,0.0688331201672554,player-4,22,17,17,15,player-4,player-4
467,5,17,0.05650008097290993,player-1,29,19,19,17,player-1,player-1
467,6,17,0.07100007496774197,player-2,34,25,22,23,player-2,player-2
467,7,24,0.08312496356666088,player-2,49,34,26,24,player-3,player-2
467,8,18,0.050208065658807755,player-1,55,37,26,26,player-4,player-1
467,9,17,0.06608315743505955,player-1,60,38,26,30,player-1,player-1
467,10,17,0.06891600787639618,player-2,64,41,28,32,player-2,player-2
467,11,18,0.05479087121784687,player-4,64,43,30,37,player-3,player-4
467,12,17,0.05150004290044308,player-4,64,46,30,39,player-4,player-4
467,13,17,0.08483300916850567,player-1,66,55,38,41,player-1,player-1
468,1,21,0.07437518797814846,player-3,1,0,6,6,player-3,player-3
468,2,25,0.08362508378922939,player-4,10,5,15,9,player-4,player-4
468,3,18,0.07737497799098492,player-2,16,10,18,9,player-1,player-2
468,4,17,0.07579103112220764,player-2,20,15,22,15,player-2,player-2
468,5,17,0.04737498238682747,player-3,22,15,29,15,player-3,player-3
468,6,17,0.06054108962416649,player-4,26,15,29,22,player-4,player-4
468,7,18,0.06825011223554611,player-2,34,23,34,23,player-1,player-2
468,8,18,0.05725002847611904,player-3,34,28,40,24,player-2,player-3
468,9,17,0.0652919989079237,player-3,38,32,44,27,player-3,player-3
468,10,23,0.07445807568728924,player-2,49,38,48,35,player-4,player-2
468,11,18,0.07049995474517345,player-2,51,48,51,45,player-1,player-2
469,1,19,0.056042103096842766,player-3,4,2,0,3,player-1,player-3
469,2,18,0.058833975344896317,player-3,6,8,0,4,player-2,player-3
469,3,19,0.06800005212426186,player-1,14,8,1,6,player-3,player-1
469,4,18,0.061542028561234474,player-1,18,9,5,8,player-4,player-1
469,5,17,0.06866594776511192,player-1,26,11,8,12,player-1,player-1
469,6,19,0.0566248781979084,player-4,31,11,10,16,player-2,player-4
469,7,19,0.06674998439848423,player-1,40,20,13,17,player-3,player-1
469,8,17,0.05945796146988869,player-4,44,21,13,32,player-4,player-4
469,9,17,0.05770917050540447,player-1,47,24,15,35,player-1,player-1
469,10,19,0.06362493149936199,player-4,51,24,24,37,player-2,player-4
469,11,22,0.10612490586936474,none,54,26,25,40,player-3,none
469,12,17,0.07845903746783733,player-4,54,31,35,49,player-4,player-4
469,13,17,0.06812484934926033,player-1,59,33,37,49,player-1,player-1
469,14,17,0.07620803080499172,player-2,66,35,40,53,player-2,player-2
470,1,26,0.11454196646809578,player-1,0,5,2,6,player-4,player-1
470,2,17,0.07441709749400616,player-1,8,11,2,8,player-1,player-1
470,3,20,0.06083305925130844,player-1,14,14,4,8,player-2,player-1
470,4,18,0.060540856793522835,player-4,19,19,5,14,player-3,player-4
470,5,19,0.07004197686910629,player-2,21,26,6,17,player-4,player-2
470,6,17,0.06983405910432339,player-1,22,30,8,21,player-1,player-1
470,7,19,0.07295794785022736,player-4,30,33,9,35,player-2,player-4
470,8,19,0.08725002408027649,player-1,38,34,15,38,player-3,player-1
470,9,17,0.06416579708456993,player-4,44,35,18,42,player-4,player-4
470,10,17,0.06616604514420033,player-1,50,37,21,43,player-1,player-1
470,11,17,0.06170803681015968,player-2,52,45,21,44,player-2,player-2
470,12,20,0.06729201413691044,player-2,53,49,23,44,player-3,player-2
470,13,20,0.07570884190499783,player-3,56,60,36,48,player-4,player-3
471,1,18,0.0664170365780592,player-1,3,0,0,6,player-4,player-1
471,2,17,0.059959013015031815,player-1,6,3,1,10,player-1,player-1
471,3,17,0.05124998278915882,player-2,10,11,4,10,player-2,player-2
471,4,21,0.07291720248758793,player-3,11,21,8,13,player-3,player-3
471,5,19,0.07491698488593102,player-2,15,24,18,20,player-4,player-2
471,6,18,0.051667215302586555,player-2,18,33,21,20,player-1,player-2
471,7,20,0.0814169179648161,player-1,24,37,24,26,player-2,player-1
471,8,17,0.06208312697708607,player-3,29,38,29,29,player-3,player-3
471,9,21,0.0844169408082962,player-4,30,39,29,37,player-4,player-4
471,10,17,0.06029196083545685,player-1,44,42,30,37,player-1,player-1
471,11,18,0.07391697727143764,player-3,47,49,31,40,player-2,player-3
471,12,17,0.05775014869868755,player-3,50,50,36,43,player-3,player-3
471,13,18,0.06795814260840416,player-1,52,54,43,46,player-4,player-1
472,1,19,0.06987503729760647,player-3,2,1,6,3,player-1,player-3
472,2,17,0.06095808930695057,player-2,5,3,6,6,player-2,player-2
472,3,19,0.06816699169576168,player-1,10,7,13,8,player-3,player-1
472,4,17,0.058999983593821526,player-4,11,7,14,15,player-4,player-4
472,5,18,0.06116693839430809,player-2,17,12,14,16,player-1,player-2
472,6,17,0.060416990891098976,player-2,20,15,14,19,player-2,player-2
472,7,18,0.05587493069469929,player-4,20,16,17,23,player-3,player-4
472,8,17,0.06829085759818554,player-4,22,20,18,24,player-4,player-4
472,9,18,0.06137508898973465,player-2,25,20,22,24,player-1,player-2
472,10,21,0.07858313620090485,player-2,30,26,27,30,player-2,player-2
472,11,17,0.06954092532396317,player-3,41,28,39,34,player-3,player-3
472,12,19,0.06033317185938358,player-2,42,34,42,40,player-4,player-2
472,13,17,0.07429206743836403,player-1,48,40,54,42,player-1,player-1
473,1,17,0.06716698408126831,player-3,0,4,5,5,player-3,player-3
473,2,18,0.0716671347618103,player-1,5,4,7,6,player-4,player-1
473,3,19,0.08341693319380283,player-3,10,16,12,11,player-1,player-3
473,4,17,0.058125006034970284,player-2,15,20,13,13,player-2,player-2
473,5,19,0.0613329466432333,player-1,15,23,16,15,player-3,player-1
473,6,17,0.05404115654528141,player-4,17,23,18,20,player-4,player-4
473,7,17,0.07645809091627598,player-1,22,29,23,28,player-1,player-1
473,8,18,0.07049995474517345,player-3,29,35,34,30,player-2,player-3
473,9,20,0.07641687989234924,player-2,35,41,36,40,player-3,player-2
473,10,18,0.06687501445412636,player-1,40,46,43,44,player-4,player-1
473,11,24,0.07816613651812077,player-4,46,51,51,49,player-1,player-4
474,1,18,0.06612483412027359,player-1,3,0,0,10,player-4,player-1
474,2,18,0.06079091690480709,player-2,6,2,0,18,player-1,player-2
474,3,21,0.06516696885228157,player-2,9,5,3,19,player-2,player-2
474,4,22,0.07141707465052605,player-4,12,8,7,23,player-3,player-4
474,5,25,0.07270812056958675,none,14,10,14,23,player-4,none
474,6,19,0.06874999962747097,player-3,20,15,16,23,player-1,player-3
474,7,17,0.05725002847611904,player-2,22,20,20,27,player-2,player-2
474,8,18,0.06408290937542915,player-4,22,20,22,29,player-3,player-4
474,9,19,0.06616604514420033,player-2,24,23,34,30,player-4,player-2
474,10,29,0.08449982851743698,player-1,32,23,37,30,player-1,player-1
474,11,17,0.0694170594215393,player-2,35,31,37,30,player-2,player-2
474,12,17,0.05691708065569401,player-3,35,32,43,34,player-3,player-3
474,13,19,0.07483316585421562,player-2,38,35,48,36,player-4,player-2
474,14,24,0.08574989624321461,player-4,40,37,51,40,player-1,player-4
474,15,18,0.056416960433125496,player-3,45,42,54,44,player-2,player-3
474,16,19,0.07174978964030743,player-1,55,43,57,44,player-3,player-1
475,1,27,0.09466707706451416,player-4,3,3,12,3,player-2,player-4
475,2,24,0.06654090248048306,player-2,5,9,12,4,player-3,player-2
475,3,18,0.05866703577339649,player-1,11,16,12,9,player-4,player-1
475,4,22,0.0868749339133501,player-2,15,24,14,10,player-1,player-2
475,5,20,0.07454212754964828,player-1,17,27,24,16,player-2,player-1
475,6,18,0.07754191756248474,player-4,24,28,30,22,player-3,player-4
475,7,19,0.07462501525878906,player-2,27,39,37,24,player-4,player-2
475,8,17,0.07858313620090485,player-1,29,40,41,28,player-1,player-1
475,9,18,0.056416960433125496,player-3,36,41,45,32,player-2,player-3
475,10,18,0.059125013649463654,player-4,37,46,47,36,player-3,player-4
475,11,18,0.05845795385539532,player-1,42,49,49,38,player-4,player-1
475,12,17,0.04595913924276829,player-1,50,51,53,41,player-1,player-1
476,1,19,0.05562487058341503,player-2,3,2,0,2,player-4,player-2
476,2,22,0.06025005131959915,none,5,3,1,2,player-1,none
476,3,17,0.0566248781979084,player-2,9,9,3,2,player-2,player-2
476,4,17,0.07112487219274044,player-3,16,11,6,4,player-3,player-3
476,5,18,0.07079215720295906,player-1,20,17,7,8,player-4,player-1
476,6,17,0.05462486296892166,player-1,36,17,8,9,player-1,player-1
476,7,17,0.060791848227381706,player-2,41,21,13,9,player-2,player-2
476,8,19,0.06466684862971306,player-1,46,23,18,9,player-3,player-1
476,9,17,0.056499848142266273,player-4,51,23,26,17,player-4,player-4
476,10,17,0.06379210390150547,player-1,55,28,29,20,player-1,player-1
476,11,20,0.06429199129343033,player-1,61,30,35,20,player-2,player-1
476,12,20,0.06320793181657791,player-2,65,30,36,21,player-3,player-2
477,1,27,0.07508392445743084,none,3,4,2,4,player-3,none
477,2,18,0.06091711111366749,player-1,6,6,3,5,player-4,player-1
477,3,17,0.05495804361999035,player-1,7,6,6,5,player-1,player-1
477,4,19,0.06537488661706448,player-4,7,8,9,11,player-2,player-4
477,5,21,0.07049995474517345,player-3,17,11,17,13,player-3,player-3
477,6,18,0.06462493911385536,player-1,22,17,24,18,player-4,player-1
477,7,17,0.05783303640782833,player-1,28,17,29,22,player-1,player-1
477,8,25,0.05791708827018738,none,33,21,29,22,player-2,none
477,9,17,0.06033293902873993,player-3,41,27,35,24,player-3,player-3
477,10,19,0.06720796227455139,player-2,43,32,39,24,player-4,player-2
477,11,22,0.06591691635549068,player-2,44,35,44,29,player-1,player-2
477,12,18,0.07512513548135757,player-3,54,38,46,31,player-2,player-3
478,1,18,0.06749993190169334,player-3,2,4,6,6,player-2,player-3
478,2,17,0.05270796827971935,player-3,4,5,13,7,player-3,player-3
478,3,17,0.04924996756017208,player-4,6,7,13,9,player-4,player-4
478,4,17,0.06400002166628838,player-1,14,9,21,11,player-1,player-1
478,5,17,0.05491613410413265,player-2,14,16,23,15,player-2,player-2
478,6,21,0.0874160323292017,player-3,14,18,31,19,player-3,player-3
478,7,21,0.06258278153836727,player-4,14,18,33,24,player-4,player-4
478,8,18,0.07241708226501942,player-2,20,25,36,27,player-1,player-2
478,9,18,0.06558303721249104,player-3,23,27,37,28,player-2,player-3
478,10,20,0.07704203017055988,player-2,27,35,39,35,player-3,player-2
478,11,17,0.07616588845849037,player-4,34,38,50,40,player-4,player-4
478,12,19,0.07837498560547829,player-3,36,42,55,42,player-1,player-3
478,13,17,0.0627501867711544,player-2,44,54,58,43,player-2,player-2
479,1,20,0.06537511944770813,player-3,0,3,6,2,player-4,player-3
479,2,18,0.0730839092284441,player-2,7,4,6,7,player-1,player-2
479,3,18,0.06466708146035671,player-3,7,10,7,10,player-2,player-3
479,4,17,0.06524985656142235,player-3,13,13,20,10,player-3,player-3
479,5,19,0.06333296187222004,player-2,16,13,20,10,player-4,player-2
479,6,18,0.06387499161064625,player-2,21,13,21,12,player-1,player-2
479,7,17,0.06845919415354729,player-2,28,14,24,13,player-2,player-2
479,8,21,0.07245899178087711,player-3,33,24,26,19,player-3,player-3
479,9,18,0.06462493911385536,player-1,39,24,31,23,player-4,player-1
479,10,18,0.05095801316201687,player-2,40,29,35,24,player-1,player-2
479,11,17,0.07054186426103115,player-2,45,38,36,31,player-2,player-2
479,12,18,0.0694170594215393,player-4,50,41,39,34,player-3,player-4
479,13,19,0.07504201494157314,player-2,57,44,47,38,player-4,player-2
480,1,21,0.06274995394051075,player-2,2,4,2,1,player-2,player-2
480,2,21,0.0716671347618103,none,5,9,7,1,player-3,none
480,3,17,0.06274995394051075,player-4,10,11,11,8,player-4,player-4
480,4,17,0.05591614171862602,player-1,13,15,14,8,player-1,player-1
480,5,17,0.07387506775557995,player-2,26,25,20,8,player-2,player-2
480,6,18,0.07733306847512722,player-4,30,28,24,9,player-3,player-4
480,7,27,0.08070794865489006,player-2,39,32,28,13,player-4,player-2
480,8,17,0.07770792581140995,player-1,46,33,32,15,player-1,player-1
480,9,17,0.057499855756759644,player-2,52,33,34,15,player-2,player-2
480,10,19,0.08275010623037815,player-1,58,33,47,16,player-3,player-1
481,1,18,0.07258285768330097,player-4,0,1,1,5,player-3,player-4
481,2,17,0.06883288733661175,player-4,1,1,3,11,player-4,player-4
481,3,19,0.07041613571345806,player-3,6,6,7,16,player-1,player-3
481,4,20,0.0707919243723154,player-1,14,9,7,16,player-2,player-1
481,5,18,0.06945780478417873,player-4,17,15,12,20,player-3,player-4
481,6,17,0.055582961067557335,player-4,17,20,13,25,player-4,player-4
481,7,17,0.06500002928078175,player-1,23,20,16,27,player-1,player-1
481,8,17,0.08641695603728294,player-2,28,23,21,27,player-2,player-2
481,9,20,0.06374996155500412,player-2,34,26,25,27,player-3,player-2
481,10,17,0.05583302117884159,player-4,35,29,27,36,player-4,player-4
481,11,18,0.06129196844995022,player-2,40,37,29,38,player-1,player-2
481,12,18,0.05687493830919266,player-3,41,40,31,39,player-2,player-3
481,13,20,0.06970809772610664,player-2,41,43,38,41,player-3,player-2
481,14,24,0.07224990986287594,none,41,48,40,46,player-4,none
481,15,18,0.07516704499721527,player-2,46,59,41,46,player-1,player-2
482,1,18,0.06904103793203831,player-3,5,4,6,2,player-2,player-3
482,2,18,0.06120791658759117,player-4,9,5,8,7,player-3,player-4
482,3,17,0.07216702215373516,player-4,10,12,10,12,player-4,player-4
482,4,17,0.06958399899303913,player-1,15,14,13,18,player-1,player-1
482,5,17,0.06216694600880146,player-2,22,16,13,20,player-2,player-2
482,6,18,0.0827079638838768,player-4,22,19,13,21,player-3,player-4
482,7,17,0.06737490184605122,player-4,23,20,15,22,player-4,player-4
482,8,17,0.10349997319281101,player-1,40,24,27,22,player-1,player-1
482,9,19,0.07170811295509338,player-4,40,28,30,29,player-2,player-4
482,10,18,0.0710831955075264,player-4,42,31,35,36,player-3,player-4
482,11,20,0.0738329254090786,player-3,45,31,38,37,player-4,player-3
482,12,20,0.07924996316432953,player-4,49,35,43,45,player-1,player-4
482,13,18,0.07570907473564148,player-3,57,37,49,48,player-2,player-3
483,1,17,0.07566693238914013,player-4,4,3,3,7,player-4,player-4
483,2,17,0.05962490104138851,player-1,13,7,7,10,player-1,player-1
483,3,17,0.056666089221835136,player-2,15,10,12,13,player-2,player-2
483,4,18,0.07329205982387066,player-4,17,12,14,13,player-3,player-4
483,5,17,0.09600003249943256,player-4,24,26,22,26,player-4,player-4
483,6,17,0.061791157349944115,player-1,32,31,28,30,player-1,player-1
483,7,17,0.07066689431667328,player-2,33,39,32,39,player-2,player-2
483,8,18,0.0741251278668642,player-4,42,42,34,39,player-3,player-4
483,9,18,0.05874992348253727,player-1,50,44,35,42,player-4,player-1
483,10,17,0.06983312778174877,player-1,55,48,35,44,player-1,player-1
483,11,17,0.11212495155632496,player-2,62,50,37,46,player-2,player-2
483,12,17,0.07779104635119438,player-3,68,55,40,50,player-3,player-3
484,1,27,0.08566700853407383,player-2,0,4,6,2,player-4,player-2
484,2,20,0.10545901022851467,player-4,0,6,8,11,player-1,player-4
484,3,17,0.06170780397951603,player-2,0,10,11,14,player-2,player-2
484,4,17,0.07758289575576782,player-3,4,15,18,16,player-3,player-3
484,5,18,0.06233295425772667,player-1,14,22,18,22,player-4,player-1
484,6,17,0.057999975979328156,player-1,22,25,24,23,player-1,player-1
484,7,19,0.05925004370510578,player-4,24,25,28,26,player-2,player-4
484,8,22,0.09370897896587849,player-4,24,30,33,30,player-3,player-4
484,9,18,0.08358387276530266,player-1,30,39,41,40,player-4,player-1
484,10,17,0.054915901273489,player-1,32,39,43,44,player-1,player-1
484,11,17,0.057040946558117867,player-2,37,45,49,47,player-2,player-2
484,12,17,0.0664170365780592,player-3,37,45,56,49,player-3,player-3
484,13,19,0.07233303040266037,player-2,40,54,59,55,player-4,player-2
485,1,26,0.08812500163912773,player-2,10,9,4,0,player-1,player-2
485,2,17,0.08174986578524113,player-2,12,13,9,0,player-2,player-2
485,3,17,0.06683287210762501,player-3,15,15,17,3,player-3,player-3
485,4,17,0.08129212073981762,player-4,16,19,19,12,player-4,player-4
485,5,19,0.06083399057388306,player-3,20,20,24,12,player-1,player-3
485,6,17,0.06150011904537678,player-2,22,22,27,16,player-2,player-2
485,7,23,0.07912516593933105,player-1,25,29,33,27,player-3,player-1
485,8,17,0.06975000724196434,player-4,30,29,38,29,player-4,player-4
485,9,20,0.08070818148553371,player-4,31,29,44,35,player-1,player-4
485,10,22,0.100292032584548,player-3,37,30,49,35,player-2,player-3
485,11,18,0.05974993109703064,player-4,37,32,53,41,player-3,player-4
485,12,20,0.09979098103940487,player-3,50,38,58,43,player-4,player-3
486,1,25,0.08741719648241997,none,5,0,11,0,player-3,none
486,2,17,0.06725010462105274,player-4,6,7,13,2,player-4,player-4
486,3,17,0.05533290095627308,player-1,7,9,15,2,player-1,player-1
486,4,18,0.06670784205198288,player-3,14,10,24,2,player-2,player-3
486,5,21,0.07604178972542286,player-3,21,15,31,2,player-3,player-3
486,6,20,0.060791848227381706,player-3,22,19,40,4,player-4,player-3
486,7,19,0.05187490023672581,player-3,23,21,47,8,player-1,player-3
486,8,19,0.06500002928078175,player-4,28,23,52,11,player-2,player-4
486,9,21,0.07041706703603268,player-3,30,25,56,13,player-3,player-3
486,10,19,0.061583006754517555,player-2,36,26,58,16,player-4,player-2
486,11,19,0.07962505333125591,player-3,37,30,61,28,player-1,player-3
486,12,17,0.08429214358329773,player-2,43,32,66,33,player-2,player-2
487,1,18,0.07529091089963913,player-1,4,5,5,1,player-4,player-1
487,2,17,0.08762488141655922,player-1,8,6,7,7,player-1,player-1
487,3,18,0.05708308890461922,player-3,11,9,11,9,player-2,player-3
487,4,17,0.08012494072318077,player-3,11,12,19,11,player-3,player-3
487,5,19,0.07299985736608505,player-2,13,20,21,14,player-4,player-2
487,6,24,0.10875007137656212,player-4,18,27,25,21,player-1,player-4
487,7,17,0.05645817145705223,player-2,18,30,30,30,player-2,player-2
487,8,20,0.07708300836384296,player-2,24,34,33,32,player-3,player-2
487,9,24,0.05787494592368603,none,24,39,34,34,player-4,none
487,10,19,0.06670807488262653,player-3,28,46,38,40,player-1,player-3
487,11,18,0.0624579843133688,player-3,32,47,41,42,player-2,player-3
487,12,23,0.06891600787639618,none,35,47,46,47,player-3,none
487,13,17,0.06804196164011955,player-4,39,51,49,47,player-4,player-4
487,14,17,0.05237502045929432,player-1,41,53,49,48,player-1,player-1
488,1,17,0.07629208266735077,player-1,10,0,6,4,player-1,player-1
488,2,17,0.06204191595315933,player-2,12,10,6,4,player-2,player-2
488,3,17,0.04833401180803776,player-3,12,12,7,6,player-3,player-3
488,4,17,0.05133310332894325,player-4,12,16,11,12,player-4,player-4
488,5,20,0.06324984133243561,player-4,17,17,16,15,player-1,player-4
488,6,17,0.05604187026619911,player-2,22,22,17,21,player-2,player-2
488,7,17,0.061625149101018906,player-3,24,24,24,24,player-3,player-3
488,8,19,0.06724987179040909,player-2,25,31,26,25,player-4,player-2
488,9,18,0.06474996916949749,player-2,28,38,36,27,player-1,player-2
488,10,17,0.07933308370411396,player-2,33,43,41,29,player-2,player-2
488,11,17,0.05337502807378769,player-3,33,47,48,32,player-3,player-3
488,12,17,0.07124990224838257,player-4,35,49,52,39,player-4,player-4
488,13,17,0.07658405229449272,player-1,45,56,65,43,player-1,player-1
489,1,17,0.0762909185141325,player-3,3,1,4,3,player-3,player-3
489,2,17,0.07650000043213367,player-4,5,4,12,4,player-4,player-4
489,3,17,0.06733415648341179,player-1,11,6,15,6,player-1,player-1
489,4,17,0.058833975344896317,player-2,14,15,21,14,player-2,player-2
489,5,17,0.05420786328613758,player-3,15,16,27,16,player-3,player-3
489,6,17,0.061167171224951744,player-4,15,18,30,21,player-4,player-4
489,7,17,0.06074993871152401,player-1,21,19,30,22,player-1,player-1
489,8,19,0.07837498560547829,player-4,21,23,34,25,player-2,player-4
489,9,17,0.05391589365899563,player-3,30,25,38,26,player-3,player-3
489,10,17,0.06074993871152401,player-4,34,30,42,28,player-4,player-4
489,11,18,0.07670791819691658,player-2,40,37,46,31,player-1,player-2
489,12,17,0.07308297790586948,player-2,42,46,48,33,player-2,player-2
489,13,17,0.06208312697708607,player-3,45,48,58,39,player-3,player-3
490,1,21,0.07870793342590332,player-3,8,2,16,5,player-3,player-3
490,2,18,0.0577499158680439,player-1,9,4,18,5,player-4,player-1
490,3,17,0.06958306767046452,player-1,12,6,20,5,player-1,player-1
490,4,18,0.06995792500674725,player-3,13,10,25,10,player-2,player-3
490,5,17,0.06866594776511192,player-3,19,12,31,11,player-3,player-3
490,6,18,0.07804087363183498,player-1,26,18,33,15,player-4,player-1
490,7,17,0.09870808571577072,player-1,31,19,36,19,player-1,player-1
490,8,23,0.06687501445412636,none,31,27,40,24,player-2,none
490,9,17,0.07891585119068623,player-3,39,32,44,28,player-3,player-3
490,10,19,0.07583294063806534,player-2,43,36,44,32,player-4,player-2
490,11,17,0.057957833632826805,player-1,51,39,45,33,player-1,player-1
490,12,17,0.04779198206961155,none,51,40,47,36,player-2,none
490,13,17,0.06733392365276814,player-3,55,44,51,36,player-3,player-3
491,1,17,0.06737513467669487,player-1,9,3,0,2,player-1,player-1
491,2,17,0.06641610525548458,player-2,10,7,0,9,player-2,player-2
491,3,18,0.08120783604681492,player-4,12,11,2,10,player-3,player-4
491,4,17,0.056958990171551704,player-4,13,12,3,20,player-4,player-4
491,5,17,0.06254180334508419,player-1,16,14,3,24,player-1,player-1
491,6,17,0.06287498399615288,player-2,17,22,4,24,player-2,player-2
491,7,19,0.04624994471669197,none,18,25,5,24,player-3,none
491,8,21,0.08487515151500702,player-4,27,32,11,27,player-4,player-4
491,9,23,0.0791668426245451,player-3,28,37,16,29,player-1,player-3
491,10,18,0.07337494753301144,player-3,32,46,20,33,player-2,player-3
491,11,17,0.07158308289945126,player-3,32,49,29,36,player-3,player-3
491,12,18,0.06870809011161327,player-1,39,52,32,40,player-4,player-1
491,13,18,0.058833975344896317,player-2,39,61,32,42,player-1,player-2
492,1,17,0.08654105477035046,player-1,1,3,2,3,player-1,player-1
492,2,20,0.0577499158680439,player-1,7,9,6,3,player-2,player-1
492,3,19,0.06579095497727394,player-1,13,9,11,5,player-3,player-1
492,4,17,0.07125013507902622,player-4,16,9,13,9,player-4,player-4
492,5,17,0.06724987179040909,player-1,26,11,13,12,player-1,player-1
492,6,19,0.06312504410743713,player-4,28,13,15,20,player-2,player-4
492,7,18,0.09320909157395363,player-4,33,17,18,29,player-3,player-4
492,8,19,0.09037507697939873,player-2,45,24,24,32,player-4,player-2
492,9,17,0.05254102870821953,player-1,46,27,27,35,player-1,player-1
492,10,18,0.06491690874099731,player-3,49,32,34,37,player-2,player-3
492,11,18,0.06624986417591572,player-4,57,37,36,39,player-3,player-4
492,12,19,0.07195910438895226,player-2,58,42,43,40,player-4,player-2
493,1,18,0.09991717524826527,player-4,2,7,6,7,player-3,player-4
493,2,21,0.06891600787639618,player-4,4,9,8,11,player-4,player-4
493,3,23,0.06812508217990398,player-3,7,10,17,11,player-1,player-3
493,4,17,0.05574990063905716,player-2,7,13,21,13,player-2,player-2
493,5,17,0.0624579843133688,player-3,10,16,26,17,player-3,player-3
493,6,19,0.07987511344254017,player-2,11,19,33,18,player-4,player-2
493,7,20,0.07091695442795753,player-4,16,22,37,21,player-1,player-4
493,8,19,0.07291696965694427,player-4,16,22,41,24,player-2,player-4
493,9,18,0.07379194721579552,player-4,22,26,45,26,player-3,player-4
493,10,18,0.0612910371273756,player-1,26,27,47,28,player-4,player-1
493,11,17,0.06012478843331337,player-1,32,29,49,30,player-1,player-1
493,12,20,0.08508306927978992,player-1,58,32,49,30,player-2,player-1
494,1,17,0.08287513628602028,player-1,9,2,4,2,player-1,player-1
494,2,18,0.07087504491209984,player-3,12,6,9,2,player-2,player-3
494,3,17,0.058999983593821526,player-3,15,12,11,2,player-3,player-3
494,4,18,0.05929195322096348,player-1,23,16,11,3,player-4,player-1
494,5,19,0.10370789095759392,player-3,25,17,16,4,player-1,player-3
494,6,20,0.20408397540450096,player-1,32,23,18,11,player-2,player-1
494,7,18,0.06866711191833019,player-4,33,25,20,18,player-3,player-4
494,8,18,0.05908310413360596,player-1,44,26,24,20,player-4,player-1
494,9,20,0.08079200051724911,player-4,46,26,26,26,player-1,player-4
494,10,18,0.05512498319149017,player-3,49,29,33,28,player-2,player-3
494,11,19,0.07399986498057842,player-1,55,31,40,34,player-3,player-1
494,12,18,0.055625103414058685,player-1,61,34,42,41,player-4,player-1
495,1,17,0.06616697646677494,player-2,0,4,1,3,player-2,player-2
495,2,17,0.06329198367893696,player-3,4,6,8,5,player-3,player-3
495,3,20,0.07145805284380913,player-3,7,9,13,10,player-4,player-3
495,4,17,0.06787502206861973,player-1,12,16,14,12,player-1,player-1
495,5,17,0.06424984894692898,player-2,13,23,24,17,player-2,player-2
495,6,20,0.10120891965925694,player-2,13,35,32,25,player-3,player-2
495,7,22,0.09358394891023636,player-1,22,41,39,29,player-4,player-1
495,8,18,0.06116693839430809,player-2,23,44,43,29,player-1,player-2
495,9,21,0.06608315743505955,player-2,26,47,47,31,player-2,player-2
495,10,18,0.056999968364834785,player-4,33,47,52,40,player-3,player-4
495,11,17,0.06008404307067394,player-4,37,54,57,46,player-4,player-4
496,1,18,0.06987503729760647,player-3,3,2,9,0,player-2,player-3
496,2,18,0.07220800034701824,player-4,6,9,13,3,player-3,player-4
496,3,17,0.06483285687863827,player-4,13,18,13,6,player-4,player-4
496,4,20,0.06179092451930046,player-4,19,18,15,17,player-1,player-4
496,5,18,0.06558303721249104,player-3,21,21,21,21,player-2,player-3
496,6,19,0.07675006054341793,player-1,29,24,24,27,player-3,player-1
496,7,17,0.04820781759917736,player-4,39,24,31,33,player-4,player-4
496,8,19,0.06679212674498558,player-3,44,27,35,36,player-1,player-3
496,9,20,0.07845787331461906,player-1,53,31,35,39,player-2,player-1
496,10,17,0.06270804442465305,player-3,61,31,42,41,player-3,player-3
497,1,18,0.052833929657936096,player-4,0,3,1,3,player-3,player-4
497,2,19,0.05762488581240177,player-2,4,10,5,11,player-4,player-2
497,3,18,0.0679998192936182,player-2,8,12,8,11,player-1,player-2
497,4,18,0.05241716280579567,player-3,10,14,13,15,player-2,player-3
497,5,17,0.05037500523030758,player-3,10,14,18,15,player-3,player-3
497,6,18,0.058374833315610886,player-1,14,18,19,20,player-4,player-1
497,7,19,0.07220916450023651,player-3,16,19,26,25,player-1,player-3
497,8,17,0.06608315743505955,player-2,16,26,26,27,player-2,player-2
497,9,17,0.07208297029137611,player-3,17,30,31,29,player-3,player-3
497,10,21,0.07008295506238937,player-4,23,32,37,32,player-4,player-4
497,11,18,0.06433296948671341,player-2,27,34,38,33,player-1,player-2
497,12,17,0.07841596379876137,player-2,29,36,46,38,player-2,player-2
497,13,16,0.0463749747723341,none,33,39,47,39,player-3,none
497,14,20,0.0775421503931284,player-3,41,42,58,45,player-4,player-3
497,15,20,0.06412481889128685,player-4,46,44,62,53,player-1,player-4
498,1,19,0.07729185745120049,player-2,5,3,7,2,player-4,player-2
498,2,17,0.06433390080928802,player-1,8,7,8,5,player-1,player-1
498,3,18,0.08845794945955276,player-3,11,10,13,11,player-2,player-3
498,4,17,0.06979191675782204,player-3,15,15,19,13,player-3,player-3
498,5,18,0.06208289414644241,player-1,19,19,20,14,player-4,player-1
498,6,19,0.06933300755918026,player-3,23,25,33,20,player-1,player-3
498,7,19,0.06783311255276203,player-4,25,27,34,25,player-2,player-4
498,8,17,0.05675014108419418,player-3,37,27,40,29,player-3,player-3
498,9,17,0.06587500683963299,player-4,39,30,44,32,player-4,player-4
498,10,18,0.07070810534060001,player-2,43,33,45,37,player-1,player-2
498,11,17,0.059416983276605606,player-2,49,40,45,46,player-2,player-2
498,12,30,0.07716589607298374,none,52,40,47,50,player-3,none
498,13,17,0.06695790216326714,player-4,54,42,51,57,player-4,player-4
499,1,18,0.060999998822808266,player-2,0,12,6,2,player-1,player-2
499,2,18,0.07195794023573399,player-3,4,20,11,6,player-2,player-3
499,3,19,0.056416960433125496,player-1,15,27,14,6,player-3,player-1
499,4,17,0.07208390161395073,player-4,21,33,20,11,player-4,player-4
499,5,17,0.054999953135848045,player-1,24,34,22,11,player-1,player-1
499,6,18,0.059582991525530815,player-3,26,36,25,15,player-2,player-3
499,7,19,0.09224982932209969,player-1,30,40,29,18,player-3,player-1
499,8,17,0.07333396933972836,player-4,32,50,44,22,player-4,player-4
499,9,19,0.07583317346870899,player-3,34,53,46,22,player-1,player-3
499,10,18,0.056416960433125496,player-3,37,55,53,23,player-2,player-3
499,11,17,0.08008396252989769,player-3,37,67,59,28,player-3,player-3
499,12,18,0.06183423101902008,player-1,43,71,61,35,player-4,player-1
500,1,17,0.06700004450976849,player-4,5,2,3,7,player-4,player-4
500,2,22,0.07424992509186268,player-2,11,9,4,9,player-1,player-2
500,3,21,0.07287506014108658,player-2,14,15,6,9,player-2,player-2
500,4,17,0.06620795466005802,player-3,20,18,9,11,player-3,player-3
500,5,18,0.06958283483982086,player-1,20,23,9,17,player-4,player-1
500,6,19,0.07066712714731693,player-3,30,24,19,23,player-1,player-3
500,7,19,0.11470797471702099,player-4,33,26,25,28,player-2,player-4
500,8,19,0.06254087202250957,player-1,37,28,27,29,player-3,player-1
500,9,18,0.06170803681015968,player-1,38,29,32,35,player-4,player-1
500,10,18,0.06445893086493015,player-2,42,31,32,38,player-1,player-2
500,11,18,0.06087496876716614,player-3,49,37,37,39,player-2,player-3
500,12,18,0.07204199209809303,player-4,52,40,37,42,player-3,player-4
500,13,17,0.05429214797914028,player-4,54,44,41,44,player-4,player-4
500,14,18,0.06716698408126831,player-2,57,49,43,44,player-1,player-2
