game num,round num,num_turns,duration (ms),winner,player1 pts,player2 pts,player3 pts,player4 pts,started on set,went out first
1,1,17,0.1022089272737503,player-3,1,3,2,3,player-3,player-3
1,2,20,0.07195910438895226,player-3,1,10,6,4,player-4,player-3
1,3,17,0.06858399137854576,player-1,5,13,7,7,player-1,player-1
1,4,20,0.06545800715684891,player-1,9,14,7,14,player-2,player-1
1,5,17,0.06912508979439735,player-3,10,17,11,17,player-3,player-3
1,6,20,0.06379210390150547,player-3,10,24,15,18,player-4,player-3
1,7,17,0.06616604514420033,player-1,14,27,16,21,player-1,player-1
1,8,20,0.06283307448029518,player-1,18,28,16,28,player-2,player-1
1,9,17,0.06449990905821323,player-3,19,31,20,31,player-3,player-3
1,10,20,0.05779205821454525,player-3,19,38,24,32,player-4,player-3
1,11,17,0.06074993871152401,player-1,23,41,25,35,player-1,player-1
1,12,20,0.0575000885874033,player-1,27,42,25,42,player-2,player-1
1,13,17,0.059999991208314896,player-3,28,45,29,45,player-3,player-3
1,14,20,0.06858306005597115,player-3,28,52,33,46,player-4,player-3
1,15,17,0.06424984894692898,player-1,32,55,34,49,player-1,player-1
2,1,17,0.09312503971159458,player-1,6,3,5,1,player-1,player-1
2,2,18,0.09650015272200108,player-3,6,5,12,2,player-2,player-3
2,3,18,0.06541702896356583,player-4,9,10,13,2,player-3,player-4
2,4,17,0.06562494672834873,player-4,11,10,13,6,player-4,player-4
2,5,18,0.06187497638165951,player-2,13,14,16,6,player-1,player-2
2,6,18,0.052042072638869286,player-3,14,18,19,6,player-2,player-3
2,7,23,0.0724999699741602,none,18,18,26,13,player-3,none
2,8,17,0.05691614933311939,player-4,19,19,32,15,player-4,player-4
2,9,17,0.049416907131671906,player-1,25,22,32,16,player-1,player-1
2,10,17,0.04791608080267906,player-2,25,27,34,18,player-2,player-2
2,11,19,0.06462493911385536,player-1,34,32,42,21,player-3,player-1
2,12,17,0.07641594856977463,player-4,35,35,45,28,player-4,player-4
2,13,27,0.06395811215043068,none,37,39,46,32,player-1,none
2,14,19,0.07204222492873669,player-4,39,54,51,43,player-2,player-4
2,15,25,0.06820796988904476,player-3,41,54,58,44,player-3,player-3
2,16,19,0.06025005131959915,player-2,41,56,67,48,player-4,player-2
3,1,22,0.060625141486525536,player-4,3,2,6,3,player-3,player-4
3,2,17,0.05966704338788986,player-4,3,7,9,9,player-4,player-4
3,3,20,0.06341608241200447,player-4,3,8,16,17,player-1,player-4
3,4,17,0.06824987940490246,player-2,3,18,17,21,player-2,player-2
3,5,21,0.052167102694511414,player-3,4,20,19,23,player-3,player-3
3,6,19,0.0675420742481947,player-2,4,23,28,29,player-4,player-2
3,7,19,0.06783404387533665,player-3,5,30,30,34,player-1,player-3
3,8,17,0.0679579097777605,player-2,15,32,33,34,player-2,player-2
3,9,17,0.04545808769762516,player-3,18,34,37,37,player-3,player-3
3,10,17,0.06537488661706448,player-4,19,36,38,42,player-4,player-4
3,11,18,0.04324992187321186,player-2,21,46,38,46,player-1,player-2
3,12,18,0.05474989302456379,player-3,26,51,41,50,player-2,player-3
4,1,17,0.05316687747836113,player-3,2,3,7,3,player-3,player-3
4,2,29,0.07700012065470219,player-4,3,4,12,9,player-4,player-4
4,3,21,0.06512505933642387,player-1,16,8,12,19,player-1,player-1
4,4,19,0.04620780237019062,player-4,18,9,15,21,player-2,player-4
4,5,17,0.048582907766103745,player-3,22,16,19,21,player-3,player-3
4,6,17,0.04487484693527222,player-4,25,17,21,22,player-4,player-4
4,7,18,0.06145797669887543,player-2,28,24,21,26,player-1,player-2
4,8,17,0.05475012585520744,player-2,31,30,22,28,player-2,player-2
4,9,18,0.0675420742481947,player-4,33,35,31,29,player-3,player-4
4,10,17,0.06274995394051075,player-4,33,38,38,40,player-4,player-4
4,11,20,0.04329206421971321,none,35,41,40,44,player-1,none
4,12,17,0.05566701292991638,player-2,37,46,40,47,player-2,player-2
4,13,18,0.06508408114314079,player-4,43,46,43,54,player-3,player-4
5,1,17,0.05545816384255886,player-3,8,4,4,0,player-3,player-3
5,2,17,0.061540864408016205,player-4,11,9,10,8,player-4,player-4
5,3,17,0.04712492227554321,player-1,12,12,10,11,player-1,player-1
5,4,21,0.06512505933642387,player-2,16,16,18,18,player-2,player-2
5,5,28,0.05712499842047691,none,16,23,23,20,player-3,none
5,6,18,0.055541982874274254,player-1,20,24,26,24,player-4,player-1
5,7,20,0.07941690273582935,player-4,25,32,37,43,player-1,player-4
5,8,17,0.07062498480081558,player-2,28,43,38,45,player-2,player-2
5,9,18,0.05283299833536148,player-4,31,45,41,51,player-3,player-4
5,10,17,0.06483308970928192,player-4,32,48,43,63,player-4,player-4
6,1,18,0.08729216642677784,player-4,3,8,4,6,player-3,player-4
6,2,18,0.0641250517219305,player-1,7,10,8,10,player-4,player-1
6,3,17,0.06616604514420033,player-1,11,10,9,17,player-1,player-1
6,4,17,0.060416990891098976,player-2,11,20,9,20,player-2,player-2
6,5,17,0.05012517794966698,player-3,19,26,16,22,player-3,player-3
6,6,21,0.05904119461774826,player-4,22,26,17,25,player-4,player-4
6,7,17,0.05425000563263893,player-1,27,26,20,27,player-1,player-1
6,8,17,0.061499886214733124,player-2,29,30,26,31,player-2,player-2
6,9,19,0.06054108962416649,player-1,35,30,29,32,player-3,player-1
6,10,20,0.06312504410743713,player-3,38,34,36,34,player-4,player-3
6,11,18,0.062125036492943764,player-2,39,43,36,39,player-1,player-2
6,12,17,0.05570799112319946,player-2,43,46,38,39,player-2,player-2
6,13,18,0.06258301436901093,player-4,43,48,40,47,player-3,player-4
6,14,17,0.049582915380597115,player-4,43,48,43,55,player-4,player-4
7,1,17,0.0577080063521862,player-1,4,3,2,1,player-1,player-1
7,2,17,0.05708308890461922,player-2,8,9,5,1,player-2,player-2
7,3,17,0.04591606557369232,player-3,10,13,5,3,player-3,player-3
7,4,17,0.04800013266503811,player-4,14,16,8,8,player-4,player-4
7,5,17,0.04975008778274059,player-1,17,18,13,8,player-1,player-1
7,6,17,0.04695798270404339,player-2,19,20,16,8,player-2,player-2
7,7,17,0.06120791658759117,player-3,20,23,19,8,player-3,player-3
7,8,17,0.06174994632601738,player-4,20,30,19,14,player-4,player-4
7,9,17,0.07212487980723381,player-1,32,32,22,20,player-1,player-1
7,10,17,0.05245814099907875,player-2,37,33,23,22,player-2,player-2
7,11,19,0.07354188710451126,player-1,44,33,28,25,player-3,player-1
7,12,17,0.060125021263957024,player-4,52,43,30,29,player-4,player-4
7,13,17,0.0488748773932457,player-1,54,43,34,29,player-1,player-1
7,14,18,0.06174994632601738,player-3,57,45,38,29,player-2,player-3
7,15,18,0.057625118643045425,player-4,58,47,40,34,player-3,player-4
7,16,17,0.07762503810226917,player-4,58,52,42,38,player-4,player-4
8,1,18,0.050958944484591484,player-1,2,1,1,1,player-4,player-1
8,2,17,0.06587500683963299,player-1,7,8,6,7,player-1,player-1
8,3,17,0.057374825701117516,player-2,15,19,10,10,player-2,player-2
8,4,17,0.049666035920381546,player-3,17,21,15,14,player-3,player-3
8,5,17,0.052582938224077225,player-4,21,24,18,17,player-4,player-4
8,6,25,0.08062506094574928,player-1,27,31,22,18,player-1,player-1
8,7,18,0.058999983593821526,player-3,28,32,24,20,player-2,player-3
8,8,17,0.05645793862640858,player-3,30,32,33,27,player-3,player-3
8,9,17,0.057582976296544075,player-4,33,35,34,28,player-4,player-4
8,10,17,0.05950010381639004,player-1,33,41,34,37,player-1,player-1
8,11,17,0.07783295586705208,player-2,37,46,38,41,player-2,player-2
8,12,17,0.04987511783838272,player-3,37,46,42,45,player-3,player-3
8,13,18,0.055916840210556984,player-1,38,50,45,56,player-4,player-1
9,1,17,0.06600003689527512,player-3,1,1,4,4,player-3,player-3
9,2,17,0.053958967328071594,player-4,2,4,7,8,player-4,player-4
9,3,17,0.05350005812942982,player-1,6,13,7,11,player-1,player-1
9,4,19,0.06204098463058472,player-4,11,20,11,19,player-2,player-4
9,5,17,0.04650000482797623,player-3,15,21,20,21,player-3,player-3
9,6,17,0.06312504410743713,player-4,20,22,24,22,player-4,player-4
9,7,23,0.06487499922513962,player-3,28,27,32,23,player-1,player-3
9,8,19,0.048083020374178886,player-4,32,28,35,23,player-2,player-4
9,9,23,0.0849999487400055,player-1,41,28,43,26,player-3,player-1
9,10,17,0.04479195922613144,player-4,42,28,44,28,player-4,player-4
9,11,18,0.06079208105802536,player-2,44,37,46,28,player-1,player-2
9,12,18,0.07283315062522888,player-3,51,38,49,29,player-2,player-3
10,1,21,0.05612499080598354,player-3,2,2,2,0,player-3,player-3
10,2,17,0.06270897574722767,player-4,5,3,4,6,player-4,player-4
10,3,18,0.05112495273351669,player-2,12,4,6,8,player-1,player-2
10,4,20,0.06545800715684891,player-1,18,7,12,13,player-2,player-1
10,5,17,0.04333304241299629,player-3,18,9,23,13,player-3,player-3
10,6,17,0.05545793101191521,player-4,21,14,24,22,player-4,player-4
10,7,19,0.05491613410413265,player-3,25,16,32,22,player-1,player-3
10,8,19,0.056582968682050705,player-4,28,21,32,22,player-2,player-4
10,9,27,0.05187490023672581,none,34,21,33,22,player-3,none
10,10,17,0.042625004425644875,player-4,41,21,33,27,player-4,player-4
10,11,17,0.06708316504955292,player-1,49,26,42,30,player-1,player-1
10,12,19,0.0577080063521862,player-4,51,28,44,36,player-2,player-4
10,13,17,0.06554112769663334,player-3,53,33,51,38,player-3,player-3
11,1,17,0.06629177369177341,player-4,1,3,2,3,player-4,player-4
11,2,23,0.06495811976492405,player-3,5,3,6,4,player-1,player-3
11,3,17,0.05937507376074791,player-2,9,9,10,7,player-2,player-2
11,4,20,0.05450006574392319,player-2,17,13,13,12,player-3,player-2
11,5,20,0.06870785728096962,player-3,19,20,22,19,player-4,player-3
11,6,18,0.06204098463058472,player-2,22,20,24,21,player-1,player-2
11,7,21,0.06108405068516731,player-2,29,23,30,23,player-2,player-2
11,8,19,0.059542013332247734,player-1,33,25,33,26,player-3,player-1
11,9,17,0.05212496034801006,player-4,34,30,35,28,player-4,player-4
11,10,20,0.05312496796250343,player-4,40,31,36,32,player-1,player-4
11,11,17,0.05291611887514591,player-2,44,33,41,35,player-2,player-2
11,12,18,0.0524579081684351,player-4,44,33,42,36,player-3,player-4
11,13,19,0.0474581029266119,player-2,49,40,43,38,player-4,player-2
11,14,24,0.050582922995090485,none,51,40,49,38,player-1,none
12,1,17,0.06045890040695667,player-3,6,9,7,0,player-3,player-3
12,2,20,0.05170796066522598,player-3,13,17,13,4,player-4,player-3
12,3,19,0.07650000043213367,player-3,13,27,27,5,player-1,player-3
12,4,17,0.06558303721249104,player-2,17,31,34,5,player-2,player-2
12,5,18,0.045584049075841904,player-4,19,31,35,10,player-3,player-4
12,6,22,0.07329205982387066,player-1,24,34,42,13,player-4,player-1
12,7,17,0.05308282561600208,player-1,27,38,44,13,player-1,player-1
12,8,21,0.0925001222640276,player-2,31,43,46,16,player-2,player-2
12,9,17,0.06841588765382767,player-3,36,47,54,16,player-3,player-3
12,10,17,0.05675014108419418,player-4,39,53,57,22,player-4,player-4
12,11,17,0.05687517113983631,player-1,46,56,61,26,player-1,player-1
13,1,19,0.06800005212426186,player-3,5,8,9,6,player-1,player-3
13,2,17,0.04700012505054474,player-2,7,12,10,6,player-2,player-2
13,3,22,0.0663751270622015,player-4,9,16,12,9,player-3,player-4
13,4,18,0.06679212674498558,player-1,14,19,15,12,player-4,player-1
13,5,18,0.05762488581240177,player-2,19,25,17,12,player-1,player-2
13,6,17,0.06512505933642387,player-2,22,32,18,12,player-2,player-2
13,7,17,0.06879214197397232,player-3,28,36,25,14,player-3,player-3
13,8,20,0.07016700692474842,player-3,32,38,34,18,player-4,player-3
13,9,18,0.07333303801715374,player-2,36,48,36,21,player-1,player-2
13,10,18,0.0730839092284441,player-3,36,52,41,27,player-2,player-3
13,11,17,0.04691700451076031,player-3,36,53,52,29,player-3,player-3
13,12,20,0.05983305163681507,player-3,39,57,56,31,player-4,player-3
13,13,21,0.07241591811180115,player-1,44,58,57,36,player-1,player-1
14,1,20,0.06362493149936199,player-3,5,0,6,4,player-4,player-3
14,2,19,0.07033301517367363,player-3,5,2,11,12,player-1,player-3
14,3,19,0.05883281119167805,player-4,5,6,15,14,player-2,player-4
14,4,17,0.0588749535381794,player-3,10,16,16,15,player-3,player-3
14,5,18,0.05591707304120064,player-1,15,24,21,20,player-4,player-1
14,6,18,0.04650000482797623,player-2,17,32,21,22,player-1,player-2
14,7,26,0.052167102694511414,none,18,32,23,24,player-2,none
14,8,17,0.07883296348154545,player-3,21,36,24,28,player-3,player-3
14,9,19,0.08725002408027649,player-2,21,43,25,31,player-4,player-2
14,10,17,0.0710831955075264,player-1,24,46,28,44,player-1,player-1
14,11,18,0.08016591891646385,player-3,26,49,31,47,player-2,player-3
14,12,17,0.05554105155169964,player-3,33,49,34,47,player-3,player-3
14,13,18,0.05020899698138237,player-1,35,50,38,48,player-4,player-1
14,14,17,0.05875015631318092,player-1,37,55,39,51,player-1,player-1
15,1,17,0.05712499842047691,player-3,3,3,10,1,player-3,player-3
15,2,17,0.05491706542670727,player-4,3,8,12,4,player-4,player-4
15,3,17,0.06533414125442505,player-1,5,9,13,6,player-1,player-1
15,4,17,0.05866703577339649,player-2,7,15,15,11,player-2,player-2
15,5,18,0.05312520079314709,player-4,9,19,17,16,player-3,player-4
15,6,17,0.07637497037649155,player-4,10,23,17,20,player-4,player-4
15,7,18,0.058999983593821526,player-2,19,35,17,30,player-1,player-2
15,8,18,0.05641602911055088,player-3,19,37,22,30,player-2,player-3
15,9,19,0.052040908485651016,player-1,22,39,24,34,player-3,player-1
15,10,19,0.08329213596880436,player-2,25,51,26,41,player-4,player-2
15,11,17,0.05150004290044308,player-1,34,52,26,43,player-1,player-1
15,12,17,0.04949979484081268,player-2,37,57,26,45,player-2,player-2
16,1,17,0.06516696885228157,player-3,10,5,1,8,player-3,player-3
16,2,20,0.058582983911037445,player-3,12,5,6,12,player-4,player-3
16,3,18,0.06512505933642387,player-2,15,14,7,13,player-1,player-2
16,4,17,0.05475012585520744,player-2,19,18,11,15,player-2,player-2
16,5,18,0.05604187026619911,player-4,22,18,15,20,player-3,player-4
16,6,18,0.05433312617242336,player-1,22,24,18,21,player-4,player-1
16,7,18,0.045165885239839554,player-2,22,29,19,22,player-1,player-2
16,8,28,0.08450006134808064,player-1,34,37,29,26,player-2,player-1
16,9,22,0.05550007335841656,player-4,34,43,32,30,player-3,player-4
16,10,18,0.06375019438564777,player-1,42,53,33,37,player-4,player-1
16,11,17,0.054915901273489,player-1,42,59,34,42,player-1,player-1
17,1,17,0.06162491627037525,player-2,8,5,2,2,player-2,player-2
17,2,17,0.05408306606113911,player-3,10,7,9,2,player-3,player-3
17,3,17,0.04945811815559864,player-4,11,17,14,8,player-4,player-4
17,4,20,0.07016700692474842,player-4,14,25,20,12,player-1,player-4
17,5,17,0.05429191514849663,player-2,15,28,22,12,player-2,player-2
17,6,17,0.05312496796250343,player-3,19,31,25,19,player-3,player-3
17,7,17,0.049708178266882896,player-4,20,37,30,19,player-4,player-4
17,8,17,0.049042049795389175,player-1,20,39,32,19,player-1,player-1
17,9,20,0.043209176510572433,none,23,39,32,21,player-2,none
17,10,20,0.049416907131671906,player-2,26,42,38,23,player-3,player-2
17,11,17,0.061542028561234474,player-4,30,45,44,27,player-4,player-4
17,12,18,0.047042034566402435,player-2,32,49,46,29,player-1,player-2
17,13,20,0.07075001485645771,player-1,39,54,50,35,player-2,player-1
17,14,17,0.06375019438564777,player-3,42,60,55,39,player-3,player-3
17,15,24,0.06837490946054459,player-3,49,66,61,40,player-4,player-3
18,1,28,0.06820796988904476,player-1,2,2,0,9,player-2,player-1
18,2,17,0.05837506614625454,player-3,4,3,10,10,player-3,player-3
18,3,23,0.0788751058280468,player-2,9,6,12,13,player-4,player-2
18,4,17,0.043625012040138245,player-1,11,8,14,14,player-1,player-1
18,5,17,0.05862489342689514,player-2,11,10,19,18,player-2,player-2
18,6,18,0.05312496796250343,player-4,16,14,20,20,player-3,player-4
18,7,17,0.059582991525530815,player-4,16,22,21,32,player-4,player-4
18,8,17,0.05112495273351669,player-1,20,27,24,37,player-1,player-1
18,9,17,0.043791020289063454,player-2,22,33,25,38,player-2,player-2
18,10,17,0.06037508137524128,player-3,25,37,32,40,player-3,player-3
18,11,18,0.06295787170529366,player-1,35,53,37,48,player-4,player-1
19,1,24,0.08029211312532425,player-1,4,4,0,16,player-2,player-1
19,2,19,0.07354095578193665,player-1,12,11,10,26,player-3,player-1
19,3,17,0.057042110711336136,player-4,12,11,12,29,player-4,player-4
19,4,19,0.059582991525530815,player-3,14,14,23,32,player-1,player-3
19,5,22,0.06608315743505955,player-3,17,24,24,34,player-2,player-3
19,6,19,0.06395811215043068,player-1,22,28,26,37,player-3,player-1
19,7,19,0.06720819510519505,player-2,22,36,29,38,player-4,player-2
19,8,18,0.07349997758865356,player-2,26,43,31,38,player-1,player-2
19,9,17,0.05245814099907875,player-2,27,45,31,45,player-2,player-2
19,10,17,0.05574990063905716,player-3,27,45,42,47,player-3,player-3
19,11,24,0.0641250517219305,player-3,29,48,45,53,player-4,player-3
20,1,17,0.058499863371253014,player-4,1,1,1,6,player-4,player-4
20,2,17,0.06570806726813316,player-1,5,1,5,6,player-1,player-1
20,3,18,0.05779089406132698,player-3,7,2,7,12,player-2,player-3
20,4,23,0.06208312697708607,player-1,11,3,11,12,player-3,player-1
20,5,18,0.06841612048447132,player-1,18,3,16,17,player-4,player-1
20,6,17,0.0517088919878006,player-1,21,3,22,19,player-1,player-1
20,7,20,0.07712491787970066,player-1,24,6,23,24,player-2,player-1
20,8,18,0.06237509660422802,player-4,31,9,28,28,player-3,player-4
20,9,17,0.05625002086162567,player-4,34,15,31,31,player-4,player-4
20,10,18,0.0575000885874033,player-2,36,22,31,34,player-1,player-2
20,11,20,0.06745895370841026,player-1,47,24,36,35,player-2,player-1
20,12,17,0.05625002086162567,player-3,55,26,41,36,player-3,player-3
20,13,17,0.07458310574293137,player-4,57,33,44,42,player-4,player-4
21,1,20,0.07575005292892456,player-4,2,13,2,11,player-1,player-4
21,2,17,0.05425000563263893,player-2,6,20,6,13,player-2,player-2
21,3,19,0.060999998822808266,player-1,9,23,7,15,player-3,player-1
21,4,20,0.06687501445412636,player-3,9,23,10,25,player-4,player-3
21,5,18,0.057625118643045425,player-2,9,28,13,32,player-1,player-2
21,6,18,0.06508384831249714,player-3,14,29,21,33,player-2,player-3
21,7,17,0.0639590434730053,player-3,17,34,24,35,player-3,player-3
21,8,17,0.057541998103260994,player-4,21,36,26,38,player-4,player-4
21,9,20,0.06699981167912483,player-4,24,40,34,50,player-1,player-4
21,10,17,0.05150004290044308,player-2,24,43,39,58,player-2,player-2
22,1,19,0.09366613812744617,player-1,2,8,5,7,player-3,player-1
22,2,22,0.08008396252989769,player-1,13,10,8,11,player-4,player-1
22,3,18,0.05508307367563248,player-2,15,13,13,11,player-1,player-2
22,4,20,0.05820789374411106,player-1,27,18,13,18,player-2,player-1
22,5,18,0.06608315743505955,player-4,28,23,14,28,player-3,player-4
22,6,19,0.06962497718632221,player-2,28,31,19,29,player-4,player-2
22,7,17,0.05862489342689514,player-1,30,33,20,32,player-1,player-1
22,8,17,0.05779205821454525,player-2,32,39,25,34,player-2,player-2
22,9,17,0.05437503568828106,player-3,33,45,30,39,player-3,player-3
22,10,19,0.06129196844995022,player-2,36,50,30,40,player-4,player-2
22,11,26,0.07454096339643002,player-2,43,55,39,43,player-1,player-2
22,12,17,0.06262515671551228,player-2,45,62,39,46,player-2,player-2
23,1,18,0.05037500523030758,player-2,2,4,7,2,player-1,player-2
23,2,21,0.044209184125065804,none,2,5,7,2,player-2,none
23,3,17,0.053416937589645386,player-3,5,7,12,4,player-3,player-3
23,4,17,0.05670799873769283,player-4,12,10,12,9,player-4,player-4
23,5,18,0.05758390761911869,player-2,12,15,17,9,player-1,player-2
23,6,19,0.061125028878450394,player-4,17,20,24,11,player-2,player-4
23,7,20,0.06120791658759117,player-2,20,20,30,13,player-3,player-2
23,8,17,0.06208382546901703,player-4,34,20,30,19,player-4,player-4
23,9,17,0.06349990144371986,player-1,46,22,33,24,player-1,player-1
23,10,17,0.04695914685726166,player-2,46,28,33,26,player-2,player-2
23,11,17,0.05579087883234024,player-3,46,32,41,26,player-3,player-3
23,12,17,0.07029203698039055,player-4,47,40,50,28,player-4,player-4
23,13,19,0.06374996155500412,player-3,50,45,53,35,player-1,player-3
24,1,17,0.07537496276199818,player-3,2,1,3,3,player-3,player-3
24,2,19,0.06125005893409252,player-2,3,7,6,5,player-4,player-2
24,3,18,0.06266706623136997,player-2,5,12,12,10,player-1,player-2
24,4,17,0.06033293902873993,player-2,6,24,18,11,player-2,player-2
24,5,17,0.058999983593821526,player-3,11,27,22,16,player-3,player-3
24,6,17,0.048832967877388,player-4,12,28,24,18,player-4,player-4
24,7,19,0.057208118960261345,player-3,12,28,33,19,player-1,player-3
24,8,17,0.058165984228253365,player-2,13,34,34,23,player-2,player-2
24,9,17,0.05708402022719383,player-3,16,38,37,28,player-3,player-3
24,10,18,0.0666668638586998,player-1,19,40,40,30,player-4,player-1
24,11,19,0.061957864090800285,player-3,22,40,50,32,player-1,player-3
24,12,19,0.05520903505384922,player-4,22,41,53,44,player-2,player-4
24,13,20,0.08566700853407383,player-2,33,51,56,63,player-3,player-2
25,1,17,0.061416998505592346,player-3,3,5,5,4,player-3,player-3
25,2,20,0.05666702054440975,player-3,4,8,8,5,player-4,player-3
25,3,17,0.05383300594985485,player-1,13,10,11,7,player-1,player-1
25,4,19,0.07320800796151161,player-4,17,11,16,20,player-2,player-4
25,5,20,0.06716698408126831,player-2,21,16,18,23,player-3,player-2
25,6,17,0.05450006574392319,player-4,25,17,18,29,player-4,player-4
25,7,17,0.07500010542571545,player-1,27,20,19,30,player-1,player-1
25,8,17,0.051582930609583855,player-2,29,29,21,32,player-2,player-2
25,9,17,0.06962497718632221,player-3,31,33,24,36,player-3,player-3
25,10,18,0.05433405749499798,player-1,32,38,26,42,player-4,player-1
25,11,17,0.06587500683963299,player-1,34,42,28,43,player-1,player-1
25,12,17,0.06387499161064625,player-2,34,47,33,46,player-2,player-2
25,13,17,0.04954100586473942,player-3,41,47,41,50,player-3,player-3
25,14,17,0.05250005051493645,player-4,42,57,45,61,player-4,player-4
26,1,26,0.07320800796151161,player-2,4,4,3,5,player-1,player-2
26,2,17,0.05220784805715084,player-2,9,11,6,9,player-2,player-2
26,3,24,0.06924988701939583,player-2,10,14,8,9,player-3,player-2
26,4,18,0.06174994632601738,player-1,12,16,8,12,player-4,player-1
26,5,17,0.04608393646776676,player-1,19,17,10,14,player-1,player-1
26,6,17,0.06308406591415405,player-2,26,20,13,16,player-2,player-2
26,7,17,0.04016607999801636,player-3,26,21,18,18,player-3,player-3
26,8,17,0.05462486296892166,player-4,27,22,22,23,player-4,player-4
26,9,19,0.053666066378355026,player-3,31,26,25,23,player-1,player-3
26,10,20,0.06441702134907246,player-1,32,33,25,23,player-2,player-1
26,11,18,0.07795915007591248,player-4,38,35,27,25,player-3,player-4
26,12,17,0.06437511183321476,player-4,44,35,31,31,player-4,player-4
26,13,17,0.050416914746165276,player-1,44,38,31,34,player-1,player-1
26,14,17,0.06779213435947895,player-2,45,40,31,38,player-2,player-2
26,15,17,0.054541975259780884,player-3,48,41,34,39,player-3,player-3
26,16,18,0.06758398376405239,player-1,51,51,38,41,player-4,player-1
26,17,19,0.04658312536776066,player-3,56,58,41,43,player-1,player-3
27,1,21,0.05233287811279297,player-1,4,0,3,0,player-1,player-1
27,2,19,0.058042118325829506,player-4,7,1,6,4,player-2,player-4
27,3,24,0.05645793862640858,player-2,9,5,8,4,player-3,player-2
27,4,18,0.05908403545618057,player-1,17,5,11,8,player-4,player-1
27,5,19,0.06225006654858589,player-3,22,7,17,8,player-1,player-3
27,6,19,0.06395811215043068,player-4,27,8,19,13,player-2,player-4
27,7,25,0.07687509059906006,player-3,27,12,25,22,player-3,player-3
27,8,17,0.04895799793303013,player-4,28,12,25,32,player-4,player-4
27,9,17,0.06395811215043068,player-1,35,15,30,32,player-1,player-1
27,10,18,0.06450014188885689,player-3,38,22,39,36,player-2,player-3
27,11,32,0.08395779877901077,player-2,38,29,47,36,player-3,player-2
27,12,17,0.05825003609061241,player-4,38,35,50,43,player-4,player-4
27,13,17,0.0742089468985796,player-1,39,42,52,44,player-1,player-1
27,14,17,0.07399986498057842,player-2,42,46,55,49,player-2,player-2
27,15,19,0.06620795466005802,player-1,51,49,60,58,player-3,player-1
28,1,19,0.059416983276605606,player-3,3,3,6,4,player-1,player-3
28,2,18,0.0467090867459774,player-3,4,6,9,6,player-2,player-3
28,3,24,0.051333801820874214,none,5,10,10,10,player-3,none
28,4,18,0.059999991208314896,player-1,11,15,12,13,player-4,player-1
28,5,17,0.04808278754353523,player-1,18,17,13,14,player-1,player-1
28,6,22,0.08604186587035656,player-3,24,19,24,17,player-2,player-3
28,7,17,0.051416922360658646,player-3,24,21,27,18,player-3,player-3
28,8,18,0.05329214036464691,player-1,27,27,30,25,player-4,player-1
28,9,20,0.07216609083116055,player-4,32,30,34,32,player-1,player-4
28,10,18,0.06420793943107128,player-3,36,33,35,37,player-2,player-3
28,11,17,0.04937499761581421,player-3,37,35,37,38,player-3,player-3
28,12,17,0.06383308209478855,player-4,45,35,42,44,player-4,player-4
28,13,17,0.05437503568828106,player-1,50,39,46,46,player-1,player-1
28,14,18,0.057042110711336136,player-3,52,42,49,49,player-2,player-3
29,1,18,0.050541944801807404,player-4,1,2,0,9,player-3,player-4
29,2,17,0.05224999040365219,player-4,4,5,5,13,player-4,player-4
29,3,17,0.04991586320102215,player-1,8,9,10,16,player-1,player-1
29,4,19,0.06370898336172104,player-4,10,9,13,18,player-2,player-4
29,5,17,0.061791855841875076,player-3,14,11,18,18,player-3,player-3
29,6,17,0.06050011143088341,player-4,15,16,22,30,player-4,player-4
29,7,17,0.05420902743935585,player-1,19,17,27,31,player-1,player-1
29,8,22,0.07616705261170864,player-3,21,20,29,37,player-2,player-3
29,9,18,0.04916684702038765,player-4,23,21,32,41,player-3,player-4
29,10,17,0.04466692917048931,player-4,25,22,33,45,player-4,player-4
29,11,23,0.08054194040596485,player-3,27,24,37,50,player-1,player-3
29,12,15,0.03254110924899578,none,27,25,39,58,player-2,none
29,13,17,0.05779205821454525,player-3,27,29,45,63,player-3,player-3
29,14,17,0.061791855841875076,player-4,34,29,49,65,player-4,player-4
29,15,17,0.06983289495110512,player-1,35,35,52,72,player-1,player-1
30,1,19,0.05962490104138851,player-1,0,2,3,0,player-3,player-1
30,2,24,0.04854099825024605,player-3,0,4,9,3,player-4,player-3
30,3,17,0.04458311013877392,player-1,3,4,10,4,player-1,player-1
30,4,17,0.05691614933311939,player-2,6,8,13,4,player-2,player-2
30,5,18,0.05833292379975319,player-4,8,11,17,11,player-3,player-4
30,6,20,0.06029196083545685,player-3,9,17,32,13,player-4,player-3
30,7,17,0.05737505853176117,player-1,17,19,35,15,player-1,player-1
30,8,19,0.04754215478897095,player-4,18,24,35,21,player-2,player-4
30,9,19,0.06966711953282356,player-1,24,26,40,23,player-3,player-1
30,10,17,0.05733291618525982,player-4,28,29,46,27,player-4,player-4
30,11,18,0.05112495273351669,player-2,35,35,53,32,player-1,player-2
30,12,22,0.06762496195733547,player-3,41,41,57,32,player-2,player-3
30,13,17,0.05029095336794853,player-3,44,47,63,33,player-3,player-3
31,1,19,0.06225006654858589,player-3,0,3,7,5,player-1,player-3
31,2,17,0.05187490023672581,player-2,5,14,10,5,player-2,player-2
31,3,20,0.056999968364834785,player-2,6,18,13,6,player-3,player-2
31,4,17,0.06212480366230011,player-4,15,22,21,13,player-4,player-4
31,5,17,0.04541594535112381,player-1,16,25,24,16,player-1,player-1
31,6,17,0.04137493669986725,player-2,16,29,27,20,player-2,player-2
31,7,18,0.0503340270370245,player-4,17,33,31,23,player-3,player-4
31,8,19,0.05279085598886013,player-2,17,36,34,25,player-4,player-2
31,9,18,0.07158401422202587,player-2,23,37,36,31,player-1,player-2
31,10,17,0.046042026951909065,player-2,24,41,38,31,player-2,player-2
31,11,17,0.047416891902685165,player-3,28,41,49,33,player-3,player-3
31,12,17,0.0463749747723341,player-4,29,41,49,39,player-4,player-4
31,13,18,0.063000014051795,player-2,36,45,49,41,player-1,player-2
31,14,18,0.0563750509172678,player-3,38,48,56,45,player-2,player-3
31,15,17,0.06558396853506565,player-3,40,52,59,50,player-3,player-3
32,1,20,0.04454189911484718,none,4,1,1,3,player-1,none
32,2,17,0.05695805884897709,player-2,4,4,3,7,player-2,player-2
32,3,23,0.05850009620189667,player-1,10,7,5,7,player-3,player-1
32,4,20,0.05433312617242336,player-3,10,10,10,10,player-4,player-3
32,5,18,0.05250005051493645,player-2,11,15,15,11,player-1,player-2
32,6,17,0.05229096859693527,player-2,16,18,18,13,player-2,player-2
32,7,17,0.04900014027953148,player-3,20,19,22,18,player-3,player-3
32,8,21,0.07154210470616817,player-4,23,19,23,24,player-4,player-4
32,9,17,0.04775007255375385,player-1,28,21,26,26,player-1,player-1
32,10,17,0.055999960750341415,player-2,28,32,26,27,player-2,player-2
32,11,18,0.06708409637212753,player-4,29,33,33,36,player-3,player-4
32,12,21,0.06437511183321476,player-4,32,33,35,38,player-4,player-4
32,13,17,0.0627078115940094,player-1,38,35,40,45,player-1,player-1
32,14,18,0.05187513306736946,player-3,38,37,48,47,player-2,player-3
32,15,17,0.05266699008643627,player-3,39,40,51,47,player-3,player-3
32,16,18,0.08179200813174248,player-1,41,42,53,54,player-4,player-1
32,17,20,0.06699981167912483,player-4,43,45,54,60,player-1,player-4
33,1,17,0.04575005732476711,player-4,1,1,1,7,player-4,player-4
33,2,17,0.0711251050233841,player-1,12,2,1,11,player-1,player-1
33,3,17,0.05508307367563248,player-2,17,5,1,13,player-2,player-2
33,4,21,0.05287490785121918,player-3,19,12,2,16,player-3,player-3
33,5,17,0.0612910371273756,player-4,19,16,6,20,player-4,player-4
33,6,17,0.06079091690480709,player-1,22,18,6,22,player-1,player-1
33,7,17,0.04691607318818569,player-2,22,21,9,24,player-2,player-2
33,8,22,0.0813330989331007,player-4,27,33,12,26,player-3,player-4
33,9,17,0.0516669824719429,player-4,27,34,13,29,player-4,player-4
33,10,20,0.07187481969594955,player-4,30,41,20,34,player-1,player-4
33,11,19,0.060165999457240105,player-4,33,42,21,35,player-2,player-4
33,12,18,0.05779089406132698,player-4,33,44,23,42,player-3,player-4
33,13,20,0.06812484934926033,player-3,40,47,29,46,player-4,player-3
33,14,17,0.05579204298555851,player-1,46,48,31,46,player-1,player-1
33,15,17,0.03737490624189377,none,46,52,33,50,player-2,none
34,1,17,0.051958952099084854,player-3,2,0,5,2,player-3,player-3
34,2,19,0.055540818721055984,player-2,3,3,7,4,player-4,player-2
34,3,18,0.06883288733661175,player-2,7,6,10,7,player-1,player-2
34,4,17,0.06870902143418789,player-2,11,9,19,15,player-2,player-2
34,5,17,0.04249997437000275,player-3,13,11,23,19,player-3,player-3
34,6,19,0.052999937906861305,player-2,14,20,24,19,player-4,player-2
34,7,21,0.07087504491209984,player-1,22,26,30,24,player-1,player-1
34,8,17,0.07520895451307297,player-2,26,34,31,28,player-2,player-2
34,9,17,0.07866602391004562,player-3,26,41,39,39,player-3,player-3
34,10,18,0.06491714157164097,player-1,35,44,49,40,player-4,player-1
34,11,20,0.06358278915286064,player-4,38,44,52,50,player-1,player-4
34,12,17,0.062374863773584366,player-2,39,48,55,50,player-2,player-2
34,13,17,0.04754099063575268,player-3,43,50,57,51,player-3,player-3
35,1,17,0.05508307367563248,player-2,2,5,3,0,player-2,player-2
35,2,22,0.06183306686580181,none,6,5,6,2,player-3,none
35,3,17,0.05441717803478241,player-4,6,7,8,10,player-4,player-4
35,4,17,0.04929187707602978,player-1,16,12,8,13,player-1,player-1
35,5,19,0.07299985736608505,player-4,18,19,12,18,player-2,player-4
35,6,22,0.05545793101191521,none,18,19,16,23,player-3,none
35,7,17,0.05491706542670727,player-4,18,21,17,34,player-4,player-4
35,8,22,0.06079091690480709,player-2,19,25,20,36,player-1,player-2
35,9,18,0.05433405749499798,player-3,19,29,22,42,player-2,player-3
35,10,18,0.058584148064255714,player-4,22,35,22,46,player-3,player-4
35,11,17,0.05316687747836113,player-4,28,39,22,59,player-4,player-4
35,12,17,0.04437495954334736,player-1,32,41,22,66,player-1,player-1
36,1,17,0.058416975662112236,player-1,11,1,9,4,player-1,player-1
36,2,22,0.0679579097777605,player-3,13,2,11,6,player-2,player-3
36,3,17,0.04787486977875233,player-3,15,2,15,6,player-3,player-3
36,4,17,0.05237502045929432,player-4,17,5,20,16,player-4,player-4
36,5,17,0.06866711191833019,player-1,19,10,20,19,player-1,player-1
36,6,17,0.05570799112319946,player-2,19,20,25,22,player-2,player-2
36,7,17,0.05554105155169964,player-3,20,27,27,26,player-3,player-3
36,8,18,0.06558303721249104,player-1,24,36,27,31,player-4,player-1
36,9,22,0.08400017395615578,player-2,31,45,35,34,player-1,player-2
36,10,19,0.07720803841948509,player-4,34,51,41,38,player-2,player-4
36,11,18,0.07929094135761261,player-4,34,53,43,41,player-3,player-4
36,12,25,0.09112502448260784,player-4,36,54,46,45,player-4,player-4
36,13,17,0.048165908083319664,player-1,37,56,46,49,player-1,player-1
37,1,17,0.06641587242484093,player-2,6,3,2,1,player-2,player-2
37,2,18,0.10125013068318367,player-4,7,7,6,7,player-3,player-4
37,3,17,0.057625118643045425,player-4,15,10,14,14,player-4,player-4
37,4,17,0.06654206663370132,player-1,17,12,16,18,player-1,player-1
37,5,17,0.05850009620189667,player-2,20,17,18,23,player-2,player-2
37,6,23,0.07512490265071392,player-1,22,18,21,30,player-3,player-1
37,7,17,0.04804111085832119,player-4,23,20,24,34,player-4,player-4
37,8,19,0.06720796227455139,player-3,29,27,27,34,player-1,player-3
37,9,18,0.06791693158447742,player-3,31,31,29,38,player-2,player-3
37,10,21,0.0550001859664917,player-3,34,32,35,38,player-3,player-3
37,11,19,0.0491670798510313,player-2,38,36,35,41,player-4,player-2
37,12,18,0.06037508137524128,player-2,38,41,38,48,player-1,player-2
37,13,18,0.049040885642170906,player-3,42,41,47,50,player-2,player-3
37,14,17,0.04658312536776066,player-3,45,41,51,54,player-3,player-3
37,15,19,0.0650421716272831,player-2,48,48,51,56,player-4,player-2
38,1,19,0.0883340835571289,player-2,0,5,2,7,player-4,player-2
38,2,17,0.06870809011161327,player-1,7,13,2,10,player-1,player-1
38,3,23,0.07666600868105888,player-4,10,22,5,18,player-2,player-4
38,4,18,0.038499943912029266,none,13,25,9,21,player-3,none
38,5,17,0.04645809531211853,player-4,13,27,12,32,player-4,player-4
38,6,17,0.06954208947718143,player-1,16,38,12,45,player-1,player-1
38,7,20,0.06916699931025505,player-1,24,44,16,45,player-2,player-1
38,8,20,0.060416990891098976,player-2,25,45,19,45,player-3,player-2
38,9,18,0.07683294825255871,player-1,35,47,25,51,player-4,player-1
38,10,17,0.07066712714731693,player-1,38,47,25,56,player-1,player-1
39,1,17,0.06208289414644241,player-4,0,3,3,6,player-4,player-4
39,2,19,0.07804203778505325,player-3,5,9,10,7,player-1,player-3
39,3,18,0.07262500002980232,player-3,5,15,20,8,player-2,player-3
39,4,18,0.07266690954566002,player-4,13,24,26,16,player-3,player-4
39,5,17,0.07483316585421562,player-4,20,37,30,25,player-4,player-4
39,6,17,0.06700004450976849,player-1,22,39,38,32,player-1,player-1
39,7,23,0.0804578885436058,player-4,29,48,46,37,player-2,player-4
39,8,17,0.06762519478797913,player-3,30,50,49,40,player-3,player-3
39,9,18,0.05420786328613758,player-1,32,52,51,47,player-4,player-1
39,10,17,0.048165908083319664,player-1,41,56,56,47,player-1,player-1
40,1,21,0.08645793423056602,player-3,4,2,8,1,player-3,player-3
40,2,19,0.06570806726813316,player-2,8,9,9,5,player-4,player-2
40,3,17,0.059999991208314896,player-1,9,11,9,11,player-1,player-1
40,4,19,0.05287490785121918,player-4,12,13,11,12,player-2,player-4
40,5,17,0.05183415487408638,player-3,13,20,11,12,player-3,player-3
40,6,17,0.04870793782174587,player-4,17,22,12,16,player-4,player-4
40,7,17,0.05629193037748337,player-1,23,25,14,17,player-1,player-1
40,8,18,0.060499878600239754,player-3,23,29,20,17,player-2,player-3
40,9,24,0.08937506936490536,player-2,28,30,21,19,player-3,player-2
40,10,17,0.056459102779626846,player-4,32,32,27,19,player-4,player-4
40,11,18,0.05120900459587574,player-2,37,39,28,19,player-1,player-2
40,12,18,0.06208289414644241,player-3,37,44,29,19,player-2,player-3
40,13,17,0.061125028878450394,player-3,40,54,30,25,player-3,player-3
40,14,23,0.05466700531542301,none,42,60,30,30,player-4,none
40,15,17,0.09945803321897984,player-1,51,65,36,40,player-1,player-1
41,1,19,0.05845795385539532,player-4,0,2,4,2,player-2,player-4
41,2,17,0.06316695362329483,player-3,0,6,7,2,player-3,player-3
41,3,22,0.07004081271588802,player-1,7,9,12,7,player-4,player-1
41,4,28,0.05966704338788986,none,11,10,14,7,player-1,none
41,5,17,0.04908395931124687,player-2,12,14,14,7,player-2,player-2
41,6,17,0.053333817049860954,player-3,15,16,22,9,player-3,player-3
41,7,23,0.06291712634265423,player-2,20,22,26,10,player-4,player-2
41,8,22,0.06920797750353813,player-2,22,28,26,14,player-1,player-2
41,9,20,0.046291155740618706,none,31,29,26,15,player-2,none
41,10,31,0.10254210792481899,player-1,43,52,29,15,player-3,player-1
41,11,19,0.07320800796151161,player-2,50,58,31,16,player-4,player-2
41,12,20,0.05229213275015354,player-4,53,59,31,19,player-1,player-4
41,13,17,0.04479219205677509,player-2,53,61,34,19,player-2,player-2
41,14,17,0.07012509740889072,player-3,56,67,37,28,player-3,player-3
41,15,17,0.058125006034970284,player-4,60,71,38,36,player-4,player-4
42,1,17,0.05341600626707077,player-4,1,0,2,4,player-4,player-4
42,2,17,0.06483402103185654,player-1,8,4,5,9,player-1,player-1
42,3,17,0.07883296348154545,player-2,14,15,6,13,player-2,player-2
42,4,17,0.05516689270734787,player-3,20,16,12,15,player-3,player-3
42,5,18,0.07375003769993782,player-1,23,20,19,20,player-4,player-1
42,6,19,0.05674990825355053,player-3,24,20,28,20,player-1,player-3
42,7,19,0.05670893006026745,player-4,30,21,30,23,player-2,player-4
42,8,17,0.06354181095957756,player-3,32,22,31,25,player-3,player-3
42,9,17,0.05454104393720627,player-4,35,33,31,29,player-4,player-4
42,10,23,0.07645809091627598,player-3,37,43,37,32,player-1,player-3
42,11,18,0.0658340286463499,player-3,38,48,39,39,player-2,player-3
42,12,17,0.05883281119167805,player-3,41,50,50,39,player-3,player-3
42,13,19,0.05529215559363365,player-2,41,57,51,44,player-4,player-2
43,1,17,0.06508314982056618,player-2,2,7,1,10,player-2,player-2
43,2,19,0.06129220128059387,player-1,9,9,8,16,player-3,player-1
43,3,17,0.06191595457494259,player-4,9,9,8,23,player-4,player-4
43,4,29,0.07324991747736931,player-1,11,9,11,28,player-1,player-1
43,5,23,0.07804087363183498,player-4,16,11,17,36,player-2,player-4
43,6,17,0.05783303640782833,player-3,16,15,24,37,player-3,player-3
43,7,18,0.062167178839445114,player-1,21,17,28,40,player-4,player-1
43,8,17,0.05608308129012585,player-1,26,17,29,44,player-1,player-1
43,9,17,0.0463330652564764,player-2,31,19,29,46,player-2,player-2
43,10,20,0.06450014188885689,player-2,34,22,34,54,player-3,player-2
43,11,17,0.09841704741120338,player-4,37,24,35,56,player-4,player-4
43,12,19,0.07370812818408012,player-3,39,30,43,59,player-1,player-3
43,13,20,0.06508314982056618,player-1,43,31,44,63,player-2,player-1
43,14,17,0.051541952416300774,player-3,49,31,48,65,player-3,player-3
43,15,17,0.07462501525878906,player-4,51,39,50,75,player-4,player-4
44,1,20,0.06870902143418789,player-4,1,0,3,2,player-1,player-4
44,2,17,0.08633313700556755,player-2,3,6,6,12,player-2,player-2
44,3,17,0.04845811054110527,player-3,3,8,13,12,player-3,player-3
44,4,17,0.053625088185071945,player-4,3,13,18,16,player-4,player-4
44,5,17,0.06312504410743713,player-1,6,16,18,23,player-1,player-1
44,6,18,0.06145797669887543,player-3,8,20,24,32,player-2,player-3
44,7,17,0.0660410150885582,player-3,8,26,32,33,player-3,player-3
44,8,17,0.06979214958846569,player-4,14,30,35,37,player-4,player-4
44,9,18,0.053041847422719,player-2,17,41,35,38,player-1,player-2
44,10,17,0.04729186184704304,player-2,20,46,37,39,player-2,player-2
44,11,17,0.04683295264840126,player-3,20,48,39,39,player-3,player-3
44,12,20,0.06583286449313164,player-3,22,53,44,47,player-4,player-3
45,1,17,0.06204098463058472,player-3,2,2,7,0,player-3,player-3
45,2,17,0.053042080253362656,player-4,2,4,8,4,player-4,player-4
45,3,18,0.06404216401278973,player-2,8,10,8,9,player-1,player-2
45,4,17,0.09504193440079689,player-2,8,13,10,15,player-2,player-2
45,5,17,0.06145890802145004,player-3,8,13,16,17,player-3,player-3
45,6,18,0.06516603752970695,player-1,11,14,23,22,player-4,player-1
45,7,19,0.06291689351201057,player-3,14,14,29,24,player-1,player-3
45,8,19,0.057541998103260994,player-4,17,15,33,27,player-2,player-4
45,9,19,0.060582999140024185,player-1,28,18,34,36,player-3,player-1
45,10,28,0.06879097782075405,player-3,32,25,36,40,player-4,player-3
45,11,17,0.06420793943107128,player-1,34,28,43,52,player-1,player-1
45,12,19,0.05395803600549698,player-4,39,30,45,56,player-2,player-4
45,13,17,0.06283307448029518,player-3,40,34,55,56,player-3,player-3
45,14,18,0.05433312617242336,player-1,42,41,58,62,player-4,player-1
46,1,25,0.08408399298787117,player-1,4,1,8,3,player-1,player-1
46,2,24,0.09325006976723671,player-1,17,2,10,18,player-2,player-1
46,3,17,0.05579204298555851,player-3,24,10,21,18,player-3,player-3
46,4,17,0.06858306005597115,player-4,25,17,22,29,player-4,player-4
46,5,19,0.0605839304625988,player-3,28,21,25,30,player-1,player-3
46,6,17,0.054625095799565315,player-2,29,31,26,32,player-2,player-2
46,7,18,0.06029196083545685,player-4,31,32,31,35,player-3,player-4
46,8,17,0.05091610364615917,player-4,32,34,35,41,player-4,player-4
46,9,20,0.0577499158680439,player-4,35,34,39,45,player-1,player-4
46,10,17,0.057833967730402946,player-2,36,36,43,49,player-2,player-2
46,11,17,0.05787494592368603,player-3,43,40,57,49,player-3,player-3
47,1,21,0.05650008097290993,player-3,2,1,4,2,player-3,player-3
47,2,18,0.05479203537106514,player-1,6,5,7,6,player-4,player-1
47,3,18,0.06166589446365833,player-2,9,6,15,12,player-1,player-2
47,4,19,0.05654105916619301,player-4,16,8,16,20,player-2,player-4
47,5,18,0.06062490865588188,player-4,23,13,20,32,player-3,player-4
47,6,17,0.07866602391004562,player-4,27,17,26,39,player-4,player-4
47,7,18,0.054999953135848045,player-2,37,21,26,41,player-1,player-2
47,8,17,0.04349998198449612,player-2,39,26,27,44,player-2,player-2
47,9,19,0.07208297029137611,player-1,43,28,31,49,player-3,player-1
47,10,18,0.06329105235636234,player-1,52,30,33,49,player-4,player-1
47,11,17,0.04624994471669197,player-1,54,33,34,50,player-1,player-1
47,12,20,0.06045796908438206,player-1,56,36,34,55,player-2,player-1
47,13,17,0.05229096859693527,player-3,57,39,38,62,player-3,player-3
48,1,23,0.060959020629525185,player-4,1,4,2,5,player-2,player-4
48,2,22,0.05379202775657177,none,2,4,3,9,player-3,none
48,3,18,0.05808309651911259,player-1,8,9,11,15,player-4,player-1
48,4,18,0.05879090167582035,player-2,15,14,18,16,player-1,player-2
48,5,17,0.05433289334177971,player-2,19,20,21,17,player-2,player-2
48,6,18,0.0527501106262207,player-4,21,22,25,20,player-3,player-4
48,7,20,0.06937491707503796,player-3,23,24,28,23,player-4,player-3
48,8,19,0.058042118325829506,player-3,25,25,33,30,player-1,player-3
48,9,18,0.060999998822808266,player-3,29,30,37,32,player-2,player-3
48,10,16,0.03841612488031387,none,30,36,38,33,player-3,none
48,11,21,0.05929218605160713,player-4,31,38,43,40,player-4,player-4
48,12,17,0.050541944801807404,player-1,36,40,43,43,player-1,player-1
48,13,17,0.04912493750452995,player-2,39,43,43,47,player-2,player-2
48,14,20,0.0588330440223217,player-2,42,47,49,50,player-3,player-2
48,15,20,0.06108405068516731,player-3,43,52,55,50,player-4,player-3
49,1,18,0.05445815622806549,player-3,5,3,5,4,player-2,player-3
49,2,17,0.04679197445511818,player-3,6,3,6,4,player-3,player-3
49,3,17,0.04591699689626694,player-4,9,5,9,13,player-4,player-4
49,4,22,0.06487499922513962,player-2,11,10,10,15,player-1,player-2
49,5,17,0.04975008778274059,player-2,15,17,12,15,player-2,player-2
49,6,17,0.04458311013877392,player-3,23,18,16,19,player-3,player-3
49,7,20,0.06637489423155785,player-3,26,23,30,23,player-4,player-3
49,8,19,0.05233404226601124,player-3,30,23,32,23,player-1,player-3
49,9,18,0.06791716441512108,player-3,32,28,42,23,player-2,player-3
49,10,17,0.06624986417591572,player-3,35,30,45,23,player-3,player-3
49,11,19,0.06375019438564777,player-2,35,41,46,24,player-4,player-2
49,12,17,0.05900021642446518,player-1,40,42,48,25,player-1,player-1
49,13,17,0.05783280357718468,player-2,50,48,51,35,player-2,player-2
50,1,18,0.04829186946153641,player-1,7,2,0,0,player-4,player-1
50,2,17,0.06708293221890926,player-1,10,8,0,0,player-1,player-1
50,3,18,0.05337502807378769,player-3,11,9,2,0,player-2,player-3
50,4,18,0.05791615694761276,player-4,11,9,3,4,player-3,player-4
50,5,17,0.04812516272068024,player-4,13,9,6,8,player-4,player-4
50,6,20,0.061584170907735825,player-4,14,15,6,25,player-1,player-4
50,7,18,0.04837499000132084,player-3,18,23,11,25,player-2,player-3
50,8,17,0.05245814099907875,player-3,20,26,19,25,player-3,player-3
50,9,17,0.04887511022388935,player-4,23,26,20,28,player-4,player-4
50,10,17,0.045625027269124985,player-1,30,26,21,28,player-1,player-1
50,11,17,0.04712515510618687,player-2,32,27,21,30,player-2,player-2
50,12,18,0.06949994713068008,player-4,38,27,27,37,player-3,player-4
50,13,17,0.06824987940490246,player-4,47,31,31,40,player-4,player-4
50,14,18,0.08395803160965443,player-2,56,34,35,47,player-1,player-2
50,15,19,0.05766702815890312,player-4,56,42,37,58,player-2,player-4
51,1,32,0.07812492549419403,none,8,3,0,11,player-2,none
51,2,18,0.07500010542571545,player-4,11,3,4,20,player-3,player-4
51,3,19,0.05587493069469929,player-2,12,11,10,20,player-4,player-2
51,4,18,0.05937507376074791,player-2,15,12,12,22,player-1,player-2
51,5,20,0.06224983371794224,player-1,21,19,12,22,player-2,player-1
51,6,18,0.051042065024375916,player-4,27,27,18,31,player-3,player-4
51,7,21,0.07070810534060001,player-4,28,30,25,41,player-4,player-4
51,8,18,0.051040900871157646,player-2,29,35,27,44,player-1,player-2
51,9,18,0.04641595296561718,player-3,31,36,30,46,player-2,player-3
51,10,23,0.07770792581140995,player-1,37,38,33,52,player-3,player-1
51,11,17,0.06491714157164097,player-4,42,44,37,57,player-4,player-4
52,1,17,0.05466584116220474,player-4,0,9,0,12,player-4,player-4
52,2,17,0.059791840612888336,player-1,3,11,0,15,player-1,player-1
52,3,24,0.06754091009497643,player-1,11,15,0,20,player-2,player-1
52,4,24,0.06954115815460682,player-2,16,26,5,30,player-3,player-2
52,5,17,0.05120784044265747,player-4,16,30,11,34,player-4,player-4
52,6,22,0.06833299994468689,player-2,20,31,19,42,player-1,player-2
52,7,18,0.05587516352534294,player-3,24,33,19,43,player-2,player-3
52,8,19,0.0647080596536398,player-1,27,36,28,47,player-3,player-1
52,9,17,0.06920797750353813,player-4,34,40,37,52,player-4,player-4
52,10,20,0.05429214797914028,player-4,36,41,39,56,player-1,player-4
52,11,17,0.05091703496873379,player-2,37,45,40,59,player-2,player-2
53,1,18,0.04274980165064335,player-1,6,3,2,0,player-4,player-1
53,2,17,0.039084115996956825,player-1,8,5,2,3,player-1,player-1
53,3,18,0.05687493830919266,player-3,10,6,5,5,player-2,player-3
53,4,18,0.06066588684916496,player-4,12,7,9,5,player-3,player-4
53,5,25,0.09508314542472363,player-4,19,12,14,7,player-4,player-4
53,6,18,0.045291148126125336,player-2,21,20,15,8,player-1,player-2
53,7,17,0.056208111345767975,player-2,22,25,21,13,player-2,player-2
53,8,17,0.05725002847611904,player-3,23,27,34,23,player-3,player-3
53,9,17,0.05112518556416035,player-4,24,31,37,26,player-4,player-4
53,10,18,0.055374810472130775,player-2,27,38,37,29,player-1,player-2
53,11,17,0.058208126574754715,player-2,28,42,37,33,player-2,player-2
53,12,17,0.04800013266503811,player-3,29,44,40,34,player-3,player-3
53,13,17,0.0730419997125864,player-4,31,54,41,46,player-4,player-4
54,1,18,0.05425000563263893,player-1,0,5,4,5,player-4,player-1
54,2,18,0.060499878600239754,player-2,1,13,6,6,player-1,player-2
54,3,19,0.05845795385539532,player-4,7,18,11,17,player-2,player-4
54,4,17,0.055165961384773254,player-3,7,23,13,19,player-3,player-3
54,5,17,0.055958982557058334,player-4,10,26,17,26,player-4,player-4
54,6,17,0.05820789374411106,player-1,16,28,19,28,player-1,player-1
54,7,24,0.09970786049962044,player-1,19,31,24,31,player-2,player-1
54,8,21,0.05829194560647011,player-3,22,35,28,31,player-3,player-3
54,9,17,0.06270897574722767,player-4,23,41,28,36,player-4,player-4
54,10,20,0.06629200652241707,player-4,27,48,28,41,player-1,player-4
54,11,22,0.06208289414644241,player-3,28,51,31,41,player-2,player-3
54,12,17,0.04541710950434208,player-3,30,51,32,43,player-3,player-3
54,13,17,0.05991593934595585,player-4,30,55,41,52,player-4,player-4
55,1,18,0.0541249755769968,player-3,2,4,3,1,player-2,player-3
55,2,18,0.049083027988672256,player-4,4,4,9,9,player-3,player-4
55,3,17,0.05970802158117294,player-4,6,7,11,15,player-4,player-4
55,4,29,0.07216609083116055,none,9,10,13,15,player-1,none
55,5,17,0.057416968047618866,player-2,11,18,17,21,player-2,player-2
55,6,19,0.056208809837698936,player-1,18,26,23,28,player-3,player-1
55,7,24,0.06295903585851192,player-3,20,27,25,35,player-4,player-3
55,8,19,0.04824995994567871,player-3,26,29,28,37,player-1,player-3
55,9,17,0.05612499080598354,player-2,29,30,30,38,player-2,player-2
55,10,17,0.05491706542670727,player-3,33,30,38,42,player-3,player-3
55,11,18,0.04824995994567871,player-1,44,30,40,43,player-4,player-1
55,12,18,0.04400010220706463,player-2,46,41,42,46,player-1,player-2
55,13,18,0.052625080570578575,player-3,49,45,44,52,player-2,player-3
55,14,18,0.05012494511902332,player-4,52,48,45,58,player-3,player-4
56,1,17,0.04375004209578037,player-2,1,7,0,3,player-2,player-2
56,2,17,0.047708163037896156,player-3,10,9,9,8,player-3,player-3
56,3,18,0.057999975979328156,player-1,12,12,10,10,player-4,player-1
56,4,20,0.05891593173146248,player-4,22,16,18,16,player-1,player-4
56,5,17,0.04375004209578037,player-2,23,21,20,16,player-2,player-2
56,6,17,0.05474989302456379,player-3,25,21,23,18,player-3,player-3
56,7,17,0.06729201413691044,player-4,27,24,25,25,player-4,player-4
56,8,18,0.05883281119167805,player-2,33,26,26,25,player-1,player-2
56,9,25,0.05450006574392319,player-2,33,35,29,26,player-2,player-2
56,10,24,0.05629216320812702,none,38,43,29,28,player-3,none
56,11,18,0.045416178181767464,player-1,41,47,30,32,player-4,player-1
56,12,17,0.05987496115267277,player-1,46,53,33,32,player-1,player-1
56,13,19,0.060125021263957024,player-4,49,62,37,39,player-2,player-4
57,1,17,0.05729217082262039,player-1,4,2,2,6,player-1,player-1
57,2,17,0.0463330652564764,player-2,9,4,4,9,player-2,player-2
57,3,22,0.056999968364834785,player-4,11,6,6,11,player-3,player-4
57,4,40,0.1318331342190504,none,32,10,9,12,player-4,none
57,5,22,0.05050003528594971,none,34,11,9,15,player-1,none
57,6,20,0.0642088707536459,player-1,42,12,9,18,player-2,player-1
57,7,19,0.06612483412027359,player-1,54,14,15,22,player-3,player-1
57,8,19,0.059416983276605606,player-2,54,18,15,29,player-4,player-2
57,9,19,0.08491682820022106,player-3,59,19,18,30,player-1,player-3
57,10,17,0.06762496195733547,player-2,62,22,20,32,player-2,player-2
57,11,21,0.07075001485645771,player-3,67,25,24,38,player-3,player-3
57,12,19,0.05545793101191521,player-2,76,26,26,43,player-4,player-2
58,1,17,0.06787502206861973,player-3,4,3,3,3,player-3,player-3
58,2,19,0.04900014027953148,player-2,8,8,6,6,player-4,player-2
58,3,19,0.060125021263957024,player-3,8,13,7,15,player-1,player-3
58,4,18,0.06745802238583565,player-3,10,14,11,19,player-2,player-3
58,5,19,0.07333280518651009,player-1,15,16,23,23,player-3,player-1
58,6,18,0.045082997530698776,player-1,15,20,25,23,player-4,player-1
58,7,23,0.052208080887794495,none,16,22,31,25,player-1,none
58,8,19,0.09062513709068298,player-4,21,26,40,35,player-2,player-4
58,9,17,0.04850002005696297,player-3,25,32,41,39,player-3,player-3
58,10,18,0.05708285607397556,player-1,28,33,42,44,player-4,player-1
58,11,19,0.0567091628909111,player-3,30,34,44,46,player-1,player-3
58,12,17,0.05037500523030758,player-2,39,47,45,46,player-2,player-2
58,13,19,0.06120908074080944,player-1,47,51,50,56,player-3,player-1
59,1,17,0.07887487299740314,player-3,5,1,10,7,player-3,player-3
59,2,21,0.05187513306736946,player-4,8,3,12,8,player-4,player-4
59,3,19,0.06729108281433582,player-3,16,8,12,12,player-1,player-3
59,4,17,0.06645801477134228,player-2,16,11,15,16,player-2,player-2
59,5,19,0.07070810534060001,player-1,21,15,25,20,player-3,player-1
59,6,17,0.058208126574754715,player-4,27,20,30,27,player-4,player-4
59,7,17,0.0660829246044159,player-1,30,24,35,28,player-1,player-1
59,8,20,0.05333311855792999,player-1,35,26,35,32,player-2,player-1
59,9,17,0.05700020119547844,player-3,35,28,47,32,player-3,player-3
59,10,18,0.044082989916205406,player-1,35,30,49,35,player-4,player-1
59,11,19,0.06466708146035671,player-3,35,32,52,35,player-1,player-3
59,12,21,0.09395810775458813,player-2,38,36,53,44,player-2,player-2
59,13,19,0.05270796827971935,player-1,40,40,55,47,player-3,player-1
59,14,17,0.0880418810993433,player-4,42,46,56,51,player-4,player-4
59,15,19,0.08233310654759407,player-3,48,51,72,51,player-1,player-3
60,1,22,0.0766250304877758,player-2,2,0,0,9,player-1,player-2
60,2,18,0.07258309051394463,player-3,2,1,4,14,player-2,player-3
60,3,17,0.05445792339742184,player-3,3,3,9,14,player-3,player-3
60,4,18,0.05783303640782833,player-1,6,10,12,20,player-4,player-1
60,5,20,0.07920805364847183,player-4,14,12,23,22,player-1,player-4
60,6,20,0.11516688391566277,player-1,23,14,28,22,player-2,player-1
60,7,20,0.047250185161828995,player-2,23,28,29,27,player-3,player-2
60,8,17,0.06025005131959915,player-4,27,29,32,38,player-4,player-4
60,9,29,0.06762496195733547,none,30,29,32,38,player-1,none
60,10,20,0.060374848544597626,player-1,33,34,40,42,player-2,player-1
60,11,17,0.03929203376173973,player-3,35,35,45,42,player-3,player-3
60,12,18,0.06558280438184738,player-1,44,35,52,48,player-4,player-1
60,13,17,0.05874992348253727,player-1,48,38,52,50,player-1,player-1
61,1,17,0.05745794624090195,player-2,3,2,0,3,player-2,player-2
61,2,17,0.050958944484591484,player-3,7,2,5,6,player-3,player-3
61,3,18,0.051416922360658646,player-1,12,7,9,12,player-4,player-1
61,4,17,0.06191711872816086,player-1,19,11,14,15,player-1,player-1
61,5,17,0.06183306686580181,player-2,22,17,16,15,player-2,player-2
61,6,25,0.05587516352534294,none,22,18,19,17,player-3,none
61,7,23,0.07045804522931576,player-2,23,21,22,18,player-4,player-2
61,8,17,0.04754215478897095,player-1,31,23,23,22,player-1,player-1
61,9,19,0.15579210594296455,player-4,33,24,26,25,player-2,player-4
61,10,17,0.08379202336072922,player-3,40,24,37,26,player-3,player-3
61,11,17,0.21770806051790714,player-4,44,26,37,35,player-4,player-4
61,12,17,0.04724995233118534,player-1,47,26,37,36,player-1,player-1
61,13,20,0.06079208105802536,player-1,53,31,37,39,player-2,player-1
61,14,19,0.14937506057322025,player-1,57,41,40,50,player-3,player-1
61,15,17,0.11120806448161602,player-4,59,42,43,55,player-4,player-4
62,1,20,0.2026660367846489,player-3,4,3,7,5,player-4,player-3
62,2,17,0.07983297109603882,player-1,11,7,10,7,player-1,player-1
62,3,28,0.07041590288281441,player-1,13,14,10,12,player-2,player-1
62,4,17,0.056957826018333435,player-3,15,16,14,13,player-3,player-3
62,5,25,0.08333311416208744,player-4,18,22,14,16,player-4,player-4
62,6,18,0.05070795305073261,none,20,26,14,18,player-1,none
62,7,18,0.06583286449313164,player-3,27,36,18,25,player-2,player-3
62,8,19,0.058416975662112236,player-1,27,39,21,31,player-3,player-1
62,9,18,0.0475000124424696,player-1,35,39,22,35,player-4,player-1
62,10,18,0.06312504410743713,player-2,37,52,25,38,player-1,player-2
62,11,19,0.07287506014108658,player-4,40,52,29,40,player-2,player-4
62,12,18,0.062000006437301636,player-4,41,52,33,48,player-3,player-4
63,1,18,0.05716690793633461,player-4,1,6,5,0,player-3,player-4
63,2,23,0.10958383791148663,player-2,3,16,12,5,player-4,player-2
63,3,16,0.03687501884996891,none,4,18,13,6,player-1,none
63,4,17,0.043665990233421326,player-2,4,25,13,7,player-2,player-2
63,5,18,0.05091703496873379,player-4,6,27,16,18,player-3,player-4
63,6,17,0.07341592572629452,player-4,8,32,16,20,player-4,player-4
63,7,19,0.0488748773932457,player-3,13,41,18,20,player-1,player-3
63,8,17,0.0463330652564764,player-2,15,45,19,20,player-2,player-2
63,9,17,0.04675006493926048,player-3,19,45,25,23,player-3,player-3
63,10,17,0.06220792420208454,player-4,19,50,26,31,player-4,player-4
63,11,17,0.051958952099084854,player-1,24,53,35,39,player-1,player-1
63,12,18,0.05725002847611904,player-3,28,59,40,43,player-2,player-3
64,1,21,0.06395811215043068,player-1,3,6,6,1,player-1,player-1
64,2,19,0.0677499920129776,player-4,5,10,9,4,player-2,player-4
64,3,17,0.0696659553796053,player-3,13,15,12,4,player-3,player-3
64,4,17,0.06400002166628838,player-4,19,15,16,7,player-4,player-4
64,5,20,0.08258293382823467,player-4,21,21,24,9,player-1,player-4
64,6,17,0.07654097862541676,player-2,25,27,28,9,player-2,player-2
64,7,19,0.057416968047618866,player-1,27,27,29,11,player-3,player-1
64,8,17,0.058416975662112236,player-4,28,34,35,13,player-4,player-4
64,9,18,0.05358387716114521,player-2,30,42,37,15,player-1,player-2
64,10,18,0.06970902904868126,player-3,30,47,41,18,player-2,player-3
64,11,19,0.08570891804993153,player-1,35,48,42,22,player-3,player-1
64,12,17,0.05850009620189667,player-4,35,52,46,29,player-4,player-4
64,13,17,0.05120784044265747,player-1,38,52,52,39,player-1,player-1
64,14,17,0.06295903585851192,player-2,42,62,56,45,player-2,player-2
65,1,21,0.06208289414644241,player-4,3,6,0,10,player-4,player-4
65,2,17,0.06841612048447132,player-1,5,13,4,10,player-1,player-1
65,3,17,0.04904111847281456,player-2,5,15,8,10,player-2,player-2
65,4,18,0.048457877710461617,player-4,13,17,8,11,player-3,player-4
65,5,20,0.049666035920381546,player-3,13,17,12,12,player-4,player-3
65,6,19,0.05779205821454525,player-3,18,17,16,13,player-1,player-3
65,7,25,0.08183298632502556,player-2,26,26,22,15,player-2,player-2
65,8,17,0.04891701973974705,player-3,33,28,27,19,player-3,player-3
65,9,17,0.05450006574392319,player-4,36,30,28,21,player-4,player-4
65,10,17,0.06254203617572784,player-1,44,32,28,21,player-1,player-1
65,11,18,0.0666668638586998,player-3,44,45,34,30,player-2,player-3
65,12,17,0.05312496796250343,player-3,49,45,40,32,player-3,player-3
65,13,17,0.09099999442696571,player-4,55,54,42,35,player-4,player-4
65,14,18,0.05341717042028904,player-2,57,68,44,38,player-1,player-2
66,1,22,0.06433296948671341,player-1,7,0,2,9,player-4,player-1
66,2,17,0.04937499761581421,player-1,14,1,2,9,player-1,player-1
66,3,17,0.048459041863679886,player-2,18,4,5,11,player-2,player-2
66,4,21,0.08229212835431099,player-3,27,4,11,14,player-3,player-3
66,5,18,0.05170796066522598,player-1,35,8,12,14,player-4,player-1
66,6,23,0.06666709668934345,player-3,39,9,15,14,player-1,player-3
66,7,21,0.07183314301073551,player-2,42,12,18,17,player-2,player-2
66,8,17,0.05258386954665184,player-3,43,15,20,20,player-3,player-3
66,9,18,0.04812516272068024,player-1,47,16,23,22,player-4,player-1
66,10,20,0.06329105235636234,player-4,50,22,25,26,player-1,player-4
66,11,17,0.05945796146988869,player-2,54,29,28,26,player-2,player-2
66,12,18,0.05574990063905716,player-4,57,34,30,31,player-3,player-4
66,13,17,0.06224983371794224,player-4,59,39,31,34,player-4,player-4
66,14,21,0.058333855122327805,player-1,67,40,32,34,player-1,player-1
66,15,17,0.05533406510949135,player-2,68,47,35,35,player-2,player-2
67,1,17,0.06691692396998405,player-3,3,0,2,5,player-3,player-3
67,2,17,0.05295802839100361,player-4,11,0,5,9,player-4,player-4
67,3,32,0.07916707545518875,player-4,14,8,7,12,player-1,player-4
67,4,17,0.055999960750341415,player-2,17,9,7,14,player-2,player-2
67,5,25,0.06254110485315323,player-3,23,11,15,14,player-3,player-3
67,6,18,0.07120799273252487,player-1,26,13,19,24,player-4,player-1
67,7,17,0.0524159986525774,player-1,31,13,20,27,player-1,player-1
67,8,23,0.05874992348253727,player-4,31,15,23,33,player-2,player-4
67,9,18,0.05679205060005188,player-4,33,15,26,40,player-3,player-4
67,10,24,0.07424992509186268,player-3,39,25,30,44,player-4,player-3
67,11,18,0.05991710349917412,player-2,42,32,35,44,player-1,player-2
67,12,19,0.058582983911037445,player-4,46,38,39,45,player-2,player-4
67,13,18,0.06800005212426186,player-4,51,43,47,49,player-3,player-4
67,14,22,0.07566716521978378,player-1,55,48,50,53,player-4,player-1
68,1,17,0.05545793101191521,player-4,0,3,3,4,player-4,player-4
68,2,19,0.054582953453063965,player-3,3,3,6,4,player-1,player-3
68,3,19,0.04875008016824722,none,3,9,8,7,player-2,none
68,4,18,0.053999945521354675,player-4,3,9,11,10,player-3,player-4
68,5,17,0.0516669824719429,player-4,6,11,16,22,player-4,player-4
68,6,21,0.06174994632601738,player-1,16,12,17,22,player-1,player-1
68,7,17,0.07620803080499172,player-2,16,24,20,29,player-2,player-2
68,8,22,0.05308305844664574,player-4,19,26,23,41,player-3,player-4
68,9,17,0.046457862481474876,player-4,22,28,23,46,player-4,player-4
68,10,21,0.07133395411074162,player-1,24,29,28,49,player-1,player-1
68,11,18,0.05787494592368603,player-3,27,30,34,52,player-2,player-3
68,12,20,0.06487499922513962,player-2,36,42,39,59,player-3,player-2
69,1,21,0.07091602310538292,player-2,1,10,6,0,player-2,player-2
69,2,17,0.05545793101191521,player-3,3,13,9,2,player-3,player-3
69,3,18,0.05820905789732933,player-1,12,13,11,4,player-4,player-1
69,4,25,0.06787502206861973,player-1,16,15,22,7,player-1,player-1
69,5,21,0.059791142120957375,player-2,18,20,24,10,player-2,player-2
69,6,17,0.04641711711883545,player-3,18,22,30,12,player-3,player-3
69,7,17,0.05983305163681507,player-4,20,23,31,14,player-4,player-4
69,8,19,0.05491706542670727,player-3,22,26,33,16,player-1,player-3
69,9,17,0.051541952416300774,player-2,24,34,39,17,player-2,player-2
69,10,18,0.07683411240577698,player-4,28,40,41,20,player-3,player-4
69,11,17,0.056666089221835136,player-4,30,49,44,25,player-4,player-4
69,12,18,0.041291117668151855,player-2,33,52,46,27,player-1,player-2
69,13,21,0.06449990905821323,player-2,33,62,46,28,player-2,player-2
69,14,17,0.05537504330277443,player-3,35,67,47,35,player-3,player-3
70,1,17,0.04470883868634701,player-4,1,0,4,2,player-4,player-4
70,2,17,0.056165968999266624,player-1,3,3,6,2,player-1,player-1
70,3,18,0.07229181937873363,player-3,7,8,11,3,player-2,player-3
70,4,17,0.04408392123878002,player-3,8,10,19,3,player-3,player-3
70,5,20,0.05558389239013195,player-3,9,21,22,6,player-4,player-3
70,6,17,0.056042103096842766,player-1,11,21,22,7,player-1,player-1
70,7,18,0.054625095799565315,player-3,12,31,23,11,player-2,player-3
70,8,19,0.06254203617572784,player-1,17,33,25,13,player-3,player-1
70,9,17,0.06162491627037525,player-4,20,37,36,20,player-4,player-4
70,10,28,0.07179193198680878,none,25,40,38,20,player-1,none
70,11,22,0.0766669400036335,player-3,28,40,44,20,player-2,player-3
70,12,17,0.05558319389820099,player-3,31,45,46,23,player-3,player-3
70,13,18,0.0574581790715456,player-1,45,47,59,23,player-4,player-1
71,1,17,0.06499979645013809,player-2,1,8,2,4,player-2,player-2
71,2,19,0.06466684862971306,player-1,7,8,4,6,player-3,player-1
71,3,19,0.08645793423056602,player-2,15,22,4,12,player-4,player-2
71,4,24,0.05612499080598354,none,17,27,4,14,player-1,none
71,5,18,0.059125013649463654,player-3,17,28,12,15,player-2,player-3
71,6,19,0.05708285607397556,player-1,25,32,14,19,player-3,player-1
71,7,17,0.056499848142266273,player-4,28,38,16,23,player-4,player-4
71,8,20,0.08412497118115425,player-4,28,52,23,42,player-1,player-4
71,9,17,0.05366699770092964,player-2,34,56,25,46,player-2,player-2
72,1,36,0.0860830768942833,player-3,5,5,10,4,player-4,player-3
72,2,17,0.051541952416300774,player-1,6,12,10,8,player-1,player-1
72,3,18,0.04712515510618687,player-3,7,13,10,9,player-2,player-3
72,4,20,0.055999960750341415,player-2,12,19,13,9,player-3,player-2
72,5,17,0.057541998103260994,player-4,14,19,19,17,player-4,player-4
72,6,19,0.08708308450877666,player-3,17,22,28,22,player-1,player-3
72,7,30,0.06579188629984856,none,19,26,28,22,player-2,none
72,8,28,0.05312496796250343,none,19,28,29,24,player-3,none
72,9,24,0.06883381865918636,player-3,21,28,32,31,player-4,player-3
72,10,20,0.04762480966746807,player-4,25,29,35,35,player-1,player-4
72,11,20,0.08312519639730453,player-1,36,29,45,39,player-2,player-1
72,12,17,0.05608308129012585,player-3,37,37,49,42,player-3,player-3
72,13,18,0.06612483412027359,player-1,46,43,49,51,player-4,player-1
72,14,17,0.062125036492943764,player-1,51,45,51,55,player-1,player-1
73,1,18,0.04645809531211853,player-1,6,3,1,6,player-4,player-1
73,2,17,0.059416983276605606,player-1,9,8,4,12,player-1,player-1
73,3,17,0.06441702134907246,player-2,10,18,7,14,player-2,player-2
73,4,17,0.05941581912338734,player-3,13,19,10,14,player-3,player-3
73,5,18,0.05154102109372616,player-1,16,24,11,15,player-4,player-1
73,6,21,0.06245914846658707,player-1,20,24,11,15,player-1,player-1
73,7,18,0.05629193037748337,player-3,28,26,19,23,player-2,player-3
73,8,17,0.05570799112319946,player-3,33,31,21,26,player-3,player-3
73,9,18,0.06970902904868126,player-1,34,34,25,29,player-4,player-1
73,10,18,0.058959005400538445,player-2,36,38,28,32,player-1,player-2
73,11,19,0.07258309051394463,player-4,46,42,40,38,player-2,player-4
73,12,19,0.05224999040365219,player-1,49,45,41,40,player-3,player-1
73,13,19,0.06541586481034756,player-2,53,49,48,46,player-4,player-2
74,1,17,0.05962490104138851,player-4,3,5,3,8,player-4,player-4
74,2,17,0.05550007335841656,player-1,7,9,8,8,player-1,player-1
74,3,28,0.06308406591415405,player-1,15,13,11,11,player-2,player-1
74,4,18,0.05550007335841656,player-4,18,16,13,14,player-3,player-4
74,5,17,0.0399579294025898,player-4,18,16,16,20,player-4,player-4
74,6,17,0.05970802158117294,player-1,21,20,16,26,player-1,player-1
74,7,19,0.04979199729859829,player-4,22,26,16,31,player-2,player-4
74,8,18,0.05641602911055088,player-4,23,30,20,37,player-3,player-4
74,9,19,0.05491613410413265,player-2,27,36,21,38,player-4,player-2
74,10,17,0.050541944801807404,player-1,29,40,24,41,player-1,player-1
74,11,20,0.06541609764099121,player-1,39,40,29,44,player-2,player-1
74,12,18,0.05137501284480095,player-4,42,46,32,45,player-3,player-4
74,13,22,0.08458318188786507,player-1,43,53,34,49,player-4,player-1
75,1,17,0.06820796988904476,player-2,6,7,1,5,player-2,player-2
75,2,18,0.06045820191502571,player-4,6,9,5,7,player-3,player-4
75,3,17,0.056541990488767624,player-4,8,9,12,13,player-4,player-4
75,4,22,0.06512505933642387,player-2,11,12,12,13,player-1,player-2
75,5,18,0.04729186184704304,player-3,11,16,15,14,player-2,player-3
75,6,17,0.046165892854332924,player-3,11,18,19,15,player-3,player-3
75,7,20,0.05712499842047691,player-3,12,18,25,19,player-4,player-3
75,8,17,0.0702079851180315,player-1,16,22,29,26,player-1,player-1
75,9,18,0.062125036492943764,player-3,20,24,32,28,player-2,player-3
75,10,18,0.05712499842047691,player-4,22,31,32,30,player-3,player-4
75,11,17,0.05450006574392319,player-4,22,31,38,37,player-4,player-4
75,12,18,0.045584049075841904,player-2,26,34,41,40,player-1,player-2
75,13,18,0.052042072638869286,player-3,31,37,44,40,player-2,player-3
75,14,17,0.052040908485651016,player-3,32,38,51,40,player-3,player-3
75,15,18,0.049083027988672256,player-1,40,45,58,45,player-4,player-1
75,16,18,0.08962489664554596,player-2,48,46,64,47,player-1,player-2
76,1,19,0.061499886214733124,player-2,2,2,0,5,player-4,player-2
76,2,19,0.07149996235966682,player-3,6,8,11,10,player-1,player-3
76,3,18,0.05729193799197674,player-3,6,9,13,13,player-2,player-3
76,4,18,0.08520903065800667,player-4,9,14,20,18,player-3,player-4
76,5,18,0.052540795877575874,player-1,12,17,20,22,player-4,player-1
76,6,18,0.05050003528594971,player-2,15,22,25,30,player-1,player-2
76,7,17,0.050416216254234314,player-2,15,22,28,32,player-2,player-2
76,8,17,0.05408306606113911,player-3,19,27,30,33,player-3,player-3
76,9,17,0.06183306686580181,player-4,19,32,32,41,player-4,player-4
76,10,17,0.052625080570578575,player-1,21,40,38,45,player-1,player-1
76,11,18,0.05575013346970081,player-3,22,42,42,49,player-2,player-3
76,12,21,0.04970794543623924,player-3,22,42,45,52,player-3,player-3
76,13,17,0.05333288572728634,player-4,23,44,49,58,player-4,player-4
77,1,17,0.041499966755509377,player-3,2,0,5,1,player-3,player-3
77,2,17,0.04079216159880161,player-4,3,2,8,5,player-4,player-4
77,3,17,0.05208305083215237,player-1,9,2,9,11,player-1,player-1
77,4,18,0.06262515671551228,player-3,11,4,13,17,player-2,player-3
77,5,18,0.042416853830218315,player-4,13,6,15,22,player-3,player-4
77,6,17,0.038458965718746185,player-4,15,7,17,24,player-4,player-4
77,7,17,0.04683411680161953,player-1,17,8,18,26,player-1,player-1
77,8,17,0.044667162001132965,player-2,17,10,20,30,player-2,player-2
77,9,17,0.04979199729859829,player-3,18,13,27,30,player-3,player-3
77,10,17,0.04066689871251583,player-4,18,14,29,35,player-4,player-4
77,11,19,0.05329190753400326,player-3,23,20,36,42,player-1,player-3
77,12,19,0.05729217082262039,player-4,26,25,39,46,player-2,player-4
77,13,25,0.06387499161064625,player-3,29,25,42,47,player-3,player-3
77,14,17,0.0577499158680439,player-4,32,26,43,54,player-4,player-4
77,15,17,0.05274987779557705,player-1,35,28,46,56,player-1,player-1
77,16,17,0.04874984733760357,player-2,39,32,47,57,player-2,player-2
77,17,18,0.056833960115909576,player-4,41,34,50,58,player-3,player-4
77,18,18,0.045208027586340904,player-1,46,35,50,58,player-4,player-1
77,19,20,0.07087481208145618,player-4,52,42,53,75,player-1,player-4
78,1,19,0.04975008778274059,player-1,6,1,3,0,player-3,player-1
78,2,26,0.07145805284380913,none,6,9,4,2,player-4,none
78,3,27,0.06512505933642387,player-3,7,11,9,5,player-1,player-3
78,4,25,0.06379210390150547,player-2,12,16,14,13,player-2,player-2
78,5,18,0.06124982610344887,player-4,16,19,18,14,player-3,player-4
78,6,17,0.05191587843000889,player-4,17,21,19,16,player-4,player-4
78,7,18,0.05670799873769283,player-2,28,32,22,18,player-1,player-2
78,8,22,0.05787494592368603,player-3,29,39,34,21,player-2,player-3
78,9,19,0.05012494511902332,player-1,33,44,36,21,player-3,player-1
78,10,19,0.059125013649463654,player-2,37,44,36,21,player-4,player-2
78,11,17,0.0644591636955738,player-1,39,45,40,23,player-1,player-1
78,12,17,0.046250177547335625,player-2,41,50,44,27,player-2,player-2
78,13,18,0.053333817049860954,player-4,45,52,50,28,player-3,player-4
78,14,20,0.0599580816924572,player-3,50,59,59,33,player-4,player-3
79,1,17,0.06566592492163181,player-2,9,11,0,0,player-2,player-2
79,2,17,0.054999953135848045,player-3,11,17,6,3,player-3,player-3
79,3,17,0.05233287811279297,player-4,16,21,15,10,player-4,player-4
79,4,22,0.057582976296544075,player-2,20,21,15,12,player-1,player-2
79,5,24,0.057165976613759995,player-1,25,22,15,14,player-2,player-1
79,6,17,0.045584049075841904,player-3,26,25,20,16,player-3,player-3
79,7,17,0.05350005812942982,player-4,26,27,25,22,player-4,player-4
79,8,19,0.05758320912718773,player-3,29,31,32,23,player-1,player-3
79,9,18,0.039582839235663414,none,29,33,33,23,player-2,none
79,10,17,0.04445808008313179,player-3,30,34,40,25,player-3,player-3
79,11,17,0.07445784285664558,player-4,36,34,42,29,player-4,player-4
79,12,17,0.051625072956085205,player-1,43,36,47,31,player-1,player-1
79,13,18,0.0580840278416872,player-3,45,40,49,32,player-2,player-3
79,14,17,0.053374795243144035,player-3,53,46,61,41,player-3,player-3
80,1,23,0.05504186265170574,player-1,4,3,5,4,player-3,player-1
80,2,23,0.08899997919797897,player-2,18,10,6,19,player-4,player-2
80,3,18,0.048084184527397156,player-2,19,22,8,20,player-1,player-2
80,4,20,0.059165991842746735,player-1,21,24,11,20,player-2,player-1
80,5,23,0.06450014188885689,player-1,25,24,18,26,player-3,player-1
80,6,20,0.05295802839100361,player-3,25,27,24,26,player-4,player-3
80,7,17,0.057957833632826805,player-1,36,30,35,27,player-1,player-1
80,8,17,0.05133310332894325,player-2,40,31,37,27,player-2,player-2
80,9,19,0.06629200652241707,player-1,47,33,41,29,player-3,player-1
80,10,20,0.06087496876716614,player-3,47,35,48,31,player-4,player-3
80,11,19,0.057999975979328156,player-3,48,39,53,34,player-1,player-3
81,1,17,0.059625133872032166,player-3,3,1,5,1,player-3,player-3
81,2,17,0.051374780014157295,player-4,5,1,9,4,player-4,player-4
81,3,17,0.05687493830919266,player-1,9,2,13,7,player-1,player-1
81,4,17,0.060957856476306915,player-2,16,8,18,7,player-2,player-2
81,5,17,0.04866695962846279,player-3,17,9,33,7,player-3,player-3
81,6,17,0.05179201252758503,player-4,24,14,42,12,player-4,player-4
81,7,19,0.05291705019772053,player-3,26,16,46,16,player-1,player-3
81,8,17,0.04216702654957771,player-2,29,23,47,19,player-2,player-2
81,9,17,0.04595797508955002,player-3,30,25,54,19,player-3,player-3
81,10,18,0.05762488581240177,player-1,35,30,58,19,player-4,player-1
81,11,21,0.06187497638165951,player-1,40,37,60,24,player-1,player-1
82,1,17,0.06229197606444359,player-2,4,7,9,0,player-2,player-2
82,2,17,0.0499160960316658,player-3,7,13,16,2,player-3,player-3
82,3,17,0.05983421579003334,player-4,11,16,25,6,player-4,player-4
82,4,21,0.0416669063270092,none,14,16,26,6,player-1,none
82,5,18,0.06620911881327629,player-3,19,18,29,14,player-2,player-3
82,6,19,0.05783303640782833,player-1,26,21,34,16,player-3,player-1
82,7,17,0.05508400499820709,player-4,29,21,36,21,player-4,player-4
82,8,18,0.06804196164011955,player-2,33,25,38,30,player-1,player-2
82,9,17,0.060374848544597626,player-2,33,32,38,37,player-2,player-2
82,10,18,0.044708140194416046,player-4,36,40,39,41,player-3,player-4
82,11,17,0.05362485535442829,player-4,41,45,39,48,player-4,player-4
82,12,17,0.05345814861357212,player-1,44,52,41,54,player-1,player-1
83,1,21,0.0567091628909111,player-2,3,3,2,1,player-2,player-2
83,2,18,0.0635830219835043,player-4,9,4,5,5,player-3,player-4
83,3,17,0.05050003528594971,player-4,9,8,9,7,player-4,player-4
83,4,23,0.06783311255276203,player-3,15,10,14,18,player-1,player-3
83,5,18,0.05087512545287609,player-3,17,14,17,21,player-2,player-3
83,6,18,0.052625080570578575,player-4,19,17,21,25,player-3,player-4
83,7,19,0.07045804522931576,player-2,21,23,23,30,player-4,player-2
83,8,19,0.05487515591084957,player-3,23,29,26,38,player-1,player-3
83,9,23,0.06491714157164097,player-4,26,33,35,47,player-2,player-4
83,10,17,0.0475000124424696,player-3,26,37,39,54,player-3,player-3
83,11,17,0.04441593773663044,player-4,26,39,39,57,player-4,player-4
83,12,17,0.05350005812942982,player-1,29,41,42,59,player-1,player-1
84,1,19,0.06958283483982086,player-4,2,2,0,11,player-2,player-4
84,2,20,0.059916870668530464,player-2,5,12,2,17,player-3,player-2
84,3,20,0.0830420758575201,player-3,5,19,2,22,player-4,player-3
84,4,21,0.04479195922613144,none,10,20,2,22,player-1,none
84,5,17,0.04429207183420658,player-2,12,23,6,24,player-2,player-2
84,6,22,0.05195802077651024,player-4,14,29,8,26,player-3,player-4
84,7,19,0.057499855756759644,player-2,14,30,10,28,player-4,player-2
84,8,17,0.060042133554816246,player-1,17,35,10,33,player-1,player-1
84,9,33,0.07116701453924179,player-2,21,40,12,38,player-2,player-2
84,10,18,0.05149981006979942,player-4,23,44,20,44,player-3,player-4
84,11,17,0.06133411079645157,player-4,26,44,23,49,player-4,player-4
84,12,17,0.053040916100144386,player-1,34,47,24,49,player-1,player-1
84,13,18,0.053999945521354675,player-3,34,48,31,55,player-2,player-3
85,1,24,0.07270812056958675,player-1,4,3,3,0,player-2,player-1
85,2,20,0.041708117350935936,none,5,3,7,0,player-3,none
85,3,17,0.05308305844664574,player-4,11,5,8,8,player-4,player-4
85,4,18,0.053167110309004784,player-2,13,8,12,10,player-1,player-2
85,5,17,0.048999907448887825,player-2,18,17,12,13,player-2,player-2
85,6,18,0.05270796827971935,player-4,22,20,18,14,player-3,player-4
85,7,17,0.04737498238682747,player-4,22,23,18,17,player-4,player-4
85,8,17,0.04854192957282066,player-1,27,28,20,21,player-1,player-1
85,9,18,0.04287506453692913,player-3,27,33,24,22,player-2,player-3
85,10,20,0.0527501106262207,player-2,30,39,25,24,player-3,player-2
85,11,17,0.04937499761581421,player-4,33,43,25,27,player-4,player-4
85,12,18,0.04679197445511818,player-2,40,49,26,29,player-1,player-2
85,13,20,0.06020884029567242,player-1,45,51,31,30,player-2,player-1
85,14,17,0.07429090328514576,player-3,47,53,34,30,player-3,player-3
85,15,17,0.07116701453924179,player-4,50,54,39,36,player-4,player-4
85,16,17,0.05820789374411106,player-1,54,54,41,39,player-1,player-1
85,17,17,0.0463749747723341,player-2,54,58,45,45,player-2,player-2
86,1,21,0.06354087963700294,player-2,5,5,11,2,player-2,player-2
86,2,19,0.050084199756383896,player-1,16,9,13,4,player-3,player-1
86,3,17,0.044250162318348885,player-4,16,9,13,17,player-4,player-4
86,4,19,0.05270796827971935,player-3,18,11,17,18,player-1,player-3
86,5,17,0.06733415648341179,player-2,18,18,17,23,player-2,player-2
86,6,22,0.06400002166628838,player-4,18,28,19,32,player-3,player-4
86,7,17,0.06341701373457909,player-4,20,32,23,38,player-4,player-4
86,8,17,0.0475000124424696,player-1,24,32,24,42,player-1,player-1
86,9,17,0.048625050112605095,player-2,33,35,25,42,player-2,player-2
86,10,17,0.07120799273252487,player-3,43,35,31,47,player-3,player-3
86,11,18,0.06462493911385536,player-1,52,37,33,51,player-4,player-1
86,12,18,0.05170912481844425,player-2,59,45,33,52,player-1,player-2
86,13,17,0.06329081952571869,player-2,62,55,36,54,player-2,player-2
87,1,17,0.05233287811279297,player-4,2,0,3,4,player-4,player-4
87,2,23,0.06983405910432339,player-3,17,5,9,10,player-1,player-3
87,3,22,0.06420793943107128,player-3,19,9,9,11,player-2,player-3
87,4,19,0.056499848142266273,player-1,22,14,10,13,player-3,player-1
87,5,19,0.05050003528594971,player-2,24,18,11,19,player-4,player-2
87,6,23,0.0552500132471323,player-3,26,18,14,20,player-1,player-3
87,7,20,0.05370797589421272,player-1,32,18,19,27,player-2,player-1
87,8,17,0.05087489262223244,player-3,34,20,27,27,player-3,player-3
87,9,18,0.052416929975152016,player-1,34,20,32,29,player-4,player-1
87,10,19,0.05804095417261124,player-3,37,22,42,33,player-1,player-3
87,11,17,0.06291596218943596,player-2,45,28,45,38,player-2,player-2
87,12,18,0.06408314220607281,player-4,60,32,56,50,player-3,player-4
88,1,18,0.06208312697708607,player-1,0,2,2,9,player-4,player-1
88,2,17,0.055416952818632126,player-1,2,12,2,14,player-1,player-1
88,3,17,0.063000014051795,player-2,2,28,4,20,player-2,player-2
88,4,17,0.05745794624090195,player-3,3,30,11,21,player-3,player-3
88,5,19,0.04733400419354439,player-2,6,30,13,23,player-4,player-2
88,6,19,0.05333404988050461,player-3,11,30,18,24,player-1,player-3
88,7,17,0.04595797508955002,player-2,15,34,20,24,player-2,player-2
88,8,17,0.04433398135006428,player-3,19,34,25,26,player-3,player-3
88,9,17,0.06595812737941742,player-4,22,37,29,32,player-4,player-4
88,10,18,0.056040938943624496,player-2,24,41,35,37,player-1,player-2
88,11,17,0.048083020374178886,player-2,24,46,35,38,player-2,player-2
88,12,19,0.06145797669887543,player-1,26,50,39,43,player-3,player-1
88,13,17,0.04829186946153641,player-4,29,52,40,46,player-4,player-4
88,14,25,0.08412497118115425,player-1,35,52,42,55,player-1,player-1
89,1,19,0.047042034566402435,player-1,2,2,4,0,player-3,player-1
89,2,19,0.057582976296544075,player-2,2,9,7,1,player-4,player-2
89,3,17,0.04787486977875233,player-1,8,12,9,3,player-1,player-1
89,4,18,0.04175002686679363,player-3,10,13,15,3,player-2,player-3
89,5,18,0.06579188629984856,player-4,13,16,20,7,player-3,player-4
89,6,21,0.043084146454930305,none,13,16,23,10,player-4,none
89,7,19,0.052167102694511414,player-3,16,16,26,17,player-1,player-3
89,8,22,0.060042133554816246,player-3,16,19,32,22,player-2,player-3
89,9,18,0.05879206582903862,player-4,18,28,35,24,player-3,player-4
89,10,17,0.05833292379975319,player-4,21,31,45,26,player-4,player-4
89,11,18,0.05695805884897709,player-2,24,33,45,33,player-1,player-2
89,12,21,0.06400002166628838,player-2,27,40,46,34,player-2,player-2
89,13,17,0.05120900459587574,player-3,27,45,52,34,player-3,player-3
89,14,20,0.059540849179029465,player-3,31,48,58,39,player-4,player-3
89,15,32,0.06370805203914642,none,36,50,60,39,player-1,none
89,16,18,0.048999907448887825,player-3,43,52,61,41,player-2,player-3
90,1,17,0.04724995233118534,player-1,7,1,1,2,player-1,player-1
90,2,17,0.05483301356434822,player-2,12,7,7,3,player-2,player-2
90,3,17,0.06312504410743713,player-3,13,11,14,5,player-3,player-3
90,4,17,0.0691248569637537,player-4,22,15,22,15,player-4,player-4
90,5,17,0.0463330652564764,player-1,29,15,25,20,player-1,player-1
90,6,18,0.05575013346970081,player-3,34,16,26,24,player-2,player-3
90,7,17,0.04891585558652878,player-3,34,21,30,24,player-3,player-3
90,8,17,0.043625012040138245,player-4,34,21,32,27,player-4,player-4
90,9,20,0.06770784966647625,player-4,36,24,35,32,player-1,player-4
90,10,17,0.07704203017055988,player-2,39,33,38,36,player-2,player-2
90,11,21,0.054999953135848045,player-3,43,36,45,39,player-3,player-3
90,12,26,0.07045897655189037,player-1,46,36,52,43,player-4,player-1
90,13,17,0.05270796827971935,player-1,57,36,53,45,player-1,player-1
91,1,17,0.04787510260939598,player-1,3,3,0,3,player-1,player-1
91,2,20,0.058167148381471634,player-1,7,4,5,5,player-2,player-1
91,3,17,0.05024997517466545,player-3,19,7,8,13,player-3,player-3
91,4,19,0.057791126891970634,player-2,23,16,8,16,player-4,player-2
91,5,17,0.04449998959898949,player-1,32,17,8,23,player-1,player-1
91,6,17,0.06362516433000565,player-2,34,24,17,23,player-2,player-2
91,7,17,0.0399160198867321,player-3,35,28,22,26,player-3,player-3
91,8,17,0.06108381785452366,player-4,39,28,22,29,player-4,player-4
91,9,18,0.0510411337018013,player-2,39,33,25,30,player-1,player-2
91,10,20,0.059416983276605606,player-1,44,34,31,36,player-2,player-1
91,11,17,0.041833147406578064,player-3,44,34,32,40,player-3,player-3
91,12,17,0.06083305925130844,player-4,44,42,32,49,player-4,player-4
91,13,17,0.04837499000132084,player-1,48,43,34,51,player-1,player-1
91,14,19,0.0477079302072525,player-4,51,44,37,56,player-2,player-4
92,1,18,0.048832967877388,player-3,1,5,7,2,player-2,player-3
92,2,19,0.05762488581240177,player-1,3,8,13,5,player-3,player-1
92,3,22,0.04658312536776066,none,5,9,15,6,player-4,none
92,4,18,0.05970802158117294,player-2,10,10,23,19,player-1,player-2
92,5,17,0.04854192957282066,player-2,10,13,25,19,player-2,player-2
92,6,18,0.05791592411696911,player-4,13,17,33,19,player-3,player-4
92,7,17,0.0541668850928545,player-4,13,21,38,23,player-4,player-4
92,8,18,0.04300009459257126,player-2,16,23,38,26,player-1,player-2
92,9,17,0.06087496876716614,player-2,20,36,41,29,player-2,player-2
92,10,17,0.047083012759685516,player-3,22,37,43,31,player-3,player-3
92,11,17,0.05733291618525982,player-4,22,42,46,33,player-4,player-4
92,12,17,0.061125028878450394,player-1,26,45,51,33,player-1,player-1
92,13,17,0.06441585719585419,player-2,32,46,54,37,player-2,player-2
92,14,17,0.044999876990914345,player-3,36,47,59,37,player-3,player-3
92,15,17,0.0605839304625988,player-4,36,49,68,43,player-4,player-4
93,1,20,0.056666089221835136,player-1,7,1,4,6,player-2,player-1
93,2,17,0.04087504930794239,player-3,9,2,8,8,player-3,player-3
93,3,17,0.05854107439517975,player-4,15,5,11,9,player-4,player-4
93,4,17,0.055999960750341415,player-1,28,8,16,9,player-1,player-1
93,5,17,0.042125117033720016,player-2,30,10,16,11,player-2,player-2
93,6,17,0.058125006034970284,player-3,37,19,23,13,player-3,player-3
93,7,17,0.05375011824071407,player-4,39,23,28,20,player-4,player-4
93,8,17,0.040207989513874054,player-1,41,24,28,22,player-1,player-1
93,9,18,0.05249981768429279,player-3,41,29,31,27,player-2,player-3
93,10,17,0.05524978041648865,player-3,41,37,36,28,player-3,player-3
93,11,19,0.04533305764198303,player-2,41,38,40,31,player-4,player-2
93,12,18,0.07808301597833633,player-2,44,47,44,35,player-1,player-2
93,13,17,0.06958399899303913,player-2,49,54,47,35,player-2,player-2
93,14,17,0.05391589365899563,player-3,52,57,54,35,player-3,player-3
94,1,17,0.06225006654858589,player-4,4,1,10,6,player-4,player-4
94,2,32,0.06612506695091724,player-4,6,9,10,9,player-1,player-4
94,3,20,0.06883405148983002,player-1,9,12,11,12,player-2,player-1
94,4,20,0.07879198528826237,player-2,14,19,18,16,player-3,player-2
94,5,17,0.04937499761581421,player-4,16,22,19,26,player-4,player-4
94,6,18,0.046250177547335625,player-2,21,28,23,26,player-1,player-2
94,7,18,0.05187490023672581,player-3,21,28,26,29,player-2,player-3
94,8,17,0.04108389839529991,player-3,21,31,29,32,player-3,player-3
94,9,19,0.047625042498111725,player-2,26,33,29,34,player-4,player-2
94,10,19,0.05908403545618057,player-3,28,34,32,34,player-1,player-3
94,11,18,0.04712492227554321,player-3,28,34,39,34,player-2,player-3
94,12,20,0.04841713234782219,player-2,30,38,40,35,player-3,player-2
94,13,17,0.05154102109372616,player-4,32,39,43,38,player-4,player-4
94,14,17,0.05625002086162567,player-1,37,39,44,38,player-1,player-1
94,15,18,0.04841596819460392,player-3,38,41,46,41,player-2,player-3
94,16,17,0.049042049795389175,player-3,47,47,48,44,player-3,player-3
94,17,20,0.05120900459587574,player-3,50,50,56,46,player-4,player-3
95,1,18,0.04850002005696297,player-2,6,4,3,1,player-1,player-2
95,2,24,0.05054217763245106,player-1,13,6,8,3,player-2,player-1
95,3,18,0.05312496796250343,player-4,18,11,10,7,player-3,player-4
95,4,24,0.05983398295938969,player-3,20,15,13,7,player-4,player-3
95,5,19,0.05425000563263893,player-3,21,18,16,7,player-1,player-3
95,6,17,0.05279085598886013,player-2,23,26,19,9,player-2,player-2
95,7,17,0.060333870351314545,player-3,27,31,24,11,player-3,player-3
95,8,19,0.053540803492069244,player-2,31,33,29,17,player-4,player-2
95,9,26,0.06620795466005802,player-2,36,38,30,24,player-1,player-2
95,10,24,0.05725002847611904,player-1,45,48,33,24,player-2,player-1
95,11,18,0.04966696724295616,player-4,45,52,35,29,player-3,player-4
95,12,17,0.037207966670393944,none,47,53,36,29,player-4,none
95,13,19,0.05425000563263893,player-3,52,55,43,33,player-1,player-3
95,14,17,0.0588749535381794,player-2,55,66,45,36,player-2,player-2
96,1,17,0.08200015872716904,player-4,5,3,4,5,player-4,player-4
96,2,17,0.04637520760297775,player-1,10,5,5,11,player-1,player-1
96,3,17,0.05966704338788986,player-2,13,15,9,18,player-2,player-2
96,4,17,0.08841603994369507,player-3,15,18,12,21,player-3,player-3
96,5,17,0.05737505853176117,player-4,19,18,15,24,player-4,player-4
96,6,20,0.06279186345636845,player-4,21,24,19,32,player-1,player-4
96,7,17,0.06637489423155785,player-2,29,32,21,36,player-2,player-2
96,8,19,0.05083414725959301,player-1,33,33,22,38,player-3,player-1
96,9,18,0.06795814260840416,player-1,39,33,27,41,player-4,player-1
96,10,17,0.07950002327561378,player-1,44,41,28,41,player-1,player-1
96,11,17,0.048666028305888176,player-2,46,47,28,42,player-2,player-2
96,12,18,0.06829202175140381,player-4,46,52,33,48,player-3,player-4
97,1,17,0.07645809091627598,player-1,4,2,1,0,player-1,player-1
97,2,17,0.057916855439543724,player-2,6,8,1,0,player-2,player-2
97,3,17,0.054042087867856026,player-3,8,12,4,1,player-3,player-3
97,4,17,0.04558311775326729,player-4,10,12,5,5,player-4,player-4
97,5,17,0.06400002166628838,player-1,16,14,7,8,player-1,player-1
97,6,20,0.10491698049008846,player-1,21,18,18,13,player-2,player-1
97,7,17,0.08229212835431099,player-3,22,20,20,13,player-3,player-3
97,8,25,0.07958291098475456,player-4,26,29,26,20,player-4,player-4
97,9,19,0.07962505333125591,player-3,31,33,33,20,player-1,player-3
97,10,18,0.06541679613292217,player-3,32,38,38,22,player-2,player-3
97,11,19,0.053916824981570244,player-1,34,38,42,23,player-3,player-1
97,12,17,0.06545800715684891,player-4,37,38,44,27,player-4,player-4
97,13,23,0.05212496034801006,none,39,39,49,29,player-1,none
97,14,17,0.05150004290044308,player-2,44,45,49,32,player-2,player-2
97,15,17,0.04491698928177357,player-3,47,48,53,36,player-3,player-3
98,1,17,0.05970802158117294,player-3,2,3,7,4,player-3,player-3
98,2,17,0.061791855841875076,player-4,3,5,9,6,player-4,player-4
98,3,17,0.05175010301172733,player-1,7,9,19,14,player-1,player-1
98,4,17,0.05762488581240177,player-2,7,20,22,19,player-2,player-2
98,5,17,0.0588749535381794,player-3,15,27,29,21,player-3,player-3
98,6,17,0.06325007416307926,player-4,17,29,31,27,player-4,player-4
98,7,17,0.061125028878450394,player-1,19,32,31,28,player-1,player-1
98,8,17,0.048999907448887825,player-2,21,38,35,32,player-2,player-2
98,9,20,0.04841596819460392,player-2,22,42,37,34,player-3,player-2
98,10,21,0.0649578869342804,player-4,24,46,42,35,player-4,player-4
98,11,18,0.07991702295839787,player-2,28,49,45,37,player-1,player-2
98,12,17,0.05979207344353199,player-2,33,61,51,47,player-2,player-2
99,1,26,0.06599980406463146,none,1,6,3,2,player-3,none
99,2,18,0.05645886994898319,player-1,4,6,8,7,player-4,player-1
99,3,17,0.06862496957182884,player-1,8,8,10,10,player-1,player-1
99,4,24,0.051083043217659,player-1,19,9,12,12,player-2,player-1
99,5,18,0.05337502807378769,player-4,22,10,20,17,player-3,player-4
99,6,19,0.055582961067557335,player-2,25,12,25,18,player-4,player-2
99,7,20,0.04575005732476711,player-4,26,12,29,20,player-1,player-4
99,8,18,0.04683295264840126,player-3,27,14,33,21,player-2,player-3
99,9,17,0.05925004370510578,player-3,27,19,41,24,player-3,player-3
99,10,18,0.04850002005696297,player-1,33,19,47,27,player-4,player-1
99,11,24,0.06266683340072632,player-4,35,25,55,30,player-1,player-4
99,12,19,0.05075009539723396,player-4,35,27,56,33,player-2,player-4
99,13,17,0.054540811106562614,player-3,38,35,56,37,player-3,player-3
99,14,19,0.06091594696044922,player-2,38,37,63,39,player-4,player-2
100,1,17,0.040416838601231575,player-1,5,0,0,2,player-1,player-1
100,2,17,0.045833876356482506,player-2,7,17,8,11,player-2,player-2
100,3,18,0.05266699008643627,player-4,9,17,11,15,player-3,player-4
100,4,18,0.050999922677874565,player-1,17,17,19,18,player-4,player-1
100,5,28,0.06337510421872139,player-4,19,17,25,22,player-1,player-4
100,6,17,0.04720897413790226,player-2,21,23,26,26,player-2,player-2
100,7,18,0.06354204379022121,player-4,28,27,32,29,player-3,player-4
100,8,18,0.05329097621142864,player-1,28,35,40,34,player-4,player-1
100,9,19,0.06533297710120678,player-3,30,37,44,41,player-1,player-3
100,10,17,0.06870902143418789,player-2,31,47,46,41,player-2,player-2
100,11,21,0.053958967328071594,player-3,31,50,47,43,player-3,player-3
100,12,19,0.059499870985746384,player-2,35,54,48,50,player-4,player-2
101,1,18,0.042208004742860794,player-2,1,4,1,1,player-1,player-2
101,2,17,0.055582961067557335,player-2,4,11,1,4,player-2,player-2
101,3,19,0.05366699770092964,player-1,9,13,9,7,player-3,player-1
101,4,17,0.04970794543623924,player-4,15,17,12,14,player-4,player-4
101,5,21,0.07787509821355343,player-1,21,26,25,18,player-1,player-1
101,6,21,0.06141606718301773,player-2,22,28,26,19,player-2,player-2
101,7,17,0.058374833315610886,player-3,31,39,36,22,player-3,player-3
101,8,20,0.06550014950335026,player-3,37,47,41,28,player-4,player-3
101,9,20,0.07095793262124062,player-4,48,49,58,30,player-1,player-4
102,1,18,0.051582930609583855,player-2,6,5,4,4,player-1,player-2
102,2,17,0.05229189991950989,player-2,10,8,6,4,player-2,player-2
102,3,19,0.05370797589421272,player-1,13,12,7,7,player-3,player-1
102,4,17,0.06187497638165951,player-4,15,17,13,13,player-4,player-4
102,5,21,0.05879206582903862,player-1,19,23,15,16,player-1,player-1
102,6,17,0.047958921641111374,player-2,21,29,17,20,player-2,player-2
102,7,22,0.05537504330277443,player-4,22,30,20,27,player-3,player-4
102,8,19,0.048416899517178535,player-2,24,36,23,33,player-4,player-2
102,9,22,0.06500002928078175,player-2,28,43,25,35,player-1,player-2
102,10,20,0.07495819590985775,player-1,35,50,27,42,player-2,player-1
102,11,22,0.0700000673532486,player-4,35,54,30,47,player-3,player-4
103,1,20,0.05991593934595585,player-2,0,7,6,5,player-3,player-2
103,2,26,0.058167148381471634,none,0,9,6,10,player-4,none
103,3,17,0.05945796146988869,player-1,8,13,8,10,player-1,player-1
103,4,24,0.08112494833767414,none,16,20,10,13,player-2,none
103,5,18,0.06258394569158554,player-4,17,24,14,18,player-3,player-4
103,6,17,0.051042065024375916,player-4,18,24,19,20,player-4,player-4
103,7,17,0.04491698928177357,player-1,23,26,19,22,player-1,player-1
103,8,22,0.04383292980492115,none,26,28,21,22,player-2,none
103,9,17,0.053374795243144035,player-3,33,28,25,28,player-3,player-3
103,10,17,0.06279093213379383,player-4,39,30,32,36,player-4,player-4
103,11,17,0.06312504410743713,player-1,45,35,38,44,player-1,player-1
103,12,17,0.046708155423402786,player-2,45,36,40,45,player-2,player-2
103,13,20,0.05987496115267277,player-2,53,40,41,47,player-3,player-2
103,14,17,0.04375004209578037,player-4,53,41,48,54,player-4,player-4
104,1,17,0.05591707304120064,player-4,3,2,6,1,player-4,player-4
104,2,17,0.05270889960229397,player-1,10,5,6,2,player-1,player-1
104,3,17,0.05933293141424656,player-2,16,11,8,4,player-2,player-2
104,4,17,0.055582961067557335,player-3,21,15,10,7,player-3,player-3
104,5,17,0.046625034883618355,player-4,24,18,13,11,player-4,player-4
104,6,17,0.0441248994320631,player-1,30,18,16,15,player-1,player-1
104,7,19,0.06441702134907246,player-4,32,23,21,26,player-2,player-4
104,8,17,0.058999983593821526,player-3,37,25,22,31,player-3,player-3
104,9,18,0.043999869376420975,player-1,40,26,23,35,player-4,player-1
104,10,17,0.050833215937018394,player-1,46,26,24,38,player-1,player-1
104,11,17,0.05175010301172733,player-2,48,38,26,40,player-2,player-2
104,12,19,0.063000014051795,player-1,54,39,33,45,player-3,player-1
104,13,17,0.061583006754517555,player-4,54,41,39,46,player-4,player-4
104,14,18,0.056416960433125496,player-2,57,47,47,47,player-1,player-2
105,1,17,0.052167102694511414,player-1,4,1,4,2,player-1,player-1
105,2,26,0.08616689592599869,player-3,6,7,14,14,player-2,player-3
105,3,17,0.05433405749499798,player-3,10,7,24,14,player-3,player-3
105,4,31,0.10291696526110172,player-2,17,15,27,16,player-4,player-2
105,5,19,0.06370805203914642,player-3,20,24,37,19,player-1,player-3
105,6,20,0.07045804522931576,player-1,26,32,38,33,player-2,player-1
105,7,18,0.0499580055475235,player-4,26,34,41,33,player-3,player-4
105,8,20,0.058916863054037094,player-3,26,39,42,38,player-4,player-3
105,9,17,0.04804180935025215,player-1,29,39,42,40,player-1,player-1
105,10,17,0.05470891483128071,player-2,30,48,45,44,player-2,player-2
105,11,18,0.05666702054440975,player-4,36,53,50,57,player-3,player-4
106,1,17,0.044958898797631264,player-3,2,2,3,0,player-3,player-3
106,2,20,0.06237509660422802,player-3,2,2,12,2,player-4,player-3
106,3,25,0.0786671880632639,player-1,5,4,16,17,player-1,player-1
106,4,17,0.05833408795297146,player-2,10,12,19,23,player-2,player-2
106,5,17,0.060625141486525536,player-3,12,14,29,28,player-3,player-3
106,6,18,0.04620780237019062,player-1,17,16,30,30,player-4,player-1
106,7,19,0.049208058044314384,player-3,21,17,37,30,player-1,player-3
106,8,17,0.04258309490978718,player-2,26,18,37,33,player-2,player-2
106,9,18,0.06987503729760647,player-4,29,24,42,37,player-3,player-4
106,10,17,0.04733284004032612,player-4,30,25,44,41,player-4,player-4
106,11,17,0.05087512545287609,player-1,33,31,48,52,player-1,player-1
106,12,19,0.06037508137524128,player-4,33,36,52,62,player-2,player-4
106,13,17,0.05333288572728634,player-3,34,42,56,66,player-3,player-3
107,1,20,0.06466708146035671,player-4,3,0,6,3,player-1,player-4
107,2,18,0.057541998103260994,player-3,4,0,10,8,player-2,player-3
107,3,18,0.055167125537991524,player-4,10,5,16,14,player-3,player-4
107,4,17,0.04912517033517361,player-4,12,8,22,20,player-4,player-4
107,5,20,0.05366699770092964,player-4,16,8,22,20,player-1,player-4
107,6,22,0.0563750509172678,player-3,22,13,25,20,player-2,player-3
107,7,33,0.0660410150885582,none,24,14,28,24,player-3,none
107,8,18,0.05308398976922035,player-1,31,16,32,26,player-4,player-1
107,9,17,0.06541586481034756,player-1,35,21,33,38,player-1,player-1
107,10,17,0.33216713927686214,player-2,41,24,36,42,player-2,player-2
107,11,18,0.1322501339018345,player-4,42,27,36,52,player-3,player-4
107,12,18,0.04850002005696297,player-1,45,29,36,55,player-4,player-1
107,13,17,0.06720889359712601,player-1,50,30,40,58,player-1,player-1
107,14,21,0.05529192276299,player-2,51,43,45,63,player-2,player-2
108,1,17,0.060582999140024185,player-4,4,4,1,5,player-4,player-4
108,2,17,0.07429206743836403,player-1,7,8,2,9,player-1,player-1
108,3,17,0.052957795560359955,player-2,11,11,2,9,player-2,player-2
108,4,20,0.06666593253612518,player-2,11,12,2,12,player-3,player-2
108,5,17,0.12283306568861008,player-4,20,13,5,18,player-4,player-4
108,6,18,0.08324999362230301,player-2,23,15,7,18,player-1,player-2
108,7,21,0.09341607801616192,player-2,25,17,8,20,player-2,player-2
108,8,18,0.0762909185141325,player-4,26,22,12,22,player-3,player-4
108,9,17,0.0514171551913023,player-4,29,26,13,23,player-4,player-4
108,10,17,0.05941605195403099,player-1,37,29,22,27,player-1,player-1
108,11,17,0.057165976613759995,player-2,46,30,25,33,player-2,player-2
108,12,22,0.06762496195733547,none,46,34,26,34,player-3,none
108,13,23,0.0666249543428421,player-2,57,39,26,35,player-4,player-2
108,14,20,0.04679197445511818,player-4,58,43,28,40,player-1,player-4
108,15,17,0.05904096178710461,player-2,61,46,28,42,player-2,player-2
108,16,21,0.06050011143088341,player-3,65,48,40,45,player-3,player-3
109,1,18,0.060999998822808266,player-3,2,0,2,1,player-2,player-3
109,2,17,0.048416899517178535,player-3,4,1,4,4,player-3,player-3
109,3,17,0.055584125220775604,player-4,7,10,13,9,player-4,player-4
109,4,22,0.045208027586340904,none,13,12,16,9,player-1,none
109,5,17,0.060542020946741104,player-2,13,23,20,19,player-2,player-2
109,6,18,0.05245814099907875,player-4,14,29,22,23,player-3,player-4
109,7,17,0.07312488742172718,player-4,18,34,32,30,player-4,player-4
109,8,19,0.06408314220607281,player-3,19,38,39,39,player-1,player-3
109,9,17,0.05229096859693527,player-2,26,42,40,44,player-2,player-2
109,10,20,0.05174987018108368,player-2,31,46,41,44,player-3,player-2
109,11,17,0.056499848142266273,player-4,35,48,45,53,player-4,player-4
110,1,17,0.05650008097290993,player-2,11,6,0,5,player-2,player-2
110,2,19,0.05116686224937439,player-1,11,8,5,10,player-3,player-1
110,3,18,0.1518328208476305,player-1,14,16,7,12,player-4,player-1
110,4,17,0.1561250537633896,player-1,16,18,14,18,player-1,player-1
110,5,19,0.08233403787016869,player-4,20,20,17,20,player-2,player-4
110,6,17,0.0790830235928297,player-3,21,27,21,20,player-3,player-3
110,7,19,0.21558417938649654,player-2,26,42,27,22,player-4,player-2
110,8,17,0.09354203939437866,player-1,28,44,28,23,player-1,player-1
110,9,19,0.06850017234683037,player-4,28,49,28,33,player-2,player-4
110,10,19,0.2030839677900076,player-1,30,52,32,35,player-3,player-1
110,11,17,0.11370796710252762,player-4,30,54,37,38,player-4,player-4
110,12,18,0.06066705100238323,player-2,39,65,44,42,player-1,player-2
111,1,17,0.10108412243425846,player-2,3,6,2,0,player-2,player-2
111,2,27,0.0635830219835043,player-1,7,7,4,4,player-3,player-1
111,3,20,0.0879999715834856,player-3,9,8,9,6,player-4,player-3
111,4,19,0.06662518717348576,player-3,9,9,16,7,player-1,player-3
111,5,17,0.053584109991788864,player-2,11,14,18,10,player-2,player-2
111,6,25,0.13083289377391338,player-3,16,16,28,13,player-3,player-3
111,7,17,0.0626659020781517,player-4,21,20,31,20,player-4,player-4
111,8,19,0.0855838879942894,player-3,27,20,38,24,player-1,player-3
111,9,20,0.08108303882181644,player-1,27,24,40,32,player-2,player-1
111,10,17,0.05608308129012585,player-3,27,28,41,36,player-3,player-3
111,11,18,0.05029095336794853,player-1,33,30,42,36,player-4,player-1
111,12,17,0.05012517794966698,player-1,38,33,42,40,player-1,player-1
111,13,19,0.08149980567395687,player-4,45,37,53,40,player-2,player-4
111,14,18,0.16199983656406403,player-4,47,41,56,45,player-3,player-4
112,1,17,0.12229196727275848,player-1,4,8,0,9,player-1,player-1
112,2,17,0.13591698370873928,player-2,4,14,0,13,player-2,player-2
112,3,17,0.07091602310538292,player-3,10,16,2,19,player-3,player-3
112,4,17,0.06383308209478855,player-4,10,19,3,21,player-4,player-4
112,5,18,0.04987511783838272,player-2,13,22,3,21,player-1,player-2
112,6,18,0.08708401583135128,player-3,16,22,12,22,player-2,player-3
112,7,17,0.0677499920129776,player-3,18,25,19,26,player-3,player-3
112,8,17,0.058582983911037445,player-4,21,29,22,29,player-4,player-4
112,9,17,0.06387499161064625,player-1,31,32,25,33,player-1,player-1
112,10,17,0.13475003652274609,player-2,34,45,29,33,player-2,player-2
112,11,17,0.2609170041978359,player-3,38,47,33,33,player-3,player-3
112,12,22,0.09862496517598629,player-1,38,51,41,39,player-4,player-1
112,13,17,0.05237502045929432,player-1,54,51,41,41,player-1,player-1
112,14,18,0.15908293426036835,player-3,59,54,42,41,player-2,player-3
113,1,17,0.06558280438184738,player-3,1,5,2,0,player-3,player-3
113,2,17,0.06450014188885689,player-4,2,6,6,6,player-4,player-4
113,3,24,0.08012494072318077,player-4,4,11,10,13,player-1,player-4
113,4,17,0.08187489584088326,player-2,4,29,12,26,player-2,player-2
113,5,17,0.05400017835199833,player-3,5,31,14,26,player-3,player-3
113,6,17,0.06325007416307926,player-4,5,36,23,33,player-4,player-4
113,7,24,0.08629192598164082,player-4,5,36,26,37,player-1,player-4
113,8,17,0.14383322559297085,player-2,6,42,27,40,player-2,player-2
113,9,17,0.06187497638165951,player-3,7,47,35,41,player-3,player-3
113,10,17,0.04941713996231556,player-4,8,49,37,46,player-4,player-4
113,11,20,0.057040946558117867,player-4,9,53,40,57,player-1,player-4
114,1,17,0.07983297109603882,player-1,9,3,3,2,player-1,player-1
114,2,18,0.10516587644815445,player-3,10,6,6,4,player-2,player-3
114,3,19,0.056541990488767624,player-1,15,9,8,4,player-3,player-1
114,4,20,0.08204090408980846,player-3,20,11,10,5,player-4,player-3
114,5,17,0.0639171339571476,player-1,26,16,12,8,player-1,player-1
114,6,17,0.08479203097522259,player-2,29,24,12,11,player-2,player-2
114,7,18,0.07724994793534279,player-4,31,32,14,16,player-3,player-4
114,8,30,0.08595804683864117,player-1,35,36,15,18,player-4,player-1
114,9,17,0.2872499171644449,player-1,36,39,18,19,player-1,player-1
114,10,17,0.48537482507526875,player-2,36,42,18,21,player-2,player-2
114,11,17,0.2314578741788864,player-3,36,45,22,26,player-3,player-3
114,12,18,0.48587494529783726,player-1,47,51,24,31,player-4,player-1
114,13,18,0.30229194089770317,player-2,51,62,24,37,player-1,player-2
114,14,17,0.1367910299450159,player-2,53,65,31,44,player-2,player-2
115,1,25,0.056958990171551704,none,3,3,2,4,player-4,none
115,2,18,0.05762488581240177,player-2,10,4,7,11,player-1,player-2
115,3,24,0.06391596980392933,player-1,13,4,9,13,player-2,player-1
115,4,18,0.05124998278915882,player-4,17,5,11,18,player-3,player-4
115,5,19,0.07149996235966682,player-2,17,14,13,21,player-4,player-2
115,6,18,0.659791985526681,player-2,19,24,14,28,player-1,player-2
115,7,17,0.13904203660786152,player-2,21,32,15,29,player-2,player-2
115,8,17,0.4256668034940958,player-3,24,38,23,31,player-3,player-3
115,9,17,0.4184169229120016,player-4,31,38,26,40,player-4,player-4
115,10,17,0.27420883998274803,player-1,34,45,31,45,player-1,player-1
115,11,17,0.059625133872032166,player-2,36,46,39,49,player-2,player-2
115,12,20,0.37800008431077003,player-2,37,48,43,54,player-3,player-2
116,1,17,0.5498749669641256,player-2,2,10,0,2,player-2,player-2
116,2,18,0.7628330495208502,player-4,2,11,2,9,player-3,player-4
116,3,20,0.18537510186433792,none,6,11,5,9,player-4,none
116,4,20,0.2762081567198038,player-4,8,14,6,16,player-1,player-4
116,5,17,0.4467919934540987,player-2,16,16,12,16,player-2,player-2
116,6,20,0.6264580879360437,player-2,16,18,13,16,player-3,player-2
116,7,17,0.12970808893442154,player-4,25,18,13,18,player-4,player-4
116,8,19,0.15241606160998344,player-3,28,23,14,18,player-1,player-3
116,9,27,0.1687919721007347,player-4,32,24,15,22,player-2,player-4
116,10,20,0.05550007335841656,player-2,35,27,18,24,player-3,player-2
116,11,19,0.08837482891976833,player-2,37,33,22,25,player-4,player-2
116,12,19,0.060333870351314545,player-3,40,36,30,26,player-1,player-3
116,13,18,0.06762496195733547,player-3,40,44,30,30,player-2,player-3
116,14,19,0.06825011223554611,player-1,49,48,30,35,player-3,player-1
116,15,19,0.05216686986386776,player-2,50,49,30,38,player-4,player-2
116,16,17,0.09104213677346706,player-1,54,49,32,40,player-1,player-1
116,17,17,0.10624993592500687,player-2,56,53,35,41,player-2,player-2
116,18,18,0.06066588684916496,player-4,56,53,41,41,player-3,player-4
116,19,18,0.08287490345537663,player-1,60,59,47,42,player-4,player-1
117,1,17,0.08358410559594631,player-3,4,4,3,0,player-3,player-3
117,2,18,0.05570799112319946,player-1,7,4,5,2,player-4,player-1
117,3,19,0.2079999540001154,player-3,10,15,6,4,player-1,player-3
117,4,17,0.13012485578656197,player-2,11,19,9,6,player-2,player-2
117,5,25,0.07750000804662704,player-3,13,21,18,9,player-3,player-3
117,6,18,0.22058305330574512,player-1,16,21,21,14,player-4,player-1
117,7,22,0.07691700011491776,player-2,23,27,24,19,player-1,player-2
117,8,18,0.05908310413360596,player-3,31,29,31,21,player-2,player-3
117,9,18,0.20333309657871723,player-4,33,31,40,23,player-3,player-4
117,10,17,0.15545799396932125,player-4,39,38,45,24,player-4,player-4
117,11,19,0.0844169408082962,player-3,48,43,49,27,player-1,player-3
117,12,30,0.07075001485645771,none,49,47,50,32,player-2,none
117,13,18,0.06329081952571869,player-4,53,48,54,32,player-3,player-4
118,1,18,0.06529083475470543,player-3,2,8,8,6,player-2,player-3
118,2,20,0.0953341368585825,player-2,3,11,9,12,player-3,player-2
118,3,23,0.05204183980822563,none,3,18,9,14,player-4,none
118,4,17,0.06204098463058472,player-1,9,24,19,14,player-1,player-1
118,5,17,0.04987511783838272,player-2,13,25,20,14,player-2,player-2
118,6,20,0.056541990488767624,player-2,13,26,21,14,player-3,player-2
118,7,18,0.059499870985746384,player-1,16,30,23,16,player-4,player-1
118,8,19,0.0675420742481947,player-3,23,35,26,20,player-1,player-3
118,9,18,0.07325015030801296,player-3,27,40,34,23,player-2,player-3
118,10,20,0.0602079089730978,player-2,33,46,37,25,player-3,player-2
118,11,17,0.06604194641113281,player-4,34,46,40,30,player-4,player-4
118,12,17,0.06270804442465305,player-1,41,46,42,34,player-1,player-1
118,13,18,0.06920890882611275,player-3,46,53,45,44,player-2,player-3
118,14,19,0.07395888678729534,player-1,54,55,45,49,player-3,player-1
119,1,19,0.06654090248048306,player-3,7,1,7,2,player-1,player-3
119,2,19,0.06849993951618671,player-4,15,5,7,12,player-2,player-4
119,3,19,0.060333870351314545,player-1,15,5,12,16,player-3,player-1
119,4,19,0.062333885580301285,player-2,20,14,12,19,player-4,player-2
119,5,20,0.08337502367794514,player-4,21,17,16,31,player-1,player-4
119,6,20,0.06262492388486862,player-1,21,18,20,36,player-2,player-1
119,7,17,0.04587485454976559,player-3,25,20,26,36,player-3,player-3
119,8,17,0.07441709749400616,player-4,25,24,30,40,player-4,player-4
119,9,17,0.05224999040365219,player-1,28,27,33,46,player-1,player-1
119,10,20,0.05224999040365219,none,28,29,35,46,player-2,none
119,11,18,0.08895806968212128,player-4,28,33,35,48,player-3,player-4
119,12,22,0.06441702134907246,player-1,35,36,35,51,player-4,player-1
119,13,18,0.05466700531542301,player-2,41,39,37,51,player-1,player-2
119,14,21,0.05629193037748337,player-2,43,43,38,52,player-2,player-2
119,15,17,0.05670799873769283,player-3,49,43,41,52,player-3,player-3
119,16,17,0.07566693238914013,player-4,52,50,42,58,player-4,player-4
120,1,27,0.0801661517471075,none,7,0,6,9,player-2,none
120,2,17,0.05862489342689514,player-3,9,2,10,12,player-3,player-3
120,3,22,0.06020884029567242,player-1,12,6,18,20,player-4,player-1
120,4,17,0.05591590888798237,player-1,19,10,20,23,player-1,player-1
120,5,17,0.052999937906861305,player-2,19,18,22,30,player-2,player-2
120,6,17,0.05350005812942982,player-3,23,24,27,30,player-3,player-3
120,7,19,0.063000014051795,player-2,26,28,33,37,player-4,player-2
120,8,19,0.06704102270305157,player-3,27,33,38,40,player-1,player-3
120,9,23,0.07937499321997166,player-4,27,35,46,43,player-2,player-4
120,10,17,0.042625004425644875,player-3,28,38,52,43,player-3,player-3
120,11,18,0.05066697485744953,player-1,39,41,56,47,player-4,player-1
120,12,17,0.06333296187222004,player-1,47,45,58,53,player-1,player-1
121,1,17,0.07041590288281441,player-2,7,2,0,4,player-2,player-2
121,2,20,0.06391690112650394,player-2,10,13,5,11,player-3,player-2
121,3,17,0.049791065976023674,player-4,14,21,14,11,player-4,player-4
121,4,17,0.056541990488767624,player-1,25,23,24,12,player-1,player-1
121,5,17,0.058416975662112236,player-2,32,32,26,17,player-2,player-2
121,6,18,0.08845794945955276,player-4,36,38,28,21,player-3,player-4
121,7,19,0.04812492989003658,player-2,38,38,29,26,player-4,player-2
121,8,17,0.05291611887514591,player-1,43,38,29,28,player-1,player-1
121,9,21,0.06991694681346416,player-2,47,43,31,32,player-2,player-2
121,10,18,0.05962490104138851,player-4,51,49,32,43,player-3,player-4
121,11,21,0.06995885632932186,player-4,55,52,32,49,player-4,player-4
122,1,16,0.03437488339841366,none,1,0,1,2,player-2,none
122,2,17,0.055957818403840065,player-3,6,4,11,5,player-3,player-3
122,3,18,0.11441693641245365,player-1,9,13,11,8,player-4,player-1
122,4,17,0.05383300594985485,player-1,12,13,12,11,player-1,player-1
122,5,17,0.05974993109703064,player-2,13,17,15,11,player-2,player-2
122,6,17,0.07349997758865356,player-3,17,18,20,14,player-3,player-3
122,7,17,0.08450006134808064,player-4,20,29,26,27,player-4,player-4
122,8,18,0.05666702054440975,player-2,24,36,27,27,player-1,player-2
122,9,18,0.06074993871152401,player-3,27,39,28,29,player-2,player-3
122,10,17,0.05379202775657177,player-3,30,42,29,35,player-3,player-3
122,11,18,0.05129189230501652,player-1,38,42,34,38,player-4,player-1
122,12,20,0.07795915007591248,player-4,39,45,36,44,player-1,player-4
122,13,20,0.05329097621142864,player-1,46,47,37,45,player-2,player-1
122,14,17,0.08491706103086472,player-3,47,47,45,48,player-3,player-3
122,15,18,0.15429104678332806,player-1,53,48,50,48,player-4,player-1
123,1,17,0.4737910348922014,player-4,0,2,2,5,player-4,player-4
123,2,18,0.2482919953763485,player-2,0,3,6,10,player-1,player-2
123,3,17,0.1768751535564661,player-2,4,11,11,13,player-2,player-2
123,4,17,0.21683401428163052,player-3,8,11,18,13,player-3,player-3
123,5,19,0.12720911763608456,none,8,15,22,13,player-4,none
123,6,22,0.9865839965641499,player-2,9,17,23,13,player-1,player-2
123,7,17,0.24637486785650253,player-2,9,25,28,17,player-2,player-2
123,8,17,0.27425005100667477,player-3,17,25,34,28,player-3,player-3
123,9,24,0.07558404467999935,none,23,28,34,36,player-4,none
123,10,16,0.16125012189149857,none,24,28,35,36,player-1,none
123,11,19,0.43712486512959003,player-4,30,31,36,37,player-2,player-4
123,12,17,0.5369579885154963,player-3,32,33,44,38,player-3,player-3
123,13,17,0.5090842023491859,player-4,37,35,45,43,player-4,player-4
123,14,18,1.0637498926371336,player-2,40,39,45,47,player-1,player-2
123,15,17,0.5308750551193953,player-2,42,44,45,51,player-2,player-2
123,16,17,0.1299581490457058,player-3,45,49,48,51,player-3,player-3
124,1,17,0.05787494592368603,player-3,0,2,6,3,player-3,player-3
124,2,19,0.090000219643116,player-2,3,4,9,8,player-4,player-2
124,3,17,0.06920797750353813,player-1,7,10,12,15,player-1,player-1
124,4,18,0.058125006034970284,player-3,9,12,16,22,player-2,player-3
124,5,18,0.0790830235928297,player-4,9,19,20,26,player-3,player-4
124,6,19,0.06037508137524128,player-2,12,22,22,29,player-4,player-2
124,7,23,0.0702079851180315,player-3,14,24,24,33,player-1,player-3
124,8,17,0.0768748577684164,player-2,16,36,24,40,player-2,player-2
124,9,19,0.06308313459157944,player-1,20,38,26,43,player-3,player-1
124,10,17,0.059374840930104256,player-4,20,41,31,48,player-4,player-4
124,11,20,0.0624579843133688,player-4,20,42,31,53,player-1,player-4
124,12,24,0.09370921179652214,player-1,26,58,36,53,player-2,player-1
125,1,18,0.06620795466005802,player-1,1,3,4,0,player-4,player-1
125,2,18,0.06404193118214607,player-2,2,11,5,5,player-1,player-2
125,3,17,0.06541702896356583,player-2,2,22,6,9,player-2,player-2
125,4,17,0.053374795243144035,player-3,4,25,10,10,player-3,player-3
125,5,19,0.05112495273351669,player-2,4,31,10,16,player-4,player-2
125,6,17,0.046042026951909065,player-1,6,33,12,16,player-1,player-1
125,7,20,0.06420910358428955,player-1,9,36,12,23,player-2,player-1
125,8,17,0.06062490865588188,player-3,15,39,16,26,player-3,player-3
125,9,17,0.061416998505592346,player-4,17,42,18,35,player-4,player-4
125,10,17,0.062125036492943764,player-1,24,49,23,37,player-1,player-1
125,11,19,0.0754999928176403,player-4,24,52,26,48,player-2,player-4
126,1,19,0.06108381785452366,player-1,8,1,0,2,player-3,player-1
126,2,18,0.05208398215472698,player-1,15,1,0,3,player-4,player-1
126,3,19,0.06500002928078175,player-3,17,4,5,7,player-1,player-3
126,4,17,0.05983281880617142,player-2,17,9,8,8,player-2,player-2
126,5,27,0.09899982251226902,player-1,31,12,13,11,player-3,player-1
126,6,19,0.06233411841094494,player-2,34,14,19,14,player-4,player-2
126,7,18,0.04687509499490261,player-2,35,18,23,16,player-1,player-2
126,8,19,0.06491690874099731,player-4,38,20,24,25,player-2,player-4
126,9,24,0.06262492388486862,player-2,43,26,28,25,player-3,player-2
126,10,17,0.09104190394282341,player-4,45,28,30,27,player-4,player-4
126,11,22,0.07687509059906006,player-2,49,36,34,33,player-1,player-2
126,12,20,0.06233295425772667,player-1,52,40,39,36,player-2,player-1
126,13,17,0.06220792420208454,player-3,52,45,42,36,player-3,player-3
126,14,20,0.08175009861588478,player-3,52,48,43,39,player-4,player-3
126,15,24,0.07520895451307297,none,57,48,44,41,player-1,none
127,1,18,0.08699996396899223,player-3,4,0,1,3,player-2,player-3
127,2,19,0.11262507177889347,player-1,6,1,5,3,player-3,player-1
127,3,23,0.24362490512430668,player-2,7,10,12,3,player-4,player-2
127,4,21,0.34420890733599663,player-1,11,15,13,6,player-1,player-1
127,5,20,0.34929090179502964,none,18,19,13,7,player-2,none
127,6,17,0.3536250442266464,player-3,19,24,18,10,player-3,player-3
127,7,24,0.16379100270569324,none,20,27,23,13,player-4,none
127,8,18,0.24674995802342892,player-2,21,34,24,15,player-1,player-2
127,9,17,0.04924996756017208,player-2,24,37,25,19,player-2,player-2
127,10,18,0.18687499687075615,player-4,24,43,29,27,player-3,player-4
127,11,17,0.39958301931619644,player-4,27,48,35,29,player-4,player-4
127,12,18,0.22841687314212322,player-2,29,51,38,31,player-1,player-2
127,13,17,0.05858391523361206,player-2,32,58,40,36,player-2,player-2
127,14,18,0.6760000251233578,player-4,32,60,40,40,player-3,player-4
128,1,29,0.9286669082939625,player-4,23,2,1,9,player-4,player-4
128,2,18,0.4162078257650137,player-2,27,7,4,13,player-1,player-2
128,3,17,0.2345831599086523,player-2,32,14,8,16,player-2,player-2
128,4,17,0.0637909397482872,player-3,35,16,12,18,player-3,player-3
128,5,23,0.07987511344254017,player-2,45,29,22,19,player-4,player-2
128,6,17,0.057958997786045074,player-1,51,31,26,21,player-1,player-1
128,7,18,0.05187513306736946,player-3,52,35,28,21,player-2,player-3
128,8,21,0.06458302959799767,player-3,57,38,36,23,player-3,player-3
128,9,17,0.07224990986287594,player-4,57,44,42,40,player-4,player-4
128,10,19,0.08762511424720287,player-3,60,52,45,44,player-1,player-3
129,1,19,0.05962490104138851,player-4,1,4,2,10,player-2,player-4
129,2,17,0.053584109991788864,player-3,2,4,4,13,player-3,player-3
129,3,17,0.05229213275015354,player-4,2,13,7,15,player-4,player-4
129,4,18,0.04129204899072647,none,4,16,9,20,player-1,none
129,5,17,0.05000014789402485,player-2,7,17,9,21,player-2,player-2
129,6,17,0.05687493830919266,player-3,12,19,10,23,player-3,player-3
129,7,21,0.07708300836384296,player-4,16,23,13,33,player-4,player-4
129,8,17,0.06029102951288223,player-1,17,28,13,34,player-1,player-1
129,9,17,0.05620787851512432,player-2,17,35,13,34,player-2,player-2
129,10,18,0.05820905789732933,player-4,17,36,14,41,player-3,player-4
129,11,30,0.07362500764429569,none,26,38,16,44,player-4,none
129,12,19,0.08270912803709507,player-3,30,40,21,46,player-1,player-3
129,13,20,0.052042072638869286,player-1,37,43,21,47,player-2,player-1
129,14,17,0.07554097101092339,player-3,42,45,30,53,player-3,player-3
129,15,17,0.08566700853407383,player-4,46,57,32,68,player-4,player-4
130,1,17,0.06812508217990398,player-3,2,4,1,3,player-3,player-3
130,2,20,0.0577499158680439,player-3,2,10,11,6,player-4,player-3
130,3,18,0.061166007071733475,player-2,3,21,12,13,player-1,player-2
130,4,17,0.06295903585851192,player-2,6,37,12,16,player-2,player-2
130,5,17,0.06212480366230011,player-3,6,45,15,20,player-3,player-3
130,6,17,0.15429197810590267,player-4,6,53,15,23,player-4,player-4
130,7,17,0.07150019519031048,player-1,8,57,22,24,player-1,player-1
130,8,17,0.055165961384773254,player-2,11,61,22,25,player-2,player-2
130,9,17,0.07445807568728924,player-3,15,62,28,27,player-3,player-3
130,10,17,0.05579087883234024,player-4,15,62,28,33,player-4,player-4
130,11,21,0.08129212073981762,player-1,23,64,41,34,player-1,player-1
130,12,24,0.0664170365780592,player-1,26,68,45,39,player-2,player-1
131,1,17,0.06433413363993168,player-3,3,3,6,0,player-3,player-3
131,2,19,0.1105419360101223,player-2,12,6,13,1,player-4,player-2
131,3,26,0.06308290176093578,none,16,8,13,1,player-1,none
131,4,18,0.13749999925494194,player-3,16,8,22,2,player-2,player-3
131,5,17,0.09766709990799427,player-3,22,14,30,2,player-3,player-3
131,6,18,0.1945409458130598,player-1,27,19,32,4,player-4,player-1
131,7,16,0.04437519237399101,none,29,19,32,8,player-1,none
131,8,18,0.06779097020626068,player-3,33,27,37,10,player-2,player-3
131,9,17,0.05808309651911259,player-3,36,30,38,11,player-3,player-3
131,10,20,0.05824980325996876,none,36,39,46,17,player-4,none
131,11,17,0.0653339084237814,player-1,43,39,47,25,player-1,player-1
131,12,19,0.06420793943107128,player-4,50,40,61,39,player-2,player-4
132,1,18,0.05470798350870609,player-2,1,7,0,6,player-1,player-2
132,2,17,0.062125036492943764,player-2,2,12,6,6,player-2,player-2
132,3,17,0.05183299072086811,player-3,3,17,14,6,player-3,player-3
132,4,20,0.07033278234302998,player-3,6,17,17,10,player-4,player-3
132,5,17,0.05450006574392319,player-1,11,17,21,12,player-1,player-1
132,6,20,0.06583309732377529,player-1,13,19,25,16,player-2,player-1
132,7,17,0.0527920201420784,player-3,16,19,29,19,player-3,player-3
132,8,17,0.04854192957282066,player-4,18,24,34,22,player-4,player-4
132,9,19,0.06849993951618671,player-3,21,32,38,31,player-1,player-3
132,10,20,0.06658281199634075,player-1,30,34,39,34,player-2,player-1
132,11,19,0.052999937906861305,player-1,35,36,42,35,player-3,player-1
132,12,17,0.04616682417690754,player-4,35,37,47,37,player-4,player-4
132,13,18,0.054042087867856026,player-2,35,44,50,40,player-1,player-2
132,14,20,0.08483300916850567,player-1,46,45,51,45,player-2,player-1
132,15,18,0.06829202175140381,player-4,48,51,53,47,player-3,player-4
133,1,17,0.06379210390150547,player-3,0,8,3,10,player-3,player-3
133,2,25,0.07866695523262024,player-4,2,9,11,17,player-4,player-4
133,3,17,0.04529091529548168,player-1,9,12,12,21,player-1,player-1
133,4,17,0.08379085920751095,player-2,9,30,16,29,player-2,player-2
133,5,19,0.06758281961083412,player-1,9,34,25,29,player-3,player-1
133,6,17,0.057208817452192307,player-4,9,35,27,36,player-4,player-4
133,7,19,0.061125028878450394,player-3,11,37,31,37,player-1,player-3
133,8,17,0.06366684101521969,player-2,11,40,36,49,player-2,player-2
133,9,18,0.04879198968410492,player-4,11,40,37,54,player-3,player-4
133,10,18,0.06912508979439735,player-1,16,41,39,57,player-4,player-1
133,11,20,0.048416899517178535,player-4,17,43,45,62,player-1,player-4
134,1,18,0.06562494672834873,player-1,1,4,3,1,player-4,player-1
134,2,19,0.06695813499391079,player-3,3,9,8,3,player-1,player-3
134,3,17,0.0715409405529499,player-2,7,14,11,8,player-2,player-2
134,4,18,0.06050011143088341,player-4,16,16,12,12,player-3,player-4
134,5,20,0.04824995994567871,player-3,18,17,16,13,player-4,player-3
134,6,18,0.06037508137524128,player-2,20,20,20,16,player-1,player-2
134,7,20,0.08287490345537663,player-1,23,29,26,19,player-2,player-1
134,8,17,0.053040916100144386,player-3,26,32,28,19,player-3,player-3
134,9,20,0.05083298310637474,player-3,27,34,36,20,player-4,player-3
134,10,17,0.058165984228253365,player-1,34,43,36,21,player-1,player-1
134,11,22,0.05370914004743099,player-3,42,47,38,21,player-2,player-3
134,12,18,0.06258301436901093,player-4,48,48,49,22,player-3,player-4
134,13,17,0.0689169391989708,player-4,50,50,53,24,player-4,player-4
135,1,17,0.06374996155500412,player-3,3,3,5,3,player-3,player-3
135,2,17,0.09233294986188412,player-4,8,4,7,9,player-4,player-4
135,3,18,0.13058306649327278,player-2,12,9,10,11,player-1,player-2
135,4,18,0.0660410150885582,player-3,19,16,16,18,player-2,player-3
135,5,17,0.06266706623136997,player-3,25,17,17,25,player-3,player-3
135,6,17,1.4358749613165855,player-4,25,19,21,29,player-4,player-4
135,7,21,0.07587508298456669,player-1,34,19,24,33,player-1,player-1
135,8,18,0.0691248569637537,player-3,34,24,28,39,player-2,player-3
135,9,18,0.05262484773993492,player-4,36,26,30,43,player-3,player-4
135,10,20,0.055833952501416206,player-3,40,26,42,45,player-4,player-3
135,11,20,0.3576250746846199,player-4,41,26,45,55,player-1,player-4
135,12,20,0.07170881144702435,player-1,51,29,52,59,player-2,player-1
136,1,22,0.0641250517219305,player-4,0,3,4,5,player-3,player-4
136,2,17,0.052625080570578575,player-4,2,8,8,9,player-4,player-4
136,3,17,0.05862489342689514,player-1,14,11,15,10,player-1,player-1
136,4,17,0.061625149101018906,player-2,15,14,17,11,player-2,player-2
136,5,17,0.06437511183321476,player-3,20,15,22,11,player-3,player-3
136,6,17,0.05716690793633461,player-4,22,16,24,16,player-4,player-4
136,7,17,0.07758405990898609,player-1,31,20,28,20,player-1,player-1
136,8,17,0.06116693839430809,player-2,32,28,28,22,player-2,player-2
136,9,18,0.05783303640782833,player-4,32,31,34,24,player-3,player-4
136,10,17,0.05333311855792999,player-4,32,33,40,26,player-4,player-4
136,11,17,0.0641250517219305,player-1,38,35,48,28,player-1,player-1
136,12,18,0.08054194040596485,player-3,40,44,54,33,player-2,player-3
136,13,17,0.05137501284480095,player-3,43,49,64,34,player-3,player-3
137,1,17,0.06633298471570015,player-2,1,1,4,6,player-2,player-2
137,2,24,0.06612506695091724,player-2,5,14,7,11,player-3,player-2
137,3,17,0.04333304241299629,player-4,7,15,10,14,player-4,player-4
137,4,18,0.07070903666317463,player-2,10,16,10,18,player-1,player-2
137,5,17,0.3147081006318331,player-2,13,22,10,26,player-2,player-2
137,6,17,0.0743749551475048,player-3,15,27,18,33,player-3,player-3
137,7,18,0.06874999962747097,player-1,17,30,24,34,player-4,player-1
137,8,17,0.06283307448029518,player-1,21,34,24,35,player-1,player-1
137,9,18,0.04995916970074177,player-3,22,38,32,41,player-2,player-3
137,10,21,0.06429082714021206,player-3,22,41,38,45,player-3,player-3
137,11,25,0.05908310413360596,player-4,26,42,41,53,player-4,player-4
137,12,28,0.07591699250042439,none,28,42,41,55,player-1,none
137,13,20,0.14820904470980167,player-1,31,44,41,57,player-2,player-1
138,1,20,0.07604202255606651,player-3,0,9,4,4,player-4,player-3
138,2,17,0.05337502807378769,player-1,4,12,9,10,player-1,player-1
138,3,17,0.0552500132471323,player-2,6,15,11,13,player-2,player-2
138,4,25,0.06387499161064625,player-3,8,16,17,16,player-3,player-3
138,5,27,0.07370789535343647,player-2,8,23,28,17,player-4,player-2
138,6,18,0.05683279596269131,player-2,13,27,28,18,player-1,player-2
138,7,18,0.0477498397231102,player-3,19,28,30,20,player-2,player-3
138,8,17,0.07320917211472988,player-3,31,33,34,21,player-3,player-3
138,9,17,0.0641669612377882,player-4,34,36,37,30,player-4,player-4
138,10,17,0.06354181095957756,player-1,38,36,42,36,player-1,player-1
138,11,17,0.060042133554816246,player-2,38,48,46,38,player-2,player-2
138,12,17,0.04000007174909115,player-3,38,48,53,42,player-3,player-3
138,13,17,0.056374818086624146,player-4,38,51,54,51,player-4,player-4
139,1,22,0.08220900781452656,player-1,7,3,0,6,player-4,player-1
139,2,19,0.07720803841948509,player-3,15,8,1,8,player-1,player-3
139,3,18,0.05970802158117294,player-3,16,14,4,10,player-2,player-3
139,4,17,0.05229189991950989,player-3,20,16,11,12,player-3,player-3
139,5,17,0.051999930292367935,player-4,23,20,17,13,player-4,player-4
139,6,19,0.05983398295938969,player-3,25,26,29,13,player-1,player-3
139,7,21,0.07320800796151161,player-2,28,35,30,16,player-2,player-2
139,8,17,0.054625095799565315,player-3,31,38,34,18,player-3,player-3
139,9,17,0.06191595457494259,player-4,36,40,34,25,player-4,player-4
139,10,17,0.04333397373557091,player-1,43,40,34,26,player-1,player-1
139,11,17,0.07341685704886913,player-2,46,44,37,27,player-2,player-2
139,12,26,0.06362493149936199,player-4,50,48,38,44,player-3,player-4
139,13,19,0.05179201252758503,player-2,50,51,42,47,player-4,player-2
139,14,18,0.06445893086493015,player-2,61,55,46,51,player-1,player-2
140,1,17,0.05266699008643627,player-1,1,2,2,6,player-1,player-1
140,2,17,0.057541998103260994,player-2,1,5,5,7,player-2,player-2
140,3,17,0.05383300594985485,player-3,3,7,11,9,player-3,player-3
140,4,18,0.04970910958945751,player-1,5,11,12,10,player-4,player-1
140,5,17,0.05545793101191521,player-1,14,17,17,15,player-1,player-1
140,6,27,0.06995885632932186,player-4,14,25,23,19,player-2,player-4
140,7,19,0.09900005534291267,player-1,17,29,30,22,player-3,player-1
140,8,17,0.05512498319149017,player-4,17,29,30,26,player-4,player-4
140,9,17,0.0689169391989708,player-1,22,31,31,28,player-1,player-1
140,10,17,0.054541975259780884,player-2,26,35,31,30,player-2,player-2
140,11,20,0.08120806887745857,player-2,32,49,34,39,player-3,player-2
140,12,27,0.0738329254090786,none,32,56,36,47,player-4,none
141,1,20,0.06491690874099731,player-1,5,7,2,0,player-2,player-1
141,2,19,0.07999991066753864,player-1,19,23,13,10,player-3,player-1
141,3,17,0.05362485535442829,player-4,19,31,14,16,player-4,player-4
141,4,17,0.0641250517219305,player-1,21,37,14,22,player-1,player-1
141,5,17,0.06270897574722767,player-2,21,45,17,29,player-2,player-2
141,6,21,0.09479210712015629,none,25,45,23,36,player-3,none
141,7,17,0.09012501686811447,player-4,29,48,26,38,player-4,player-4
141,8,17,0.06220908835530281,player-1,31,49,28,39,player-1,player-1
141,9,18,0.059125013649463654,player-3,34,53,29,42,player-2,player-3
141,10,18,0.05625002086162567,player-4,36,55,32,48,player-3,player-4
142,1,17,0.04924996756017208,player-4,3,2,0,4,player-4,player-4
142,2,17,0.048625050112605095,player-1,5,8,0,9,player-1,player-1
142,3,17,0.05170796066522598,player-2,5,11,1,14,player-2,player-2
142,4,17,0.04370789974927902,player-3,5,12,6,16,player-3,player-3
142,5,17,0.05687517113983631,player-4,7,15,9,25,player-4,player-4
142,6,18,0.06429199129343033,player-2,12,21,10,27,player-1,player-2
142,7,17,0.08420809172093868,player-2,16,24,16,29,player-2,player-2
142,8,17,0.060542020946741104,player-3,17,32,18,29,player-3,player-3
142,9,17,0.055916840210556984,player-4,22,32,27,34,player-4,player-4
142,10,21,0.06945803761482239,player-1,27,34,27,34,player-1,player-1
142,11,21,0.05729193799197674,player-2,27,44,31,37,player-2,player-2
142,12,28,0.059584155678749084,none,30,45,33,37,player-3,none
142,13,17,0.06812508217990398,player-4,36,46,35,46,player-4,player-4
142,14,18,0.058459118008613586,player-2,39,55,37,52,player-1,player-2
143,1,17,1.1292919516563416,player-4,3,3,2,5,player-4,player-4
143,2,18,0.06004096940159798,player-2,10,3,7,7,player-1,player-2
143,3,19,0.15737488865852356,player-4,11,5,12,12,player-2,player-4
143,4,21,0.06320793181657791,player-3,12,8,16,12,player-3,player-3
143,5,17,0.04487507976591587,player-4,14,8,19,19,player-4,player-4
143,6,21,0.07083313539624214,player-1,20,11,25,19,player-1,player-1
143,7,18,0.053582945838570595,player-3,27,16,33,21,player-2,player-3
143,8,17,0.08179200813174248,player-3,38,24,46,21,player-3,player-3
143,9,20,0.04891608841717243,none,38,27,46,25,player-4,none
143,10,17,0.2116248942911625,player-1,42,29,53,28,player-1,player-1
143,11,17,0.057416968047618866,player-2,44,34,55,28,player-2,player-2
143,12,20,0.1504998654127121,player-2,46,35,58,32,player-3,player-2
144,1,20,0.400167191401124,player-4,4,3,12,2,player-1,player-4
144,2,18,0.1543750986456871,player-3,6,6,22,2,player-2,player-3
144,3,25,0.07712515071034431,player-3,12,8,29,9,player-3,player-3
144,4,17,0.06570806726813316,player-4,12,9,36,17,player-4,player-4
144,5,19,0.08158315904438496,player-3,14,13,42,21,player-1,player-3
144,6,17,0.9868750348687172,player-2,16,20,45,25,player-2,player-2
144,7,18,0.09229197166860104,player-4,20,20,45,27,player-3,player-4
144,8,26,0.1391249243170023,none,21,22,47,32,player-4,none
144,9,18,0.05725002847611904,player-2,28,23,47,38,player-1,player-2
144,10,20,0.06500002928078175,player-1,34,28,50,38,player-2,player-1
144,11,19,0.3828748594969511,player-1,38,28,54,40,player-3,player-1
144,12,19,0.4867089446634054,player-2,46,32,61,46,player-4,player-2
145,1,17,0.055999960750341415,player-2,3,6,2,7,player-2,player-2
145,2,17,0.13895798474550247,player-3,4,10,11,9,player-3,player-3
145,3,17,0.23858295753598213,player-4,4,14,14,21,player-4,player-4
145,4,18,0.4538330249488354,player-2,6,20,14,30,player-1,player-2
145,5,17,0.28675002977252007,player-2,10,24,22,34,player-2,player-2
145,6,22,0.37912512198090553,player-4,15,24,24,35,player-3,player-4
145,7,19,0.46583404764533043,player-2,16,31,24,39,player-4,player-2
145,8,18,0.05808309651911259,player-2,18,37,24,42,player-1,player-2
145,9,17,0.04874984733760357,player-2,20,48,27,42,player-2,player-2
145,10,17,0.05487492308020592,player-3,24,49,30,43,player-3,player-3
145,11,23,0.07204222492873669,player-2,25,55,33,54,player-4,player-2
146,1,19,0.07579196244478226,player-1,4,5,6,1,player-3,player-1
146,2,19,0.05437503568828106,player-2,5,8,8,2,player-4,player-2
146,3,17,0.09495788253843784,player-1,13,13,14,2,player-1,player-1
146,4,19,0.06966618821024895,player-4,13,16,15,5,player-2,player-4
146,5,17,0.33033289946615696,player-3,18,16,23,5,player-3,player-3
146,6,20,0.0749579630792141,player-3,22,23,29,13,player-4,player-3
146,7,26,0.2126670442521572,none,22,30,31,13,player-1,none
146,8,17,0.044082989916205406,player-2,22,34,32,14,player-2,player-2
146,9,27,0.0627920962870121,player-1,26,37,35,15,player-3,player-1
146,10,20,0.21079089492559433,player-3,30,38,41,18,player-4,player-3
146,11,18,0.16812514513731003,player-2,34,46,44,20,player-1,player-2
146,12,20,0.07745809853076935,player-1,36,55,49,20,player-2,player-1
146,13,32,0.16316701658070087,player-2,38,61,53,21,player-3,player-2
146,14,18,0.14012516476213932,player-1,41,63,57,23,player-4,player-1
146,15,19,0.07045804522931576,player-3,47,70,61,27,player-1,player-3
147,1,20,0.06966688670217991,player-4,1,6,5,9,player-1,player-4
147,2,17,0.06408290937542915,player-2,2,10,6,11,player-2,player-2
147,3,19,0.1379579771310091,player-1,8,15,10,13,player-3,player-1
147,4,17,0.3838338889181614,player-4,13,15,11,15,player-4,player-4
147,5,17,0.05370914004743099,player-1,16,17,13,19,player-1,player-1
147,6,17,0.10624993592500687,player-2,19,25,13,21,player-2,player-2
147,7,17,0.0766250304877758,player-3,22,29,22,26,player-3,player-3
147,8,17,0.07558404467999935,player-4,26,32,25,29,player-4,player-4
147,9,32,0.1312911044806242,player-4,33,39,39,36,player-1,player-4
147,10,17,0.0689169391989708,player-2,34,47,43,39,player-2,player-2
147,11,19,0.07754121907055378,player-1,37,47,46,42,player-3,player-1
147,12,20,0.050958944484591484,none,38,52,47,44,player-4,none
147,13,18,0.06079208105802536,player-2,40,58,50,45,player-1,player-2
148,1,17,0.05187490023672581,player-3,1,3,4,3,player-3,player-3
148,2,23,0.07058307528495789,player-2,5,9,6,5,player-4,player-2
148,3,17,0.056167133152484894,player-1,9,10,6,6,player-1,player-1
148,4,28,0.05808286368846893,none,12,14,6,12,player-2,none
148,5,18,0.07379218004643917,player-4,12,16,7,20,player-3,player-4
148,6,19,0.09450013749301434,player-2,14,18,13,26,player-4,player-2
148,7,18,0.07612514309585094,player-2,18,28,14,28,player-1,player-2
148,8,17,0.04879198968410492,player-2,18,30,17,36,player-2,player-2
148,9,19,0.08741696365177631,player-1,24,35,19,40,player-3,player-1
148,10,17,0.05224999040365219,player-4,24,36,23,44,player-4,player-4
148,11,20,0.8525000885128975,player-4,26,37,23,50,player-1,player-4
148,12,21,0.29416708275675774,player-2,26,40,27,54,player-2,player-2
148,13,17,0.6093329284340143,player-3,28,47,33,54,player-3,player-3
149,1,18,0.0677499920129776,player-1,8,7,1,3,player-4,player-1
149,2,19,0.07233396172523499,player-3,13,11,1,5,player-1,player-3
149,3,17,0.3392500802874565,player-2,24,20,12,10,player-2,player-2
149,4,20,0.2026660367846489,player-2,27,21,18,17,player-3,player-2
149,5,17,0.07191603071987629,player-4,32,25,21,28,player-4,player-4
149,6,27,0.0802499707788229,none,36,27,35,34,player-1,none
149,7,32,0.08470914326608181,player-1,40,31,43,39,player-2,player-1
149,8,17,0.06287498399615288,player-3,40,31,47,40,player-3,player-3
149,9,25,0.0649159774184227,player-4,41,31,52,46,player-4,player-4
149,10,23,0.09458302520215511,player-3,43,39,58,52,player-1,player-3
150,1,17,0.058165984228253365,player-4,4,0,1,2,player-4,player-4
150,2,17,0.06520794704556465,player-1,8,3,2,4,player-1,player-1
150,3,18,0.051042065024375916,player-3,14,8,6,4,player-2,player-3
150,4,18,0.06450014188885689,player-4,18,9,10,5,player-3,player-4
150,5,17,0.05516689270734787,player-4,21,11,14,9,player-4,player-4
150,6,31,0.07737497799098492,player-3,28,11,22,11,player-1,player-3
150,7,19,0.05450006574392319,player-4,30,14,23,16,player-2,player-4
150,8,18,0.04991702735424042,player-4,35,14,28,20,player-3,player-4
150,9,18,0.07125013507902622,player-1,38,14,34,23,player-4,player-1
150,10,17,0.06291712634265423,player-1,42,14,34,24,player-1,player-1
150,11,19,0.06291596218943596,player-4,43,16,38,29,player-2,player-4
150,12,17,0.046625034883618355,player-3,44,20,40,30,player-3,player-3
150,13,18,0.05966704338788986,player-1,51,23,46,35,player-4,player-1
150,14,20,0.059582991525530815,player-4,51,27,47,43,player-1,player-4
150,15,19,0.09733298793435097,player-4,59,40,50,61,player-2,player-4
151,1,17,0.05820905789732933,player-4,1,4,4,5,player-4,player-4
151,2,17,0.049999915063381195,player-1,6,5,5,5,player-1,player-1
151,3,17,0.05608308129012585,player-2,6,10,16,8,player-2,player-2
151,4,20,0.07308297790586948,player-2,10,13,16,10,player-3,player-2
151,5,17,0.07075001485645771,player-4,11,15,18,17,player-4,player-4
151,6,17,0.05041714757680893,player-1,14,19,18,17,player-1,player-1
151,7,19,0.057040946558117867,player-4,15,23,19,25,player-2,player-4
151,8,28,0.07149996235966682,player-2,16,26,22,29,player-3,player-2
151,9,20,0.06883288733661175,player-3,23,29,25,30,player-4,player-3
151,10,20,0.0610831193625927,player-4,24,33,26,42,player-1,player-4
151,11,17,0.063000014051795,player-2,29,41,26,45,player-2,player-2
151,12,18,0.057625118643045425,player-4,33,45,28,55,player-3,player-4
152,1,18,0.1199580729007721,player-1,5,4,2,1,player-4,player-1
152,2,25,0.05933293141424656,player-1,11,4,4,2,player-1,player-1
152,3,18,0.0490827951580286,player-3,11,7,6,8,player-2,player-3
152,4,26,0.08795899339020252,none,14,10,10,15,player-3,none
152,5,17,0.06225006654858589,player-4,29,14,22,18,player-4,player-4
152,6,20,0.05337502807378769,player-4,31,15,23,22,player-1,player-4
152,7,17,0.06912508979439735,player-2,35,16,23,28,player-2,player-2
152,8,19,0.06008311174809933,player-1,37,20,27,31,player-3,player-1
152,9,18,0.07008295506238937,player-1,41,23,30,33,player-4,player-1
152,10,18,0.04624994471669197,player-2,41,25,30,35,player-1,player-2
152,11,18,0.06787502206861973,player-3,48,28,40,38,player-2,player-3
152,12,17,0.07395888678729534,player-3,48,31,41,38,player-3,player-3
152,13,19,0.10249996557831764,player-2,48,38,45,41,player-4,player-2
152,14,19,0.19649998284876347,player-3,56,44,46,44,player-1,player-3
153,1,17,0.08958391845226288,player-4,1,7,0,1,player-4,player-4
153,2,19,0.06191618740558624,player-3,5,13,2,1,player-1,player-3
153,3,22,0.06674998439848423,player-3,5,15,7,6,player-2,player-3
153,4,17,0.06437511183321476,player-3,7,25,12,8,player-3,player-3
153,5,18,0.07116701453924179,player-1,11,25,15,12,player-4,player-1
153,6,19,0.08204206824302673,player-3,13,25,23,14,player-1,player-3
153,7,20,0.09041698649525642,player-1,17,28,26,22,player-2,player-1
153,8,17,0.1167908776551485,player-3,23,33,28,26,player-3,player-3
153,9,18,0.07445807568728924,player-1,28,37,28,30,player-4,player-1
153,10,17,0.05987496115267277,player-1,28,40,32,34,player-1,player-1
153,11,18,0.09358301758766174,player-3,30,41,42,39,player-2,player-3
153,12,17,0.091583002358675,player-3,38,43,43,43,player-3,player-3
153,13,32,0.12124981731176376,player-3,41,45,46,47,player-4,player-3
153,14,17,0.05512498319149017,player-1,47,48,48,50,player-1,player-1
153,15,17,0.06504193879663944,player-2,52,54,51,51,player-2,player-2
154,1,17,0.0652081798762083,player-3,0,5,7,5,player-3,player-3
154,2,17,0.05762488581240177,player-4,2,6,11,9,player-4,player-4
154,3,19,0.06287498399615288,player-3,3,6,14,9,player-1,player-3
154,4,20,0.06662518717348576,player-1,7,9,20,12,player-2,player-1
154,5,17,0.0463749747723341,player-3,8,14,21,14,player-3,player-3
154,6,19,0.05050003528594971,player-2,9,20,21,16,player-4,player-2
154,7,19,0.07029203698039055,player-3,12,27,22,23,player-1,player-3
154,8,17,0.17033307813107967,player-2,12,38,22,24,player-2,player-2
154,9,17,0.10349997319281101,player-3,22,48,25,28,player-3,player-3
154,10,18,0.06625009700655937,player-1,26,48,26,31,player-4,player-1
154,11,17,0.05791708827018738,player-1,31,51,27,33,player-1,player-1
154,12,17,0.048832967877388,player-2,34,54,27,33,player-2,player-2
154,13,18,0.06074993871152401,player-4,34,60,28,33,player-3,player-4
154,14,18,0.058542005717754364,player-1,39,64,34,34,player-4,player-1
154,15,17,0.07158308289945126,player-1,46,68,40,39,player-1,player-1
155,1,29,0.0849161297082901,player-1,4,3,0,3,player-1,player-1
155,2,19,0.07349997758865356,player-4,7,4,4,8,player-2,player-4
155,3,17,0.1279159914702177,player-3,10,5,7,9,player-3,player-3
155,4,18,0.2644169144332409,player-1,14,9,12,18,player-4,player-1
155,5,20,0.07095793262124062,player-4,18,10,20,25,player-1,player-4
155,6,18,0.05375011824071407,player-3,22,12,24,28,player-2,player-3
155,7,19,0.06854208186268806,player-1,25,12,25,32,player-3,player-1
155,8,19,0.05587493069469929,player-2,30,15,26,34,player-4,player-2
155,9,19,0.057999975979328156,player-3,32,21,26,36,player-1,player-3
155,10,26,0.07337494753301144,player-3,34,24,34,42,player-2,player-3
155,11,20,0.06554205901920795,player-2,35,33,38,46,player-3,player-2
155,12,17,0.06349990144371986,player-4,35,39,41,50,player-4,player-4
155,13,18,0.06666709668934345,player-2,35,43,47,54,player-1,player-2
155,14,18,0.07454212754964828,player-3,42,49,50,65,player-2,player-3
156,1,19,0.05916692316532135,player-4,7,6,4,5,player-2,player-4
156,2,18,0.051625072956085205,player-4,9,10,7,11,player-3,player-4
156,3,17,0.06820796988904476,player-4,11,12,9,18,player-4,player-4
156,4,19,0.06195809692144394,player-3,12,15,11,20,player-1,player-3
156,5,20,0.06008311174809933,player-1,16,17,13,26,player-2,player-1
156,6,17,0.047833193093538284,player-3,17,19,16,32,player-3,player-3
156,7,17,0.05250005051493645,player-4,22,23,18,42,player-4,player-4
156,8,19,0.05437503568828106,player-3,27,25,20,45,player-1,player-3
156,9,17,0.053957803174853325,player-2,30,26,21,47,player-2,player-2
156,10,17,0.048832967877388,player-3,34,29,29,47,player-3,player-3
156,11,17,0.04824995994567871,player-4,35,33,37,54,player-4,player-4
156,12,18,0.07904088124632835,player-2,40,39,47,57,player-1,player-2
156,13,18,0.05208281800150871,player-3,42,41,51,57,player-2,player-3
156,14,17,0.054582953453063965,player-3,42,45,57,58,player-3,player-3
157,1,19,0.06387499161064625,player-3,3,0,9,0,player-1,player-3
157,2,24,0.06695813499391079,player-1,17,5,11,6,player-2,player-1
157,3,17,0.05787494592368603,player-3,25,8,12,6,player-3,player-3
157,4,22,0.055582961067557335,player-1,27,10,13,7,player-4,player-1
157,5,38,0.08316710591316223,player-2,27,18,13,7,player-1,player-2
157,6,21,0.06679212674498558,none,31,20,14,9,player-2,none
157,7,20,0.0879999715834856,player-2,34,28,25,16,player-3,player-2
157,8,18,0.05329190753400326,player-1,38,29,29,21,player-4,player-1
157,9,18,0.06574997678399086,player-2,41,30,29,27,player-1,player-2
157,10,17,0.04691700451076031,player-2,44,36,30,27,player-2,player-2
157,11,17,0.052999937906861305,player-3,50,41,32,35,player-3,player-3
157,12,17,0.05933293141424656,player-4,52,46,36,40,player-4,player-4
157,13,18,0.05712499842047691,player-2,60,53,38,44,player-1,player-2
157,14,18,0.07895799353718758,player-3,63,57,42,46,player-2,player-3
158,1,19,0.05866587162017822,player-3,1,0,4,3,player-1,player-3
158,2,19,0.06541586481034756,player-4,4,1,8,6,player-2,player-4
158,3,17,0.05695805884897709,player-3,4,3,13,8,player-3,player-3
158,4,25,0.08899997919797897,none,8,3,22,11,player-4,none
158,5,18,0.05370797589421272,player-2,11,8,23,13,player-1,player-2
158,6,18,0.11570798233151436,player-3,16,10,26,19,player-2,player-3
158,7,25,0.07145898416638374,none,18,14,31,20,player-3,none
158,8,17,0.1336249988526106,player-4,18,17,34,25,player-4,player-4
158,9,17,0.23895781487226486,player-1,22,24,41,29,player-1,player-1
158,10,29,0.6923330947756767,player-2,24,27,44,30,player-2,player-2
158,11,17,0.228791031986475,player-3,24,33,48,34,player-3,player-3
158,12,19,0.05733314901590347,player-2,26,40,49,38,player-4,player-2
158,13,19,0.5113750230520964,player-3,26,45,50,40,player-1,player-3
158,14,19,0.06804103031754494,player-4,30,46,52,45,player-2,player-4
158,15,21,0.06366707384586334,player-3,32,52,54,48,player-3,player-3
159,1,18,0.09470898658037186,player-1,7,6,10,2,player-4,player-1
159,2,17,0.09470805525779724,player-1,7,14,11,4,player-1,player-1
159,3,24,0.07083290256559849,player-1,18,19,14,4,player-2,player-1
159,4,23,0.07283315062522888,player-1,21,25,14,11,player-3,player-1
159,5,17,0.044999876990914345,player-4,23,27,16,15,player-4,player-4
159,6,17,0.06079091690480709,player-1,24,31,22,18,player-1,player-1
159,7,17,0.05741720087826252,player-2,25,37,24,27,player-2,player-2
159,8,30,0.07191603071987629,none,27,38,26,32,player-3,none
159,9,18,0.053999945521354675,player-1,32,39,29,34,player-4,player-1
159,10,17,0.04874984733760357,player-1,34,42,30,34,player-1,player-1
159,11,19,0.07133418694138527,player-4,34,43,37,40,player-2,player-4
159,12,18,0.054625095799565315,player-4,36,44,37,49,player-3,player-4
159,13,20,0.0635830219835043,player-3,40,44,41,49,player-4,player-3
159,14,20,0.050999922677874565,player-4,42,44,43,55,player-1,player-4
159,15,19,0.07762503810226917,player-4,45,47,49,62,player-2,player-4
160,1,18,0.05816691555082798,player-3,5,6,2,7,player-2,player-3
160,2,17,0.055582961067557335,player-3,11,10,8,10,player-3,player-3
160,3,23,0.08175009861588478,player-2,13,10,8,18,player-4,player-2
160,4,18,0.058125006034970284,player-2,15,15,11,19,player-1,player-2
160,5,20,0.0790830235928297,player-1,16,21,16,30,player-2,player-1
160,6,22,0.15979190357029438,player-4,19,22,17,40,player-3,player-4
160,7,26,0.0841671135276556,none,21,24,20,42,player-4,none
160,8,20,0.07308297790586948,player-4,27,29,22,51,player-1,player-4
160,9,17,0.06937491707503796,player-2,29,35,25,52,player-2,player-2
160,10,17,0.05162484012544155,player-3,29,41,27,54,player-3,player-3
160,11,17,0.04829093813896179,player-4,29,43,30,63,player-4,player-4
161,1,19,0.15941704623401165,player-1,3,2,3,0,player-3,player-1
161,2,18,0.07479195483028889,player-1,6,5,4,3,player-4,player-1
161,3,20,0.6699578370898962,player-4,10,5,17,10,player-1,player-4
161,4,17,0.2664588391780853,player-2,10,10,24,13,player-2,player-2
161,5,17,0.06283307448029518,player-3,19,17,33,20,player-3,player-3
161,6,17,0.05791708827018738,player-4,20,19,35,24,player-4,player-4
161,7,22,0.08470891043543816,player-2,26,26,37,33,player-1,player-2
161,8,19,0.06391596980392933,player-4,35,34,47,36,player-2,player-4
161,9,18,0.04895799793303013,player-4,37,36,51,40,player-3,player-4
161,10,17,0.16591697931289673,player-4,40,43,54,42,player-4,player-4
161,11,17,0.052165938541293144,player-1,43,45,57,43,player-1,player-1
162,1,17,0.08662487380206585,player-1,3,0,0,2,player-1,player-1
162,2,18,0.053625088185071945,player-3,3,1,6,5,player-2,player-3
162,3,17,0.06783311255276203,player-3,4,5,9,12,player-3,player-3
162,4,19,0.06450014188885689,player-2,8,8,11,19,player-4,player-2
162,5,17,0.06612483412027359,player-1,15,8,16,20,player-1,player-1
162,6,22,0.054582953453063965,none,17,10,19,22,player-2,none
162,7,23,0.08304184302687645,player-1,26,20,19,23,player-3,player-1
162,8,18,0.07062498480081558,player-1,33,25,21,29,player-4,player-1
162,9,17,0.04975008778274059,player-1,37,25,24,29,player-1,player-1
162,10,17,0.17887516878545284,player-2,37,29,25,31,player-2,player-2
162,11,17,0.3761670086532831,player-3,40,29,33,33,player-3,player-3
162,12,17,0.306915957480669,player-4,41,30,35,38,player-4,player-4
162,13,23,1.1165000032633543,player-3,43,31,41,40,player-1,player-3
162,14,17,0.4545000847429037,player-2,43,45,49,40,player-2,player-2
162,15,17,0.05508284084498882,player-3,45,47,50,40,player-3,player-3
162,16,17,0.062125036492943764,player-4,45,48,52,48,player-4,player-4
162,17,20,0.29895780608057976,player-4,53,50,57,53,player-1,player-4
163,1,18,0.10091695003211498,player-1,5,0,0,9,player-4,player-1
163,2,18,0.0554998405277729,player-2,5,3,3,16,player-1,player-2
163,3,18,0.09941705502569675,player-3,12,6,10,19,player-2,player-3
163,4,28,0.06862496957182884,none,14,9,13,21,player-3,none
163,5,17,0.061125028878450394,player-4,15,12,13,28,player-4,player-4
163,6,17,0.0624579843133688,player-1,20,15,13,29,player-1,player-1
163,7,17,0.12483401224017143,player-2,21,20,16,31,player-2,player-2
163,8,17,0.06637489423155785,player-3,25,26,21,35,player-3,player-3
163,9,17,0.20812498405575752,player-4,25,26,26,39,player-4,player-4
163,10,17,0.07845810614526272,player-1,29,27,32,39,player-1,player-1
163,11,17,0.18287496641278267,player-2,34,30,32,41,player-2,player-2
163,12,17,0.062125036492943764,player-3,34,35,39,42,player-3,player-3
163,13,19,0.07879105396568775,player-2,41,44,42,49,player-4,player-2
163,14,20,0.07016700692474842,player-4,44,47,45,53,player-1,player-4
164,1,17,0.1341670285910368,player-1,7,6,5,6,player-1,player-1
164,2,17,0.05425000563263893,player-2,10,13,5,7,player-2,player-2
164,3,17,0.055459095165133476,player-3,15,15,11,7,player-3,player-3
164,4,18,0.05108397454023361,player-1,17,20,14,9,player-4,player-1
164,5,19,0.05566701292991638,player-3,19,28,22,18,player-1,player-3
164,6,17,0.0514171551913023,player-2,20,31,24,21,player-2,player-2
164,7,18,0.05450006574392319,player-4,22,31,26,26,player-3,player-4
164,8,23,0.08808402344584465,player-2,22,35,34,32,player-4,player-2
164,9,20,0.07133395411074162,player-4,28,40,41,33,player-1,player-4
164,10,20,0.0730000901967287,player-1,40,42,45,34,player-2,player-1
164,11,17,0.10433304123580456,player-3,40,47,46,38,player-3,player-3
164,12,17,0.15283306129276752,player-4,42,48,50,40,player-4,player-4
164,13,19,0.05379202775657177,player-3,46,48,55,42,player-1,player-3
165,1,17,0.046416884288191795,player-3,2,0,4,3,player-3,player-3
165,2,17,0.053833937272429466,player-4,5,0,9,7,player-4,player-4
165,3,17,0.05141599103808403,player-1,8,3,14,10,player-1,player-1
165,4,17,0.053167110309004784,player-2,8,16,17,12,player-2,player-2
165,5,17,0.04366692155599594,player-3,11,19,18,15,player-3,player-3
165,6,17,0.052582938224077225,player-4,11,19,19,21,player-4,player-4
165,7,18,0.06937491707503796,player-2,12,29,19,23,player-1,player-2
165,8,17,0.0802499707788229,player-2,12,35,19,24,player-2,player-2
165,9,23,0.08954200893640518,player-1,18,36,27,26,player-3,player-1
165,10,20,0.07204106077551842,player-3,23,39,30,33,player-4,player-3
165,11,21,0.13550021685659885,player-1,26,44,30,35,player-1,player-1
165,12,19,0.06550014950335026,player-4,30,53,37,46,player-2,player-4
165,13,21,0.07483293302357197,player-3,33,60,47,56,player-3,player-3
166,1,38,0.08654105477035046,player-4,0,0,9,5,player-3,player-4
166,2,18,0.0754999928176403,player-1,6,2,16,5,player-4,player-1
166,3,18,0.06291689351201057,player-2,13,4,16,8,player-1,player-2
166,4,19,0.06791716441512108,player-4,16,6,19,11,player-2,player-4
166,5,22,0.05791708827018738,player-4,17,7,20,17,player-3,player-4
166,6,23,0.07700012065470219,player-2,17,17,26,18,player-4,player-2
166,7,17,0.09566592052578926,player-1,24,22,28,19,player-1,player-1
166,8,17,0.0550001859664917,none,24,24,28,19,player-2,none
166,9,17,0.04783296026289463,player-3,24,26,30,22,player-3,player-3
166,10,17,0.052999937906861305,player-4,24,28,37,28,player-4,player-4
166,11,19,0.05616620182991028,player-3,25,31,43,29,player-1,player-3
166,12,20,0.07595797069370747,player-1,30,31,44,31,player-2,player-1
166,13,20,0.06633414886891842,player-2,30,38,51,33,player-3,player-2
166,14,17,0.05387491546571255,player-4,32,40,51,42,player-4,player-4
166,15,17,0.08150003850460052,player-1,34,47,51,46,player-1,player-1
166,16,18,0.05533313378691673,player-3,44,57,53,54,player-2,player-3
167,1,29,0.07212487980723381,none,1,6,4,2,player-3,none
167,2,18,0.05504116415977478,player-1,6,9,5,5,player-4,player-1
167,3,17,0.05629216320812702,player-1,9,12,11,9,player-1,player-1
167,4,17,0.053041847422719,player-2,12,25,12,9,player-2,player-2
167,5,17,0.04324992187321186,player-3,12,26,18,11,player-3,player-3
167,6,18,0.06387499161064625,player-1,15,26,22,16,player-4,player-1
167,7,17,0.05212496034801006,player-1,23,28,25,21,player-1,player-1
167,8,18,0.04654191434383392,player-3,25,33,31,21,player-2,player-3
167,9,18,0.057582976296544075,player-4,26,34,34,25,player-3,player-4
167,10,34,0.08670915849506855,player-1,27,36,37,32,player-4,player-1
167,11,17,0.05120784044265747,player-1,29,36,42,35,player-1,player-1
167,12,17,0.08149980567395687,player-2,30,40,45,36,player-2,player-2
167,13,18,0.052416929975152016,player-4,33,41,46,36,player-3,player-4
167,14,17,0.07029203698039055,player-4,37,47,48,43,player-4,player-4
167,15,22,0.0914169941097498,player-2,39,60,53,49,player-1,player-2
168,1,17,0.058999983593821526,player-3,5,1,3,0,player-3,player-3
168,2,22,0.060582999140024185,player-1,12,3,5,4,player-4,player-1
168,3,25,0.09845802560448647,none,19,8,7,8,player-1,none
168,4,18,0.0588749535381794,player-3,21,16,9,12,player-2,player-3
168,5,17,0.06241584196686745,player-3,21,19,16,12,player-3,player-3
168,6,20,0.14129187911748886,player-3,23,19,25,19,player-4,player-3
168,7,25,0.1580000389367342,none,24,21,26,24,player-1,none
168,8,22,0.35491702146828175,player-3,30,25,31,30,player-2,player-3
168,9,17,1.1023329570889473,player-3,36,28,34,30,player-3,player-3
168,10,17,0.11741602793335915,player-4,36,28,37,37,player-4,player-4
168,11,17,0.07195817306637764,player-1,38,33,44,50,player-1,player-1
168,12,20,0.05249981768429279,player-1,42,33,45,51,player-2,player-1
168,13,17,0.04012486897408962,player-3,43,35,53,51,player-3,player-3
168,14,22,0.057499855756759644,player-1,48,37,58,54,player-4,player-1
169,1,19,0.06920797750353813,player-2,6,7,6,2,player-4,player-2
169,2,17,0.05274987779557705,player-1,12,11,6,4,player-1,player-1
169,3,25,0.08145812898874283,player-2,15,12,11,10,player-2,player-2
169,4,18,0.05712499842047691,player-4,16,13,18,15,player-3,player-4
169,5,21,0.05250005051493645,player-4,21,13,18,24,player-4,player-4
169,6,17,0.04675006493926048,player-1,26,14,21,24,player-1,player-1
169,7,22,0.06325007416307926,player-3,27,17,26,28,player-2,player-3
169,8,17,0.05966681055724621,player-3,29,19,34,30,player-3,player-3
169,9,20,0.12283399701118469,none,30,21,38,32,player-4,none
169,10,18,0.1052499283105135,player-2,33,27,40,35,player-1,player-2
169,11,19,0.06608408875763416,player-4,37,27,40,41,player-2,player-4
169,12,19,0.06491714157164097,player-1,42,31,44,45,player-3,player-1
169,13,17,0.12483308091759682,player-4,48,36,51,56,player-4,player-4
169,14,21,0.05466700531542301,player-1,51,41,56,56,player-1,player-1
170,1,18,0.06204121746122837,player-3,0,2,8,5,player-2,player-3
170,2,19,0.055957818403840065,player-1,2,4,10,7,player-3,player-1
170,3,17,0.07308297790586948,player-4,5,8,14,7,player-4,player-4
170,4,27,0.08075009100139141,player-3,10,11,20,15,player-1,player-3
170,5,29,0.1377500593662262,none,11,13,22,17,player-2,none
170,6,17,0.07320800796151161,player-3,11,19,27,19,player-3,player-3
170,7,17,0.0764590222388506,player-4,17,19,34,34,player-4,player-4
170,8,17,0.22695795632898808,player-1,20,22,36,38,player-1,player-1
170,9,17,0.05920790135860443,player-2,20,24,39,41,player-2,player-2
170,10,18,0.06929202936589718,player-4,23,33,40,43,player-3,player-4
170,11,18,0.05208281800150871,player-1,25,34,40,50,player-4,player-1
170,12,17,0.06400002166628838,player-1,28,42,42,55,player-1,player-1
170,13,17,0.05158386193215847,player-2,35,47,45,60,player-2,player-2
171,1,18,0.05345791578292847,player-1,6,3,0,1,player-4,player-1
171,2,17,0.10850001126527786,player-1,18,5,0,4,player-1,player-1
171,3,19,0.06537511944770813,player-4,24,5,5,11,player-2,player-4
171,4,20,0.0738748349249363,player-2,34,12,9,17,player-3,player-2
171,5,17,0.04458311013877392,player-4,35,12,9,23,player-4,player-4
171,6,20,0.05866703577339649,player-4,39,14,12,29,player-1,player-4
171,7,30,0.07591699250042439,player-3,41,21,20,31,player-2,player-3
171,8,19,0.07237493991851807,player-1,52,26,25,32,player-3,player-1
171,9,17,0.050584087148308754,player-4,58,26,30,48,player-4,player-4
171,10,17,0.06008311174809933,player-1,62,29,31,51,player-1,player-1
171,11,17,0.0641250517219305,player-2,72,39,33,51,player-2,player-2
172,1,17,0.22904202342033386,player-4,0,1,4,1,player-4,player-4
172,2,22,0.06512505933642387,player-2,2,7,7,5,player-1,player-2
172,3,19,0.10304199531674385,player-4,6,15,12,7,player-2,player-4
172,4,18,0.1372080296278,player-4,11,17,16,22,player-3,player-4
172,5,17,0.04791701212525368,player-4,15,19,19,26,player-4,player-4
172,6,18,0.05437503568828106,player-2,22,25,21,27,player-1,player-2
172,7,17,0.08308305405080318,player-2,26,36,25,42,player-2,player-2
172,8,17,0.06529106758534908,player-3,31,40,26,43,player-3,player-3
172,9,17,0.07216702215373516,player-4,35,48,29,49,player-4,player-4
172,10,19,0.07654190994799137,player-3,37,55,40,54,player-1,player-3
173,1,17,0.057999975979328156,player-3,4,4,11,0,player-3,player-3
173,2,17,0.06129196844995022,player-4,6,7,13,10,player-4,player-4
173,3,19,0.20595919340848923,player-3,10,7,17,21,player-1,player-3
173,4,19,0.11266698129475117,player-4,16,13,21,32,player-2,player-4
173,5,17,0.05495804361999035,player-3,19,16,28,33,player-3,player-3
173,6,20,0.06995908915996552,player-3,23,19,32,38,player-4,player-3
173,7,19,0.06616604514420033,player-3,26,21,38,41,player-1,player-3
173,8,21,0.34112483263015747,player-2,27,28,41,44,player-2,player-2
173,9,17,0.04283292219042778,player-3,28,31,48,44,player-3,player-3
173,10,17,0.0574581790715456,player-4,30,34,51,46,player-4,player-4
173,11,18,0.08525000885128975,player-2,30,39,51,50,player-1,player-2
173,12,17,0.055374810472130775,player-2,32,39,54,56,player-2,player-2
173,13,17,0.10475004091858864,player-3,36,42,67,60,player-3,player-3
174,1,17,0.07695797830820084,player-1,1,7,3,1,player-1,player-1
174,2,18,0.05354220047593117,player-3,2,12,9,3,player-2,player-3
174,3,17,0.05533313378691673,player-3,4,20,9,4,player-3,player-3
174,4,17,0.062499893829226494,player-4,6,22,9,14,player-4,player-4
174,5,19,0.12558302842080593,player-3,7,22,15,20,player-1,player-3
174,6,17,0.10095792822539806,player-2,9,26,17,21,player-2,player-2
174,7,30,0.10070903226733208,player-4,10,28,27,21,player-3,player-4
174,8,17,0.07045804522931576,player-4,16,29,30,31,player-4,player-4
174,9,21,0.12579094618558884,player-1,23,29,40,31,player-1,player-1
174,10,17,0.10120798833668232,player-2,28,31,44,31,player-2,player-2
174,11,17,0.10137492790818214,player-3,32,34,49,34,player-3,player-3
174,12,17,0.09774998761713505,player-4,32,34,49,40,player-4,player-4
174,13,17,0.1537920907139778,player-1,34,38,49,47,player-1,player-1
174,14,17,0.07804203778505325,player-2,36,44,52,49,player-2,player-2
174,15,27,0.6773748900741339,player-1,41,44,54,53,player-3,player-1
174,16,17,0.11770892888307571,player-4,45,48,63,55,player-4,player-4
175,1,24,0.25033392012119293,player-3,1,4,5,11,player-4,player-3
175,2,22,0.056416960433125496,none,4,5,6,13,player-1,none
175,3,17,0.1627081073820591,player-2,6,10,9,18,player-2,player-2
175,4,19,0.06337487138807774,player-1,13,14,14,20,player-3,player-1
175,5,17,0.07537496276199818,player-4,16,16,16,27,player-4,player-4
175,6,18,0.06349990144371986,player-2,18,24,16,31,player-1,player-2
175,7,18,0.07012486457824707,player-3,20,29,18,31,player-2,player-3
175,8,17,0.11237501166760921,player-3,23,31,25,31,player-3,player-3
175,9,25,0.23645884357392788,player-4,23,34,26,42,player-4,player-4
175,10,18,0.12008310295641422,player-2,26,38,27,46,player-1,player-2
175,11,17,0.07179100066423416,player-2,26,49,30,46,player-2,player-2
175,12,18,0.09116600267589092,player-4,28,49,33,49,player-3,player-4
175,13,17,0.24550012312829494,player-4,31,49,35,55,player-4,player-4
176,1,19,0.114459078758955,player-3,2,3,1,3,player-1,player-3
176,2,17,0.05808379501104355,player-2,5,11,1,8,player-2,player-2
176,3,17,0.0541249755769968,player-3,5,11,5,10,player-3,player-3
176,4,18,0.11595897376537323,player-1,11,17,9,13,player-4,player-1
176,5,18,0.06004190072417259,player-2,15,19,9,15,player-1,player-2
176,6,19,0.16291695646941662,player-4,19,22,11,16,player-2,player-4
176,7,17,0.13704202137887478,player-3,26,25,15,16,player-3,player-3
176,8,18,0.2042090054601431,player-1,36,25,24,20,player-4,player-1
176,9,19,0.6162088830024004,player-3,42,29,31,21,player-1,player-3
176,10,17,0.14054193161427975,player-2,51,36,38,21,player-2,player-2
176,11,17,0.07691700011491776,player-3,55,38,42,26,player-3,player-3
176,12,22,0.07504201494157314,player-1,74,42,52,28,player-4,player-1
177,1,19,0.07829209789633751,player-1,4,3,2,0,player-3,player-1
177,2,18,0.26325020007789135,player-1,6,7,4,7,player-4,player-1
177,3,18,0.05966704338788986,player-2,9,7,4,7,player-1,player-2
177,4,20,0.055042095482349396,player-1,13,11,4,7,player-2,player-1
177,5,19,0.06866687908768654,player-1,13,16,9,20,player-3,player-1
177,6,24,0.08087512105703354,player-3,22,18,13,22,player-4,player-3
177,7,17,0.05570799112319946,player-1,34,18,13,25,player-1,player-1
177,8,17,0.05445792339742184,player-2,38,21,13,26,player-2,player-2
177,9,19,0.057040946558117867,player-1,42,25,13,28,player-3,player-1
177,10,20,0.11716596782207489,player-3,42,25,21,30,player-4,player-3
177,11,23,0.5087500903755426,player-3,42,25,23,32,player-1,player-3
177,12,19,0.4966671112924814,player-4,44,30,28,38,player-2,player-4
177,13,17,0.6324590649455786,player-3,47,33,28,43,player-3,player-3
177,14,27,0.10954192839562893,none,49,38,35,51,player-4,none
177,15,19,0.06345799192786217,player-3,49,48,35,55,player-1,player-3
178,1,24,0.07333303801715374,player-1,1,3,0,2,player-2,player-1
178,2,17,0.06895884871482849,player-3,3,8,5,4,player-3,player-3
178,3,24,0.09449990466237068,player-3,4,23,7,4,player-4,player-3
178,4,17,0.10233302600681782,player-1,10,23,10,8,player-1,player-1
178,5,17,0.05870801396667957,player-2,13,26,11,14,player-2,player-2
178,6,17,0.25575002655386925,player-3,13,36,18,14,player-3,player-3
178,7,17,0.055416952818632126,player-4,15,36,18,21,player-4,player-4
178,8,19,0.05712499842047691,player-3,21,37,20,23,player-1,player-3
178,9,18,0.1715831458568573,player-3,23,42,27,27,player-2,player-3
178,10,20,0.24091708473861217,player-2,30,45,29,29,player-3,player-2
178,11,17,0.1787920482456684,player-4,30,49,31,36,player-4,player-4
178,12,17,0.16533397138118744,player-1,32,51,34,36,player-1,player-1
178,13,18,0.1964170951396227,player-3,40,51,44,38,player-2,player-3
178,14,18,0.1277080737054348,player-4,42,54,47,40,player-3,player-4
178,15,18,0.09454088285565376,player-1,47,56,53,46,player-4,player-1
179,1,17,0.05016708746552467,player-1,4,1,2,3,player-1,player-1
179,2,18,0.13970793224871159,player-3,6,6,10,6,player-2,player-3
179,3,19,0.14508399181067944,player-1,7,9,13,8,player-3,player-1
179,4,18,0.061916885897517204,player-1,13,16,24,9,player-4,player-1
179,5,18,0.050040893256664276,player-2,13,19,28,11,player-1,player-2
179,6,17,0.3890830557793379,player-2,17,25,29,12,player-2,player-2
179,7,18,0.3111250698566437,player-4,23,25,34,16,player-3,player-4
179,8,21,0.5104581359773874,player-4,23,25,36,18,player-4,player-4
179,9,17,0.5169170908629894,player-1,28,30,40,21,player-1,player-1
179,10,17,0.24629081599414349,player-2,30,41,44,27,player-2,player-2
179,11,18,0.20012492313981056,player-4,31,43,45,33,player-3,player-4
179,12,17,0.1382501795887947,player-4,32,45,47,36,player-4,player-4
179,13,20,0.22570788860321045,player-4,34,46,48,44,player-1,player-4
179,14,20,0.3099171444773674,player-1,37,55,51,44,player-2,player-1
179,15,17,0.28779194690287113,player-3,39,58,61,44,player-3,player-3
180,1,17,0.11983304284512997,player-1,4,2,2,6,player-1,player-1
180,2,17,0.07129088044166565,player-2,6,8,5,8,player-2,player-2
180,3,22,0.06558280438184738,player-4,8,10,6,13,player-3,player-4
180,4,31,0.1117088831961155,player-2,16,13,8,25,player-4,player-2
180,5,17,0.22187503054738045,player-1,21,13,10,25,player-1,player-1
180,6,23,0.5488751921802759,player-4,23,20,14,28,player-2,player-4
180,7,20,0.3338749520480633,player-2,26,28,18,30,player-3,player-2
180,8,19,0.2661249600350857,player-2,29,34,18,35,player-4,player-2
180,9,18,0.35516591742634773,player-2,33,36,20,38,player-1,player-2
180,10,17,0.3675408661365509,player-2,37,43,25,39,player-2,player-2
180,11,17,0.06824987940490246,player-3,39,49,28,43,player-3,player-3
180,12,20,0.0652919989079237,player-3,43,55,32,45,player-4,player-3
181,1,30,0.08012494072318077,none,11,3,4,2,player-4,none
181,2,17,0.10583293624222279,player-1,14,7,6,4,player-1,player-1
181,3,19,0.10008318349719048,player-4,14,9,13,15,player-2,player-4
181,4,17,0.05583302117884159,player-3,16,11,16,18,player-3,player-3
181,5,19,0.06516696885228157,player-2,22,18,20,19,player-4,player-2
181,6,18,0.05250005051493645,player-2,25,23,20,20,player-1,player-2
181,7,24,0.1057919580489397,player-1,26,24,22,22,player-2,player-1
181,8,19,0.14199991710484028,player-1,27,24,27,23,player-3,player-1
181,9,18,0.06320793181657791,player-1,28,25,32,25,player-4,player-1
181,10,20,0.06762496195733547,player-4,32,25,34,31,player-1,player-4
181,11,17,0.05425000563263893,player-2,37,33,36,31,player-2,player-2
181,12,20,0.14562509022653103,player-2,39,46,37,39,player-3,player-2
181,13,17,0.10633398778736591,player-4,41,47,39,42,player-4,player-4
181,14,17,0.05766702815890312,player-1,51,49,39,44,player-1,player-1
181,15,20,0.14316593296825886,player-1,51,54,45,44,player-2,player-1
181,16,17,0.0527501106262207,player-3,51,54,52,45,player-3,player-3
182,1,21,0.0702079851180315,player-3,3,8,3,1,player-3,player-3
182,2,17,0.05308305844664574,player-4,4,9,4,8,player-4,player-4
182,3,19,0.05787517875432968,player-3,6,15,7,11,player-1,player-3
182,4,17,0.08170795626938343,player-2,6,18,10,14,player-2,player-2
182,5,17,0.05929195322096348,player-3,8,18,16,18,player-3,player-3
182,6,19,0.05650008097290993,player-2,11,20,16,21,player-4,player-2
182,7,17,0.24966709315776825,player-1,13,20,18,25,player-1,player-1
182,8,17,0.13845786452293396,player-2,14,30,19,30,player-2,player-2
182,9,17,0.08904095739126205,player-3,20,33,21,34,player-3,player-3
182,10,19,0.08699996396899223,player-2,20,36,26,37,player-4,player-2
182,11,17,0.05737505853176117,player-1,25,38,28,39,player-1,player-1
182,12,18,0.06233295425772667,player-3,25,39,30,40,player-2,player-3
182,13,17,0.05612499080598354,none,26,40,33,40,player-3,none
182,14,19,0.07620779797434807,player-2,28,43,35,45,player-4,player-2
182,15,19,0.06904196925461292,player-3,29,43,38,49,player-1,player-3
182,16,17,0.05333404988050461,player-2,29,58,40,51,player-2,player-2
183,1,17,0.05274987779557705,player-2,1,1,2,0,player-2,player-2
183,2,17,0.057167140766978264,player-3,2,4,9,1,player-3,player-3
183,3,17,0.4414170980453491,player-4,2,9,10,7,player-4,player-4
183,4,17,0.08770893327891827,player-1,3,16,14,11,player-1,player-1
183,5,17,0.06404099985957146,player-2,8,21,15,16,player-2,player-2
183,6,18,0.05674990825355053,player-4,8,24,15,23,player-3,player-4
183,7,17,0.05175010301172733,player-4,18,33,18,32,player-4,player-4
183,8,22,0.06845896132290363,player-2,24,45,22,36,player-1,player-2
183,9,18,0.05470891483128071,player-3,26,49,27,36,player-2,player-3
183,10,17,0.06862496957182884,player-3,28,49,35,44,player-3,player-3
183,11,20,0.07233303040266037,player-3,31,53,42,46,player-4,player-3
183,12,19,0.05374988541007042,player-3,34,53,51,46,player-1,player-3
183,13,18,0.05345791578292847,player-3,38,54,59,50,player-2,player-3
184,1,18,0.073583098128438,player-3,3,0,3,6,player-2,player-3
184,2,20,0.07175002247095108,player-2,5,6,7,11,player-3,player-2
184,3,18,0.06574997678399086,player-1,8,11,14,20,player-4,player-1
184,4,17,0.06500002928078175,player-1,10,14,18,21,player-1,player-1
184,5,17,0.07108296267688274,player-2,11,18,21,29,player-2,player-2
184,6,19,0.05962490104138851,player-1,13,20,32,33,player-3,player-1
184,7,19,0.0605839304625988,player-2,14,21,33,35,player-4,player-2
184,8,17,0.17570797353982925,player-1,19,25,34,41,player-1,player-1
184,9,24,0.2213751431554556,player-1,24,26,41,43,player-2,player-1
184,10,17,0.061416998505592346,player-3,29,28,45,46,player-3,player-3
184,11,17,0.0552500132471323,player-4,31,30,50,52,player-4,player-4
184,12,19,0.06304099224507809,player-3,33,34,54,55,player-1,player-3
184,13,19,0.26524998247623444,player-4,34,36,56,57,player-2,player-4
184,14,17,0.21600001491606236,player-3,37,38,61,59,player-3,player-3
184,15,17,0.06220792420208454,player-4,41,39,61,67,player-4,player-4
185,1,17,0.050667207688093185,player-2,4,3,1,0,player-2,player-2
185,2,19,0.07133395411074162,player-1,11,3,1,4,player-3,player-1
185,3,19,0.33379090018570423,player-2,18,11,2,8,player-4,player-2
185,4,24,0.21387520246207714,none,22,11,2,13,player-1,none
185,5,17,0.3707499708980322,player-2,26,19,11,14,player-2,player-2
185,6,21,0.173875130712986,player-3,28,20,13,18,player-3,player-3
185,7,20,0.30325003899633884,player-3,30,22,22,19,player-4,player-3
185,8,19,0.06720889359712601,player-3,32,27,31,19,player-1,player-3
185,9,23,0.06999983452260494,player-4,32,27,37,19,player-2,player-4
185,10,21,0.07179193198680878,player-3,35,28,44,19,player-3,player-3
185,11,18,0.07216702215373516,player-1,35,34,47,20,player-4,player-1
185,12,19,0.12708292342722416,player-3,41,36,54,22,player-1,player-3
185,13,18,0.17083296552300453,player-3,43,40,55,29,player-2,player-3
185,14,17,0.23950007744133472,player-3,44,44,57,31,player-3,player-3
186,1,17,0.17058406956493855,player-4,9,0,4,11,player-4,player-4
186,2,19,0.07179193198680878,player-3,16,3,14,13,player-1,player-3
186,3,21,0.059999991208314896,player-2,19,8,16,13,player-2,player-2
186,4,24,0.06733299233019352,player-2,23,17,17,13,player-3,player-2
186,5,17,0.07320893928408623,player-4,24,20,21,15,player-4,player-4
186,6,22,0.08366606198251247,player-2,29,28,24,22,player-1,player-2
186,7,17,0.07204199209809303,player-2,31,33,26,25,player-2,player-2
186,8,17,0.07804203778505325,player-3,32,42,28,28,player-3,player-3
186,9,18,0.07941690273582935,player-1,35,49,32,29,player-4,player-1
186,10,19,0.07041706703603268,player-3,38,52,38,33,player-1,player-3
186,11,26,0.09354203939437866,none,44,52,38,33,player-2,none
186,12,19,0.12079090811312199,player-1,45,55,38,34,player-3,player-1
186,13,22,0.05150004290044308,none,48,55,40,39,player-4,none
186,14,19,0.05316687747836113,player-3,54,55,42,43,player-1,player-3
186,15,18,0.12800004333257675,player-3,63,59,47,47,player-2,player-3
187,1,17,0.07487507537007332,player-2,2,4,2,1,player-2,player-2
187,2,17,0.23154192604124546,player-3,7,9,9,6,player-3,player-3
187,3,19,0.05274987779557705,player-2,7,10,9,14,player-4,player-2
187,4,21,0.06070896051824093,player-1,12,13,10,17,player-1,player-1
187,5,21,0.06025005131959915,player-2,19,23,12,19,player-2,player-2
187,6,18,0.06700004450976849,player-4,20,25,16,28,player-3,player-4
187,7,18,0.06470899097621441,player-1,23,31,22,35,player-4,player-1
187,8,18,0.056916847825050354,player-2,28,31,25,40,player-1,player-2
187,9,18,0.06108288653194904,player-3,37,31,34,48,player-2,player-3
187,10,17,0.06870785728096962,player-3,41,31,37,52,player-3,player-3
187,11,19,0.04487507976591587,none,41,32,39,57,player-4,none
187,12,23,0.07341708987951279,player-3,45,33,43,63,player-1,player-3
187,13,26,0.07075001485645771,none,46,37,46,64,player-2,none
188,1,24,0.07016700692474842,player-3,2,6,2,1,player-4,player-3
188,2,17,0.04349998198449612,player-1,5,8,4,1,player-1,player-1
188,3,20,0.06479094736278057,player-1,9,11,5,2,player-2,player-1
188,4,17,0.16474979929625988,player-3,11,12,9,4,player-3,player-3
188,5,18,0.30816695652902126,player-1,14,12,14,5,player-4,player-1
188,6,17,0.04966696724295616,player-1,18,14,20,6,player-1,player-1
188,7,17,0.07329205982387066,player-2,21,17,26,17,player-2,player-2
188,8,17,0.08237501606345177,player-3,29,26,29,23,player-3,player-3
188,9,19,0.06125005893409252,player-2,30,39,33,30,player-4,player-2
188,10,20,0.12204190716147423,player-4,34,39,41,36,player-1,player-4
188,11,17,0.120165990665555,player-2,40,50,43,45,player-2,player-2
188,12,18,0.22170785814523697,player-4,41,52,44,50,player-3,player-4
189,1,27,0.2793329767882824,none,1,3,11,6,player-1,none
189,2,17,0.20712497644126415,player-2,4,4,11,7,player-2,player-2
189,3,17,0.18283305689692497,player-3,4,8,13,7,player-3,player-3
189,4,17,0.22541615180671215,player-4,7,13,16,11,player-4,player-4
189,5,31,0.7973751053214073,player-3,8,15,21,13,player-1,player-3
189,6,17,0.05729193799197674,player-2,8,17,25,15,player-2,player-2
189,7,19,0.06425008177757263,player-1,17,20,26,16,player-3,player-1
189,8,19,0.051167095080018044,player-2,18,22,27,20,player-4,player-2
189,9,17,0.4312910605221987,player-1,19,27,27,27,player-1,player-1
189,10,19,0.07495819590985775,player-4,21,29,28,31,player-2,player-4
189,11,17,0.2845830749720335,player-3,21,34,35,38,player-3,player-3
189,12,18,0.4100420046597719,player-1,24,42,35,41,player-4,player-1
189,13,17,0.1852500718086958,player-1,26,44,39,41,player-1,player-1
189,14,18,0.9634168818593025,player-3,28,46,50,42,player-2,player-3
189,15,19,0.25041610933840275,player-1,35,46,54,46,player-3,player-1
189,16,19,0.05970802158117294,player-2,41,51,63,47,player-4,player-2
190,1,23,0.10399986058473587,player-2,5,4,4,6,player-4,player-2
190,2,20,0.06962497718632221,player-4,7,5,8,13,player-1,player-4
190,3,17,0.06929086521267891,player-2,9,8,8,18,player-2,player-2
190,4,21,0.0669590663164854,player-3,15,9,13,18,player-3,player-3
190,5,17,0.05366699770092964,player-4,21,9,16,27,player-4,player-4
190,6,17,0.15841703861951828,player-1,23,9,18,27,player-1,player-1
190,7,17,0.18537510186433792,player-2,27,10,19,30,player-2,player-2
190,8,25,0.07016700692474842,none,31,20,20,38,player-3,none
190,9,20,0.4332910757511854,player-3,37,22,35,46,player-4,player-3
190,10,18,0.14920788817107677,player-2,41,26,36,46,player-1,player-2
190,11,15,0.49816607497632504,none,44,28,36,50,player-2,none
190,12,17,0.2675829455256462,player-3,46,33,44,50,player-3,player-3
190,13,20,0.12287497520446777,player-3,52,35,47,51,player-4,player-3
190,14,17,0.11758389882743359,player-1,58,37,49,53,player-1,player-1
191,1,17,0.07141614332795143,player-1,3,2,0,3,player-1,player-1
191,2,23,0.11200015433132648,player-4,7,4,2,7,player-2,player-4
191,3,31,0.7990838494151831,none,13,5,7,7,player-3,none
191,4,19,0.05958392284810543,player-2,13,5,10,9,player-4,player-2
191,5,17,0.07404107600450516,player-1,16,7,12,9,player-1,player-1
191,6,17,0.10141590610146523,player-2,17,10,14,14,player-2,player-2
191,7,17,0.052459072321653366,player-3,20,10,19,18,player-3,player-3
191,8,17,0.05570799112319946,player-4,20,10,22,24,player-4,player-4
191,9,18,0.5996248219162226,player-2,20,15,23,27,player-1,player-2
191,10,17,0.16300007700920105,player-2,24,16,25,29,player-2,player-2
191,11,19,0.07737497799098492,player-1,31,16,27,30,player-3,player-1
191,12,17,0.11729216203093529,player-4,33,19,28,33,player-4,player-4
191,13,29,0.31883385963737965,none,34,20,31,39,player-1,none
191,14,17,0.0825000461190939,player-2,41,23,36,41,player-2,player-2
191,15,17,1.3002089690417051,player-3,44,27,48,42,player-3,player-3
191,16,20,0.9709999430924654,player-3,51,36,54,49,player-4,player-3
192,1,17,0.13195793144404888,player-2,8,5,0,4,player-2,player-2
192,2,20,0.14312495477497578,player-2,13,7,1,8,player-3,player-2
192,3,18,0.3132089041173458,player-1,18,8,7,10,player-4,player-1
192,4,21,0.16424991190433502,player-1,21,13,15,18,player-1,player-1
192,5,18,0.25029201060533524,player-3,25,15,23,21,player-2,player-3
192,6,18,0.18362514674663544,player-4,26,17,29,27,player-3,player-4
192,7,17,0.15870784409344196,player-4,27,21,31,34,player-4,player-4
192,8,19,0.058125006034970284,player-3,28,24,40,37,player-1,player-3
192,9,17,0.049042049795389175,player-2,29,28,40,38,player-2,player-2
192,10,17,0.1421249471604824,player-3,32,30,51,38,player-3,player-3
192,11,19,0.07804203778505325,player-2,32,39,53,45,player-4,player-2
192,12,17,0.06424984894692898,player-1,37,47,65,54,player-1,player-1
193,1,17,0.054541975259780884,player-2,4,6,2,2,player-2,player-2
193,2,18,0.053833937272429466,player-4,6,13,5,6,player-3,player-4
193,3,29,0.10079191997647285,player-4,14,18,7,19,player-4,player-4
193,4,17,0.049250200390815735,player-1,20,19,8,20,player-1,player-1
193,5,17,0.059625133872032166,player-2,21,25,10,20,player-2,player-2
193,6,17,0.04508392885327339,player-3,22,26,20,20,player-3,player-3
193,7,17,0.06812508217990398,player-4,23,34,25,27,player-4,player-4
193,8,17,0.13141706585884094,player-1,29,37,30,28,player-1,player-1
193,9,19,0.05729100666940212,player-4,33,40,36,29,player-2,player-4
193,10,22,0.07449998520314693,player-4,34,46,39,33,player-3,player-4
193,11,20,0.06629200652241707,player-3,41,46,40,34,player-4,player-3
193,12,17,0.08262507617473602,player-1,51,51,49,36,player-1,player-1
194,1,17,0.11541694402694702,player-3,4,8,1,9,player-3,player-3
194,2,17,0.05658320151269436,player-4,5,11,4,12,player-4,player-4
194,3,18,0.062000006437301636,player-2,10,17,7,13,player-1,player-2
194,4,17,0.228791031986475,player-2,10,24,10,14,player-2,player-2
194,5,20,0.1857501920312643,player-2,14,28,11,19,player-3,player-2
194,6,21,0.05379202775657177,player-4,16,28,15,24,player-4,player-4
194,7,17,0.06033317185938358,player-1,19,30,15,26,player-1,player-1
194,8,17,0.04779198206961155,player-2,21,31,17,30,player-2,player-2
194,9,18,0.0602498184889555,player-4,23,34,19,35,player-3,player-4
194,10,17,0.09200000204145908,player-4,25,34,19,38,player-4,player-4
194,11,17,0.08425000123679638,player-1,31,39,22,42,player-1,player-1
194,12,18,0.0613329466432333,player-3,35,40,24,42,player-2,player-3
194,13,19,0.06116693839430809,player-1,35,42,26,50,player-3,player-1
194,14,18,0.058999983593821526,player-1,38,43,31,54,player-4,player-1
194,15,17,0.07620803080499172,player-1,44,49,32,59,player-1,player-1
195,1,20,0.08008303120732307,player-2,10,6,5,2,player-3,player-2
195,2,18,0.07458287291228771,player-1,15,7,8,6,player-4,player-1
195,3,19,0.16583292745053768,player-3,15,7,10,14,player-1,player-3
195,4,20,0.19824993796646595,player-1,20,9,12,14,player-2,player-1
195,5,17,0.07595797069370747,player-3,23,17,12,17,player-3,player-3
195,6,20,0.06074993871152401,player-3,25,20,20,20,player-4,player-3
195,7,17,0.05479087121784687,player-1,26,23,20,20,player-1,player-1
195,8,17,0.05079084075987339,player-2,26,25,23,20,player-2,player-2
195,9,20,0.28208387084305286,player-2,34,30,25,22,player-3,player-2
195,10,18,0.16812514513731003,player-1,39,32,29,22,player-4,player-1
195,11,18,0.06037508137524128,player-2,40,36,31,22,player-1,player-2
195,12,18,0.06062490865588188,player-3,40,40,33,22,player-2,player-3
195,13,17,0.10483409278094769,player-3,48,43,41,25,player-3,player-3
195,14,19,0.08670799434185028,player-2,53,47,43,28,player-4,player-2
195,15,17,0.2534170635044575,player-1,59,47,44,29,player-1,player-1
196,1,18,0.07237517274916172,player-2,0,6,3,6,player-1,player-2
196,2,23,0.07358286529779434,player-4,6,9,8,11,player-2,player-4
196,3,18,0.051165930926799774,player-4,8,11,13,11,player-3,player-4
196,4,20,0.06666709668934345,player-3,8,17,21,19,player-4,player-3
196,5,17,0.05933409556746483,player-1,12,22,21,24,player-1,player-1
196,6,18,0.35795802250504494,player-3,16,30,27,27,player-2,player-3
196,7,19,0.37833303213119507,player-1,24,36,34,30,player-3,player-1
196,8,17,0.05545793101191521,player-4,32,39,42,33,player-4,player-4
196,9,24,0.06825011223554611,none,34,45,45,33,player-1,none
196,10,18,0.4495831672102213,player-3,34,48,51,35,player-2,player-3
196,11,22,0.06716698408126831,player-4,34,48,56,53,player-3,player-4
197,1,17,0.07158308289945126,player-4,4,3,0,11,player-4,player-4
197,2,17,0.05725002847611904,player-1,9,3,2,13,player-1,player-1
197,3,17,0.05420902743935585,player-2,9,10,4,17,player-2,player-2
197,4,17,0.06408290937542915,player-3,15,13,10,20,player-3,player-3
197,5,17,0.05133403465151787,player-4,19,16,12,23,player-4,player-4
197,6,17,0.04520779475569725,none,19,16,16,26,player-1,none
197,7,17,0.07729092612862587,player-2,24,20,16,31,player-2,player-2
197,8,17,0.06574997678399086,player-3,26,23,22,31,player-3,player-3
197,9,17,0.06220792420208454,player-4,27,26,22,37,player-4,player-4
197,10,23,0.0724999699741602,player-3,30,30,24,45,player-1,player-3
197,11,17,0.05795806646347046,player-2,33,38,29,47,player-2,player-2
197,12,17,0.0499580055475235,player-3,37,40,34,47,player-3,player-3
197,13,18,0.1132078468799591,player-1,45,43,36,51,player-4,player-1
197,14,17,0.06870809011161327,player-1,51,43,40,55,player-1,player-1
197,15,17,0.09037484414875507,player-2,52,54,41,55,player-2,player-2
198,1,17,0.06583309732377529,player-4,8,11,4,6,player-4,player-4
198,2,17,0.25233300402760506,player-1,13,13,7,6,player-1,player-1
198,3,17,0.191250117495656,player-2,18,19,7,16,player-2,player-2
198,4,18,0.07312488742172718,player-4,20,24,10,19,player-3,player-4
198,5,18,0.4028750117868185,player-1,24,24,12,23,player-4,player-1
198,6,19,0.07845810614526272,player-3,25,25,17,25,player-1,player-3
198,7,17,0.05729193799197674,player-2,25,34,17,30,player-2,player-2
198,8,17,0.08829194121062756,player-3,25,36,22,32,player-3,player-3
198,9,17,0.062417006120085716,player-4,31,38,26,38,player-4,player-4
198,10,18,0.06537511944770813,player-2,32,39,29,42,player-1,player-2
198,11,19,0.27037481777369976,player-4,35,40,32,42,player-2,player-4
198,12,17,0.14529190957546234,player-3,36,42,40,45,player-3,player-3
198,13,17,0.18354179337620735,player-4,41,42,42,49,player-4,player-4
198,14,17,0.18583307974040508,player-1,46,42,52,50,player-1,player-1
198,15,18,0.28533395379781723,player-3,54,55,56,61,player-2,player-3
199,1,23,0.3261249512434006,player-1,1,0,4,6,player-3,player-1
199,2,19,0.08679181337356567,player-2,1,2,6,8,player-4,player-2
199,3,17,0.2870829775929451,player-1,4,9,12,12,player-1,player-1
199,4,19,0.22966694086790085,player-4,5,10,14,16,player-2,player-4
199,5,20,0.10875007137656212,player-2,7,17,16,26,player-3,player-2
199,6,18,0.12658396735787392,player-1,17,19,21,32,player-4,player-1
199,7,18,0.06600003689527512,player-2,22,24,25,35,player-1,player-2
199,8,18,0.6827500183135271,player-3,29,28,33,40,player-2,player-3
199,9,18,0.6914578843861818,player-4,29,28,42,43,player-3,player-4
199,10,17,0.7415409199893475,player-4,34,29,44,47,player-4,player-4
199,11,18,0.34079188480973244,player-2,34,40,47,47,player-1,player-2
199,12,17,0.197333050891757,player-2,35,56,50,50,player-2,player-2
200,1,23,0.05433289334177971,none,7,2,1,2,player-3,none
200,2,20,0.08129095658659935,player-3,15,4,13,2,player-4,player-3
200,3,22,0.0991250853985548,player-2,17,11,15,5,player-1,player-2
200,4,18,0.04975008778274059,player-3,19,12,29,5,player-2,player-3
200,5,17,0.07395795546472073,player-3,21,15,39,7,player-3,player-3
200,6,17,0.20691705867648125,player-4,21,22,44,16,player-4,player-4
200,7,21,0.44370885007083416,player-1,26,24,45,19,player-1,player-1
200,8,17,0.1218749675899744,player-2,35,30,46,19,player-2,player-2
200,9,17,0.10641594417393208,player-3,35,34,50,19,player-3,player-3
200,10,17,0.05783303640782833,player-4,38,35,54,22,player-4,player-4
200,11,18,0.06104190833866596,player-2,39,41,54,23,player-1,player-2
200,12,17,0.05837506614625454,player-2,40,52,59,33,player-2,player-2
200,13,18,0.04991586320102215,player-4,41,52,61,35,player-3,player-4
201,1,17,0.05445792339742184,player-3,2,3,6,1,player-3,player-3
201,2,17,0.05591707304120064,player-4,2,6,11,12,player-4,player-4
201,3,20,0.06824987940490246,player-4,3,8,14,17,player-1,player-4
201,4,19,0.0743749551475048,player-4,4,13,17,21,player-2,player-4
201,5,19,0.1849168911576271,player-1,11,17,20,23,player-3,player-1
201,6,17,0.055582961067557335,player-4,11,24,23,29,player-4,player-4
201,7,18,0.06791600026190281,player-2,18,27,25,29,player-1,player-2
201,8,17,0.04970887675881386,player-2,18,41,26,29,player-2,player-2
201,9,17,0.056416960433125496,player-3,19,49,27,34,player-3,player-3
201,10,17,0.08462485857307911,player-4,25,51,32,44,player-4,player-4
201,11,19,0.05983398295938969,player-3,26,53,39,46,player-1,player-3
201,12,18,0.05983281880617142,player-3,36,55,55,48,player-2,player-3
202,1,17,0.07541710510849953,player-1,13,3,9,2,player-1,player-1
202,2,17,0.05612499080598354,player-2,17,6,9,5,player-2,player-2
202,3,17,0.04491698928177357,player-3,19,7,15,6,player-3,player-3
202,4,18,0.08004088886082172,player-1,27,8,21,16,player-4,player-1
202,5,17,0.06345799192786217,player-1,30,9,24,19,player-1,player-1
202,6,20,0.06366590969264507,player-1,36,12,28,23,player-2,player-1
202,7,17,0.06587500683963299,player-3,45,17,35,26,player-3,player-3
202,8,17,0.056208111345767975,player-4,50,21,40,30,player-4,player-4
202,9,17,0.04454189911484718,player-1,53,21,42,31,player-1,player-1
202,10,18,0.05491706542670727,player-3,57,23,50,33,player-2,player-3
203,1,20,0.046208035200834274,none,0,1,1,0,player-2,none
203,2,19,0.08066603913903236,player-1,3,11,3,14,player-3,player-1
203,3,19,0.053625088185071945,player-2,5,16,4,15,player-4,player-2
203,4,17,0.05725002847611904,player-1,7,21,4,20,player-1,player-1
203,5,18,0.06374996155500412,player-3,13,24,13,23,player-2,player-3
203,6,26,0.08458294905722141,player-4,19,29,23,25,player-3,player-4
203,7,17,0.05416618660092354,player-4,21,33,28,36,player-4,player-4
203,8,17,0.0760410912334919,player-1,27,40,28,37,player-1,player-1
203,9,18,0.05595805123448372,player-3,28,43,30,37,player-2,player-3
203,10,20,0.04266691394150257,none,29,43,31,37,player-3,none
203,11,20,0.1494591124355793,player-3,34,52,34,50,player-4,player-3
204,1,17,0.277375103905797,player-3,8,4,13,3,player-3,player-3
204,2,17,0.11620810255408287,player-4,9,5,15,10,player-4,player-4
204,3,23,0.06995792500674725,player-3,13,5,17,10,player-1,player-3
204,4,17,0.06379117257893085,player-2,25,8,20,13,player-2,player-2
204,5,18,0.08312496356666088,player-4,30,11,22,18,player-3,player-4
204,6,17,0.11316593736410141,player-4,30,14,24,24,player-4,player-4
204,7,19,0.5848328582942486,player-3,31,19,34,28,player-1,player-3
204,8,17,0.47924998216331005,player-2,38,27,38,28,player-2,player-2
204,9,18,0.20150002092123032,player-4,42,28,44,30,player-3,player-4
204,10,23,0.18983311019837856,player-2,51,31,45,41,player-4,player-2
204,11,17,0.07075001485645771,player-1,60,33,53,42,player-1,player-1
205,1,18,0.14766701497137547,player-4,3,1,4,5,player-3,player-4
205,2,17,0.16429112292826176,player-4,7,3,10,12,player-4,player-4
205,3,18,0.24562515318393707,player-2,12,5,13,13,player-1,player-2
205,4,20,0.12083281762897968,player-1,17,12,13,19,player-2,player-1
205,5,18,0.13479194603860378,player-4,21,14,16,30,player-3,player-4
205,6,17,0.1987498253583908,player-4,22,22,19,38,player-4,player-4
205,7,17,0.26529189199209213,player-1,26,22,21,41,player-1,player-1
205,8,17,0.05837506614625454,player-2,30,31,21,41,player-2,player-2
205,9,17,0.058459118008613586,player-3,31,34,25,44,player-3,player-3
205,10,17,0.08762488141655922,player-4,34,36,29,47,player-4,player-4
205,11,19,0.0502921175211668,player-3,35,39,34,48,player-1,player-3
205,12,19,0.32933312468230724,player-4,38,45,38,55,player-2,player-4
206,1,23,0.07045804522931576,player-3,1,5,2,0,player-1,player-3
206,2,22,0.1824169885367155,player-3,7,8,7,1,player-2,player-3
206,3,18,0.26429188437759876,player-4,9,8,11,3,player-3,player-4
206,4,18,0.2852499019354582,player-1,13,8,16,5,player-4,player-1
206,5,18,0.11391611769795418,player-2,13,13,19,6,player-1,player-2
206,6,18,0.2568329218775034,player-3,16,18,20,13,player-2,player-3
206,7,17,0.1764169428497553,player-3,21,24,23,17,player-3,player-3
206,8,19,0.06266706623136997,player-2,22,29,25,19,player-4,player-2
206,9,19,0.060125021263957024,player-3,23,34,28,20,player-1,player-3
206,10,18,0.06166682578623295,player-3,23,36,31,21,player-2,player-3
206,11,18,0.06724987179040909,player-4,26,37,32,28,player-3,player-4
206,12,18,0.06087496876716614,player-1,27,41,34,28,player-4,player-1
206,13,19,0.06025005131959915,player-3,29,41,37,32,player-1,player-3
206,14,18,0.06408290937542915,player-3,33,44,44,35,player-2,player-3
206,15,17,0.0516669824719429,player-3,33,50,46,35,player-3,player-3
206,16,17,0.07404200732707977,player-4,39,57,49,38,player-4,player-4
206,17,20,0.11908402666449547,player-4,46,63,49,42,player-1,player-4
207,1,18,0.08912477642297745,player-4,2,5,4,2,player-3,player-4
207,2,18,0.06970902904868126,player-1,6,9,5,6,player-4,player-1
207,3,19,0.06683310493826866,player-3,9,11,8,7,player-1,player-3
207,4,17,0.06137508898973465,player-2,11,16,10,13,player-2,player-2
207,5,17,0.06912508979439735,player-3,14,19,12,13,player-3,player-3
207,6,17,0.06408290937542915,player-4,16,26,12,21,player-4,player-4
207,7,22,0.06625009700655937,player-2,19,31,14,23,player-1,player-2
207,8,18,0.08595804683864117,player-3,24,39,15,25,player-2,player-3
207,9,18,0.058791832998394966,player-4,24,44,18,27,player-3,player-4
207,10,17,0.05324999801814556,player-4,28,44,23,35,player-4,player-4
207,11,21,0.07541710510849953,player-1,38,51,28,39,player-1,player-1
207,12,18,0.06924988701939583,player-3,42,58,33,44,player-2,player-3
208,1,17,0.24970783852040768,player-3,5,11,3,6,player-3,player-3
208,2,23,0.0741670373827219,player-2,11,12,8,6,player-4,player-2
208,3,19,0.07375003769993782,player-3,13,14,8,11,player-1,player-3
208,4,17,0.05991593934595585,player-2,14,16,10,15,player-2,player-2
208,5,18,0.08270889520645142,player-4,15,23,20,21,player-3,player-4
208,6,19,0.10629184544086456,player-2,17,26,25,24,player-4,player-2
208,7,17,0.0700000673532486,player-1,22,26,30,24,player-1,player-1
208,8,17,0.0425421167165041,player-2,23,31,32,26,player-2,player-2
208,9,20,0.0668747816234827,player-2,25,41,37,31,player-3,player-2
208,10,22,0.07333303801715374,player-1,31,42,37,33,player-4,player-1
208,11,17,0.08745910599827766,player-1,34,43,38,35,player-1,player-1
208,12,17,0.08004088886082172,player-2,37,49,38,35,player-2,player-2
208,13,17,0.2681668847799301,player-3,38,53,44,37,player-3,player-3
208,14,19,0.06279186345636845,player-2,44,58,48,40,player-4,player-2
208,15,18,0.06025005131959915,player-2,46,60,54,41,player-1,player-2
209,1,18,0.05545816384255886,player-1,3,2,5,1,player-4,player-1
209,2,17,0.1005418598651886,player-1,7,7,6,1,player-1,player-1
209,3,17,0.06291596218943596,player-2,9,11,9,4,player-2,player-2
209,4,17,0.051625072956085205,player-3,15,11,11,6,player-3,player-3
209,5,19,0.07754191756248474,player-2,18,21,11,8,player-4,player-2
209,6,22,0.06508291698992252,player-2,20,24,13,10,player-1,player-2
209,7,17,0.06245821714401245,player-2,22,27,14,12,player-2,player-2
209,8,17,0.05370797589421272,player-3,25,31,18,15,player-3,player-3
209,9,17,0.058625126257538795,player-4,25,32,21,28,player-4,player-4
209,10,18,0.0777500681579113,player-2,30,34,22,34,player-1,player-2
209,11,18,0.14591682702302933,player-3,32,44,33,37,player-2,player-3
209,12,18,0.0628340058028698,player-4,36,50,34,41,player-3,player-4
209,13,23,0.06420793943107128,player-2,36,58,40,45,player-4,player-2
210,1,23,0.08337502367794514,player-2,5,15,0,7,player-4,player-2
210,2,17,0.06995908915996552,player-1,7,15,3,12,player-1,player-1
210,3,17,0.055208103731274605,player-2,7,16,5,15,player-2,player-2
210,4,19,0.11629215441644192,player-1,10,20,8,19,player-3,player-1
210,5,17,0.2079580444842577,player-4,16,20,8,25,player-4,player-4
210,6,18,0.19275001250207424,player-2,18,22,8,27,player-1,player-2
210,7,19,0.3458750434219837,player-4,26,22,12,28,player-2,player-4
210,8,19,0.07400009781122208,player-1,30,24,17,32,player-3,player-1
210,9,18,0.07216702215373516,player-1,31,26,18,37,player-4,player-1
210,10,17,0.07487507537007332,player-1,35,36,18,41,player-1,player-1
210,11,21,0.15600002370774746,player-2,46,38,24,48,player-2,player-2
210,12,19,0.4122501704841852,player-1,55,43,31,50,player-3,player-1
210,13,17,0.0887908972799778,player-4,62,50,35,56,player-4,player-4
211,1,17,0.37137512117624283,player-1,1,2,4,3,player-1,player-1
211,2,19,0.1615830697119236,player-4,6,8,6,7,player-2,player-4
211,3,21,0.21195807494223118,player-3,10,10,14,14,player-3,player-3
211,4,19,0.3957080189138651,player-2,12,11,24,14,player-4,player-2
211,5,20,0.2519169356673956,player-4,14,21,24,21,player-1,player-4
211,6,18,0.16987486742436886,player-3,14,22,31,24,player-2,player-3
211,7,17,0.18995790742337704,player-3,17,22,36,24,player-3,player-3
211,8,24,0.18095900304615498,player-3,17,31,41,31,player-4,player-3
211,9,19,0.06229104474186897,player-3,21,31,47,31,player-1,player-3
211,10,17,0.12916605919599533,player-2,21,40,48,31,player-2,player-2
211,11,18,0.0916249118745327,player-4,22,40,48,34,player-3,player-4
211,12,20,0.2983331214636564,player-3,22,42,52,41,player-4,player-3
211,13,18,0.15112501569092274,player-2,26,43,54,47,player-1,player-2
211,14,17,0.16687484458088875,player-2,27,45,59,48,player-2,player-2
211,15,17,0.0660410150885582,player-3,27,48,67,54,player-3,player-3
212,1,17,0.408500200137496,player-2,5,3,1,4,player-2,player-2
212,2,23,0.43983315117657185,player-1,10,3,5,16,player-3,player-1
212,3,17,0.29508303850889206,player-4,14,3,6,19,player-4,player-4
212,4,17,0.4979169461876154,player-1,15,8,8,20,player-1,player-1
212,5,19,0.3417080733925104,player-4,17,12,10,30,player-2,player-4
212,6,20,0.07291696965694427,player-2,26,21,16,33,player-3,player-2
212,7,17,0.15758303925395012,player-4,26,26,19,36,player-4,player-4
212,8,17,0.11845910921692848,player-1,28,34,20,43,player-1,player-1
212,9,18,0.04816614091396332,player-3,29,37,22,46,player-2,player-3
212,10,17,0.053459079936146736,player-3,32,38,25,46,player-3,player-3
212,11,18,0.08749985136091709,player-1,37,40,25,47,player-4,player-1
212,12,17,0.09212503209710121,player-1,43,40,30,51,player-1,player-1
212,13,19,0.2764579840004444,player-4,48,44,32,56,player-2,player-4
213,1,18,0.07554097101092339,player-3,1,5,2,1,player-2,player-3
213,2,21,0.13916613534092903,player-3,4,5,2,3,player-3,player-3
213,3,17,0.0654999166727066,player-4,11,10,2,10,player-4,player-4
213,4,22,0.06587500683963299,player-2,12,12,2,12,player-1,player-2
213,5,17,0.054416945204138756,player-2,12,17,5,16,player-2,player-2
213,6,22,0.1132078468799591,player-4,18,21,18,26,player-3,player-4
213,7,17,0.056833960115909576,player-4,22,26,18,36,player-4,player-4
213,8,17,0.05204183980822563,player-1,29,31,23,40,player-1,player-1
213,9,22,0.06204191595315933,player-3,34,36,23,40,player-2,player-3
213,10,24,0.06583379581570625,player-2,40,47,24,42,player-3,player-2
213,11,17,0.05287514068186283,player-4,45,47,28,44,player-4,player-4
213,12,19,0.057625118643045425,player-3,53,48,33,50,player-1,player-3
213,13,19,0.06308313459157944,player-4,57,54,35,52,player-2,player-4
214,1,19,0.06583309732377529,player-1,19,2,8,7,player-3,player-1
214,2,17,0.0791668426245451,player-4,23,2,16,14,player-4,player-4
214,3,18,0.06825011223554611,player-2,25,6,19,18,player-1,player-2
214,4,22,0.06633298471570015,player-3,27,9,24,20,player-2,player-3
214,5,18,0.06033293902873993,player-4,29,10,28,26,player-3,player-4
214,6,17,0.08020782843232155,player-4,33,13,29,34,player-4,player-4
214,7,17,0.07408391684293747,player-1,38,13,32,39,player-1,player-1
214,8,18,0.06862496957182884,player-3,47,17,37,43,player-2,player-3
214,9,19,0.07616705261170864,player-1,49,24,40,45,player-3,player-1
214,10,18,0.05045812577009201,none,51,25,44,48,player-4,none
214,11,19,0.06937491707503796,player-3,55,26,48,50,player-1,player-3
215,1,17,0.052416929975152016,player-3,5,0,5,3,player-3,player-3
215,2,19,0.11370796710252762,player-2,7,19,8,17,player-4,player-2
215,3,17,0.05633290857076645,player-1,10,23,10,17,player-1,player-1
215,4,21,0.10120915248990059,player-2,12,29,13,21,player-2,player-2
215,5,19,0.08962489664554596,player-1,16,38,19,21,player-3,player-1
215,6,17,0.19229203462600708,player-4,22,39,19,23,player-4,player-4
215,7,18,0.08245790377259254,player-2,25,40,19,23,player-1,player-2
215,8,21,0.0791249331086874,player-2,30,49,21,30,player-2,player-2
215,9,18,0.06541609764099121,player-4,33,50,21,36,player-3,player-4
215,10,17,0.05112495273351669,player-4,33,53,26,40,player-4,player-4
215,11,17,0.0425421167165041,none,34,56,26,40,player-1,none
215,12,17,0.046999892219901085,player-2,39,59,30,43,player-2,player-2
216,1,18,0.07258309051394463,player-1,6,0,2,4,player-4,player-1
216,2,17,0.06533297710120678,player-1,16,2,8,4,player-1,player-1
216,3,17,0.07333303801715374,player-2,17,5,10,7,player-2,player-2
216,4,17,0.05058315582573414,player-3,18,7,16,11,player-3,player-3
216,5,17,0.04950002767145634,player-4,21,8,16,16,player-4,player-4
216,6,22,0.10729208588600159,player-2,23,12,20,17,player-1,player-2
216,7,20,0.05625002086162567,player-1,26,14,21,23,player-2,player-1
216,8,21,0.08733384311199188,none,31,16,25,25,player-3,none
216,9,17,0.07958384230732918,player-4,33,18,28,30,player-4,player-4
216,10,18,0.19208388403058052,player-2,41,24,33,30,player-1,player-2
216,11,18,0.2316669560968876,player-3,45,24,34,33,player-2,player-3
216,12,17,0.22583291865885258,player-3,45,25,45,33,player-3,player-3
216,13,17,0.08749985136091709,player-4,45,34,47,44,player-4,player-4
216,14,17,0.11324998922646046,player-1,49,36,51,47,player-1,player-1
217,1,17,0.06308313459157944,player-1,6,2,2,0,player-1,player-1
217,2,20,0.11775013990700245,player-1,12,4,12,3,player-2,player-1
217,3,20,0.06258301436901093,player-2,18,15,16,7,player-3,player-2
217,4,17,0.05766702815890312,player-4,22,16,22,10,player-4,player-4
217,5,19,0.08579203858971596,player-3,24,16,27,10,player-1,player-3
217,6,19,0.07720896974205971,player-4,30,23,27,12,player-2,player-4
217,7,17,0.06625009700655937,player-3,39,24,40,14,player-3,player-3
217,8,18,0.15679211355745792,player-1,43,28,44,20,player-4,player-1
217,9,17,0.09529199451208115,player-1,45,32,50,21,player-1,player-1
217,10,17,0.12287497520446777,player-2,49,37,52,25,player-2,player-2
218,1,17,0.08983304724097252,player-2,3,5,3,4,player-2,player-2
218,2,18,0.0652919989079237,player-4,7,5,4,16,player-3,player-4
218,3,17,0.0588749535381794,player-4,11,6,8,20,player-4,player-4
218,4,19,0.056582968682050705,player-3,13,7,12,20,player-1,player-3
218,5,17,0.05991710349917412,player-2,27,19,17,26,player-2,player-2
218,6,18,0.0552500132471323,player-4,31,20,20,28,player-3,player-4
218,7,21,0.07079099304974079,player-4,34,22,31,31,player-4,player-4
218,8,17,0.05766702815890312,player-1,41,22,33,34,player-1,player-1
218,9,17,0.05474989302456379,player-2,45,23,33,34,player-2,player-2
218,10,20,0.2435001078993082,player-2,52,29,33,35,player-3,player-2
218,11,18,0.17550005577504635,player-1,54,36,41,39,player-4,player-1
218,12,18,0.26620784774422646,player-2,60,46,43,44,player-1,player-2
219,1,21,0.31899986788630486,player-2,0,6,1,1,player-2,player-2
219,2,17,0.3302081022411585,player-3,6,8,8,6,player-3,player-3
219,3,18,0.3839170094579458,player-1,11,8,11,9,player-4,player-1
219,4,17,0.07095816545188427,player-1,17,8,14,12,player-1,player-1
219,5,17,0.11812499724328518,player-2,21,15,17,14,player-2,player-2
219,6,22,0.11504208669066429,player-4,23,22,22,17,player-3,player-4
219,7,17,0.06225006654858589,player-4,28,28,22,23,player-4,player-4
219,8,19,0.05229189991950989,player-3,30,30,28,23,player-1,player-3
219,9,17,0.055459095165133476,player-2,33,34,31,27,player-2,player-2
219,10,17,0.2088341861963272,player-3,33,37,35,34,player-3,player-3
219,11,17,0.05383300594985485,player-4,35,39,39,40,player-4,player-4
219,12,17,0.2087499015033245,player-1,38,43,41,45,player-1,player-1
219,13,20,1.2996250297874212,player-1,41,46,45,56,player-2,player-1
220,1,19,0.07620803080499172,player-1,6,1,5,1,player-3,player-1
220,2,18,0.1926659606397152,player-1,13,14,8,11,player-4,player-1
220,3,17,0.2401249948889017,player-1,18,18,8,14,player-1,player-1
220,4,20,0.17320900224149227,player-1,23,26,12,17,player-2,player-1
220,5,18,0.07733399979770184,player-4,29,31,17,23,player-3,player-4
220,6,19,0.22199982777237892,player-2,31,35,21,24,player-4,player-2
220,7,19,0.1504160463809967,player-3,38,40,26,25,player-1,player-3
220,8,17,0.08299993351101875,player-2,39,45,26,32,player-2,player-2
220,9,18,0.07537496276199818,player-4,39,47,30,36,player-3,player-4
220,10,18,0.10762503370642662,player-1,47,48,34,38,player-4,player-1
220,11,18,0.2959580160677433,player-2,48,49,35,41,player-1,player-2
220,12,23,0.19100005738437176,player-4,51,51,38,46,player-2,player-4
220,13,19,0.1998748630285263,player-1,55,51,41,49,player-3,player-1
221,1,21,0.17783395014703274,player-1,14,2,7,5,player-1,player-1
221,2,18,0.14479109086096287,player-3,18,6,7,5,player-2,player-3
221,3,19,0.18708291463553905,player-1,23,6,9,8,player-3,player-1
221,4,30,0.12174993753433228,player-1,30,7,12,11,player-4,player-1
221,5,17,0.20350003615021706,player-1,35,7,12,12,player-1,player-1
221,6,22,0.25774980895221233,player-3,36,13,14,15,player-2,player-3
221,7,21,0.071333022788167,player-3,41,15,17,17,player-3,player-3
221,8,20,0.07637497037649155,player-3,44,19,21,22,player-4,player-3
221,9,17,0.06591714918613434,player-1,47,24,21,26,player-1,player-1
221,10,24,0.07341708987951279,player-1,50,28,23,29,player-2,player-1
221,11,17,0.05116686224937439,player-3,54,31,25,31,player-3,player-3
221,12,17,0.06158393807709217,player-4,55,31,32,34,player-4,player-4
221,13,18,0.049666035920381546,player-2,57,37,34,35,player-1,player-2
221,14,17,0.07358286529779434,player-2,60,40,35,37,player-2,player-2
221,15,21,0.048999907448887825,player-3,61,40,42,38,player-3,player-3
222,1,17,0.05608308129012585,player-2,3,5,0,2,player-2,player-2
222,2,18,0.06266706623136997,player-4,5,11,6,12,player-3,player-4
222,3,19,0.05191611126065254,player-2,8,17,6,20,player-4,player-2
222,4,20,0.04895799793303013,player-4,9,17,10,26,player-1,player-4
222,5,20,0.06074993871152401,player-1,13,17,11,27,player-2,player-1
222,6,17,0.13408297672867775,player-3,15,17,20,32,player-3,player-3
222,7,17,0.2589169889688492,player-4,18,20,20,32,player-4,player-4
222,8,21,0.12316601350903511,player-1,25,28,20,37,player-1,player-1
222,9,17,0.2533751539885998,player-2,28,31,22,41,player-2,player-2
222,10,18,0.12533296830952168,player-4,33,31,26,50,player-3,player-4
222,11,18,0.22654212079942226,player-1,36,33,29,59,player-4,player-1
222,12,19,0.0612910371273756,player-3,44,33,32,59,player-1,player-3
222,13,20,0.2696251031011343,player-1,53,38,39,60,player-2,player-1
222,14,18,0.2310420386493206,player-4,58,44,45,68,player-3,player-4
223,1,18,0.41695800609886646,player-4,4,3,6,7,player-3,player-4
223,2,17,0.11575012467801571,player-4,6,10,7,21,player-4,player-4
223,3,18,0.05508284084498882,player-2,6,10,9,24,player-1,player-2
223,4,19,0.27920911088585854,player-4,7,13,9,25,player-2,player-4
223,5,17,0.10029110126197338,player-3,7,15,18,29,player-3,player-3
223,6,17,0.06220908835530281,player-4,9,15,23,33,player-4,player-4
223,7,19,0.2902920823544264,player-3,12,18,29,42,player-1,player-3
223,8,18,0.17600017599761486,player-3,17,20,33,46,player-2,player-3
223,9,17,0.1379998866468668,player-3,21,22,42,50,player-3,player-3
223,10,18,0.05962490104138851,player-1,30,26,45,54,player-4,player-1
223,11,19,0.06487499922513962,player-3,38,34,48,61,player-1,player-3
223,12,18,0.08058291859924793,player-3,38,39,60,65,player-2,player-3
224,1,17,0.1812500413507223,player-2,6,7,1,5,player-2,player-2
224,2,19,0.05137501284480095,player-1,7,11,2,6,player-3,player-1
224,3,18,0.05474989302456379,player-1,17,16,6,8,player-4,player-1
224,4,17,0.05950010381639004,player-1,19,17,10,11,player-1,player-1
224,5,17,0.06516696885228157,player-2,26,21,14,14,player-2,player-2
224,6,17,0.05787494592368603,player-3,30,28,19,14,player-3,player-3
224,7,22,0.06745802238583565,player-1,36,31,22,20,player-4,player-1
224,8,17,0.06208405829966068,player-1,40,32,23,22,player-1,player-1
224,9,17,0.19149994477629662,player-2,40,44,23,32,player-2,player-2
224,10,18,0.06141606718301773,player-4,47,47,23,38,player-3,player-4
224,11,17,0.1920829527080059,player-4,47,51,29,50,player-4,player-4
225,1,18,0.05283299833536148,player-4,0,3,2,1,player-3,player-4
225,2,18,0.06454181857407093,player-1,1,6,3,5,player-4,player-1
225,3,18,0.17679203301668167,player-2,5,17,10,5,player-1,player-2
225,4,18,0.19012484699487686,player-3,8,21,12,7,player-2,player-3
225,5,18,0.3450841177254915,player-4,9,22,16,13,player-3,player-4
225,6,17,0.23150001652538776,player-4,13,22,17,17,player-4,player-4
225,7,17,0.051916809752583504,player-1,16,22,20,20,player-1,player-1
225,8,20,0.0610831193625927,player-1,20,25,24,23,player-2,player-1
225,9,17,0.056999968364834785,player-3,20,28,29,25,player-3,player-3
225,10,18,0.06120884791016579,player-1,25,31,31,25,player-4,player-1
225,11,27,0.19329111091792583,none,26,33,35,27,player-1,none
225,12,20,0.07062498480081558,player-1,29,33,36,29,player-2,player-1
225,13,17,0.33879117108881474,player-3,33,35,40,31,player-3,player-3
225,14,21,0.15895813703536987,player-4,37,41,45,33,player-4,player-4
225,15,19,0.23974990472197533,player-3,41,41,49,41,player-1,player-3
225,16,18,0.26937504298985004,player-3,44,47,54,44,player-2,player-3
225,17,18,0.0966251827776432,player-4,47,52,54,47,player-3,player-4
226,1,20,0.06479187868535519,player-3,2,3,4,1,player-4,player-3
226,2,18,0.07733283564448357,player-2,6,9,4,1,player-1,player-2
226,3,17,0.06145890802145004,player-2,12,11,4,4,player-2,player-2
226,4,17,0.1527918502688408,player-3,15,14,7,8,player-3,player-3
226,5,20,0.06104097701609135,none,19,14,10,11,player-4,none
226,6,20,0.09641679935157299,player-4,21,19,14,20,player-1,player-4
226,7,17,0.07387506775557995,player-2,21,28,17,24,player-2,player-2
226,8,17,0.09979191236197948,player-3,22,34,23,28,player-3,player-3
226,9,18,0.05050003528594971,player-1,27,34,26,30,player-4,player-1
226,10,18,0.1016249880194664,player-2,31,34,31,34,player-1,player-2
226,11,29,0.09087496437132359,none,37,38,38,34,player-2,none
226,12,18,0.069458968937397,player-4,42,38,43,37,player-3,player-4
226,13,17,0.04870793782174587,player-4,45,41,43,42,player-4,player-4
226,14,19,0.0588749535381794,player-3,47,45,47,42,player-1,player-3
226,15,21,0.08133286610245705,player-2,53,47,52,47,player-2,player-2
227,1,18,0.06754091009497643,player-2,4,5,2,4,player-1,player-2
227,2,17,0.3433339297771454,player-2,7,8,5,11,player-2,player-2
227,3,17,0.23733405396342278,player-3,10,14,10,11,player-3,player-3
227,4,17,0.17212494276463985,player-4,10,15,10,14,player-4,player-4
227,5,17,0.05612499080598354,player-1,19,19,13,18,player-1,player-1
227,6,24,0.2336660400032997,player-1,25,22,20,18,player-2,player-1
227,7,17,0.12570805847644806,player-3,29,22,22,19,player-3,player-3
227,8,19,0.042457832023501396,none,34,25,22,19,player-4,none
227,9,20,0.12749992311000824,player-4,36,25,24,31,player-1,player-4
227,10,19,0.06708409637212753,player-4,37,28,27,37,player-2,player-4
227,11,19,0.059125013649463654,player-1,39,31,29,40,player-3,player-1
227,12,18,0.06291596218943596,player-1,42,34,30,47,player-4,player-1
227,13,17,0.06074993871152401,player-1,45,39,38,56,player-1,player-1
227,14,18,0.04454096779227257,none,47,40,40,56,player-2,none
227,15,22,0.25174999609589577,player-4,49,44,41,61,player-3,player-4
228,1,23,0.0692091416567564,player-1,4,2,5,0,player-3,player-1
228,2,18,0.06933300755918026,player-1,17,7,8,3,player-4,player-1
228,3,18,0.07416610606014729,player-2,21,9,19,8,player-1,player-2
228,4,19,0.0869168434292078,player-4,22,12,19,15,player-2,player-4
228,5,18,0.35966699942946434,player-4,22,16,23,19,player-3,player-4
228,6,17,0.05870801396667957,player-4,25,16,25,26,player-4,player-4
228,7,17,0.13408297672867775,player-1,33,18,35,28,player-1,player-1
228,8,17,0.08129095658659935,player-2,38,28,37,30,player-2,player-2
228,9,25,0.2112078946083784,player-3,39,34,39,33,player-3,player-3
228,10,20,0.19875005818903446,player-3,41,38,48,33,player-4,player-3
228,11,17,0.05374988541007042,player-1,44,39,50,33,player-1,player-1
228,12,17,0.08883397094905376,player-2,45,45,55,38,player-2,player-2
229,1,17,0.06725010462105274,player-1,11,0,5,2,player-1,player-1
229,2,17,0.05266699008643627,player-2,12,6,5,4,player-2,player-2
229,3,17,0.1585420686751604,player-3,13,11,8,7,player-3,player-3
229,4,19,0.06474996916949749,player-2,15,21,10,11,player-4,player-2
229,5,19,0.16391719691455364,player-3,17,23,21,19,player-1,player-3
229,6,18,0.06208312697708607,player-3,24,27,27,23,player-2,player-3
229,7,20,0.08525000885128975,player-2,25,35,28,23,player-3,player-2
229,8,20,0.3800841514021158,player-3,27,37,28,29,player-4,player-3
229,9,17,0.20183296874165535,player-1,33,37,30,32,player-1,player-1
229,10,17,0.2085000742226839,player-2,35,43,34,35,player-2,player-2
229,11,18,0.2310420386493206,player-4,41,47,42,37,player-3,player-4
229,12,17,0.07999991066753864,player-4,51,53,50,44,player-4,player-4
230,1,19,0.06208312697708607,player-3,10,4,14,2,player-1,player-3
230,2,19,0.057208118960261345,player-4,13,8,17,4,player-2,player-4
230,3,20,0.051957787945866585,player-2,15,16,20,6,player-3,player-2
230,4,18,0.05875015631318092,player-1,15,17,25,8,player-4,player-1
230,5,17,0.053208088502287865,player-1,26,17,27,11,player-1,player-1
230,6,17,0.04945788532495499,player-2,30,24,27,12,player-2,player-2
230,7,22,0.06954208947718143,player-4,40,33,31,18,player-3,player-4
230,8,19,0.16170809976756573,player-2,42,44,37,26,player-4,player-2
230,9,18,0.17475010827183723,player-2,44,56,39,26,player-1,player-2
230,10,18,0.0541249755769968,player-3,49,59,43,29,player-2,player-3
230,11,17,0.06500002928078175,player-3,54,59,49,30,player-3,player-3
231,1,29,0.16504107043147087,none,2,7,3,4,player-4,none
231,2,21,0.1614170614629984,player-1,7,9,9,7,player-1,player-1
231,3,17,0.19062496721744537,player-2,7,17,10,7,player-2,player-2
231,4,17,0.062333885580301285,player-3,8,18,19,9,player-3,player-3
231,5,18,0.27199997566640377,player-1,12,18,21,14,player-4,player-1
231,6,17,0.09012501686811447,player-1,16,20,24,16,player-1,player-1
231,7,29,0.08254195563495159,player-2,20,25,27,19,player-2,player-2
231,8,21,0.0737910158932209,player-3,22,28,29,26,player-3,player-3
231,9,20,0.0657911878079176,player-3,22,28,29,31,player-4,player-3
231,10,18,0.06954185664653778,player-2,35,32,37,32,player-1,player-2
231,11,19,0.0616670586168766,player-4,40,35,37,35,player-2,player-4
231,12,17,0.06187497638165951,player-3,40,37,43,39,player-3,player-3
231,13,18,0.04979199729859829,player-1,45,39,46,44,player-4,player-1
231,14,19,0.0527501106262207,player-3,48,41,47,45,player-1,player-3
231,15,17,0.06687501445412636,player-2,48,53,54,56,player-2,player-2
232,1,17,0.04816707223653793,player-2,5,8,2,1,player-2,player-2
232,2,17,0.05391612648963928,player-3,9,11,10,11,player-3,player-3
232,3,17,0.047999899834394455,player-4,10,14,14,12,player-4,player-4
232,4,17,0.05312496796250343,player-1,15,14,17,14,player-1,player-1
232,5,18,0.056582968682050705,player-3,15,17,23,14,player-2,player-3
232,6,18,0.0575000885874033,player-4,24,19,26,17,player-3,player-4
232,7,17,0.06316695362329483,player-4,27,22,29,18,player-4,player-4
232,8,17,0.06329198367893696,player-1,33,24,33,26,player-1,player-1
232,9,17,0.067500164732337,player-2,40,28,39,32,player-2,player-2
232,10,17,0.21958304569125175,player-3,40,32,40,37,player-3,player-3
232,11,19,0.05762488581240177,none,40,32,42,39,player-4,none
232,12,17,0.14483393169939518,player-1,47,34,42,39,player-1,player-1
232,13,17,0.06879214197397232,player-2,50,39,42,40,player-2,player-2
232,14,20,0.19562500528991222,none,55,42,42,42,player-3,none
232,15,16,0.12020813301205635,none,57,48,52,43,player-4,none
233,1,18,0.07487484253942966,player-3,2,3,2,1,player-2,player-3
233,2,18,0.17399992793798447,player-4,2,8,4,1,player-3,player-4
233,3,17,0.07762503810226917,player-4,4,8,4,9,player-4,player-4
233,4,17,0.1792090479284525,player-1,12,8,12,11,player-1,player-1
233,5,19,0.2868750598281622,player-4,18,11,15,14,player-2,player-4
233,6,17,0.42912503704428673,player-3,20,13,24,16,player-3,player-3
233,7,19,0.15291618183255196,player-2,20,16,26,18,player-4,player-2
233,8,17,0.0613329466432333,player-1,24,21,26,21,player-1,player-1
233,9,18,0.062125036492943764,player-3,27,26,28,24,player-2,player-3
233,10,17,0.06225006654858589,player-3,27,27,32,25,player-3,player-3
233,11,18,0.08899997919797897,player-1,32,34,34,28,player-4,player-1
233,12,17,0.04870910197496414,player-1,39,39,38,30,player-1,player-1
233,13,21,0.07937499321997166,player-2,41,51,39,31,player-2,player-2
233,14,27,0.07183314301073551,player-1,45,53,40,31,player-3,player-1
233,15,18,0.05079200491309166,player-1,47,56,40,33,player-4,player-1
233,16,17,0.06633298471570015,player-1,54,61,44,35,player-1,player-1
233,17,18,0.058791134506464005,player-3,55,62,50,39,player-2,player-3
234,1,18,0.0726659782230854,player-1,6,4,5,4,player-4,player-1
234,2,21,0.0563750509172678,none,11,6,5,7,player-1,none
234,3,25,0.07399986498057842,player-2,16,12,5,9,player-2,player-2
234,4,18,0.048833899199962616,none,19,16,6,12,player-3,none
234,5,17,0.057541998103260994,player-4,23,16,10,14,player-4,player-4
234,6,17,0.05737505853176117,player-1,29,17,10,15,player-1,player-1
234,7,17,0.11254195123910904,player-2,35,24,14,18,player-2,player-2
234,8,17,0.049084192141890526,player-3,35,29,19,18,player-3,player-3
234,9,17,0.060416990891098976,player-4,40,36,21,28,player-4,player-4
234,10,19,0.08129188790917397,player-3,46,40,28,33,player-1,player-3
234,11,20,0.09595882147550583,player-1,51,41,29,37,player-2,player-1
234,12,20,0.14395802281796932,player-2,52,53,30,42,player-3,player-2
234,13,17,0.06479187868535519,player-4,52,54,36,48,player-4,player-4
235,1,17,0.057584140449762344,player-3,4,0,2,1,player-3,player-3
235,2,17,0.2999589778482914,player-4,8,4,9,6,player-4,player-4
235,3,18,0.13191718608140945,player-2,10,12,16,11,player-1,player-2
235,4,18,0.06400002166628838,player-3,12,16,18,13,player-2,player-3
235,5,17,0.0677919015288353,player-3,12,17,19,16,player-3,player-3
235,6,18,0.05908310413360596,player-1,16,17,28,18,player-4,player-1
235,7,17,0.05174987018108368,player-1,19,20,30,19,player-1,player-1
235,8,19,0.07866695523262024,player-4,22,20,33,21,player-2,player-4
235,9,19,0.05429214797914028,player-1,26,21,38,30,player-3,player-1
235,10,18,0.07104198448359966,player-1,34,21,40,31,player-4,player-1
235,11,18,0.07233303040266037,player-2,37,27,46,34,player-1,player-2
235,12,17,0.06283307448029518,player-2,39,29,46,41,player-2,player-2
235,13,18,0.05825003609061241,player-4,39,31,48,41,player-3,player-4
235,14,20,0.06983312778174877,player-3,41,37,56,48,player-4,player-3
235,15,17,0.06620795466005802,player-1,47,39,61,51,player-1,player-1
236,1,22,0.18704193644225597,player-3,1,3,4,10,player-2,player-3
236,2,21,0.07875007577240467,player-3,8,4,10,13,player-3,player-3
236,3,20,0.06579188629984856,player-3,14,12,17,16,player-4,player-3
236,4,17,0.053459079936146736,player-1,20,15,18,19,player-1,player-1
236,5,17,0.060582999140024185,player-2,22,17,18,24,player-2,player-2
236,6,22,0.061625149101018906,player-4,26,18,22,28,player-3,player-4
236,7,20,0.06274995394051075,player-3,30,22,28,29,player-4,player-3
236,8,17,0.05383300594985485,player-1,34,24,30,34,player-1,player-1
236,9,17,0.04866579547524452,player-2,34,25,31,37,player-2,player-2
236,10,19,0.06287521682679653,player-1,41,31,32,37,player-3,player-1
236,11,18,0.06424984894692898,player-1,48,34,40,39,player-4,player-1
236,12,18,0.0702079851180315,player-2,53,40,46,51,player-1,player-2
236,13,17,0.07258309051394463,player-2,58,45,53,51,player-2,player-2
237,1,17,0.06029102951288223,player-2,0,4,0,0,player-2,player-2
237,2,18,0.07012509740889072,player-4,1,7,3,5,player-3,player-4
237,3,19,0.05733291618525982,player-2,4,12,9,7,player-4,player-2
237,4,18,0.062374863773584366,player-2,9,16,10,9,player-1,player-2
237,5,29,0.06862496957182884,none,12,27,15,13,player-2,none
237,6,17,0.06912508979439735,player-3,18,29,16,14,player-3,player-3
237,7,17,0.06920890882611275,player-4,20,30,20,17,player-4,player-4
237,8,18,0.07591699250042439,player-2,22,39,22,24,player-1,player-2
237,9,23,0.0730419997125864,player-4,23,46,23,28,player-2,player-4
237,10,24,0.07254211232066154,player-2,23,55,26,32,player-3,player-2
237,11,26,0.06941682659089565,player-1,28,59,27,35,player-4,player-1
237,12,18,0.061499886214733124,player-2,31,65,28,36,player-1,player-2
238,1,18,0.05862489342689514,player-2,2,0,4,4,player-1,player-2
238,2,18,0.056541990488767624,player-3,2,2,8,10,player-2,player-3
238,3,17,0.06454205140471458,player-3,5,6,11,12,player-3,player-3
238,4,18,0.06770901381969452,player-1,7,16,15,19,player-4,player-1
238,5,17,0.13366597704589367,player-1,10,17,19,20,player-1,player-1
238,6,17,0.059042125940322876,player-2,12,21,19,23,player-2,player-2
238,7,17,0.060499878600239754,player-3,17,23,24,23,player-3,player-3
238,8,19,0.08508400060236454,player-2,20,35,26,30,player-4,player-2
238,9,17,0.06316602230072021,player-1,26,36,28,35,player-1,player-1
238,10,17,0.08179107680916786,player-2,28,42,30,42,player-2,player-2
238,11,17,0.0719169620424509,player-3,28,43,39,44,player-3,player-3
238,12,19,0.14058314263820648,player-2,30,52,50,51,player-4,player-2
239,1,20,0.14062505215406418,player-2,0,10,2,7,player-3,player-2
239,2,18,0.05374988541007042,player-1,9,13,5,8,player-4,player-1
239,3,18,0.051584094762802124,player-2,11,15,5,11,player-1,player-2
239,4,17,0.05858391523361206,player-2,13,19,7,12,player-2,player-2
239,5,23,0.06483308970928192,player-1,14,23,10,14,player-3,player-1
239,6,21,0.056958990171551704,player-4,19,24,11,15,player-4,player-4
239,7,17,0.047999899834394455,player-1,21,24,16,17,player-1,player-1
239,8,18,0.24191709235310555,player-3,25,26,20,23,player-2,player-3
239,9,18,0.14174985699355602,player-4,30,31,24,29,player-3,player-4
239,10,18,0.061499886214733124,player-1,30,32,26,36,player-4,player-1
239,11,17,0.054167117923498154,player-1,44,33,30,40,player-1,player-1
239,12,20,0.30783400870859623,player-1,50,37,33,47,player-2,player-1
239,13,17,0.05545886233448982,player-3,50,39,35,48,player-3,player-3
239,14,21,0.07575005292892456,player-4,54,46,39,56,player-4,player-4
240,1,19,0.21883402951061726,player-2,0,3,2,4,player-4,player-2
240,2,17,0.22620894014835358,player-1,1,12,8,12,player-1,player-1
240,3,18,0.08420809172093868,player-3,10,21,17,22,player-2,player-3
240,4,17,0.1441671047359705,player-3,10,22,18,29,player-3,player-3
240,5,17,0.6818750407546759,player-4,16,25,28,30,player-4,player-4
240,6,18,0.06866594776511192,player-2,18,30,30,33,player-1,player-2
240,7,17,0.06079208105802536,player-2,18,37,31,35,player-2,player-2
240,8,18,0.07416587322950363,player-4,18,41,32,38,player-3,player-4
240,9,17,0.0677080824971199,player-4,23,47,37,52,player-4,player-4
240,10,17,0.0727497972548008,player-1,29,54,41,59,player-1,player-1
241,1,18,0.07512513548135757,player-3,3,1,2,2,player-2,player-3
241,2,19,0.05779205821454525,player-1,16,4,6,3,player-3,player-1
241,3,20,0.06912508979439735,player-3,16,14,6,4,player-4,player-3
241,4,20,0.06695790216326714,player-4,16,17,13,16,player-1,player-4
241,5,17,0.05333404988050461,player-2,16,24,17,19,player-2,player-2
241,6,22,0.06687501445412636,player-4,16,27,20,22,player-3,player-4
241,7,17,0.10362500324845314,player-4,16,29,24,28,player-4,player-4
241,8,21,0.08549983613193035,player-1,17,30,24,31,player-1,player-1
241,9,17,0.07658288814127445,player-2,19,34,29,33,player-2,player-2
241,10,18,0.0665830448269844,player-4,19,38,36,36,player-3,player-4
241,11,18,0.05937507376074791,player-1,27,45,39,37,player-4,player-1
241,12,21,0.11616689153015614,player-1,34,49,42,40,player-1,player-1
241,13,17,0.2983331214636564,player-2,37,54,47,42,player-2,player-2
241,14,19,0.07012486457824707,player-1,39,56,51,43,player-3,player-1
241,15,18,0.06924988701939583,player-1,42,63,56,50,player-4,player-1
242,1,18,0.05966704338788986,player-3,0,7,13,2,player-2,player-3
242,2,19,0.0624579843133688,player-1,12,9,16,8,player-3,player-1
242,3,17,0.061916885897517204,player-4,12,14,19,13,player-4,player-4
242,4,16,0.04070880822837353,none,14,14,19,19,player-1,none
242,5,17,0.04712492227554321,player-2,19,16,19,21,player-2,player-2
242,6,19,0.0832919031381607,player-1,19,20,21,23,player-3,player-1
242,7,17,0.14320877380669117,player-4,22,20,22,30,player-4,player-4
242,8,17,0.14262483455240726,player-1,30,20,26,37,player-1,player-1
242,9,22,0.07712491787970066,player-3,32,26,34,39,player-2,player-3
242,10,18,0.06716581992805004,player-4,38,28,39,44,player-3,player-4
242,11,21,0.10554096661508083,player-4,42,36,40,48,player-4,player-4
242,12,18,0.21666684187948704,player-2,42,39,42,53,player-1,player-2
242,13,19,0.6209998391568661,player-4,46,41,48,54,player-2,player-4
242,14,17,0.10070810094475746,player-3,46,49,52,55,player-3,player-3
243,1,19,0.09529106318950653,player-2,8,9,4,0,player-4,player-2
243,2,17,0.24783308617770672,player-1,14,11,5,0,player-1,player-1
243,3,23,0.07683294825255871,player-4,17,15,10,3,player-2,player-4
243,4,19,0.163292046636343,player-1,21,18,14,5,player-3,player-1
243,5,17,0.06600003689527512,player-4,23,18,18,10,player-4,player-4
243,6,17,0.19970792345702648,player-1,28,23,23,24,player-1,player-1
243,7,19,0.21983287297189236,player-4,38,27,23,31,player-2,player-4
243,8,18,0.13620802201330662,player-4,38,29,24,33,player-3,player-4
243,9,19,0.23604207672178745,player-2,39,33,26,38,player-4,player-2
243,10,19,0.0730419997125864,player-3,40,38,34,46,player-1,player-3
243,11,18,0.05429098382592201,player-3,44,40,38,46,player-2,player-3
243,12,20,0.06441702134907246,player-2,49,46,40,47,player-3,player-2
243,13,17,0.07987488061189651,player-4,49,53,42,58,player-4,player-4
244,1,19,0.057374825701117516,player-3,6,2,11,2,player-1,player-3
244,2,22,0.14233309775590897,player-3,7,4,14,4,player-2,player-3
244,3,18,0.11841603554785252,player-4,11,4,18,7,player-3,player-4
244,4,18,0.42516691610217094,player-1,11,4,19,10,player-4,player-1
244,5,20,0.26916596107184887,player-4,13,6,28,19,player-1,player-4
244,6,25,0.08133403025567532,player-2,14,16,30,22,player-2,player-2
244,7,19,0.15270779840648174,player-1,17,17,33,24,player-3,player-1
244,8,17,0.058542005717754364,player-4,17,17,41,33,player-4,player-4
244,9,17,0.07516704499721527,player-1,20,18,45,33,player-1,player-1
244,10,18,0.22499985061585903,player-3,25,18,50,38,player-2,player-3
244,11,17,0.06045913323760033,player-3,25,25,51,42,player-3,player-3
244,12,17,0.12287497520446777,player-4,29,27,54,45,player-4,player-4
244,13,20,0.07495889440178871,player-4,31,29,55,49,player-1,player-4
244,14,17,0.05083298310637474,player-2,39,37,56,50,player-2,player-2
244,15,17,0.06975000724196434,player-3,41,41,70,53,player-3,player-3
245,1,18,0.18504098989069462,player-4,1,0,2,4,player-3,player-4
245,2,19,0.16716704703867435,player-2,1,1,2,10,player-4,player-2
245,3,19,0.2806249540299177,player-3,6,1,4,12,player-1,player-3
245,4,18,0.06841588765382767,player-3,6,8,17,17,player-2,player-3
245,5,32,0.45537506230175495,player-2,12,12,20,22,player-3,player-2
245,6,17,0.23283390328288078,player-4,12,17,21,30,player-4,player-4
245,7,18,0.31954189762473106,player-2,15,20,23,30,player-1,player-2
245,8,18,0.18333317711949348,player-3,24,26,27,33,player-2,player-3
245,9,19,0.11791684664785862,player-1,34,31,27,38,player-3,player-1
245,10,17,0.07241591811180115,player-4,34,35,32,42,player-4,player-4
245,11,18,0.09074993431568146,player-2,38,40,37,44,player-1,player-2
245,12,17,0.13433396816253662,player-2,43,41,38,53,player-2,player-2
245,13,17,0.14341715723276138,player-3,44,44,41,55,player-3,player-3
245,14,24,0.07449998520314693,none,46,57,42,55,player-4,none
246,1,25,0.13366597704589367,player-1,2,1,2,4,player-1,player-1
246,2,19,0.06308290176093578,none,5,3,2,9,player-2,none
246,3,21,0.22245803847908974,player-3,10,10,9,10,player-3,player-3
246,4,17,0.20104204304516315,player-4,15,11,13,11,player-4,player-4
246,5,18,0.0768748577684164,player-2,19,21,13,12,player-1,player-2
246,6,18,0.17754198051989079,player-3,20,25,14,17,player-2,player-3
246,7,19,0.060125021263957024,player-1,27,27,17,21,player-3,player-1
246,8,26,0.08574989624321461,player-1,31,30,30,22,player-4,player-1
246,9,20,0.061583006754517555,player-4,33,33,34,31,player-1,player-4
246,10,22,0.0641669612377882,player-3,33,34,37,33,player-2,player-3
246,11,18,0.06291712634265423,player-4,37,34,43,40,player-3,player-4
246,12,22,0.07762503810226917,player-1,42,35,49,56,player-4,player-1
246,13,17,0.07391697727143764,player-1,52,43,52,58,player-1,player-1
247,1,17,0.06466708146035671,player-1,0,3,5,6,player-1,player-1
247,2,17,0.06124982610344887,player-2,4,13,7,7,player-2,player-2
247,3,18,0.06733415648341179,player-4,5,15,14,13,player-3,player-4
247,4,18,0.055999960750341415,player-1,9,15,17,15,player-4,player-1
247,5,17,0.07008295506238937,player-1,11,19,19,18,player-1,player-1
247,6,17,0.06508291698992252,player-2,18,29,25,23,player-2,player-2
247,7,19,0.06991694681346416,player-1,21,34,28,25,player-3,player-1
247,8,19,0.05433312617242336,player-2,23,39,32,29,player-4,player-2
247,9,17,0.046083005145192146,player-1,26,41,34,32,player-1,player-1
247,10,17,0.048833899199962616,player-2,27,47,34,36,player-2,player-2
247,11,18,0.04908395931124687,player-4,28,54,36,42,player-3,player-4
247,12,18,0.06674998439848423,player-1,35,62,36,46,player-4,player-1
248,1,17,0.07095793262124062,player-2,2,5,2,3,player-2,player-2
248,2,17,0.06779213435947895,player-3,4,8,9,4,player-3,player-3
248,3,18,0.0599580816924572,player-1,9,10,11,8,player-4,player-1
248,4,17,0.06954208947718143,player-1,15,15,11,12,player-1,player-1
248,5,18,0.06116693839430809,player-3,17,16,15,14,player-2,player-3
248,6,17,0.05079200491309166,player-3,18,18,17,18,player-3,player-3
248,7,17,0.06725010462105274,player-4,18,24,21,25,player-4,player-4
248,8,17,0.09445915929973125,player-1,22,26,22,26,player-1,player-1
248,9,18,0.07695797830820084,player-3,26,30,23,32,player-2,player-3
248,10,17,0.06429105997085571,player-3,30,35,26,34,player-3,player-3
248,11,25,0.0730000901967287,none,32,36,29,34,player-4,none
248,12,18,0.05045812577009201,player-2,33,38,31,36,player-1,player-2
248,13,17,0.06062490865588188,player-2,37,44,38,36,player-2,player-2
248,14,19,0.07199984975159168,player-1,44,50,41,38,player-3,player-1
248,15,18,0.08312496356666088,player-1,44,60,46,42,player-4,player-1
249,1,21,0.06258394569158554,player-3,1,2,4,1,player-3,player-3
249,2,17,0.049208989366889,player-4,2,2,4,4,player-4,player-4
249,3,19,0.08754082955420017,player-3,6,2,10,7,player-1,player-3
249,4,19,0.060125021263957024,player-4,6,3,13,13,player-2,player-4
249,5,20,0.06654206663370132,player-2,9,6,15,17,player-3,player-2
249,6,18,0.05516689270734787,player-1,9,8,17,19,player-4,player-1
249,7,21,0.07870909757912159,player-1,13,8,20,26,player-1,player-1
249,8,20,0.13049994595348835,player-1,22,14,25,26,player-2,player-1
249,9,18,0.08658296428620815,player-4,27,19,29,31,player-3,player-4
249,10,18,0.07012486457824707,player-1,32,19,32,39,player-4,player-1
249,11,20,0.13987510465085506,player-4,33,20,32,46,player-1,player-4
249,12,17,0.1063330564647913,player-2,38,22,34,47,player-2,player-2
249,13,20,0.08395896293222904,player-2,40,26,35,47,player-3,player-2
249,14,17,0.10983389802277088,player-4,44,29,39,55,player-4,player-4
249,15,17,0.10449998080730438,player-1,53,36,42,55,player-1,player-1
249,16,19,0.14691706746816635,player-4,60,38,42,61,player-2,player-4
250,1,17,0.1777918078005314,player-4,2,0,0,10,player-4,player-4
250,2,17,0.054208096116781235,player-1,6,0,6,11,player-1,player-1
250,3,17,0.06166682578623295,player-2,11,3,8,15,player-2,player-2
250,4,19,0.1264170277863741,player-1,18,7,8,15,player-3,player-1
250,5,18,0.06312504410743713,player-1,23,7,9,17,player-4,player-1
250,6,17,0.05970802158117294,player-1,28,9,10,18,player-1,player-1
250,7,17,0.12129219248890877,player-2,28,14,20,27,player-2,player-2
250,8,19,0.08720788173377514,player-1,32,18,20,31,player-3,player-1
250,9,20,0.09541702456772327,player-3,38,20,31,33,player-4,player-3
250,10,19,0.052999937906861305,player-3,42,22,35,33,player-1,player-3
250,11,17,0.05070795305073261,player-2,50,24,39,37,player-2,player-2
250,12,18,0.07100007496774197,player-4,56,28,43,37,player-3,player-4
250,13,17,0.07866695523262024,player-4,62,36,49,45,player-4,player-4
251,1,23,0.10758382268249989,player-3,4,6,4,7,player-1,player-3
251,2,19,0.09533297270536423,player-4,7,9,6,18,player-2,player-4
251,3,18,0.22341706790030003,player-4,10,10,9,20,player-3,player-4
251,4,18,0.07983297109603882,player-1,20,12,15,22,player-4,player-1
251,5,18,0.1810421235859394,player-2,24,17,16,29,player-1,player-2
251,6,19,0.3606670070439577,player-4,29,21,16,35,player-2,player-4
251,7,17,0.15654205344617367,player-3,30,23,20,39,player-3,player-3
251,8,22,0.6437911652028561,player-1,33,27,23,43,player-4,player-1
251,9,17,0.05904189310967922,player-1,36,31,28,45,player-1,player-1
251,10,18,0.06345799192786217,player-3,38,34,31,50,player-2,player-3
251,11,17,0.2543339505791664,player-3,43,35,42,51,player-3,player-3
251,12,17,0.08437503129243851,player-4,44,36,43,55,player-4,player-4
251,13,17,0.25083404034376144,player-1,48,38,45,55,player-1,player-1
251,14,18,0.3969580866396427,player-3,55,42,49,55,player-2,player-3
252,1,18,0.12041698209941387,player-2,3,3,0,2,player-1,player-2
252,2,18,0.0639590434730053,player-3,3,4,10,3,player-2,player-3
252,3,26,0.07012486457824707,player-4,5,6,16,12,player-3,player-4
252,4,18,0.1774581614881754,player-1,11,13,18,12,player-4,player-1
252,5,21,0.06600003689527512,player-1,13,18,22,18,player-1,player-1
252,6,17,0.2872920595109463,player-2,17,21,22,18,player-2,player-2
252,7,17,0.13679196126759052,player-3,20,24,36,18,player-3,player-3
252,8,21,0.061042141169309616,player-4,21,24,38,26,player-4,player-4
252,9,18,0.12550014071166515,player-2,23,25,39,29,player-1,player-2
252,10,17,0.24179089814424515,player-2,31,37,41,32,player-2,player-2
252,11,18,0.22775004617869854,player-4,34,37,44,33,player-3,player-4
252,12,17,0.19529182463884354,player-4,36,41,46,38,player-4,player-4
252,13,17,0.16516703180968761,player-1,39,44,47,41,player-1,player-1
252,14,18,0.1733340322971344,player-3,44,46,50,42,player-2,player-3
252,15,19,0.11562486179172993,player-1,47,47,54,45,player-3,player-1
253,1,17,0.05379202775657177,player-3,0,0,4,0,player-3,player-3
253,2,21,0.06758281961083412,player-4,2,7,7,5,player-4,player-4
253,3,18,0.16729184426367283,player-2,5,14,7,9,player-1,player-2
253,4,20,0.10108388960361481,player-1,9,18,10,11,player-2,player-1
253,5,18,0.09195785969495773,player-4,9,18,16,12,player-3,player-4
253,6,17,0.07995893247425556,player-4,13,21,18,12,player-4,player-4
253,7,23,0.16725016757845879,player-3,15,25,29,20,player-1,player-3
253,8,20,0.1913330052047968,player-1,20,28,33,20,player-2,player-1
253,9,19,0.43891696259379387,player-1,32,28,42,21,player-3,player-1
253,10,17,0.16899988986551762,player-4,34,32,46,28,player-4,player-4
253,11,17,0.08212495595216751,player-1,38,38,48,32,player-1,player-1
253,12,23,0.08404185064136982,player-4,38,42,55,44,player-2,player-4
253,13,21,0.059582991525530815,player-3,39,43,63,46,player-3,player-3
254,1,17,0.051165930926799774,player-4,4,1,3,4,player-4,player-4
254,2,25,0.057999975979328156,player-1,7,1,6,5,player-1,player-1
254,3,19,0.3631250001490116,player-4,11,2,8,13,player-2,player-4
254,4,17,0.26674987748265266,player-3,12,5,13,17,player-3,player-3
254,5,17,0.06354181095957756,player-4,15,9,16,23,player-4,player-4
254,6,19,0.07387506775557995,player-3,20,9,22,23,player-1,player-3
254,7,17,0.18441700376570225,player-2,23,13,24,27,player-2,player-2
254,8,17,0.3012919332832098,player-3,27,19,30,28,player-3,player-3
254,9,18,0.06312504410743713,player-1,29,20,35,30,player-4,player-1
254,10,19,0.09329104796051979,player-3,33,31,40,37,player-1,player-3
254,11,17,0.05583302117884159,player-2,37,37,43,41,player-2,player-2
254,12,18,0.05312496796250343,player-4,37,38,43,48,player-3,player-4
254,13,20,0.0646661501377821,player-3,41,38,51,51,player-4,player-3
254,14,19,0.06700004450976849,player-3,46,40,57,51,player-1,player-3
255,1,26,0.07591699250042439,player-1,5,1,0,3,player-4,player-1
255,2,17,0.05408399738371372,player-1,7,1,4,4,player-1,player-1
255,3,17,0.06237509660422802,player-2,12,10,8,7,player-2,player-2
255,4,14,0.03070896491408348,none,12,10,10,12,player-3,none
255,5,17,0.09145890362560749,player-4,15,15,12,17,player-4,player-4
255,6,20,0.0707919243723154,player-4,24,18,13,24,player-1,player-4
255,7,17,0.23441691882908344,player-2,28,27,15,26,player-2,player-2
255,8,17,0.052165938541293144,player-3,28,33,20,31,player-3,player-3
255,9,19,0.059416983276605606,player-2,30,38,24,31,player-4,player-2
255,10,17,0.05550007335841656,player-1,36,38,27,35,player-1,player-1
255,11,25,0.06254203617572784,player-2,39,40,30,36,player-2,player-2
255,12,17,0.055584125220775604,player-3,39,41,34,40,player-3,player-3
255,13,18,0.051416922360658646,player-1,41,49,37,44,player-4,player-1
255,14,17,0.05879206582903862,player-1,43,49,38,47,player-1,player-1
255,15,22,0.1867909450083971,player-3,46,57,41,54,player-2,player-3
256,1,18,0.1377500593662262,player-2,4,4,0,4,player-1,player-2
256,2,20,0.41183317080140114,player-1,5,7,1,6,player-2,player-1
256,3,21,0.2940420527011156,player-3,7,10,7,17,player-3,player-3
256,4,21,0.21583307534456253,player-4,7,12,7,28,player-4,player-4
256,5,17,0.19462499767541885,player-1,10,14,8,30,player-1,player-1
256,6,20,0.20400015637278557,player-1,13,15,11,35,player-2,player-1
256,7,17,0.2919582184404135,player-3,15,22,16,38,player-3,player-3
256,8,18,0.08549983613193035,player-1,17,26,18,42,player-4,player-1
256,9,17,0.11745793744921684,player-1,23,28,19,44,player-1,player-1
256,10,21,0.07716682739555836,player-2,24,33,23,47,player-2,player-2
256,11,23,0.08587492629885674,player-1,29,35,25,47,player-3,player-1
256,12,24,0.1637078821659088,player-3,30,51,31,50,player-4,player-3
257,1,17,0.05583278834819794,player-1,8,0,3,0,player-1,player-1
257,2,25,0.06400002166628838,player-2,14,3,6,5,player-2,player-2
257,3,19,0.3636251203715801,player-1,18,5,10,5,player-3,player-1
257,4,18,0.0628340058028698,player-1,20,8,16,13,player-4,player-1
257,5,18,0.06616697646677494,player-2,26,11,17,13,player-1,player-2
257,6,18,0.03966689109802246,none,27,11,18,13,player-2,none
257,7,18,0.08675013668835163,player-4,29,15,25,18,player-3,player-4
257,8,19,0.08941604755818844,player-2,32,21,29,22,player-4,player-2
257,9,18,0.0711251050233841,player-2,36,26,36,28,player-1,player-2
257,10,17,0.059499870985746384,player-2,38,31,38,35,player-2,player-2
257,11,17,0.0783340074121952,player-3,42,31,40,35,player-3,player-3
257,12,18,0.09266706183552742,player-1,44,37,45,40,player-4,player-1
257,13,17,0.08620810694992542,player-1,50,39,46,42,player-1,player-1
257,14,17,0.05874992348253727,player-2,50,42,48,48,player-2,player-2
257,15,24,0.15904102474451065,none,52,48,51,52,player-3,none
258,1,17,0.09795813821256161,player-2,2,4,0,3,player-2,player-2
258,2,17,0.06208312697708607,player-3,3,9,6,3,player-3,player-3
258,3,18,0.06366707384586334,player-1,8,12,7,5,player-4,player-1
258,4,17,0.13575004413723946,player-1,9,16,9,9,player-1,player-1
258,5,23,0.057541998103260994,none,14,17,9,12,player-2,none
258,6,18,0.05766679532825947,player-4,14,18,14,15,player-3,player-4
258,7,17,0.1899590715765953,player-4,14,18,15,20,player-4,player-4
258,8,19,0.2897500526160002,player-3,18,27,25,20,player-1,player-3
258,9,24,0.08541694842278957,player-1,22,29,31,22,player-2,player-1
258,10,19,0.059416983276605606,player-1,22,29,35,26,player-3,player-1
258,11,18,0.06029196083545685,player-1,27,34,38,32,player-4,player-1
258,12,19,0.10566716082394123,player-3,28,38,40,36,player-1,player-3
258,13,17,0.06116693839430809,player-2,32,49,46,46,player-2,player-2
258,14,19,0.05970802158117294,player-1,41,53,47,46,player-3,player-1
258,15,17,0.04650000482797623,player-4,43,55,50,55,player-4,player-4
259,1,17,0.07879105396568775,player-3,2,5,1,0,player-3,player-3
259,2,19,0.09920797310769558,player-2,4,7,1,1,player-4,player-2
259,3,17,0.07670791819691658,player-1,10,12,6,4,player-1,player-1
259,4,17,0.0982498750090599,player-2,15,17,10,5,player-2,player-2
259,5,18,0.08208397775888443,player-4,18,21,10,11,player-3,player-4
259,6,17,0.05329097621142864,player-4,21,24,11,14,player-4,player-4
259,7,18,0.06029102951288223,player-2,29,25,13,25,player-1,player-2
259,8,17,0.06449990905821323,player-2,34,33,15,28,player-2,player-2
259,9,17,0.1058338675647974,player-3,39,35,24,28,player-3,player-3
259,10,17,0.08529191836714745,player-4,40,37,27,33,player-4,player-4
259,11,18,0.06354204379022121,player-2,44,46,29,34,player-1,player-2
259,12,22,0.0666249543428421,player-3,49,47,33,36,player-2,player-3
259,13,17,0.06949994713068008,player-3,55,54,39,46,player-3,player-3
260,1,19,0.07541594095528126,player-2,1,5,7,2,player-4,player-2
260,2,17,0.06349990144371986,player-1,1,7,10,2,player-1,player-1
260,3,17,0.32062502577900887,player-2,5,15,12,5,player-2,player-2
260,4,18,0.6927091162651777,player-4,5,15,17,7,player-3,player-4
260,5,20,0.3247498534619808,player-3,10,17,18,14,player-4,player-3
260,6,17,0.1718748826533556,player-1,11,21,20,14,player-1,player-1
260,7,17,0.41320896707475185,player-2,18,32,23,21,player-2,player-2
260,8,17,0.06387499161064625,player-3,21,40,30,21,player-3,player-3
260,9,17,0.05587493069469929,player-4,25,40,36,25,player-4,player-4
260,10,27,0.08245790377259254,player-3,31,44,61,34,player-1,player-3
260,11,17,0.056582968682050705,player-2,39,50,63,37,player-2,player-2
261,1,17,0.06650015711784363,player-1,3,3,3,2,player-1,player-1
261,2,19,0.05470891483128071,player-4,5,4,5,7,player-2,player-4
261,3,18,1.0335000697523355,player-4,7,7,5,16,player-3,player-4
261,4,18,0.4740830045193434,player-1,13,15,5,18,player-4,player-1
261,5,18,0.20020781084895134,player-2,20,24,9,19,player-1,player-2
261,6,17,0.06295903585851192,player-2,26,30,13,24,player-2,player-2
261,7,17,0.06274995394051075,player-3,28,33,21,25,player-3,player-3
261,8,18,0.05150004290044308,player-1,33,33,23,27,player-4,player-1
261,9,18,0.04983297549188137,player-2,36,37,29,27,player-1,player-2
261,10,29,0.07691700011491776,player-2,39,40,29,34,player-2,player-2
261,11,18,0.08925003930926323,player-4,48,43,35,46,player-3,player-4
261,12,17,0.10950001887977123,player-4,48,43,40,54,player-4,player-4
261,13,17,0.12329081073403358,player-1,63,46,42,54,player-1,player-1
262,1,17,0.047666020691394806,player-1,3,0,4,4,player-1,player-1
262,2,18,0.05916692316532135,player-3,6,4,12,7,player-2,player-3
262,3,17,0.050999922677874565,player-3,10,6,18,11,player-3,player-3
262,4,17,0.059791840612888336,player-4,11,8,22,16,player-4,player-4
262,5,18,0.05150004290044308,player-2,15,10,27,19,player-1,player-2
262,6,17,0.08699996396899223,player-2,23,14,30,29,player-2,player-2
262,7,17,0.07229181937873363,player-3,27,15,35,31,player-3,player-3
262,8,18,0.17620809376239777,player-1,28,20,38,38,player-4,player-1
262,9,19,0.06954185664653778,player-3,28,22,39,39,player-1,player-3
262,10,19,0.06316602230072021,player-4,35,28,41,47,player-2,player-4
262,11,17,0.06016693077981472,player-3,38,28,50,48,player-3,player-3
262,12,24,0.06687501445412636,player-3,38,28,54,55,player-4,player-3
262,13,21,0.2217909786850214,player-1,41,35,57,62,player-1,player-1
262,14,17,0.057165976613759995,player-2,43,37,58,64,player-2,player-2
263,1,17,0.05120784044265747,player-3,1,1,5,1,player-3,player-3
263,2,20,0.0664170365780592,player-3,6,5,15,2,player-4,player-3
263,3,20,0.1229580957442522,player-4,12,8,15,13,player-1,player-4
263,4,18,0.06066705100238323,player-3,13,11,24,13,player-2,player-3
263,5,18,0.08845794945955276,player-4,13,12,27,15,player-3,player-4
263,6,24,0.0730419997125864,player-3,15,14,31,17,player-4,player-3
263,7,17,0.06604194641113281,player-1,21,14,31,19,player-1,player-1
263,8,17,0.05070911720395088,player-2,23,18,33,21,player-2,player-2
263,9,18,0.07283315062522888,player-4,26,21,43,28,player-3,player-4
263,10,17,0.05870801396667957,player-4,27,25,46,30,player-4,player-4
263,11,17,0.07500010542571545,player-1,33,26,46,35,player-1,player-1
263,12,19,0.062000006437301636,player-4,36,28,46,43,player-2,player-4
263,13,18,0.0749579630792141,player-4,37,30,51,45,player-3,player-4
263,14,20,0.06808293983340263,player-3,40,30,56,45,player-4,player-3
263,15,17,0.0588749535381794,player-1,43,30,58,46,player-1,player-1
264,1,17,0.06800005212426186,player-1,9,0,8,8,player-1,player-1
264,2,21,0.11845794506371021,player-2,14,4,9,10,player-2,player-2
264,3,19,0.09370804764330387,player-1,18,6,10,14,player-3,player-1
264,4,19,0.11258292943239212,player-2,18,12,15,20,player-4,player-2
264,5,18,0.053625088185071945,player-2,22,19,15,22,player-1,player-2
264,6,17,0.14108396135270596,player-2,32,24,24,25,player-2,player-2
264,7,17,0.05670799873769283,player-3,34,29,26,27,player-3,player-3
264,8,21,0.06287498399615288,player-4,34,34,31,34,player-4,player-4
264,9,17,0.06483285687863827,player-1,43,37,35,38,player-1,player-1
264,10,17,0.11316593736410141,player-2,45,40,40,38,player-2,player-2
264,11,19,0.06433390080928802,player-1,48,42,46,47,player-3,player-1
264,12,25,0.07175002247095108,player-4,52,46,48,50,player-4,player-4
265,1,18,0.06837490946054459,player-3,4,12,4,9,player-2,player-3
265,2,17,0.05970802158117294,player-3,13,16,10,10,player-3,player-3
265,3,18,0.056999968364834785,player-1,20,18,11,11,player-4,player-1
265,4,17,0.05550007335841656,player-1,28,24,14,14,player-1,player-1
265,5,23,0.07512513548135757,player-4,30,33,15,23,player-2,player-4
265,6,20,0.07095793262124062,player-2,33,40,17,25,player-3,player-2
265,7,19,0.055958982557058334,player-2,35,42,22,27,player-4,player-2
265,8,18,0.06354087963700294,player-2,37,49,25,29,player-1,player-2
265,9,17,0.07445900700986385,player-2,41,54,27,29,player-2,player-2
265,10,18,0.05695805884897709,player-4,44,57,32,34,player-3,player-4
265,11,17,0.053916824981570244,player-4,47,59,37,38,player-4,player-4
265,12,20,0.059582991525530815,player-4,50,60,40,43,player-1,player-4
266,1,20,0.061374856159090996,player-4,3,1,4,2,player-1,player-4
266,2,17,0.059999991208314896,player-2,6,11,6,4,player-2,player-2
266,3,17,0.05266699008643627,player-3,6,15,12,7,player-3,player-3
266,4,17,0.06395811215043068,player-4,8,19,21,16,player-4,player-4
266,5,18,0.056791119277477264,player-2,12,23,21,16,player-1,player-2
266,6,18,0.130500178784132,player-3,12,27,24,19,player-2,player-3
266,7,18,0.22441684268414974,none,12,29,26,23,player-3,none
266,8,17,0.18841587007045746,player-4,15,33,27,34,player-4,player-4
266,9,18,0.1876670867204666,player-2,18,39,30,34,player-1,player-2
266,10,17,0.19941688515245914,player-2,20,45,32,35,player-2,player-2
266,11,17,0.056208809837698936,player-3,25,45,35,35,player-3,player-3
266,12,18,0.23129209876060486,player-1,35,50,38,37,player-4,player-1
266,13,17,0.07975008338689804,player-1,35,55,38,42,player-1,player-1
266,14,17,0.058916863054037094,player-2,35,62,38,45,player-2,player-2
267,1,22,0.08658296428620815,player-4,3,16,10,7,player-3,player-4
267,2,23,0.9024168830364943,player-2,3,25,10,13,player-4,player-2
267,3,17,0.08754199370741844,player-1,6,28,13,21,player-1,player-1
267,4,18,0.044625019654631615,player-3,6,36,20,21,player-2,player-3
267,5,18,0.057374825701117516,player-4,10,38,24,27,player-3,player-4
267,6,20,0.07720803841948509,player-3,13,43,27,27,player-4,player-3
267,7,20,0.3718750085681677,player-4,17,43,35,29,player-1,player-4
267,8,19,0.06370805203914642,player-4,18,45,40,31,player-2,player-4
267,9,17,0.05862489342689514,player-3,18,53,43,40,player-3,player-3
267,10,21,0.0677499920129776,player-4,21,54,43,50,player-4,player-4
268,1,18,0.04954100586473942,player-2,1,3,0,0,player-1,player-2
268,2,17,0.053459079936146736,player-2,3,9,3,2,player-2,player-2
268,3,18,0.06420910358428955,player-4,4,12,7,8,player-3,player-4
268,4,17,0.05683279596269131,player-4,4,14,11,18,player-4,player-4
268,5,22,0.07216702215373516,player-2,12,16,18,19,player-1,player-2
268,6,17,0.057582976296544075,player-2,14,18,18,19,player-2,player-2
268,7,20,0.06558396853506565,player-2,14,21,23,26,player-3,player-2
268,8,17,0.07595797069370747,player-4,16,21,23,29,player-4,player-4
268,9,17,0.06841705180704594,player-1,24,25,23,36,player-1,player-1
268,10,17,0.057165976613759995,player-2,24,31,29,43,player-2,player-2
268,11,17,0.05566701292991638,player-3,24,31,35,45,player-3,player-3
268,12,17,0.052582938224077225,player-4,27,31,40,46,player-4,player-4
268,13,18,0.057459110394120216,player-2,30,32,40,50,player-1,player-2
268,14,17,0.04795799031853676,player-2,33,33,40,50,player-2,player-2
268,15,22,0.06833299994468689,player-4,36,39,48,54,player-3,player-4
268,16,18,0.09591714479029179,player-1,37,47,52,58,player-4,player-1
269,1,17,0.05145883187651634,player-2,3,4,0,5,player-2,player-2
269,2,17,0.06483285687863827,player-3,9,13,1,11,player-3,player-3
269,3,17,0.049916794523596764,player-4,9,13,3,16,player-4,player-4
269,4,19,0.05300017073750496,player-3,15,17,6,18,player-1,player-3
269,5,18,0.04970794543623924,player-3,16,17,14,20,player-2,player-3
269,6,21,0.06745895370841026,player-3,19,21,16,23,player-3,player-3
269,7,20,0.06108288653194904,player-3,20,27,20,25,player-4,player-3
269,8,17,0.06450014188885689,player-1,26,28,22,26,player-1,player-1
269,9,17,0.04983297549188137,player-2,29,30,25,26,player-2,player-2
269,10,19,0.07100007496774197,player-1,36,30,26,28,player-3,player-1
269,11,17,0.05745794624090195,player-4,40,33,31,30,player-4,player-4
269,12,17,0.06933300755918026,player-1,44,35,36,33,player-1,player-1
269,13,22,0.07287506014108658,player-3,44,40,42,40,player-2,player-3
269,14,17,0.06612506695091724,player-3,48,46,43,41,player-3,player-3
269,15,17,0.07237493991851807,player-4,53,46,48,48,player-4,player-4
270,1,17,0.0489591620862484,player-3,5,2,4,1,player-3,player-3
270,2,17,0.050165923312306404,player-4,10,4,6,5,player-4,player-4
270,3,17,0.10891607962548733,player-1,10,8,9,9,player-1,player-1
270,4,17,0.0757498200982809,player-2,14,17,11,13,player-2,player-2
270,5,17,0.07545808330178261,player-3,23,20,16,16,player-3,player-3
270,6,20,0.07083290256559849,player-3,26,20,22,18,player-4,player-3
270,7,19,0.07641687989234924,player-3,29,20,31,22,player-1,player-3
270,8,17,0.05754106678068638,player-2,34,25,35,23,player-2,player-2
270,9,17,0.06579211913049221,player-3,38,25,37,27,player-3,player-3
270,10,18,0.0541668850928545,player-1,39,29,38,28,player-4,player-1
270,11,17,0.05787494592368603,player-1,41,33,43,34,player-1,player-1
270,12,19,0.09924988262355328,player-4,46,37,48,41,player-2,player-4
270,13,19,0.16587506979703903,player-1,47,38,52,44,player-3,player-1
270,14,17,0.06125005893409252,player-4,55,38,60,51,player-4,player-4
271,1,18,0.08966587483882904,player-3,4,2,9,2,player-2,player-3
271,2,17,0.07158308289945126,player-3,12,3,18,8,player-3,player-3
271,3,17,0.06074993871152401,player-4,13,7,18,12,player-4,player-4
271,4,24,0.09362492710351944,player-4,18,7,22,18,player-1,player-4
271,5,17,0.1777918078005314,player-2,22,10,24,18,player-2,player-2
271,6,17,0.05666702054440975,player-3,23,13,26,20,player-3,player-3
271,7,18,0.20333309657871723,player-1,28,17,28,22,player-4,player-1
271,8,19,0.1461249776184559,player-3,29,20,34,25,player-1,player-3
271,9,19,0.08654198609292507,player-4,32,23,34,34,player-2,player-4
271,10,17,0.2779581118375063,player-3,37,26,44,36,player-3,player-3
271,11,19,0.06416602991521358,player-2,38,39,44,40,player-4,player-2
271,12,18,0.05266699008643627,player-2,40,44,44,44,player-1,player-2
271,13,17,0.0637909397482872,player-2,42,50,51,52,player-2,player-2
272,1,17,0.0541249755769968,player-2,6,2,2,5,player-2,player-2
272,2,19,0.05487492308020592,player-1,14,5,5,6,player-3,player-1
272,3,17,0.17629191279411316,player-4,21,9,13,13,player-4,player-4
272,4,17,1.4515421353280544,player-1,25,13,14,17,player-1,player-1
272,5,17,2.4705419782549143,player-2,31,18,17,21,player-2,player-2
272,6,17,1.5854171942919493,player-3,32,24,22,24,player-3,player-3
272,7,17,0.16533304005861282,player-4,34,27,24,27,player-4,player-4
272,8,23,0.16308319754898548,player-3,34,31,28,29,player-1,player-3
272,9,17,0.10133418254554272,player-2,34,40,33,34,player-2,player-2
272,10,17,0.08087488822638988,player-3,34,45,37,39,player-3,player-3
272,11,23,1.1710838880389929,none,35,50,38,47,player-4,none
272,12,18,0.10979198850691319,player-2,37,59,45,50,player-1,player-2
273,1,18,0.21587498486042023,player-3,3,6,5,5,player-2,player-3
273,2,17,0.08599995635449886,player-3,6,8,5,7,player-3,player-3
273,3,20,0.07187481969594955,player-3,12,8,10,14,player-4,player-3
273,4,18,0.09966711513698101,player-2,14,16,11,18,player-1,player-2
273,5,19,0.1721251755952835,player-4,15,21,15,26,player-2,player-4
273,6,21,0.1284580212086439,player-3,18,23,17,28,player-3,player-3
273,7,19,0.15074992552399635,player-2,24,29,17,32,player-4,player-2
273,8,21,0.05925004370510578,player-1,33,32,18,33,player-1,player-1
273,9,17,0.04724995233118534,player-2,41,35,19,35,player-2,player-2
273,10,30,0.08954200893640518,player-4,43,35,21,37,player-3,player-4
273,11,21,0.0730419997125864,player-4,46,35,23,40,player-4,player-4
273,12,17,0.07324991747736931,player-1,56,35,26,40,player-1,player-1
273,13,18,0.3729581367224455,player-3,58,40,32,44,player-2,player-3
273,14,20,0.24033314548432827,player-2,60,50,39,52,player-3,player-2
274,1,17,0.07141591049730778,player-3,4,0,4,1,player-3,player-3
274,2,22,0.11554104276001453,player-1,13,2,6,3,player-4,player-1
274,3,17,0.07333420217037201,player-1,17,3,13,5,player-1,player-1
274,4,19,0.06066588684916496,player-4,18,3,16,11,player-2,player-4
274,5,17,0.05600019358098507,player-3,25,5,18,12,player-3,player-3
274,6,18,0.0699581578373909,player-1,29,10,24,13,player-4,player-1
274,7,17,0.06125005893409252,player-1,33,14,29,13,player-1,player-1
274,8,17,0.04591606557369232,player-2,36,18,30,16,player-2,player-2
274,9,18,0.06600003689527512,player-4,39,21,34,19,player-3,player-4
274,10,17,0.0712911132723093,player-4,41,25,36,34,player-4,player-4
274,11,18,0.06562494672834873,player-2,43,28,39,36,player-1,player-2
274,12,17,0.12237508781254292,player-2,46,30,47,38,player-2,player-2
274,13,17,0.30458299443125725,player-3,48,35,47,43,player-3,player-3
274,14,17,0.6397909019142389,player-4,48,42,54,45,player-4,player-4
275,1,17,0.20312517881393433,player-3,2,0,3,2,player-3,player-3
275,2,17,0.08520809933543205,player-4,4,11,9,4,player-4,player-4
275,3,23,0.11229189112782478,player-3,4,17,14,10,player-1,player-3
275,4,17,0.24287495762109756,player-2,6,28,19,12,player-2,player-2
275,5,17,1.0243328288197517,player-3,9,33,21,13,player-3,player-3
275,6,17,0.24370779283344746,none,9,33,21,14,player-4,none
275,7,17,0.6859998684376478,player-1,11,36,24,16,player-1,player-1
275,8,20,0.11487491428852081,player-1,22,46,24,20,player-2,player-1
275,9,26,0.31841685995459557,none,23,48,25,23,player-3,none
275,10,17,0.10816706344485283,player-4,23,50,27,26,player-4,player-4
275,11,17,0.056791817769408226,player-1,27,56,31,29,player-1,player-1
275,12,21,0.0660410150885582,player-2,27,58,33,34,player-2,player-2
275,13,18,0.067500164732337,player-4,31,64,36,40,player-3,player-4
276,1,17,0.08399994112551212,player-4,4,7,3,7,player-4,player-4
276,2,17,0.05791592411696911,player-1,6,14,5,8,player-1,player-1
276,3,17,2.262416062876582,player-2,12,19,8,11,player-2,player-2
276,4,17,0.10470813140273094,player-3,18,23,8,18,player-3,player-3
276,5,17,0.1152500044554472,player-4,22,26,13,23,player-4,player-4
276,6,17,0.1829999964684248,player-1,22,28,18,27,player-1,player-1
276,7,20,0.18104189075529575,player-1,24,33,20,31,player-2,player-1
276,8,17,0.464749988168478,player-3,26,33,24,33,player-3,player-3
276,9,20,0.7904160302132368,player-3,27,33,24,37,player-4,player-3
276,10,17,0.18037506379187107,player-1,40,33,27,43,player-1,player-1
276,11,17,0.23862509988248348,player-2,44,47,36,51,player-2,player-2
276,12,17,0.22279191762208939,player-3,45,53,41,55,player-3,player-3
277,1,17,0.23362506181001663,player-1,8,2,1,0,player-1,player-1
277,2,17,0.2844170667231083,player-2,10,3,1,4,player-2,player-2
277,3,19,0.28958404436707497,player-1,12,7,2,5,player-3,player-1
277,4,21,0.5718329921364784,player-4,14,13,5,20,player-4,player-4
277,5,18,0.5902501288801432,player-2,16,18,16,25,player-1,player-2
277,6,18,0.15600002370774746,player-3,22,20,18,32,player-2,player-3
277,7,18,0.14316593296825886,player-4,23,22,19,36,player-3,player-4
277,8,18,0.10170810855925083,player-1,26,27,26,41,player-4,player-1
277,9,17,0.12850016355514526,player-1,27,30,29,46,player-1,player-1
277,10,17,0.06362493149936199,player-2,29,35,29,48,player-2,player-2
277,11,19,0.1345409546047449,player-1,31,37,33,51,player-3,player-1
277,12,18,0.05591614171862602,player-1,35,38,38,55,player-4,player-1
277,13,18,0.12570805847644806,player-2,40,38,39,57,player-1,player-2
277,14,17,0.08895806968212128,player-2,42,45,42,65,player-2,player-2
278,1,20,0.10399986058473587,player-3,7,3,6,0,player-4,player-3
278,2,18,0.1612498890608549,player-2,9,4,8,4,player-1,player-2
278,3,22,0.06904080510139465,player-3,11,5,11,5,player-2,player-3
278,4,17,0.08804094977676868,player-3,15,12,22,8,player-3,player-3
278,5,18,0.06374996155500412,player-1,25,13,23,12,player-4,player-1
278,6,17,0.05708308890461922,player-1,31,14,27,16,player-1,player-1
278,7,18,0.06595905870199203,player-3,39,21,30,18,player-2,player-3
278,8,17,0.055541982874274254,player-3,39,24,31,18,player-3,player-3
278,9,17,0.07458310574293137,player-4,40,26,33,29,player-4,player-4
278,10,17,0.08904095739126205,player-1,46,28,37,34,player-1,player-1
278,11,18,0.10008295066654682,player-3,48,32,41,34,player-2,player-3
278,12,19,0.18145795911550522,player-1,53,35,42,38,player-3,player-1
278,13,20,0.21012499928474426,player-3,55,37,44,40,player-4,player-3
278,14,19,0.3298330120742321,player-3,63,43,52,42,player-1,player-3
279,1,19,0.08958298712968826,player-2,4,3,1,4,player-4,player-2
279,2,17,0.053999945521354675,player-1,8,6,2,5,player-1,player-1
279,3,20,0.11825002729892731,player-1,12,6,2,17,player-2,player-1
279,4,17,0.4634580109268427,player-3,14,6,12,25,player-3,player-3
279,5,17,0.07270905189216137,player-4,16,10,14,28,player-4,player-4
279,6,18,0.2185001503676176,player-2,21,13,14,30,player-1,player-2
279,7,19,0.06274995394051075,player-4,22,14,14,30,player-2,player-4
279,8,18,0.8779161144047976,player-4,22,16,17,37,player-3,player-4
279,9,19,1.9050000701099634,player-2,26,32,19,46,player-4,player-2
279,10,17,0.07520895451307297,player-1,32,33,23,47,player-1,player-1
279,11,18,0.08029118180274963,player-3,32,33,27,51,player-2,player-3
279,12,20,0.1141249667853117,player-2,37,33,27,53,player-3,player-2
279,13,18,0.07120915688574314,player-1,42,38,31,62,player-4,player-1
280,1,17,0.05729193799197674,player-1,1,0,1,0,player-1,player-1
280,2,20,0.06612506695091724,player-1,6,1,5,3,player-2,player-1
280,3,18,0.355791999027133,player-4,8,2,10,6,player-3,player-4
280,4,17,0.06800005212426186,player-4,12,4,17,11,player-4,player-4
280,5,20,0.06566685624420643,player-4,15,5,18,13,player-1,player-4
280,6,19,0.06970809772610664,player-4,19,12,20,24,player-2,player-4
280,7,17,0.06604194641113281,player-3,22,19,23,27,player-3,player-3
280,8,17,0.07320800796151161,player-4,25,22,28,33,player-4,player-4
280,9,22,0.06125005893409252,player-2,28,24,30,37,player-1,player-2
280,10,20,0.11445791460573673,player-1,33,26,34,37,player-2,player-1
280,11,19,0.052374787628650665,player-1,36,30,38,39,player-3,player-1
280,12,18,0.05804188549518585,player-1,39,40,44,43,player-4,player-1
280,13,17,0.06879190914332867,player-1,43,45,48,43,player-1,player-1
280,14,20,0.05670799873769283,player-1,47,50,51,43,player-2,player-1
280,15,17,0.04200008697807789,player-3,48,51,55,43,player-3,player-3
281,1,18,0.05691708065569401,player-2,2,6,1,2,player-1,player-2
281,2,17,0.05950010381639004,player-2,4,12,2,2,player-2,player-2
281,3,17,0.049291178584098816,player-3,9,13,10,3,player-3,player-3
281,4,19,0.07229088805615902,player-2,14,20,14,5,player-4,player-2
281,5,17,0.05725002847611904,player-1,20,20,14,7,player-1,player-1
281,6,18,0.04737498238682747,player-3,24,23,17,11,player-2,player-3
281,7,23,0.07391604594886303,player-1,30,23,18,12,player-3,player-1
281,8,17,0.061540864408016205,player-4,33,29,23,18,player-4,player-4
281,9,19,0.07637497037649155,player-3,35,31,32,18,player-1,player-3
281,10,17,0.2823329996317625,player-2,45,34,35,24,player-2,player-2
281,11,18,0.10008295066654682,player-4,46,39,36,30,player-3,player-4
281,12,19,0.2951251808553934,player-2,55,41,41,34,player-4,player-2
281,13,27,0.4584582056850195,player-3,67,45,49,36,player-1,player-3
282,1,17,0.0552500132471323,player-1,1,4,2,0,player-1,player-1
282,2,18,0.12562517076730728,player-3,6,9,7,2,player-2,player-3
282,3,26,0.06183399818837643,player-4,9,11,9,6,player-3,player-4
282,4,19,0.060416990891098976,player-2,9,17,14,15,player-4,player-2
282,5,17,0.17175008542835712,player-1,17,19,16,19,player-1,player-1
282,6,18,0.13695796951651573,player-3,17,20,18,25,player-2,player-3
282,7,18,0.04400010220706463,none,21,22,20,25,player-3,none
282,8,17,0.07824995554983616,player-4,23,28,20,39,player-4,player-4
282,9,17,0.05783280357718468,player-1,26,30,22,40,player-1,player-1
282,10,17,0.06420793943107128,player-2,29,33,23,46,player-2,player-2
282,11,18,0.0624579843133688,player-4,29,37,30,49,player-3,player-4
282,12,19,0.06783404387533665,player-2,34,45,30,50,player-4,player-2
282,13,20,0.05929195322096348,player-4,35,48,30,54,player-1,player-4
283,1,17,0.06279116496443748,player-3,4,0,10,3,player-3,player-3
283,2,18,0.0502078328281641,player-1,10,3,11,7,player-4,player-1
283,3,17,0.057167140766978264,player-1,11,3,11,8,player-1,player-1
283,4,18,0.06187497638165951,player-3,17,4,15,10,player-2,player-3
283,5,17,0.05095801316201687,player-3,19,10,19,10,player-3,player-3
283,6,17,0.07329089567065239,player-4,19,10,22,20,player-4,player-4
283,7,20,0.0764590222388506,player-4,25,18,26,25,player-1,player-4
283,8,17,0.05404115654528141,player-2,27,23,26,25,player-2,player-2
283,9,19,0.05837506614625454,player-1,30,23,27,28,player-3,player-1
283,10,19,0.062166014686226845,player-2,31,30,28,29,player-4,player-2
283,11,20,0.08062506094574928,player-4,41,33,33,46,player-1,player-4
283,12,17,0.06695790216326714,player-2,44,36,37,48,player-2,player-2
283,13,17,0.050625065341591835,player-3,46,36,41,51,player-3,player-3
283,14,22,0.06337510421872139,none,51,36,43,54,player-4,none
283,15,19,0.07224990986287594,player-3,64,38,46,62,player-1,player-3
284,1,18,0.05587516352534294,player-1,2,0,1,7,player-4,player-1
284,2,17,0.051791081205010414,player-1,2,5,6,9,player-1,player-1
284,3,17,0.0513328704982996,player-2,4,9,6,10,player-2,player-2
284,4,23,0.07841596379876137,player-1,5,12,9,21,player-3,player-1
284,5,17,0.06841588765382767,player-4,8,14,13,29,player-4,player-4
284,6,18,0.05687493830919266,player-2,12,20,19,29,player-1,player-2
284,7,20,0.05045789293944836,player-1,14,21,19,32,player-2,player-1
284,8,21,0.0652919989079237,player-3,18,27,24,38,player-3,player-3
284,9,19,0.06683287210762501,player-2,24,39,31,46,player-4,player-2
284,10,17,0.05712499842047691,player-1,31,44,33,47,player-1,player-1
284,11,22,0.06620888598263264,player-3,37,50,38,47,player-2,player-3
284,12,17,0.06295903585851192,player-3,37,55,45,55,player-3,player-3
285,1,17,0.06545917131006718,player-1,2,4,1,1,player-1,player-1
285,2,17,0.06812484934926033,player-2,2,6,6,11,player-2,player-2
285,3,17,0.06274995394051075,player-3,3,9,10,15,player-3,player-3
285,4,17,0.05391589365899563,player-4,3,10,15,20,player-4,player-4
285,5,17,0.05341717042028904,player-1,10,12,18,22,player-1,player-1
285,6,17,0.05866587162017822,player-2,13,13,20,26,player-2,player-2
285,7,17,0.0649159774184227,player-3,13,15,26,27,player-3,player-3
285,8,22,0.062166014686226845,player-1,18,16,27,31,player-4,player-1
285,9,18,0.054833944886922836,player-2,20,22,30,33,player-1,player-2
285,10,18,0.052958959713578224,player-3,22,27,31,38,player-2,player-3
285,11,17,0.0804578885436058,player-3,23,34,34,43,player-3,player-3
285,12,20,0.07870886474847794,player-3,24,34,40,47,player-4,player-3
285,13,18,0.05425000563263893,player-2,29,38,40,47,player-1,player-2
285,14,17,0.14725001528859138,player-2,30,40,45,47,player-2,player-2
285,15,17,0.14549982734024525,player-3,30,45,52,52,player-3,player-3
285,16,21,0.04729209467768669,none,31,47,55,53,player-4,none
286,1,20,0.08029211312532425,player-3,2,7,6,3,player-4,player-3
286,2,17,0.05691708065569401,player-1,9,10,8,5,player-1,player-1
286,3,18,0.05533290095627308,player-3,15,12,11,8,player-2,player-3
286,4,19,0.4017092287540436,player-1,20,12,14,13,player-3,player-1
286,5,19,0.09479094296693802,player-2,28,15,17,14,player-4,player-2
286,6,19,0.0671660527586937,player-3,35,21,23,18,player-1,player-3
286,7,22,0.07400009781122208,player-3,37,26,29,25,player-2,player-3
286,8,18,0.24291593581438065,player-4,38,27,30,31,player-3,player-4
286,9,19,0.15912484377622604,player-2,38,35,31,33,player-4,player-2
286,10,25,0.08820905350148678,player-1,46,37,32,34,player-1,player-1
286,11,18,0.05783303640782833,player-3,49,41,36,36,player-2,player-3
286,12,18,0.21479208953678608,player-4,49,41,40,38,player-3,player-4
286,13,17,0.060165999457240105,player-4,52,44,41,45,player-4,player-4
286,14,17,0.08091679774224758,player-1,57,46,44,50,player-1,player-1
287,1,17,0.06487499922513962,player-3,1,0,2,2,player-3,player-3
287,2,17,0.05041714757680893,player-4,3,2,4,4,player-4,player-4
287,3,21,0.07350021041929722,player-1,11,6,6,9,player-1,player-1
287,4,17,0.06558303721249104,player-2,11,9,8,16,player-2,player-2
287,5,17,0.058999983593821526,player-3,12,13,15,19,player-3,player-3
287,6,17,0.07629208266735077,player-4,17,13,17,20,player-4,player-4
287,7,17,0.07424992509186268,player-1,24,15,21,22,player-1,player-1
287,8,17,0.07570791058242321,player-2,25,23,25,24,player-2,player-2
287,9,17,0.10558310896158218,player-3,29,27,27,29,player-3,player-3
287,10,17,0.09799981489777565,player-4,29,27,28,35,player-4,player-4
287,11,17,0.06466684862971306,player-1,32,30,30,36,player-1,player-1
287,12,17,0.060584163293242455,player-2,34,37,32,39,player-2,player-2
287,13,17,0.0477079302072525,player-3,37,38,39,45,player-3,player-3
287,14,23,0.10691722854971886,player-2,38,42,41,51,player-4,player-2
287,15,18,0.08670799434185028,player-2,43,48,44,56,player-1,player-2
288,1,17,0.08437503129243851,player-3,4,3,4,6,player-3,player-3
288,2,17,0.06066588684916496,player-4,5,7,5,14,player-4,player-4
288,3,19,0.12079207226634026,player-3,11,10,16,16,player-1,player-3
288,4,19,0.13412488624453545,player-4,13,20,22,23,player-2,player-4
288,5,17,0.09279209189116955,player-3,14,23,29,23,player-3,player-3
288,6,17,0.06408407352864742,player-4,22,28,30,29,player-4,player-4
288,7,20,0.07412489503622055,player-4,26,39,35,37,player-1,player-4
288,8,17,0.07699988782405853,player-2,26,52,39,46,player-2,player-2
288,9,22,0.07162499241530895,player-4,31,57,45,46,player-3,player-4
289,1,17,0.06745895370841026,player-4,0,11,5,3,player-4,player-4
289,2,19,0.05841604433953762,player-3,3,12,18,3,player-1,player-3
289,3,17,0.12516696006059647,player-2,3,19,18,5,player-2,player-2
289,4,18,0.096083153039217,player-4,4,21,21,6,player-3,player-4
289,5,17,0.07858313620090485,player-4,4,28,24,13,player-4,player-4
289,6,25,0.08224998600780964,player-1,10,31,24,16,player-1,player-1
289,7,17,0.09133294224739075,player-2,10,35,26,23,player-2,player-2
289,8,17,0.1038750633597374,player-3,15,37,31,27,player-3,player-3
289,9,17,0.07683387957513332,player-4,18,39,36,32,player-4,player-4
289,10,19,0.12404099106788635,player-3,20,40,41,35,player-1,player-3
289,11,23,0.10441592894494534,player-4,23,49,43,42,player-2,player-4
289,12,19,0.14808308333158493,player-1,27,54,45,46,player-3,player-1
290,1,17,0.12524984776973724,player-1,4,2,5,2,player-1,player-1
290,2,20,0.10845903307199478,player-1,11,13,11,16,player-2,player-1
290,3,17,0.07025012746453285,player-3,12,13,20,20,player-3,player-3
290,4,21,0.09149988181889057,player-4,19,18,24,24,player-4,player-4
290,5,17,0.06800005212426186,player-1,21,19,29,26,player-1,player-1
290,6,17,0.055459095165133476,player-2,25,21,32,29,player-2,player-2
290,7,17,0.04875008016824722,player-3,26,24,35,29,player-3,player-3
290,8,18,0.10449998080730438,player-1,29,27,38,31,player-4,player-1
290,9,18,0.06499979645013809,player-2,33,30,38,35,player-1,player-2
290,10,19,0.09491713717579842,player-4,34,38,39,36,player-2,player-4
290,11,17,0.13637496158480644,player-3,38,43,46,38,player-3,player-3
290,12,17,0.10395795106887817,player-4,39,43,48,45,player-4,player-4
290,13,17,0.0743749551475048,player-1,42,44,50,47,player-1,player-1
290,14,18,0.48533291555941105,player-3,42,49,53,50,player-2,player-3
290,15,18,0.20079221576452255,player-4,45,51,58,52,player-3,player-4
291,1,17,0.18283305689692497,player-4,0,1,2,9,player-4,player-4
291,2,25,0.10112510062754154,player-1,7,2,6,12,player-1,player-1
291,3,18,0.11983281001448631,player-3,10,8,13,14,player-2,player-3
291,4,18,0.05945796146988869,player-4,11,8,14,21,player-3,player-4
291,5,17,0.05729100666940212,player-4,12,9,14,26,player-4,player-4
291,6,17,0.05095801316201687,player-1,14,14,15,28,player-1,player-1
291,7,19,0.05874992348253727,player-4,18,17,17,41,player-2,player-4
291,8,17,0.05787517875432968,player-3,23,17,20,41,player-3,player-3
291,9,20,0.07141591049730778,player-3,28,19,26,43,player-4,player-3
291,10,20,0.07654190994799137,player-4,31,31,28,46,player-1,player-4
291,11,20,0.10016700252890587,player-1,31,35,32,49,player-2,player-1
291,12,17,0.05729193799197674,player-3,36,39,35,51,player-3,player-3
291,13,20,0.057540833950042725,player-3,39,39,37,54,player-4,player-3
291,14,23,0.11104089207947254,player-3,41,42,39,55,player-1,player-3
291,15,18,0.06254110485315323,player-3,42,44,46,57,player-2,player-3
292,1,18,0.06849993951618671,player-1,0,4,5,2,player-4,player-1
292,2,19,0.05633407272398472,player-3,2,5,9,3,player-1,player-3
292,3,18,0.06366590969264507,player-3,7,7,13,7,player-2,player-3
292,4,18,0.057999975979328156,player-4,7,9,14,12,player-3,player-4
292,5,19,0.05983305163681507,player-2,7,18,20,16,player-4,player-2
292,6,17,0.05220901221036911,player-1,13,21,20,16,player-1,player-1
292,7,18,0.04433305002748966,player-3,13,25,23,18,player-2,player-3
292,8,17,0.056584132835268974,player-3,14,36,26,22,player-3,player-3
292,9,17,0.05879090167582035,player-4,14,43,26,28,player-4,player-4
292,10,17,0.05591707304120064,player-1,16,47,27,28,player-1,player-1
292,11,19,0.057499855756759644,player-4,16,48,28,34,player-2,player-4
292,12,17,0.04875008016824722,player-3,23,52,31,34,player-3,player-3
292,13,18,0.053208088502287865,player-1,32,52,31,38,player-4,player-1
292,14,17,0.060416990891098976,player-1,33,57,35,42,player-1,player-1
292,15,19,0.0677499920129776,player-4,37,59,43,43,player-2,player-4
293,1,17,0.049165915697813034,player-3,3,0,9,1,player-3,player-3
293,2,19,0.05641719326376915,player-2,5,7,11,6,player-4,player-2
293,3,17,0.04324992187321186,player-1,8,9,14,10,player-1,player-1
293,4,20,0.0652919989079237,player-1,9,19,16,18,player-2,player-1
293,5,17,0.05945796146988869,player-3,12,26,22,24,player-3,player-3
293,6,18,0.05716690793633461,player-1,16,28,27,29,player-4,player-1
293,7,18,0.06316695362329483,player-2,20,32,31,30,player-1,player-2
293,8,19,0.08749985136091709,player-4,28,36,36,37,player-2,player-4
293,9,19,0.06949994713068008,player-1,44,36,40,39,player-3,player-1
293,10,21,0.07229181937873363,player-4,50,45,42,47,player-4,player-4
293,11,17,0.06608315743505955,player-1,53,48,44,50,player-1,player-1
293,12,18,0.05287514068186283,player-3,56,54,52,51,player-2,player-3
294,1,21,0.06225006654858589,player-3,0,4,1,4,player-3,player-3
294,2,17,0.05179201252758503,player-4,2,5,1,14,player-4,player-4
294,3,20,0.0524159986525774,player-4,10,12,5,18,player-1,player-4
294,4,17,0.04495913162827492,player-2,16,13,5,19,player-2,player-2
294,5,17,0.054958974942564964,player-3,17,16,10,22,player-3,player-3
294,6,17,0.06679212674498558,player-4,21,21,10,25,player-4,player-4
294,7,18,0.0588330440223217,player-2,24,30,10,27,player-1,player-2
294,8,17,0.06308290176093578,player-2,31,43,10,31,player-2,player-2
294,9,17,0.05333311855792999,player-3,33,46,14,31,player-3,player-3
294,10,17,0.05100015550851822,player-4,35,52,14,38,player-4,player-4
294,11,18,0.04837499000132084,player-2,35,60,17,39,player-1,player-2
294,12,17,0.0588749535381794,player-2,38,68,19,44,player-2,player-2
295,1,17,0.04737498238682747,player-1,3,1,1,0,player-1,player-1
295,2,28,0.05629216320812702,none,4,3,6,4,player-2,none
295,3,19,0.05679205060005188,player-1,9,7,10,6,player-3,player-1
295,4,17,0.0441248994320631,player-4,12,8,13,9,player-4,player-4
295,5,17,0.05287514068186283,player-1,15,9,13,13,player-1,player-1
295,6,17,0.05033286288380623,player-2,15,12,13,15,player-2,player-2
295,7,20,0.059750163927674294,player-2,23,15,20,20,player-3,player-2
295,8,17,0.05095801316201687,player-4,25,21,26,25,player-4,player-4
295,9,17,0.06179092451930046,player-1,37,21,29,32,player-1,player-1
295,10,19,0.0561252236366272,player-4,40,23,33,34,player-2,player-4
295,11,17,0.0463749747723341,player-3,42,23,38,35,player-3,player-3
295,12,18,0.05566701292991638,player-1,46,25,38,37,player-4,player-1
295,13,19,0.060999998822808266,player-3,47,37,41,42,player-1,player-3
295,14,17,0.0413751695305109,player-2,51,39,41,42,player-2,player-2
295,15,20,0.08008303120732307,player-2,53,45,41,46,player-3,player-2
295,16,21,0.06458396092057228,player-4,57,49,42,51,player-4,player-4
296,1,18,0.0463749747723341,player-3,1,2,7,1,player-2,player-3
296,2,17,0.06079208105802536,player-3,6,3,12,4,player-3,player-3
296,3,17,0.059542013332247734,player-4,9,4,18,5,player-4,player-4
296,4,19,0.073583098128438,player-3,15,6,23,12,player-1,player-3
296,5,17,0.06454205140471458,player-2,17,10,25,12,player-2,player-2
296,6,18,0.06320793181657791,player-4,23,18,27,13,player-3,player-4
296,7,20,0.06274995394051075,player-3,23,20,35,15,player-4,player-3
296,8,19,0.0527501106262207,player-3,28,23,44,16,player-1,player-3
296,9,17,0.049958936870098114,player-2,32,27,48,20,player-2,player-2
296,10,17,0.05050003528594971,player-3,32,27,52,23,player-3,player-3
296,11,17,0.05620904266834259,player-4,34,28,56,31,player-4,player-4
296,12,19,0.04933285526931286,player-3,34,28,59,32,player-1,player-3
296,13,20,0.06537488661706448,player-1,41,30,63,37,player-2,player-1
297,1,17,0.06712507456541061,player-3,3,2,1,7,player-3,player-3
297,2,17,0.05929195322096348,player-4,6,4,2,10,player-4,player-4
297,3,20,0.07129181176424026,player-4,7,9,3,14,player-1,player-4
297,4,18,0.05512498319149017,player-3,8,10,9,15,player-2,player-3
297,5,17,0.06499979645013809,player-3,9,12,16,21,player-3,player-3
297,6,18,0.063000014051795,player-1,18,13,18,30,player-4,player-1
297,7,17,0.05420902743935585,player-1,24,18,18,40,player-1,player-1
297,8,18,0.05708308890461922,player-3,26,23,24,41,player-2,player-3
297,9,19,0.06320793181657791,player-1,35,31,24,43,player-3,player-1
297,10,17,0.06337510421872139,player-4,35,34,28,49,player-4,player-4
297,11,17,0.05308282561600208,player-1,40,34,29,51,player-1,player-1
297,12,17,0.043833861127495766,player-2,42,39,32,55,player-2,player-2
297,13,20,0.06616604514420033,player-2,44,43,32,59,player-3,player-2
298,1,17,0.06937491707503796,player-4,1,0,0,7,player-4,player-4
298,2,17,0.04370789974927902,player-1,5,3,0,10,player-1,player-1
298,3,17,0.06104097701609135,player-2,5,6,3,21,player-2,player-2
298,4,17,0.05675014108419418,player-3,16,12,7,25,player-3,player-3
298,5,19,0.06445799954235554,player-2,21,16,11,29,player-4,player-2
298,6,17,0.05937507376074791,player-1,29,21,11,33,player-1,player-1
298,7,19,0.057416968047618866,player-4,29,23,17,35,player-2,player-4
298,8,17,0.087750144302845,player-3,33,24,24,41,player-3,player-3
298,9,22,0.06445799954235554,none,33,24,25,44,player-4,none
298,10,18,0.063000014051795,player-2,34,24,25,48,player-1,player-2
298,11,18,0.07462501525878906,player-3,37,29,29,54,player-2,player-3
298,12,17,0.0675420742481947,player-3,39,30,31,55,player-3,player-3
298,13,18,0.06770901381969452,player-1,44,34,35,59,player-4,player-1
298,14,24,0.05929102189838886,none,44,34,37,63,player-1,none
298,15,22,0.07054186426103115,player-3,52,34,40,67,player-2,player-3
299,1,17,0.05366699770092964,player-3,3,6,3,0,player-3,player-3
299,2,18,0.06654090248048306,player-1,7,8,3,5,player-4,player-1
299,3,18,0.05595805123448372,player-2,9,15,3,7,player-1,player-2
299,4,17,0.06029196083545685,player-2,14,17,4,9,player-2,player-2
299,5,20,0.04979199729859829,player-2,15,23,5,11,player-3,player-2
299,6,19,0.06033317185938358,player-2,20,29,5,15,player-4,player-2
299,7,19,0.07141707465052605,player-3,25,33,9,17,player-1,player-3
299,8,19,0.09466591291129589,player-4,29,36,11,22,player-2,player-4
299,9,17,0.06625009700655937,player-3,32,44,19,22,player-3,player-3
299,10,18,0.04687509499490261,player-1,38,44,19,22,player-4,player-1
299,11,18,0.044208019971847534,player-2,40,46,20,27,player-1,player-2
299,12,18,0.045042019337415695,player-3,41,47,23,28,player-2,player-3
299,13,20,0.07429206743836403,player-2,45,58,26,35,player-3,player-2
299,14,24,0.06724987179040909,player-3,45,58,28,39,player-4,player-3
299,15,19,0.05645817145705223,player-3,51,61,32,47,player-1,player-3
300,1,17,0.04554097540676594,player-3,1,6,3,1,player-3,player-3
300,2,17,0.05312496796250343,player-4,1,12,3,6,player-4,player-4
300,3,24,0.08183321915566921,player-4,5,12,5,17,player-1,player-4
300,4,17,0.05370890721678734,player-2,7,19,10,19,player-2,player-2
300,5,18,0.047582900151610374,player-4,9,20,13,19,player-3,player-4
300,6,20,0.0863329041749239,player-3,14,32,18,28,player-4,player-3
300,7,18,0.06237509660422802,player-2,17,35,19,30,player-1,player-2
300,8,18,0.05870801396667957,player-3,19,41,24,33,player-2,player-3
300,9,18,0.04095910117030144,player-4,19,42,28,35,player-3,player-4
300,10,19,0.0702079851180315,player-2,28,43,32,39,player-4,player-2
300,11,17,0.05375011824071407,player-1,36,46,39,41,player-1,player-1
300,12,20,0.07654190994799137,player-1,43,48,41,43,player-2,player-1
300,13,17,0.05187490023672581,player-3,45,53,42,48,player-3,player-3
301,1,20,0.08766702376306057,player-2,3,10,6,7,player-3,player-2
301,2,17,0.048208050429821014,player-4,8,11,8,12,player-4,player-4
301,3,20,0.06166682578623295,player-4,10,14,12,16,player-1,player-4
301,4,18,0.045999884605407715,player-3,12,18,15,16,player-2,player-3
301,5,18,0.055416952818632126,player-4,17,19,18,21,player-3,player-4
301,6,17,0.06550014950335026,player-4,17,21,24,28,player-4,player-4
301,7,17,0.05208398215472698,player-1,20,23,25,33,player-1,player-1
301,8,19,0.05733291618525982,player-4,22,24,29,34,player-2,player-4
301,9,17,0.04937499761581421,player-3,26,24,33,37,player-3,player-3
301,10,29,0.05937507376074791,player-4,32,24,35,43,player-4,player-4
301,11,17,0.05629193037748337,player-1,34,26,39,47,player-1,player-1
301,12,18,0.07062498480081558,player-3,37,39,52,51,player-2,player-3
301,13,18,0.05904189310967922,player-4,39,39,56,56,player-3,player-4
301,14,17,0.05191704258322716,player-4,44,40,57,63,player-4,player-4
302,1,17,0.07254118099808693,player-3,1,0,6,1,player-3,player-3
302,2,17,0.06074993871152401,player-4,2,4,8,3,player-4,player-4
302,3,17,0.04566693678498268,player-1,3,6,11,7,player-1,player-1
302,4,20,0.06674998439848423,player-1,3,8,11,7,player-2,player-1
302,5,17,0.0777500681579113,player-3,3,8,17,7,player-3,player-3
302,6,20,0.06170803681015968,player-3,6,8,23,9,player-4,player-3
302,7,17,0.07233303040266037,player-1,8,12,28,13,player-1,player-1
302,8,18,0.06254203617572784,player-3,8,17,31,21,player-2,player-3
302,9,24,0.05433312617242336,none,13,19,36,25,player-3,none
302,10,17,0.0689169391989708,player-4,17,28,43,33,player-4,player-4
302,11,20,0.06583286449313164,player-4,21,32,47,38,player-1,player-4
302,12,18,0.056416960433125496,player-3,26,34,54,42,player-2,player-3
302,13,17,0.04970794543623924,player-3,31,36,58,43,player-3,player-3
302,14,17,0.045457854866981506,player-4,32,38,62,47,player-4,player-4
302,15,20,0.060416990891098976,player-4,34,45,68,54,player-1,player-4
303,1,23,0.05383300594985485,player-2,9,8,3,9,player-4,player-2
303,2,19,0.05937507376074791,player-3,13,13,8,10,player-1,player-3
303,3,17,0.05224999040365219,player-2,19,18,9,11,player-2,player-2
303,4,17,0.04800013266503811,player-3,23,20,17,12,player-3,player-3
303,5,20,0.07179216481745243,player-3,33,22,24,18,player-4,player-3
303,6,37,0.08604093454778194,player-1,39,26,28,23,player-1,player-1
303,7,18,0.046208035200834274,player-3,43,27,34,23,player-2,player-3
303,8,17,0.04983297549188137,player-3,46,28,34,23,player-3,player-3
303,9,17,0.04391721449792385,player-4,48,28,34,30,player-4,player-4
303,10,19,0.06020884029567242,player-3,49,32,36,38,player-1,player-3
303,11,17,0.05150004290044308,player-2,56,36,38,45,player-2,player-2
303,12,18,0.04566693678498268,player-4,58,39,39,46,player-3,player-4
303,13,17,0.048584071919322014,player-4,59,40,40,48,player-4,player-4
303,14,17,0.044582877308130264,player-1,64,42,40,48,player-1,player-1
304,1,20,0.07108389399945736,player-1,2,2,3,3,player-2,player-1
304,2,19,0.06791600026190281,player-1,10,10,3,6,player-3,player-1
304,3,18,0.058416975662112236,player-1,14,13,7,16,player-4,player-1
304,4,17,0.06470899097621441,player-1,22,15,12,16,player-1,player-1
304,5,17,0.06112479604780674,player-2,24,20,13,17,player-2,player-2
304,6,25,0.06270897574722767,player-3,29,26,16,17,player-3,player-3
304,7,20,0.061791855841875076,player-3,32,26,21,23,player-4,player-3
304,8,17,0.05137501284480095,player-1,38,29,27,25,player-1,player-1
304,9,18,0.04695914685726166,player-3,38,31,35,28,player-2,player-3
304,10,18,0.04945811815559864,player-4,40,32,37,35,player-3,player-4
304,11,17,1.0330830700695515,player-4,48,34,42,40,player-4,player-4
304,12,17,0.05845795385539532,player-1,51,40,42,44,player-1,player-1
304,13,17,0.05283416248857975,player-2,52,45,45,44,player-2,player-2
304,14,17,0.06083399057388306,player-3,52,48,54,50,player-3,player-3
305,1,17,0.05866703577339649,player-3,3,7,0,5,player-3,player-3
305,2,17,0.04929187707602978,player-4,5,15,0,12,player-4,player-4
305,3,17,0.041416846215724945,player-1,9,17,1,12,player-1,player-1
305,4,17,0.049208058044314384,player-2,10,26,4,15,player-2,player-2
305,5,21,0.06824987940490246,player-3,14,28,9,19,player-3,player-3
305,6,17,0.048832967877388,player-4,18,28,10,24,player-4,player-4
305,7,17,0.048708170652389526,player-1,27,34,16,25,player-1,player-1
305,8,20,0.06337510421872139,player-1,40,37,21,27,player-2,player-1
305,9,23,0.05358317866921425,none,43,40,21,27,player-3,none
305,10,19,0.05879090167582035,player-2,43,46,29,27,player-4,player-2
305,11,17,0.050958944484591484,player-1,48,47,34,31,player-1,player-1
305,12,18,0.054541975259780884,player-3,50,51,45,34,player-2,player-3
305,13,20,0.06183399818837643,player-2,50,65,47,40,player-3,player-2
306,1,17,0.05712499842047691,player-4,0,8,1,3,player-4,player-4
306,2,18,0.04829186946153641,player-2,1,12,3,8,player-1,player-2
306,3,20,0.04741596058011055,player-1,10,15,3,14,player-2,player-1
306,4,17,0.04316703416407108,player-3,13,17,8,15,player-3,player-3
306,5,17,0.06595812737941742,player-4,18,17,12,21,player-4,player-4
306,6,18,0.05745794624090195,player-2,19,24,12,25,player-1,player-2
306,7,17,0.07466599345207214,player-2,21,26,15,31,player-2,player-2
306,8,18,0.05350005812942982,player-4,27,26,19,35,player-3,player-4
306,9,17,0.0588330440223217,player-4,28,28,22,38,player-4,player-4
306,10,19,0.05050003528594971,player-3,28,31,27,42,player-1,player-3
306,11,14,0.0302919652312994,none,28,32,32,47,player-2,none
306,12,17,0.0610831193625927,player-3,29,36,45,48,player-3,player-3
306,13,18,0.06408407352864742,player-1,37,39,50,48,player-4,player-1
306,14,17,0.04600011743605137,player-1,41,40,52,48,player-1,player-1
306,15,17,0.0590828713029623,player-2,41,47,52,53,player-2,player-2
307,1,18,0.08541694842278957,player-1,4,1,3,6,player-4,player-1
307,2,18,0.06179092451930046,player-2,6,4,9,15,player-1,player-2
307,3,18,0.06025005131959915,player-3,6,5,13,17,player-2,player-3
307,4,18,0.06724987179040909,player-4,6,6,17,21,player-3,player-4
307,5,17,0.0652919989079237,player-4,6,9,20,25,player-4,player-4
307,6,28,0.06537511944770813,none,7,14,21,29,player-1,none
307,7,18,0.05379202775657177,player-3,10,21,24,32,player-2,player-3
307,8,17,0.04987488500773907,player-3,12,23,31,32,player-3,player-3
307,9,17,0.06341584958136082,player-4,13,23,35,36,player-4,player-4
307,10,17,0.06729201413691044,player-1,18,28,38,36,player-1,player-1
307,11,17,0.04954217001795769,player-2,19,32,41,36,player-2,player-2
307,12,17,0.05145790055394173,player-3,19,34,42,36,player-3,player-3
307,13,21,0.07620779797434807,player-4,22,36,44,48,player-4,player-4
307,14,17,0.06133317947387695,player-1,25,41,50,56,player-1,player-1
307,15,18,0.05075009539723396,player-3,33,48,54,58,player-2,player-3
308,1,20,0.07187505252659321,player-1,4,1,1,0,player-2,player-1
308,2,17,0.052999937906861305,player-3,4,3,8,1,player-3,player-3
308,3,17,0.060167163610458374,player-4,4,3,16,9,player-4,player-4
308,4,20,0.06916699931025505,player-4,9,3,21,12,player-1,player-4
308,5,17,0.05587493069469929,player-2,9,11,21,12,player-2,player-2
308,6,17,0.06820796988904476,player-3,11,14,27,15,player-3,player-3
308,7,19,0.04879198968410492,player-2,11,17,29,19,player-4,player-2
308,8,18,0.055333832278847694,player-2,11,20,39,22,player-1,player-2
308,9,19,0.06554205901920795,player-4,13,23,41,23,player-2,player-4
308,10,22,0.07370905950665474,player-4,16,27,43,25,player-3,player-4
308,11,19,0.04654191434383392,player-2,16,29,46,27,player-4,player-2
308,12,26,0.07612514309585094,player-2,27,33,54,27,player-1,player-2
308,13,19,0.057582976296544075,player-4,30,37,64,31,player-2,player-4
308,14,17,0.04549999721348286,player-3,30,37,68,31,player-3,player-3
308,15,17,0.06104190833866596,player-4,35,48,73,39,player-4,player-4
309,1,19,0.06295903585851192,player-4,4,3,2,6,player-2,player-4
309,2,22,0.06016693077981472,player-4,8,3,7,10,player-3,player-4
309,3,18,0.05370797589421272,player-1,10,5,11,14,player-4,player-1
309,4,17,0.056833960115909576,player-1,15,7,13,17,player-1,player-1
309,5,36,0.08050003089010715,player-1,17,9,14,21,player-2,player-1
309,6,17,0.058833975344896317,player-3,18,12,23,25,player-3,player-3
309,7,17,0.051040900871157646,player-4,18,17,25,27,player-4,player-4
309,8,18,0.06845896132290363,player-2,20,24,32,27,player-1,player-2
309,9,23,0.06562494672834873,player-4,24,25,33,34,player-2,player-4
309,10,19,0.07424992509186268,player-1,28,28,41,39,player-3,player-1
309,11,18,0.05204183980822563,player-1,29,28,48,45,player-4,player-1
309,12,17,0.05179084837436676,player-1,31,29,48,49,player-1,player-1
309,13,27,0.060999998822808266,player-4,36,32,53,51,player-2,player-4
309,14,22,0.05350005812942982,player-4,40,35,61,54,player-3,player-4
310,1,20,0.059625133872032166,player-3,1,0,8,2,player-4,player-3
310,2,31,0.0602498184889555,none,3,4,10,4,player-1,none
310,3,18,0.05666702054440975,player-3,6,6,12,6,player-2,player-3
310,4,17,0.06349990144371986,player-3,10,10,15,8,player-3,player-3
310,5,17,0.06337487138807774,player-4,12,17,16,20,player-4,player-4
310,6,19,0.05370797589421272,player-3,20,23,19,20,player-1,player-3
310,7,18,0.05633290857076645,player-3,23,27,20,28,player-2,player-3
310,8,17,0.06358278915286064,player-3,23,34,25,28,player-3,player-3
310,9,18,0.042458996176719666,player-1,26,37,25,29,player-4,player-1
310,10,22,0.06533297710120678,player-2,34,45,34,42,player-1,player-2
310,11,23,0.06579188629984856,player-4,36,47,36,46,player-2,player-4
310,12,22,0.05783303640782833,player-4,43,48,40,55,player-3,player-4
311,1,17,0.041207997128367424,player-1,5,3,1,2,player-1,player-1
311,2,19,0.06191595457494259,player-4,7,3,1,4,player-2,player-4
311,3,18,0.05266699008643627,player-4,15,9,4,11,player-3,player-4
311,4,17,0.04587508738040924,player-4,16,11,5,18,player-4,player-4
311,5,17,0.045416876673698425,player-1,18,11,9,22,player-1,player-1
311,6,18,0.046958914026618004,player-3,18,12,17,26,player-2,player-3
311,7,19,0.0602498184889555,player-1,23,14,22,27,player-3,player-1
311,8,18,0.05345814861357212,player-1,31,14,26,27,player-4,player-1
311,9,20,0.05266699008643627,player-4,35,14,28,31,player-1,player-4
311,10,19,0.049042049795389175,player-4,35,16,30,40,player-2,player-4
311,11,20,0.08725002408027649,player-2,38,25,30,41,player-3,player-2
311,12,18,0.061791855841875076,player-1,40,31,34,45,player-4,player-1
311,13,18,0.04475004971027374,player-2,41,35,38,47,player-1,player-2
311,14,17,0.05437503568828106,player-2,48,37,49,55,player-2,player-2
311,15,19,0.06324984133243561,player-1,54,38,53,55,player-3,player-1
312,1,17,0.05291705019772053,player-4,3,0,1,5,player-4,player-4
312,2,17,0.058499863371253014,player-1,9,3,7,5,player-1,player-1
312,3,17,0.053167110309004784,player-2,11,11,7,5,player-2,player-2
312,4,20,0.055584125220775604,player-2,13,21,11,9,player-3,player-2
312,5,24,0.06479187868535519,player-3,13,21,13,12,player-4,player-3
312,6,24,0.05220784805715084,player-4,15,22,16,15,player-1,player-4
312,7,19,0.05466700531542301,player-4,18,29,19,18,player-2,player-4
312,8,18,0.048083020374178886,player-4,22,33,19,22,player-3,player-4
312,9,18,0.054042087867856026,player-1,28,33,22,23,player-4,player-1
312,10,19,0.054541975259780884,player-3,31,34,30,23,player-1,player-3
312,11,18,0.05212496034801006,player-3,38,41,31,29,player-2,player-3
312,12,17,0.041207997128367424,player-3,43,44,32,33,player-3,player-3
312,13,19,0.0649159774184227,player-2,44,49,36,35,player-4,player-2
312,14,17,0.055541982874274254,player-1,47,51,39,37,player-1,player-1
312,15,17,0.05370820872485638,player-2,52,56,39,39,player-2,player-2
312,16,17,0.041624996811151505,player-3,52,57,42,41,player-3,player-3
312,17,17,0.0527501106262207,player-4,53,64,46,44,player-4,player-4
313,1,19,0.05195802077651024,player-4,1,4,5,9,player-2,player-4
313,2,23,0.05970895290374756,player-1,2,11,8,9,player-3,player-1
313,3,20,0.05116686224937439,player-3,7,12,12,13,player-4,player-3
313,4,17,0.06624986417591572,player-1,11,18,14,13,player-1,player-1
313,5,21,0.05345791578292847,player-2,13,30,16,14,player-2,player-2
313,6,22,0.05841720849275589,player-4,13,32,18,15,player-3,player-4
313,7,18,0.05066697485744953,player-1,16,37,21,20,player-4,player-1
313,8,19,0.053208786994218826,player-3,19,38,28,22,player-1,player-3
313,9,17,0.04945811815559864,player-2,23,50,29,27,player-2,player-2
313,10,20,0.05541602149605751,player-2,27,51,31,27,player-3,player-2
313,11,19,0.0663751270622015,player-2,30,58,34,31,player-4,player-2
313,12,25,0.0541249755769968,player-1,35,60,37,35,player-1,player-1
313,13,19,0.05374988541007042,player-4,37,61,39,47,player-2,player-4
314,1,20,0.05441717803478241,player-2,0,7,4,0,player-3,player-2
314,2,17,0.047958921641111374,player-4,1,7,8,7,player-4,player-4
314,3,17,0.04824995994567871,player-1,9,10,9,9,player-1,player-1
314,4,17,0.05666702054440975,player-2,18,13,9,11,player-2,player-2
314,5,17,0.04370789974927902,player-3,20,17,14,15,player-3,player-3
314,6,17,0.05183299072086811,player-4,22,18,15,21,player-4,player-4
314,7,18,0.04870793782174587,player-2,23,22,18,24,player-1,player-2
314,8,17,0.04779198206961155,player-2,23,25,22,24,player-2,player-2
314,9,17,0.044208019971847534,player-3,23,27,27,24,player-3,player-3
314,10,17,0.0512909609824419,player-4,27,30,34,26,player-4,player-4
314,11,20,0.06741704419255257,player-4,31,30,39,28,player-1,player-4
314,12,19,0.06250012665987015,player-4,34,32,41,32,player-2,player-4
314,13,26,0.07600011304020882,player-4,34,41,41,40,player-3,player-4
314,14,20,0.07008295506238937,player-3,47,41,54,45,player-4,player-3
315,1,17,0.03541586920619011,none,0,8,0,0,player-2,none
315,2,17,0.06641610525548458,player-3,8,8,10,4,player-3,player-3
315,3,21,0.08150003850460052,player-4,12,12,12,12,player-4,player-4
315,4,18,0.060167163610458374,player-2,14,19,14,16,player-1,player-2
315,5,17,0.05891593173146248,player-2,16,24,17,23,player-2,player-2
315,6,17,0.04916684702038765,player-3,20,25,22,23,player-3,player-3
315,7,17,0.043667154386639595,player-4,22,25,23,27,player-4,player-4
315,8,17,0.06508408114314079,player-1,35,27,26,29,player-1,player-1
315,9,23,0.07354188710451126,player-4,35,34,28,39,player-2,player-4
315,10,17,0.04912517033517361,player-3,37,36,32,40,player-3,player-3
315,11,17,0.07983297109603882,player-4,41,40,32,51,player-4,player-4
315,12,17,0.0654999166727066,player-1,49,43,37,52,player-1,player-1
315,13,17,0.05220901221036911,player-2,52,50,41,56,player-2,player-2
316,1,24,0.08116685785353184,player-3,2,1,5,5,player-4,player-3
316,2,17,0.05837506614625454,player-1,9,1,5,7,player-1,player-1
316,3,21,0.060165999457240105,player-2,11,6,6,10,player-2,player-2
316,4,31,0.06537488661706448,none,16,7,7,10,player-3,none
316,5,18,0.05824980325996876,player-1,18,9,13,12,player-4,player-1
316,6,18,0.05787494592368603,player-2,21,19,17,14,player-1,player-2
316,7,18,0.06712507456541061,player-3,27,24,19,18,player-2,player-3
316,8,24,0.05837506614625454,player-2,31,30,21,18,player-3,player-2
316,9,17,0.06425008177757263,player-4,31,32,24,19,player-4,player-4
316,10,17,0.048791058361530304,player-1,36,35,28,19,player-1,player-1
316,11,17,0.04254095256328583,player-2,37,38,30,20,player-2,player-2
316,12,17,0.052958959713578224,player-3,40,41,33,24,player-3,player-3
316,13,17,0.06254203617572784,player-4,48,41,40,27,player-4,player-4
316,14,17,0.0488748773932457,player-1,56,42,40,28,player-1,player-1
316,15,17,0.05324999801814556,player-2,57,48,40,30,player-2,player-2
316,16,17,0.04591699689626694,player-3,57,50,45,32,player-3,player-3
317,1,21,0.07400009781122208,player-4,4,3,4,4,player-4,player-4
317,2,20,0.10208296589553356,player-4,7,3,5,8,player-1,player-4
317,3,17,0.0866670161485672,player-2,9,6,8,12,player-2,player-2
317,4,17,0.06983382627367973,player-3,10,8,14,12,player-3,player-3
317,5,17,0.058999983593821526,player-4,11,14,15,19,player-4,player-4
317,6,18,0.06537511944770813,player-2,13,16,16,20,player-1,player-2
317,7,17,0.06145797669887543,player-2,17,20,19,20,player-2,player-2
317,8,17,0.0477079302072525,player-3,23,20,25,25,player-3,player-3
317,9,19,0.040125101804733276,none,23,21,28,28,player-4,none
317,10,19,0.058833975344896317,player-3,24,24,33,31,player-1,player-3
317,11,23,0.07679197005927563,player-4,29,26,43,36,player-2,player-4
317,12,20,0.056333839893341064,player-2,29,27,44,41,player-3,player-2
317,13,22,0.0503340270370245,none,33,27,44,42,player-4,none
317,14,17,0.055999960750341415,player-1,36,30,46,45,player-1,player-1
317,15,18,0.05437503568828106,player-3,36,31,53,48,player-2,player-3
317,16,18,0.050582922995090485,player-4,38,31,55,54,player-3,player-4
317,17,17,0.05625002086162567,player-4,38,35,57,57,player-4,player-4
317,18,19,0.0602498184889555,player-3,39,41,59,64,player-1,player-3
318,1,18,0.0616670586168766,player-1,1,3,5,7,player-4,player-1
318,2,19,0.047083012759685516,player-3,6,8,9,10,player-1,player-3
318,3,17,0.06283284164965153,player-2,12,11,12,14,player-2,player-2
318,4,17,0.05212496034801006,player-3,13,15,13,19,player-3,player-3
318,5,17,0.05170796066522598,player-4,13,16,17,22,player-4,player-4
318,6,19,0.06637489423155785,player-3,14,16,24,26,player-1,player-3
318,7,19,0.06166589446365833,player-4,19,19,26,35,player-2,player-4
318,8,17,0.04766695201396942,player-3,21,19,33,36,player-3,player-3
318,9,17,0.04866579547524452,player-4,26,21,35,43,player-4,player-4
318,10,17,0.052165938541293144,player-1,29,28,35,46,player-1,player-1
318,11,23,0.06937514990568161,player-4,31,35,36,52,player-2,player-4
318,12,17,0.056042103096842766,player-3,36,38,38,53,player-3,player-3
318,13,23,0.07162499241530895,player-2,42,40,41,58,player-4,player-2
318,14,25,0.07041590288281441,player-1,51,45,44,60,player-1,player-1
319,1,17,0.05345791578292847,player-4,3,1,0,4,player-4,player-4
319,2,20,0.05925004370510578,player-4,7,1,0,9,player-1,player-4
319,3,19,0.05858391523361206,player-4,8,7,5,13,player-2,player-4
319,4,19,0.03929086960852146,none,9,11,6,15,player-3,none
319,5,17,0.05333404988050461,player-4,9,12,9,19,player-4,player-4
319,6,19,0.05220784805715084,player-3,11,12,16,21,player-1,player-3
319,7,20,0.06125005893409252,player-1,17,16,19,21,player-2,player-1
319,8,17,0.047833193093538284,player-3,19,18,21,25,player-3,player-3
319,9,17,0.05170796066522598,player-4,19,20,22,31,player-4,player-4
319,10,17,0.059165991842746735,player-1,23,22,25,33,player-1,player-1
319,11,17,0.05720905028283596,player-2,26,25,26,35,player-2,player-2
319,12,19,0.05512521602213383,player-1,30,27,28,45,player-3,player-1
319,13,19,0.05945796146988869,player-2,33,35,28,50,player-4,player-2
319,14,17,0.06516720168292522,player-1,35,38,35,60,player-1,player-1
319,15,17,0.04766695201396942,player-2,37,40,35,62,player-2,player-2
320,1,20,0.06895908154547215,player-4,4,4,3,6,player-1,player-4
320,2,20,0.060416990891098976,player-1,7,6,3,8,player-2,player-1
320,3,17,0.062125036492943764,player-3,10,10,9,10,player-3,player-3
320,4,17,0.06520911119878292,player-4,10,10,13,20,player-4,player-4
320,5,18,0.05737505853176117,player-2,12,15,14,20,player-1,player-2
320,6,18,0.05870801396667957,player-3,15,17,15,22,player-2,player-3
320,7,20,0.052666058763861656,player-2,19,20,20,22,player-3,player-2
320,8,18,0.06516603752970695,player-1,23,20,25,33,player-4,player-1
320,9,17,0.05404115654528141,player-1,25,20,27,44,player-1,player-1
320,10,19,0.04766695201396942,player-4,26,23,28,48,player-2,player-4
320,11,17,0.0463330652564764,player-3,26,26,33,53,player-3,player-3
320,12,17,0.055833952501416206,player-4,32,31,35,58,player-4,player-4
320,13,17,0.05283299833536148,player-1,36,33,40,60,player-1,player-1
320,14,17,0.04249997437000275,player-2,36,38,41,62,player-2,player-2
321,1,17,0.05779205821454525,player-3,2,0,4,1,player-3,player-3
321,2,22,0.04824995994567871,player-1,6,3,8,3,player-4,player-1
321,3,21,0.07029110565781593,player-1,12,3,14,12,player-1,player-1
321,4,18,0.050042057409882545,player-3,14,6,15,13,player-2,player-3
321,5,18,0.04787486977875233,player-4,15,13,23,19,player-3,player-4
321,6,17,0.06670807488262653,player-4,19,17,26,25,player-4,player-4
321,7,17,0.06874999962747097,player-1,25,25,34,28,player-1,player-1
321,8,20,0.08229212835431099,player-1,26,25,38,33,player-2,player-1
321,9,19,0.06333296187222004,player-1,27,38,45,34,player-3,player-1
321,10,17,0.04441593773663044,player-4,31,44,49,35,player-4,player-4
321,11,18,0.07429090328514576,player-2,35,58,51,46,player-1,player-2
322,1,18,0.06312504410743713,player-4,4,4,2,7,player-3,player-4
322,2,17,0.04591699689626694,player-4,5,7,4,11,player-4,player-4
322,3,19,0.08583301678299904,player-3,9,13,4,17,player-1,player-3
322,4,17,0.05308305844664574,player-2,14,19,10,18,player-2,player-2
322,5,17,0.06895908154547215,player-3,28,23,18,20,player-3,player-3
322,6,18,0.06474996916949749,player-1,40,32,24,30,player-4,player-1
322,7,17,0.05987496115267277,player-1,46,33,28,34,player-1,player-1
322,8,23,0.05712499842047691,player-4,51,34,29,43,player-2,player-4
322,9,20,0.06633298471570015,player-2,60,38,35,45,player-3,player-2
322,10,18,0.05137501284480095,player-1,65,40,40,47,player-4,player-1
323,1,25,0.053625088185071945,none,2,1,2,0,player-2,none
323,2,17,0.056999968364834785,player-3,7,1,5,3,player-3,player-3
323,3,17,0.051416922360658646,player-4,9,3,10,6,player-4,player-4
323,4,20,0.08370797149837017,player-4,18,7,22,16,player-1,player-4
323,5,17,0.0643748790025711,player-2,22,11,24,23,player-2,player-2
323,6,17,0.04812492989003658,player-3,28,15,30,25,player-3,player-3
323,7,18,0.05608308129012585,player-1,36,18,33,28,player-4,player-1
323,8,17,0.0671660527586937,player-1,42,18,35,30,player-1,player-1
323,9,20,0.05608308129012585,player-1,46,20,36,32,player-2,player-1
323,10,17,0.05920790135860443,player-3,53,24,38,33,player-3,player-3
323,11,17,0.05362485535442829,player-4,58,32,38,40,player-4,player-4
323,12,17,0.040665967389941216,player-1,60,32,39,40,player-1,player-1
323,13,17,0.05100015550851822,player-2,67,36,42,42,player-2,player-2
324,1,20,0.05850009620189667,player-1,8,2,1,8,player-2,player-1
324,2,19,0.06274995394051075,player-1,15,6,3,8,player-3,player-1
324,3,17,0.05541602149605751,player-4,18,10,5,11,player-4,player-4
324,4,17,0.07554213516414165,player-1,21,15,9,19,player-1,player-1
324,5,17,0.05762488581240177,player-2,24,20,11,22,player-2,player-2
324,6,17,0.04954100586473942,player-3,24,21,13,24,player-3,player-3
324,7,17,0.053541967645287514,player-4,25,27,16,26,player-4,player-4
324,8,17,0.05454104393720627,player-1,26,29,19,29,player-1,player-1
324,9,19,0.05383300594985485,player-4,33,32,19,29,player-2,player-4
324,10,17,0.06670784205198288,player-3,33,34,27,30,player-3,player-3
324,11,18,0.050999922677874565,player-1,37,34,29,30,player-4,player-1
324,12,17,0.06062490865588188,player-1,40,36,34,30,player-1,player-1
324,13,17,0.06145797669887543,player-2,44,43,35,33,player-2,player-2
324,14,21,0.0639171339571476,player-3,49,46,43,33,player-3,player-3
324,15,18,0.06970786489546299,player-1,57,49,46,38,player-4,player-1
325,1,18,0.05970895290374756,player-4,3,2,1,3,player-3,player-4
325,2,17,0.05212496034801006,player-4,6,2,1,8,player-4,player-4
325,3,17,0.05154102109372616,player-1,9,4,4,8,player-1,player-1
325,4,18,0.053958967328071594,player-3,16,9,6,8,player-2,player-3
325,5,17,0.061416998505592346,player-3,25,12,9,16,player-3,player-3
325,6,17,0.05758390761911869,player-4,30,15,11,20,player-4,player-4
325,7,17,0.07262500002980232,player-1,35,22,11,26,player-1,player-1
325,8,19,0.0647080596536398,player-4,36,23,16,33,player-2,player-4
325,9,19,0.049625057727098465,player-1,38,24,18,34,player-3,player-1
325,10,18,0.053625088185071945,player-1,41,24,23,41,player-4,player-1
325,11,17,0.05245883949100971,player-1,45,29,27,46,player-1,player-1
325,12,22,0.07183291018009186,player-3,50,29,36,46,player-2,player-3
325,13,17,0.0541249755769968,player-3,54,34,41,49,player-3,player-3
325,14,25,0.0713749323040247,player-4,55,34,42,63,player-4,player-4
325,15,17,0.05874992348253727,player-1,62,39,46,68,player-1,player-1
326,1,17,0.04195910878479481,player-4,1,1,1,9,player-4,player-4
326,2,19,0.05779205821454525,player-3,6,8,4,13,player-1,player-3
326,3,17,0.055625103414058685,player-2,8,9,4,14,player-2,player-2
326,4,17,0.0602079089730978,player-3,16,12,8,15,player-3,player-3
326,5,18,0.05970918573439121,player-1,23,16,10,21,player-4,player-1
326,6,17,0.06312504410743713,player-1,32,22,10,27,player-1,player-1
326,7,18,0.07604178972542286,player-3,37,27,13,29,player-2,player-3
326,8,19,0.057541998103260994,player-1,48,37,16,35,player-3,player-1
326,9,19,0.05283299833536148,player-2,50,39,17,37,player-4,player-2
326,10,17,0.05566701292991638,player-1,58,41,19,39,player-1,player-1
326,11,18,0.06125005893409252,player-3,67,42,25,39,player-2,player-3
326,12,24,0.08370820432901382,player-2,70,51,27,49,player-3,player-2
327,1,17,0.04466692917048931,player-3,1,0,4,0,player-3,player-3
327,2,18,0.05195918492972851,player-1,4,4,5,2,player-4,player-1
327,3,18,0.04687486216425896,player-2,6,9,10,11,player-1,player-2
327,4,17,0.06458396092057228,player-2,6,19,12,15,player-2,player-2
327,5,17,0.055333832278847694,player-3,7,21,18,18,player-3,player-3
327,6,17,0.04304107278585434,player-4,9,21,19,20,player-4,player-4
327,7,18,0.05533313378691673,player-2,13,26,26,20,player-1,player-2
327,8,21,0.08725002408027649,player-2,15,31,29,22,player-2,player-2
327,9,20,0.07262500002980232,player-2,15,34,38,28,player-3,player-2
327,10,36,0.08966587483882904,player-3,18,40,43,33,player-4,player-3
327,11,18,0.06479211151599884,player-2,19,47,43,40,player-1,player-2
327,12,17,0.06179208867251873,player-2,20,49,43,47,player-2,player-2
327,13,20,0.07020914927124977,player-2,21,49,46,50,player-3,player-2
327,14,19,0.07391697727143764,player-2,23,53,48,53,player-4,player-2
328,1,19,0.07533305324614048,player-3,8,2,6,3,player-1,player-3
328,2,18,0.06016693077981472,player-3,12,4,12,7,player-2,player-3
328,3,22,0.06399978883564472,player-4,13,6,15,11,player-3,player-4
328,4,23,0.07991609163582325,player-2,15,12,19,13,player-4,player-2
328,5,23,0.06174994632601738,player-3,16,19,22,14,player-1,player-3
328,6,17,0.06587500683963299,player-2,21,25,25,16,player-2,player-2
328,7,17,0.046083005145192146,player-3,23,30,28,17,player-3,player-3
328,8,20,0.058333855122327805,player-3,25,32,32,21,player-4,player-3
328,9,17,0.04433305002748966,player-1,27,32,32,23,player-1,player-1
328,10,17,0.06429105997085571,player-2,29,35,36,27,player-2,player-2
328,11,18,0.055208103731274605,player-4,32,38,42,33,player-3,player-4
328,12,17,0.0588749535381794,player-4,36,39,42,40,player-4,player-4
328,13,17,0.06724987179040909,player-1,43,42,46,45,player-1,player-1
328,14,18,0.07983297109603882,player-3,45,47,47,54,player-2,player-3
329,1,21,0.06091711111366749,player-1,4,2,5,3,player-1,player-1
329,2,17,0.04929210990667343,player-2,7,3,6,7,player-2,player-2
329,3,18,0.056958990171551704,player-4,9,7,9,16,player-3,player-4
329,4,17,0.05512498319149017,player-4,11,9,10,17,player-4,player-4
329,5,18,0.04349998198449612,player-2,12,12,10,19,player-1,player-2
329,6,20,0.06449990905821323,player-1,21,12,18,24,player-2,player-1
329,7,18,0.06037508137524128,player-4,22,12,19,30,player-3,player-4
329,8,17,0.058959005400538445,player-4,28,15,23,40,player-4,player-4
329,9,18,0.05179201252758503,player-2,30,21,23,45,player-1,player-2
329,10,18,0.05420786328613758,player-3,34,22,26,47,player-2,player-3
329,11,20,0.051999930292367935,player-2,37,23,28,49,player-3,player-2
329,12,17,0.06116693839430809,player-4,44,23,33,51,player-4,player-4
329,13,17,0.054958974942564964,player-1,47,24,38,53,player-1,player-1
329,14,18,0.06045913323760033,player-3,50,24,41,54,player-2,player-3
329,15,25,0.08937506936490536,player-3,60,27,52,61,player-3,player-3
330,1,19,0.0688750296831131,player-3,4,6,4,0,player-1,player-3
330,2,18,0.06316695362329483,player-3,4,10,6,6,player-2,player-3
330,3,17,0.05375011824071407,player-3,6,10,10,6,player-3,player-3
330,4,17,0.0617089681327343,player-4,6,12,10,11,player-4,player-4
330,5,24,0.10262499563395977,player-4,12,15,12,24,player-1,player-4
330,6,17,0.06395811215043068,player-2,12,18,12,31,player-2,player-2
330,7,18,0.07429183460772038,player-4,13,18,19,36,player-3,player-4
330,8,18,0.05224999040365219,player-1,15,20,21,41,player-4,player-1
330,9,17,0.06870809011161327,player-1,17,22,28,48,player-1,player-1
330,10,17,0.04991702735424042,player-2,17,40,33,48,player-2,player-2
330,11,19,0.06883288733661175,player-1,18,45,34,56,player-3,player-1
331,1,20,0.0599580816924572,player-4,8,1,0,5,player-1,player-4
331,2,17,0.0754999928176403,player-2,11,13,3,5,player-2,player-2
331,3,18,0.06358278915286064,player-4,13,15,9,10,player-3,player-4
331,4,17,0.0541249755769968,player-4,14,15,13,16,player-4,player-4
331,5,18,0.06995908915996552,player-2,19,19,17,18,player-1,player-2
331,6,18,0.07995893247425556,player-3,25,23,24,24,player-2,player-3
331,7,22,0.06583286449313164,player-4,30,26,31,26,player-3,player-4
331,8,19,0.07491698488593102,player-2,39,29,35,27,player-4,player-2
331,9,19,0.08475012145936489,player-3,41,31,43,31,player-1,player-3
331,10,25,0.10154186747968197,player-2,43,35,46,31,player-2,player-2
331,11,19,0.06233318708837032,player-1,52,35,50,34,player-3,player-1
332,1,17,0.06495811976492405,player-3,2,7,8,6,player-3,player-3
332,2,19,0.04891585558652878,player-2,3,9,8,9,player-4,player-2
332,3,19,0.0724580604583025,player-3,6,14,13,10,player-1,player-3
332,4,20,0.0491670798510313,player-1,9,18,17,12,player-2,player-1
332,5,19,0.057040946558117867,player-1,17,18,18,14,player-3,player-1
332,6,20,0.05000014789402485,player-3,17,21,22,17,player-4,player-3
332,7,19,0.0830839853733778,player-3,20,24,24,19,player-1,player-3
332,8,17,0.061125028878450394,player-2,22,29,26,22,player-2,player-2
332,9,20,0.05179201252758503,player-2,24,38,28,22,player-3,player-2
332,10,17,0.06095808930695057,player-4,25,40,30,31,player-4,player-4
332,11,17,0.08324999362230301,player-1,28,45,32,37,player-1,player-1
332,12,26,0.062000006437301636,player-3,30,49,36,38,player-2,player-3
332,13,35,0.09529083035886288,player-1,35,50,41,40,player-3,player-1
332,14,19,0.06166682578623295,player-2,35,57,42,42,player-4,player-2
332,15,29,0.0788751058280468,none,41,62,44,46,player-1,none
333,1,23,0.05925004370510578,player-4,2,2,2,6,player-2,player-4
333,2,18,0.06041605956852436,player-4,4,7,5,13,player-3,player-4
333,3,18,0.05645793862640858,player-1,14,7,11,15,player-4,player-1
333,4,18,0.07125013507902622,player-2,22,17,15,15,player-1,player-2
333,5,17,0.06895884871482849,player-2,28,19,22,15,player-2,player-2
333,6,18,0.048582907766103745,player-4,28,19,26,16,player-3,player-4
333,7,18,0.053999945521354675,player-1,31,23,27,20,player-4,player-1
333,8,21,0.057666096836328506,player-1,33,23,27,27,player-1,player-1
333,9,22,0.08145812898874283,player-3,36,23,31,29,player-2,player-3
333,10,17,0.05674990825355053,player-3,39,25,35,29,player-3,player-3
333,11,19,0.05075009539723396,player-2,41,31,35,29,player-4,player-2
333,12,17,0.056999968364834785,player-1,44,35,40,30,player-1,player-1
333,13,17,0.058625126257538795,player-2,44,42,40,36,player-2,player-2
333,14,18,0.05208305083215237,player-4,45,44,48,37,player-3,player-4
333,15,21,0.05245883949100971,player-4,47,46,48,41,player-4,player-4
333,16,19,0.07229205220937729,player-3,50,50,52,43,player-1,player-3
334,1,17,0.055541982874274254,player-3,5,2,8,2,player-3,player-3
334,2,17,0.07320800796151161,player-4,7,7,13,7,player-4,player-4
334,3,17,0.05283299833536148,player-1,11,9,13,11,player-1,player-1
334,4,20,0.07412489503622055,player-1,13,10,19,21,player-2,player-1
334,5,18,0.05879206582903862,player-4,14,14,20,22,player-3,player-4
334,6,17,0.04100007936358452,player-4,15,17,22,25,player-4,player-4
334,7,17,0.05708308890461922,player-1,19,23,24,27,player-1,player-1
334,8,17,0.08350005373358727,player-2,21,26,32,28,player-2,player-2
334,9,17,0.050999922677874565,player-3,24,26,35,30,player-3,player-3
334,10,19,0.05612499080598354,player-2,32,30,38,33,player-4,player-2
334,11,17,0.04187505692243576,player-1,34,33,39,35,player-1,player-1
334,12,17,0.06179092451930046,player-2,40,44,39,36,player-2,player-2
334,13,19,0.05716690793633461,player-1,52,51,40,42,player-3,player-1
334,14,23,0.06383401341736317,player-2,66,53,42,46,player-4,player-2
335,1,20,0.06191711872816086,player-3,3,2,7,2,player-4,player-3
335,2,18,0.06066588684916496,player-2,6,3,11,4,player-1,player-2
335,3,18,0.0524579081684351,player-3,7,5,14,7,player-2,player-3
335,4,17,0.05804118700325489,player-3,8,11,20,8,player-3,player-3
335,5,17,0.0777500681579113,player-4,8,15,23,10,player-4,player-4
335,6,22,0.05320785567164421,player-2,9,23,26,11,player-1,player-2
335,7,17,0.06174994632601738,player-2,9,27,32,18,player-2,player-2
335,8,17,0.06491714157164097,player-3,11,27,39,22,player-3,player-3
335,9,18,0.06608408875763416,player-1,14,27,44,25,player-4,player-1
335,10,20,0.06816606037318707,player-4,15,29,48,32,player-1,player-4
335,11,21,0.06241584196686745,player-2,17,35,52,34,player-2,player-2
335,12,17,0.049999915063381195,player-3,21,39,60,38,player-3,player-3
335,13,17,0.060625141486525536,player-4,26,42,62,49,player-4,player-4
335,14,18,0.05633290857076645,player-2,28,47,67,50,player-1,player-2
335,15,25,0.08004205301404,player-2,32,51,75,50,player-2,player-2
336,1,17,0.059791840612888336,player-1,7,2,6,4,player-1,player-1
336,2,19,0.06270897574722767,player-4,8,4,6,7,player-2,player-4
336,3,17,0.07800012826919556,player-3,8,5,12,11,player-3,player-3
336,4,18,0.05712499842047691,player-1,13,11,14,15,player-4,player-1
336,5,18,0.06225006654858589,player-2,16,17,16,19,player-1,player-2
336,6,18,0.05641719326376915,player-3,18,22,24,23,player-2,player-3
336,7,17,0.0641250517219305,player-3,20,33,27,32,player-3,player-3
336,8,20,0.05224999040365219,player-3,22,35,32,32,player-4,player-3
336,9,27,0.06016693077981472,player-3,26,37,34,36,player-1,player-3
336,10,18,0.057541998103260994,player-3,26,38,34,38,player-2,player-3
336,11,18,0.0628340058028698,player-4,29,38,38,40,player-3,player-4
336,12,17,0.057040946558117867,player-4,32,43,43,49,player-4,player-4
336,13,17,0.0660829246044159,player-1,37,50,45,57,player-1,player-1
337,1,18,0.05887518636882305,player-4,1,3,0,8,player-3,player-4
337,2,18,0.056999968364834785,player-1,4,13,5,14,player-4,player-1
337,3,25,0.10129204019904137,none,4,19,7,21,player-1,none
337,4,17,0.06087496876716614,player-2,10,23,7,23,player-2,player-2
337,5,18,0.06995885632932186,player-4,18,23,16,26,player-3,player-4
337,6,18,0.05929102189838886,player-1,28,32,16,29,player-4,player-1
337,7,17,0.042791012674570084,player-1,37,36,16,29,player-1,player-1
337,8,17,0.05466700531542301,player-2,39,46,22,29,player-2,player-2
337,9,19,0.054541975259780884,player-1,42,47,24,32,player-3,player-1
337,10,17,0.052291201427578926,player-4,42,48,26,38,player-4,player-4
337,11,20,0.05833292379975319,player-4,46,48,29,40,player-1,player-4
337,12,19,0.04437495954334736,player-4,47,49,29,42,player-2,player-4
337,13,18,0.046040862798690796,player-4,50,54,32,47,player-3,player-4
338,1,17,0.04716683179140091,player-3,0,3,3,2,player-3,player-3
338,2,19,0.052958959713578224,player-2,2,5,3,6,player-4,player-2
338,3,20,0.043208012357354164,none,3,8,3,11,player-1,none
338,4,18,0.06441702134907246,player-3,6,12,8,13,player-2,player-3
338,5,22,0.06616697646677494,none,10,18,12,17,player-3,none
338,6,19,0.07212487980723381,player-2,11,26,14,24,player-4,player-2
338,7,18,0.05374988541007042,player-2,13,28,16,26,player-1,player-2
338,8,30,0.09900005534291267,player-3,19,40,21,30,player-2,player-3
338,9,21,0.04929094575345516,none,21,43,21,32,player-3,none
338,10,17,0.06125005893409252,player-4,21,44,21,37,player-4,player-4
338,11,18,0.051165930926799774,player-2,22,45,22,39,player-1,player-2
338,12,17,0.05433405749499798,player-2,30,47,25,46,player-2,player-2
338,13,19,0.06524985656142235,player-1,37,47,26,60,player-3,player-1
339,1,18,0.06975000724196434,player-4,0,4,2,3,player-3,player-4
339,2,17,0.05429098382592201,player-4,5,5,7,7,player-4,player-4
339,3,27,0.08220807649195194,none,6,8,12,10,player-1,none
339,4,22,0.09349989704787731,player-3,7,12,15,20,player-2,player-3
339,5,18,0.05620904266834259,player-4,10,16,17,23,player-3,player-4
339,6,19,0.05375011824071407,player-2,13,19,17,27,player-4,player-2
339,7,17,0.05816691555082798,player-1,18,21,20,28,player-1,player-1
339,8,19,0.06833299994468689,player-4,18,26,24,34,player-2,player-4
339,9,17,0.04733307287096977,player-3,23,27,30,36,player-3,player-3
339,10,17,0.056499848142266273,player-4,28,27,37,40,player-4,player-4
339,11,17,0.08212518878281116,player-1,33,33,39,43,player-1,player-1
339,12,17,0.07616681978106499,player-2,35,38,40,45,player-2,player-2
339,13,17,0.04370789974927902,player-3,35,39,45,46,player-3,player-3
339,14,24,0.05145813338458538,none,38,39,49,47,player-4,none
339,15,20,0.04374980926513672,none,39,39,52,49,player-1,none
339,16,18,0.050958944484591484,player-3,44,44,55,49,player-2,player-3
339,17,19,0.07075001485645771,player-1,46,49,57,50,player-3,player-1
340,1,23,0.07141684181988239,player-1,4,2,1,1,player-3,player-1
340,2,18,0.0689169391989708,player-1,6,2,6,2,player-4,player-1
340,3,21,0.07641687989234924,player-1,11,9,11,5,player-1,player-1
340,4,17,0.06654206663370132,player-2,12,18,14,11,player-2,player-2
340,5,17,0.051999930292367935,player-3,14,20,21,17,player-3,player-3
340,6,20,0.05183299072086811,player-3,15,26,25,17,player-4,player-3
340,7,17,0.059791840612888336,player-1,21,30,26,18,player-1,player-1
340,8,18,0.045582884922623634,player-3,21,35,33,18,player-2,player-3
340,9,18,0.05337502807378769,player-4,22,36,36,25,player-3,player-4
340,10,23,0.08533289656043053,player-2,22,43,42,35,player-4,player-2
340,11,21,0.05470798350870609,player-1,29,43,44,35,player-1,player-1
340,12,17,0.04429207183420658,player-2,31,47,46,37,player-2,player-2
340,13,19,0.05074986256659031,player-1,34,47,47,37,player-3,player-1
340,14,17,0.06204098463058472,player-4,38,48,49,49,player-4,player-4
340,15,18,0.05687493830919266,player-2,43,55,51,54,player-1,player-2
341,1,18,0.04237494431436062,none,3,0,0,0,player-3,none
341,2,17,0.05224999040365219,player-4,3,4,5,5,player-4,player-4
341,3,17,0.05833408795297146,player-1,7,9,5,10,player-1,player-1
341,4,19,0.06312504410743713,player-4,13,13,15,10,player-2,player-4
341,5,17,0.054833944886922836,player-3,21,16,22,11,player-3,player-3
341,6,17,0.06679189391434193,player-4,24,23,32,14,player-4,player-4
341,7,30,0.0679579097777605,player-2,29,26,34,16,player-1,player-2
341,8,17,0.05050003528594971,player-2,33,31,36,17,player-2,player-2
341,9,21,0.0514171551913023,player-3,33,31,41,21,player-3,player-3
341,10,17,0.0475000124424696,player-4,35,35,43,26,player-4,player-4
341,11,17,0.051999930292367935,player-1,41,40,43,30,player-1,player-1
341,12,17,0.0524579081684351,player-2,45,49,45,33,player-2,player-2
341,13,17,0.04937499761581421,player-3,49,52,47,34,player-3,player-3
341,14,17,0.06262492388486862,player-4,53,64,51,37,player-4,player-4
342,1,17,0.042416853830218315,player-4,4,4,0,6,player-4,player-4
342,2,17,0.053625088185071945,player-1,5,4,3,8,player-1,player-1
342,3,18,0.07745809853076935,player-3,6,8,14,8,player-2,player-3
342,4,17,0.055666081607341766,player-3,8,8,21,12,player-3,player-3
342,5,18,0.04912493750452995,player-1,13,11,22,14,player-4,player-1
342,6,17,0.05895807407796383,player-1,17,13,23,16,player-1,player-1
342,7,18,0.05566701292991638,player-3,17,19,26,16,player-2,player-3
342,8,27,0.069082947447896,player-1,20,19,29,26,player-3,player-1
342,9,19,0.04875008016824722,player-2,22,28,33,30,player-4,player-2
342,10,18,0.051040900871157646,player-2,22,30,37,32,player-1,player-2
342,11,22,0.043665990233421326,none,24,30,42,32,player-2,none
342,12,17,0.05404185503721237,player-3,26,32,44,40,player-3,player-3
342,13,21,0.06550014950335026,player-4,26,34,47,45,player-4,player-4
342,14,18,0.04974985495209694,player-2,29,41,48,45,player-1,player-2
342,15,19,0.0517088919878006,player-4,31,42,48,51,player-2,player-4
342,16,20,0.06166612729430199,player-2,37,46,48,54,player-3,player-2
343,1,18,0.058666104450821877,player-2,3,7,3,5,player-1,player-2
343,2,22,0.06025005131959915,player-3,4,10,8,7,player-2,player-3
343,3,18,0.05674990825355053,player-4,6,22,10,15,player-3,player-4
343,4,21,0.0552500132471323,player-4,8,22,15,19,player-4,player-4
343,5,17,0.06449990905821323,player-1,13,23,21,25,player-1,player-1
343,6,19,0.06783311255276203,player-4,19,41,21,31,player-2,player-4
343,7,20,0.04912517033517361,player-2,27,45,21,34,player-3,player-2
343,8,22,0.0677919015288353,player-1,33,52,30,48,player-4,player-1
344,1,18,0.049165915697813034,player-3,0,2,6,0,player-2,player-3
344,2,19,0.056582968682050705,player-1,4,8,12,0,player-3,player-1
344,3,17,0.050999922677874565,player-4,6,11,17,8,player-4,player-4
344,4,17,0.04541594535112381,player-1,11,13,17,8,player-1,player-1
344,5,17,0.053541967645287514,player-2,16,21,17,15,player-2,player-2
344,6,17,0.05679205060005188,player-3,26,21,24,22,player-3,player-3
344,7,18,0.055999960750341415,player-1,30,22,24,26,player-4,player-1
344,8,22,0.059416983276605606,player-2,34,23,24,26,player-1,player-2
344,9,18,0.062000006437301636,player-3,38,32,27,29,player-2,player-3
344,10,17,0.0627920962870121,player-3,44,34,31,32,player-3,player-3
344,11,18,0.04587508738040924,player-1,46,35,33,32,player-4,player-1
344,12,22,0.07316702976822853,player-2,47,38,38,35,player-1,player-2
344,13,17,0.05266699008643627,player-2,50,42,40,39,player-2,player-2
344,14,26,0.06554112769663334,none,52,45,46,44,player-3,none
344,15,18,0.049040885642170906,player-1,56,46,50,46,player-4,player-1
345,1,19,0.06050011143088341,player-1,5,6,6,11,player-3,player-1
345,2,17,0.08766702376306057,player-4,9,10,11,14,player-4,player-4
345,3,17,0.059999991208314896,player-1,14,14,11,14,player-1,player-1
345,4,17,0.11295895092189312,player-2,18,18,14,14,player-2,player-2
345,5,21,0.06520794704556465,player-3,21,21,19,19,player-3,player-3
345,6,22,0.06979214958846569,player-1,23,23,22,24,player-4,player-1
345,7,17,0.05233287811279297,player-1,26,23,25,28,player-1,player-1
345,8,17,0.06633414886891842,player-2,32,26,33,29,player-2,player-2
345,9,19,0.04829186946153641,player-1,35,27,33,30,player-3,player-1
345,10,18,0.054208096116781235,player-1,38,27,33,33,player-4,player-1
345,11,17,0.05712499842047691,player-1,42,30,35,35,player-1,player-1
345,12,17,0.057416968047618866,player-2,45,35,41,35,player-2,player-2
345,13,19,0.06054108962416649,player-1,49,39,46,40,player-3,player-1
345,14,18,0.04987511783838272,player-1,50,39,48,42,player-4,player-1
345,15,19,0.05033286288380623,player-3,50,41,51,43,player-1,player-3
346,1,19,0.06966688670217991,player-1,1,2,4,4,player-3,player-1
346,2,18,0.06204191595315933,player-1,5,4,4,11,player-4,player-1
346,3,19,0.06645801477134228,player-3,9,8,13,21,player-1,player-3
346,4,17,0.054416945204138756,player-2,18,10,14,27,player-2,player-2
346,5,17,0.049165915697813034,player-3,18,11,15,27,player-3,player-3
346,6,18,0.0552500132471323,player-1,23,13,15,35,player-4,player-1
346,7,19,0.06566685624420643,player-3,25,16,16,38,player-1,player-3
346,8,18,0.0663751270622015,player-3,28,21,17,43,player-2,player-3
346,9,18,0.051791081205010414,player-4,30,26,24,48,player-3,player-4
346,10,17,0.06316695362329483,player-4,32,29,25,53,player-4,player-4
346,11,19,0.05212496034801006,player-3,33,34,30,53,player-1,player-3
346,12,19,0.05120900459587574,player-4,36,36,32,58,player-2,player-4
346,13,19,0.059374840930104256,player-1,36,39,39,58,player-3,player-1
346,14,17,0.052958959713578224,player-4,38,39,40,62,player-4,player-4
347,1,19,0.05762488581240177,player-3,6,0,5,4,player-1,player-3
347,2,17,0.056999968364834785,player-2,8,5,6,8,player-2,player-2
347,3,17,0.05795806646347046,player-3,10,6,12,11,player-3,player-3
347,4,22,0.0630838330835104,player-1,11,7,12,12,player-4,player-1
347,5,17,0.08841697126626968,player-1,12,10,12,13,player-1,player-1
347,6,17,0.05541602149605751,player-2,12,18,13,14,player-2,player-2
347,7,18,0.05850009620189667,player-4,12,22,16,20,player-3,player-4
347,8,17,0.07875007577240467,player-4,13,28,19,29,player-4,player-4
347,9,18,0.06274995394051075,player-2,14,40,19,32,player-1,player-2
347,10,17,0.04887511022388935,player-2,18,45,21,34,player-2,player-2
347,11,17,0.07183407433331013,player-3,20,51,26,38,player-3,player-3
347,12,18,0.05820789374411106,player-1,24,53,32,42,player-4,player-1
347,13,23,0.057416968047618866,none,26,55,34,45,player-1,none
348,1,19,0.06704218685626984,player-2,0,9,4,5,player-4,player-2
348,2,20,0.05174987018108368,player-4,3,9,4,7,player-1,player-4
348,3,17,0.06308313459157944,player-2,5,14,6,10,player-2,player-2
348,4,17,0.06008311174809933,player-3,9,17,8,13,player-3,player-3
348,5,17,0.053459079936146736,player-4,12,17,12,17,player-4,player-4
348,6,21,0.07462501525878906,player-1,18,17,20,18,player-1,player-1
348,7,17,0.05133310332894325,player-2,23,21,20,21,player-2,player-2
348,8,17,0.04820898175239563,player-3,25,25,24,24,player-3,player-3
348,9,17,0.06441702134907246,player-4,28,28,27,32,player-4,player-4
348,10,19,0.05720788612961769,player-3,30,30,28,36,player-1,player-3
348,11,20,0.05504116415977478,player-1,32,31,32,38,player-2,player-1
348,12,18,0.04716706462204456,player-4,36,32,35,42,player-3,player-4
348,13,18,0.06050011143088341,player-1,40,34,37,44,player-4,player-1
348,14,17,0.06312504410743713,player-1,47,36,39,54,player-1,player-1
348,15,17,0.06208312697708607,player-2,50,38,39,54,player-2,player-2
348,16,17,0.05612499080598354,player-3,58,38,48,59,player-3,player-3
349,1,19,0.0577080063521862,player-2,3,5,5,0,player-4,player-2
349,2,17,0.06620795466005802,player-1,11,8,10,1,player-1,player-1
349,3,24,0.061583006754517555,player-1,20,11,14,7,player-2,player-1
349,4,18,0.08854200132191181,player-4,28,20,19,27,player-3,player-4
349,5,17,0.058042118325829506,player-4,30,23,25,36,player-4,player-4
349,6,28,0.0778338871896267,player-4,31,23,31,42,player-1,player-4
349,7,17,0.04891585558652878,player-2,31,31,31,45,player-2,player-2
349,8,21,0.04987488500773907,player-3,31,33,35,46,player-3,player-3
349,9,17,0.056625111028552055,player-4,34,35,44,48,player-4,player-4
349,10,17,0.042791012674570084,player-1,35,36,45,50,player-1,player-1
349,11,17,0.0424159225076437,player-2,36,50,45,52,player-2,player-2
350,1,17,0.059582991525530815,player-2,1,7,0,2,player-2,player-2
350,2,20,0.058167148381471634,player-2,1,11,5,4,player-3,player-2
350,3,17,0.0539170578122139,player-4,2,18,10,6,player-4,player-4
350,4,17,0.056541990488767624,player-1,4,20,12,12,player-1,player-1
350,5,21,0.05291705019772053,player-2,11,21,13,13,player-2,player-2
350,6,19,0.045999884605407715,player-1,14,23,13,13,player-3,player-1
350,7,19,0.05212496034801006,player-2,18,27,13,15,player-4,player-2
350,8,21,0.07254118099808693,player-1,27,33,15,18,player-1,player-1
350,9,17,0.04975008778274059,player-2,32,41,19,18,player-2,player-2
350,10,18,0.05375011824071407,player-4,39,43,19,21,player-3,player-4
350,11,17,0.05487492308020592,player-4,44,43,23,28,player-4,player-4
350,12,20,0.061957864090800285,player-4,48,47,24,32,player-1,player-4
350,13,20,0.06208312697708607,player-1,52,54,24,38,player-2,player-1
350,14,21,0.06533297710120678,player-3,52,59,28,41,player-3,player-3
351,1,19,0.09241700172424316,player-4,5,5,11,0,player-2,player-4
351,2,17,0.05920883268117905,player-3,5,11,11,3,player-3,player-3
351,3,17,0.06304215639829636,player-4,5,11,17,6,player-4,player-4
351,4,22,0.06800005212426186,player-2,8,16,18,6,player-1,player-2
351,5,17,0.06583309732377529,player-2,13,26,19,12,player-2,player-2
351,6,18,0.057999975979328156,player-4,14,31,29,23,player-3,player-4
351,7,22,0.06466684862971306,player-1,17,36,32,25,player-4,player-1
351,8,18,0.07337494753301144,player-2,22,41,38,25,player-1,player-2
351,9,17,0.05291705019772053,player-2,25,47,38,29,player-2,player-2
351,10,25,0.0724580604583025,player-3,25,47,45,31,player-3,player-3
351,11,17,0.047208042815327644,player-4,32,48,47,37,player-4,player-4
351,12,20,0.047083012759685516,player-4,35,48,47,44,player-1,player-4
351,13,26,0.07183407433331013,player-3,39,52,53,51,player-2,player-3
352,1,25,0.06262515671551228,player-1,3,1,2,3,player-1,player-1
352,2,17,0.05725002847611904,player-2,8,5,8,5,player-2,player-2
352,3,18,0.05129189230501652,player-4,11,5,10,8,player-3,player-4
352,4,17,0.06362516433000565,player-4,15,12,14,11,player-4,player-4
352,5,17,0.06362493149936199,player-1,25,17,15,14,player-1,player-1
352,6,17,0.05433289334177971,player-2,33,21,18,19,player-2,player-2
352,7,18,0.05512498319149017,player-4,33,24,18,31,player-3,player-4
352,8,17,0.06616697646677494,player-4,35,27,24,32,player-4,player-4
352,9,17,0.061625149101018906,player-1,43,27,29,35,player-1,player-1
352,10,17,0.05695805884897709,player-2,44,31,30,35,player-2,player-2
352,11,17,0.044459011405706406,player-3,45,31,46,35,player-3,player-3
352,12,17,0.0665830448269844,player-4,51,33,55,41,player-4,player-4
353,1,17,0.055416952818632126,player-1,3,2,6,5,player-1,player-1
353,2,17,0.0602498184889555,player-2,6,11,14,5,player-2,player-2
353,3,18,0.07033278234302998,player-4,10,11,27,9,player-3,player-4
353,4,19,0.054999953135848045,player-2,14,13,29,12,player-4,player-2
353,5,18,0.06554089486598969,player-2,15,23,29,14,player-1,player-2
353,6,23,0.06862496957182884,player-4,17,29,31,16,player-2,player-4
353,7,20,0.06958283483982086,player-2,25,32,34,20,player-3,player-2
353,8,17,0.056582968682050705,player-4,31,32,39,21,player-4,player-4
353,9,20,0.06370781920850277,player-4,36,32,44,26,player-1,player-4
353,10,18,0.057582976296544075,player-3,38,38,47,30,player-2,player-3
353,11,19,0.06512505933642387,player-1,40,41,48,32,player-3,player-1
353,12,18,0.05300017073750496,player-1,40,43,50,36,player-4,player-1
353,13,18,0.045208027586340904,player-2,41,48,52,38,player-1,player-2
353,14,18,0.09129196405410767,player-3,44,48,58,42,player-2,player-3
354,1,17,0.07212487980723381,player-4,0,6,2,8,player-4,player-4
354,2,21,0.07258309051394463,player-1,7,11,6,10,player-1,player-1
354,3,18,0.06954185664653778,player-3,14,18,17,17,player-2,player-3
354,4,18,0.04712492227554321,player-4,14,21,19,18,player-3,player-4
354,5,19,0.08112494833767414,player-2,24,24,22,20,player-4,player-2
354,6,21,0.06320793181657791,player-1,27,26,27,20,player-1,player-1
354,7,22,0.07724994793534279,player-3,29,29,32,20,player-2,player-3
354,8,17,0.05725002847611904,player-3,34,32,44,23,player-3,player-3
354,9,19,0.04445808008313179,player-2,38,33,47,24,player-4,player-2
354,10,17,0.05150004290044308,player-1,39,36,49,26,player-1,player-1
354,11,18,13.671707827597857,player-3,39,38,51,28,player-2,player-3
354,12,18,0.07941597141325474,player-4,43,41,58,33,player-3,player-4
355,1,18,0.0637909397482872,player-4,2,2,2,6,player-3,player-4
355,2,18,0.07283291779458523,player-1,5,4,7,10,player-4,player-1
355,3,17,0.04970794543623924,player-1,6,11,7,11,player-1,player-1
355,4,17,0.04975008778274059,player-2,10,21,9,13,player-2,player-2
355,5,17,0.055999960750341415,player-3,13,25,12,20,player-3,player-3
355,6,17,0.05933293141424656,player-4,14,27,13,31,player-4,player-4
355,7,17,0.04837499000132084,player-1,22,30,16,36,player-1,player-1
355,8,17,0.05670799873769283,player-2,25,33,16,37,player-2,player-2
355,9,17,0.0804578885436058,player-3,29,35,26,39,player-3,player-3
355,10,18,0.06695790216326714,player-1,35,43,31,46,player-4,player-1
355,11,17,0.05295802839100361,player-1,42,44,33,53,player-1,player-1
355,12,17,0.058459118008613586,player-2,42,47,33,56,player-2,player-2
356,1,17,0.059459125623106956,player-3,0,2,12,5,player-3,player-3
356,2,18,0.07791700772941113,player-1,3,11,23,16,player-4,player-1
356,3,19,0.05683419294655323,player-3,3,11,27,19,player-1,player-3
356,4,19,0.06508291698992252,player-4,9,15,28,26,player-2,player-4
356,5,18,0.05808379501104355,player-4,13,16,32,30,player-3,player-4
356,6,18,0.07091695442795753,player-1,20,16,33,31,player-4,player-1
356,7,21,0.062333885580301285,player-1,22,17,35,37,player-1,player-1
356,8,19,0.06704078987240791,player-4,33,32,43,43,player-2,player-4
356,9,17,0.058042118325829506,player-3,37,32,52,46,player-3,player-3
356,10,17,0.05829194560647011,player-4,39,37,54,56,player-4,player-4
356,11,20,0.05845888517796993,player-4,43,41,58,66,player-1,player-4
357,1,17,0.062125036492943764,player-3,4,5,4,4,player-3,player-3
357,2,19,0.05179201252758503,player-2,10,7,4,10,player-4,player-2
357,3,21,0.07466692477464676,player-1,20,10,7,19,player-1,player-1
357,4,21,0.060333870351314545,player-2,21,13,10,19,player-2,player-2
357,5,23,0.06595905870199203,player-1,29,19,15,23,player-3,player-1
357,6,17,0.05224999040365219,player-4,33,23,17,29,player-4,player-4
357,7,22,0.07191719487309456,player-2,35,29,19,38,player-1,player-2
357,8,19,0.05508307367563248,player-4,36,29,20,44,player-2,player-4
357,9,19,0.05204183980822563,player-1,39,32,25,44,player-3,player-1
357,10,17,0.07316702976822853,player-4,41,34,25,47,player-4,player-4
357,11,17,0.07054093293845654,player-1,55,34,29,49,player-1,player-1
357,12,17,0.04233419895172119,player-2,56,35,30,51,player-2,player-2
357,13,22,0.05683302879333496,player-4,59,36,32,56,player-3,player-4
357,14,17,0.05337502807378769,player-4,60,38,36,61,player-4,player-4
357,15,21,0.05337502807378769,player-1,64,38,37,62,player-1,player-1
358,1,17,0.052333809435367584,player-3,0,0,5,0,player-3,player-3
358,2,18,0.055833952501416206,player-1,3,4,11,0,player-4,player-1
358,3,17,0.07108389399945736,player-1,11,4,15,6,player-1,player-1
358,4,18,0.0613329466432333,player-3,16,6,19,11,player-2,player-3
358,5,20,0.060042133554816246,player-2,18,11,20,14,player-3,player-2
358,6,18,0.05145883187651634,player-1,19,12,25,20,player-4,player-1
358,7,18,0.062000006437301636,player-2,24,14,26,26,player-1,player-2
358,8,17,0.051833922043442726,player-2,27,19,27,27,player-2,player-2
358,9,17,0.06045796908438206,player-3,32,21,30,27,player-3,player-3
358,10,18,0.046083005145192146,player-1,33,22,31,30,player-4,player-1
358,11,17,0.061333877965807915,player-1,40,26,33,33,player-1,player-1
358,12,18,0.08016685023903847,player-3,42,28,35,36,player-2,player-3
358,13,17,0.05912478081882,player-3,44,28,40,38,player-3,player-3
358,14,17,0.06283307448029518,player-4,49,33,46,40,player-4,player-4
358,15,17,0.0902500469237566,player-1,56,42,46,44,player-1,player-1
359,1,18,0.07266690954566002,player-4,1,7,3,8,player-3,player-4
359,2,17,0.08466606959700584,player-4,1,8,8,14,player-4,player-4
359,3,29,0.062166014686226845,player-1,5,9,12,14,player-1,player-1
359,4,19,0.052040908485651016,player-4,12,10,16,15,player-2,player-4
359,5,21,0.07900013588368893,player-3,16,12,18,18,player-3,player-3
359,6,17,0.05683302879333496,player-4,25,16,25,24,player-4,player-4
359,7,19,0.05300017073750496,player-3,25,16,31,26,player-1,player-3
359,8,17,0.042416853830218315,player-2,26,28,32,27,player-2,player-2
359,9,19,0.055167125537991524,player-1,27,32,34,29,player-3,player-1
359,10,17,0.06229197606444359,player-4,32,40,38,38,player-4,player-4
359,11,18,0.04979199729859829,player-2,38,46,43,39,player-1,player-2
359,12,17,0.05237502045929432,player-2,41,52,44,42,player-2,player-2
359,13,20,0.0527501106262207,player-2,42,54,46,44,player-3,player-2
359,14,17,0.06933300755918026,player-4,47,61,52,44,player-4,player-4
360,1,17,0.06204098463058472,player-1,11,4,2,1,player-1,player-1
360,2,18,0.0647080596536398,player-3,12,5,9,5,player-2,player-3
360,3,17,0.05012494511902332,player-3,16,7,14,8,player-3,player-3
360,4,17,0.05933293141424656,player-4,18,10,16,12,player-4,player-4
360,5,17,0.053625088185071945,player-1,26,10,18,14,player-1,player-1
360,6,19,0.059542013332247734,player-4,27,12,19,24,player-2,player-4
360,7,20,0.05425000563263893,player-2,32,17,22,32,player-3,player-2
360,8,20,0.06270897574722767,player-3,35,17,22,34,player-4,player-3
360,9,17,0.051083043217659,player-1,39,22,25,43,player-1,player-1
360,10,19,0.05779205821454525,player-4,46,23,33,47,player-2,player-4
360,11,17,0.05466700531542301,player-3,52,26,41,51,player-3,player-3
360,12,18,0.05533313378691673,player-1,54,30,43,58,player-4,player-1
360,13,22,0.07487507537007332,player-2,60,42,46,63,player-1,player-2
361,1,17,0.05329097621142864,player-3,8,5,5,7,player-3,player-3
361,2,17,0.06220792420208454,player-4,13,7,5,7,player-4,player-4
361,3,19,0.07554213516414165,player-3,17,7,11,10,player-1,player-3
361,4,18,0.06441702134907246,player-3,17,8,16,17,player-2,player-3
361,5,17,0.05574990063905716,player-3,20,12,17,22,player-3,player-3
361,6,18,0.05187490023672581,player-1,26,15,28,22,player-4,player-1
361,7,18,0.0627920962870121,player-2,33,19,34,24,player-1,player-2
361,8,17,0.0663751270622015,player-2,35,19,37,35,player-2,player-2
361,9,17,0.05395803600549698,player-3,36,24,41,36,player-3,player-3
361,10,18,0.07412489503622055,player-1,45,26,51,46,player-4,player-1
361,11,23,0.046958914026618004,none,47,26,53,48,player-1,none
362,1,20,0.06170803681015968,player-3,6,3,3,6,player-4,player-3
362,2,17,0.04691700451076031,player-1,11,7,4,6,player-1,player-1
362,3,17,0.050040893256664276,player-2,13,13,6,6,player-2,player-2
362,4,17,0.04779198206961155,player-3,13,14,10,8,player-3,player-3
362,5,17,0.04454189911484718,player-4,17,17,15,8,player-4,player-4
362,6,18,0.051999930292367935,player-2,20,23,19,15,player-1,player-2
362,7,17,0.05533290095627308,player-2,25,33,20,18,player-2,player-2
362,8,18,0.04529207944869995,player-4,25,33,26,19,player-3,player-4
362,9,18,0.045708147808909416,player-1,28,33,27,21,player-4,player-1
362,10,25,0.05729193799197674,player-1,33,33,28,26,player-1,player-1
362,11,18,0.04433421418070793,player-3,35,37,35,30,player-2,player-3
362,12,17,0.04283408634364605,player-3,37,37,40,35,player-3,player-3
362,13,26,0.057625118643045425,none,37,40,43,36,player-4,none
362,14,17,0.04179193638265133,player-1,41,41,46,46,player-1,player-1
362,15,17,0.059416983276605606,player-2,46,43,47,51,player-2,player-2
362,16,20,0.04516611807048321,player-2,53,46,53,51,player-3,player-2
363,1,17,0.05925004370510578,player-2,0,14,0,11,player-2,player-2
363,2,17,0.053833937272429466,player-3,1,15,7,13,player-3,player-3
363,3,18,0.06295787170529366,player-1,7,18,11,16,player-4,player-1
363,4,27,0.08150003850460052,player-3,13,18,17,20,player-1,player-3
363,5,19,0.06966688670217991,player-4,19,29,30,23,player-2,player-4
363,6,19,0.05950010381639004,player-1,24,31,33,29,player-3,player-1
363,7,18,0.05512498319149017,player-1,28,37,35,31,player-4,player-1
363,8,17,0.07208297029137611,player-1,36,39,39,35,player-1,player-1
363,9,20,0.06658397614955902,player-1,43,46,46,38,player-2,player-1
363,10,19,0.050541944801807404,player-1,47,47,47,38,player-3,player-1
363,11,17,0.06224983371794224,player-4,50,48,55,41,player-4,player-4
364,1,17,0.05270796827971935,player-3,1,3,5,3,player-3,player-3
364,2,18,0.04349998198449612,player-1,3,10,9,8,player-4,player-1
364,3,17,0.060916878283023834,player-1,7,12,12,11,player-1,player-1
364,4,21,0.06704078987240791,player-2,9,22,16,16,player-2,player-2
364,5,18,0.06387499161064625,player-4,13,32,16,22,player-3,player-4
364,6,17,0.06550014950335026,player-4,14,35,21,29,player-4,player-4
364,7,17,0.05295919254422188,player-1,16,35,25,32,player-1,player-1
364,8,17,0.0541249755769968,player-2,21,44,27,34,player-2,player-2
364,9,23,0.053999945521354675,none,24,45,27,39,player-3,none
364,10,18,0.04191696643829346,player-1,29,46,28,42,player-4,player-1
364,11,29,0.06458302959799767,none,32,47,28,47,player-1,none
364,12,17,0.046958914026618004,player-2,33,58,32,53,player-2,player-2
365,1,17,0.05429191514849663,player-1,6,1,2,2,player-1,player-1
365,2,17,0.05295802839100361,player-2,10,2,7,5,player-2,player-2
365,3,17,0.043208012357354164,player-3,14,5,11,7,player-3,player-3
365,4,19,0.05404115654528141,player-2,18,9,12,9,player-4,player-2
365,5,22,0.07187505252659321,player-2,30,20,18,15,player-1,player-2
365,6,20,0.06258394569158554,player-1,41,22,19,17,player-2,player-1
365,7,18,0.056416960433125496,player-4,41,24,24,20,player-3,player-4
365,8,19,0.06025005131959915,player-2,43,26,28,24,player-4,player-2
365,9,17,0.04241708666086197,player-1,47,29,28,25,player-1,player-1
365,10,17,0.05074986256659031,player-2,54,34,29,29,player-2,player-2
365,11,17,0.0439169816672802,player-3,56,36,36,29,player-3,player-3
365,12,18,0.062000006437301636,player-1,61,39,38,32,player-4,player-1
365,13,21,0.063000014051795,player-1,62,43,41,33,player-1,player-1
366,1,21,0.049666035920381546,player-1,3,1,5,4,player-1,player-1
366,2,19,0.05308398976922035,player-4,3,1,6,6,player-2,player-4
366,3,25,0.05804095417261124,player-3,4,4,12,6,player-3,player-3
366,4,17,0.05241716280579567,player-4,8,4,18,12,player-4,player-4
366,5,17,0.06258301436901093,player-1,12,9,22,12,player-1,player-1
366,6,17,0.05766679532825947,player-2,16,15,24,20,player-2,player-2
366,7,18,0.05658390000462532,player-4,18,19,29,23,player-3,player-4
366,8,17,0.05450006574392319,player-4,18,21,30,27,player-4,player-4
366,9,18,0.07199984975159168,player-2,20,24,31,32,player-1,player-2
366,10,20,0.04466692917048931,player-1,21,25,31,33,player-2,player-1
366,11,22,0.0617089681327343,player-4,27,27,33,44,player-3,player-4
366,12,31,0.08162506856024265,player-2,34,29,33,48,player-4,player-2
366,13,18,0.05054101347923279,player-2,35,35,36,49,player-1,player-2
366,14,21,0.05641602911055088,none,37,37,36,49,player-2,none
366,15,19,0.05379202775657177,player-1,41,39,36,55,player-3,player-1
366,16,21,0.05266699008643627,player-4,42,43,37,59,player-4,player-4
367,1,20,0.07124990224838257,player-4,5,5,1,3,player-1,player-4
367,2,18,0.038667116314172745,none,5,6,2,8,player-2,none
367,3,19,0.055833952501416206,player-1,8,7,4,8,player-3,player-1
367,4,20,0.05379202775657177,player-3,11,8,11,8,player-4,player-3
367,5,17,0.07204199209809303,player-1,16,8,15,12,player-1,player-1
367,6,17,0.05679205060005188,player-2,25,18,20,15,player-2,player-2
367,7,18,0.059999991208314896,player-4,27,22,22,21,player-3,player-4
367,8,17,0.05687517113983631,player-4,27,29,30,27,player-4,player-4
367,9,17,0.05629193037748337,player-1,35,31,34,29,player-1,player-1
367,10,27,0.06445893086493015,none,37,34,36,37,player-2,none
367,11,17,0.07604178972542286,player-3,42,39,42,39,player-3,player-3
367,12,29,0.05112495273351669,none,42,39,49,44,player-4,none
367,13,17,0.061957864090800285,player-1,53,42,49,47,player-1,player-1
368,1,20,0.06429199129343033,player-3,2,1,5,8,player-4,player-3
368,2,17,0.06062490865588188,player-1,3,7,6,15,player-1,player-1
368,3,18,0.08279108442366123,player-3,9,11,11,16,player-2,player-3
368,4,17,0.1219168771058321,player-3,10,15,19,17,player-3,player-3
368,5,17,0.05783303640782833,player-4,17,15,24,20,player-4,player-4
368,6,17,0.043625012040138245,player-1,18,17,26,25,player-1,player-1
368,7,18,0.07416587322950363,player-3,21,24,33,27,player-2,player-3
368,8,18,0.06716698408126831,player-4,25,27,35,29,player-3,player-4
368,9,18,0.08870800957083702,player-1,28,30,38,34,player-4,player-1
368,10,17,0.0578342005610466,player-1,33,32,38,37,player-1,player-1
368,11,18,0.06516696885228157,player-3,36,33,40,49,player-2,player-3
368,12,17,0.10816589929163456,player-3,41,35,46,52,player-3,player-3
368,13,29,0.06116693839430809,none,41,37,50,56,player-4,none
368,14,17,0.05925004370510578,player-1,48,43,55,61,player-1,player-1
369,1,17,0.06983289495110512,player-4,5,1,5,9,player-4,player-4
369,2,17,0.061583006754517555,player-1,5,4,10,11,player-1,player-1
369,3,22,0.060416990891098976,player-3,11,5,19,18,player-2,player-3
369,4,17,0.09470898658037186,player-3,14,6,32,20,player-3,player-3
369,5,17,0.06595905870199203,player-4,22,16,39,28,player-4,player-4
369,6,18,0.055957818403840065,player-2,25,20,41,28,player-1,player-2
369,7,17,0.06679189391434193,player-2,29,25,44,31,player-2,player-2
369,8,17,0.054625095799565315,player-3,30,26,49,31,player-3,player-3
369,9,18,0.05733291618525982,player-1,32,29,58,32,player-4,player-1
369,10,28,0.07412489503622055,player-4,36,32,59,34,player-1,player-4
369,11,18,0.06141606718301773,player-3,37,35,64,38,player-2,player-3
370,1,18,0.05837506614625454,player-3,0,2,10,2,player-2,player-3
370,2,17,0.07491698488593102,player-3,0,2,13,9,player-3,player-3
370,3,17,0.04766695201396942,player-4,0,4,17,20,player-4,player-4
370,4,17,0.05887518636882305,player-1,3,6,22,21,player-1,player-1
370,5,23,0.05933409556746483,player-4,7,12,29,26,player-2,player-4
370,6,18,0.06791693158447742,player-4,8,17,35,33,player-3,player-4
370,7,17,0.06762496195733547,player-4,8,21,39,35,player-4,player-4
370,8,19,0.06424984894692898,player-3,11,27,42,43,player-1,player-3
370,9,18,0.0705420970916748,player-3,16,29,52,48,player-2,player-3
370,10,18,0.04641711711883545,player-4,18,31,55,52,player-3,player-4
370,11,20,0.08279201574623585,player-3,32,36,72,54,player-4,player-3
371,1,17,0.04345807246863842,player-3,3,1,6,4,player-3,player-3
371,2,17,0.05766702815890312,player-4,4,5,9,12,player-4,player-4
371,3,17,0.059916870668530464,player-1,12,7,16,17,player-1,player-1
371,4,17,0.07045897655189037,player-2,15,18,16,26,player-2,player-2
371,5,19,0.04929094575345516,player-1,20,20,19,28,player-3,player-1
371,6,17,0.04879198968410492,player-4,20,20,22,29,player-4,player-4
371,7,17,0.06458419375121593,player-1,25,28,22,33,player-1,player-1
371,8,17,0.06137508898973465,player-2,26,37,25,41,player-2,player-2
371,9,17,0.052625080570578575,player-3,28,42,30,41,player-3,player-3
371,10,20,0.050250208005309105,player-3,32,43,33,42,player-4,player-3
371,11,19,0.06787502206861973,player-3,32,47,37,43,player-1,player-3
371,12,17,0.049165915697813034,player-2,32,49,38,46,player-2,player-2
371,13,20,0.07237493991851807,player-2,37,52,38,51,player-3,player-2
372,1,17,0.05566678009927273,player-2,1,6,0,7,player-2,player-2
372,2,18,0.051625072956085205,player-4,3,10,3,17,player-3,player-4
372,3,33,0.08100015111267567,player-4,8,11,6,23,player-4,player-4
372,4,18,0.06824987940490246,player-2,14,13,10,32,player-1,player-2
372,5,17,0.052042072638869286,player-2,18,15,11,35,player-2,player-2
372,6,17,0.07075001485645771,player-3,20,20,16,36,player-3,player-3
372,7,21,0.05862489342689514,player-4,23,33,17,42,player-4,player-4
372,8,28,0.07575005292892456,player-4,26,33,23,48,player-1,player-4
372,9,17,0.05533290095627308,player-2,28,38,23,51,player-2,player-2
372,10,19,0.05687493830919266,player-1,34,45,32,54,player-3,player-1
372,11,17,0.043208012357354164,player-4,38,46,32,58,player-4,player-4
373,1,19,0.05874992348253727,player-3,0,4,5,6,player-1,player-3
373,2,24,0.06083282642066479,player-1,3,13,5,7,player-2,player-1
373,3,18,0.05779089406132698,player-4,3,14,8,14,player-3,player-4
373,4,25,0.06791716441512108,none,10,17,13,18,player-4,none
373,5,22,0.06216694600880146,player-2,10,19,15,18,player-1,player-2
373,6,20,0.058999983593821526,player-1,19,24,16,24,player-2,player-1
373,7,20,0.056165968999266624,player-2,21,25,16,27,player-3,player-2
373,8,20,0.053374795243144035,player-3,24,27,23,32,player-4,player-3
373,9,17,0.04487507976591587,player-1,27,27,26,32,player-1,player-1
373,10,17,0.07358286529779434,player-2,29,35,28,36,player-2,player-2
373,11,24,0.07095909677445889,player-2,34,36,34,36,player-3,player-2
373,12,18,0.043791020289063454,player-1,34,41,36,37,player-4,player-1
373,13,18,0.046625034883618355,player-2,45,41,36,40,player-1,player-2
373,14,19,0.04937499761581421,player-4,47,42,37,46,player-2,player-4
373,15,17,0.05020899698138237,player-3,47,44,44,46,player-3,player-3
373,16,17,0.06341584958136082,player-4,48,46,48,53,player-4,player-4
373,17,19,0.05687517113983631,player-3,50,52,49,53,player-1,player-3
374,1,17,0.071333022788167,player-2,5,6,3,0,player-2,player-2
374,2,17,0.08116709068417549,player-3,12,8,13,7,player-3,player-3
374,3,18,0.07245899178087711,player-1,16,9,16,9,player-4,player-1
374,4,18,0.06337510421872139,player-2,19,12,18,12,player-1,player-2
374,5,17,0.0524579081684351,player-2,22,18,19,12,player-2,player-2
374,6,25,0.06950017996132374,player-3,24,22,23,17,player-3,player-3
374,7,17,0.07624994032084942,player-4,27,23,25,23,player-4,player-4
374,8,17,0.05695805884897709,player-1,29,23,31,26,player-1,player-1
374,9,19,0.06116693839430809,player-4,34,30,37,32,player-2,player-4
374,10,19,0.06433320231735706,player-1,43,32,41,46,player-3,player-1
374,11,17,0.055541982874274254,player-4,45,36,48,48,player-4,player-4
374,12,17,0.05429098382592201,player-1,52,36,50,53,player-1,player-1
375,1,20,0.07183291018009186,player-4,2,10,1,9,player-1,player-4
375,2,19,0.06462493911385536,player-4,2,13,8,13,player-2,player-4
375,3,23,0.06845803000032902,player-1,3,16,10,20,player-3,player-1
375,4,25,0.06333296187222004,player-4,3,17,14,28,player-4,player-4
375,5,18,0.05925004370510578,player-2,7,18,18,29,player-1,player-2
375,6,17,0.05037500523030758,player-2,10,30,18,30,player-2,player-2
375,7,17,0.05033309571444988,player-3,12,32,25,30,player-3,player-3
375,8,17,0.05224999040365219,player-4,18,39,30,34,player-4,player-4
375,9,18,0.059416983276605606,player-2,26,46,38,42,player-1,player-2
375,10,24,0.05537504330277443,player-1,29,46,42,43,player-2,player-1
375,11,22,0.07524993270635605,player-4,36,48,42,47,player-3,player-4
375,12,17,0.05075009539723396,player-4,41,53,42,52,player-4,player-4
376,1,31,0.06449990905821323,player-3,1,0,2,2,player-1,player-3
376,2,17,0.04966696724295616,player-2,4,2,5,3,player-2,player-2
376,3,20,0.055459095165133476,player-2,6,5,8,3,player-3,player-2
376,4,23,0.05837506614625454,player-2,11,8,9,7,player-4,player-2
376,5,17,0.05441601388156414,player-1,20,14,10,8,player-1,player-1
376,6,21,0.06254203617572784,player-2,25,16,13,11,player-2,player-2
376,7,27,0.05204183980822563,none,26,16,14,14,player-3,none
376,8,18,0.04491605795919895,player-1,34,22,18,17,player-4,player-1
376,9,22,0.055040931329131126,player-2,35,28,21,20,player-1,player-2
376,10,18,0.06170803681015968,player-3,40,38,28,29,player-2,player-3
376,11,18,0.05120900459587574,player-4,45,41,29,35,player-3,player-4
376,12,19,0.05341600626707077,player-2,47,44,30,39,player-4,player-2
376,13,17,0.05870801396667957,player-1,50,44,32,46,player-1,player-1
376,14,17,0.05825003609061241,player-2,52,46,34,48,player-2,player-2
376,15,27,0.06066611967980862,player-1,57,46,36,49,player-3,player-1
376,16,19,0.05695805884897709,player-2,59,55,40,59,player-4,player-2
377,1,22,0.05508307367563248,none,6,1,2,3,player-2,none
377,2,20,0.061125028878450394,player-2,7,3,5,3,player-3,player-2
377,3,17,0.05129189230501652,player-4,8,5,9,11,player-4,player-4
377,4,17,0.05508307367563248,player-1,14,5,16,15,player-1,player-1
377,5,17,0.05625002086162567,player-2,14,13,18,15,player-2,player-2
377,6,20,0.04854192957282066,player-2,17,13,20,17,player-3,player-2
377,7,17,0.05574990063905716,player-4,19,15,23,22,player-4,player-4
377,8,17,0.0499580055475235,player-1,24,19,24,28,player-1,player-1
377,9,19,0.04874984733760357,player-4,24,21,28,33,player-2,player-4
377,10,17,0.06491690874099731,player-3,26,21,32,41,player-3,player-3
377,11,17,0.05300017073750496,player-4,29,25,35,47,player-4,player-4
377,12,20,0.06970809772610664,player-4,33,32,42,52,player-1,player-4
377,13,24,0.06804103031754494,player-1,37,34,46,54,player-2,player-1
377,14,17,0.047208042815327644,player-3,38,36,51,56,player-3,player-3
377,15,17,0.05425000563263893,player-4,41,41,54,62,player-4,player-4
378,1,20,0.06233295425772667,player-2,3,7,0,3,player-3,player-2
378,2,17,0.06062490865588188,player-4,7,7,6,11,player-4,player-4
378,3,20,0.04754215478897095,player-4,8,7,8,17,player-1,player-4
378,4,20,0.07583387196063995,player-1,19,11,8,25,player-2,player-1
378,5,17,0.053167110309004784,player-3,19,14,13,26,player-3,player-3
378,6,17,0.05570799112319946,player-4,21,16,14,29,player-4,player-4
378,7,18,0.07454189471900463,player-2,26,23,18,35,player-1,player-2
378,8,18,0.060999998822808266,player-3,34,27,22,38,player-2,player-3
378,9,19,0.053625088185071945,player-1,38,30,26,40,player-3,player-1
378,10,19,0.05362485535442829,player-2,40,32,28,45,player-4,player-2
378,11,18,0.043708132579922676,player-2,42,33,30,48,player-1,player-2
378,12,17,0.06120791658759117,player-2,44,37,34,49,player-2,player-2
378,13,20,0.08587492629885674,player-2,54,43,39,52,player-3,player-2
378,14,18,0.04775007255375385,player-1,59,43,41,56,player-4,player-1
379,1,17,0.06624986417591572,player-4,2,5,0,5,player-4,player-4
379,2,17,0.052042072638869286,player-1,6,7,0,9,player-1,player-1
379,3,17,0.04300009459257126,player-2,9,13,0,9,player-2,player-2
379,4,18,0.057791126891970634,player-4,13,13,4,12,player-3,player-4
379,5,19,0.08320808410644531,player-2,15,21,5,20,player-4,player-2
379,6,18,0.06274995394051075,player-2,18,29,7,24,player-1,player-2
379,7,17,0.053791794925928116,player-2,20,30,10,26,player-2,player-2
379,8,18,0.04991702735424042,player-4,21,32,13,32,player-3,player-4
379,9,23,0.06787502206861973,player-2,24,38,13,37,player-4,player-2
379,10,17,0.05612499080598354,player-1,28,38,14,40,player-1,player-1
379,11,18,0.052999937906861305,player-3,31,40,22,40,player-2,player-3
379,12,17,0.06854184903204441,player-3,34,49,26,43,player-3,player-3
379,13,18,0.05825003609061241,player-1,41,51,26,44,player-4,player-1
379,14,18,0.09654206223785877,player-2,41,56,32,50,player-1,player-2
380,1,21,0.06120791658759117,none,0,2,4,1,player-4,none
380,2,17,0.07012509740889072,player-1,7,5,4,4,player-1,player-1
380,3,23,0.08720811456441879,player-4,11,9,8,14,player-2,player-4
380,4,17,0.06250012665987015,player-3,11,14,14,16,player-3,player-3
380,5,18,0.05191704258322716,player-1,14,15,14,17,player-4,player-1
380,6,17,0.05075009539723396,player-1,16,15,15,17,player-1,player-1
380,7,17,0.07783412002027035,player-2,18,19,19,18,player-2,player-2
380,8,24,0.08345907554030418,player-2,21,29,22,20,player-3,player-2
380,9,19,0.04658312536776066,none,22,37,24,21,player-4,none
380,10,17,0.0664170365780592,player-1,26,40,28,21,player-1,player-1
380,11,22,0.07424992509186268,player-3,32,45,33,22,player-2,player-3
380,12,17,0.06483308970928192,player-3,35,50,35,29,player-3,player-3
380,13,17,0.05395803600549698,player-4,38,55,37,35,player-4,player-4
380,14,17,0.07237517274916172,player-1,43,57,40,43,player-1,player-1
381,1,18,0.06104190833866596,player-4,1,4,2,2,player-3,player-4
381,2,19,0.07500010542571545,player-2,10,7,9,7,player-4,player-2
381,3,17,0.05712499842047691,player-1,11,10,13,7,player-1,player-1
381,4,17,0.04991586320102215,player-2,13,12,17,8,player-2,player-2
381,5,18,0.05070888437330723,player-4,14,19,19,9,player-3,player-4
381,6,19,0.050582922995090485,player-2,15,25,22,12,player-4,player-2
381,7,25,0.05974993109703064,none,22,27,22,13,player-1,none
381,8,17,0.07029203698039055,player-2,24,28,29,17,player-2,player-2
381,9,17,0.07333303801715374,player-3,27,35,36,17,player-3,player-3
381,10,17,0.04091602750122547,player-4,27,35,37,22,player-4,player-4
381,11,17,0.04924996756017208,player-1,28,37,41,23,player-1,player-1
381,12,17,0.06479094736278057,player-2,34,40,48,32,player-2,player-2
381,13,17,0.0563750509172678,player-3,34,43,59,32,player-3,player-3
381,14,17,0.055625103414058685,player-4,35,45,61,36,player-4,player-4
381,15,17,0.052833929657936096,player-1,43,56,61,42,player-1,player-1
382,1,20,0.05837506614625454,player-3,10,3,8,6,player-4,player-3
382,2,17,0.0514171551913023,player-1,16,8,10,7,player-1,player-1
382,3,18,0.04879198968410492,player-3,20,13,15,11,player-2,player-3
382,4,19,0.046833185479044914,player-1,23,13,17,16,player-3,player-1
382,5,18,0.057540833950042725,player-1,30,17,24,22,player-4,player-1
382,6,17,0.04695798270404339,player-1,33,17,28,27,player-1,player-1
382,7,17,0.06454205140471458,player-2,38,27,33,32,player-2,player-2
382,8,20,0.05691708065569401,player-2,38,34,35,38,player-3,player-2
382,9,18,0.06649992428719997,player-1,49,41,37,48,player-4,player-1
382,10,17,0.07241591811180115,player-1,53,45,42,54,player-1,player-1
382,11,17,0.08116592653095722,player-2,55,59,43,54,player-2,player-2
383,1,17,0.0452918466180563,player-3,3,0,5,2,player-3,player-3
383,2,17,0.0477079302072525,player-4,3,3,6,9,player-4,player-4
383,3,19,0.055957818403840065,player-3,4,4,7,10,player-1,player-3
383,4,20,0.05508400499820709,player-1,6,4,14,12,player-2,player-1
383,5,17,0.0624579843133688,player-3,10,7,16,16,player-3,player-3
383,6,20,0.05345791578292847,player-3,11,9,23,17,player-4,player-3
383,7,19,0.056459102779626846,player-3,14,10,25,20,player-1,player-3
383,8,18,0.04995916970074177,player-3,17,11,32,20,player-2,player-3
383,9,19,0.05237502045929432,player-1,21,14,36,21,player-3,player-1
383,10,18,0.048291170969605446,player-1,25,17,40,21,player-4,player-1
383,11,20,0.05266699008643627,player-4,29,17,45,30,player-1,player-4
383,12,18,0.05629193037748337,player-3,29,18,52,32,player-2,player-3
383,13,18,0.054999953135848045,player-4,32,22,58,35,player-3,player-4
383,14,18,0.048958929255604744,player-1,37,24,62,38,player-4,player-1
383,15,20,0.048666028305888176,player-4,38,24,62,42,player-1,player-4
384,1,20,0.06349990144371986,player-3,6,5,4,1,player-4,player-3
384,2,18,0.050208065658807755,player-2,7,13,13,3,player-1,player-2
384,3,18,0.048165908083319664,player-3,9,14,14,7,player-2,player-3
384,4,19,0.0541249755769968,player-1,17,20,16,9,player-3,player-1
384,5,17,0.06216694600880146,player-4,20,22,16,14,player-4,player-4
384,6,18,0.05337502807378769,player-2,23,26,18,20,player-1,player-2
384,7,19,0.048416201025247574,player-4,25,27,21,28,player-2,player-4
384,8,17,0.04954100586473942,player-3,27,30,24,30,player-3,player-3
384,9,26,0.08837482891976833,player-1,34,39,33,40,player-4,player-1
384,10,20,0.05066697485744953,player-4,34,39,33,43,player-1,player-4
384,11,17,0.05091610364615917,player-2,36,40,34,45,player-2,player-2
384,12,17,0.04533305764198303,player-3,36,43,37,49,player-3,player-3
384,13,17,0.04795799031853676,player-4,37,43,37,51,player-4,player-4
384,14,17,0.05408306606113911,player-1,40,46,38,57,player-1,player-1
385,1,17,0.05383300594985485,player-2,2,6,2,0,player-2,player-2
385,2,25,0.056999968364834785,player-3,3,7,10,3,player-3,player-3
385,3,17,0.04495913162827492,player-4,7,9,17,10,player-4,player-4
385,4,18,0.06770784966647625,player-2,11,13,18,10,player-1,player-2
385,5,17,0.0503340270370245,player-2,16,14,19,15,player-2,player-2
385,6,17,0.05933293141424656,player-3,20,20,25,20,player-3,player-3
385,7,17,0.05212496034801006,player-4,21,22,34,25,player-4,player-4
385,8,17,0.05237502045929432,player-1,32,25,37,28,player-1,player-1
385,9,22,0.06900005973875523,player-3,35,31,39,28,player-2,player-3
385,10,17,0.051042065024375916,player-3,42,32,44,28,player-3,player-3
385,11,17,0.06220792420208454,player-4,45,34,47,36,player-4,player-4
385,12,18,0.056042103096842766,player-2,49,39,55,41,player-1,player-2
386,1,18,0.04395819269120693,none,3,2,1,1,player-1,none
386,2,17,0.06025005131959915,player-2,4,11,1,4,player-2,player-2
386,3,17,0.04958384670317173,player-3,8,13,6,5,player-3,player-3
386,4,17,0.059416983276605606,player-4,12,14,9,7,player-4,player-4
386,5,19,0.05220901221036911,player-3,15,15,13,9,player-1,player-3
386,6,18,0.06216694600880146,player-3,15,24,19,16,player-2,player-3
386,7,20,0.05837506614625454,player-2,18,33,23,18,player-3,player-2
386,8,17,0.04137493669986725,player-4,18,35,23,20,player-4,player-4
386,9,18,0.06337487138807774,player-2,20,46,25,21,player-1,player-2
386,10,18,0.0452499371021986,player-3,24,47,27,22,player-2,player-3
386,11,17,0.0463330652564764,player-3,30,49,38,27,player-3,player-3
386,12,20,0.05141599103808403,player-3,32,49,40,30,player-4,player-3
386,13,33,0.06725010462105274,player-1,34,52,45,30,player-1,player-1
386,14,23,0.06116693839430809,player-4,36,55,48,35,player-2,player-4
386,15,17,0.0503340270370245,player-3,40,56,50,37,player-3,player-3
386,16,17,0.047416891902685165,player-4,40,58,52,43,player-4,player-4
387,1,20,0.06312504410743713,player-2,2,2,4,2,player-3,player-2
387,2,17,0.04174979403614998,player-4,4,5,4,4,player-4,player-4
387,3,17,0.06395811215043068,player-1,13,11,7,13,player-1,player-1
387,4,17,0.05308305844664574,player-2,24,17,11,15,player-2,player-2
387,5,20,0.05779205821454525,player-2,27,20,11,17,player-3,player-2
387,6,17,0.048625050112605095,player-4,27,23,13,25,player-4,player-4
387,7,20,0.05620787851512432,player-4,32,26,19,35,player-1,player-4
387,8,20,0.058125006034970284,player-1,40,26,19,38,player-2,player-1
387,9,17,0.04458311013877392,player-3,44,26,29,42,player-3,player-3
387,10,17,0.057333847507834435,none,46,28,30,44,player-4,none
387,11,18,0.0414170790463686,player-2,48,31,31,47,player-1,player-2
387,12,19,0.0524579081684351,player-4,50,37,36,51,player-2,player-4
387,13,17,0.03845803439617157,player-3,52,38,41,51,player-3,player-3
387,14,17,0.058416975662112236,player-4,57,46,43,58,player-4,player-4
388,1,17,0.05150004290044308,player-3,2,0,2,2,player-3,player-3
388,2,17,0.06104097701609135,player-4,4,3,4,7,player-4,player-4
388,3,18,0.0561252236366272,player-2,6,5,6,7,player-1,player-2
388,4,17,0.058916863054037094,player-2,9,17,6,12,player-2,player-2
388,5,24,0.049666035920381546,none,16,19,7,12,player-3,none
388,6,18,0.056042103096842766,player-1,20,22,13,16,player-4,player-1
388,7,17,0.06104190833866596,player-1,25,29,20,27,player-1,player-1
388,8,19,0.05379202775657177,player-4,28,36,23,28,player-2,player-4
388,9,17,0.04533398896455765,player-3,28,42,26,33,player-3,player-3
388,10,17,0.04812516272068024,player-4,30,44,32,41,player-4,player-4
388,11,18,0.05904096178710461,player-2,35,51,37,41,player-1,player-2
388,12,17,0.046291155740618706,player-2,40,55,40,47,player-2,player-2
389,1,17,0.06383378058671951,player-1,3,0,3,6,player-1,player-1
389,2,18,0.04724995233118534,player-3,3,5,7,6,player-2,player-3
389,3,18,0.043999869376420975,player-4,4,6,11,11,player-3,player-4
389,4,24,0.0743749551475048,player-3,7,7,13,14,player-4,player-3
389,5,19,0.050833914428949356,player-3,9,12,19,20,player-1,player-3
389,6,17,0.06291712634265423,player-2,12,12,21,25,player-2,player-2
389,7,17,0.04824995994567871,player-3,13,12,23,25,player-3,player-3
389,8,34,0.0715828500688076,none,13,15,24,27,player-4,none
389,9,17,0.05145813338458538,player-1,18,15,24,28,player-1,player-1
389,10,17,0.05666702054440975,player-2,19,16,26,30,player-2,player-2
389,11,17,0.05183299072086811,player-3,24,28,30,34,player-3,player-3
389,12,20,0.063000014051795,player-3,28,31,33,36,player-4,player-3
389,13,21,0.06050011143088341,none,32,36,36,39,player-1,none
389,14,31,0.08058291859924793,player-4,32,41,46,43,player-2,player-4
389,15,20,0.06737513467669487,player-2,32,48,54,48,player-3,player-2
389,16,24,0.07712491787970066,player-3,34,53,58,52,player-4,player-3
390,1,17,0.04766695201396942,player-1,5,4,2,1,player-1,player-1
390,2,19,0.063000014051795,player-4,5,9,3,6,player-2,player-4
390,3,21,0.06874999962747097,player-3,7,13,5,11,player-3,player-3
390,4,17,0.05154102109372616,player-4,9,13,9,15,player-4,player-4
390,5,19,0.07062498480081558,player-3,15,17,12,25,player-1,player-3
390,6,18,0.06749993190169334,player-3,16,22,17,28,player-2,player-3
390,7,22,0.11362484656274319,player-4,20,25,20,33,player-3,player-4
390,8,17,0.05829194560647011,player-4,23,29,22,42,player-4,player-4
390,9,21,0.0702079851180315,player-1,26,30,25,50,player-1,player-1
390,10,19,0.06158393807709217,player-4,27,34,27,56,player-2,player-4
390,11,17,0.07687509059906006,player-3,33,37,33,58,player-3,player-3
390,12,18,0.058542005717754364,player-1,33,41,33,64,player-4,player-1
391,1,17,0.057416968047618866,player-1,3,2,5,2,player-1,player-1
391,2,19,0.059125013649463654,player-4,5,4,11,7,player-2,player-4
391,3,18,0.06283284164965153,player-4,5,8,24,11,player-3,player-4
391,4,19,0.06262492388486862,player-2,8,15,27,14,player-4,player-2
391,5,17,0.05195918492972851,player-1,10,15,31,16,player-1,player-1
391,6,17,0.06462493911385536,player-2,13,18,34,19,player-2,player-2
391,7,23,0.06745802238583565,player-1,13,22,35,28,player-3,player-1
391,8,17,0.04487507976591587,player-4,14,25,35,33,player-4,player-4
391,9,17,0.07516704499721527,player-1,21,27,36,37,player-1,player-1
391,10,18,0.05187490023672581,player-3,22,29,39,42,player-2,player-3
391,11,18,0.051541952416300774,player-4,22,34,39,49,player-3,player-4
391,12,17,0.04287506453692913,player-4,25,34,39,55,player-4,player-4
391,13,17,0.05120784044265747,player-1,27,36,41,59,player-1,player-1
391,14,19,0.06070802919566631,player-4,30,38,47,68,player-2,player-4
392,1,18,0.04341709427535534,player-1,1,1,6,3,player-4,player-1
392,2,15,0.034667085856199265,none,1,4,8,5,player-1,none
392,3,17,0.05562487058341503,player-2,3,10,11,8,player-2,player-2
392,4,17,0.05233287811279297,player-3,3,14,15,14,player-3,player-3
392,5,17,0.05066697485744953,player-4,6,20,16,22,player-4,player-4
392,6,18,0.05674990825355053,player-2,8,22,20,22,player-1,player-2
392,7,21,0.05945796146988869,player-2,9,26,20,27,player-2,player-2
392,8,18,0.04920782521367073,player-4,10,29,21,34,player-3,player-4
392,9,17,0.051208073273301125,player-4,10,30,23,44,player-4,player-4
392,10,17,0.051582930609583855,player-1,16,34,27,48,player-1,player-1
392,11,17,0.043958891183137894,player-2,25,40,27,50,player-2,player-2
392,12,17,0.04720780998468399,player-3,25,43,30,56,player-3,player-3
392,13,17,0.05066697485744953,player-4,25,45,34,59,player-4,player-4
393,1,20,0.05708308890461922,player-4,3,3,2,3,player-1,player-4
393,2,17,0.055459095165133476,player-2,6,14,4,5,player-2,player-2
393,3,17,0.04412513226270676,player-3,14,16,6,5,player-3,player-3
393,4,18,0.054582953453063965,player-1,19,20,8,8,player-4,player-1
393,5,17,0.05308305844664574,player-1,21,23,11,17,player-1,player-1
393,6,20,0.06691692396998405,player-1,22,23,12,23,player-2,player-1
393,7,17,0.07354211993515491,player-3,26,32,21,27,player-3,player-3
393,8,18,0.05433405749499798,player-1,29,32,23,29,player-4,player-1
393,9,17,0.050416914746165276,player-1,37,35,26,33,player-1,player-1
393,10,19,0.04724995233118534,player-4,38,36,31,35,player-2,player-4
393,11,17,0.05545793101191521,player-3,40,36,35,36,player-3,player-3
393,12,19,0.08004205301404,player-2,47,45,35,38,player-4,player-2
393,13,20,0.0599580816924572,player-4,49,45,37,44,player-1,player-4
393,14,19,0.06145820952951908,player-4,55,46,39,48,player-2,player-4
393,15,17,0.07366714999079704,player-3,56,50,44,49,player-3,player-3
394,1,17,0.10883412323892117,player-1,5,0,0,0,player-1,player-1
394,2,17,0.07500010542571545,player-2,14,7,5,4,player-2,player-2
394,3,17,0.10283314622938633,player-3,18,9,9,6,player-3,player-3
394,4,19,0.053625088185071945,player-2,22,15,11,7,player-4,player-2
394,5,19,0.09637512266635895,player-3,24,16,12,10,player-1,player-3
394,6,17,0.05354220047593117,player-2,27,19,14,10,player-2,player-2
394,7,20,0.17945910803973675,player-2,30,23,16,11,player-3,player-2
394,8,18,0.07012509740889072,player-1,37,30,16,12,player-4,player-1
394,9,17,0.06325007416307926,player-1,45,31,21,13,player-1,player-1
394,10,18,0.059625133872032166,player-3,47,32,27,16,player-2,player-3
394,11,20,0.06929202936589718,player-2,47,45,29,18,player-3,player-2
394,12,18,0.0730419997125864,player-1,52,53,32,21,player-4,player-1
394,13,19,0.0924158375710249,player-3,55,54,37,23,player-1,player-3
394,14,24,0.05383300594985485,player-1,61,58,40,25,player-2,player-1
395,1,18,0.06291712634265423,player-3,2,3,4,2,player-2,player-3
395,2,17,0.05512498319149017,player-3,5,5,11,2,player-3,player-3
395,3,18,0.0577499158680439,player-1,7,9,12,3,player-4,player-1
395,4,18,0.07491698488593102,player-2,9,14,12,6,player-1,player-2
395,5,19,0.2352080773562193,player-4,14,16,14,6,player-2,player-4
395,6,15,0.10666693560779095,none,15,16,17,9,player-3,none
395,7,17,0.056957826018333435,player-4,15,21,21,13,player-4,player-4
395,8,17,0.04654191434383392,player-1,27,22,21,13,player-1,player-1
395,9,17,0.07233396172523499,player-2,29,34,22,13,player-2,player-2
395,10,20,0.07941690273582935,player-2,35,37,24,18,player-3,player-2
395,11,17,0.07766694761812687,player-4,35,39,28,32,player-4,player-4
395,12,18,0.08974992670118809,player-2,36,46,30,36,player-1,player-2
395,13,28,0.09825010783970356,player-1,40,49,31,39,player-2,player-1
395,14,18,0.05829101428389549,player-4,43,50,33,44,player-3,player-4
395,15,19,0.06037508137524128,player-2,46,52,33,46,player-4,player-2
395,16,18,0.065250089392066,player-2,47,59,35,53,player-1,player-2
396,1,17,0.06562494672834873,player-3,1,0,1,6,player-3,player-3
396,2,17,0.07375003769993782,player-4,5,11,3,6,player-4,player-4
396,3,17,0.05291588604450226,player-1,8,13,5,8,player-1,player-1
396,4,17,0.06954208947718143,player-2,9,15,9,8,player-2,player-2
396,5,17,0.06229104474186897,player-3,12,17,13,16,player-3,player-3
396,6,20,0.0747081357985735,player-3,14,23,18,19,player-4,player-3
396,7,17,0.04633283242583275,player-1,20,25,18,20,player-1,player-1
396,8,19,0.0617089681327343,player-4,20,25,21,22,player-2,player-4
396,9,30,0.06345892325043678,player-4,21,26,28,25,player-3,player-4
396,10,17,0.06629200652241707,player-4,21,30,29,27,player-4,player-4
396,11,22,0.07916707545518875,player-2,24,33,38,36,player-1,player-2
396,12,20,0.06466708146035671,player-1,31,33,40,36,player-2,player-1
396,13,18,0.050083035603165627,player-4,31,36,42,41,player-3,player-4
396,14,17,0.04900014027953148,player-4,31,36,45,43,player-4,player-4
396,15,18,0.05725002847611904,player-2,34,42,51,43,player-1,player-2
396,16,17,0.06404099985957146,player-2,35,45,57,43,player-2,player-2
396,17,17,0.060499878600239754,player-3,37,48,62,48,player-3,player-3
396,18,17,0.06187497638165951,player-4,39,51,64,64,player-4,player-4
397,1,19,0.07587485015392303,player-4,2,2,3,4,player-2,player-4
397,2,17,0.057999975979328156,player-3,4,2,11,4,player-3,player-3
397,3,17,0.08408306166529655,player-4,5,2,11,13,player-4,player-4
397,4,18,0.1050001010298729,player-2,13,7,17,13,player-1,player-2
397,5,21,0.08362485095858574,player-2,14,14,21,13,player-2,player-2
397,6,17,0.06637489423155785,none,16,14,21,13,player-3,none
397,7,17,0.09333319030702114,player-4,16,14,23,26,player-4,player-4
397,8,17,0.059416983276605606,player-1,20,14,23,27,player-1,player-1
397,9,17,0.04633399657905102,player-2,21,23,24,27,player-2,player-2
397,10,26,0.08041621185839176,player-4,27,24,29,29,player-3,player-4
397,11,17,0.07404200732707977,player-4,32,30,34,36,player-4,player-4
397,12,24,0.399166950955987,none,34,33,36,36,player-1,none
397,13,17,0.45712501741945744,player-2,39,36,36,40,player-2,player-2
397,14,16,0.07349997758865356,none,41,43,37,40,player-3,none
397,15,17,0.07941597141325474,player-4,42,49,40,45,player-4,player-4
397,16,20,0.07487484253942966,player-4,45,53,41,51,player-1,player-4
398,1,21,0.062000006437301636,player-2,2,11,3,4,player-2,player-2
398,2,18,0.06674998439848423,player-4,4,14,4,11,player-3,player-4
398,3,17,0.046416185796260834,player-4,4,19,6,18,player-4,player-4
398,4,18,0.048250192776322365,player-2,6,25,8,19,player-1,player-2
398,5,17,0.06287498399615288,player-2,11,32,10,24,player-2,player-2
398,6,17,0.05329214036464691,player-3,17,32,16,24,player-3,player-3
398,7,17,0.07408391684293747,player-4,19,35,22,28,player-4,player-4
398,8,17,0.06179092451930046,player-1,21,36,28,28,player-1,player-1
398,9,20,0.08229096420109272,player-1,32,40,33,30,player-2,player-1
398,10,17,0.08070911280810833,player-3,39,43,41,38,player-3,player-3
398,11,19,0.09812507778406143,player-2,48,49,45,43,player-4,player-2
398,12,23,0.07991679012775421,player-3,48,53,50,47,player-1,player-3
399,1,25,0.06629107519984245,player-1,5,1,6,0,player-1,player-1
399,2,17,0.06870785728096962,player-2,12,2,7,4,player-2,player-2
399,3,17,0.06266706623136997,player-3,12,10,14,6,player-3,player-3
399,4,18,0.0737910158932209,player-1,13,10,15,11,player-4,player-1
399,5,18,0.07862504571676254,player-2,13,13,19,13,player-1,player-2
399,6,18,0.04937499761581421,player-3,15,13,27,15,player-2,player-3
399,7,25,0.05933409556746483,player-3,17,13,31,17,player-3,player-3
399,8,18,0.06183399818837643,player-1,21,15,33,20,player-4,player-1
399,9,17,0.058499863371253014,player-1,24,17,41,26,player-1,player-1
399,10,18,0.05333288572728634,player-3,24,19,46,28,player-2,player-3
399,11,17,0.05641602911055088,player-3,24,25,56,32,player-3,player-3
399,12,18,0.06066588684916496,player-1,26,27,56,39,player-4,player-1
399,13,21,0.09725010022521019,player-1,33,47,63,53,player-1,player-1
400,1,30,0.0766250304877758,none,7,0,0,4,player-1,none
400,2,19,0.07116701453924179,player-4,14,4,7,7,player-2,player-4
400,3,22,0.05925004370510578,player-4,15,13,20,19,player-3,player-4
400,4,17,0.05483301356434822,player-4,21,18,20,27,player-4,player-4
400,5,18,0.07116701453924179,player-2,24,22,21,29,player-1,player-2
400,6,17,0.06204098463058472,player-2,26,28,28,33,player-2,player-2
400,7,20,0.058999983593821526,player-2,28,30,31,35,player-3,player-2
400,8,22,0.0649159774184227,player-1,33,32,33,40,player-4,player-1
400,9,17,0.06541586481034756,player-1,39,34,34,44,player-1,player-1
400,10,18,0.04766695201396942,player-3,42,38,37,45,player-2,player-3
400,11,19,0.055541982874274254,player-1,45,40,42,45,player-3,player-1
400,12,19,0.05091703496873379,player-2,46,47,44,46,player-4,player-2
400,13,21,0.049708178266882896,none,48,50,44,49,player-1,none
400,14,17,0.04549999721348286,player-2,48,55,45,50,player-2,player-2
401,1,17,0.05470891483128071,player-3,4,3,7,2,player-3,player-3
401,2,17,0.05650008097290993,player-4,6,9,10,7,player-4,player-4
401,3,20,0.07004197686910629,player-4,9,13,11,10,player-1,player-4
401,4,17,0.0635411124676466,player-2,13,21,13,14,player-2,player-2
401,5,17,0.0652919989079237,player-3,16,23,19,14,player-3,player-3
401,6,17,0.07204082794487476,player-4,19,25,24,24,player-4,player-4
401,7,20,0.08145812898874283,player-4,21,31,28,43,player-1,player-4
401,8,18,0.0665830448269844,player-3,24,35,40,46,player-2,player-3
401,9,17,0.062166014686226845,player-3,24,35,45,51,player-3,player-3
401,10,23,0.06945803761482239,player-2,27,42,48,54,player-4,player-2
401,11,17,0.043416162952780724,player-1,32,43,49,57,player-1,player-1
402,1,17,0.05737505853176117,player-2,1,10,1,0,player-2,player-2
402,2,19,0.06337487138807774,player-1,7,10,5,1,player-3,player-1
402,3,17,0.041207997128367424,player-4,7,10,6,5,player-4,player-4
402,4,17,0.057791126891970634,player-1,12,14,6,10,player-1,player-1
402,5,20,0.04620896652340889,player-1,14,15,8,10,player-2,player-1
402,6,18,0.0563750509172678,player-4,14,17,12,13,player-3,player-4
402,7,17,0.04570791497826576,player-4,14,18,13,24,player-4,player-4
402,8,19,0.06045796908438206,player-3,15,24,21,37,player-1,player-3
402,9,17,0.04370789974927902,player-2,18,34,25,39,player-2,player-2
402,10,20,0.0552500132471323,player-2,18,41,27,42,player-3,player-2
402,11,17,0.059333862736821175,player-4,20,43,28,57,player-4,player-4
403,1,18,0.060125021263957024,player-3,2,6,9,4,player-2,player-3
403,2,19,0.06804103031754494,player-1,7,12,16,8,player-3,player-1
403,3,17,0.059625133872032166,player-4,7,18,17,17,player-4,player-4
403,4,17,0.05395803600549698,player-1,15,19,21,21,player-1,player-1
403,5,17,0.05033309571444988,player-2,19,23,26,27,player-2,player-2
403,6,22,0.06341701373457909,player-4,21,29,31,32,player-3,player-4
403,7,18,0.05475012585520744,player-1,24,35,35,34,player-4,player-1
403,8,18,0.06787502206861973,player-2,26,36,39,37,player-1,player-2
403,9,18,0.05291705019772053,player-3,29,44,45,37,player-2,player-3
403,10,17,0.0574581790715456,player-3,33,51,46,42,player-3,player-3
403,11,18,0.07279193960130215,player-1,36,60,49,48,player-4,player-1
404,1,19,0.05741720087826252,player-3,7,3,13,6,player-1,player-3
404,2,19,0.07704203017055988,player-4,13,6,19,10,player-2,player-4
404,3,22,0.06033317185938358,player-4,14,12,20,16,player-3,player-4
404,4,21,0.06062490865588188,player-4,17,14,21,26,player-4,player-4
404,5,17,0.053582945838570595,player-1,20,15,23,27,player-1,player-1
404,6,18,0.05195802077651024,player-3,21,21,31,30,player-2,player-3
404,7,26,0.06045796908438206,player-4,23,25,37,36,player-3,player-4
404,8,18,0.04712515510618687,player-1,25,26,41,41,player-4,player-1
404,9,20,0.04854192957282066,player-4,26,29,42,47,player-1,player-4
404,10,18,0.07262500002980232,player-3,30,33,48,54,player-2,player-3
404,11,18,0.052625080570578575,player-4,32,38,49,55,player-3,player-4
404,12,17,0.0467090867459774,player-4,33,42,49,63,player-4,player-4
405,1,17,0.06904196925461292,player-3,2,9,3,4,player-3,player-3
405,2,25,0.07945788092911243,player-4,3,12,7,7,player-4,player-4
405,3,19,0.05408399738371372,player-3,5,20,13,9,player-1,player-3
405,4,17,0.054042087867856026,player-2,7,23,15,9,player-2,player-2
405,5,23,0.059916870668530464,player-1,14,25,17,9,player-3,player-1
405,6,17,0.05450006574392319,player-4,16,25,22,14,player-4,player-4
405,7,23,0.0664170365780592,player-3,24,28,32,16,player-1,player-3
405,8,18,0.05191704258322716,player-3,28,31,35,19,player-2,player-3
405,9,24,0.05449983291327953,player-2,28,34,37,20,player-3,player-2
405,10,18,0.043582869693636894,player-1,32,37,38,21,player-4,player-1
405,11,18,0.05720788612961769,player-2,35,42,38,24,player-1,player-2
405,12,17,0.06912508979439735,player-2,36,47,41,26,player-2,player-2
405,13,17,0.04241708666086197,player-3,40,48,43,27,player-3,player-3
405,14,18,0.05862489342689514,player-1,53,48,48,30,player-4,player-1
406,1,17,0.08033309131860733,player-2,5,7,2,2,player-2,player-2
406,2,18,0.06629200652241707,player-4,12,7,3,9,player-3,player-4
406,3,17,0.06558396853506565,player-4,15,9,10,17,player-4,player-4
406,4,17,0.06570806726813316,player-1,19,9,13,19,player-1,player-1
406,5,17,0.053625088185071945,player-2,22,15,13,21,player-2,player-2
406,6,18,0.06474996916949749,player-4,22,18,17,28,player-3,player-4
406,7,17,0.05045789293944836,player-4,26,22,22,30,player-4,player-4
406,8,17,0.05295802839100361,player-1,32,27,24,36,player-1,player-1
406,9,18,0.05570799112319946,player-3,33,29,31,43,player-2,player-3
406,10,17,0.052625080570578575,player-3,35,31,33,43,player-3,player-3
406,11,18,0.058167148381471634,player-1,40,35,34,46,player-4,player-1
406,12,18,0.06500002928078175,player-2,42,47,42,52,player-1,player-2
406,13,17,0.04433281719684601,player-2,43,52,44,56,player-2,player-2
407,1,18,0.06091617979109287,player-3,2,11,0,0,player-2,player-3
407,2,17,0.04724995233118534,player-3,2,13,3,1,player-3,player-3
407,3,18,0.052374787628650665,player-1,6,16,4,6,player-4,player-1
407,4,26,0.09158393368124962,player-2,28,22,9,9,player-1,player-2
407,5,17,0.07137516513466835,player-2,29,30,14,15,player-2,player-2
407,6,17,0.058208126574754715,player-3,29,32,19,17,player-3,player-3
407,7,17,0.04220916889607906,player-4,30,36,19,20,player-4,player-4
407,8,17,0.04379218444228172,player-1,34,42,24,22,player-1,player-1
407,9,17,0.05562487058341503,player-2,39,45,27,25,player-2,player-2
407,10,22,0.06458396092057228,player-4,49,51,35,34,player-3,player-4
407,11,17,0.04583410918712616,player-4,51,52,35,39,player-4,player-4
407,12,18,0.04787510260939598,player-2,54,59,36,39,player-1,player-2
407,13,17,0.08324999362230301,player-2,54,61,43,44,player-2,player-2
408,1,18,0.04454096779227257,player-2,2,10,6,4,player-1,player-2
408,2,18,0.04945788532495499,player-3,5,10,11,11,player-2,player-3
408,3,17,0.043250154703855515,player-3,7,16,13,13,player-3,player-3
408,4,18,0.04375004209578037,player-1,17,18,14,14,player-4,player-1
408,5,21,0.04583294503390789,player-1,24,20,17,16,player-1,player-1
408,6,20,0.047042034566402435,none,28,21,17,19,player-2,none
408,7,17,0.06812484934926033,player-3,28,23,25,21,player-3,player-3
408,8,18,0.0541249755769968,player-1,29,25,28,25,player-4,player-1
408,9,20,0.0764171127229929,player-4,33,25,37,36,player-1,player-4
408,10,18,0.07741712033748627,player-3,36,29,44,42,player-2,player-3
408,11,20,0.06670807488262653,player-2,41,34,49,42,player-3,player-2
408,12,17,0.05158386193215847,player-4,44,36,54,44,player-4,player-4
408,13,19,0.10491604916751385,player-3,49,46,55,51,player-1,player-3
409,1,18,0.05250005051493645,player-3,3,0,1,2,player-2,player-3
409,2,20,0.05474989302456379,player-2,12,8,4,5,player-3,player-2
409,3,24,0.07666717283427715,player-3,17,11,17,5,player-4,player-3
409,4,21,0.059999991208314896,player-1,23,16,17,5,player-1,player-1
409,5,17,0.059125013649463654,player-2,25,23,19,8,player-2,player-2
409,6,22,0.0664170365780592,player-4,27,23,21,15,player-3,player-4
409,7,20,0.042750034481287,none,29,25,26,18,player-4,none
409,8,19,0.0699581578373909,player-3,37,36,34,33,player-1,player-3
409,9,22,0.04591699689626694,none,38,36,35,35,player-2,none
409,10,18,0.05504186265170574,player-4,52,42,38,35,player-3,player-4
409,11,25,0.07149996235966682,player-4,55,47,48,41,player-4,player-4
410,1,17,0.06295787170529366,player-2,3,3,6,11,player-2,player-2
410,2,17,0.04933308809995651,player-3,5,6,12,11,player-3,player-3
410,3,21,0.11366605758666992,player-4,12,8,17,14,player-4,player-4
410,4,17,0.05250005051493645,player-1,18,9,17,16,player-1,player-1
410,5,19,0.057791825383901596,player-4,19,11,17,19,player-2,player-4
410,6,17,0.1017088070511818,player-3,22,13,25,22,player-3,player-3
410,7,18,0.05837506614625454,player-1,32,13,32,27,player-4,player-1
410,8,18,0.05654105916619301,player-2,38,14,32,30,player-1,player-2
410,9,17,0.06595882587134838,player-2,41,20,40,32,player-2,player-2
410,10,18,0.0480839516967535,player-4,45,22,44,40,player-3,player-4
410,11,17,0.07141707465052605,player-4,49,32,49,44,player-4,player-4
410,12,22,0.07362477481365204,player-2,52,41,52,55,player-1,player-2
411,1,22,0.05054217763245106,none,7,2,3,2,player-2,none
411,2,17,0.05187490023672581,player-3,12,2,14,2,player-3,player-3
411,3,20,0.05716690793633461,player-3,16,6,25,4,player-4,player-3
411,4,22,0.06900005973875523,player-2,23,14,27,10,player-1,player-2
411,5,18,0.05270796827971935,player-3,23,20,34,14,player-2,player-3
411,6,33,0.06983405910432339,none,26,20,37,15,player-3,none
411,7,17,0.063000014051795,player-4,29,24,41,20,player-4,player-4
411,8,21,0.06441702134907246,player-1,32,24,50,25,player-1,player-1
411,9,18,0.0478341244161129,player-3,34,27,57,28,player-2,player-3
411,10,17,0.07016700692474842,player-3,39,35,58,32,player-3,player-3
411,11,18,0.05237502045929432,player-1,45,41,63,34,player-4,player-1
412,1,23,0.059208134189248085,none,4,3,4,1,player-3,none
412,2,17,0.04133302718400955,player-4,5,3,4,9,player-4,player-4
412,3,19,0.05279085598886013,player-3,8,3,9,11,player-1,player-3
412,4,17,0.04875008016824722,player-2,10,11,11,14,player-2,player-2
412,5,17,0.05224999040365219,player-3,11,15,16,17,player-3,player-3
412,6,19,0.03987504169344902,none,16,17,16,19,player-4,none
412,7,17,0.059584155678749084,player-1,18,21,18,27,player-1,player-1
412,8,19,0.06062490865588188,player-4,29,23,23,30,player-2,player-4
412,9,18,0.051042065024375916,player-4,29,24,24,44,player-3,player-4
412,10,17,0.03666686825454235,none,29,25,27,51,player-4,none
412,11,19,0.06504193879663944,player-3,33,26,29,54,player-1,player-3
412,12,17,0.05933293141424656,player-2,36,34,33,54,player-2,player-2
412,13,17,0.052833929657936096,player-3,38,37,38,54,player-3,player-3
412,14,17,0.06629200652241707,player-4,38,42,41,57,player-4,player-4
412,15,19,0.051167095080018044,player-3,41,42,45,60,player-1,player-3
413,1,18,0.05645793862640858,player-3,3,0,2,1,player-2,player-3
413,2,24,0.06645801477134228,player-2,16,1,3,1,player-3,player-2
413,3,17,0.05629216320812702,player-4,20,4,5,6,player-4,player-4
413,4,20,0.06433296948671341,player-4,26,7,8,8,player-1,player-4
413,5,19,0.05495804361999035,player-4,26,17,12,16,player-2,player-4
413,6,17,0.04970794543623924,player-3,28,17,16,19,player-3,player-3
413,7,17,0.057541998103260994,player-4,30,21,21,24,player-4,player-4
413,8,17,0.06345799192786217,player-1,30,27,25,34,player-1,player-1
413,9,17,0.0517088919878006,player-2,30,36,25,35,player-2,player-2
413,10,17,0.07199984975159168,player-3,36,40,28,39,player-3,player-3
413,11,18,0.049042049795389175,player-1,46,40,28,41,player-4,player-1
413,12,18,0.05833292379975319,player-2,53,46,28,48,player-1,player-2
413,13,17,0.052625080570578575,player-2,55,52,29,59,player-2,player-2
414,1,18,0.06291596218943596,player-3,5,8,1,8,player-2,player-3
414,2,19,0.05729077383875847,player-1,9,10,5,10,player-3,player-1
414,3,18,0.05195802077651024,player-1,14,16,10,10,player-4,player-1
414,4,18,0.06074993871152401,player-2,16,23,15,12,player-1,player-2
414,5,17,0.050625065341591835,player-2,18,32,16,14,player-2,player-2
414,6,20,0.07524993270635605,player-2,27,36,17,17,player-3,player-2
414,7,20,0.05745887756347656,player-3,27,36,28,17,player-4,player-3
414,8,19,0.05845795385539532,player-3,28,38,38,18,player-1,player-3
414,9,17,0.07716706022620201,player-2,35,48,47,24,player-2,player-2
414,10,17,0.06937491707503796,player-3,42,48,50,27,player-3,player-3
414,11,17,0.05483301356434822,player-4,48,51,57,33,player-4,player-4
415,1,19,0.05825003609061241,player-3,0,1,7,9,player-1,player-3
415,2,17,0.048457877710461617,player-2,1,6,10,11,player-2,player-2
415,3,16,0.03724987618625164,none,3,13,10,11,player-3,none
415,4,17,0.06587500683963299,player-4,5,17,12,18,player-4,player-4
415,5,17,0.07366714999079704,player-1,10,20,18,27,player-1,player-1
415,6,23,0.0719169620424509,player-4,15,25,23,33,player-2,player-4
415,7,17,0.04974985495209694,player-3,16,27,26,33,player-3,player-3
415,8,21,0.07720920257270336,player-4,17,29,30,36,player-4,player-4
415,9,20,0.05770917050540447,player-4,23,31,35,48,player-1,player-4
415,10,20,0.06712507456541061,player-1,25,34,41,55,player-2,player-1
415,11,17,0.04837499000132084,player-3,29,41,43,57,player-3,player-3
415,12,18,0.05462486296892166,player-1,31,46,45,61,player-4,player-1
416,1,26,0.0638328492641449,player-4,5,4,3,3,player-3,player-4
416,2,17,0.04075001925230026,player-4,7,9,4,4,player-4,player-4
416,3,17,0.06704195402562618,player-1,14,11,4,8,player-1,player-1
416,4,19,0.05375011824071407,player-4,16,12,12,12,player-2,player-4
416,5,17,0.04416704177856445,player-3,18,16,14,12,player-3,player-3
416,6,25,0.07933308370411396,player-4,21,29,17,18,player-4,player-4
416,7,18,0.05737505853176117,player-2,29,45,21,18,player-1,player-2
416,8,21,0.05124998278915882,player-2,34,51,23,26,player-2,player-2
416,9,19,0.06929202936589718,player-1,38,63,23,34,player-3,player-1
416,10,32,0.07899990305304527,player-3,41,63,34,38,player-4,player-3
417,1,19,0.05929195322096348,player-3,3,5,5,2,player-1,player-3
417,2,17,0.06870902143418789,player-2,7,13,9,5,player-2,player-2
417,3,18,0.05337502807378769,player-4,15,18,17,15,player-3,player-4
417,4,17,0.039082951843738556,player-4,17,18,20,18,player-4,player-4
417,5,18,0.04358310252428055,player-2,20,24,20,19,player-1,player-2
417,6,20,0.05679088644683361,player-1,22,28,25,23,player-2,player-1
417,7,17,0.0624579843133688,player-3,22,29,35,33,player-3,player-3
417,8,17,0.058416975662112236,player-4,23,38,45,37,player-4,player-4
417,9,24,0.049999915063381195,none,27,38,45,40,player-1,none
417,10,18,0.055999960750341415,player-3,29,43,46,44,player-2,player-3
417,11,18,0.05879206582903862,player-4,29,50,47,51,player-3,player-4
418,1,18,0.0594588927924633,player-2,3,4,4,5,player-1,player-2
418,2,19,0.056541990488767624,player-4,3,15,9,17,player-2,player-4
418,3,18,0.05187513306736946,player-4,7,16,12,22,player-3,player-4
418,4,17,0.041624996811151505,player-4,7,16,13,29,player-4,player-4
418,5,17,0.06816699169576168,player-1,9,17,16,37,player-1,player-1
418,6,17,0.04850002005696297,player-2,14,20,22,48,player-2,player-2
418,7,18,0.05141599103808403,player-4,14,21,27,49,player-3,player-4
418,8,18,0.05804118700325489,player-1,21,22,31,53,player-4,player-1
418,9,17,0.04379195161163807,player-1,27,26,34,55,player-1,player-1
418,10,18,0.0463749747723341,player-3,30,30,42,57,player-2,player-3
418,11,17,0.0602079089730978,player-3,30,39,47,62,player-3,player-3
419,1,17,0.05708308890461922,player-1,11,0,6,10,player-1,player-1
419,2,18,0.046582892537117004,player-3,13,4,11,11,player-2,player-3
419,3,17,0.057541998103260994,player-3,15,6,24,14,player-3,player-3
419,4,18,0.05987496115267277,player-1,20,6,30,19,player-4,player-1
419,5,17,0.04312489181756973,player-1,23,7,32,20,player-1,player-1
419,6,19,0.06633391603827477,player-4,23,25,33,30,player-2,player-4
419,7,18,0.05629193037748337,player-4,24,25,36,32,player-3,player-4
419,8,18,0.06491714157164097,player-1,26,25,39,43,player-4,player-1
419,9,17,0.06816699169576168,player-1,34,33,42,44,player-1,player-1
419,10,18,0.05512498319149017,player-3,36,36,45,52,player-2,player-3
419,11,17,0.06191595457494259,player-3,39,41,51,53,player-3,player-3
419,12,17,0.050208065658807755,player-4,39,45,54,56,player-4,player-4
420,1,18,0.058959005400538445,player-4,5,3,4,7,player-3,player-4
420,2,17,0.044042011722922325,player-4,6,8,7,7,player-4,player-4
420,3,20,0.056416960433125496,player-4,11,11,13,13,player-1,player-4
420,4,17,0.054208096116781235,player-2,12,16,19,15,player-2,player-2
420,5,18,0.04795799031853676,player-4,16,21,21,21,player-3,player-4
420,6,17,0.048625050112605095,player-4,17,21,25,27,player-4,player-4
420,7,18,0.05737505853176117,player-2,20,26,25,29,player-1,player-2
420,8,17,0.04212488420307636,player-2,21,28,27,33,player-2,player-2
420,9,17,0.046042026951909065,player-3,21,30,34,35,player-3,player-3
420,10,22,0.06383401341736317,player-1,27,32,37,38,player-4,player-1
420,11,22,0.06345822475850582,player-2,31,40,38,42,player-1,player-2
420,12,23,0.05249981768429279,player-4,32,41,38,45,player-2,player-4
420,13,18,0.05045812577009201,player-4,35,43,41,47,player-3,player-4
420,14,17,0.05229096859693527,player-4,38,45,43,52,player-4,player-4
420,15,18,0.04333397373557091,player-2,38,47,45,54,player-1,player-2
421,1,18,0.04233280196785927,player-4,0,2,7,2,player-3,player-4
421,2,18,0.05183299072086811,player-1,4,2,12,4,player-4,player-1
421,3,19,0.06512482650578022,player-3,5,6,21,11,player-1,player-3
421,4,17,0.04829093813896179,player-2,5,10,24,15,player-2,player-2
421,5,17,0.06074993871152401,player-3,9,10,26,16,player-3,player-3
421,6,19,0.049083027988672256,player-2,11,15,29,17,player-4,player-2
421,7,17,0.04733400419354439,player-1,17,18,33,21,player-1,player-1
421,8,17,0.04529207944869995,player-2,17,24,37,25,player-2,player-2
421,9,17,0.05287490785121918,player-3,22,25,40,26,player-3,player-3
421,10,17,0.06308290176093578,player-4,24,32,40,30,player-4,player-4
421,11,17,0.059542013332247734,player-1,30,32,40,31,player-1,player-1
421,12,18,0.06045796908438206,player-3,33,34,43,34,player-2,player-3
421,13,17,0.05512498319149017,player-3,36,38,43,36,player-3,player-3
421,14,19,0.06583286449313164,player-2,41,44,45,39,player-4,player-2
421,15,18,0.05145790055394173,player-2,46,50,45,39,player-1,player-2
421,16,23,0.05308305844664574,player-4,48,54,46,44,player-2,player-4
421,17,22,0.1063330564647913,player-4,52,55,49,47,player-3,player-4
422,1,19,0.06537488661706448,player-1,2,2,4,5,player-3,player-1
422,2,17,0.05383300594985485,player-4,5,2,6,9,player-4,player-4
422,3,17,0.06812508217990398,player-1,9,4,9,13,player-1,player-1
422,4,17,0.059374840930104256,player-2,22,9,15,17,player-2,player-2
422,5,18,0.08062506094574928,player-4,26,14,18,23,player-3,player-4
422,6,17,0.06116693839430809,player-4,27,20,23,25,player-4,player-4
422,7,19,0.08658296428620815,player-3,37,21,27,30,player-1,player-3
422,8,17,0.058165984228253365,player-2,39,33,28,34,player-2,player-2
422,9,20,0.0527501106262207,player-2,44,40,29,36,player-3,player-2
422,10,17,0.07150019519031048,player-4,44,46,29,51,player-4,player-4
422,11,19,0.05487492308020592,player-3,50,50,33,56,player-1,player-3
423,1,17,0.05908310413360596,player-3,4,2,4,2,player-3,player-3
423,2,17,0.042665982618927956,player-4,6,5,8,4,player-4,player-4
423,3,23,0.08037500083446503,player-3,16,6,18,10,player-1,player-3
423,4,17,0.05729193799197674,player-2,16,8,18,14,player-2,player-2
423,5,19,0.05945796146988869,player-1,24,12,21,16,player-3,player-1
423,6,17,0.06508291698992252,player-4,24,26,23,23,player-4,player-4
423,7,28,0.06904196925461292,none,26,34,29,24,player-1,none
423,8,18,0.05783303640782833,player-3,29,38,37,28,player-2,player-3
423,9,17,0.054040923714637756,player-3,33,41,40,33,player-3,player-3
423,10,19,0.060582999140024185,player-2,40,46,42,36,player-4,player-2
423,11,17,0.05641602911055088,player-1,44,48,46,38,player-1,player-1
423,12,21,0.05675014108419418,player-2,46,50,53,38,player-2,player-2
423,13,19,0.05795806646347046,player-1,49,50,58,38,player-3,player-1
424,1,17,0.05533406510949135,player-3,1,3,6,2,player-3,player-3
424,2,18,0.05233287811279297,player-1,4,6,7,3,player-4,player-1
424,3,19,0.053958967328071594,none,6,7,12,6,player-1,none
424,4,17,0.050040893256664276,player-2,6,13,15,14,player-2,player-2
424,5,17,0.04387483932077885,player-3,7,13,20,16,player-3,player-3
424,6,17,0.045999884605407715,player-4,8,13,20,25,player-4,player-4
424,7,17,0.055999960750341415,player-1,9,13,25,31,player-1,player-1
424,8,18,0.07145898416638374,player-3,10,15,27,37,player-2,player-3
424,9,18,0.061125028878450394,player-4,11,17,29,43,player-3,player-4
424,10,18,0.059374840930104256,player-1,13,18,31,45,player-4,player-1
424,11,17,0.07475004531443119,player-1,19,23,33,46,player-1,player-1
424,12,17,0.06883288733661175,player-2,19,27,34,52,player-2,player-2
424,13,18,0.039499951526522636,none,19,27,34,53,player-3,none
424,14,19,0.07066689431667328,player-2,25,30,42,56,player-4,player-2
424,15,19,0.051208073273301125,player-3,27,35,49,57,player-1,player-3
424,16,17,0.055459095165133476,player-2,27,40,52,59,player-2,player-2
424,17,20,0.050666043534874916,player-2,28,43,52,60,player-3,player-2
425,1,17,0.07520802319049835,player-1,7,5,2,4,player-1,player-1
425,2,27,0.07145898416638374,none,7,10,8,6,player-2,none
425,3,18,0.06016693077981472,player-4,10,17,13,10,player-3,player-4
425,4,17,0.05545886233448982,player-4,12,18,13,17,player-4,player-4
425,5,17,0.054040923714637756,player-1,14,19,13,20,player-1,player-1
425,6,18,0.04812492989003658,player-3,15,20,22,23,player-2,player-3
425,7,21,0.06145797669887543,player-3,16,23,25,25,player-3,player-3
425,8,24,0.06466708146035671,player-3,21,24,38,26,player-4,player-3
425,9,17,0.04433281719684601,player-1,31,25,42,27,player-1,player-1
425,10,17,0.052167102694511414,player-2,32,28,48,27,player-2,player-2
425,11,19,0.04683295264840126,player-1,37,31,49,29,player-3,player-1
425,12,33,0.07424992509186268,player-4,37,32,67,31,player-4,player-4
426,1,20,0.06749993190169334,player-1,7,7,3,1,player-2,player-1
426,2,17,0.056333839893341064,player-3,9,15,8,4,player-3,player-3
426,3,18,0.06254087202250957,player-1,14,20,8,4,player-4,player-1
426,4,20,0.06779213435947895,player-4,17,25,12,10,player-1,player-4
426,5,19,0.04487484693527222,player-4,20,26,13,17,player-2,player-4
426,6,17,0.04891701973974705,player-3,22,27,19,19,player-3,player-3
426,7,19,0.046791043132543564,none,24,27,20,22,player-4,none
426,8,18,0.05083298310637474,player-2,25,34,25,23,player-1,player-2
426,9,17,0.09516696445643902,player-2,32,44,31,26,player-2,player-2
426,10,18,0.06370781920850277,player-4,34,44,35,26,player-3,player-4
426,11,18,0.06408290937542915,player-1,42,44,39,28,player-4,player-1
426,12,18,0.0539170578122139,player-2,45,48,42,32,player-1,player-2
426,13,22,0.07291603833436966,player-3,45,57,47,40,player-2,player-3
426,14,18,0.06537511944770813,player-4,47,62,51,42,player-3,player-4
427,1,18,0.062374863773584366,player-2,5,7,6,3,player-1,player-2
427,2,20,0.051666051149368286,player-1,11,8,6,3,player-2,player-1
427,3,17,0.05183299072086811,player-3,13,10,14,3,player-3,player-3
427,4,20,0.05508400499820709,player-3,15,12,19,4,player-4,player-3
427,5,21,0.056167133152484894,player-1,15,14,26,9,player-1,player-1
427,6,27,0.06404193118214607,none,19,14,37,15,player-2,none
427,7,27,0.058125006034970284,player-1,20,18,41,18,player-3,player-1
427,8,18,0.05224999040365219,player-1,30,19,43,20,player-4,player-1
427,9,19,0.04691700451076031,player-3,34,19,46,23,player-1,player-3
427,10,17,0.07283291779458523,player-2,36,27,47,30,player-2,player-2
427,11,19,0.05491706542670727,player-1,40,27,52,30,player-3,player-1
427,12,17,0.060499878600239754,player-4,40,28,52,34,player-4,player-4
427,13,17,0.04891701973974705,player-1,41,28,52,39,player-1,player-1
427,14,17,0.06254203617572784,player-2,45,40,54,48,player-2,player-2
427,15,17,0.05041714757680893,player-3,48,41,56,53,player-3,player-3
428,1,17,0.08229189552366734,player-3,4,2,8,4,player-3,player-3
428,2,17,0.07845787331461906,player-4,12,2,15,7,player-4,player-4
428,3,18,0.04791701212525368,player-2,14,4,17,9,player-1,player-2
428,4,27,0.0766250304877758,player-4,18,4,23,11,player-2,player-4
428,5,17,0.05537504330277443,player-3,21,7,30,17,player-3,player-3
428,6,18,0.07049995474517345,player-1,27,9,34,23,player-4,player-1
428,7,17,0.04566693678498268,player-1,30,11,36,24,player-1,player-1
428,8,18,0.042457832023501396,player-3,34,12,37,29,player-2,player-3
428,9,17,0.06162491627037525,player-3,34,19,43,34,player-3,player-3
428,10,18,0.05479203537106514,player-1,36,20,43,42,player-4,player-1
428,11,17,0.043208012357354164,player-1,41,21,43,42,player-1,player-1
428,12,19,0.0730000901967287,player-4,41,26,48,50,player-2,player-4
428,13,17,0.04416704177856445,player-3,42,30,52,50,player-3,player-3
428,14,18,0.060916878283023834,player-1,49,33,58,53,player-4,player-1
429,1,17,0.054416945204138756,player-3,2,4,5,5,player-3,player-3
429,2,17,0.05329214036464691,player-4,5,6,9,11,player-4,player-4
429,3,17,0.07262500002980232,player-1,12,10,9,18,player-1,player-1
429,4,17,0.0416669063270092,player-2,12,14,11,20,player-2,player-2
429,5,17,0.05450006574392319,player-3,13,14,16,23,player-3,player-3
429,6,17,0.04070904105901718,player-4,19,18,16,25,player-4,player-4
429,7,19,0.07220893166959286,player-3,22,18,19,27,player-1,player-3
429,8,19,0.053584109991788864,player-4,22,22,20,31,player-2,player-4
429,9,19,0.05912478081882,player-1,25,32,21,42,player-3,player-1
429,10,17,0.04075001925230026,player-4,27,35,22,43,player-4,player-4
429,11,17,0.05283299833536148,player-1,34,38,24,44,player-1,player-1
429,12,19,0.04712515510618687,player-4,41,47,30,50,player-2,player-4
429,13,17,0.04641595296561718,player-3,44,47,38,53,player-3,player-3
430,1,17,0.05437503568828106,player-4,3,4,4,6,player-4,player-4
430,2,26,0.06779213435947895,none,3,10,7,7,player-1,none
430,3,17,0.054916832596063614,player-2,4,13,13,13,player-2,player-2
430,4,17,0.05862489342689514,player-3,6,17,16,13,player-3,player-3
430,5,17,0.05891709588468075,player-4,9,18,16,21,player-4,player-4
430,6,18,0.053999945521354675,player-2,15,22,19,27,player-1,player-2
430,7,18,0.048832967877388,player-3,17,24,22,30,player-2,player-3
430,8,17,0.04337495192885399,player-3,19,28,25,30,player-3,player-3
430,9,18,0.04970794543623924,player-1,21,29,30,32,player-4,player-1
430,10,18,0.05441601388156414,player-2,26,32,32,37,player-1,player-2
430,11,17,0.04449998959898949,player-2,29,39,35,41,player-2,player-2
430,12,17,0.07537519559264183,player-3,34,39,37,46,player-3,player-3
430,13,19,0.047165900468826294,player-2,37,40,40,49,player-4,player-2
430,14,24,0.06316695362329483,player-4,40,40,40,57,player-1,player-4
430,15,17,0.045042019337415695,player-2,43,44,40,59,player-2,player-2
431,1,17,0.05175010301172733,player-3,1,6,6,4,player-3,player-3
431,2,18,0.0516669824719429,player-1,3,9,8,8,player-4,player-1
431,3,19,0.04970794543623924,player-3,5,9,8,15,player-1,player-3
431,4,17,0.04237494431436062,player-2,5,9,12,18,player-2,player-2
431,5,19,0.07524993270635605,player-1,8,13,13,23,player-3,player-1
431,6,21,0.05029095336794853,player-4,10,16,14,29,player-4,player-4
431,7,18,0.05408283323049545,player-2,11,22,19,35,player-1,player-2
431,8,22,0.06758305244147778,player-3,13,29,22,42,player-2,player-3
431,9,19,0.05641719326376915,player-1,17,34,22,46,player-3,player-1
431,10,18,0.050208065658807755,player-1,25,37,23,50,player-4,player-1
431,11,18,0.04691700451076031,player-2,27,42,25,57,player-1,player-2
431,12,18,0.05083298310637474,player-3,30,44,38,61,player-2,player-3
432,1,20,0.06749993190169334,player-4,3,3,4,7,player-1,player-4
432,2,20,0.0654999166727066,player-1,5,6,5,12,player-2,player-1
432,3,19,0.06587500683963299,player-1,7,16,13,16,player-3,player-1
432,4,23,0.06870809011161327,none,13,18,17,25,player-4,none
432,5,17,0.0514171551913023,player-1,18,19,19,27,player-1,player-1
432,6,32,0.07375003769993782,player-1,25,20,24,27,player-2,player-1
432,7,17,0.08287513628602028,player-3,27,21,24,27,player-3,player-3
432,8,18,0.07650000043213367,player-1,33,22,25,33,player-4,player-1
432,9,17,0.05087489262223244,player-1,39,22,29,38,player-1,player-1
432,10,17,0.05545886233448982,player-2,39,28,34,46,player-2,player-2
432,11,23,0.06683403626084328,player-1,45,30,39,46,player-3,player-1
432,12,18,0.058208126574754715,player-1,55,34,44,47,player-4,player-1
432,13,17,0.052167102694511414,player-1,57,36,46,51,player-1,player-1
433,1,19,0.05545886233448982,player-3,0,3,2,1,player-1,player-3
433,2,17,0.0711251050233841,player-2,2,7,4,5,player-2,player-2
433,3,14,0.03595813177525997,none,2,7,4,6,player-3,none
433,4,17,0.052582938224077225,player-4,5,9,4,13,player-4,player-4
433,5,17,0.09191688150167465,player-1,8,15,6,20,player-1,player-1
433,6,17,0.059625133872032166,player-2,10,19,7,20,player-2,player-2
433,7,19,0.05816691555082798,player-1,22,22,14,20,player-3,player-1
433,8,17,0.0541249755769968,player-4,22,23,17,21,player-4,player-4
433,9,23,0.04716706462204456,none,27,23,18,23,player-1,none
433,10,18,0.05775014869868755,player-3,30,25,24,24,player-2,player-3
433,11,17,0.0817091204226017,player-3,33,34,29,24,player-3,player-3
433,12,19,0.045958906412124634,player-2,35,39,32,26,player-4,player-2
433,13,17,0.06079091690480709,player-1,45,40,34,30,player-1,player-1
433,14,17,0.058957841247320175,player-2,45,45,36,33,player-2,player-2
433,15,19,0.05987496115267277,player-1,55,49,40,39,player-3,player-1
433,16,17,0.056208111345767975,player-4,55,53,42,49,player-4,player-4
434,1,18,0.05512498319149017,player-3,4,2,2,4,player-2,player-3
434,2,17,0.0477498397231102,player-3,9,5,2,9,player-3,player-3
434,3,19,0.046165892854332924,none,10,5,6,10,player-4,none
434,4,17,0.052625080570578575,player-1,12,8,11,10,player-1,player-1
434,5,19,0.06320816464722157,player-4,21,10,15,19,player-2,player-4
434,6,17,0.05966681055724621,player-3,25,12,25,25,player-3,player-3
434,7,17,0.04554190672934055,player-4,27,16,28,29,player-4,player-4
434,8,19,0.04812492989003658,player-3,31,18,28,30,player-1,player-3
434,9,17,0.04145805723965168,player-2,32,26,29,30,player-2,player-2
434,10,17,0.048042042180895805,player-3,36,34,33,34,player-3,player-3
434,11,18,0.06520887836813927,player-1,38,39,33,36,player-4,player-1
434,12,21,0.05358317866921425,player-1,42,39,38,37,player-1,player-1
434,13,19,0.057833967730402946,player-4,47,41,40,42,player-2,player-4
434,14,18,0.05437503568828106,player-4,49,44,44,46,player-3,player-4
434,15,19,0.0702079851180315,player-2,52,55,53,51,player-4,player-2
435,1,17,0.06037508137524128,player-1,6,9,10,8,player-1,player-1
435,2,17,0.04875008016824722,player-2,9,15,13,13,player-2,player-2
435,3,18,0.05162484012544155,player-4,11,16,17,15,player-3,player-4
435,4,17,0.07308297790586948,player-4,17,19,19,17,player-4,player-4
435,5,21,0.059999991208314896,player-1,22,22,23,25,player-1,player-1
435,6,18,0.0649159774184227,player-3,26,23,30,29,player-2,player-3
435,7,18,0.05312496796250343,player-4,27,30,33,39,player-3,player-4
435,8,21,0.06966688670217991,player-4,31,37,43,40,player-4,player-4
435,9,17,0.04170788452029228,player-1,40,37,45,42,player-1,player-1
435,10,17,0.058542005717754364,player-2,47,45,47,46,player-2,player-2
435,11,19,0.06591598503291607,player-1,51,55,50,55,player-3,player-1
436,1,17,0.05404115654528141,player-2,2,2,1,4,player-2,player-2
436,2,17,0.061416998505592346,player-3,5,12,10,6,player-3,player-3
436,3,23,0.07266714237630367,player-2,7,18,11,12,player-4,player-2
436,4,18,0.050582922995090485,player-2,7,20,17,12,player-1,player-2
436,5,17,0.04824995994567871,player-2,15,23,19,16,player-2,player-2
436,6,17,0.06337510421872139,player-3,20,25,24,19,player-3,player-3
436,7,27,0.06958306767046452,none,22,35,29,23,player-4,none
436,8,17,0.04795799031853676,player-1,23,35,30,24,player-1,player-1
436,9,21,0.06141606718301773,player-2,27,39,31,29,player-2,player-2
436,10,19,0.0527920201420784,player-1,34,41,37,32,player-3,player-1
436,11,19,0.07254187949001789,player-2,39,46,37,38,player-4,player-2
436,12,18,0.054999953135848045,player-2,42,48,39,42,player-1,player-2
436,13,18,0.042291125282645226,player-3,44,50,46,42,player-2,player-3
436,14,17,0.06729201413691044,player-3,49,50,53,45,player-3,player-3
437,1,17,0.05987496115267277,player-4,1,1,0,5,player-4,player-4
437,2,24,0.06733415648341179,player-4,5,2,2,11,player-1,player-4
437,3,18,0.05270796827971935,player-3,7,4,7,11,player-2,player-3
437,4,17,0.044999876990914345,player-3,9,4,10,13,player-3,player-3
437,5,18,0.052042072638869286,player-1,10,7,10,18,player-4,player-1
437,6,17,0.05208305083215237,player-1,15,11,11,19,player-1,player-1
437,7,17,0.04475004971027374,player-2,19,13,13,21,player-2,player-2
437,8,20,0.056666089221835136,player-2,27,13,14,22,player-3,player-2
437,9,17,0.05625002086162567,player-4,27,16,14,26,player-4,player-4
437,10,17,0.06037508137524128,player-1,35,20,22,32,player-1,player-1
437,11,19,0.04666694439947605,player-4,37,21,25,38,player-2,player-4
437,12,18,0.07008318789303303,player-4,50,28,27,48,player-3,player-4
437,13,17,0.057666096836328506,player-4,50,32,27,58,player-4,player-4
437,14,19,0.054040923714637756,player-3,51,36,30,59,player-1,player-3
437,15,18,0.062499893829226494,player-3,52,45,33,61,player-2,player-3
438,1,19,0.05929102189838886,player-3,8,5,5,8,player-1,player-3
438,2,17,0.05070795305073261,player-2,11,9,5,8,player-2,player-2
438,3,20,0.0539170578122139,player-2,18,13,6,8,player-3,player-2
438,4,19,0.05050003528594971,player-2,20,18,6,10,player-4,player-2
438,5,17,0.047083012759685516,player-1,32,19,7,13,player-1,player-1
438,6,17,0.05925004370510578,player-2,34,23,9,16,player-2,player-2
438,7,18,0.060416990891098976,player-4,38,25,12,17,player-3,player-4
438,8,17,0.05270820111036301,player-4,40,30,26,26,player-4,player-4
438,9,20,0.07270812056958675,player-4,43,31,26,33,player-1,player-4
438,10,17,0.05479203537106514,player-2,47,40,29,41,player-2,player-2
438,11,17,0.05154102109372616,player-3,49,44,34,41,player-3,player-3
438,12,17,0.061750179156661034,player-4,52,50,40,47,player-4,player-4
438,13,19,0.04850002005696297,player-3,53,50,41,54,player-1,player-3
439,1,18,0.047208042815327644,player-3,0,1,7,2,player-2,player-3
439,2,18,0.05904096178710461,player-4,5,8,19,3,player-3,player-4
439,3,18,0.06691692396998405,player-1,8,14,21,5,player-4,player-1
439,4,19,0.061542028561234474,player-3,9,17,23,11,player-1,player-3
439,5,17,0.05237502045929432,player-2,12,24,26,13,player-2,player-2
439,6,17,0.05670799873769283,player-3,17,29,36,16,player-3,player-3
439,7,17,0.05237502045929432,player-4,22,35,37,23,player-4,player-4
439,8,18,0.05545793101191521,player-2,23,43,39,27,player-1,player-2
439,9,22,0.069082947447896,player-3,25,48,45,27,player-2,player-3
439,10,17,0.04650000482797623,player-3,29,53,45,28,player-3,player-3
439,11,17,0.06475020200014114,player-4,31,58,48,35,player-4,player-4
439,12,18,0.04316610284149647,player-2,32,65,50,36,player-1,player-2
440,1,17,0.05270913243293762,player-3,5,0,1,2,player-3,player-3
440,2,18,0.06187497638165951,player-1,8,4,1,8,player-4,player-1
440,3,17,0.06150011904537678,player-1,9,6,6,12,player-1,player-1
440,4,20,0.05783303640782833,player-1,12,12,7,13,player-2,player-1
440,5,24,0.06808293983340263,player-2,29,17,15,13,player-3,player-2
440,6,19,0.05104183219373226,player-2,36,20,18,19,player-4,player-2
440,7,17,0.050208065658807755,player-1,41,22,22,22,player-1,player-1
440,8,18,0.06524985656142235,player-3,45,24,26,22,player-2,player-3
440,9,19,0.05050003528594971,player-1,54,24,28,22,player-3,player-1
440,10,17,0.05291588604450226,player-4,57,24,34,29,player-4,player-4
440,11,22,0.07295794785022736,player-2,58,37,37,38,player-1,player-2
440,12,20,0.06654113531112671,player-1,62,43,39,47,player-2,player-1
441,1,18,0.0575000885874033,player-4,2,1,2,2,player-3,player-4
441,2,31,0.10633398778736591,player-2,16,3,5,9,player-4,player-2
441,3,17,0.0510411337018013,player-1,21,9,9,11,player-1,player-1
441,4,20,0.056999968364834785,player-1,26,9,15,14,player-2,player-1
441,5,20,0.05595805123448372,player-2,28,20,16,18,player-3,player-2
441,6,17,0.061416998505592346,player-4,28,29,16,26,player-4,player-4
441,7,21,0.05970895290374756,player-1,34,32,16,27,player-1,player-1
441,8,17,0.06212480366230011,player-2,42,36,18,31,player-2,player-2
441,9,17,0.06445799954235554,player-3,44,41,21,32,player-3,player-3
441,10,18,0.059582991525530815,player-1,50,45,23,35,player-4,player-1
441,11,18,0.05404185503721237,player-2,50,55,23,42,player-1,player-2
441,12,19,0.04754099063575268,player-4,53,55,25,46,player-2,player-4
442,1,17,0.0630419235676527,player-1,5,5,3,4,player-1,player-1
442,2,22,0.06495905108749866,player-3,7,7,5,7,player-2,player-3
442,3,17,0.04870886914432049,player-3,10,8,11,7,player-3,player-3
442,4,17,0.04820898175239563,player-4,13,10,11,10,player-4,player-4
442,5,17,0.06420910358428955,player-1,23,21,11,10,player-1,player-1
442,6,19,0.05712499842047691,player-4,26,22,11,27,player-2,player-4
442,7,18,0.07654097862541676,player-4,30,26,13,32,player-3,player-4
442,8,18,0.05362485535442829,player-1,37,27,15,36,player-4,player-1
442,9,18,0.05874992348253727,player-2,38,33,17,36,player-1,player-2
442,10,17,0.06749993190169334,player-2,42,42,21,38,player-2,player-2
442,11,17,0.05683302879333496,player-3,48,50,27,40,player-3,player-3
442,12,19,0.052999937906861305,player-2,49,54,28,43,player-4,player-2
442,13,26,0.053416937589645386,player-2,52,56,34,46,player-1,player-2
443,1,17,0.06829178892076015,player-1,2,1,8,2,player-1,player-1
443,2,18,0.08283299393951893,player-3,4,3,16,7,player-2,player-3
443,3,18,0.04950002767145634,player-4,4,6,17,25,player-3,player-4
443,4,21,0.07054093293845654,player-4,6,6,25,26,player-4,player-4
443,5,24,0.10875007137656212,player-4,13,11,27,28,player-1,player-4
443,6,18,0.058499863371253014,player-3,18,15,35,31,player-2,player-3
443,7,21,0.07479195483028889,player-3,19,22,38,32,player-3,player-3
443,8,22,0.07225014269351959,player-1,23,30,44,35,player-4,player-1
443,9,19,0.06479187868535519,player-3,26,30,47,37,player-1,player-3
443,10,19,0.0671660527586937,player-4,28,33,54,38,player-2,player-4
443,11,17,0.06679189391434193,player-3,33,41,56,43,player-3,player-3
443,12,29,0.06962497718632221,player-4,33,41,61,47,player-4,player-4
443,13,20,0.07320893928408623,player-4,35,44,64,54,player-1,player-4
443,14,17,0.07325015030801296,player-2,37,54,67,57,player-2,player-2
444,1,17,0.07995893247425556,player-2,0,3,3,1,player-2,player-2
444,2,18,0.0675420742481947,player-4,6,5,7,10,player-3,player-4
444,3,21,0.08954084478318691,player-4,6,14,9,20,player-4,player-4
444,4,18,0.06095808930695057,player-2,10,17,9,24,player-1,player-2
444,5,18,0.052999937906861305,player-3,13,19,15,27,player-2,player-3
444,6,18,0.06366684101521969,player-4,19,24,19,32,player-3,player-4
444,7,18,0.04895799793303013,player-1,22,28,20,34,player-4,player-1
444,8,17,0.05937507376074791,player-1,23,29,25,39,player-1,player-1
444,9,18,0.10591698810458183,player-3,32,32,36,46,player-2,player-3
444,10,18,0.05708308890461922,player-4,35,37,45,49,player-3,player-4
444,11,20,0.0724580604583025,player-3,35,44,49,56,player-4,player-3
445,1,19,0.07770792581140995,player-3,3,4,12,4,player-1,player-3
445,2,18,0.05920790135860443,player-3,4,6,20,4,player-2,player-3
445,3,19,0.05224999040365219,player-1,6,6,22,8,player-3,player-1
445,4,18,0.0891250092536211,player-1,10,15,24,12,player-4,player-1
445,5,17,0.0699581578373909,player-1,18,19,27,13,player-1,player-1
445,6,17,0.05383300594985485,player-2,19,22,27,17,player-2,player-2
445,7,18,0.05670893006026745,player-4,21,22,29,22,player-3,player-4
445,8,17,0.04475004971027374,player-4,27,22,33,28,player-4,player-4
445,9,19,0.05224999040365219,player-3,28,22,44,31,player-1,player-3
445,10,20,0.04975008778274059,player-1,33,24,45,31,player-2,player-1
445,11,17,0.06737513467669487,player-3,34,25,47,34,player-3,player-3
445,12,17,0.05491706542670727,player-4,37,30,54,35,player-4,player-4
445,13,25,0.0502921175211668,none,38,32,56,37,player-1,none
445,14,19,0.07400009781122208,player-4,38,39,70,43,player-2,player-4
446,1,17,0.05445792339742184,player-2,1,7,0,0,player-2,player-2
446,2,17,0.07737497799098492,player-3,7,7,3,5,player-3,player-3
446,3,18,0.07229205220937729,player-1,12,17,5,13,player-4,player-1
446,4,23,0.0577499158680439,player-3,15,19,7,19,player-1,player-3
446,5,19,0.06666616536676884,player-4,23,23,17,21,player-2,player-4
446,6,17,0.04416704177856445,player-3,25,24,18,23,player-3,player-3
446,7,17,0.054416945204138756,player-4,28,27,24,27,player-4,player-4
446,8,17,0.06587500683963299,player-1,32,37,28,31,player-1,player-1
446,9,17,0.053958967328071594,player-2,34,41,29,32,player-2,player-2
446,10,17,0.05766702815890312,player-3,38,43,33,32,player-3,player-3
446,11,17,0.05929195322096348,player-4,38,46,35,36,player-4,player-4
446,12,18,0.0577499158680439,player-2,43,50,38,38,player-1,player-2
446,13,22,0.05870801396667957,player-3,43,54,43,38,player-2,player-3
446,14,17,0.05208398215472698,player-3,45,57,55,40,player-3,player-3
447,1,17,0.067500164732337,player-4,8,7,3,6,player-4,player-4
447,2,17,0.06208289414644241,player-1,10,8,3,8,player-1,player-1
447,3,17,0.051625072956085205,player-2,11,20,6,10,player-2,player-2
447,4,17,0.05895807407796383,player-3,12,20,12,17,player-3,player-3
447,5,17,0.047083012759685516,player-4,13,20,12,22,player-4,player-4
447,6,17,0.05945796146988869,player-1,20,22,15,23,player-1,player-1
447,7,18,0.0649159774184227,player-3,23,25,24,24,player-2,player-3
447,8,18,0.07208297029137611,player-4,25,40,36,39,player-3,player-4
447,9,19,0.059125013649463654,player-2,26,46,36,42,player-4,player-2
447,10,17,0.05149981006979942,player-1,35,53,37,42,player-1,player-1
447,11,17,0.05095801316201687,player-2,46,59,45,48,player-2,player-2
448,1,19,0.06550014950335026,player-3,3,0,6,8,player-1,player-3
448,2,17,0.05591707304120064,player-2,4,7,7,8,player-2,player-2
448,3,19,0.03970786929130554,none,4,9,9,8,player-3,none
448,4,18,0.05674990825355053,player-1,8,16,9,12,player-4,player-1
448,5,17,0.05129189230501652,player-1,11,17,12,12,player-1,player-1
448,6,24,0.05533290095627308,player-1,14,22,16,14,player-2,player-1
448,7,17,0.05916692316532135,player-3,16,25,23,14,player-3,player-3
448,8,17,0.05129189230501652,player-4,22,30,26,19,player-4,player-4
448,9,17,0.054582953453063965,player-1,22,31,28,21,player-1,player-1
448,10,17,0.0702079851180315,player-2,22,41,32,28,player-2,player-2
448,11,17,0.052791088819503784,player-3,22,48,35,30,player-3,player-3
448,12,18,0.046958914026618004,player-1,23,51,35,30,player-4,player-1
448,13,17,0.06479211151599884,player-1,34,52,46,33,player-1,player-1
448,14,32,0.08054194040596485,player-1,36,59,50,40,player-2,player-1
448,15,17,0.058125006034970284,player-3,37,66,53,44,player-3,player-3
449,1,17,0.0474581029266119,player-3,6,2,12,1,player-3,player-3
449,2,17,0.06166682578623295,player-4,10,2,12,6,player-4,player-4
449,3,17,0.05470891483128071,player-1,16,4,15,7,player-1,player-1
449,4,17,0.040082959458231926,player-2,20,11,16,9,player-2,player-2
449,5,20,0.053416937589645386,player-2,21,16,19,12,player-3,player-2
449,6,17,0.049541937187314034,player-4,24,23,22,16,player-4,player-4
449,7,18,0.04487484693527222,player-2,26,25,23,19,player-1,player-2
449,8,17,0.05612499080598354,player-2,27,31,26,21,player-2,player-2
449,9,18,0.05983305163681507,player-4,34,31,32,27,player-3,player-4
449,10,19,0.039582839235663414,none,36,33,33,28,player-4,none
449,11,17,0.05212496034801006,player-1,43,33,35,29,player-1,player-1
449,12,17,0.07312512025237083,player-2,45,36,42,38,player-2,player-2
449,13,17,0.052042072638869286,player-3,45,43,42,40,player-3,player-3
449,14,19,0.04837499000132084,player-2,45,52,46,42,player-4,player-2
449,15,18,0.045625027269124985,player-2,49,53,48,44,player-1,player-2
449,16,19,0.0439169816672802,player-4,49,60,49,48,player-2,player-4
450,1,19,0.050999922677874565,player-4,3,8,2,6,player-2,player-4
450,2,17,0.055165961384773254,player-3,6,14,6,9,player-3,player-3
450,3,17,0.06766687147319317,player-4,8,14,8,14,player-4,player-4
450,4,17,0.06225006654858589,player-1,11,16,15,16,player-1,player-1
450,5,18,0.05054217763245106,player-3,14,18,17,17,player-2,player-3
450,6,17,0.04975008778274059,player-3,17,21,18,17,player-3,player-3
450,7,19,0.058125006034970284,player-2,19,24,19,17,player-4,player-2
450,8,32,0.07329089567065239,player-4,23,30,27,30,player-1,player-4
450,9,20,0.05454104393720627,player-1,27,34,28,31,player-2,player-1
450,10,17,0.0410410575568676,player-3,29,38,32,32,player-3,player-3
450,11,19,0.08995807729661465,player-2,36,42,35,35,player-4,player-2
450,12,20,0.050459057092666626,player-4,40,45,36,38,player-1,player-4
450,13,18,0.0626659020781517,player-3,45,45,36,41,player-2,player-3
450,14,17,0.05587516352534294,player-3,47,52,43,45,player-3,player-3
450,15,18,0.04383292980492115,player-1,51,56,46,47,player-4,player-1
451,1,17,0.049250200390815735,player-1,1,3,4,2,player-1,player-1
451,2,21,0.04533305764198303,player-2,4,7,5,2,player-2,player-2
451,3,17,0.07041706703603268,player-3,6,10,13,8,player-3,player-3
451,4,24,0.05708285607397556,player-3,11,10,16,9,player-4,player-3
451,5,20,0.060999998822808266,player-4,17,10,28,13,player-1,player-4
451,6,18,0.058582983911037445,player-3,18,14,29,15,player-2,player-3
451,7,24,0.06829202175140381,player-2,21,17,30,19,player-3,player-2
451,8,18,0.06691599264740944,player-1,22,22,34,22,player-4,player-1
451,9,19,0.06500002928078175,player-3,24,22,38,23,player-1,player-3
451,10,17,0.057040946558117867,player-2,30,28,38,27,player-2,player-2
451,11,17,0.06008287891745567,player-3,30,35,40,29,player-3,player-3
451,12,17,0.053584109991788864,player-4,32,37,44,38,player-4,player-4
451,13,20,0.07979199290275574,player-4,36,42,45,50,player-1,player-4
451,14,17,0.05987519398331642,player-2,42,50,53,53,player-2,player-2
452,1,20,0.07475004531443119,player-4,7,3,7,5,player-1,player-4
452,2,17,0.057042110711336136,player-2,12,14,15,6,player-2,player-2
452,3,22,0.07537496276199818,player-4,21,20,21,20,player-3,player-4
452,4,17,0.055625103414058685,player-4,21,21,23,26,player-4,player-4
452,5,17,0.04304107278585434,player-1,28,25,24,27,player-1,player-1
452,6,19,0.04937499761581421,player-4,28,27,25,32,player-2,player-4
452,7,17,0.05087489262223244,player-3,32,34,26,36,player-3,player-3
452,8,17,0.05462486296892166,player-4,34,35,26,45,player-4,player-4
452,9,17,0.051666051149368286,player-1,39,37,28,45,player-1,player-1
452,10,17,0.05470891483128071,player-2,42,43,28,47,player-2,player-2
452,11,18,0.062208157032728195,player-4,44,47,32,53,player-3,player-4
453,1,18,0.05066697485744953,player-4,0,1,1,1,player-3,player-4
453,2,20,0.06445799954235554,player-3,6,6,1,4,player-4,player-3
453,3,17,0.057582976296544075,player-1,11,12,7,4,player-1,player-1
453,4,17,0.05108281038701534,player-2,13,14,9,8,player-2,player-2
453,5,18,0.05287490785121918,player-4,14,14,9,14,player-3,player-4
453,6,17,0.05641579627990723,player-4,14,21,9,17,player-4,player-4
453,7,17,0.04724995233118534,player-1,17,21,12,21,player-1,player-1
453,8,17,0.07391697727143764,player-2,24,23,15,24,player-2,player-2
453,9,17,0.0630419235676527,player-3,24,27,19,28,player-3,player-3
453,10,17,0.1117088831961155,player-4,32,31,27,32,player-4,player-4
453,11,17,0.05920790135860443,player-1,40,37,30,36,player-1,player-1
453,12,26,0.08229189552366734,none,41,42,36,45,player-2,none
453,13,20,0.06687501445412636,player-2,41,49,45,51,player-3,player-2
454,1,17,0.05016708746552467,player-4,3,4,3,7,player-4,player-4
454,2,17,0.055791810154914856,player-1,4,4,6,8,player-1,player-1
454,3,20,0.05695805884897709,player-1,7,5,6,11,player-2,player-1
454,4,30,0.08616689592599869,player-4,10,14,21,13,player-3,player-4
454,5,17,0.05145790055394173,player-4,11,17,24,19,player-4,player-4
454,6,19,0.07120892405509949,player-3,14,17,28,21,player-1,player-3
454,7,19,0.05095801316201687,player-4,17,21,30,28,player-2,player-4
454,8,19,0.06691692396998405,player-1,19,27,34,30,player-3,player-1
454,9,18,0.05670893006026745,player-1,30,28,36,32,player-4,player-1
454,10,17,0.06379210390150547,player-1,37,28,39,35,player-1,player-1
454,11,19,0.052042072638869286,player-4,39,30,44,36,player-2,player-4
454,12,17,0.04850002005696297,player-3,42,35,47,36,player-3,player-3
454,13,19,0.0463749747723341,player-2,45,46,48,40,player-4,player-2
454,14,17,0.05274987779557705,player-1,47,52,50,43,player-1,player-1
454,15,17,0.06399978883564472,player-2,50,57,50,45,player-2,player-2
455,1,17,0.06516603752970695,player-1,6,2,3,0,player-1,player-1
455,2,18,0.06308313459157944,player-3,9,6,11,6,player-2,player-3
455,3,17,0.07424992509186268,player-3,9,8,15,14,player-3,player-3
455,4,17,0.047958921641111374,player-4,13,13,17,18,player-4,player-4
455,5,18,0.05112518556416035,player-2,16,17,20,21,player-1,player-2
455,6,17,0.04716706462204456,player-2,17,24,22,22,player-2,player-2
455,7,20,0.06945780478417873,player-2,19,28,28,27,player-3,player-2
455,8,19,0.05708308890461922,player-2,19,31,30,32,player-4,player-2
455,9,23,0.07066712714731693,player-3,23,36,32,35,player-1,player-3
455,10,18,0.06312504410743713,player-3,31,44,38,40,player-2,player-3
455,11,18,0.059957848861813545,player-4,36,44,43,45,player-3,player-4
455,12,18,0.05237502045929432,player-1,39,50,46,50,player-4,player-1
456,1,19,0.05258317105472088,player-2,1,6,0,4,player-4,player-2
456,2,18,0.05866703577339649,player-2,3,11,1,8,player-1,player-2
456,3,19,0.04937499761581421,player-4,3,11,1,10,player-2,player-4
456,4,17,0.04737498238682747,player-3,3,11,8,14,player-3,player-3
456,5,17,0.059042125940322876,player-4,3,18,12,19,player-4,player-4
456,6,20,0.058542005717754364,player-4,9,20,13,26,player-1,player-4
456,7,21,0.05570915527641773,player-2,9,26,14,34,player-2,player-2
456,8,19,0.04829186946153641,none,10,28,18,34,player-3,none
456,9,20,0.06320793181657791,player-3,14,30,19,40,player-4,player-3
456,10,17,0.054999953135848045,player-1,22,32,26,41,player-1,player-1
456,11,18,0.0641250517219305,player-3,26,34,29,45,player-2,player-3
456,12,19,0.056958990171551704,player-1,34,36,33,49,player-3,player-1
456,13,18,0.04991702735424042,player-1,35,37,36,49,player-4,player-1
456,14,17,0.05337502807378769,player-1,39,45,38,52,player-1,player-1
456,15,22,0.06316695362329483,player-3,48,51,41,57,player-2,player-3
457,1,17,0.06400002166628838,player-4,0,4,7,7,player-4,player-4
457,2,17,0.05212496034801006,player-1,3,8,11,11,player-1,player-1
457,3,17,0.05270796827971935,player-2,6,11,14,12,player-2,player-2
457,4,18,0.05112495273351669,player-4,8,12,20,15,player-3,player-4
457,5,18,0.05341717042028904,player-1,11,12,24,19,player-4,player-1
457,6,20,0.069082947447896,player-4,13,15,31,24,player-1,player-4
457,7,18,0.04908395931124687,player-3,16,15,35,32,player-2,player-3
457,8,17,0.048084184527397156,player-3,24,21,42,34,player-3,player-3
457,9,20,0.0512909609824419,player-3,26,24,46,36,player-4,player-3
457,10,17,0.05629193037748337,player-1,32,27,47,41,player-1,player-1
457,11,18,0.04783296026289463,player-3,33,31,50,44,player-2,player-3
457,12,18,0.059791840612888336,player-4,38,33,51,50,player-3,player-4
457,13,17,0.059042125940322876,player-4,40,38,52,52,player-4,player-4
457,14,18,0.05262484773993492,player-2,43,42,60,62,player-1,player-2
458,1,19,0.051791081205010414,player-4,0,3,0,11,player-2,player-4
458,2,18,0.054208096116781235,player-4,0,6,3,15,player-3,player-4
458,3,18,0.05070795305073261,player-1,10,6,5,25,player-4,player-1
458,4,18,0.05491613410413265,player-2,12,12,7,28,player-1,player-2
458,5,19,0.05729100666940212,player-4,18,13,12,41,player-2,player-4
458,6,21,0.05829194560647011,player-3,25,16,18,47,player-3,player-3
458,7,18,0.05308305844664574,player-1,28,23,21,53,player-4,player-1
458,8,17,0.04383409395813942,player-1,31,24,23,54,player-1,player-1
458,9,19,0.056541990488767624,player-4,34,28,25,58,player-2,player-4
458,10,18,0.06174994632601738,player-4,37,31,28,63,player-3,player-4
458,11,17,0.03779190592467785,player-4,37,34,28,70,player-4,player-4
459,1,20,0.0652919989079237,player-2,1,2,7,3,player-3,player-2
459,2,18,0.039082951843738556,none,4,4,10,5,player-4,none
459,3,17,0.09929202497005463,player-1,6,10,12,16,player-1,player-1
459,4,18,0.06554205901920795,player-3,10,15,18,18,player-2,player-3
459,5,18,0.06958306767046452,player-4,14,23,21,25,player-3,player-4
459,6,18,0.039041973650455475,none,20,25,21,29,player-4,none
459,7,17,0.06604194641113281,player-1,25,26,23,33,player-1,player-1
459,8,18,0.06029196083545685,player-3,31,30,23,38,player-2,player-3
459,9,18,0.05437503568828106,player-4,36,34,23,48,player-3,player-4
459,10,17,0.05495804361999035,player-4,36,35,25,52,player-4,player-4
459,11,18,0.06887479685246944,player-2,39,40,30,60,player-1,player-2
460,1,17,0.04820898175239563,player-3,4,3,7,2,player-3,player-3
460,2,20,0.06512505933642387,player-3,4,17,13,8,player-4,player-3
460,3,18,0.057499855756759644,player-2,11,22,13,19,player-1,player-2
460,4,18,0.06229104474186897,player-3,13,22,16,30,player-2,player-3
460,5,20,0.06983289495110512,player-2,17,27,17,31,player-3,player-2
460,6,18,0.048083020374178886,player-1,19,30,17,33,player-4,player-1
460,7,17,0.045708147808909416,player-1,23,33,17,33,player-1,player-1
460,8,17,0.0603341031819582,player-2,25,37,17,33,player-2,player-2
460,9,18,0.05329214036464691,player-4,31,41,22,36,player-3,player-4
460,10,18,0.05433312617242336,player-1,37,47,28,37,player-4,player-1
460,11,18,0.04591699689626694,player-2,39,49,33,37,player-1,player-2
460,12,20,0.044082989916205406,player-1,49,51,34,38,player-2,player-1
460,13,19,0.05520903505384922,player-1,53,53,35,42,player-3,player-1
460,14,19,0.06783311255276203,player-2,58,55,37,44,player-4,player-2
460,15,17,0.052957795560359955,player-1,62,58,42,54,player-1,player-1
461,1,22,0.05512498319149017,player-1,3,2,3,3,player-4,player-1
461,2,17,0.06558303721249104,player-1,7,8,5,17,player-1,player-1
461,3,17,0.04829186946153641,player-2,9,14,6,17,player-2,player-2
461,4,18,0.05175010301172733,player-4,9,16,10,24,player-3,player-4
461,5,17,0.05762488581240177,player-4,13,19,15,29,player-4,player-4
461,6,18,0.04820898175239563,player-2,15,20,15,30,player-1,player-2
461,7,17,0.047416891902685165,player-2,18,25,23,32,player-2,player-2
461,8,19,0.07687509059906006,player-1,34,27,29,41,player-3,player-1
461,9,19,0.05691591650247574,player-2,41,31,33,45,player-4,player-2
461,10,17,0.06462517194449902,player-1,51,37,37,48,player-1,player-1
461,11,17,0.07766694761812687,player-2,51,47,42,54,player-2,player-2
462,1,17,0.05945796146988869,player-4,5,3,4,11,player-4,player-4
462,2,17,0.049208058044314384,player-1,8,5,6,18,player-1,player-1
462,3,18,0.06916699931025505,player-3,8,12,10,23,player-2,player-3
462,4,18,0.05233404226601124,player-4,12,12,11,29,player-3,player-4
462,5,17,0.04854192957282066,player-4,16,14,15,34,player-4,player-4
462,6,20,0.060625141486525536,player-4,16,15,18,44,player-1,player-4
462,7,19,0.05037500523030758,player-4,16,21,21,48,player-2,player-4
462,8,17,0.06074993871152401,player-3,23,21,28,48,player-3,player-3
462,9,19,0.07045804522931576,player-2,23,25,31,49,player-4,player-2
462,10,19,0.05958392284810543,player-3,25,31,34,54,player-1,player-3
462,11,18,0.055459095165133476,player-3,25,31,39,61,player-2,player-3
462,12,17,0.05508307367563248,player-3,30,32,46,67,player-3,player-3
462,13,17,0.054582953453063965,player-4,30,36,47,73,player-4,player-4
463,1,18,0.06924988701939583,player-3,2,7,8,5,player-2,player-3
463,2,18,0.06120791658759117,player-4,2,10,11,12,player-3,player-4
463,3,17,0.0485831405967474,player-4,2,11,12,18,player-4,player-4
463,4,17,0.04850002005696297,player-1,7,13,16,21,player-1,player-1
463,5,17,0.06087496876716614,player-2,14,17,18,30,player-2,player-2
463,6,17,0.04929210990667343,player-3,16,21,27,30,player-3,player-3
463,7,17,0.06483308970928192,player-4,17,28,31,35,player-4,player-4
463,8,22,0.0688331201672554,player-2,23,34,31,38,player-1,player-2
463,9,17,0.05383300594985485,player-2,24,37,33,41,player-2,player-2
463,10,17,0.058042118325829506,player-3,30,40,42,41,player-3,player-3
463,11,17,0.04624994471669197,player-4,32,40,44,44,player-4,player-4
463,12,19,0.0505838543176651,player-3,39,41,46,44,player-1,player-3
463,13,17,0.041791005060076714,player-2,40,46,49,50,player-2,player-2
463,14,18,0.060125021263957024,player-4,41,48,49,54,player-3,player-4
464,1,18,0.05887518636882305,player-3,3,5,2,5,player-2,player-3
464,2,22,0.09112502448260784,player-4,14,8,5,12,player-3,player-4
464,3,17,0.05312496796250343,player-4,16,10,8,18,player-4,player-4
464,4,17,0.049582915380597115,player-1,23,14,11,20,player-1,player-1
464,5,18,0.053999945521354675,player-3,30,15,14,24,player-2,player-3
464,6,25,0.0666668638586998,player-3,35,18,24,32,player-3,player-3
464,7,19,0.049416208639740944,player-2,41,22,25,36,player-4,player-2
464,8,17,0.059999991208314896,player-1,43,28,32,46,player-1,player-1
464,9,17,0.05537504330277443,player-2,43,34,39,55,player-2,player-2
464,10,20,0.07154210470616817,player-2,45,37,44,58,player-3,player-2
464,11,18,0.1107498537749052,player-1,51,41,49,61,player-4,player-1
465,1,18,0.07229181937873363,player-2,2,6,0,2,player-1,player-2
465,2,17,0.05024997517466545,player-2,4,11,3,2,player-2,player-2
465,3,19,0.05537504330277443,player-1,9,13,9,8,player-3,player-1
465,4,19,0.06395787931978703,player-2,13,15,10,9,player-4,player-2
465,5,17,0.05475012585520744,player-1,15,20,12,17,player-1,player-1
465,6,19,0.08387491106987,player-4,23,22,22,19,player-2,player-4
465,7,23,0.07583294063806534,player-1,26,26,22,25,player-3,player-1
465,8,19,0.06579211913049221,player-2,27,34,26,27,player-4,player-2
465,9,19,0.06345799192786217,player-3,29,37,32,29,player-1,player-3
465,10,19,0.06637489423155785,player-4,32,46,36,39,player-2,player-4
465,11,19,0.05529099144041538,player-1,34,48,41,43,player-3,player-1
465,12,17,0.042833155021071434,player-4,35,50,43,46,player-4,player-4
465,13,20,0.08066697046160698,player-4,40,54,45,53,player-1,player-4
466,1,20,0.06720796227455139,player-4,0,0,6,1,player-1,player-4
466,2,20,0.0599580816924572,player-1,5,2,8,3,player-2,player-1
466,3,17,0.053167110309004784,player-3,6,8,12,6,player-3,player-3
466,4,20,0.05666585639119148,player-3,8,12,15,10,player-4,player-3
466,5,26,0.06424984894692898,player-2,12,22,16,13,player-1,player-2
466,6,17,0.0438750721514225,player-2,13,23,18,14,player-2,player-2
466,7,17,0.050042057409882545,player-3,13,29,20,14,player-3,player-3
466,8,17,0.0738748349249363,player-4,18,36,22,20,player-4,player-4
466,9,17,0.05470798350870609,player-1,21,36,22,20,player-1,player-1
466,10,18,0.06916699931025505,player-3,21,40,27,23,player-2,player-3
466,11,17,0.06225006654858589,player-3,26,40,33,24,player-3,player-3
466,12,18,0.07558311335742474,player-1,37,51,38,31,player-4,player-1
466,13,17,0.05616690032184124,player-1,47,60,49,34,player-1,player-1
466,14,20,0.05333288572728634,player-1,53,64,57,35,player-2,player-1
467,1,17,0.05066581070423126,player-1,2,4,1,2,player-1,player-1
467,2,18,0.04512490704655647,player-3,4,8,5,5,player-2,player-3
467,3,17,0.05170819349586964,player-3,4,10,11,5,player-3,player-3
467,4,17,0.0647080596536398,player-4,4,13,14,14,player-4,player-4
467,5,17,0.06649992428719997,player-1,11,16,16,14,player-1,player-1
467,6,17,0.06091711111366749,player-2,17,21,18,19,player-2,player-2
467,7,20,0.061625149101018906,player-2,19,23,23,21,player-3,player-2
467,8,24,0.05050003528594971,none,22,25,28,24,player-4,none
467,9,18,0.050582922995090485,player-2,25,26,33,30,player-1,player-2
467,10,17,0.054416945204138756,player-2,30,29,38,33,player-2,player-2
467,11,26,0.06062490865588188,player-4,34,34,39,44,player-3,player-4
467,12,21,0.061542028561234474,player-4,34,35,44,48,player-4,player-4
467,13,17,0.04720780998468399,player-1,35,35,45,53,player-1,player-1
467,14,20,0.0502921175211668,player-1,44,36,45,53,player-2,player-1
467,15,17,0.05470798350870609,player-3,45,43,50,55,player-3,player-3
467,16,19,0.04833308048546314,player-2,49,44,50,56,player-4,player-2
468,1,17,0.08474988862872124,player-3,0,1,5,0,player-3,player-3
468,2,17,0.08762511424720287,player-4,0,5,6,6,player-4,player-4
468,3,17,0.06354204379022121,player-1,4,5,12,8,player-1,player-1
468,4,22,0.06770784966647625,none,6,9,15,8,player-2,none
468,5,22,0.0527920201420784,player-4,9,10,20,13,player-3,player-4
468,6,17,0.05079200491309166,player-4,9,13,25,16,player-4,player-4
468,7,17,0.055999960750341415,player-1,17,15,27,18,player-1,player-1
468,8,25,0.07099984213709831,player-2,17,20,30,19,player-2,player-2
468,9,17,0.05508400499820709,player-3,31,26,31,24,player-3,player-3
468,10,22,0.05862489342689514,player-1,33,28,34,28,player-4,player-1
468,11,22,0.06237509660422802,player-2,36,34,36,34,player-1,player-2
468,12,19,0.05395803600549698,player-4,40,34,42,45,player-2,player-4
468,13,17,0.052416929975152016,player-3,42,42,51,47,player-3,player-3
468,14,18,0.06849993951618671,player-1,49,44,55,49,player-4,player-1
469,1,27,0.04991702735424042,none,1,0,2,3,player-1,none
469,2,17,0.03629201091825962,none,1,4,3,3,player-2,none
469,3,18,0.05350005812942982,player-4,3,8,7,11,player-3,player-4
469,4,17,0.05845888517796993,player-4,10,8,11,14,player-4,player-4
469,5,17,0.05583302117884159,player-1,17,14,15,15,player-1,player-1
469,6,17,0.04783296026289463,player-2,22,16,19,18,player-2,player-2
469,7,17,0.06341701373457909,player-3,23,17,22,21,player-3,player-3
469,8,19,0.05550007335841656,player-2,31,28,24,25,player-4,player-2
469,9,22,0.06008404307067394,player-2,38,36,32,28,player-1,player-2
469,10,17,0.04875008016824722,player-2,41,37,38,29,player-2,player-2
469,11,23,0.05929078906774521,player-1,48,39,39,32,player-3,player-1
469,12,19,0.06570783443748951,player-2,50,44,39,36,player-4,player-2
469,13,19,0.05829101428389549,player-3,54,46,39,40,player-1,player-3
469,14,17,0.06554089486598969,player-2,61,54,40,44,player-2,player-2
470,1,20,0.07333280518651009,player-3,0,4,2,6,player-4,player-3
470,2,17,0.05308305844664574,player-1,3,6,3,10,player-1,player-1
470,3,18,0.04958314821124077,player-3,4,9,5,16,player-2,player-3
470,4,19,0.060165999457240105,player-1,12,13,6,18,player-3,player-1
470,5,19,0.05833292379975319,player-2,17,21,7,22,player-4,player-2
470,6,17,0.05308398976922035,player-1,19,21,7,26,player-1,player-1
470,7,18,0.06674998439848423,player-3,25,23,10,28,player-2,player-3
470,8,17,0.05787494592368603,player-3,30,27,21,30,player-3,player-3
470,9,19,0.06370805203914642,player-2,33,33,21,34,player-4,player-2
470,10,17,0.05795806646347046,player-1,37,35,25,35,player-1,player-1
470,11,17,0.04700012505054474,player-2,40,42,27,36,player-2,player-2
470,12,18,0.048832967877388,player-4,40,42,28,44,player-3,player-4
470,13,17,0.05191611126065254,player-4,42,42,36,47,player-4,player-4
470,14,17,0.0439169816672802,player-1,46,43,38,47,player-1,player-1
470,15,19,0.05174987018108368,player-4,46,44,41,58,player-2,player-4
471,1,20,0.06945803761482239,player-3,5,0,4,2,player-4,player-3
471,2,17,0.061584170907735825,player-1,7,0,6,11,player-1,player-1
471,3,18,0.04970910958945751,player-3,11,5,9,11,player-2,player-3
471,4,17,0.047083012759685516,player-3,13,7,13,12,player-3,player-3
471,5,19,0.07470790296792984,player-2,21,12,16,19,player-4,player-2
471,6,27,0.07979199290275574,none,25,14,19,20,player-1,none
471,7,20,0.07362500764429569,player-1,31,18,22,26,player-2,player-1
471,8,18,0.05337502807378769,player-4,32,19,28,29,player-3,player-4
471,9,17,0.050582922995090485,player-4,33,24,28,39,player-4,player-4
471,10,22,0.06479187868535519,player-2,35,24,36,44,player-1,player-2
471,11,18,0.06533320993185043,player-3,38,31,37,47,player-2,player-3
471,12,18,0.05312496796250343,player-4,38,35,38,52,player-3,player-4
471,13,17,0.058833975344896317,player-4,40,38,44,56,player-4,player-4
471,14,18,0.04508392885327339,player-2,42,40,44,58,player-1,player-2
471,15,18,0.04416704177856445,player-3,47,43,48,58,player-2,player-3
472,1,17,0.04712492227554321,player-1,6,1,2,0,player-1,player-1
472,2,19,0.055541982874274254,player-4,7,2,2,6,player-2,player-4
472,3,20,0.059125013649463654,player-2,11,14,3,11,player-3,player-2
472,4,18,0.05050003528594971,player-1,16,14,4,15,player-4,player-1
472,5,17,0.046416185796260834,player-1,23,17,4,16,player-1,player-1
472,6,19,0.04724995233118534,player-4,23,21,4,19,player-2,player-4
472,7,19,0.05287514068186283,player-1,25,22,5,22,player-3,player-1
472,8,17,0.061374856159090996,player-4,26,26,7,25,player-4,player-4
472,9,25,0.05825003609061241,player-1,35,26,10,28,player-1,player-1
472,10,17,0.05904096178710461,player-2,37,34,16,29,player-2,player-2
472,11,17,0.05345791578292847,player-3,38,34,24,29,player-3,player-3
472,12,17,0.04975008778274059,player-4,39,38,25,33,player-4,player-4
472,13,17,0.05866703577339649,player-1,45,40,29,35,player-1,player-1
472,14,18,0.04654214717447758,player-3,46,43,32,39,player-2,player-3
472,15,19,0.05595805123448372,player-1,58,48,34,48,player-3,player-1
472,16,17,0.05708378739655018,player-4,65,54,36,52,player-4,player-4
473,1,17,0.04720897413790226,player-3,0,1,4,2,player-3,player-3
473,2,17,0.058999983593821526,player-4,5,4,4,7,player-4,player-4
473,3,17,0.061416998505592346,player-1,7,13,8,18,player-1,player-1
473,4,17,0.05091703496873379,player-2,10,18,9,20,player-2,player-2
473,5,18,0.05237502045929432,player-4,12,22,16,23,player-3,player-4
473,6,19,0.0605839304625988,player-2,12,29,17,31,player-4,player-2
473,7,19,0.057416968047618866,player-3,18,29,17,36,player-1,player-3
473,8,19,0.05970802158117294,player-4,22,33,17,37,player-2,player-4
473,9,17,0.053999945521354675,player-3,24,35,22,41,player-3,player-3
473,10,18,0.07233303040266037,player-1,29,36,26,43,player-4,player-1
473,11,17,0.05162484012544155,player-1,29,45,26,43,player-1,player-1
473,12,19,0.05187490023672581,player-4,37,45,27,46,player-2,player-4
473,13,18,0.06441585719585419,player-4,41,49,30,51,player-3,player-4
474,1,22,0.06966618821024895,player-1,4,0,0,4,player-4,player-1
474,2,17,0.05937507376074791,player-1,14,1,0,6,player-1,player-1
474,3,17,0.04295795224606991,player-2,14,4,0,9,player-2,player-2
474,4,26,0.07254211232066154,player-4,17,19,3,25,player-3,player-4
474,5,18,0.051916809752583504,player-1,22,21,7,25,player-4,player-1
474,6,24,0.06562494672834873,player-4,25,21,7,38,player-1,player-4
474,7,18,0.05445792339742184,player-3,26,24,9,41,player-2,player-3
474,8,22,0.05762488581240177,player-4,26,29,14,42,player-3,player-4
474,9,17,0.04766695201396942,player-4,26,31,15,48,player-4,player-4
474,10,17,0.05483301356434822,player-1,32,32,15,48,player-1,player-1
474,11,17,0.06595812737941742,player-2,32,38,16,48,player-2,player-2
474,12,20,0.06037508137524128,player-2,33,42,17,51,player-3,player-2
474,13,18,0.0817091204226017,player-1,37,50,19,51,player-4,player-1
475,1,19,0.09262491948902607,player-4,3,3,11,3,player-2,player-4
475,2,18,0.05249981768429279,player-4,5,3,11,6,player-3,player-4
475,3,22,0.0677499920129776,player-1,10,6,11,10,player-4,player-1
475,4,17,0.04937499761581421,player-1,17,9,12,12,player-1,player-1
475,5,18,0.059167155995965004,player-3,19,15,20,18,player-2,player-3
475,6,17,0.05224999040365219,player-3,21,20,22,22,player-3,player-3
475,7,17,0.06479211151599884,player-4,21,23,25,27,player-4,player-4
475,8,17,0.05604187026619911,player-1,25,25,31,29,player-1,player-1
475,9,17,0.052541960030794144,player-2,26,31,36,30,player-2,player-2
475,10,17,0.06133411079645157,player-3,30,37,40,32,player-3,player-3
475,11,17,0.047208042815327644,player-4,35,39,40,41,player-4,player-4
475,12,19,0.04824995994567871,player-3,35,39,41,43,player-1,player-3
475,13,26,0.05437503568828106,none,36,39,41,48,player-2,none
475,14,18,0.05124998278915882,player-4,36,42,46,51,player-3,player-4
475,15,25,0.08320785127580166,player-4,36,43,58,65,player-4,player-4
476,1,20,0.05037500523030758,player-3,1,2,7,3,player-4,player-3
476,2,17,0.04091719165444374,player-1,6,6,7,4,player-1,player-1
476,3,18,0.06687501445412636,player-3,12,10,9,7,player-2,player-3
476,4,17,0.06204191595315933,player-3,15,18,12,7,player-3,player-3
476,5,18,0.06616581231355667,player-1,18,20,15,10,player-4,player-1
476,6,18,0.06308290176093578,player-2,22,30,19,12,player-1,player-2
476,7,17,0.05816691555082798,player-2,26,36,24,14,player-2,player-2
476,8,17,0.04854192957282066,player-3,26,37,31,16,player-3,player-3
476,9,32,0.06862496957182884,none,29,37,34,17,player-4,none
476,10,17,0.06791600026190281,player-1,31,41,39,22,player-1,player-1
476,11,17,0.0416669063270092,player-2,34,49,40,23,player-2,player-2
476,12,30,0.06383401341736317,none,34,49,44,26,player-3,none
476,13,18,0.0488748773932457,player-1,34,54,44,32,player-4,player-1
476,14,18,0.04737498238682747,player-2,38,62,44,36,player-1,player-2
476,15,19,0.06900005973875523,player-4,40,71,52,48,player-2,player-4
477,1,17,0.04437495954334736,player-3,0,3,7,2,player-3,player-3
477,2,18,0.06683380343019962,player-1,3,4,8,6,player-4,player-1
477,3,21,0.05129212513566017,none,4,6,11,6,player-1,none
477,4,19,0.058999983593821526,player-4,4,8,14,12,player-2,player-4
477,5,17,0.0627920962870121,player-3,6,12,16,13,player-3,player-3
477,6,18,0.060042133554816246,player-1,16,17,25,14,player-4,player-1
477,7,18,0.06499979645013809,player-2,20,26,28,23,player-1,player-2
477,8,18,0.05687493830919266,player-3,25,27,29,23,player-2,player-3
477,9,18,0.05925004370510578,player-4,29,32,31,28,player-3,player-4
477,10,19,0.08283299393951893,player-2,32,44,36,28,player-4,player-2
477,11,23,0.08087488822638988,player-3,36,46,41,37,player-1,player-3
477,12,18,0.08258409798145294,player-3,40,52,44,41,player-2,player-3
477,13,19,0.05766586400568485,player-1,48,54,47,45,player-3,player-1
477,14,17,0.06462493911385536,player-4,50,58,52,46,player-4,player-4
478,1,17,0.06287498399615288,player-2,3,6,4,7,player-2,player-2
478,2,23,0.06945780478417873,player-1,14,12,12,11,player-3,player-1
478,3,26,0.06658397614955902,player-1,19,14,13,11,player-4,player-1
478,4,17,0.052665825933218,player-1,22,16,18,12,player-1,player-1
478,5,17,0.04687509499490261,player-2,22,23,20,16,player-2,player-2
478,6,17,0.05349982529878616,player-3,25,25,21,18,player-3,player-3
478,7,22,0.05833315663039684,player-1,27,25,21,19,player-4,player-1
478,8,19,0.04541594535112381,player-3,32,25,24,22,player-1,player-3
478,9,19,0.04720897413790226,player-4,32,26,28,27,player-2,player-4
478,10,17,0.06225006654858589,player-3,35,31,32,29,player-3,player-3
478,11,17,0.06833299994468689,player-4,39,34,40,34,player-4,player-4
478,12,17,0.06316695362329483,player-1,51,36,44,37,player-1,player-1
478,13,17,0.060125021263957024,player-2,54,42,44,38,player-2,player-2
478,14,19,0.05208281800150871,player-1,57,44,49,39,player-3,player-1
479,1,18,0.04616705700755119,player-1,4,3,4,4,player-4,player-1
479,2,17,0.06120791658759117,player-1,9,6,7,8,player-1,player-1
479,3,18,0.06870878860354424,player-3,9,11,7,9,player-2,player-3
479,4,17,0.04575005732476711,player-3,13,11,18,9,player-3,player-3
479,5,18,0.043999869376420975,player-1,17,11,20,11,player-4,player-1
479,6,23,0.05537504330277443,player-3,19,15,22,11,player-1,player-3
479,7,17,0.07191603071987629,player-2,23,20,23,15,player-2,player-2
479,8,18,0.058499863371253014,player-4,24,23,25,21,player-3,player-4
479,9,18,0.10216701775789261,player-1,33,23,26,27,player-4,player-1
479,10,17,0.04629092290997505,player-1,35,23,30,28,player-1,player-1
479,11,18,0.06550014950335026,player-3,37,29,31,37,player-2,player-3
479,12,17,0.06066705100238323,player-3,40,34,36,37,player-3,player-3
479,13,17,0.05758320912718773,player-4,40,42,42,45,player-4,player-4
479,14,20,0.07720896974205971,player-4,46,44,45,47,player-1,player-4
479,15,17,0.05787494592368603,player-2,49,45,48,47,player-2,player-2
479,16,17,0.06637489423155785,player-3,54,50,51,51,player-3,player-3
480,1,17,0.049208058044314384,player-2,2,7,2,0,player-2,player-2
480,2,18,0.0711251050233841,player-4,6,10,6,1,player-3,player-4
480,3,17,0.05683302879333496,player-4,9,12,13,10,player-4,player-4
480,4,17,0.0416669063270092,player-1,12,14,13,13,player-1,player-1
480,5,18,0.06579211913049221,player-3,16,22,18,23,player-2,player-3
480,6,17,0.0719169620424509,player-3,18,23,22,24,player-3,player-3
480,7,24,0.07100007496774197,player-3,22,28,26,35,player-4,player-3
480,8,17,0.060499878600239754,player-1,26,39,26,40,player-1,player-1
480,9,17,0.04187505692243576,player-2,32,39,28,40,player-2,player-2
480,10,17,0.05337502807378769,player-3,35,41,30,40,player-3,player-3
480,11,18,0.04437495954334736,player-1,36,41,30,41,player-4,player-1
480,12,18,0.05345814861357212,player-2,40,46,40,44,player-1,player-2
480,13,18,0.05983305163681507,player-3,41,47,47,44,player-2,player-3
480,14,27,0.06895815022289753,player-1,43,54,50,44,player-3,player-1
480,15,17,0.06008287891745567,player-4,45,59,50,47,player-4,player-4
481,1,19,0.05612499080598354,player-1,2,2,2,0,player-3,player-1
481,2,17,0.056666089221835136,player-4,6,5,2,5,player-4,player-4
481,3,19,0.061540864408016205,player-3,11,9,14,7,player-1,player-3
481,4,20,0.05541602149605751,player-1,14,10,15,11,player-2,player-1
481,5,17,0.04816614091396332,player-3,17,13,20,12,player-3,player-3
481,6,17,0.04587485454976559,player-4,20,16,21,23,player-4,player-4
481,7,18,0.052999937906861305,player-2,27,16,24,25,player-1,player-2
481,8,19,0.09212503209710121,player-4,30,20,36,27,player-2,player-4
481,9,17,0.04700012505054474,player-3,34,22,45,27,player-3,player-3
481,10,21,0.05204114131629467,player-4,36,26,48,32,player-4,player-4
481,11,18,0.04937499761581421,player-2,38,34,50,33,player-1,player-2
481,12,20,0.051666051149368286,player-1,40,37,53,34,player-2,player-1
481,13,18,0.0554998405277729,player-4,40,39,57,39,player-3,player-4
481,14,17,0.062000006437301636,player-4,43,46,60,43,player-4,player-4
482,1,18,0.051582930609583855,player-3,5,3,4,0,player-2,player-3
482,2,18,0.053999945521354675,player-4,8,4,4,2,player-3,player-4
482,3,17,0.05929195322096348,player-4,11,6,4,6,player-4,player-4
482,4,17,0.045042019337415695,player-1,17,8,4,9,player-1,player-1
482,5,17,0.06841588765382767,player-2,22,11,8,10,player-2,player-2
482,6,17,0.039207981899380684,player-3,23,15,9,10,player-3,player-3
482,7,17,0.04912493750452995,player-4,24,15,12,13,player-4,player-4
482,8,24,0.07375003769993782,player-4,29,21,15,17,player-1,player-4
482,9,18,0.05091703496873379,player-3,33,24,17,17,player-2,player-3
482,10,18,0.049625057727098465,player-4,37,25,27,19,player-3,player-4
482,11,19,0.060582999140024185,player-2,41,32,28,23,player-4,player-2
482,12,18,0.05029188469052315,player-2,43,39,34,26,player-1,player-2
482,13,17,0.05908310413360596,player-2,47,44,37,27,player-2,player-2
482,14,17,0.05629193037748337,player-3,47,47,45,29,player-3,player-3
482,15,17,0.04912493750452995,player-4,49,48,49,36,player-4,player-4
482,16,17,0.041833147406578064,player-1,53,51,50,37,player-1,player-1
483,1,17,0.05233311094343662,player-4,3,2,0,7,player-4,player-4
483,2,20,0.04850002005696297,player-4,4,4,2,9,player-1,player-4
483,3,22,0.06066705100238323,player-3,6,10,3,9,player-2,player-3
483,4,17,0.04733307287096977,player-3,6,10,11,12,player-3,player-3
483,5,17,0.08808402344584465,player-4,16,17,18,19,player-4,player-4
483,6,17,0.050042057409882545,player-1,23,20,24,22,player-1,player-1
483,7,17,0.05145790055394173,player-2,27,24,24,22,player-2,player-2
483,8,19,0.06762496195733547,player-1,33,27,28,26,player-3,player-1
483,9,17,0.05537504330277443,player-4,37,29,31,29,player-4,player-4
483,10,17,0.055999960750341415,player-1,38,32,31,29,player-1,player-1
483,11,17,0.05008396692574024,player-2,38,38,35,29,player-2,player-2
483,12,18,0.06500002928078175,player-4,40,44,37,37,player-3,player-4
483,13,17,0.06412481889128685,player-4,42,50,46,42,player-4,player-4
483,14,26,0.05891709588468075,none,45,56,46,44,player-1,none
484,1,22,0.0654999166727066,player-1,4,0,4,6,player-4,player-1
484,2,17,0.062417006120085716,player-1,6,2,4,7,player-1,player-1
484,3,18,0.051582930609583855,player-3,7,7,10,9,player-2,player-3
484,4,18,0.08233310654759407,player-4,11,11,15,12,player-3,player-4
484,5,18,0.05766702815890312,player-1,20,19,15,18,player-4,player-1
484,6,18,0.05308305844664574,player-2,22,26,16,21,player-1,player-2
484,7,20,0.06091594696044922,player-1,29,26,21,22,player-2,player-1
484,8,17,0.05333311855792999,player-3,30,26,27,28,player-3,player-3
484,9,17,0.06920797750353813,player-4,38,30,31,41,player-4,player-4
484,10,17,0.07895799353718758,player-1,39,31,38,43,player-1,player-1
484,11,17,0.09366706945002079,player-2,46,36,42,49,player-2,player-2
484,12,17,0.06204098463058472,player-3,46,38,48,51,player-3,player-3
484,13,19,0.07650000043213367,player-2,49,48,51,62,player-4,player-2
485,1,21,0.07195910438895226,player-1,1,3,3,3,player-1,player-1
485,2,17,0.06566685624420643,player-2,9,10,8,6,player-2,player-2
485,3,17,0.04737498238682747,player-3,12,13,14,6,player-3,player-3
485,4,17,0.07337518036365509,player-4,13,17,16,15,player-4,player-4
485,5,17,0.04474981687963009,player-1,17,18,23,18,player-1,player-1
485,6,18,0.05308398976922035,player-3,21,20,25,22,player-2,player-3
485,7,19,0.05408399738371372,player-1,26,26,28,22,player-3,player-1
485,8,17,0.055833952501416206,player-4,32,32,31,29,player-4,player-4
485,9,27,0.06245821714401245,player-3,35,33,36,29,player-1,player-3
485,10,18,0.04949979484081268,player-3,36,34,44,29,player-2,player-3
485,11,23,0.06670784205198288,player-1,41,39,50,32,player-3,player-1
485,12,17,0.08079200051724911,player-4,45,39,53,37,player-4,player-4
485,13,18,0.05929195322096348,player-2,50,40,57,37,player-1,player-2
486,1,19,0.0577080063521862,player-1,5,3,2,5,player-3,player-1
486,2,17,0.04950002767145634,player-4,10,6,8,9,player-4,player-4
486,3,18,0.047250185161828995,player-2,14,11,12,11,player-1,player-2
486,4,17,0.047791050747036934,player-2,20,16,14,13,player-2,player-2
486,5,21,0.060542020946741104,player-3,23,25,18,18,player-3,player-3
486,6,18,0.04429207183420658,player-1,28,25,20,20,player-4,player-1
486,7,19,0.05016685463488102,player-3,28,29,26,21,player-1,player-3
486,8,17,0.05879206582903862,player-2,31,36,27,22,player-2,player-2
486,9,25,0.06258301436901093,player-3,32,38,30,23,player-3,player-3
486,10,18,0.04900014027953148,player-1,36,39,35,24,player-4,player-1
486,11,18,0.05208305083215237,player-2,39,41,38,30,player-1,player-2
486,12,19,0.06429199129343033,player-4,43,46,48,31,player-2,player-4
486,13,17,0.06045890040695667,player-3,47,50,54,31,player-3,player-3
487,1,17,0.0752920750528574,player-4,5,2,2,2,player-4,player-4
487,2,17,0.06629107519984245,player-1,11,7,6,8,player-1,player-1
487,3,18,0.053541967645287514,player-3,13,12,8,10,player-2,player-3
487,4,19,0.0588749535381794,player-1,15,15,16,10,player-3,player-1
487,5,19,0.06370805203914642,player-2,17,23,18,13,player-4,player-2
487,6,19,0.10441592894494534,player-3,19,35,23,20,player-1,player-3
487,7,18,0.055208103731274605,player-3,19,37,27,28,player-2,player-3
487,8,19,0.06716698408126831,player-1,30,43,35,31,player-3,player-1
487,9,20,0.08454103954136372,player-3,30,48,40,34,player-4,player-3
487,10,18,0.05566701292991638,player-2,32,49,44,34,player-1,player-2
487,11,17,0.04950002767145634,player-2,33,54,46,36,player-2,player-2
487,12,19,0.06145890802145004,player-1,36,63,46,43,player-3,player-1
488,1,17,0.06179208867251873,player-1,7,6,6,2,player-1,player-1
488,2,17,0.05183299072086811,player-2,10,11,6,3,player-2,player-2
488,3,23,0.06495905108749866,none,10,14,7,4,player-3,none
488,4,23,0.0590828713029623,player-2,13,14,13,7,player-4,player-2
488,5,17,0.04154094494879246,player-1,21,14,13,8,player-1,player-1
488,6,17,0.05020899698138237,player-2,26,19,14,14,player-2,player-2
488,7,21,0.06683287210762501,player-3,26,20,20,16,player-3,player-3
488,8,22,0.0594588927924633,player-1,28,24,21,20,player-4,player-1
488,9,18,0.04837499000132084,player-2,32,30,23,22,player-1,player-2
488,10,19,0.08612498641014099,player-4,33,35,29,26,player-2,player-4
488,11,17,0.04512490704655647,player-3,33,43,33,29,player-3,player-3
488,12,17,0.0552500132471323,player-4,35,43,36,39,player-4,player-4
488,13,21,0.0605839304625988,player-1,38,44,36,41,player-1,player-1
488,14,21,0.06637489423155785,player-2,39,44,41,43,player-2,player-2
488,15,19,0.057499855756759644,player-1,39,49,45,45,player-3,player-1
488,16,17,0.06854184903204441,player-4,41,52,51,47,player-4,player-4
488,17,25,0.0688331201672554,none,42,55,51,47,player-1,none
489,1,19,0.06320793181657791,player-1,8,1,7,3,player-3,player-1
489,2,17,0.06979191675782204,player-4,8,6,13,11,player-4,player-4
489,3,25,0.05962490104138851,player-1,13,7,13,15,player-1,player-1
489,4,20,0.05650008097290993,player-1,14,11,13,17,player-2,player-1
489,5,17,0.04687486216425896,player-3,19,14,17,23,player-3,player-3
489,6,18,0.05308398976922035,player-1,24,19,17,26,player-4,player-1
489,7,17,0.052291201427578926,player-1,26,20,18,29,player-1,player-1
489,8,19,0.06129196844995022,player-4,26,24,22,31,player-2,player-4
489,9,17,0.0477079302072525,player-3,28,25,24,34,player-3,player-3
489,10,17,0.053042080253362656,player-4,33,28,24,36,player-4,player-4
489,11,20,0.06095808930695057,player-4,35,32,25,41,player-1,player-4
489,12,20,0.07708300836384296,player-1,38,41,27,50,player-2,player-1
489,13,26,0.05829101428389549,player-4,38,44,32,54,player-3,player-4
489,14,17,0.07962505333125591,player-4,41,47,38,62,player-4,player-4
490,1,17,0.04850002005696297,player-3,2,2,4,5,player-3,player-3
490,2,18,0.04624994471669197,player-1,3,5,6,10,player-4,player-1
490,3,18,0.05733314901590347,player-2,7,6,7,11,player-1,player-2
490,4,17,0.05583302117884159,player-2,10,13,10,12,player-2,player-2
490,5,18,0.05495804361999035,player-4,12,15,11,15,player-3,player-4
490,6,17,0.05645793862640858,player-4,15,15,16,23,player-4,player-4
490,7,21,0.05987519398331642,player-1,26,15,20,23,player-1,player-1
490,8,21,0.05079200491309166,player-2,26,29,24,28,player-2,player-2
490,9,18,0.06583309732377529,player-4,30,33,29,33,player-3,player-4
490,10,17,0.05908380262553692,player-4,33,39,33,40,player-4,player-4
490,11,17,0.04791701212525368,player-1,39,42,35,44,player-1,player-1
490,12,18,0.03870902583003044,none,39,43,37,47,player-2,none
490,13,17,0.0527920201420784,player-3,43,48,45,56,player-3,player-3
491,1,17,0.06183306686580181,player-1,3,1,2,4,player-1,player-1
491,2,20,0.05716620944440365,player-1,4,1,5,9,player-2,player-1
491,3,19,0.061166007071733475,player-1,7,7,12,9,player-3,player-1
491,4,17,0.046250177547335625,player-4,10,10,12,13,player-4,player-4
491,5,17,0.051958952099084854,player-1,15,19,12,21,player-1,player-1
491,6,17,0.053541967645287514,player-2,16,27,13,24,player-2,player-2
491,7,17,0.05024997517466545,player-3,23,30,21,29,player-3,player-3
491,8,19,0.046083005145192146,player-2,25,33,25,30,player-4,player-2
491,9,24,0.06083305925130844,player-4,33,36,34,36,player-1,player-4
491,10,19,0.06495905108749866,player-4,33,38,38,38,player-2,player-4
491,11,19,0.06129196844995022,player-1,33,46,40,46,player-3,player-1
491,12,18,0.051666051149368286,player-1,39,47,45,47,player-4,player-1
491,13,18,0.052040908485651016,player-2,40,49,46,50,player-1,player-2
491,14,17,0.05087512545287609,player-2,41,50,50,52,player-2,player-2
492,1,22,0.0577080063521862,player-2,3,12,11,7,player-1,player-2
492,2,24,0.056541990488767624,player-1,9,16,11,8,player-2,player-1
492,3,18,0.049999915063381195,player-4,10,19,11,12,player-3,player-4
492,4,19,0.05745887756347656,player-2,11,24,14,14,player-4,player-2
492,5,17,0.048416899517178535,player-1,24,24,20,15,player-1,player-1
492,6,21,0.06454088725149632,player-2,28,29,24,16,player-2,player-2
492,7,22,0.07008318789303303,player-4,28,31,29,22,player-3,player-4
492,8,19,0.09091710671782494,player-2,34,35,39,23,player-4,player-2
492,9,17,0.05329214036464691,player-1,38,37,39,26,player-1,player-1
492,10,18,0.05437503568828106,player-3,38,41,47,26,player-2,player-3
492,11,17,0.052625080570578575,player-3,39,45,52,28,player-3,player-3
492,12,17,0.07925019599497318,player-4,40,50,60,34,player-4,player-4
493,1,17,0.055208103731274605,player-3,2,6,2,4,player-3,player-3
493,2,17,0.051167095080018044,player-4,3,13,6,11,player-4,player-4
493,3,17,0.045042019337415695,player-1,8,18,12,11,player-1,player-1
493,4,17,0.04712515510618687,player-2,8,21,16,13,player-2,player-2
493,5,17,0.04558381624519825,player-3,11,24,24,17,player-3,player-3
493,6,17,0.049666035920381546,player-4,19,35,24,17,player-4,player-4
493,7,17,0.05870894528925419,player-1,21,40,29,24,player-1,player-1
493,8,17,0.05629216320812702,player-2,21,41,33,26,player-2,player-2
493,9,17,0.05429098382592201,player-3,22,44,39,29,player-3,player-3
493,10,18,0.05024997517466545,player-1,28,46,39,34,player-4,player-1
493,11,17,0.062125036492943764,player-1,33,47,42,34,player-1,player-1
493,12,17,0.09245797991752625,player-2,35,61,44,34,player-2,player-2
493,13,20,0.07675006054341793,player-2,35,69,44,38,player-3,player-2
494,1,18,0.06516696885228157,player-2,5,5,1,3,player-1,player-2
494,2,17,0.058374833315610886,player-2,5,10,4,3,player-2,player-2
494,3,17,0.05150004290044308,player-3,8,15,6,3,player-3,player-3
494,4,19,0.046250177547335625,player-2,8,16,6,4,player-4,player-2
494,5,19,0.04812516272068024,player-3,9,16,10,6,player-1,player-3
494,6,20,0.09266706183552742,player-1,15,23,20,8,player-2,player-1
494,7,18,0.048250192776322365,player-4,19,23,22,12,player-3,player-4
494,8,18,0.05629216320812702,player-1,25,24,27,16,player-4,player-1
494,9,18,0.0466248020529747,player-2,26,24,28,18,player-1,player-2
494,10,18,0.0453342217952013,player-3,27,27,31,19,player-2,player-3
494,11,18,0.08166697807610035,player-4,30,37,47,25,player-3,player-4
494,12,23,0.059167155995965004,player-2,32,39,48,28,player-4,player-2
494,13,18,0.06170780397951603,player-2,35,44,48,30,player-1,player-2
494,14,17,0.052208080887794495,player-2,35,50,48,33,player-2,player-2
494,15,17,0.061625149101018906,player-3,39,50,54,37,player-3,player-3
494,16,20,0.053791096433997154,player-3,40,52,58,37,player-4,player-3
494,17,17,0.05591614171862602,player-1,43,53,61,43,player-1,player-1
495,1,20,0.06487499922513962,player-1,5,6,4,7,player-2,player-1
495,2,17,0.12674997560679913,player-3,5,11,14,7,player-3,player-3
495,3,20,0.05574990063905716,player-3,9,12,18,12,player-4,player-3
495,4,17,0.05904096178710461,player-1,18,16,23,15,player-1,player-1
495,5,17,0.06116693839430809,player-2,25,21,23,15,player-2,player-2
495,6,19,0.06683310493826866,player-1,29,23,27,20,player-3,player-1
495,7,19,0.06304215639829636,player-2,31,28,35,21,player-4,player-2
495,8,17,0.058208126574754715,player-1,36,33,38,26,player-1,player-1
495,9,18,0.0499580055475235,player-3,39,34,43,27,player-2,player-3
495,10,17,0.05445792339742184,player-3,41,34,47,29,player-3,player-3
495,11,17,0.049666035920381546,player-4,44,34,48,37,player-4,player-4
495,12,19,0.0700000673532486,player-3,50,36,54,42,player-1,player-3
496,1,18,0.061750179156661034,player-3,1,13,2,7,player-2,player-3
496,2,17,0.0794590450823307,player-3,6,20,10,8,player-3,player-3
496,3,17,0.0657911878079176,player-4,11,27,13,12,player-4,player-4
496,4,23,0.06874999962747097,player-3,16,27,21,16,player-1,player-3
496,5,18,0.06454181857407093,player-3,18,27,23,20,player-2,player-3
496,6,17,0.06066705100238323,player-3,22,30,29,27,player-3,player-3
496,7,17,0.050625065341591835,player-4,27,32,31,29,player-4,player-4
496,8,20,0.05983281880617142,player-4,37,34,31,37,player-1,player-4
496,9,19,0.07408391684293747,player-4,42,44,31,43,player-2,player-4
496,10,21,0.06783311255276203,player-3,44,47,41,48,player-3,player-3
496,11,18,0.049040885642170906,player-1,44,49,43,54,player-4,player-1
497,1,23,0.05604117177426815,player-1,3,2,3,0,player-3,player-1
497,2,19,0.060374848544597626,player-2,4,6,6,3,player-4,player-2
497,3,18,0.05291611887514591,player-2,9,10,6,9,player-1,player-2
497,4,20,0.06512505933642387,player-1,13,11,9,11,player-2,player-1
497,5,17,0.04091719165444374,player-3,14,13,11,11,player-3,player-3
497,6,17,0.06137508898973465,player-4,14,15,13,16,player-4,player-4
497,7,23,0.07737497799098492,player-3,20,16,20,21,player-1,player-3
497,8,18,0.06045796908438206,player-3,28,25,31,23,player-2,player-3
497,9,17,0.06333296187222004,player-3,32,36,34,25,player-3,player-3
497,10,18,0.07687509059906006,player-1,36,36,36,34,player-4,player-1
497,11,17,0.04016701132059097,none,39,37,36,34,player-1,none
497,12,17,0.06537511944770813,player-2,43,37,40,39,player-2,player-2
497,13,18,0.052167102694511414,player-4,48,39,40,42,player-3,player-4
497,14,20,0.07220800034701824,player-3,56,43,43,46,player-4,player-3
497,15,17,0.054416945204138756,player-1,60,45,43,49,player-1,player-1
498,1,18,0.05874992348253727,player-1,5,0,4,2,player-4,player-1
498,2,17,0.05045812577009201,player-1,8,5,8,5,player-1,player-1
498,3,17,0.06458396092057228,player-2,8,13,10,13,player-2,player-2
498,4,17,0.052208080887794495,player-3,13,17,13,13,player-3,player-3
498,5,17,0.0427919439971447,player-4,14,19,14,23,player-4,player-4
498,6,18,0.04812516272068024,player-2,17,23,17,26,player-1,player-2
498,7,19,0.06025005131959915,player-4,20,29,20,29,player-2,player-4
498,8,20,0.05766702815890312,player-2,26,33,20,30,player-3,player-2
498,9,17,0.05716690793633461,player-4,26,33,21,37,player-4,player-4
498,10,17,0.056582968682050705,player-1,28,34,22,37,player-1,player-1
498,11,18,0.046999892219901085,player-3,30,35,27,40,player-2,player-3
498,12,17,0.05520787090063095,player-3,35,38,34,43,player-3,player-3
498,13,18,0.05220784805715084,player-1,38,38,37,48,player-4,player-1
498,14,17,0.06462517194449902,player-1,46,42,44,57,player-1,player-1
498,15,17,0.05895807407796383,player-2,49,46,47,63,player-2,player-2
499,1,22,0.046208035200834274,none,4,2,2,1,player-1,none
499,2,18,0.06962497718632221,player-3,9,7,8,5,player-2,player-3
499,3,18,0.05012494511902332,player-4,12,11,13,9,player-3,player-4
499,4,17,0.06516603752970695,player-4,17,17,18,17,player-4,player-4
499,5,21,0.047250185161828995,none,19,19,19,22,player-1,none
499,6,21,0.05591614171862602,none,22,21,22,24,player-2,none
499,7,17,0.07129181176424026,player-3,27,24,24,28,player-3,player-3
499,8,18,0.0677499920129776,player-1,34,28,31,32,player-4,player-1
499,9,19,0.07816706784069538,player-3,35,31,39,32,player-1,player-3
499,10,22,0.07866602391004562,player-3,51,34,44,39,player-2,player-3
499,11,32,0.11108303442597389,player-2,55,43,49,58,player-3,player-2
500,1,18,0.05954108200967312,player-1,9,5,0,10,player-4,player-1
500,2,17,0.05016708746552467,player-1,10,9,2,12,player-1,player-1
500,3,17,0.04754215478897095,player-2,10,18,6,15,player-2,player-2
500,4,17,0.055958982557058334,player-3,13,25,11,19,player-3,player-3
500,5,20,0.06187497638165951,player-3,14,33,23,20,player-4,player-3
500,6,17,0.047042034566402435,player-1,17,33,23,22,player-1,player-1
500,7,17,0.0660829246044159,player-2,17,41,26,28,player-2,player-2
500,8,22,0.05791708827018738,player-4,17,45,28,37,player-3,player-4
500,9,18,0.051250215619802475,player-1,24,46,32,40,player-4,player-1
500,10,17,0.046042026951909065,player-1,25,49,34,47,player-1,player-1
500,11,20,0.06154109723865986,player-1,29,52,35,54,player-2,player-1
