game num,round num,num_turns,duration (ms),winner,player1 pts,player2 pts,player3 pts,player4 pts
1,1,21,0.08679088205099106,player-3,2,2,3,1
1,2,19,0.04775007255375385,none,3,3,3,2
1,3,19,0.04416704177856445,none,4,4,4,2
1,4,19,0.04233280196785927,none,4,5,5,3
1,5,19,0.041708117350935936,none,5,5,6,4
1,6,19,0.039874808862805367,none,6,6,6,5
1,7,19,0.03983289934694767,none,7,7,7,5
1,8,19,0.03958307206630707,none,7,8,8,6
1,9,19,0.03970786929130554,none,8,8,9,7
1,10,19,0.03937492147088051,none,9,9,9,8
1,11,19,0.03937492147088051,none,10,10,10,8
1,12,19,0.03958400338888168,none,10,11,11,9
1,13,19,0.039624981582164764,none,11,11,12,10
1,14,19,0.03979215398430824,none,12,12,12,11
1,15,19,0.03970903344452381,none,13,13,13,11
1,16,19,0.039665959775447845,none,13,14,14,12
1,17,19,0.03958307206630707,none,14,14,15,13
1,18,19,0.03929086960852146,none,15,15,15,14
1,19,19,0.039041973650455475,none,16,16,16,14
1,20,19,0.04895799793303013,none,16,17,17,15
1,21,19,0.04116701893508434,none,17,17,18,16
1,22,19,0.0410410575568676,none,18,18,18,17
1,23,19,0.04108389839529991,none,19,19,19,17
1,24,19,0.041125109419226646,none,19,20,20,18
1,25,19,0.04137493669986725,none,20,20,21,19
1,26,19,0.041082967072725296,none,21,21,21,20
1,27,19,0.04137493669986725,none,22,22,22,20
1,28,19,0.04291697405278683,none,22,23,23,21
1,29,19,0.041207997128367424,none,23,23,24,22
1,30,19,0.04112487658858299,none,24,24,24,23
1,31,19,0.04129204899072647,none,25,25,25,23
1,32,19,0.041082967072725296,none,25,26,26,24
1,33,19,0.04075001925230026,none,26,26,27,25
1,34,19,0.0414170790463686,none,27,27,27,26
1,35,19,0.040833838284015656,none,28,28,28,26
1,36,19,0.041165854781866074,none,28,29,29,27
1,37,19,0.041125109419226646,none,29,29,30,28
1,38,19,0.0410410575568676,none,30,30,30,29
1,39,19,0.04133302718400955,none,31,31,31,29
1,40,19,0.04137493669986725,none,31,32,32,30
1,41,19,0.04124990664422512,none,32,32,33,31
1,42,19,0.041041988879442215,none,33,33,33,32
1,43,19,0.03975001163780689,none,34,34,34,32
1,44,19,0.03933301195502281,none,34,35,35,33
1,45,19,0.03941589966416359,none,35,35,36,34
1,46,19,0.039499951526522636,none,36,36,36,35
1,47,19,0.039499951526522636,none,37,37,37,35
1,48,19,0.03941706381738186,none,37,38,38,36
1,49,19,0.03929203376173973,none,38,38,39,37
1,50,19,0.03933394327759743,none,39,39,39,38
1,51,19,0.039667123928666115,none,40,40,40,38
1,52,19,0.03941706381738186,none,40,41,41,39
1,53,19,0.03975001163780689,none,41,41,42,40
1,54,19,0.03933301195502281,none,42,42,42,41
1,55,19,0.039624981582164764,none,43,43,43,41
1,56,19,0.03970786929130554,none,43,44,44,42
1,57,19,0.03954209387302399,none,44,44,45,43
1,58,19,0.03937515430152416,none,45,45,45,44
1,59,19,0.039499951526522636,none,46,46,46,44
1,60,19,0.039624981582164764,none,46,47,47,45
1,61,19,0.040125101804733276,none,47,47,48,46
1,62,19,0.04429207183420658,none,48,48,48,47
1,63,19,0.041165854781866074,none,49,49,49,47
1,64,19,0.04100007936358452,none,49,50,50,48
1,65,19,0.04095910117030144,none,50,50,51,49
2,1,17,0.08341600187122822,player-1,5,3,6,1
2,2,19,0.061750179156661034,player-4,5,8,11,2
2,3,17,0.055374810472130775,player-3,14,13,15,6
2,4,18,0.0616670586168766,player-1,22,15,21,8
2,5,22,0.04533398896455765,none,24,16,21,11
2,6,17,0.06591691635549068,player-2,27,26,21,17
2,7,19,0.06425008177757263,player-1,37,26,28,19
2,8,19,0.06304099224507809,player-2,44,30,35,19
2,9,17,0.04904181696474552,player-1,52,33,35,22
2,10,17,0.05179201252758503,player-2,54,40,36,24
2,11,17,0.05050003528594971,player-3,55,42,45,27
3,1,18,0.0503340270370245,player-4,3,3,0,5
3,2,17,0.08158409036695957,player-4,3,9,1,14
3,3,18,0.05412520840764046,player-2,3,12,3,17
3,4,20,0.07387506775557995,player-1,5,14,6,23
3,5,17,0.04816614091396332,player-3,9,16,12,25
3,6,18,0.05908310413360596,player-1,11,17,22,29
3,7,17,0.059125013649463654,player-1,14,23,23,36
3,8,17,0.057999975979328156,player-2,20,24,28,38
3,9,17,0.04191696643829346,player-3,23,25,32,40
3,10,17,0.051208073273301125,player-4,24,25,37,46
3,11,17,0.05370797589421272,player-1,29,25,38,47
3,12,27,0.07587508298456669,player-4,33,27,39,58
3,13,17,0.062125036492943764,player-3,37,31,46,60
3,14,17,0.07229088805615902,player-4,41,40,47,71
4,1,17,0.05474989302456379,player-3,2,0,10,3
4,2,21,0.05220901221036911,player-4,3,3,10,10
4,3,18,0.05787494592368603,player-2,10,8,11,10
4,4,19,0.04612491466104984,player-4,16,9,14,15
4,5,20,0.07299985736608505,player-2,16,12,19,19
4,6,17,0.048416899517178535,player-4,19,14,19,22
4,7,18,0.06025005131959915,player-2,19,20,19,26
4,8,17,0.059208134189248085,player-2,21,26,22,26
4,9,19,0.06712507456541061,player-1,27,28,31,26
4,10,17,0.05537504330277443,player-4,29,32,33,28
4,11,21,0.054582953453063965,player-1,31,32,33,31
4,12,17,0.062042148783802986,player-2,38,36,33,32
4,13,18,0.0680421944707632,player-4,42,37,33,35
4,14,18,0.05679205060005188,player-1,47,40,33,38
4,15,17,0.060625141486525536,player-1,58,44,33,40
4,16,18,0.06804103031754494,player-3,60,46,44,41
5,1,17,0.09512505494058132,player-3,7,2,3,0
5,2,17,0.067500164732337,player-4,10,4,7,7
5,3,17,0.06279116496443748,player-1,11,7,7,10
5,4,17,0.05729100666940212,player-2,11,13,7,11
5,5,18,0.05950010381639004,player-4,16,17,15,16
5,6,21,0.04641711711883545,none,16,17,17,18
5,7,20,0.0879999715834856,player-4,20,20,20,29
5,8,17,0.0516669824719429,player-2,23,30,23,31
5,9,18,0.0480839516967535,player-4,26,32,26,37
5,10,17,0.055541982874274254,player-4,27,33,30,46
5,11,19,0.0475000124424696,player-3,29,35,30,50
5,12,17,0.06083305925130844,player-2,33,38,33,54
5,13,18,0.06874999962747097,player-4,37,40,35,58
5,14,17,0.04974985495209694,player-4,37,40,37,63
6,1,18,0.060374848544597626,player-4,0,3,4,3
6,2,22,0.060916878283023834,player-1,2,7,5,4
6,3,18,0.05783303640782833,player-2,7,12,8,9
6,4,22,0.06404099985957146,player-3,8,17,12,15
6,5,28,0.06400002166628838,player-2,10,25,16,18
6,6,20,0.05870801396667957,player-3,12,29,24,19
6,7,18,0.055833952501416206,player-2,15,31,24,20
6,8,18,0.05650008097290993,player-3,24,34,26,27
6,9,18,0.05183299072086811,player-4,28,34,28,29
6,10,17,0.04783296026289463,player-4,29,36,31,36
6,11,18,0.06908318027853966,player-2,32,40,35,43
6,12,19,0.05666702054440975,player-4,36,43,37,51
6,13,17,0.056416960433125496,player-3,42,46,47,54
7,1,17,0.053041847422719,player-1,6,1,3,2
7,2,17,0.04991702735424042,player-2,10,3,6,2
7,3,17,0.04175002686679363,player-3,12,5,7,4
7,4,21,0.06758281961083412,player-4,16,8,10,7
7,5,17,0.04070787690579891,player-1,19,8,10,9
7,6,18,0.05495804361999035,player-3,24,10,18,9
7,7,17,0.05170819349586964,player-3,30,14,23,11
7,8,21,0.06808317266404629,player-4,30,14,24,19
7,9,17,0.06787502206861973,player-1,41,16,26,24
7,10,17,0.0510411337018013,player-2,46,19,26,26
7,11,19,0.0730000901967287,player-1,53,19,28,29
7,12,18,0.059791840612888336,player-1,61,27,30,31
7,13,20,0.0588749535381794,player-4,62,30,32,33
7,14,17,0.051582930609583855,player-2,63,37,34,35
7,15,17,0.05350005812942982,player-3,69,40,41,37
8,1,20,0.046667177230119705,player-3,3,3,5,6
8,2,17,0.06729201413691044,player-1,9,5,10,14
8,3,18,0.06520911119878292,player-3,14,9,11,17
8,4,17,0.04608393646776676,player-3,16,16,15,20
8,5,18,0.04933308809995651,player-1,17,20,17,23
8,6,17,0.052625080570578575,player-1,20,21,19,25
8,7,17,0.05045812577009201,player-2,20,26,19,25
8,8,18,0.04729209467768669,player-4,23,26,26,34
8,9,18,0.04875008016824722,player-1,30,27,26,37
8,10,20,0.04987511783838272,player-4,30,35,26,41
8,11,17,0.06945803761482239,player-2,33,42,30,44
8,12,17,0.04512490704655647,player-3,33,43,33,46
8,13,17,0.047625042498111725,player-4,33,44,34,54
8,14,17,0.06633298471570015,player-1,38,45,38,57
9,1,19,0.04991702735424042,player-1,12,0,1,1
9,2,17,0.05083298310637474,player-4,13,3,4,5
9,3,17,0.05391589365899563,player-1,14,3,4,5
9,4,17,0.055208103731274605,player-2,17,6,9,6
9,5,17,0.04295795224606991,player-3,21,7,18,8
9,6,17,0.059416983276605606,player-4,25,8,19,11
9,7,19,0.05474989302456379,player-3,27,13,25,11
9,8,17,0.04887511022388935,player-2,27,21,25,14
9,9,23,0.08074985817074776,player-1,36,24,33,17
9,10,17,0.06258394569158554,player-4,38,26,35,21
9,11,17,0.05287514068186283,player-1,41,29,35,23
9,12,23,0.0630419235676527,player-4,43,30,35,29
9,13,17,0.05866587162017822,player-3,43,42,41,35
9,14,19,0.05566701292991638,player-2,46,46,45,39
9,15,19,0.06274995394051075,player-3,52,46,58,41
10,1,18,0.046666013076901436,player-4,4,0,4,2
10,2,17,0.05183299072086811,player-4,5,1,4,10
10,3,18,0.05012494511902332,player-2,12,2,6,12
10,4,17,0.057541998103260994,player-2,23,3,9,15
10,5,18,0.047416891902685165,player-4,23,5,11,20
10,6,17,0.05320785567164421,player-4,27,6,17,20
10,7,22,0.06783311255276203,player-2,30,8,22,22
10,8,18,0.050208065658807755,player-3,30,9,30,23
10,9,27,0.09041605517268181,none,36,9,31,23
10,10,17,0.06408290937542915,player-4,38,12,34,26
10,11,17,0.07091695442795753,player-1,47,21,46,29
10,12,19,0.06091617979109287,player-4,48,23,46,35
10,13,17,0.05833292379975319,player-3,50,25,51,35
11,1,21,0.07362500764429569,player-4,3,2,1,4
11,2,23,0.069082947447896,player-3,7,2,6,5
11,3,17,0.06470782682299614,player-2,13,8,9,7
11,4,18,0.05079200491309166,player-4,18,9,10,11
11,5,24,0.07175002247095108,player-3,24,20,15,12
11,6,17,0.057540833950042725,player-1,31,22,22,12
11,7,17,0.05591707304120064,player-2,33,28,24,14
11,8,19,0.05037500523030758,player-1,39,29,30,17
11,9,17,0.06087496876716614,player-4,40,36,33,20
11,10,20,0.056167133152484894,player-4,44,37,35,26
11,11,17,0.04708394408226013,player-2,44,38,35,28
11,12,19,0.05979207344353199,player-1,45,43,42,37
11,13,18,0.05620904266834259,player-1,47,43,42,40
11,14,23,0.07149996235966682,player-3,49,47,50,41
11,15,17,0.05270889960229397,player-2,50,52,50,44
12,1,19,0.07758312858641148,player-1,5,4,2,4
12,2,18,0.054333824664354324,player-1,11,4,5,8
12,3,17,0.0641669612377882,player-1,12,8,9,14
12,4,17,0.06958399899303913,player-2,18,15,13,14
12,5,17,0.061416998505592346,player-3,23,15,23,15
12,6,19,0.05791592411696911,player-2,24,16,24,18
12,7,23,0.07733306847512722,player-3,29,18,29,18
12,8,17,0.05016708746552467,player-2,33,28,31,18
12,9,17,0.05224999040365219,player-3,42,28,40,21
12,10,17,0.07720896974205971,player-4,45,32,42,27
12,11,17,0.04937499761581421,player-1,52,32,44,31
12,12,20,0.05954108200967312,player-1,61,34,46,36
13,1,17,0.1699579879641533,player-1,7,7,4,2
13,2,17,0.055625103414058685,player-2,11,18,6,3
13,3,23,0.09475019760429859,player-1,17,22,12,8
13,4,17,0.052165938541293144,player-4,19,24,13,11
13,5,18,0.05745794624090195,player-2,24,30,15,11
13,6,17,0.05916692316532135,player-2,26,38,19,11
13,7,17,0.06649992428719997,player-3,26,44,24,11
13,8,19,0.06225006654858589,player-2,28,56,28,14
13,9,20,0.08187489584088326,player-4,32,56,34,17
13,10,17,0.1194169744849205,player-2,34,62,36,20
13,11,26,0.07933401502668858,player-4,35,64,42,20
13,12,17,0.08420809172093868,player-4,36,66,47,27
13,13,19,0.06087496876716614,player-3,39,70,50,27
13,14,17,0.04533305764198303,player-2,40,81,50,32
14,1,17,0.040790997445583344,player-4,0,3,3,3
14,2,17,0.06620888598263264,player-1,4,7,7,9
14,3,18,0.05200016312301159,player-3,8,9,9,9
14,4,17,0.052958959713578224,player-3,14,17,11,13
14,5,22,0.0641250517219305,player-1,16,22,14,16
14,6,25,0.08679204620420933,player-1,22,28,16,30
14,7,26,0.04900014027953148,none,23,28,18,32
14,8,17,0.06120791658759117,player-3,23,32,21,34
14,9,17,0.04316703416407108,player-4,23,36,25,38
14,10,17,0.05270820111036301,player-1,27,40,25,39
14,11,18,0.07154210470616817,player-3,27,42,27,44
14,12,17,0.04775007255375385,player-3,29,44,30,45
14,13,20,0.04754099063575268,player-3,29,45,31,47
14,14,17,0.061583006754517555,player-1,34,50,33,49
14,15,18,0.05529215559363365,player-3,40,51,43,53
15,1,22,0.06045796908438206,player-4,1,0,4,5
15,2,17,0.046667177230119705,player-4,3,3,7,10
15,3,17,0.053958967328071594,player-1,3,7,8,14
15,4,17,0.04945788532495499,player-2,5,13,11,19
15,5,18,0.04787486977875233,player-4,7,17,13,24
15,6,17,0.04924996756017208,player-4,7,19,17,31
15,7,17,0.048833899199962616,player-1,14,22,20,32
15,8,25,0.06541702896356583,none,14,24,20,32
15,9,18,0.04712492227554321,player-4,18,29,22,37
15,10,19,0.07845787331461906,player-2,23,36,24,41
15,11,21,0.05870917811989784,player-1,29,38,24,45
15,12,19,0.05145790055394173,player-4,30,40,26,56
15,13,18,0.05508400499820709,player-4,31,43,30,66
16,1,17,0.057999975979328156,player-3,3,4,4,0
16,2,17,0.05445792339742184,player-4,3,6,8,13
16,3,18,0.04970794543623924,player-2,9,12,10,13
16,4,17,0.05795806646347046,player-2,9,23,11,20
16,5,18,0.0516669824719429,player-4,10,23,12,23
16,6,17,0.04379195161163807,player-4,13,25,15,26
16,7,31,0.06954208947718143,player-3,17,27,22,26
16,8,19,0.061750179156661034,player-4,19,35,29,29
16,9,17,0.046416884288191795,player-3,20,40,33,30
16,10,17,0.04412513226270676,player-4,24,47,34,36
16,11,17,0.04383292980492115,player-1,27,50,35,39
16,12,17,0.0577499158680439,player-2,33,54,35,45
16,13,18,0.04629092290997505,player-4,36,55,37,48
17,1,17,0.05966704338788986,player-2,6,6,2,5
17,2,17,0.04833401180803776,player-3,8,9,11,5
17,3,20,0.056625111028552055,player-3,8,16,17,11
17,4,17,0.07850001566112041,player-1,18,21,27,11
17,5,19,0.050083035603165627,player-4,18,23,27,16
17,6,22,0.060416990891098976,player-4,23,26,29,25
17,7,17,0.047708163037896156,player-4,27,31,29,28
17,8,21,0.04587485454976559,player-1,31,33,32,28
17,9,17,0.048333778977394104,player-2,35,34,33,31
17,10,20,0.04629208706319332,player-2,38,37,39,33
17,11,19,0.05408399738371372,player-2,40,38,43,37
17,12,18,0.044208019971847534,player-2,42,42,45,39
17,13,21,0.06445799954235554,player-2,52,50,45,46
17,14,20,0.07545901462435722,player-2,52,53,48,47
18,1,24,0.05233311094343662,player-1,8,2,2,4
18,2,18,0.05650008097290993,player-4,8,3,6,8
18,3,20,0.04912493750452995,none,9,3,8,8
18,4,17,0.04187505692243576,player-1,11,3,8,13
18,5,19,0.05708402022719383,player-4,11,7,9,24
18,6,18,0.05274987779557705,player-4,16,11,10,26
18,7,17,0.0516669824719429,player-4,16,13,13,32
18,8,17,0.04154210910201073,player-1,21,15,14,32
18,9,17,0.039833132177591324,player-2,23,28,16,32
18,10,23,0.06254203617572784,player-1,31,33,17,34
18,11,18,0.05449983291327953,player-1,32,35,21,36
18,12,18,0.0538751482963562,player-2,33,39,25,40
18,13,17,0.04741596058011055,player-2,33,42,26,44
18,14,18,0.06016693077981472,player-4,35,43,32,48
18,15,18,0.047208042815327644,player-1,40,43,32,51
18,16,17,0.04850002005696297,player-1,44,45,32,54
18,17,17,0.04587485454976559,player-2,46,49,34,55
19,1,17,0.05408399738371372,player-2,14,6,0,9
19,2,19,0.06804196164011955,player-1,22,13,10,19
19,3,17,0.04991702735424042,player-4,22,13,12,22
19,4,17,0.04987511783838272,player-1,29,15,15,23
19,5,17,0.055040931329131126,player-2,30,23,20,27
19,6,19,0.05491706542670727,player-1,33,29,23,27
19,7,19,0.04987511783838272,player-2,36,37,24,27
19,8,18,0.06304099224507809,player-2,39,46,26,27
19,9,18,0.06070779636502266,player-3,41,52,28,32
19,10,18,0.05241716280579567,player-4,41,52,32,36
19,11,25,0.06637489423155785,player-4,44,55,32,40
19,12,17,0.06362493149936199,player-1,48,57,39,40
19,13,17,0.05479203537106514,player-2,51,63,41,44
20,1,22,0.07408298552036285,player-1,3,1,2,7
20,2,17,0.06587500683963299,player-1,8,6,6,9
20,3,19,0.07045804522931576,player-4,8,7,8,12
20,4,17,0.04691607318818569,player-3,10,7,12,12
20,5,34,0.07208413444459438,player-1,17,8,17,13
20,6,22,0.04845811054110527,player-2,18,11,17,15
20,7,17,0.05241716280579567,player-2,21,19,19,17
20,8,17,0.054999953135848045,player-3,28,24,27,20
20,9,17,0.043416861444711685,player-4,29,28,35,26
20,10,17,0.04783296026289463,player-1,32,30,38,30
20,11,20,0.06120791658759117,player-1,43,32,43,31
20,12,17,0.049165915697813034,player-3,44,32,43,31
20,13,17,0.0588749535381794,player-4,45,35,44,39
20,14,19,0.06587500683963299,player-3,48,38,53,41
21,1,17,0.05079200491309166,player-1,7,9,0,3
21,2,17,0.05608308129012585,player-2,8,15,2,5
21,3,19,0.05379202775657177,player-1,20,18,3,7
21,4,19,0.06337510421872139,player-2,20,29,7,14
21,5,18,0.05670893006026745,player-2,24,32,8,17
21,6,23,0.05916692316532135,none,27,34,10,17
21,7,17,0.053791794925928116,player-3,27,38,16,23
21,8,17,0.042999861761927605,player-4,28,39,20,27
21,9,24,0.07287506014108658,player-4,35,41,24,29
21,10,17,0.05350005812942982,player-2,35,51,26,35
21,11,17,0.04137493669986725,player-3,35,52,33,37
21,12,17,0.041250139474868774,player-4,35,53,33,45
21,13,17,0.04133395850658417,player-1,40,55,33,47
22,1,20,0.0641250517219305,player-2,4,7,4,3
22,2,19,0.06845803000032902,player-2,7,8,6,10
22,3,20,0.05529192276299,player-4,9,9,13,12
22,4,17,0.05024997517466545,player-2,10,17,13,15
22,5,17,0.06183283403515816,player-3,15,18,15,18
22,6,20,0.058125006034970284,player-3,16,23,22,23
22,7,17,0.047958921641111374,player-1,20,23,24,27
22,8,15,0.03891601227223873,none,20,26,24,32
22,9,19,0.055582961067557335,player-1,25,28,30,37
22,10,17,0.046042026951909065,player-4,28,35,30,41
22,11,22,0.05770917050540447,player-2,30,44,32,47
22,12,30,0.07441616617143154,player-3,32,47,34,53
23,1,18,0.04441593773663044,player-2,2,4,7,2
23,2,17,0.03875000402331352,player-2,2,7,10,3
23,3,18,0.04041614010930061,player-4,2,9,13,9
23,4,17,0.055625103414058685,player-4,4,13,16,11
23,5,18,0.055541982874274254,player-2,5,16,18,13
23,6,23,0.07124990224838257,player-4,15,24,25,16
23,7,17,0.05570799112319946,player-3,19,24,31,21
23,8,18,0.11429190635681152,player-1,22,28,35,21
23,9,17,0.06954185664653778,player-1,29,30,40,23
23,10,17,0.04591606557369232,player-2,30,43,41,24
23,11,17,0.0575000885874033,player-3,31,48,48,26
23,12,17,0.06350013427436352,player-4,32,56,57,28
23,13,20,0.06295903585851192,player-4,33,61,57,32
23,14,18,0.0539170578122139,player-3,37,62,62,33
23,15,20,0.07149996235966682,player-2,39,67,64,35
24,1,19,0.06383401341736317,player-1,7,4,4,1
24,2,17,0.05287514068186283,player-4,8,8,5,6
24,3,18,0.062042148783802986,player-2,10,9,8,12
24,4,19,0.05675014108419418,player-4,15,14,13,14
24,5,22,0.07479218766093254,player-4,16,21,15,23
24,6,17,0.04970794543623924,player-4,20,21,21,25
24,7,21,0.05250005051493645,player-1,22,23,23,27
24,8,21,0.07124990224838257,player-2,23,28,24,27
24,9,20,0.060999998822808266,player-2,26,31,26,32
24,10,18,0.05650008097290993,player-1,29,34,29,34
24,11,23,0.07404200732707977,player-3,32,36,38,36
24,12,18,0.0524159986525774,player-3,34,37,42,40
24,13,20,0.069082947447896,player-2,35,44,42,45
24,14,17,0.04170788452029228,player-4,36,45,43,56
25,1,17,0.04729209467768669,player-3,2,5,4,3
25,2,18,0.05679088644683361,player-1,9,11,10,6
25,3,17,0.051416922360658646,player-1,18,13,13,8
25,4,17,0.05695805884897709,player-2,21,18,19,8
25,5,21,0.05287490785121918,none,22,26,25,11
25,6,17,0.052999937906861305,player-4,29,27,30,16
25,7,17,0.05691708065569401,player-1,33,32,33,17
25,8,20,0.05533290095627308,player-1,36,34,35,19
25,9,25,0.07783295586705208,player-3,36,34,44,19
25,10,26,0.0575000885874033,player-1,37,39,44,20
25,11,17,0.06329198367893696,player-1,43,45,46,24
25,12,17,0.048250192776322365,player-2,43,51,48,26
25,13,17,0.06766710430383682,player-3,50,53,54,34
26,1,17,0.055625103414058685,player-1,7,3,0,3
26,2,17,0.048625050112605095,player-2,12,7,0,8
26,3,17,0.04154187627136707,player-3,13,9,7,8
26,4,17,0.062208157032728195,player-4,13,12,11,20
26,5,17,0.04787510260939598,player-1,22,12,11,20
26,6,19,0.057916855439543724,player-4,23,15,13,21
26,7,17,0.038082944229245186,player-3,23,16,18,23
26,8,17,0.05174987018108368,player-4,24,16,19,27
26,9,17,0.04595797508955002,player-1,27,18,20,28
26,10,20,0.059791840612888336,player-1,32,25,24,31
26,11,17,0.0874160323292017,player-3,36,31,31,31
26,12,17,0.06066681817173958,player-4,38,31,35,34
26,13,32,0.06900005973875523,player-4,40,37,38,37
26,14,17,0.060167163610458374,player-2,40,43,38,38
26,15,17,0.05650008097290993,player-3,44,45,40,38
26,16,21,0.08004182018339634,player-4,48,54,46,49
27,1,20,0.056582968682050705,player-4,5,1,3,10
27,2,18,0.05366699770092964,player-3,10,4,4,11
27,3,17,0.0527501106262207,player-3,11,5,9,11
27,4,18,0.05720788612961769,player-1,17,5,12,13
27,5,20,0.06466591730713844,player-4,18,5,15,14
27,6,17,0.044208019971847534,player-2,23,10,15,14
27,7,17,0.050625065341591835,player-3,23,14,16,18
27,8,18,0.0635830219835043,player-1,27,15,16,24
27,9,21,0.0713749323040247,player-1,37,19,20,24
27,10,18,0.05695805884897709,player-3,42,26,25,24
27,11,17,0.056167133152484894,player-3,42,29,34,24
27,12,18,0.06391596980392933,player-1,46,31,39,24
27,13,19,0.08683302439749241,player-3,46,36,45,27
27,14,17,0.05470798350870609,player-2,47,45,48,31
27,15,17,0.05324999801814556,player-3,50,45,51,36
28,1,23,0.06370898336172104,player-3,3,3,9,4
28,2,18,0.040582846850156784,player-3,4,3,13,6
28,3,17,0.04895799793303013,player-3,4,6,17,6
28,4,18,0.04687486216425896,player-1,4,6,18,11
28,5,17,0.04629185423254967,player-1,7,6,20,15
28,6,17,0.05204114131629467,player-2,8,11,22,15
28,7,17,0.05270796827971935,player-3,8,12,26,16
28,8,19,0.05937507376074791,player-2,13,17,26,20
28,9,17,0.051958952099084854,player-1,16,20,29,30
28,10,22,0.06541702896356583,player-3,25,30,31,31
28,11,18,0.049541937187314034,player-4,26,34,34,38
28,12,18,0.05191704258322716,player-1,27,38,39,42
28,13,17,0.04945788532495499,player-1,33,43,45,45
28,14,20,0.04674983210861683,none,34,43,46,47
28,15,30,0.07075001485645771,player-4,37,44,52,57
29,1,22,0.05400017835199833,player-4,3,4,3,5
29,2,17,0.04779081791639328,player-4,6,7,8,9
29,3,17,0.05066697485744953,player-1,11,9,9,10
29,4,17,0.05520903505384922,player-2,14,13,11,12
29,5,19,0.07520802319049835,player-1,16,21,22,20
29,6,17,0.05366699770092964,player-4,16,23,23,29
29,7,17,0.04100007936358452,player-1,19,25,25,32
29,8,17,0.05475012585520744,player-2,24,30,26,33
29,9,18,0.04720897413790226,player-4,26,31,29,37
29,10,19,0.06120884791016579,player-2,32,39,29,38
29,11,17,0.04737498238682747,player-1,34,39,30,38
29,12,15,0.033125048503279686,none,34,40,32,45
29,13,17,0.06041582673788071,player-3,34,42,37,45
29,14,17,0.06145797669887543,player-4,40,42,40,47
29,15,17,0.06350013427436352,player-1,41,47,46,56
30,1,19,0.054791802540421486,player-1,1,0,3,1
30,2,21,0.05687493830919266,player-4,2,5,4,4
30,3,17,0.04587508738040924,player-1,7,5,4,6
30,4,17,0.07020821794867516,player-2,10,8,8,10
30,5,17,0.04170904867351055,player-3,10,8,16,13
30,6,19,0.0580840278416872,player-2,10,18,27,18
30,7,20,0.0660410150885582,player-4,17,22,30,18
30,8,27,0.05791615694761276,none,20,27,30,22
30,9,32,0.07874984294176102,player-2,22,34,36,25
30,10,17,0.056499848142266273,player-4,25,37,39,28
30,11,18,0.04974985495209694,player-2,32,43,46,33
30,12,17,0.053042080253362656,player-2,38,47,46,33
30,13,33,0.07125013507902622,player-3,39,53,48,36
30,14,17,0.04824995994567871,player-4,39,61,50,43
31,1,17,0.05537504330277443,player-1,4,5,7,9
31,2,18,0.05795806646347046,player-3,10,13,10,9
31,3,20,0.05695805884897709,player-2,11,19,13,12
31,4,17,0.06116693839430809,player-4,20,23,21,17
31,5,17,0.041958875954151154,player-1,22,26,22,19
31,6,24,0.06091711111366749,player-1,25,29,22,24
31,7,18,0.04737498238682747,player-4,25,32,24,28
31,8,17,0.05316687747836113,player-4,28,33,29,32
31,9,18,0.05775014869868755,player-2,30,41,30,35
31,10,18,0.0541249755769968,player-3,31,42,35,35
31,11,17,0.04587485454976559,player-3,35,43,43,37
31,12,17,0.05475012585520744,player-4,37,48,43,38
31,13,17,0.04379195161163807,player-1,40,48,43,42
31,14,20,0.050165923312306404,player-1,52,49,48,42
32,1,17,0.053416937589645386,player-1,5,0,2,0
32,2,17,0.047457870095968246,player-2,10,3,2,0
32,3,17,0.04058401100337505,player-3,13,3,6,2
32,4,17,0.045042019337415695,player-4,13,6,8,5
32,5,18,0.052042072638869286,player-2,14,10,10,6
32,6,17,0.05091587081551552,player-2,19,17,12,9
32,7,17,0.040082959458231926,player-3,20,20,18,12
32,8,17,0.05766702815890312,player-4,20,23,23,19
32,9,18,0.049582915380597115,player-2,22,27,25,25
32,10,17,0.04729093052446842,player-2,25,34,27,32
32,11,19,0.06824987940490246,player-1,30,36,28,40
32,12,19,0.069082947447896,player-2,35,37,29,43
32,13,17,0.06558303721249104,player-1,40,39,33,43
32,14,18,0.05645793862640858,player-3,40,41,43,45
32,15,17,0.054208096116781235,player-3,42,46,46,49
32,16,19,0.06254110485315323,player-2,43,48,46,54
33,1,17,0.03812485374510288,player-4,1,0,2,8
33,2,17,0.05775014869868755,player-1,15,2,2,9
33,3,17,0.057625118643045425,player-2,17,6,4,12
33,4,21,0.048916786909103394,player-3,19,13,5,15
33,5,17,0.05266699008643627,player-4,19,14,8,19
33,6,20,0.058999983593821526,player-4,21,15,10,24
33,7,20,0.049708178266882896,player-1,24,17,16,30
33,8,17,0.04045804962515831,player-3,24,20,23,31
33,9,23,0.09320792742073536,none,26,21,26,32
33,10,18,0.06754114292562008,player-2,29,26,28,35
33,11,17,0.04612491466104984,player-2,31,30,29,36
33,12,18,0.05529192276299,player-4,34,31,35,43
33,13,17,0.061583006754517555,player-4,38,31,36,48
33,14,20,0.05916692316532135,player-4,40,35,37,53
33,15,21,0.041667139157652855,none,42,36,38,54
33,16,17,0.05112495273351669,player-3,44,38,45,54
33,17,19,0.05729193799197674,player-2,49,41,55,58
34,1,17,0.05725002847611904,player-3,9,6,5,7
34,2,17,0.04829210229218006,player-4,16,6,8,12
34,3,20,0.06375019438564777,player-4,17,8,15,16
34,4,19,0.06420793943107128,player-4,20,11,17,21
34,5,17,0.038999831303954124,player-3,20,18,21,24
34,6,20,0.05116616375744343,player-3,24,19,25,24
34,7,18,0.05629193037748337,player-2,28,25,31,26
34,8,17,0.07316609844565392,player-2,33,31,34,31
34,9,19,0.07283291779458523,player-1,38,38,36,36
34,10,18,0.05350005812942982,player-1,47,40,40,39
34,11,20,0.058208126574754715,player-4,50,40,43,47
34,12,20,0.07254187949001789,player-1,54,41,44,48
34,13,19,0.058125006034970284,player-1,62,44,46,54
35,1,21,0.05533406510949135,player-2,4,4,0,0
35,2,19,0.056582968682050705,player-1,9,4,2,2
35,3,20,0.04733307287096977,player-3,10,6,3,5
35,4,18,0.047457870095968246,player-2,12,11,6,6
35,5,18,0.041499966755509377,player-3,17,19,10,6
35,6,17,0.040665967389941216,player-3,17,19,21,7
35,7,17,0.04258309490978718,player-4,17,22,23,9
35,8,18,0.047667184844613075,player-2,21,30,23,12
35,9,18,0.04970794543623924,player-3,23,32,23,15
35,10,17,0.044625019654631615,player-3,23,32,31,18
35,11,17,0.06900005973875523,player-4,29,36,31,25
35,12,17,0.04337495192885399,player-1,33,37,31,31
35,13,17,0.05212496034801006,player-2,36,40,31,35
35,14,19,0.05008396692574024,player-1,43,43,33,38
35,15,17,0.0594588927924633,player-4,43,46,34,47
35,16,21,0.07616705261170864,player-1,49,47,39,48
35,17,26,0.06025005131959915,player-3,54,49,41,56
36,1,17,0.05433312617242336,player-1,10,1,9,4
36,2,17,0.06729201413691044,player-2,11,3,13,4
36,3,17,0.05054217763245106,player-3,13,6,15,4
36,4,17,0.04966696724295616,player-4,14,6,16,7
36,5,17,0.06787502206861973,player-1,16,9,17,8
36,6,17,0.06345892325043678,player-2,18,16,19,14
36,7,24,0.05487492308020592,player-2,18,23,23,16
36,8,17,0.04891701973974705,player-4,21,23,31,18
36,9,18,0.06295787170529366,player-2,26,31,35,19
36,10,20,0.07425015792250633,player-1,37,36,42,20
36,11,17,0.05375011824071407,player-3,37,37,54,21
36,12,22,0.0880418810993433,player-1,46,37,59,22
37,1,17,0.04891701973974705,player-2,4,4,0,1
37,2,18,0.05170796066522598,player-4,7,5,3,7
37,3,18,0.06604194641113281,player-1,9,12,4,11
37,4,17,0.0630838330835104,player-1,11,15,5,14
37,5,23,0.0499580055475235,player-4,13,19,5,20
37,6,17,0.05020899698138237,player-3,14,20,11,24
37,7,17,0.04416704177856445,player-4,15,21,11,32
37,8,17,0.05895807407796383,player-1,24,25,11,32
37,9,18,0.05870894528925419,player-3,28,29,15,32
37,10,21,0.05804118700325489,player-3,36,36,18,32
37,11,21,0.05291588604450226,player-4,39,38,18,36
37,12,18,0.05429098382592201,player-2,39,53,18,39
37,13,17,0.07420801557600498,player-2,43,57,18,41
37,14,18,0.05633290857076645,player-4,46,58,21,46
38,1,19,0.07337494753301144,player-2,6,11,2,4
38,2,25,0.09520817548036575,player-1,10,16,5,5
38,3,20,0.06741681136190891,player-1,15,18,5,8
38,4,18,0.045708147808909416,player-4,17,19,10,18
38,5,17,0.05250005051493645,player-4,17,22,14,32
38,6,20,0.07595797069370747,player-4,20,24,14,44
38,7,17,0.0516669824719429,player-2,21,29,14,45
38,8,18,0.045291148126125336,player-4,21,29,15,48
38,9,17,0.0624579843133688,player-4,29,31,21,57
38,10,18,0.05708402022719383,player-2,33,32,22,60
38,11,17,0.04887511022388935,player-2,36,39,25,61
39,1,19,0.04549999721348286,player-2,1,1,2,3
39,2,18,0.05983305163681507,player-2,5,5,2,5
39,3,23,0.05154102109372616,none,5,6,6,5
39,4,17,0.06970809772610664,player-3,9,10,12,8
39,5,17,0.043457839637994766,player-4,9,11,14,11
39,6,17,0.04395795986056328,player-1,14,14,14,13
39,7,30,0.11737481690943241,player-3,14,17,22,13
39,8,17,0.06704195402562618,player-3,14,18,30,16
39,9,17,0.05124998278915882,player-4,16,18,32,19
39,10,17,0.05112495273351669,player-1,22,18,34,20
39,11,17,0.07020914927124977,player-2,25,29,36,24
39,12,18,0.04650000482797623,player-4,25,32,42,29
39,13,17,0.05029188469052315,player-4,27,35,47,33
39,14,26,0.05312496796250343,player-2,29,46,50,38
39,15,18,0.048208050429821014,player-3,33,48,57,41
39,16,18,0.07175002247095108,player-4,33,48,57,46
39,17,27,0.06125005893409252,player-2,33,60,61,47
40,1,24,0.0789170153439045,player-2,1,6,3,3
40,2,17,0.060625141486525536,player-4,1,12,4,12
40,3,17,0.05250005051493645,player-1,9,17,6,15
40,4,18,0.05616690032184124,player-3,9,22,7,23
40,5,18,0.04687509499490261,player-4,9,26,8,25
40,6,17,0.04849978722631931,player-4,13,28,8,29
40,7,21,0.04400010220706463,player-1,18,30,11,29
40,8,17,0.05000014789402485,player-2,21,33,12,31
40,9,31,0.0749579630792141,none,28,34,13,33
40,10,17,0.04949979484081268,player-4,32,36,19,33
40,11,18,0.04395795986056328,player-2,34,45,21,33
40,12,18,0.056625111028552055,player-3,39,46,29,36
40,13,17,0.05287490785121918,player-3,39,47,32,42
40,14,17,0.04370789974927902,player-4,41,49,32,44
40,15,17,0.0438750721514225,player-1,49,54,32,47
41,1,17,0.04983297549188137,player-2,2,1,2,2
41,2,29,0.07237493991851807,player-3,6,6,5,7
41,3,18,0.05333311855792999,player-1,12,9,6,12
41,4,17,0.03716605715453625,player-1,17,11,7,12
41,5,20,0.0439169816672802,player-1,23,12,7,14
41,6,22,0.06758398376405239,player-4,26,14,8,23
41,7,18,0.045416876673698425,player-1,29,16,12,24
41,8,24,0.06962497718632221,player-4,33,16,15,30
41,9,17,0.04070787690579891,player-2,34,18,15,32
41,10,17,0.058833975344896317,player-3,36,20,27,33
41,11,17,0.05966704338788986,player-4,40,24,30,44
41,12,23,0.051042065024375916,player-3,44,25,32,44
41,13,17,0.04320894367992878,player-2,44,31,35,44
41,14,19,0.06491690874099731,player-1,45,35,37,46
41,15,17,0.04987488500773907,player-4,45,38,39,52
41,16,20,0.05870917811989784,player-4,48,40,42,55
41,17,19,0.043459003791213036,player-4,49,43,44,58
42,1,21,0.053165946155786514,player-4,0,0,1,4
42,2,20,0.0641669612377882,player-4,3,10,1,15
42,3,20,0.06983312778174877,player-1,11,14,8,15
42,4,17,0.05058315582573414,player-3,16,20,15,18
42,5,20,0.08420785889029503,player-3,17,27,17,18
42,6,19,0.053791096433997154,player-3,18,27,26,18
42,7,17,0.04324992187321186,player-2,19,30,26,20
42,8,21,0.05370914004743099,player-3,20,32,31,23
42,9,17,0.05074986256659031,player-4,20,33,31,27
42,10,18,0.05095801316201687,player-2,21,38,33,33
42,11,17,0.0535410363227129,player-2,28,41,37,33
42,12,17,0.05587493069469929,player-3,30,43,45,35
42,13,19,0.0503340270370245,player-2,32,47,46,37
42,14,22,0.07454189471900463,player-2,37,55,47,39
42,15,17,0.06166612729430199,player-2,39,60,51,42
43,1,19,0.06587500683963299,player-4,1,4,2,6
43,2,19,0.05687493830919266,player-1,5,8,11,8
43,3,19,0.05974993109703064,player-2,5,11,16,16
43,4,17,0.05329097621142864,player-1,13,16,16,19
43,5,23,0.07554213516414165,player-4,18,18,22,27
43,6,18,0.05224999040365219,player-4,19,26,26,33
43,7,17,0.04554190672934055,player-4,19,33,30,36
43,8,17,0.09416695684194565,player-1,22,36,33,44
43,9,17,0.06724987179040909,player-2,26,56,34,51
44,1,23,0.07016700692474842,player-3,1,0,4,0
44,2,19,0.08445791900157928,player-4,3,2,15,7
44,3,28,0.06445799954235554,player-2,6,6,17,10
44,4,18,0.048042042180895805,player-1,9,6,18,12
44,5,24,0.07162499241530895,player-4,14,13,19,18
44,6,20,0.06266706623136997,player-1,21,17,24,28
44,7,17,0.04695798270404339,player-3,23,22,27,31
44,8,18,0.05366699770092964,player-1,24,24,35,31
44,9,17,0.054541975259780884,player-1,28,29,35,31
44,10,17,0.05012517794966698,player-2,28,37,36,33
44,11,19,0.057167140766978264,player-1,32,38,38,37
44,12,22,0.11287513189017773,player-1,32,45,41,53
44,13,19,0.05650008097290993,player-3,35,45,45,54
44,14,18,0.06691599264740944,player-3,35,51,48,61
45,1,20,0.06970809772610664,player-2,1,2,3,5
45,2,28,0.07137516513466835,none,2,3,9,9
45,3,20,0.057625118643045425,player-4,5,6,12,11
45,4,17,0.06270804442465305,player-2,9,11,12,11
45,5,17,0.0666249543428421,player-3,9,11,14,12
45,6,17,0.06712507456541061,player-4,9,15,19,16
45,7,21,0.05520787090063095,player-1,17,15,21,18
45,8,19,0.053416937589645386,player-4,20,16,25,21
45,9,23,0.061499886214733124,player-1,20,17,27,21
45,10,20,0.05087489262223244,player-3,22,18,30,25
45,11,17,0.07075001485645771,player-1,31,22,35,29
45,12,19,0.05245814099907875,player-4,36,24,37,33
45,13,20,0.06733299233019352,player-2,39,29,39,33
45,14,19,0.0649159774184227,player-2,41,32,41,37
45,15,23,0.07066596299409866,player-3,43,35,47,38
45,16,17,0.05008396692574024,player-2,44,41,47,40
45,17,17,0.060208141803741455,player-3,46,41,54,40
46,1,25,0.08712499402463436,player-1,5,3,4,4
46,2,20,0.06770784966647625,player-1,8,6,7,10
46,3,17,0.05629216320812702,player-3,10,13,12,10
46,4,17,0.05491706542670727,player-4,11,15,16,19
46,5,19,0.05591707304120064,player-3,14,19,19,20
46,6,18,0.06137508898973465,player-3,20,26,25,20
46,7,18,0.05075009539723396,player-4,21,28,29,21
46,8,18,0.048459041863679886,player-1,25,28,30,24
46,9,28,0.06266706623136997,player-4,27,32,35,25
46,10,17,0.061791157349944115,player-2,31,35,35,28
46,11,18,0.05970802158117294,player-4,33,37,39,32
46,12,29,0.07737497799098492,player-4,34,39,39,43
46,13,17,0.06033317185938358,player-1,39,42,42,45
46,14,19,0.04795799031853676,player-4,44,44,45,49
46,15,19,0.04479219205677509,player-1,46,46,46,53
46,16,17,0.045666005462408066,player-4,50,46,50,59
47,1,21,0.05212496034801006,player-3,2,1,4,2
47,2,18,0.05962490104138851,player-1,8,3,7,2
47,3,18,0.05862489342689514,player-2,11,4,15,8
47,4,18,0.04929210990667343,player-3,11,7,17,8
47,5,18,0.06183306686580181,player-4,18,7,21,24
47,6,21,0.09287497960031033,player-4,19,13,27,30
47,7,18,0.04329206421971321,player-2,27,22,31,37
47,8,17,0.07095793262124062,player-2,29,27,32,40
47,9,20,0.06333389319479465,player-2,34,30,36,41
47,10,17,0.05045789293944836,player-4,39,32,36,44
47,11,17,0.044459011405706406,player-1,43,33,36,48
47,12,18,0.062417006120085716,player-3,47,41,42,52
47,13,20,0.04741596058011055,player-2,48,43,44,54
47,14,17,0.057416968047618866,player-4,53,47,46,58
48,1,19,0.05345814861357212,player-4,1,3,0,4
48,2,17,0.042041996493935585,player-3,2,3,5,8
48,3,17,0.058542005717754364,player-4,7,7,7,13
48,4,19,0.05350005812942982,player-3,11,9,17,14
48,5,17,0.050582922995090485,player-2,15,15,20,15
48,6,17,0.04408392123878002,player-3,17,17,26,18
48,7,23,0.06174994632601738,player-2,18,19,30,20
48,8,19,0.05258317105472088,player-3,21,23,36,20
48,9,17,0.04091695882380009,none,22,23,36,22
48,10,21,0.051167095080018044,player-3,23,26,37,24
48,11,21,0.05820905789732933,player-4,24,26,43,29
48,12,17,0.047291163355112076,player-1,30,28,43,31
48,13,18,0.04437495954334736,player-3,32,34,45,36
48,14,20,0.053999945521354675,player-2,35,38,51,39
48,15,17,0.04620780237019062,player-4,38,43,51,43
48,16,17,0.03774999640882015,player-1,44,43,52,45
48,17,19,0.053833937272429466,player-4,46,44,55,54
49,1,17,0.05087512545287609,player-2,3,11,1,2
49,2,17,0.037833116948604584,player-3,5,14,6,3
49,3,17,0.04375004209578037,player-4,8,16,9,12
49,4,21,0.05191704258322716,none,8,17,11,12
49,5,18,0.05479087121784687,player-3,8,22,15,13
49,6,17,0.04137493669986725,player-3,16,23,19,17
49,7,23,0.07220893166959286,player-2,24,29,19,20
49,8,17,0.042791012674570084,player-1,28,31,20,22
49,9,17,0.0624579843133688,player-2,32,34,25,24
49,10,17,0.06433296948671341,player-3,35,36,28,25
49,11,19,0.05950010381639004,player-2,39,43,31,29
49,12,22,0.06766710430383682,player-2,46,44,31,33
49,13,26,0.06804196164011955,none,53,46,31,35
49,14,17,0.05191587843000889,player-3,55,50,38,43
49,15,22,0.06629200652241707,player-1,63,55,41,46
50,1,17,0.04195794463157654,player-4,4,2,0,3
50,2,19,0.07416587322950363,player-3,7,10,2,5
50,3,17,0.04829210229218006,player-2,11,11,2,11
50,4,17,0.0391670037060976,player-3,14,12,5,12
50,5,17,0.04066689871251583,player-4,16,12,6,15
50,6,17,0.04950002767145634,player-1,23,13,6,19
50,7,18,0.0463749747723341,player-3,23,19,12,23
50,8,17,0.0475000124424696,player-3,27,20,15,24
50,9,17,0.04416611045598984,player-4,33,23,17,28
50,10,17,0.04258309490978718,player-1,40,23,18,28
50,11,17,0.045625027269124985,player-2,41,26,18,28
50,12,18,0.07141707465052605,player-4,45,26,23,37
50,13,18,0.05674990825355053,player-1,45,28,26,39
50,14,17,0.04933401942253113,player-1,50,28,28,46
50,15,17,0.05183299072086811,player-2,51,38,34,46
50,16,18,0.05404115654528141,player-4,51,38,40,50
50,17,19,0.06087496876716614,player-2,53,41,43,53
50,18,20,0.05508307367563248,player-4,58,41,46,56
51,1,23,0.060333870351314545,player-4,4,5,2,10
51,2,24,0.08570798672735691,player-2,8,9,5,19
51,3,25,0.06612506695091724,none,8,13,7,28
51,4,20,0.063000014051795,player-4,10,16,9,38
51,5,17,0.05220901221036911,player-2,15,21,9,39
51,6,17,0.0452499371021986,player-3,18,21,20,42
51,7,17,0.054999953135848045,player-4,18,25,24,50
51,8,18,0.04387483932077885,player-2,19,30,26,53
51,9,21,0.04666694439947605,player-2,21,37,27,55
51,10,17,0.04854192957282066,player-3,21,37,32,59
51,11,20,0.07637497037649155,player-3,26,44,40,64
52,1,17,0.062166014686226845,player-4,0,2,0,4
52,2,19,0.061499886214733124,player-3,11,7,11,5
52,3,18,0.04516704939305782,player-3,11,8,17,9
52,4,17,0.048459041863679886,player-3,14,12,24,10
52,5,18,0.05000014789402485,player-1,16,14,28,13
52,6,30,0.07583410479128361,player-2,21,17,33,17
52,7,20,0.061499886214733124,player-1,26,19,35,18
52,8,21,0.0675420742481947,player-3,26,25,40,20
52,9,17,0.06433296948671341,player-4,27,30,41,24
52,10,20,0.055165961384773254,player-4,29,32,41,27
52,11,19,0.06016693077981472,player-4,32,34,43,31
52,12,17,0.05070795305073261,player-3,35,36,46,34
52,13,20,0.052416929975152016,player-3,35,39,47,37
52,14,17,0.051165930926799774,player-1,42,40,50,39
52,15,17,0.0463749747723341,player-2,46,48,51,41
52,16,21,0.05733291618525982,player-3,48,51,57,43
53,1,17,0.04024989902973175,player-4,1,3,2,7
53,2,17,0.041499966755509377,player-1,3,7,2,12
53,3,20,0.04195817746222019,player-1,7,9,4,13
53,4,19,0.06587500683963299,player-1,19,13,10,19
53,5,19,0.06566708907485008,player-2,22,20,13,21
53,6,19,0.052582938224077225,player-3,24,20,18,22
53,7,21,0.06870902143418789,player-2,25,25,26,26
53,8,18,0.11062482371926308,player-4,25,31,28,35
53,9,19,0.05295802839100361,player-2,29,34,31,36
53,10,17,0.05575013346970081,player-1,31,38,31,37
53,11,18,0.05987519398331642,player-3,43,44,33,39
53,12,17,0.05595805123448372,player-3,46,46,39,42
53,13,17,0.052833929657936096,player-4,48,48,42,53
54,1,28,0.05925004370510578,none,1,3,2,2
54,2,17,0.06591714918613434,player-1,8,6,9,7
54,3,18,0.05658390000462532,player-3,12,9,12,9
54,4,19,0.05545793101191521,player-1,15,9,16,10
54,5,17,0.06649992428719997,player-4,16,10,20,18
54,6,19,0.05545793101191521,player-3,20,13,21,23
54,7,19,0.05391612648963928,player-4,24,17,24,31
54,8,17,0.052584102377295494,player-3,29,20,29,32
54,9,19,0.06416602991521358,player-2,31,23,31,32
54,10,17,0.05162484012544155,player-1,34,25,33,34
54,11,18,0.047999899834394455,player-3,35,26,37,36
54,12,17,0.05541602149605751,player-3,37,26,39,39
54,13,30,0.06537511944770813,player-1,41,31,43,40
54,14,23,0.08116615936160088,player-3,46,47,48,40
54,15,18,0.0516669824719429,player-3,51,48,52,42
55,1,18,0.051374780014157295,player-3,4,4,2,1
55,2,17,0.040457816794514656,player-3,4,4,7,2
55,3,17,0.05858391523361206,player-4,6,9,12,9
55,4,19,0.05991710349917412,player-3,11,15,16,12
55,5,17,0.050625065341591835,player-2,14,17,17,12
55,6,17,0.05795806646347046,player-3,18,29,20,20
55,7,17,0.05562487058341503,player-4,20,31,22,28
55,8,19,0.047208042815327644,player-3,26,33,25,30
55,9,23,0.06475020200014114,player-4,30,33,25,34
55,10,17,0.05474989302456379,player-3,34,33,29,36
55,11,21,0.060750171542167664,player-4,37,33,31,48
55,12,19,0.05520787090063095,player-3,39,33,38,50
55,13,17,0.04891701973974705,player-2,41,41,38,56
55,14,18,0.0830839853733778,player-4,43,45,39,60
56,1,17,0.05645886994898319,player-2,3,3,0,4
56,2,17,0.047584064304828644,player-3,12,5,9,9
56,3,31,0.07237493991851807,player-2,12,9,10,16
56,4,17,0.052042072638869286,player-1,16,13,11,18
56,5,21,0.06095808930695057,player-2,17,20,16,21
56,6,35,0.06966688670217991,player-1,22,22,21,21
56,7,17,0.051999930292367935,player-4,26,23,22,26
56,8,18,0.055999960750341415,player-2,31,26,24,29
56,9,20,0.05079200491309166,player-1,35,33,29,37
56,10,17,0.045082997530698776,player-3,36,34,34,37
56,11,23,0.060540856793522835,player-2,38,35,37,39
56,12,17,0.05187513306736946,player-1,45,38,42,41
56,13,18,0.07670791819691658,player-3,49,48,43,45
56,14,17,0.05033286288380623,player-3,54,50,51,45
57,1,17,0.04983297549188137,player-1,8,0,2,5
57,2,18,0.05766702815890312,player-3,14,1,6,9
57,3,19,0.045667169615626335,player-1,17,3,8,9
57,4,40,0.11512497439980507,player-3,38,7,13,10
57,5,19,0.04870793782174587,player-3,40,9,17,11
57,6,18,0.04491698928177357,player-3,40,12,20,14
57,7,17,0.05400017835199833,player-3,46,14,23,19
57,8,19,0.05449983291327953,player-2,49,21,25,22
57,9,18,0.06487499922513962,player-2,55,26,28,24
57,10,18,0.054916832596063614,player-3,58,34,34,26
57,11,23,0.05929218605160713,player-1,62,34,35,27
57,12,17,0.04179216921329498,player-4,67,35,35,29
58,1,17,0.05566584877669811,player-3,2,1,10,0
58,2,19,0.047582900151610374,player-2,2,9,19,4
58,3,20,0.05945796146988869,player-4,4,14,21,10
58,4,18,0.04416704177856445,player-3,6,15,26,14
58,5,19,0.06854184903204441,player-1,11,17,38,18
58,6,18,0.03954186104238033,none,12,18,40,18
58,7,21,0.0538751482963562,player-1,26,20,45,20
58,8,19,0.07987511344254017,player-4,35,21,59,24
58,9,17,0.05087512545287609,player-3,40,27,60,27
59,1,17,0.05983281880617142,player-3,4,0,12,3
59,2,19,0.0552500132471323,player-2,7,2,14,6
59,3,18,0.0552500132471323,player-2,9,7,18,6
59,4,20,0.0762909185141325,player-1,10,10,20,10
59,5,20,0.0641250517219305,player-2,13,17,28,10
59,6,21,0.06704195402562618,player-4,17,21,33,15
59,7,17,0.06187497638165951,player-1,18,23,38,15
59,8,17,0.04933401942253113,player-2,24,25,40,16
59,9,17,0.058042118325829506,player-3,31,28,49,20
59,10,17,0.042416853830218315,player-4,33,29,51,24
59,11,17,0.04712492227554321,player-1,36,29,55,30
59,12,17,0.06787502206861973,player-2,38,43,57,40
59,13,18,0.05137501284480095,player-4,39,46,58,47
59,14,17,0.058542005717754364,player-4,41,50,63,50
60,1,18,0.04824995994567871,player-2,4,6,1,0
60,2,18,0.053666066378355026,player-3,6,10,7,1
60,3,17,0.04695798270404339,player-3,7,10,12,1
60,4,17,0.048584071919322014,player-4,9,16,15,5
60,5,17,0.05429191514849663,player-1,19,20,15,5
60,6,19,0.055791111662983894,player-4,20,22,16,9
60,7,20,0.04258309490978718,player-2,20,36,17,14
60,8,17,0.048667192459106445,player-4,22,39,17,21
60,9,19,0.0502921175211668,player-3,26,39,19,21
60,10,17,0.04470790736377239,player-2,26,44,20,25
60,11,17,0.036499928683042526,player-3,28,45,25,25
60,12,18,0.07095886394381523,player-1,31,47,29,33
60,13,17,0.04070787690579891,player-1,35,51,32,36
60,14,17,0.05050003528594971,player-2,39,56,32,41
60,15,17,0.047208042815327644,player-3,40,57,39,42
60,16,18,0.044999876990914345,player-1,41,59,43,43
61,1,19,0.06029196083545685,player-4,6,2,7,0
61,2,20,0.051374780014157295,player-2,6,6,11,5
61,3,17,0.04408392123878002,player-4,8,6,16,11
61,4,21,0.04850002005696297,player-1,11,10,18,16
61,5,19,0.06725010462105274,player-4,14,13,25,24
61,6,18,0.047457870095968246,player-4,14,17,27,27
61,7,23,0.06258394569158554,player-2,18,21,28,29
61,8,17,0.04233396612107754,player-1,23,25,28,31
61,9,19,0.05583278834819794,player-4,25,26,32,36
61,10,28,0.06041605956852436,none,29,33,33,36
61,11,17,0.054416945204138756,player-4,35,38,33,44
61,12,17,0.043625012040138245,player-1,39,40,33,44
61,13,17,0.0463330652564764,player-2,40,49,35,47
61,14,23,0.047584064304828644,player-1,43,53,38,50
62,1,20,0.055582961067557335,player-3,1,0,3,2
62,2,18,0.061584170907735825,player-2,3,9,5,3
62,3,30,0.0679998192936182,player-3,3,14,9,4
62,4,21,0.06245914846658707,player-3,9,18,17,12
62,5,19,0.05804188549518585,player-2,13,24,18,13
62,6,18,0.044082989916205406,player-2,13,28,21,16
62,7,18,0.05216686986386776,player-3,15,30,25,19
62,8,17,0.05437503568828106,player-3,15,34,30,19
62,9,31,0.06704195402562618,none,15,38,37,24
62,10,18,0.06033293902873993,player-2,17,52,40,25
62,11,17,0.044416170567274094,player-2,18,55,42,30
62,12,18,0.05537504330277443,player-4,22,58,45,33
62,13,20,0.0575000885874033,player-3,23,59,51,36
62,14,17,0.04441710188984871,player-1,26,65,51,38
63,1,17,0.04924996756017208,player-3,2,1,6,0
63,2,23,0.09962497279047966,player-2,4,4,7,5
63,3,16,0.03287498839199543,none,5,6,8,6
63,4,17,0.05224999040365219,player-2,5,8,10,13
63,5,17,0.054165953770279884,player-3,5,15,15,15
63,6,17,0.052958959713578224,player-4,7,18,17,18
63,7,19,0.04312489181756973,player-3,12,27,19,18
63,8,22,0.04533305764198303,none,13,31,21,20
63,9,17,0.04645809531211853,player-3,17,33,26,21
63,10,17,0.0475000124424696,player-4,18,36,28,26
63,11,17,0.05608308129012585,player-1,19,38,34,33
63,12,23,0.06658420898020267,player-4,21,38,38,40
63,13,17,0.06387499161064625,player-3,21,41,44,41
63,14,18,0.06325007416307926,player-1,29,42,49,45
63,15,17,0.050083035603165627,player-1,32,44,50,51
63,16,20,0.046083005145192146,player-1,37,50,53,55
64,1,30,0.06383308209478855,none,0,4,3,1
64,2,17,0.05083298310637474,player-2,3,6,10,4
64,3,17,0.05908310413360596,player-3,5,8,14,8
64,4,17,0.05650008097290993,player-4,10,8,17,16
64,5,24,0.1449999399483204,player-4,14,10,28,18
64,6,17,0.05625002086162567,player-2,17,14,32,19
64,7,17,0.07295887917280197,player-3,20,15,34,22
64,8,17,0.05024997517466545,player-4,21,22,38,24
64,9,18,0.0477498397231102,player-2,23,30,40,26
64,10,25,0.06225006654858589,none,24,33,42,29
64,11,19,0.08158385753631592,player-1,32,40,45,41
64,12,21,0.06891600787639618,player-4,32,42,45,43
64,13,17,0.053540803492069244,player-1,35,42,51,53
64,14,29,0.1130418386310339,player-2,35,48,54,58
65,1,26,0.07195910438895226,none,3,4,5,4
65,2,19,0.06783311255276203,player-3,13,14,5,7
65,3,19,0.05666702054440975,player-4,13,16,6,9
65,4,23,0.06254203617572784,player-1,23,17,16,18
65,5,17,0.03758398815989494,player-4,25,22,17,20
65,6,21,0.05687493830919266,player-1,35,24,22,24
65,7,19,0.057208118960261345,player-4,40,26,23,28
65,8,17,0.04491698928177357,player-3,42,28,28,28
65,9,17,0.048208050429821014,player-4,45,30,31,32
65,10,17,0.054459087550640106,player-1,53,31,35,36
65,11,17,0.05650008097290993,player-2,54,38,37,39
65,12,17,0.0527920201420784,player-3,59,38,43,41
66,1,23,0.06274995394051075,player-2,5,4,7,3
66,2,17,0.040667131543159485,player-1,9,6,9,5
66,3,18,0.05179084837436676,player-3,9,7,14,5
66,4,25,0.09587500244379044,player-3,22,7,19,11
66,5,21,0.05195802077651024,none,24,9,21,11
66,6,31,0.11012493632733822,player-3,29,20,23,11
66,7,22,0.05233287811279297,player-3,31,22,26,12
66,8,17,0.05024997517466545,player-3,32,25,28,15
66,9,17,0.046625034883618355,player-4,33,26,28,17
66,10,36,0.07824995554983616,player-4,39,32,30,18
66,11,17,0.049541937187314034,player-2,43,41,32,19
66,12,28,0.06350013427436352,player-2,43,45,39,19
66,13,17,0.052541960030794144,player-4,45,48,40,22
66,14,17,0.04416611045598984,player-1,49,50,43,31
66,15,17,0.04966696724295616,player-2,53,60,46,31
66,16,17,0.05029188469052315,player-3,53,62,56,31
67,1,17,0.051208073273301125,player-3,2,0,1,2
67,2,17,0.041082967072725296,player-4,4,0,2,4
67,3,19,0.05045789293944836,player-3,5,1,7,7
67,4,17,0.05012517794966698,player-2,8,2,7,9
67,5,17,0.04512513987720013,player-3,10,3,13,9
67,6,21,0.06262492388486862,player-4,13,5,17,13
67,7,17,0.047582900151610374,player-1,19,5,18,16
67,8,20,0.06491690874099731,player-1,26,13,18,19
67,9,19,0.051416922360658646,player-1,31,13,21,21
67,10,17,0.057416968047618866,player-4,34,19,28,26
67,11,19,0.05925004370510578,player-3,42,22,36,37
67,12,19,0.04879198968410492,player-4,44,29,38,47
67,13,18,0.063000014051795,player-4,49,31,44,54
67,14,19,0.0855419784784317,player-2,53,44,46,58
68,1,18,0.05945796146988869,player-1,2,6,2,4
68,2,23,0.06500002928078175,player-3,5,9,4,4
68,3,29,0.05729100666940212,player-2,9,13,6,4
68,4,25,0.055958982557058334,player-3,9,14,13,6
68,5,17,0.03716605715453625,player-4,10,14,16,12
68,6,21,0.05591707304120064,player-1,20,15,17,12
68,7,18,0.060416990891098976,none,20,19,18,16
68,8,22,0.048457877710461617,player-4,23,21,21,28
68,9,18,0.04741712473332882,player-1,29,24,27,35
68,10,21,0.062000006437301636,player-1,33,25,31,38
68,11,19,0.052582938224077225,player-4,33,29,31,49
68,12,17,0.05079200491309166,player-3,35,35,37,52
68,13,17,0.04912493750452995,player-4,39,35,41,54
68,14,18,0.04658312536776066,player-2,39,44,41,55
68,15,17,0.04533282481133938,player-2,39,48,50,57
69,1,21,0.06404216401278973,player-2,2,12,5,0
69,2,17,0.052541960030794144,player-3,4,15,12,0
69,3,18,0.055625103414058685,player-1,11,16,14,2
69,4,18,0.048625050112605095,player-2,13,23,14,2
69,5,17,0.05504116415977478,player-2,23,27,18,5
69,6,17,0.04716706462204456,player-3,23,28,24,5
69,7,27,0.08083414286375046,none,27,29,25,9
69,8,18,0.0475000124424696,player-2,29,36,26,16
69,9,20,0.057165976613759995,player-1,39,40,28,16
69,10,29,0.06816699169576168,none,43,41,32,18
69,11,18,0.045666005462408066,player-1,46,41,34,20
69,12,17,0.04387483932077885,player-1,50,44,34,21
69,13,18,0.05437503568828106,player-3,50,47,36,25
69,14,17,0.04775007255375385,player-3,52,51,39,27
69,15,18,0.04666694439947605,player-1,54,51,41,28
69,16,19,0.08070794865489006,player-3,60,59,44,31
70,1,17,0.03895815461874008,player-4,1,0,4,2
70,2,17,0.062000006437301636,player-1,7,5,4,5
70,3,16,0.051625072956085205,none,7,7,6,5
70,4,17,0.043208012357354164,player-3,8,9,14,5
70,5,20,0.0628340058028698,player-3,8,14,14,10
70,6,17,0.04841596819460392,player-1,18,16,17,16
70,7,17,0.04291697405278683,player-2,19,24,19,16
70,8,22,0.06812508217990398,player-4,26,25,23,21
70,9,17,0.04333304241299629,player-4,26,26,24,25
70,10,25,0.06925011985003948,none,28,26,27,27
70,11,17,0.05445885471999645,player-2,29,30,29,28
70,12,17,0.057540833950042725,player-3,32,33,31,31
70,13,18,0.05616690032184124,player-1,35,37,31,34
70,14,32,0.07208413444459438,player-4,35,43,37,39
70,15,18,0.0563331414014101,player-3,40,45,42,41
70,16,17,0.06679189391434193,player-3,47,48,44,43
70,17,19,0.04879198968410492,player-2,47,50,48,46
70,18,19,0.058625126257538795,player-3,49,52,51,50
71,1,17,0.06220908835530281,player-2,3,5,4,2
71,2,17,0.08708401583135128,player-3,7,5,8,4
71,3,17,0.0652919989079237,player-4,9,9,8,12
71,4,22,0.07879198528826237,player-2,12,14,8,13
71,5,25,0.08216709829866886,none,14,17,10,17
71,6,19,0.062000006437301636,player-1,24,22,11,22
71,7,17,0.06600003689527512,player-4,27,28,13,26
71,8,17,0.06704218685626984,player-1,28,28,17,34
71,9,17,0.05174987018108368,player-2,28,32,19,37
71,10,20,0.04612491466104984,player-2,28,38,19,39
71,11,18,0.05450006574392319,player-1,34,42,24,46
71,12,27,0.06733392365276814,none,36,46,26,51
71,13,18,0.06033293902873993,player-3,36,51,33,55
72,1,22,0.0666249543428421,player-1,3,4,3,0
72,2,17,0.05000014789402485,player-1,5,6,6,3
72,3,17,0.03733299672603607,player-2,5,12,7,5
72,4,17,0.04316610284149647,player-3,6,12,11,6
72,5,17,0.050040893256664276,player-4,6,17,12,13
72,6,18,0.08449982851743698,player-2,7,26,15,19
72,7,18,0.055999960750341415,player-3,13,31,19,20
72,8,30,0.06229081191122532,player-4,17,33,19,28
72,9,32,0.06508408114314079,player-3,19,33,27,32
72,10,20,0.04616705700755119,player-4,22,34,27,40
72,11,20,0.08991686627268791,player-1,27,35,39,46
72,12,17,0.05329190753400326,player-3,28,39,44,49
72,13,19,0.058999983593821526,player-2,28,41,47,51
72,14,17,0.04829210229218006,player-1,36,43,51,59
73,1,18,0.0563750509172678,player-1,7,5,0,2
73,2,22,0.06975000724196434,player-2,8,11,2,4
73,3,17,0.057541998103260994,player-2,10,16,2,4
73,4,21,0.07241708226501942,player-3,12,17,8,7
73,5,17,0.05425000563263893,player-4,14,19,8,10
73,6,17,0.05195802077651024,player-1,20,23,9,10
73,7,18,0.05733291618525982,player-3,28,25,20,18
73,8,18,0.053416937589645386,player-4,31,27,21,18
73,9,18,0.06512505933642387,player-1,37,33,23,26
73,10,18,0.06766687147319317,player-2,39,42,27,26
73,11,20,0.06258394569158554,player-1,49,47,32,28
73,12,18,0.05112518556416035,player-4,51,48,34,34
73,13,19,0.060165999457240105,player-2,55,57,38,40
73,14,18,0.05241716280579567,player-2,58,64,38,45
74,1,20,0.0752920750528574,player-3,7,3,11,2
74,2,17,0.055958982557058334,player-1,11,7,15,5
74,3,17,0.04579196684062481,player-2,11,15,17,9
74,4,19,0.055040931329131126,player-1,21,17,22,12
74,5,17,0.03945804201066494,player-4,21,21,24,16
74,6,17,0.04970794543623924,player-1,24,26,24,22
74,7,19,0.04308391362428665,player-4,25,28,24,24
74,8,17,0.05675014108419418,player-3,29,30,31,27
74,9,20,0.06541702896356583,player-3,35,33,34,31
74,10,18,0.04254188388586044,player-2,41,37,36,32
74,11,20,0.06687501445412636,player-1,46,38,38,34
74,12,20,0.052540795877575874,player-2,47,45,38,34
74,13,15,0.029791146516799927,none,51,50,39,36
74,14,18,0.054208096116781235,player-2,53,58,41,39
74,15,19,0.06804196164011955,player-4,56,62,42,45
75,1,19,0.06458396092057228,player-4,0,4,7,2
75,2,18,0.06441702134907246,player-4,1,4,11,8
75,3,17,0.05124998278915882,player-4,3,6,11,14
75,4,27,0.0724999699741602,player-3,5,7,19,14
75,5,26,0.052665825933218,player-3,5,9,24,14
75,6,17,0.04270789213478565,player-3,5,11,36,15
75,7,24,0.06291689351201057,player-3,10,15,42,18
75,8,19,0.07312512025237083,player-3,13,19,54,24
75,9,18,0.06008287891745567,player-3,17,21,57,24
75,10,18,0.05529192276299,player-4,19,27,59,28
75,11,17,0.0485831405967474,player-4,22,27,62,36
75,12,17,0.038458965718746185,player-1,26,27,63,38
75,13,28,0.05129189230501652,none,31,28,63,41
75,14,20,0.04679081030189991,player-2,33,30,66,43
75,15,17,0.05333311855792999,player-4,33,35,72,51
76,1,17,0.06125005893409252,player-4,1,2,4,4
76,2,18,0.0689169391989708,player-2,2,11,8,7
76,3,23,0.05654105916619301,player-4,3,15,8,17
76,4,18,0.06354087963700294,player-4,4,17,16,20
76,5,17,0.05745794624090195,player-4,4,19,18,23
76,6,19,0.057040946558117867,player-3,7,21,25,28
76,7,21,0.06266613490879536,player-2,8,26,27,29
76,8,20,0.05916692316532135,player-2,15,37,29,33
76,9,17,0.05024997517466545,player-4,17,40,30,39
76,10,19,0.0813330989331007,player-3,23,46,30,40
76,11,19,0.04708394408226013,player-4,23,50,32,48
76,12,18,0.04320894367992878,player-4,23,50,36,55
77,1,17,0.04095793701708317,player-3,2,0,5,1
77,2,17,0.04566693678498268,player-4,3,0,7,7
77,3,17,0.04983297549188137,player-1,10,3,12,10
77,4,19,0.061167171224951744,player-4,16,8,12,12
77,5,17,0.05475012585520744,player-3,22,10,21,16
77,6,17,0.03804103471338749,player-4,24,11,23,18
77,7,17,0.04212488420307636,none,29,16,24,18
77,8,17,0.051541952416300774,player-2,31,19,24,23
77,9,22,0.05287490785121918,player-4,32,22,24,25
77,10,22,0.06245891563594341,none,32,22,26,27
77,11,19,0.05208305083215237,player-3,37,28,33,34
77,12,18,0.057541998103260994,player-3,41,28,34,39
77,13,25,0.06254180334508419,player-3,44,28,37,40
77,14,17,0.0599580816924572,player-4,47,30,42,47
77,15,17,0.05016708746552467,player-1,51,30,43,51
77,16,17,0.04837499000132084,player-2,55,37,44,52
77,17,21,0.04133302718400955,none,55,37,45,55
78,1,26,0.05712499842047691,none,4,1,3,0
78,2,18,0.06174994632601738,player-1,7,3,3,4
78,3,17,0.05100015550851822,player-1,9,4,5,7
78,4,20,0.03633392043411732,none,11,6,7,7
78,5,17,0.05670893006026745,player-3,17,10,10,9
78,6,19,0.052958959713578224,player-2,19,14,10,11
78,7,18,0.05725002847611904,player-2,30,25,13,13
78,8,21,0.05666702054440975,player-2,37,33,13,17
78,9,17,0.04483293741941452,player-3,40,35,17,17
78,10,17,0.05075009539723396,player-4,44,38,22,22
78,11,18,0.062374863773584366,player-2,45,46,26,24
78,12,17,0.04829210229218006,player-2,48,52,26,28
78,13,18,0.04329206421971321,player-4,48,62,26,29
78,14,17,0.0610831193625927,player-4,51,65,27,35
79,1,19,0.06574997678399086,player-4,2,4,3,8
79,2,17,0.0463330652564764,player-3,6,4,8,9
79,3,21,0.058999983593821526,player-4,7,6,9,18
79,4,18,0.04575005732476711,player-2,8,9,10,18
79,5,17,0.04124990664422512,player-2,8,11,10,19
79,6,19,0.047457870095968246,player-1,21,11,11,21
79,7,17,0.05374988541007042,player-4,23,18,14,28
79,8,18,0.057499855756759644,player-2,28,25,17,29
79,9,22,0.04370789974927902,none,30,27,19,29
79,10,17,0.04291697405278683,player-3,30,29,24,30
79,11,17,0.0730419997125864,player-4,36,29,26,36
79,12,17,0.05354220047593117,player-1,44,29,32,36
79,13,17,0.04829093813896179,player-2,46,31,35,40
79,14,17,0.055541982874274254,player-3,50,34,48,46
79,15,18,0.05437503568828106,player-1,53,34,51,49
80,1,29,0.06479211151599884,player-3,2,1,4,1
80,2,21,0.07554213516414165,player-4,6,4,8,7
80,3,17,0.043665990233421326,player-1,7,6,12,7
80,4,18,0.05266699008643627,player-3,16,9,22,8
80,5,21,0.05124998278915882,player-3,22,14,26,12
80,6,18,0.051083043217659,player-1,31,14,28,14
80,7,25,0.07608393207192421,player-1,38,14,31,16
80,8,17,0.05274987779557705,player-2,40,19,33,16
80,9,18,0.05216686986386776,player-4,41,23,38,21
80,10,19,0.06050011143088341,player-2,41,29,39,23
80,11,17,0.05124998278915882,player-1,44,30,43,24
80,12,19,0.07850001566112041,player-4,47,32,55,25
81,1,19,0.07316586561501026,player-1,4,5,6,5
81,2,19,0.056541990488767624,player-2,5,7,6,10
81,3,18,0.06008404307067394,player-2,8,11,7,10
81,4,24,0.05933293141424656,player-1,14,18,7,11
81,5,17,0.041084131225943565,player-3,14,19,10,13
81,6,17,0.04945811815559864,player-4,19,22,17,18
81,7,18,0.044665997847914696,player-2,21,28,21,21
81,8,17,0.05133403465151787,player-2,25,31,23,21
81,9,20,0.0477079302072525,none,31,33,26,24
81,10,21,0.061416998505592346,player-4,33,36,31,28
81,11,21,0.060999998822808266,player-1,38,43,33,33
81,12,25,0.05929102189838886,player-2,38,48,35,38
81,13,22,0.07612491026520729,player-4,38,49,38,42
81,14,17,0.0510411337018013,player-4,39,51,42,49
82,1,18,0.05533406510949135,player-3,0,4,9,0
82,2,18,0.05670799873769283,player-4,9,11,13,6
82,3,17,0.05950010381639004,player-4,13,14,22,10
82,4,21,0.057999975979328156,player-1,21,16,23,11
82,5,21,0.07041706703603268,player-2,23,19,27,17
82,6,17,0.050541944801807404,player-3,23,21,30,19
82,7,17,0.05037500523030758,player-4,25,26,32,20
82,8,18,0.0658340286463499,player-2,29,26,34,27
82,9,17,0.05179084837436676,player-2,32,37,37,28
82,10,17,0.04783296026289463,player-3,33,41,41,28
82,11,19,0.06225006654858589,player-2,38,46,44,31
82,12,19,0.057584140449762344,player-3,43,49,51,36
82,13,19,0.057541998103260994,player-4,47,54,52,38
82,14,19,0.07920898497104645,player-1,52,59,52,41
83,1,24,0.04575005732476711,none,3,3,0,2
83,2,18,0.06349990144371986,player-4,11,5,3,5
83,3,19,0.0512909609824419,player-2,13,12,4,10
83,4,17,0.04983297549188137,player-1,18,16,7,19
83,5,18,0.04487507976591587,player-3,20,20,11,21
83,6,18,0.05312520079314709,player-4,24,20,13,24
83,7,19,0.07058284245431423,player-2,31,22,22,26
83,8,17,0.04491698928177357,player-1,34,24,26,32
83,9,34,0.07154210470616817,none,38,25,29,34
83,10,17,0.06387499161064625,player-3,40,28,33,35
83,11,19,0.05625002086162567,player-2,46,31,33,40
83,12,17,0.057958997786045074,player-1,49,33,36,42
83,13,17,0.03879191353917122,player-2,52,36,36,44
83,14,20,0.05445815622806549,player-2,54,45,43,45
83,15,17,0.05062483251094818,player-4,60,47,47,49
84,1,19,0.06337510421872139,player-4,0,2,2,11
84,2,20,0.05845795385539532,player-2,2,8,4,15
84,3,28,0.09995815344154835,player-3,2,23,4,20
84,4,18,0.042208004742860794,player-2,7,26,4,20
84,5,19,0.05220901221036911,player-4,9,28,5,24
84,6,20,0.05891709588468075,player-2,12,35,5,28
84,7,20,0.04912517033517361,player-3,12,37,8,36
84,8,17,0.04837499000132084,player-1,16,41,8,39
84,9,18,0.04083290696144104,player-3,19,44,10,41
84,10,19,0.04400010220706463,player-1,19,46,10,42
84,11,20,0.10145804844796658,player-3,21,46,19,42
84,12,20,0.0641250517219305,player-4,24,48,20,48
84,13,17,0.056958990171551704,player-2,31,49,30,57
85,1,19,0.07270812056958675,player-4,0,6,2,10
85,2,20,0.04329206421971321,none,1,6,6,10
85,3,17,0.05124998278915882,player-4,3,8,9,15
85,4,18,0.053165946155786514,player-2,7,11,11,18
85,5,17,0.04666694439947605,player-2,9,15,13,22
85,6,17,0.05787494592368603,player-3,11,18,17,25
85,7,17,0.05350005812942982,player-4,15,18,22,31
85,8,17,0.04824995994567871,player-1,21,23,24,35
85,9,18,0.038125086575746536,player-3,21,28,28,36
85,10,17,0.044625019654631615,player-3,22,28,34,37
85,11,18,0.05379202775657177,player-1,27,28,35,42
85,12,18,0.06029102951288223,player-2,30,35,36,44
85,13,17,0.04775007255375385,player-2,36,37,43,47
85,14,20,0.06291689351201057,player-2,37,42,46,52
85,15,17,0.058125006034970284,player-4,42,45,53,57
86,1,21,0.060999998822808266,player-2,5,5,4,2
86,2,24,0.04700012505054474,player-2,7,9,9,4
86,3,17,0.04483293741941452,player-4,12,12,9,9
86,4,18,0.04933401942253113,player-2,13,18,9,9
86,5,18,0.045291148126125336,player-3,13,20,13,11
86,6,17,0.04912493750452995,player-3,16,22,16,11
86,7,17,0.0660410150885582,player-4,20,22,18,16
86,8,17,0.05320785567164421,player-1,26,22,20,18
86,9,17,0.047625042498111725,player-2,27,24,22,18
86,10,17,0.048708170652389526,player-3,31,25,27,21
86,11,17,0.056916847825050354,player-4,32,29,28,30
86,12,19,0.05187490023672581,player-3,35,30,29,34
86,13,17,0.05270796827971935,player-2,40,36,29,34
86,14,18,0.05487492308020592,player-4,43,41,33,39
86,15,17,0.05479203537106514,player-4,46,44,35,44
86,16,18,0.05150004290044308,player-2,49,51,35,46
86,17,18,0.04804180935025215,player-3,54,51,42,47
86,18,22,0.07654214277863503,player-4,63,61,47,53
87,1,17,0.058999983593821526,player-4,0,2,3,7
87,2,19,0.046584056690335274,player-3,4,2,9,9
87,3,17,0.06362493149936199,player-2,11,8,13,9
87,4,20,0.08991709910333157,player-2,11,15,16,12
87,5,18,0.05350005812942982,player-1,13,16,21,13
87,6,19,0.04654098302125931,player-3,14,16,24,14
87,7,20,0.05429191514849663,player-1,17,16,27,22
87,8,17,0.06250012665987015,player-3,19,16,32,22
87,9,18,0.053958967328071594,player-1,24,17,38,24
87,10,19,0.05529099144041538,player-3,28,17,47,28
87,11,17,0.07083313539624214,player-2,35,23,52,33
87,12,18,0.0741670373827219,player-4,48,27,59,46
88,1,26,0.07208390161395073,player-1,3,2,3,4
88,2,18,0.05420902743935585,player-2,5,8,3,5
88,3,19,0.06804196164011955,player-4,7,10,11,7
88,4,17,0.051416922360658646,player-3,11,15,14,10
88,5,18,0.05158386193215847,player-1,20,16,14,12
88,6,19,0.054541975259780884,player-3,25,16,19,13
88,7,17,0.07633306086063385,player-2,29,20,21,13
88,8,17,0.047416193410754204,player-3,31,22,24,16
88,9,17,0.07479102350771427,player-4,36,25,27,27
88,10,18,0.050999922677874565,player-2,36,28,32,27
88,11,17,0.04116608761250973,player-2,39,34,32,28
88,12,18,0.06729201413691044,player-4,40,36,34,33
88,13,20,0.05666702054440975,player-3,43,39,40,41
88,14,20,0.06600003689527512,player-4,45,49,41,46
88,15,29,0.06745802238583565,none,47,53,47,47
89,1,17,0.04462478682398796,player-3,1,1,6,0
89,2,17,0.04449998959898949,player-4,1,4,9,2
89,3,17,0.05075009539723396,player-1,6,4,15,10
89,4,18,0.04079192876815796,player-3,8,5,21,10
89,5,21,0.051208073273301125,player-3,8,6,23,10
89,6,18,0.0527501106262207,player-1,14,9,30,16
89,7,18,0.04670792259275913,player-2,16,19,30,18
89,8,17,0.04795799031853676,player-2,18,24,34,23
89,9,18,0.06070802919566631,player-4,20,27,37,25
89,10,17,0.0477079302072525,player-4,21,27,39,27
89,11,18,0.05520903505384922,player-2,24,31,39,34
89,12,19,0.04987488500773907,player-4,26,35,42,37
89,13,17,0.04624994471669197,player-3,28,35,47,37
89,14,17,0.04700012505054474,player-4,28,35,53,44
89,15,18,0.05366699770092964,player-2,34,37,56,45
89,16,19,0.04370789974927902,none,34,37,57,46
89,17,26,0.0627920962870121,none,41,41,59,48
90,1,17,0.04687486216425896,player-1,6,1,2,1
90,2,18,0.05479203537106514,player-3,6,2,12,2
90,3,17,0.05091703496873379,player-3,6,2,19,4
90,4,17,0.038250116631388664,player-4,6,2,21,9
90,5,17,0.04333397373557091,player-1,15,2,23,13
90,6,24,0.054374802857637405,player-1,20,3,26,17
90,7,21,0.051999930292367935,none,20,6,28,17
90,8,18,0.05604117177426815,player-1,23,6,31,20
90,9,17,0.07233303040266037,player-1,31,13,31,20
90,10,17,0.0764171127229929,player-2,33,20,36,23
90,11,21,0.053582945838570595,player-3,39,26,41,24
90,12,26,0.06900005973875523,player-1,42,26,48,28
90,13,17,0.0491670798510313,player-1,47,28,51,30
90,14,20,0.06845896132290363,player-1,54,30,57,33
91,1,17,0.059625133872032166,player-1,8,0,4,1
91,2,17,0.052416929975152016,player-2,11,7,6,4
91,3,17,0.04729186184704304,player-3,11,9,16,5
91,4,21,0.06316602230072021,player-4,12,15,24,5
91,5,17,0.0478341244161129,player-1,20,16,29,7
91,6,18,0.06237509660422802,player-3,20,16,33,7
91,7,17,0.0391670037060976,player-3,21,20,38,10
91,8,18,0.05425000563263893,player-1,29,20,38,14
91,9,17,0.0427919439971447,player-1,31,23,42,17
91,10,17,0.04454213194549084,player-2,31,26,50,18
91,11,19,0.052791088819503784,player-1,39,27,53,22
91,12,18,0.05512498319149017,player-1,44,29,55,27
91,13,18,0.04908395931124687,player-2,48,34,56,27
92,1,22,0.058582983911037445,none,0,5,1,3
92,2,17,0.045666005462408066,player-3,2,5,6,6
92,3,21,0.047625042498111725,player-4,4,6,8,10
92,4,18,0.06170803681015968,player-2,8,7,15,21
92,5,17,0.04687509499490261,player-2,10,13,17,21
92,6,17,0.04270789213478565,player-3,15,13,20,24
92,7,17,0.05420786328613758,player-4,15,14,23,29
92,8,17,0.041125109419226646,player-1,20,15,23,33
92,9,17,0.05054101347923279,player-2,22,21,23,33
92,10,19,0.05341717042028904,player-1,22,22,29,35
92,11,18,0.05583302117884159,player-1,30,22,33,37
92,12,20,0.07491698488593102,player-4,36,27,38,39
92,13,17,0.06474996916949749,player-2,42,28,41,43
92,14,17,0.0438750721514225,player-3,46,29,46,43
92,15,17,0.053208088502287865,player-4,46,32,51,51
92,16,19,0.05566701292991638,player-3,48,38,66,53
93,1,25,0.06233295425772667,none,5,1,2,4
93,2,17,0.03945804201066494,player-3,7,2,9,4
93,3,17,0.0588749535381794,player-4,7,4,9,7
93,4,17,0.05341600626707077,player-1,11,11,11,9
93,5,20,0.06366614252328873,player-1,16,13,14,17
93,6,17,0.0577080063521862,player-3,23,22,21,19
93,7,20,0.05516689270734787,player-3,23,24,28,22
93,8,19,0.043082982301712036,player-3,24,24,37,26
93,9,17,0.05291705019772053,player-2,25,37,39,30
93,10,20,0.05829194560647011,none,25,42,42,30
93,11,24,0.06804103031754494,player-3,25,45,49,31
93,12,18,0.07333280518651009,player-2,28,54,53,31
93,13,17,0.067500164732337,player-2,34,61,55,31
93,14,17,0.0502078328281641,player-3,37,62,62,33
93,15,17,0.042625004425644875,player-4,37,62,63,40
94,1,19,0.06287498399615288,player-2,5,0,5,3
94,2,20,0.07216585800051689,player-4,11,1,6,9
94,3,17,0.05145790055394173,player-2,11,9,7,14
94,4,17,0.07216585800051689,player-3,21,12,18,20
94,5,22,0.0452499371021986,none,21,13,18,24
94,6,18,0.045416876673698425,player-2,26,19,22,24
94,7,21,0.05216686986386776,player-2,28,22,24,28
94,8,17,0.04654098302125931,player-3,28,26,28,34
94,9,17,0.04229182377457619,player-4,31,27,28,37
94,10,17,0.05154102109372616,player-1,36,32,29,37
94,11,17,0.04000007174909115,player-2,38,41,29,39
94,12,20,0.07066689431667328,player-2,45,58,30,52
95,1,17,0.045666005462408066,player-1,6,0,2,5
95,2,17,0.041499966755509377,player-2,10,9,4,6
95,3,17,0.08683302439749241,player-3,14,11,10,6
95,4,24,0.06224983371794224,player-3,16,15,13,6
95,5,19,0.059625133872032166,player-3,17,21,19,6
95,6,18,0.048084184527397156,player-3,19,24,30,8
95,7,17,0.05875015631318092,player-3,21,26,33,12
95,8,20,0.060125021263957024,player-3,22,30,36,17
95,9,17,0.04424992948770523,player-1,29,32,36,17
95,10,19,0.04545808769762516,player-4,29,36,38,18
95,11,20,0.05425000563263893,player-2,34,40,39,20
95,12,17,0.044459011405706406,player-4,34,44,40,23
95,13,27,0.07591699250042439,none,36,45,46,27
95,14,17,0.04587508738040924,player-2,36,52,50,28
95,15,18,0.04416704177856445,player-4,40,56,54,31
95,16,17,0.07954193279147148,player-4,45,62,60,32
96,1,17,0.05508307367563248,player-4,0,3,1,4
96,2,19,0.05866703577339649,player-3,4,4,2,6
96,3,18,0.06858306005597115,player-3,9,9,10,7
96,4,17,0.059999991208314896,player-3,11,10,15,12
96,5,18,0.0577499158680439,player-1,15,12,17,13
96,6,20,0.053625088185071945,player-4,17,18,21,21
96,7,20,0.07562502287328243,player-1,23,22,23,23
96,8,19,0.04845811054110527,player-1,31,23,27,27
96,9,17,0.063000014051795,player-4,36,26,32,33
96,10,17,0.06050011143088341,player-1,45,27,34,37
96,11,20,0.04966696724295616,player-1,46,31,35,39
96,12,18,0.057541998103260994,player-4,47,35,36,41
96,13,22,0.05820789374411106,player-1,51,35,41,48
96,14,17,0.06683403626084328,player-1,56,37,45,48
97,1,17,0.0624579843133688,player-1,4,0,1,3
97,2,17,0.05970895290374756,player-2,6,8,5,7
97,3,17,0.048582907766103745,player-3,8,8,8,9
97,4,18,0.06325007416307926,player-1,18,17,10,16
97,5,17,0.0666249543428421,player-1,21,20,11,16
97,6,17,0.06145797669887543,player-2,23,26,12,16
97,7,20,0.049040885642170906,player-2,24,30,13,16
97,8,17,0.06037508137524128,player-4,26,33,15,21
97,9,17,0.05154218524694443,player-1,33,33,17,28
97,10,19,0.055999960750341415,player-4,34,38,20,34
97,11,19,0.051042065024375916,player-1,40,45,24,34
97,12,17,0.039458973333239555,player-4,40,47,25,38
97,13,20,0.06162491627037525,player-4,41,48,28,48
97,14,19,0.060582999140024185,player-4,42,51,34,50
98,1,17,0.06958306767046452,player-3,2,3,3,6
98,2,22,0.10724994353950024,player-1,5,5,3,10
98,3,19,0.06620911881327629,player-3,5,14,11,18
98,4,17,0.05487492308020592,player-2,5,24,13,21
98,5,17,0.07645809091627598,player-3,7,32,20,24
98,6,17,0.09395903907716274,player-4,9,37,24,27
98,7,20,0.05537504330277443,player-4,12,37,25,32
98,8,17,0.04612491466104984,player-2,13,43,27,34
98,9,17,0.05366699770092964,player-3,15,45,34,35
98,10,18,0.0463330652564764,player-1,16,48,36,38
98,11,18,0.05537504330277443,player-2,18,52,39,42
98,12,17,0.05829101428389549,player-2,20,61,45,50
99,1,18,0.05320901982486248,player-4,2,4,3,3
99,2,18,0.05316617898643017,player-1,14,8,9,6
99,3,17,0.07291696965694427,player-1,18,10,11,9
99,4,21,0.04854216240346432,player-2,19,13,13,11
99,5,22,0.06916699931025505,player-4,25,13,17,16
99,6,21,0.05820789374411106,player-4,26,15,19,22
99,7,17,0.04120892845094204,player-1,31,18,21,23
99,8,17,0.04224991425871849,player-2,34,24,24,24
99,9,17,0.06954115815460682,player-3,40,24,34,24
99,10,18,0.06687501445412636,player-1,43,25,35,30
99,11,20,0.06441702134907246,player-4,44,27,37,34
99,12,20,0.05687493830919266,player-1,48,32,39,37
99,13,17,0.048958929255604744,player-3,53,33,39,37
99,14,17,0.0524159986525774,player-4,54,35,43,41
99,15,17,0.04783296026289463,player-1,61,37,52,42
100,1,17,0.03983289934694767,player-1,5,0,0,2
100,2,17,0.043208012357354164,player-2,8,6,0,4
100,3,17,0.05083298310637474,player-3,9,10,2,6
100,4,19,0.049999915063381195,player-2,12,18,5,9
100,5,18,0.04449998959898949,player-2,13,19,9,11
100,6,17,0.05470891483128071,player-2,17,29,13,13
100,7,20,0.06395787931978703,player-2,18,40,15,13
100,8,19,0.06729108281433582,player-2,21,48,31,21
100,9,21,0.06191595457494259,player-1,24,51,34,21
100,10,17,0.06225006654858589,player-2,25,61,37,21
100,11,17,0.04975008778274059,player-3,30,62,42,24
100,12,17,0.05112495273351669,player-4,34,66,43,27
100,13,17,0.05445792339742184,player-1,47,67,51,31
100,14,19,0.04875008016824722,player-4,51,69,53,36
101,1,23,0.05712499842047691,player-3,5,4,2,1
101,2,18,0.060791149735450745,player-3,5,8,3,6
101,3,19,0.05633290857076645,player-1,8,10,8,7
101,4,17,0.048291170969605446,player-4,14,14,11,14
101,5,19,0.06312504410743713,player-3,17,16,19,22
101,6,17,0.05191587843000889,player-2,22,22,19,23
101,7,17,0.04912493750452995,player-3,27,30,26,23
101,8,20,0.059416983276605606,player-3,31,34,30,29
101,9,20,0.06929086521267891,player-4,42,36,47,31
101,10,17,0.04329206421971321,player-2,42,37,50,36
101,11,20,0.06137508898973465,player-2,44,41,52,37
101,12,19,0.0538751482963562,player-2,45,48,54,41
101,13,18,0.05395920015871525,player-2,46,49,59,43
102,1,19,0.060999998822808266,player-3,4,5,7,4
102,2,17,0.048666028305888176,player-2,7,9,7,4
102,3,19,0.047625042498111725,player-1,7,9,9,6
102,4,18,0.05833315663039684,player-1,9,9,14,9
102,5,17,0.042750034481287,player-1,12,14,15,9
102,6,18,0.04491605795919895,player-3,18,15,21,9
102,7,20,0.055582961067557335,player-2,19,17,21,10
102,8,17,0.053625088185071945,player-4,20,20,24,15
102,9,19,0.04495796747505665,player-3,23,21,29,15
102,10,19,0.06700004450976849,player-4,27,27,36,23
102,11,20,0.060916878283023834,player-2,30,29,41,24
102,12,23,0.08625001646578312,player-2,43,31,41,29
102,13,19,0.05095801316201687,player-3,47,32,44,33
102,14,18,0.04575005732476711,player-3,49,39,53,41
103,1,24,0.06308313459157944,player-2,2,6,2,0
103,2,17,0.03987504169344902,player-4,5,6,4,5
103,3,17,0.039082951843738556,player-1,8,6,5,8
103,4,17,0.06508291698992252,player-2,8,14,6,13
103,5,18,0.051791081205010414,player-4,8,17,6,16
103,6,23,0.06649992428719997,player-2,11,18,10,18
103,7,20,0.03979192115366459,none,13,18,10,18
103,8,19,0.044665997847914696,player-4,18,21,11,23
103,9,17,0.051042065024375916,player-3,27,21,15,27
103,10,18,0.058791832998394966,player-1,30,25,15,29
103,11,25,0.08429097943007946,player-1,38,30,19,29
103,12,17,0.0539170578122139,player-2,41,36,19,30
103,13,20,0.05916692316532135,player-2,45,40,20,33
103,14,17,0.04224991425871849,player-4,45,41,22,38
103,15,19,0.06658281199634075,player-3,50,44,24,39
103,16,22,0.05366699770092964,player-3,51,45,27,41
103,17,18,0.05366583354771137,player-4,51,50,33,49
103,18,17,0.03929180093109608,player-4,56,52,38,55
104,1,19,0.06166589446365833,player-2,3,6,1,2
104,2,21,0.06341701373457909,player-1,7,8,2,11
104,3,18,0.04491605795919895,player-3,7,13,4,13
104,4,33,0.0641669612377882,player-3,9,16,9,13
104,5,17,0.04424992948770523,player-4,12,19,12,17
104,6,24,0.04608393646776676,none,15,20,14,19
104,7,18,0.04737498238682747,player-3,22,20,17,22
104,8,17,0.07504085078835487,player-3,33,29,18,27
104,9,18,0.05220901221036911,player-1,38,32,18,33
104,10,18,0.0491670798510313,player-2,42,34,19,38
104,11,19,0.05487492308020592,player-4,44,37,24,44
104,12,19,0.0624579843133688,player-1,56,41,30,46
104,13,19,0.05766702815890312,player-2,56,44,34,46
104,14,20,0.055167125537991524,player-4,57,46,35,54
105,1,17,0.03808317705988884,player-1,7,0,2,5
105,2,17,0.054666073992848396,player-2,9,9,10,15
105,3,17,0.06145797669887543,player-3,10,9,17,17
105,4,23,0.07875007577240467,player-2,13,17,24,17
105,5,17,0.054040923714637756,player-1,17,22,33,24
105,6,17,0.06416602991521358,player-2,18,32,34,30
105,7,18,0.06312504410743713,player-4,20,37,40,30
105,8,17,0.04454096779227257,player-4,23,46,40,32
105,9,17,0.04666694439947605,player-1,33,46,42,32
105,10,17,0.049667200073599815,player-2,34,53,45,36
105,11,18,0.05070795305073261,player-4,34,59,46,40
105,12,21,0.052625080570578575,player-4,34,61,49,47
106,1,23,0.04537496715784073,none,3,0,1,1
106,2,18,0.048832967877388,player-1,5,1,3,4
106,3,25,0.07587485015392303,player-1,8,3,7,13
106,4,18,0.0539170578122139,player-3,13,11,13,14
106,5,22,0.06108405068516731,player-4,18,11,21,18
106,6,17,0.07158308289945126,player-4,24,14,27,23
106,7,17,0.03937492147088051,player-1,33,15,30,25
106,8,19,0.058791832998394966,player-4,35,16,33,33
106,9,17,0.0577080063521862,player-3,36,22,39,36
106,10,20,0.05437503568828106,player-3,36,26,43,37
106,11,17,0.04879198968410492,player-1,40,32,49,47
106,12,18,0.04716683179140091,player-3,40,33,52,50
106,13,17,0.060916878283023834,player-3,42,40,63,56
107,1,17,0.04929210990667343,player-1,9,0,3,2
107,2,17,0.041125109419226646,player-2,10,3,4,4
107,3,18,0.050416914746165276,player-4,16,4,10,10
107,4,18,0.04491605795919895,player-1,18,4,10,13
107,5,18,0.04924996756017208,player-2,20,8,12,13
107,6,17,0.04624994471669197,player-2,22,14,12,13
107,7,19,0.054958974942564964,player-1,31,20,16,15
107,8,18,0.050208065658807755,player-1,39,22,18,17
107,9,21,0.05625002086162567,player-1,44,23,23,21
107,10,17,0.061499886214733124,player-2,47,28,24,23
107,11,17,0.05608308129012585,player-3,50,32,24,29
107,12,17,0.04520895890891552,player-4,50,35,24,42
107,13,18,0.05625002086162567,none,52,36,25,43
107,14,28,0.06145797669887543,player-1,55,40,29,48
107,15,18,0.04812492989003658,player-4,56,42,31,52
107,16,27,0.047165900468826294,none,58,42,33,52
107,17,17,0.045082997530698776,player-1,61,43,36,57
108,1,20,0.05950010381639004,player-3,1,4,7,4
108,2,20,0.06537511944770813,player-4,4,6,8,9
108,3,17,0.05191704258322716,player-2,7,15,10,16
108,4,17,0.062125036492943764,player-3,9,17,13,21
108,5,17,0.06449990905821323,player-4,18,18,16,27
108,6,18,0.06008311174809933,player-2,25,32,17,33
108,7,21,0.06108405068516731,player-2,27,34,18,35
108,8,17,0.0514171551913023,player-3,29,34,23,41
108,9,17,0.05725002847611904,player-4,32,38,23,46
108,10,26,0.07487507537007332,player-2,36,42,34,50
108,11,17,0.05758390761911869,player-2,45,47,37,53
109,1,17,0.05191611126065254,player-2,3,2,0,0
109,2,17,0.04629208706319332,player-3,8,2,3,1
109,3,17,0.06641610525548458,player-4,11,4,11,7
109,4,21,0.05179201252758503,player-1,21,5,14,7
109,5,17,0.05345791578292847,player-2,21,9,17,10
109,6,18,0.04300009459257126,player-4,22,9,19,14
109,7,18,0.04837499000132084,player-1,26,9,22,18
109,8,17,0.047999899834394455,player-1,34,15,25,23
109,9,17,0.05258317105472088,player-2,38,20,25,24
109,10,17,0.04979199729859829,player-3,39,25,29,27
109,11,18,0.05845888517796993,player-1,41,25,31,32
109,12,17,0.04458311013877392,player-1,47,26,31,32
109,13,28,0.05983398295938969,none,54,35,33,38
109,14,17,0.042208004742860794,player-3,55,35,35,38
109,15,17,0.05133403465151787,player-4,57,41,36,41
109,16,18,0.05966704338788986,player-2,63,47,37,42
110,1,17,0.051083043217659,player-2,4,2,0,3
110,2,21,0.04783296026289463,player-3,4,3,6,9
110,3,20,0.071333022788167,player-3,4,5,12,17
110,4,19,0.07362500764429569,player-3,8,9,23,22
110,5,17,0.04437519237399101,player-2,10,10,25,24
110,6,18,0.05370797589421272,player-4,12,12,30,33
110,7,17,0.04429090768098831,player-4,15,12,30,35
110,8,17,0.04029087722301483,player-1,20,12,35,36
110,9,25,0.05729100666940212,player-2,22,19,37,41
110,10,18,0.06025005131959915,player-4,25,22,41,44
110,11,23,0.05466700531542301,none,25,23,43,46
110,12,18,0.052582938224077225,player-2,34,34,50,50
110,13,17,0.04545808769762516,player-2,37,47,54,61
111,1,17,0.05070795305073261,player-2,3,6,2,0
111,2,19,0.0463749747723341,player-1,6,8,4,4
111,3,20,0.04712492227554321,player-3,8,9,9,6
111,4,19,0.056791119277477264,player-3,8,10,14,9
111,5,21,0.05879206582903862,player-2,11,15,18,14
111,6,19,0.05437503568828106,player-1,24,17,24,17
111,7,17,0.04991586320102215,player-4,27,22,27,21
111,8,20,0.05270913243293762,player-4,28,23,31,21
111,9,17,0.04324992187321186,player-2,34,29,31,22
111,10,17,0.05124998278915882,player-3,37,36,34,27
111,11,26,0.053459079936146736,none,42,37,39,28
111,12,18,0.061583006754517555,player-2,44,42,41,29
111,13,19,0.06741704419255257,player-4,51,46,52,29
112,1,17,0.061959028244018555,player-1,9,5,0,3
112,2,18,0.048084184527397156,player-3,11,10,2,7
112,3,17,0.05295802839100361,player-3,17,12,7,13
112,4,17,0.04837499000132084,player-4,21,13,9,15
112,5,21,0.06274995394051075,player-1,25,19,15,16
112,6,17,0.08350005373358727,player-2,28,22,22,16
112,7,17,0.05783303640782833,player-3,28,23,31,20
112,8,19,0.05800020880997181,player-2,30,26,31,22
112,9,17,0.04691700451076031,player-1,40,26,36,27
112,10,23,0.0689169391989708,player-4,45,34,39,32
112,11,17,0.0552500132471323,player-3,53,38,48,35
113,1,17,0.056833960115909576,player-3,2,3,1,0
113,2,17,0.059542013332247734,player-4,5,8,6,0
113,3,19,0.05095801316201687,player-3,5,11,11,7
113,4,17,0.060416990891098976,player-2,5,21,12,9
113,5,18,0.04224991425871849,player-4,5,24,15,16
113,6,17,0.048459041863679886,player-4,5,26,20,19
113,7,22,0.07754191756248474,player-2,12,37,23,27
113,8,17,0.051416922360658646,player-2,14,41,26,30
113,9,18,0.03954209387302399,none,14,43,27,30
113,10,18,0.04241708666086197,player-1,18,45,29,32
113,11,19,0.05049980245530605,player-3,24,49,34,35
113,12,23,0.07016584277153015,player-4,30,51,34,37
113,13,17,0.051999930292367935,player-3,31,56,41,38
113,14,17,0.05779205821454525,player-4,32,59,47,46
114,1,17,0.05783303640782833,player-1,4,3,3,3
114,2,19,0.04679197445511818,player-4,4,5,6,8
114,3,19,0.05674990825355053,player-1,17,7,12,12
114,4,18,0.03754184581339359,player-1,22,8,13,12
114,5,25,0.05112495273351669,none,24,11,13,12
114,6,17,0.06808293983340263,player-2,27,18,13,13
114,7,21,0.08187512867152691,player-3,30,22,18,16
114,8,17,0.06408290937542915,player-4,33,23,19,20
114,9,17,0.04795799031853676,player-1,35,25,23,20
114,10,17,0.04850002005696297,player-2,36,28,23,25
114,11,17,0.04670792259275913,player-3,36,31,27,30
114,12,19,0.05237502045929432,player-2,36,33,27,35
114,13,17,0.03933301195502281,player-1,40,35,28,35
114,14,17,0.047459034249186516,player-2,43,42,30,39
114,15,17,0.04933285526931286,player-3,44,42,38,41
114,16,18,0.04695798270404339,player-1,49,42,40,45
114,17,17,0.04787510260939598,player-1,54,42,41,47
114,18,18,0.04337495192885399,player-3,56,44,46,49
115,1,19,0.05466700531542301,player-2,3,8,5,3
115,2,17,0.04875008016824722,player-1,7,10,7,8
115,3,19,0.0377921387553215,none,7,10,9,10
115,4,17,0.039250124245882034,player-3,8,11,12,12
115,5,18,0.040416838601231575,player-1,12,13,14,14
115,6,19,0.0541249755769968,player-3,17,19,16,15
115,7,17,0.058374833315610886,player-2,19,28,17,15
115,8,19,0.0635830219835043,player-1,22,33,17,17
115,9,17,0.06633298471570015,player-4,22,38,17,32
115,10,18,0.05091610364615917,player-2,23,43,19,36
115,11,19,0.05966704338788986,player-4,25,44,28,38
115,12,18,0.06783311255276203,player-4,26,49,37,41
115,13,20,0.04870886914432049,player-3,32,57,43,43
116,1,17,0.05425000563263893,player-2,1,5,1,0
116,2,17,0.06150011904537678,player-3,2,7,6,3
116,3,17,0.053041847422719,player-4,7,7,6,15
116,4,20,0.06679189391434193,player-4,10,8,6,21
116,5,17,0.053999945521354675,player-2,18,10,12,21
116,6,24,0.055582961067557335,player-2,18,16,13,24
116,7,17,0.060582999140024185,player-4,21,16,13,28
116,8,17,0.04654098302125931,player-1,24,16,15,31
116,9,29,0.0641669612377882,player-2,25,19,20,32
116,10,17,0.1330419909209013,player-3,27,20,22,34
116,11,19,0.04879198968410492,player-2,29,26,26,35
116,12,21,0.0694170594215393,player-1,35,29,28,38
116,13,19,0.060957856476306915,player-4,36,31,31,48
116,14,17,0.04487507976591587,player-3,36,32,33,52
116,15,17,0.04966696724295616,player-4,36,34,35,57
116,16,17,0.03879214636981487,player-1,42,35,39,57
116,17,17,0.06266683340072632,player-2,44,38,39,60
116,18,29,0.08291704580187798,player-3,46,39,43,60
116,19,17,0.05558319389820099,player-4,49,41,47,65
117,1,17,0.04975008778274059,player-3,3,4,3,0
117,2,18,0.05016615614295006,player-1,8,8,6,1
117,3,21,0.06425008177757263,player-1,13,12,8,7
117,4,21,0.06108405068516731,player-2,20,15,14,17
117,5,24,0.067833811044693,player-2,22,23,17,20
117,6,18,0.05262484773993492,player-1,24,24,18,25
117,7,21,0.06404193118214607,player-1,31,29,23,32
117,8,19,0.051999930292367935,player-4,33,31,28,38
117,9,18,0.059416983276605606,player-4,35,33,37,40
117,10,17,0.04983297549188137,player-4,35,37,42,43
117,11,19,0.05633290857076645,player-3,37,37,44,43
117,12,18,0.047666020691394806,player-3,37,43,48,51
117,13,17,0.044999876990914345,player-3,39,45,53,55
118,1,17,0.05187490023672581,player-2,0,6,4,2
118,2,17,0.04504178650677204,player-3,0,8,7,3
118,3,17,0.042125117033720016,player-4,0,10,7,9
118,4,18,0.04850002005696297,player-2,1,17,11,12
118,5,19,0.04666694439947605,player-4,3,18,13,12
118,6,28,0.056042103096842766,none,3,19,16,14
118,7,18,0.038250116631388664,player-1,6,22,17,20
118,8,17,0.04891701973974705,player-1,14,24,17,20
118,9,18,0.05224999040365219,player-3,18,30,20,27
118,10,20,0.05266699008643627,player-2,24,36,23,29
118,11,17,0.05579204298555851,player-4,25,36,28,35
118,12,17,0.05708402022719383,player-1,32,36,30,39
118,13,17,0.05274987779557705,player-2,32,42,32,39
118,14,18,0.057582976296544075,player-4,33,46,34,46
118,15,17,0.05224999040365219,player-4,35,49,37,48
118,16,18,0.04191696643829346,player-2,39,50,39,50
119,1,22,0.05754106678068638,player-2,6,4,5,3
119,2,19,0.05687493830919266,player-4,12,6,11,8
119,3,17,0.06029196083545685,player-3,14,7,19,11
119,4,18,0.054459087550640106,player-1,19,8,23,14
119,5,17,0.04975008778274059,player-1,29,11,26,17
119,6,22,0.044457847252488136,player-3,29,11,34,20
119,7,17,0.04175002686679363,player-3,33,11,40,20
119,8,19,0.05891709588468075,player-2,34,19,42,22
119,9,17,0.04170788452029228,player-1,39,19,44,27
119,10,20,0.06533297710120678,player-1,44,20,44,31
119,11,17,0.03975001163780689,player-3,44,21,45,33
119,12,20,0.049165915697813034,player-3,44,21,47,38
119,13,18,0.04729093052446842,player-2,48,30,47,41
119,14,17,0.05737505853176117,player-2,51,35,50,41
120,1,22,0.06620795466005802,player-3,1,2,5,8
120,2,20,0.0552500132471323,player-2,4,3,10,13
120,3,18,0.05308398976922035,player-1,7,6,14,15
120,4,19,0.06433413363993168,player-3,12,23,22,27
120,5,27,0.0753339845687151,player-4,15,27,27,31
120,6,19,0.0513328704982996,player-1,19,28,31,32
120,7,18,0.05224999040365219,player-1,21,31,33,35
120,8,18,0.04454189911484718,player-2,23,42,34,35
120,9,17,0.05575013346970081,player-2,23,46,38,37
120,10,20,0.05195802077651024,player-2,29,51,42,38
120,11,18,0.04449998959898949,player-1,34,52,46,41
120,12,17,0.06437511183321476,player-1,41,56,49,45
121,1,19,0.048208050429821014,player-4,5,10,7,1
121,2,18,0.054999953135848045,player-4,9,13,8,7
121,3,17,0.0463749747723341,player-4,9,16,13,14
121,4,21,0.0499580055475235,player-1,11,16,18,15
121,5,17,0.04658312536776066,player-2,23,20,20,15
121,6,26,0.06841612048447132,player-4,25,23,26,16
121,7,17,0.05066697485744953,player-4,25,25,28,21
121,8,17,0.047459034249186516,player-1,33,27,30,24
121,9,25,0.07129088044166565,player-2,36,30,35,27
121,10,18,0.054541975259780884,player-4,43,36,38,33
121,11,19,0.04416611045598984,player-2,47,40,40,38
121,12,18,0.04820898175239563,player-2,49,49,41,39
121,13,17,0.040207989513874054,player-2,50,53,45,45
121,14,19,0.05237502045929432,player-1,56,53,46,48
122,1,26,0.05645817145705223,player-3,1,3,2,3
122,2,17,0.0517088919878006,player-3,6,7,12,6
122,3,19,0.06595905870199203,player-2,8,11,12,12
122,4,17,0.06083305925130844,player-1,12,11,13,14
122,5,17,0.05237502045929432,player-2,14,14,19,14
122,6,17,0.05324999801814556,player-3,17,15,26,16
122,7,17,0.0575000885874033,player-4,17,17,29,25
122,8,17,0.04820898175239563,player-1,19,17,29,28
122,9,18,0.049708178266882896,player-3,20,21,30,28
122,10,19,0.05666702054440975,player-1,24,25,33,28
122,11,17,0.04216702654957771,player-4,29,28,38,30
122,12,17,0.052374787628650665,player-1,34,28,39,33
122,13,18,0.054416945204138756,player-3,36,33,46,33
122,14,17,0.04991702735424042,player-3,37,33,53,36
122,15,18,0.06308313459157944,player-1,40,38,57,36
122,16,20,0.06975000724196434,player-4,44,39,57,41
123,1,18,0.05537504330277443,player-1,3,3,5,1
123,2,17,0.05587493069469929,player-1,14,3,6,1
123,3,17,0.057582976296544075,player-2,14,11,6,6
123,4,17,0.06241584196686745,player-3,16,11,14,6
123,5,24,0.06395811215043068,player-3,16,14,24,6
123,6,17,0.0541668850928545,player-1,21,17,30,13
123,7,18,0.05716620944440365,player-3,23,21,35,15
123,8,18,0.05475012585520744,player-4,24,21,40,20
123,9,17,0.05237502045929432,player-4,27,21,41,23
123,10,16,0.038250116631388664,none,28,21,42,23
123,11,19,0.0724999699741602,player-4,34,24,43,24
123,12,17,0.05154102109372616,player-3,36,26,51,25
123,13,17,0.05445792339742184,player-4,36,26,56,32
123,14,18,0.05308398976922035,player-2,40,31,56,34
123,15,17,0.06387499161064625,player-2,42,36,56,38
123,16,17,0.05116616375744343,player-3,44,36,64,38
124,1,17,0.045625027269124985,player-3,0,2,6,3
124,2,19,0.08233403787016869,player-2,13,8,10,9
124,3,19,0.08212495595216751,player-3,25,17,29,15
124,4,18,0.05429098382592201,player-3,29,17,35,15
124,5,18,0.06541702896356583,player-4,31,21,38,18
124,6,22,0.05962490104138851,player-1,36,23,40,23
124,7,17,0.05095801316201687,player-1,39,27,42,31
124,8,17,0.05462486296892166,player-2,41,36,45,33
124,9,19,0.05345884710550308,player-1,44,36,52,35
124,10,18,0.04904111847281456,player-1,45,37,56,40
125,1,23,0.05270796827971935,player-2,3,6,1,0
125,2,19,0.052958959713578224,player-3,4,10,8,0
125,3,17,0.05533290095627308,player-2,8,17,11,11
125,4,17,0.05270796827971935,player-3,10,19,11,13
125,5,17,0.04674983210861683,player-4,13,19,13,18
125,6,17,0.04204106517136097,player-1,15,21,15,18
125,7,17,0.06583286449313164,player-2,15,28,17,21
125,8,17,0.05245814099907875,player-3,16,30,20,24
125,9,17,0.07183291018009186,player-4,19,33,25,29
125,10,17,0.06479187868535519,player-1,27,40,35,29
125,11,19,0.0728340819478035,player-4,27,45,38,37
125,12,17,0.04820781759917736,player-3,34,45,41,37
125,13,22,0.05650008097290993,player-1,39,45,46,40
125,14,17,0.05908403545618057,player-1,43,48,46,44
125,15,18,0.10754191316664219,player-3,46,49,54,49
126,1,19,0.05045882426202297,player-1,3,1,0,4
126,2,18,0.045708147808909416,player-1,11,1,2,6
126,3,19,0.0902500469237566,player-3,15,7,6,13
126,4,17,0.06258301436901093,player-2,16,11,6,14
126,5,17,0.07508299313485622,player-3,22,12,16,17
126,6,17,0.05016708746552467,player-4,23,12,16,20
126,7,20,0.05762488581240177,player-4,26,14,19,25
126,8,27,0.08245906792581081,player-4,28,20,24,32
126,9,24,0.059125013649463654,player-2,33,26,28,32
126,10,17,0.06979098543524742,player-4,36,35,28,38
126,11,21,0.0665830448269844,player-1,38,44,33,50
126,12,21,0.05791708827018738,player-2,44,47,34,50
126,13,20,0.08525000885128975,player-2,54,51,39,52
127,1,17,0.04516681656241417,player-2,2,1,1,3
127,2,18,0.050582922995090485,player-4,3,1,7,4
127,3,17,0.04391605034470558,player-4,5,2,9,14
127,4,20,0.05191587843000889,player-4,7,10,9,19
127,5,26,0.07241591811180115,player-3,13,12,11,25
127,6,17,0.08120900020003319,player-3,18,14,15,28
127,7,21,0.058459118008613586,player-4,20,18,20,36
127,8,17,0.067457789555192,player-1,26,20,25,43
127,9,32,0.06795814260840416,player-1,30,22,28,44
127,10,18,0.0475000124424696,player-4,35,23,34,53
127,11,17,0.04937499761581421,player-4,37,23,37,58
127,12,18,0.059499870985746384,player-2,41,24,39,61
127,13,18,0.05016708746552467,player-3,43,26,40,61
127,14,18,0.052666058763861656,player-4,45,30,40,65
127,15,18,0.04912493750452995,player-1,49,30,45,69
127,16,24,0.05866703577339649,none,49,32,49,72
128,1,17,0.06812508217990398,player-4,3,2,1,1
128,2,17,0.05408306606113911,player-1,6,4,3,2
128,3,17,0.06174994632601738,player-2,7,11,3,7
128,4,17,0.05012494511902332,player-3,11,11,7,8
128,5,18,0.050999922677874565,player-1,17,14,8,10
128,6,17,0.04791701212525368,player-1,21,17,8,12
128,7,20,0.05829194560647011,player-1,29,23,10,12
128,8,18,0.05095801316201687,player-4,31,23,11,16
128,9,19,0.05729217082262039,player-2,35,31,11,18
128,10,23,0.0692091416567564,player-3,37,32,20,20
128,11,17,0.06066705100238323,player-2,39,35,22,24
128,12,17,0.04391605034470558,player-3,40,36,34,25
128,13,19,0.04400010220706463,player-2,41,42,34,27
128,14,17,0.053165946155786514,player-1,45,42,39,27
128,15,18,0.0785409938544035,player-3,51,46,43,35
128,16,20,0.0563750509172678,player-2,52,56,44,39
128,17,19,0.050042057409882545,player-2,54,60,44,41
129,1,22,0.06320793181657791,player-3,1,3,9,4
129,2,21,0.05720788612961769,player-3,2,5,19,4
129,3,21,0.055582961067557335,player-4,6,7,24,15
129,4,24,0.04741596058011055,none,7,10,24,15
129,5,17,0.05537504330277443,player-2,7,11,24,17
129,6,17,0.0417088158428669,player-3,8,14,31,19
129,7,17,0.04954100586473942,player-4,12,17,35,22
129,8,17,0.05833315663039684,player-1,14,22,37,26
129,9,17,0.049416907131671906,player-2,18,27,37,28
129,10,20,0.0577499158680439,player-2,21,30,41,31
129,11,20,0.05187513306736946,player-3,24,32,46,32
129,12,19,0.06770784966647625,player-3,28,36,50,33
129,13,17,0.0439169816672802,player-2,29,43,51,34
129,14,24,0.062499893829226494,player-2,31,52,60,34
129,15,17,0.07075001485645771,player-4,37,58,64,39
130,1,17,0.045625027269124985,player-3,1,2,3,0
130,2,17,0.052042072638869286,player-4,1,4,3,6
130,3,18,0.051791081205010414,player-2,2,15,4,13
130,4,17,0.0463330652564764,player-2,4,26,4,13
130,5,24,0.06670807488262653,player-2,6,31,10,22
130,6,19,0.06229197606444359,player-2,10,41,10,24
130,7,17,0.05016685463488102,player-1,19,43,13,25
130,8,17,0.048625050112605095,player-2,20,49,16,27
130,9,18,0.0705840066075325,player-4,25,52,16,30
130,10,17,0.043082982301712036,player-4,25,52,16,36
130,11,20,0.053666066378355026,player-4,29,54,20,43
130,12,17,0.05308305844664574,player-2,36,57,29,47
131,1,17,0.057791825383901596,player-3,3,3,6,0
131,2,19,0.055999960750341415,player-2,12,6,13,1
131,3,17,0.048832967877388,player-1,17,6,14,2
131,4,17,0.06966711953282356,player-2,17,7,15,6
131,5,17,0.057540833950042725,player-3,19,9,23,7
131,6,18,0.05708402022719383,player-1,22,9,25,11
131,7,19,0.05862489342689514,player-3,25,13,34,15
131,8,17,0.0624579843133688,player-2,29,19,34,17
131,9,21,0.07141684181988239,player-3,32,21,44,18
131,10,19,0.05287490785121918,player-2,32,23,48,20
131,11,17,0.06166682578623295,player-1,36,25,51,21
131,12,19,0.05929102189838886,player-4,38,28,55,29
131,13,17,0.05054101347923279,player-3,42,32,58,29
132,1,17,0.0524579081684351,player-1,3,0,2,4
132,2,17,0.04312512464821339,player-2,5,3,5,4
132,3,18,0.044708140194416046,player-4,5,5,10,7
132,4,17,0.06683287210762501,player-4,6,7,19,14
132,5,18,0.051666051149368286,player-2,9,11,19,16
132,6,17,0.04879222251474857,player-2,13,15,23,21
132,7,17,0.04433305002748966,player-3,16,15,27,24
132,8,19,0.058542005717754364,player-2,16,17,29,26
132,9,17,0.05108397454023361,player-1,17,21,29,26
132,10,17,0.05349982529878616,player-2,17,27,36,31
132,11,19,0.04724995233118534,player-1,25,30,38,32
132,12,17,0.05387491546571255,player-4,27,30,40,33
132,13,18,0.04737498238682747,player-2,28,38,41,33
132,14,27,0.0638328492641449,none,28,38,43,33
132,15,20,0.08183321915566921,player-2,31,39,45,35
132,16,17,0.0516669824719429,player-4,33,41,47,43
132,17,22,0.07366714999079704,player-2,38,50,47,46
132,18,17,0.06337487138807774,player-2,39,55,47,49
133,1,17,0.05966704338788986,player-3,0,8,3,10
133,2,18,0.05779089406132698,player-1,11,11,6,13
133,3,17,0.065250089392066,player-1,22,11,6,16
133,4,20,0.08316687308251858,player-1,28,14,11,18
133,5,18,0.051042065024375916,player-4,28,16,13,24
133,6,18,0.048667192459106445,player-1,36,23,17,29
133,7,19,0.061416998505592346,player-3,38,29,19,32
133,8,21,0.05937507376074791,player-2,43,34,24,35
133,9,17,0.05220784805715084,player-3,43,35,29,38
133,10,17,0.07125013507902622,player-4,44,39,31,40
133,11,21,0.05566701292991638,player-1,47,42,34,41
133,12,17,0.05879206582903862,player-2,53,47,34,43
133,13,20,0.19245781004428864,player-2,58,56,38,44
134,1,19,0.059582991525530815,player-2,0,5,6,4
134,2,21,0.05666702054440975,player-1,9,9,6,5
134,3,18,0.07091718725860119,player-3,13,10,8,10
134,4,19,0.059125013649463654,player-1,21,12,11,13
134,5,20,0.04737498238682747,player-3,23,13,15,14
134,6,29,0.06879190914332867,player-1,27,14,18,18
134,7,21,0.0691248569637537,player-2,27,22,21,18
134,8,18,0.052416929975152016,player-4,27,22,24,23
134,9,17,0.05195802077651024,player-4,27,24,31,27
134,10,17,0.049833906814455986,player-1,31,26,34,36
134,11,18,0.04979199729859829,player-3,32,32,39,37
134,12,18,0.06670784205198288,player-4,38,33,50,38
134,13,17,0.05729217082262039,player-4,42,38,57,41
134,14,17,0.06674998439848423,player-1,44,41,60,41
135,1,17,0.0627920962870121,player-3,0,3,9,3
135,2,17,0.05550007335841656,player-4,5,4,11,7
135,3,17,0.05970802158117294,player-1,12,6,14,9
135,4,19,0.060416990891098976,player-4,13,8,17,13
135,5,17,0.05124998278915882,player-3,19,9,18,20
135,6,23,0.0663751270622015,player-2,19,16,28,27
135,7,18,0.057165976613759995,player-2,22,17,31,28
135,8,18,0.06566708907485008,player-3,24,18,35,30
135,9,17,0.047625042498111725,player-3,27,19,41,30
135,10,20,0.05254102870821953,player-3,31,19,53,32
135,11,23,0.06279093213379383,player-3,32,19,58,33
135,12,17,0.06324984133243561,player-2,38,24,61,39
135,13,18,0.07395888678729534,player-4,45,27,64,41
136,1,37,0.08479109965264797,player-3,1,5,3,0
136,2,17,0.05124998278915882,player-4,3,10,7,4
136,3,17,0.05991710349917412,player-1,8,12,9,6
136,4,20,0.06704195402562618,player-1,13,15,13,6
136,5,17,0.062125036492943764,player-3,18,16,18,6
136,6,17,0.05666702054440975,player-4,26,16,23,17
136,7,17,0.07524993270635605,player-1,37,18,23,20
136,8,20,0.06762496195733547,player-1,41,20,23,22
136,9,18,0.06245914846658707,player-4,41,21,27,24
136,10,24,0.05874992348253727,player-3,42,23,28,25
136,11,18,0.06816699169576168,player-2,46,24,31,27
136,12,18,0.0754999928176403,player-3,48,26,36,31
136,13,17,0.05845795385539532,player-3,48,29,39,31
136,14,17,0.05825003609061241,player-4,51,34,42,37
136,15,17,0.04454189911484718,player-1,55,34,45,40
137,1,17,0.06041605956852436,player-2,1,6,1,4
137,2,18,0.055416952818632126,player-4,1,10,4,12
137,3,17,0.04487507976591587,player-4,1,11,8,14
137,4,20,0.07587485015392303,player-4,4,14,8,24
137,5,17,0.056666089221835136,player-2,8,18,11,32
137,6,20,0.07262500002980232,player-2,8,21,15,41
137,7,18,0.05775014869868755,player-1,10,25,18,42
137,8,18,0.05395803600549698,player-2,13,29,20,42
137,9,18,0.046208035200834274,player-3,16,33,23,43
137,10,17,0.056374818086624146,player-3,17,36,27,47
137,11,20,0.05579087883234024,player-3,19,36,35,50
137,12,24,0.09612506255507469,player-4,24,40,38,52
137,13,19,0.061125028878450394,player-4,28,41,39,57
137,14,17,0.061416998505592346,player-3,33,41,44,59
138,1,18,0.07679197005927563,player-1,5,2,7,7
138,2,17,0.050999922677874565,player-1,9,5,12,13
138,3,17,0.06412481889128685,player-2,12,8,17,18
138,4,17,0.04733284004032612,player-3,12,9,22,19
138,5,18,0.060499878600239754,player-1,23,9,22,20
138,6,18,0.06029079668223858,player-2,25,13,22,22
138,7,19,0.04841713234782219,player-4,27,14,23,29
138,8,17,0.07679197005927563,player-3,29,16,29,32
138,9,17,0.05608308129012585,player-4,32,23,33,36
138,10,17,0.056416960433125496,player-1,33,24,37,39
138,11,19,0.07495819590985775,player-4,33,26,41,40
138,12,17,0.044082989916205406,player-3,33,26,48,44
138,13,18,0.06908318027853966,player-1,36,31,49,52
138,14,20,0.08999998681247234,player-4,36,36,56,59
138,15,18,0.06283307448029518,player-3,39,39,60,65
139,1,19,0.07004197686910629,player-2,5,6,3,4
139,2,17,0.08004205301404,player-1,9,10,8,10
139,3,17,0.059125013649463654,player-2,11,14,8,12
139,4,17,0.07112487219274044,player-3,14,22,11,17
139,5,17,0.05379202775657177,player-4,17,27,15,20
139,6,19,0.05845795385539532,player-3,19,30,18,23
139,7,17,0.05475012585520744,player-2,19,33,21,27
139,8,22,0.06695883348584175,player-4,19,37,26,35
139,9,18,0.07237493991851807,player-1,21,39,26,36
139,10,17,0.04679197445511818,player-1,26,39,26,37
139,11,17,0.0713749323040247,player-2,31,42,29,38
139,12,17,0.059582991525530815,player-3,35,42,30,41
139,13,18,0.06679189391434193,player-1,43,45,36,46
139,14,18,0.07370905950665474,player-2,50,52,40,50
140,1,18,0.05029095336794853,player-2,0,15,0,3
140,2,18,0.05237502045929432,player-3,2,20,7,7
140,3,18,0.06937514990568161,player-4,11,20,16,13
140,4,17,0.0413751695305109,player-4,12,25,16,28
140,5,25,0.07391604594886303,player-1,20,26,17,30
140,6,20,0.07824995554983616,player-1,24,29,19,37
140,7,19,0.06570899859070778,player-1,27,37,28,43
140,8,20,0.0539170578122139,player-3,27,37,29,46
140,9,18,0.052958959713578224,player-2,36,38,33,47
140,10,19,0.05833408795297146,player-4,36,42,36,50
140,11,19,0.06541586481034756,player-1,43,49,41,57
141,1,18,0.06350013427436352,player-3,5,4,4,0
141,2,17,0.06445799954235554,player-3,9,8,5,2
141,3,17,0.04908395931124687,player-4,9,10,9,8
141,4,17,0.05337502807378769,player-1,14,12,16,11
141,5,20,0.060959020629525185,player-1,14,14,21,18
141,6,17,0.052042072638869286,player-3,19,15,26,22
141,7,17,0.08908403106033802,player-4,22,16,27,34
141,8,17,0.05024997517466545,player-1,24,17,29,37
141,9,17,0.09750016033649445,player-2,29,22,33,43
141,10,18,0.053040916100144386,player-4,29,24,33,45
141,11,17,0.058582983911037445,player-4,29,25,39,50
141,12,22,0.27604098431766033,player-2,29,39,39,50
141,13,20,0.08208304643630981,player-1,36,41,39,53
141,14,17,0.04795799031853676,player-3,42,42,49,53
141,15,18,0.05587493069469929,player-1,46,42,52,55
141,16,18,0.05324999801814556,player-2,53,50,53,56
142,1,21,0.23895804770290852,player-4,3,2,2,1
142,2,17,0.05208305083215237,player-1,6,4,2,3
142,3,18,0.04837499000132084,player-3,8,5,2,6
142,4,17,0.06874999962747097,player-3,11,7,12,7
142,5,17,0.045999884605407715,player-4,12,11,14,14
142,6,17,0.04283292219042778,player-1,16,15,14,16
142,7,17,0.06733299233019352,player-2,18,19,18,17
142,8,17,0.05874992348253727,player-3,24,21,21,19
142,9,17,0.052666058763861656,player-4,27,21,21,27
142,10,17,0.04329183138906956,player-1,31,22,21,31
142,11,18,0.04712492227554321,player-3,32,27,27,31
142,12,17,0.044958898797631264,player-3,36,28,36,31
142,13,17,0.07004197686910629,player-4,39,32,36,37
142,14,18,0.08937506936490536,player-2,41,38,38,37
142,15,17,0.13470882549881935,player-2,41,41,38,39
142,16,17,0.05091703496873379,player-3,44,41,43,39
142,17,31,0.08833291940391064,player-2,47,46,44,41
142,18,17,0.04937499761581421,player-1,53,47,44,46
142,19,19,0.05608308129012585,player-4,53,53,48,48
143,1,25,0.07008388638496399,none,0,0,4,4
143,2,17,0.05474989302456379,player-1,5,2,6,6
143,3,17,0.054208096116781235,player-2,7,5,6,15
143,4,21,0.05983281880617142,player-3,10,5,12,16
143,5,17,0.04400010220706463,player-4,12,5,12,24
143,6,20,0.06054108962416649,player-4,15,5,14,27
143,7,22,0.04687486216425896,none,15,7,15,27
143,8,18,0.06970786489546299,player-4,19,8,19,30
143,9,17,0.04375004209578037,player-4,20,9,19,34
143,10,18,0.08437479846179485,player-2,24,11,27,36
143,11,20,0.049541937187314034,player-1,31,14,28,39
143,12,21,0.06666616536676884,player-3,34,17,34,46
143,13,19,0.0527501106262207,player-2,35,19,36,48
143,14,18,0.051208073273301125,player-2,37,23,36,49
143,15,21,0.060582999140024185,player-2,42,26,37,49
143,16,17,0.058416975662112236,player-3,43,30,42,53
143,17,19,0.06591691635549068,player-2,45,36,42,58
143,18,17,0.04683295264840126,player-1,55,36,43,63
143,19,18,0.0641669612377882,player-3,56,39,46,63
144,1,20,0.06462517194449902,player-4,4,3,12,2
144,2,17,0.047667184844613075,player-2,13,10,15,7
144,3,25,0.0679998192936182,player-3,19,12,22,14
144,4,18,0.07304106839001179,player-1,21,16,25,17
144,5,20,0.06679096259176731,player-4,25,21,27,26
144,6,17,0.04329183138906956,player-2,26,28,30,29
144,7,20,0.05150004290044308,player-2,28,33,33,33
144,8,26,0.055165961384773254,none,30,35,34,37
144,9,18,0.05174987018108368,player-2,37,36,34,43
144,10,17,0.05070911720395088,player-2,37,40,36,46
144,11,19,0.04912493750452995,player-1,41,40,39,48
144,12,19,0.06737490184605122,player-2,43,42,45,54
144,13,21,0.04445808008313179,none,45,42,46,55
144,14,17,0.046999892219901085,player-2,47,47,46,57
145,1,17,0.051416922360658646,player-2,1,3,4,7
145,2,17,0.050250208005309105,player-3,6,3,16,10
145,3,18,0.06337510421872139,player-1,10,7,18,12
145,4,17,0.05291705019772053,player-1,17,8,21,14
145,5,17,0.0463749747723341,player-2,17,14,23,15
145,6,19,0.04874984733760357,player-1,20,16,25,17
145,7,17,0.05179201252758503,player-4,22,18,26,22
145,8,27,0.06070896051824093,player-3,22,26,26,26
145,9,17,0.04295818507671356,player-2,24,37,29,26
145,10,21,0.062125036492943764,player-3,28,39,32,29
145,11,23,0.0663751270622015,player-2,30,45,37,40
145,12,20,0.05516619421541691,player-4,32,47,37,47
145,13,17,0.05437503568828106,player-2,32,52,37,47
145,14,26,0.08516618981957436,player-4,32,54,43,60
146,1,19,0.06866711191833019,player-1,4,5,6,1
146,2,19,0.049625057727098465,player-2,5,8,8,2
146,3,18,0.05683302879333496,player-2,9,10,10,2
146,4,17,0.08095800876617432,player-2,12,16,18,6
146,5,17,0.05616690032184124,player-3,17,16,26,6
146,6,17,0.04629208706319332,player-4,18,16,28,12
146,7,17,0.050958944484591484,player-1,21,18,30,14
146,8,17,0.053582945838570595,player-2,22,24,32,14
146,9,19,0.04879198968410492,player-1,26,27,35,14
146,10,20,0.07858383469283581,player-3,31,29,41,17
146,11,18,0.0710408203303814,player-2,34,36,41,22
146,12,19,0.06258301436901093,player-4,38,39,49,29
146,13,32,0.06329198367893696,player-2,40,45,53,30
146,14,18,0.0603341031819582,player-1,45,47,53,32
146,15,17,0.06724987179040909,player-1,46,54,53,36
146,16,17,0.06520794704556465,player-2,47,59,58,38
147,1,17,0.05145790055394173,player-1,4,3,2,4
147,2,18,0.0439169816672802,player-3,8,6,9,5
147,3,19,0.05891709588468075,player-1,17,8,17,5
147,4,17,0.060125021263957024,player-4,19,11,19,10
147,5,17,0.05425000563263893,player-1,22,11,24,10
147,6,25,0.06408290937542915,player-2,26,19,26,12
147,7,21,0.07491698488593102,player-3,27,22,33,12
147,8,17,0.0666249543428421,player-4,29,24,34,17
147,9,22,0.3114580176770687,player-2,30,28,42,19
147,10,17,0.10383385233581066,player-2,34,35,45,22
147,11,19,0.0730419997125864,player-1,37,35,48,25
147,12,18,0.05029095336794853,player-1,43,40,49,25
147,13,18,0.06150011904537678,player-2,45,46,52,26
147,14,20,0.06516696885228157,player-1,48,48,55,28
148,1,17,0.05445792339742184,player-3,4,7,1,0
148,2,17,0.2740409690886736,player-4,4,7,2,6
148,3,17,0.05954108200967312,player-1,10,8,4,8
148,4,30,0.07187505252659321,none,10,13,6,9
148,5,19,0.05262484773993492,player-1,15,13,8,15
148,6,17,0.05387491546571255,player-4,15,13,11,24
148,7,17,0.06545800715684891,player-1,18,15,13,24
148,8,17,0.04933401942253113,player-2,18,17,16,25
148,9,18,0.05608308129012585,player-4,21,18,19,30
148,10,21,0.06466708146035671,player-4,21,19,23,34
148,11,17,0.0552500132471323,player-1,26,19,23,38
148,12,21,0.05725002847611904,player-2,26,22,27,42
148,13,17,0.061333877965807915,player-3,31,24,32,42
148,14,17,0.05145813338458538,player-4,32,25,33,45
148,15,23,0.07479195483028889,player-3,36,27,43,48
148,16,17,0.05687493830919266,player-2,45,34,46,49
148,17,17,0.05162484012544155,player-3,46,34,49,51
148,18,19,0.05779089406132698,player-2,46,37,49,55
148,19,17,0.19429204985499382,player-1,52,39,49,58
149,1,17,0.08695782162249088,player-4,3,2,4,2
149,2,19,0.1233341172337532,player-3,7,6,4,2
149,3,17,0.30387495644390583,player-2,12,14,11,7
149,4,18,0.1985419075936079,player-4,15,14,13,16
149,5,17,0.06145890802145004,player-4,20,16,21,25
149,6,18,0.05024997517466545,player-2,22,19,21,25
149,7,17,0.0463749747723341,player-2,24,25,27,31
149,8,20,0.06174994632601738,player-2,26,32,28,32
149,9,38,0.08012494072318077,player-1,29,34,30,34
149,10,17,0.0637909397482872,player-1,32,38,31,40
149,11,18,0.048208050429821014,player-3,34,39,37,41
149,12,17,0.047582900151610374,player-3,34,40,41,44
149,13,20,0.051042065024375916,player-3,37,43,46,46
149,14,17,0.054541975259780884,player-1,39,46,49,48
149,15,17,0.07075001485645771,player-2,45,52,52,48
150,1,17,0.053999945521354675,player-4,4,0,1,2
150,2,17,0.06516603752970695,player-1,13,5,1,6
150,3,21,0.04424992948770523,none,15,8,1,7
150,4,18,0.05783280357718468,player-4,15,12,3,9
150,5,17,0.05083298310637474,player-4,16,14,7,13
150,6,20,0.058125006034970284,player-4,21,14,8,19
150,7,19,0.05087489262223244,player-4,21,16,9,23
150,8,18,0.047791050747036934,player-4,26,16,14,27
150,9,18,0.060999998822808266,player-1,30,18,17,32
150,10,17,0.0510411337018013,player-1,34,18,23,36
150,11,17,0.0588330440223217,player-2,37,22,25,42
150,12,18,0.05466700531542301,player-4,40,24,28,46
150,13,25,0.07262500002980232,player-4,44,28,39,55
150,14,19,0.06787502206861973,player-3,44,29,46,56
150,15,19,0.06062490865588188,player-4,49,35,49,61
150,16,19,0.0654999166727066,player-1,55,41,51,62
151,1,18,0.07399986498057842,player-1,8,4,1,3
151,2,17,0.06133317947387695,player-1,12,8,2,7
151,3,17,0.051666051149368286,player-2,12,13,13,10
151,4,17,0.05612499080598354,player-3,14,16,15,17
151,5,17,0.0516669824719429,player-4,15,22,19,19
151,6,17,0.053167110309004784,player-1,17,25,19,19
151,7,20,0.05487492308020592,player-1,19,27,22,26
151,8,17,0.044625019654631615,player-3,22,27,27,28
151,9,19,0.06900005973875523,player-2,25,34,32,30
151,10,17,0.04566693678498268,player-1,33,34,34,32
151,11,21,0.05974993109703064,player-2,36,37,34,33
151,12,19,0.055582961067557335,player-1,40,45,34,45
151,13,36,0.07487507537007332,none,40,45,40,46
151,14,18,0.06562494672834873,player-2,42,49,40,47
151,15,19,0.051042065024375916,player-4,42,53,42,51
152,1,17,0.05712499842047691,player-4,6,2,1,4
152,2,27,0.06629200652241707,player-3,9,4,3,5
152,3,29,0.08320808410644531,player-2,10,15,3,9
152,4,27,0.07758405990898609,none,14,18,8,10
152,5,17,0.0664170365780592,player-4,23,18,9,16
152,6,20,0.04975008778274059,player-4,25,19,9,20
152,7,19,0.05891593173146248,player-4,27,21,11,21
152,8,18,0.05437503568828106,player-4,29,24,13,27
152,9,18,0.06449990905821323,player-1,33,27,16,29
152,10,20,0.045625027269124985,player-4,35,30,16,30
152,11,17,0.06370921619236469,player-2,39,44,23,33
152,12,17,0.0694170594215393,player-3,44,44,25,36
152,13,17,0.05004112608730793,player-4,44,47,31,42
152,14,18,0.05533406510949135,player-2,52,54,33,53
153,1,21,0.09016692638397217,player-4,8,0,3,1
153,2,17,0.06591714918613434,player-1,16,2,7,7
153,3,21,0.07025012746453285,player-2,20,6,7,15
153,4,17,0.07475004531443119,player-3,27,8,16,17
153,5,17,0.10950001887977123,player-4,28,10,17,29
153,6,19,0.0896661076694727,player-3,30,11,22,37
153,7,23,0.07950002327561378,player-4,32,15,22,41
153,8,23,0.08687516674399376,player-1,34,21,25,43
153,9,18,0.07325015030801296,player-1,42,22,25,45
153,10,17,0.06316695362329483,player-1,42,23,30,47
153,11,18,0.12695812620222569,player-3,44,24,40,52
153,12,17,0.07924996316432953,player-3,52,29,41,56
153,13,17,0.05195802077651024,player-4,55,31,45,59
154,1,18,0.10708393529057503,player-4,0,9,6,10
154,2,19,0.053416937589645386,player-2,2,12,8,13
154,3,17,0.05679205060005188,player-1,4,12,9,14
154,4,18,0.05533313378691673,player-3,4,15,20,23
154,5,25,0.059208134189248085,player-3,7,18,21,26
154,6,19,0.05541718564927578,player-2,8,27,21,28
154,7,18,0.05675014108419418,player-2,10,33,22,30
154,8,24,0.11020805686712265,player-1,10,36,25,31
154,9,31,0.08470914326608181,player-1,16,36,28,38
154,10,18,0.0655418261885643,player-1,20,38,32,40
154,11,19,0.06387499161064625,player-3,22,43,38,44
154,12,17,0.04491698928177357,player-2,25,46,38,44
154,13,18,0.055833952501416206,player-4,25,51,39,47
154,14,18,0.04937499761581421,player-1,31,53,43,48
155,1,23,0.06629200652241707,none,1,2,0,2
155,2,20,0.08370797149837017,player-1,9,2,5,2
155,3,22,0.06329198367893696,player-4,12,4,9,6
155,4,18,0.049040885642170906,player-1,13,8,9,11
155,5,17,0.06191595457494259,player-1,15,9,9,14
155,6,23,0.05512498319149017,player-4,15,11,15,17
155,7,17,0.052208080887794495,player-3,17,14,22,21
155,8,18,0.05179201252758503,player-1,24,17,29,22
155,9,17,0.051208073273301125,player-1,28,20,34,23
155,10,21,0.05987496115267277,player-2,31,27,36,29
155,11,17,0.055459095165133476,player-3,35,31,41,31
155,12,17,0.05875015631318092,player-4,36,35,44,34
155,13,17,0.05641602911055088,player-1,42,36,46,38
155,14,19,0.057541998103260994,player-4,46,42,49,42
155,15,17,0.03770901821553707,player-3,47,42,53,45
156,1,18,0.047582900151610374,player-3,7,3,3,2
156,2,18,0.047833891585469246,player-4,9,7,6,8
156,3,17,0.0715828500688076,player-4,11,8,9,12
156,4,18,0.05712499842047691,player-2,14,11,11,14
156,5,17,0.04675006493926048,player-2,15,12,14,14
156,6,17,0.04837499000132084,player-3,19,14,19,16
156,7,17,0.05174987018108368,player-4,20,19,21,16
156,8,18,0.054416945204138756,player-2,20,24,22,17
156,9,17,0.05150004290044308,player-2,21,27,22,22
156,10,17,0.044084154069423676,player-3,25,30,30,22
156,11,17,0.04458311013877392,player-4,26,33,39,29
156,12,18,0.05466700531542301,player-2,29,43,41,32
156,13,19,0.051291193813085556,player-4,30,46,42,39
156,14,21,0.05495804361999035,player-3,30,48,51,40
156,15,17,0.05783280357718468,player-4,30,50,55,52
157,1,23,0.060791848227381706,player-3,1,2,3,0
157,2,20,0.04929094575345516,player-1,3,4,3,4
157,3,17,0.050916802138090134,player-3,5,4,5,5
157,4,24,0.05675014108419418,player-3,9,8,9,6
157,5,18,0.05195802077651024,player-2,10,14,9,13
157,6,19,0.05595805123448372,player-4,18,16,10,19
157,7,21,0.06695790216326714,player-3,18,17,15,20
157,8,17,0.04087481647729874,player-4,19,20,16,24
157,9,25,0.055165961384773254,none,24,21,16,25
157,10,18,0.0503340270370245,player-3,24,25,20,27
157,11,17,0.046584056690335274,player-3,26,30,23,32
157,12,18,0.05012494511902332,player-1,34,32,28,34
157,13,18,0.04787510260939598,player-2,36,34,31,42
157,14,18,0.050999922677874565,player-3,38,36,32,42
157,15,18,0.05450006574392319,player-4,38,38,39,48
157,16,19,0.04754215478897095,player-2,42,41,40,53
157,17,17,0.050958944484591484,player-1,47,42,43,55
157,18,17,0.05033309571444988,player-2,47,47,43,55
158,1,23,0.08208304643630981,player-3,0,5,4,6
158,2,20,0.07791584357619286,player-1,15,11,10,10
158,3,20,0.058416975662112236,player-2,20,17,13,11
158,4,20,0.05283299833536148,player-3,24,20,20,18
158,5,18,0.04220916889607906,player-2,26,24,21,20
158,6,20,0.06291689351201057,player-1,33,28,22,22
158,7,19,0.05312496796250343,player-1,46,33,23,24
158,8,17,0.04904111847281456,player-4,48,36,29,27
158,9,17,0.05708402022719383,player-1,53,42,32,31
158,10,17,0.042125117033720016,player-2,55,49,35,32
158,11,21,0.056541990488767624,player-3,58,53,40,32
158,12,23,0.05266699008643627,player-2,63,62,40,35
159,1,18,0.06654206663370132,player-1,8,0,6,2
159,2,21,0.0705840066075325,player-1,11,1,7,8
159,3,19,0.058999983593821526,player-4,11,3,13,14
159,4,17,0.05170796066522598,player-3,12,3,19,14
159,5,17,0.04100007936358452,player-4,14,6,19,15
159,6,19,0.0641669612377882,player-3,16,13,25,15
159,7,17,0.04549999721348286,player-2,17,15,30,19
159,8,17,0.04850002005696297,player-3,21,16,37,21
159,9,22,0.057540833950042725,player-1,28,16,40,23
159,10,17,0.044459011405706406,player-1,33,18,43,26
159,11,17,0.06174994632601738,player-2,40,23,44,37
159,12,17,0.04233396612107754,player-3,40,25,51,38
159,13,21,0.06170803681015968,player-4,44,25,53,43
159,14,17,0.04554190672934055,player-1,50,25,54,47
160,1,18,0.05874992348253727,player-3,6,2,1,3
160,2,21,0.06566708907485008,player-3,15,4,6,7
160,3,17,0.04541710950434208,player-4,20,6,10,16
160,4,18,0.05220901221036911,player-2,26,10,11,18
160,5,17,0.07570814341306686,player-2,31,17,14,26
160,6,17,0.0541668850928545,player-3,35,21,18,30
160,7,23,0.11625001206994057,player-2,37,30,20,37
160,8,18,0.06404193118214607,player-2,42,34,22,43
160,9,19,0.05333311855792999,player-4,45,36,22,49
160,10,19,0.059416983276605606,player-1,50,38,26,53
160,11,17,0.047042034566402435,player-4,50,40,28,61
161,1,18,0.052916817367076874,player-4,4,3,4,3
161,2,18,0.03966689109802246,player-1,7,3,5,4
161,3,17,0.04929187707602978,player-1,11,3,10,4
161,4,17,0.05695805884897709,player-2,12,6,13,9
161,5,17,0.06091711111366749,player-3,21,6,24,14
161,6,17,0.05037500523030758,player-4,21,9,24,20
161,7,17,0.06208289414644241,player-1,28,14,26,20
161,8,19,0.060582999140024185,player-4,37,22,36,23
161,9,18,0.044999876990914345,player-4,41,22,37,26
161,10,20,0.06929179653525352,player-3,43,28,44,26
161,11,17,0.05070795305073261,player-1,52,30,47,28
161,12,18,0.05945796146988869,player-3,55,35,50,31
162,1,27,0.06091594696044922,player-3,1,0,6,3
162,2,24,0.0630419235676527,player-1,5,1,8,4
162,3,17,0.06504100747406483,player-3,5,5,13,4
162,4,18,0.04729209467768669,player-1,9,6,13,4
162,5,18,0.05208305083215237,player-2,11,21,15,6
162,6,21,0.058791134506464005,none,13,23,19,6
162,7,27,0.061791157349944115,player-1,14,25,26,7
162,8,19,0.0840409193187952,player-2,19,35,31,12
162,9,28,0.07670815102756023,none,28,35,39,17
162,10,25,0.05425000563263893,none,30,36,42,17
162,11,17,0.05791708827018738,player-3,33,38,47,19
162,12,19,0.07320800796151161,player-2,37,43,47,23
162,13,20,0.05579087883234024,player-4,38,45,50,24
162,14,19,0.053625088185071945,player-4,41,46,54,34
162,15,17,0.056374818086624146,player-3,41,47,56,34
162,16,18,0.03937515430152416,player-1,48,47,57,37
163,1,18,0.046250177547335625,player-1,9,1,2,1
163,2,20,0.06795907393097878,player-4,14,6,2,12
163,3,21,0.06908411160111427,none,22,13,9,21
163,4,18,0.03200001083314419,none,24,15,11,26
163,5,25,0.08454103954136372,player-4,26,17,11,33
163,6,21,0.0588749535381794,player-1,32,19,16,35
163,7,17,0.09091710671782494,player-2,38,22,23,41
163,8,19,0.06295810453593731,player-1,49,25,29,43
163,9,22,0.07720896974205971,player-1,56,31,30,47
163,10,17,0.06108288653194904,player-1,59,35,34,50
163,11,20,0.06574997678399086,player-1,61,37,34,51
163,12,17,0.049791065976023674,player-3,64,42,42,51
164,1,18,0.06720912642776966,player-2,7,7,5,4
164,2,23,0.06537488661706448,player-4,9,11,9,11
164,3,17,0.05329190753400326,player-3,14,13,15,11
164,4,17,0.04924996756017208,player-4,14,16,18,12
164,5,18,0.05329214036464691,player-2,16,24,21,21
164,6,17,0.041499966755509377,player-2,18,30,21,23
164,7,17,0.04958314821124077,player-3,20,34,22,25
164,8,17,0.049208989366889,player-4,22,37,22,29
164,9,17,0.06183399818837643,player-1,32,37,27,29
164,10,17,0.053582945838570595,player-2,33,42,32,31
164,11,20,0.0616670586168766,player-2,33,46,35,31
164,12,23,0.05479203537106514,none,33,50,37,31
164,13,22,0.05091703496873379,none,38,51,38,33
164,14,17,0.06420793943107128,player-2,38,56,39,34
164,15,21,0.06383401341736317,player-3,42,59,48,40
164,16,19,0.06154109723865986,player-2,45,67,49,44
165,1,18,0.04129204899072647,player-4,2,1,5,1
165,2,17,0.05420786328613758,player-4,6,1,6,4
165,3,22,0.056165968999266624,player-2,7,12,7,4
165,4,17,0.04845880903303623,player-2,7,20,9,8
165,5,19,0.04924996756017208,player-1,16,23,10,9
165,6,20,0.053165946155786514,player-3,19,29,13,11
165,7,18,0.05141599103808403,player-2,20,38,15,13
165,8,17,0.05583302117884159,player-2,20,45,15,14
165,9,20,0.06349990144371986,player-2,21,54,18,16
165,10,17,0.05845818668603897,player-4,24,56,23,24
165,11,20,0.05149981006979942,none,25,56,26,24
165,12,18,0.06441702134907246,player-3,32,58,31,26
165,13,17,0.048208050429821014,player-3,37,58,37,32
165,14,17,0.05429098382592201,player-4,39,58,42,42
166,1,18,0.06445893086493015,player-4,0,4,3,3
166,2,20,0.071333022788167,player-3,0,4,11,3
166,3,18,0.04675006493926048,player-2,3,9,11,8
166,4,20,0.05983398295938969,player-1,13,10,11,9
166,5,22,0.0510411337018013,player-4,14,11,12,15
166,6,18,0.04445808008313179,player-1,16,14,14,17
166,7,17,0.07424992509186268,player-1,20,21,17,19
166,8,17,0.056459102779626846,player-2,21,28,17,19
166,9,18,0.050208065658807755,player-4,24,33,22,24
166,10,17,0.06729201413691044,player-4,26,35,26,33
166,11,19,0.049625057727098465,player-3,28,39,36,35
166,12,24,0.0655418261885643,player-1,42,41,40,38
166,13,18,0.06112479604780674,player-4,42,47,47,41
166,14,17,0.04875008016824722,player-4,42,48,53,44
166,15,19,0.06958283483982086,player-3,46,50,60,46
167,1,17,0.05012494511902332,player-3,3,3,6,0
167,2,30,0.07508299313485622,player-1,8,10,8,1
167,3,18,0.05341600626707077,player-2,10,15,14,2
167,4,18,0.05579204298555851,player-3,13,18,20,2
167,5,17,0.03779120743274689,player-3,13,19,23,5
167,6,17,0.06079208105802536,player-4,15,19,27,11
167,7,20,0.05466700531542301,player-4,17,19,29,16
167,8,18,0.04449998959898949,player-3,18,22,30,18
167,9,18,0.05066697485744953,player-4,19,26,30,21
167,10,19,0.045042019337415695,player-2,19,31,32,23
167,11,17,0.0463749747723341,player-1,21,33,32,23
167,12,20,0.06625009700655937,player-1,27,36,36,27
167,13,18,0.04495913162827492,player-4,31,37,37,29
167,14,20,0.057374825701117516,player-3,31,39,40,31
167,15,18,0.04670792259275913,player-2,31,46,43,32
167,16,17,0.05312496796250343,player-2,38,50,45,33
167,17,17,0.053042080253362656,player-3,39,53,58,34
167,18,18,0.04287483170628548,player-1,43,61,63,34
168,1,25,0.06458302959799767,player-3,4,1,6,1
168,2,18,0.055541982874274254,player-1,7,5,7,5
168,3,17,0.04700012505054474,player-1,13,6,7,8
168,4,17,0.03687501884996891,player-2,14,8,7,9
168,5,17,0.0552500132471323,player-3,16,18,11,9
168,6,19,0.0538751482963562,player-2,24,22,14,15
168,7,17,0.03900006413459778,player-1,27,22,16,17
168,8,19,0.06729108281433582,player-4,29,23,17,24
168,9,20,0.0666249543428421,player-2,30,32,20,26
168,10,17,0.06904196925461292,player-4,34,37,29,36
168,11,18,0.06812508217990398,player-2,36,41,31,42
168,12,20,0.05074986256659031,player-1,42,42,31,42
168,13,28,0.07904204539954662,player-2,45,44,35,45
168,14,19,0.042040832340717316,none,47,50,37,45
168,15,17,0.0715409405529499,player-1,53,50,37,50
169,1,29,0.08154218085110188,player-4,0,0,8,4
169,2,17,0.04420895129442215,player-1,3,3,10,4
169,3,17,0.046791043132543564,player-2,10,5,13,4
169,4,21,0.06604194641113281,player-3,11,6,19,5
169,5,17,0.04575005732476711,player-4,14,6,19,9
169,6,17,0.052625080570578575,player-1,25,9,25,9
169,7,18,0.051666051149368286,player-3,26,12,28,11
169,8,17,0.06454205140471458,player-3,29,14,34,14
169,9,17,0.0385830644518137,player-4,31,14,39,18
169,10,20,0.06087496876716614,player-4,34,14,44,23
169,11,18,0.05379202775657177,player-3,38,16,49,23
169,12,19,0.0575000885874033,player-1,42,17,61,29
170,1,18,0.056499848142266273,player-3,0,4,7,8
170,2,20,0.050999922677874565,player-2,1,10,9,9
170,3,19,0.05875015631318092,player-2,6,15,12,12
170,4,18,0.04908395931124687,player-2,12,19,12,15
170,5,21,0.0503340270370245,player-2,12,30,14,17
170,6,17,0.04158401861786842,player-3,13,33,20,19
170,7,17,0.07779104635119438,player-4,20,35,25,26
170,8,17,0.07654097862541676,player-1,23,38,29,32
170,9,17,0.05720905028283596,player-2,28,39,32,32
170,10,18,0.06854208186268806,player-4,31,45,36,38
170,11,21,0.07162499241530895,player-4,33,45,40,45
170,12,17,0.054958974942564964,player-1,33,47,41,48
170,13,20,0.05658320151269436,player-1,38,54,45,53
171,1,22,0.06270897574722767,player-1,5,2,0,3
171,2,27,0.09300000965595245,player-3,11,5,1,5
171,3,17,0.07375003769993782,player-2,17,5,6,7
171,4,18,0.05745794624090195,player-4,20,8,7,12
171,5,19,0.04083290696144104,none,21,10,7,15
171,6,19,0.05408306606113911,player-3,22,12,13,15
171,7,18,0.05825003609061241,player-3,26,17,20,17
171,8,19,0.06975000724196434,player-1,38,20,23,19
171,9,17,0.06274995394051075,player-4,43,24,28,22
171,10,18,0.07737497799098492,player-2,44,26,35,31
171,11,17,0.05033309571444988,player-2,51,34,38,38
171,12,17,0.10012509301304817,player-3,51,42,43,43
171,13,17,0.05308305844664574,player-4,53,47,48,48
172,1,17,0.05029095336794853,player-4,0,1,4,5
172,2,19,0.04129204899072647,none,1,2,6,6
172,3,23,0.05491706542670727,player-4,3,5,9,14
172,4,18,0.047833193093538284,none,4,13,9,24
172,5,24,0.06116693839430809,player-3,4,13,12,25
172,6,17,0.04424992948770523,player-1,7,15,16,25
172,7,17,0.05366583354771137,player-2,10,20,17,25
172,8,17,0.058042118325829506,player-3,15,20,18,26
172,9,17,0.061166007071733475,player-4,20,25,18,32
172,10,17,0.05783303640782833,player-1,23,28,24,34
172,11,17,0.053999945521354675,player-2,26,34,29,37
172,12,17,0.04791584797203541,player-3,26,36,35,40
172,13,20,0.0541668850928545,player-3,26,36,38,44
172,14,17,0.04545808769762516,player-1,28,39,42,51
172,15,17,0.0527920201420784,player-2,29,43,45,52
172,16,17,0.04008389078080654,player-3,33,46,50,54
173,1,18,0.05212519317865372,player-4,6,2,0,6
173,2,19,0.05208305083215237,player-2,10,5,0,8
173,3,20,0.0635830219835043,player-4,12,5,1,21
173,4,19,0.06125005893409252,player-4,18,9,5,31
173,5,18,0.041291117668151855,player-4,18,9,8,32
173,6,17,0.04754215478897095,player-4,22,12,11,36
173,7,19,0.0516669824719429,player-3,26,14,19,38
173,8,21,0.05012494511902332,player-2,27,20,22,38
173,9,22,0.048625050112605095,none,28,22,23,41
173,10,17,0.05087512545287609,player-4,28,26,26,45
173,11,26,0.07129204459488392,player-2,28,35,26,48
173,12,17,0.041791005060076714,player-2,28,43,28,49
173,13,25,0.07166690193116665,none,30,46,36,53
173,14,17,0.05137501284480095,player-4,32,52,40,57
174,1,18,0.054042087867856026,player-2,0,11,3,9
174,2,18,0.043082982301712036,player-3,1,16,7,11
174,3,17,0.04820898175239563,player-3,3,21,9,12
174,4,17,0.06162491627037525,player-4,3,26,9,18
174,5,19,0.06291596218943596,player-3,6,32,17,19
174,6,17,0.05191704258322716,player-2,8,38,19,22
174,7,19,0.05908403545618057,player-1,17,42,25,24
174,8,18,0.057540833950042725,player-1,21,46,29,29
174,9,17,0.046208035200834274,player-1,24,48,30,32
174,10,22,0.05741603672504425,none,29,52,37,35
174,11,19,0.055666081607341766,player-1,34,56,38,40
174,12,18,0.05124998278915882,player-1,36,56,42,46
175,1,19,0.056999968364834785,player-2,0,8,2,4
175,2,20,0.05050003528594971,player-4,3,9,3,12
175,3,17,0.04291697405278683,player-2,6,13,5,14
175,4,18,0.054582953453063965,player-4,11,17,8,17
175,5,19,0.06208382546901703,player-2,12,25,8,21
175,6,21,0.059208134189248085,player-1,20,26,9,22
175,7,17,0.05037500523030758,player-2,20,30,13,22
175,8,23,0.05329097621142864,player-1,21,32,14,22
175,9,17,0.05179201252758503,player-4,21,35,16,30
175,10,17,0.05187513306736946,player-1,23,40,16,35
175,11,19,0.05733291618525982,player-4,25,42,16,40
175,12,18,0.04633399657905102,player-4,27,42,19,43
175,13,29,0.06604217924177647,player-4,30,44,21,47
175,14,18,0.05787494592368603,player-2,32,50,24,48
175,15,20,0.04816683940589428,player-1,36,54,24,50
176,1,17,0.06574997678399086,player-1,2,0,6,3
176,2,18,0.05829194560647011,player-3,4,1,11,5
176,3,17,0.05670799873769283,player-3,9,10,24,8
176,4,18,0.06258301436901093,player-1,14,10,28,13
176,5,17,0.04966696724295616,player-1,28,11,30,17
176,6,17,0.060582999140024185,player-2,34,19,37,17
176,7,17,0.05645817145705223,player-3,39,21,44,17
176,8,20,0.059582991525530815,player-3,41,21,46,17
176,9,20,0.07945881225168705,player-4,46,27,48,25
176,10,17,0.04650000482797623,player-2,49,32,48,27
176,11,19,0.07612491026520729,player-1,53,37,50,33
177,1,19,0.060540856793522835,player-1,2,4,2,0
177,2,18,0.04041590727865696,none,2,5,2,2
177,3,18,0.04545808769762516,player-2,4,5,2,2
177,4,18,0.0467090867459774,player-3,4,10,5,6
177,5,17,0.051584094762802124,player-3,4,10,13,9
177,6,30,0.058542005717754364,none,4,11,18,11
177,7,17,0.04391581751406193,player-1,14,11,18,12
177,8,17,0.04666694439947605,player-2,18,14,18,13
177,9,19,0.04987488500773907,player-1,23,19,18,16
177,10,24,0.05679205060005188,none,23,19,23,20
177,11,23,0.06320793181657791,player-3,24,19,26,20
177,12,19,0.06816722452640533,player-4,26,20,34,26
177,13,17,0.054042087867856026,player-3,26,22,36,33
177,14,21,0.07783295586705208,player-4,35,25,43,40
177,15,17,0.05091610364615917,player-1,37,31,44,43
177,16,19,0.05587493069469929,player-4,37,34,44,49
177,17,17,0.061959028244018555,player-3,38,40,47,55
177,18,17,0.05845795385539532,player-4,41,43,47,61
178,1,17,0.05170796066522598,player-2,2,5,2,1
178,2,17,0.05937507376074791,player-3,3,7,8,3
178,3,17,0.07150019519031048,player-4,8,11,12,11
178,4,26,0.06324984133243561,none,14,11,15,11
178,5,22,0.05095801316201687,none,17,13,23,14
178,6,17,0.05012494511902332,player-3,24,15,32,14
178,7,20,0.0638328492641449,player-3,24,17,35,16
178,8,29,0.06345799192786217,player-1,37,20,40,23
178,9,18,0.05150004290044308,player-3,42,21,49,26
178,10,17,0.059125013649463654,player-3,48,21,57,26
179,1,18,0.04654191434383392,player-2,2,3,3,1
179,2,17,0.04558311775326729,player-2,6,6,4,1
179,3,23,0.07429206743836403,player-1,10,8,9,3
179,4,17,0.04658312536776066,player-4,13,20,14,8
179,5,17,0.059042125940322876,player-1,15,21,14,13
179,6,17,0.08487515151500702,player-2,19,28,14,14
179,7,18,0.06425008177757263,player-4,25,28,19,22
179,8,17,0.043999869376420975,player-4,25,29,19,23
179,9,17,0.06579188629984856,player-1,30,35,24,23
179,10,18,0.08191610686480999,player-3,34,36,26,26
179,11,18,0.052625080570578575,player-4,37,38,27,28
179,12,17,0.04095816984772682,player-4,38,42,28,29
179,13,17,0.04666694439947605,player-1,42,42,31,32
179,14,26,0.07812492549419403,none,42,47,35,32
179,15,17,0.05179201252758503,player-3,46,51,40,32
179,16,26,0.05574990063905716,player-1,52,52,42,34
179,17,30,0.05787494592368603,none,54,52,44,34
179,18,17,0.04854216240346432,player-2,57,56,45,36
180,1,20,0.06216694600880146,player-4,0,3,1,6
180,2,17,0.05683279596269131,player-2,1,7,3,6
180,3,17,0.04174979403614998,player-3,3,7,8,7
180,4,31,0.0785409938544035,player-2,11,10,10,19
180,5,17,0.04908395931124687,player-1,16,10,12,19
180,6,17,0.05049980245530605,player-2,17,14,12,19
180,7,17,0.05204114131629467,player-3,17,17,21,19
180,8,22,0.07174978964030743,player-1,21,18,21,29
180,9,19,0.05733314901590347,player-3,24,23,29,30
180,10,17,0.058416975662112236,player-2,28,30,34,31
180,11,19,0.06349990144371986,player-1,31,36,40,34
180,12,17,0.04954100586473942,player-4,34,37,49,38
180,13,17,0.05095801316201687,player-1,41,38,51,39
180,14,18,0.05016708746552467,player-3,41,41,53,41
180,15,17,0.049459049478173256,player-3,44,44,57,41
181,1,19,0.07316702976822853,player-2,4,5,3,2
181,2,17,0.10975007899105549,player-1,7,9,5,4
181,3,23,0.06779213435947895,none,8,13,13,16
181,4,18,0.04924996756017208,player-4,10,16,17,21
181,5,20,0.07220893166959286,player-3,10,20,23,24
181,6,21,0.06491690874099731,player-1,17,20,23,31
181,7,17,0.06966711953282356,player-2,21,25,25,34
181,8,18,0.05287490785121918,player-4,21,27,26,37
181,9,18,0.056791817769408226,player-1,28,28,27,41
181,10,20,0.062000006437301636,player-4,35,28,30,48
181,11,17,0.05687493830919266,player-2,39,32,30,51
181,12,20,0.06824987940490246,player-2,40,39,34,53
181,13,17,0.06654206663370132,player-4,41,43,35,58
182,1,23,0.07691700011491776,player-1,9,0,2,3
182,2,16,0.039125094190239906,none,9,0,3,4
182,3,17,0.04345807246863842,player-1,14,2,3,8
182,4,19,0.05091703496873379,player-4,14,8,4,18
182,5,21,0.04395795986056328,player-3,15,9,16,20
182,6,17,0.04608393646776676,player-4,15,11,16,22
182,7,18,0.049208058044314384,player-2,16,14,18,25
182,8,18,0.055833952501416206,player-3,16,17,22,26
182,9,17,0.054040923714637756,player-3,20,20,27,28
182,10,17,0.048584071919322014,player-4,25,23,31,36
182,11,17,0.05508400499820709,player-1,28,26,31,40
182,12,19,0.05670799873769283,player-4,29,28,33,43
182,13,19,0.06570783443748951,player-1,35,30,37,50
182,14,17,0.058542005717754364,player-4,37,33,38,51
182,15,19,0.05491706542670727,player-3,38,33,43,52
182,16,20,0.06187497638165951,player-1,43,34,46,54
182,17,24,0.08808309212327003,player-2,45,44,48,56
183,1,17,0.044833170250058174,player-2,6,2,5,4
183,2,18,0.06070896051824093,player-4,7,3,8,6
183,3,17,0.0502921175211668,player-4,9,4,10,9
183,4,22,0.06874999962747097,player-2,9,6,13,16
183,5,17,0.04833308048546314,player-2,11,11,16,16
183,6,19,0.049165915697813034,player-1,19,12,18,18
183,7,18,0.04566693678498268,player-1,24,15,20,24
183,8,22,0.059416983276605606,player-2,24,22,23,27
183,9,18,0.04766695201396942,player-3,26,26,28,27
183,10,17,0.05691708065569401,player-3,28,26,34,33
183,11,18,0.04570791497826576,player-1,29,31,35,35
183,12,19,0.04595797508955002,player-3,32,31,44,35
183,13,17,0.04912517033517361,player-2,33,35,44,40
183,14,19,0.04812516272068024,player-1,44,35,54,49
183,15,18,0.06462493911385536,player-1,51,39,59,55
184,1,26,0.09416602551937103,player-3,5,5,5,2
184,2,19,0.06466708146035671,player-1,10,6,7,4
184,3,17,0.05308305844664574,player-4,11,8,14,13
184,4,17,0.04691700451076031,player-1,15,10,16,14
184,5,17,0.05483301356434822,player-2,19,14,20,16
184,6,18,0.06700004450976849,player-4,19,16,28,20
184,7,18,0.06574997678399086,player-1,26,20,32,25
184,8,20,0.06383308209478855,player-4,29,24,34,30
184,9,20,0.06862496957182884,player-1,36,24,35,32
184,10,25,0.0679579097777605,player-3,37,31,42,35
184,11,17,0.0477922149002552,player-4,39,33,47,41
184,12,21,0.0552500132471323,player-1,48,35,50,47
184,13,22,0.06595789454877377,player-3,51,42,58,50
185,1,17,0.05716690793633461,player-2,1,6,2,6
185,2,19,0.06174994632601738,player-1,8,6,2,10
185,3,19,0.06470782682299614,player-2,15,17,3,14
185,4,18,0.04862481728196144,player-2,21,22,5,14
185,5,17,0.0513328704982996,player-2,25,25,14,15
185,6,17,0.049916794523596764,player-3,25,28,21,17
185,7,18,0.050999922677874565,player-1,29,29,24,17
185,8,20,0.06779097020626068,player-4,33,32,26,21
185,9,17,0.045000109821558,player-2,34,34,29,21
185,10,17,0.04537496715784073,player-3,35,36,34,21
185,11,17,0.038082944229245186,player-4,36,37,36,30
185,12,19,0.0524159986525774,player-3,39,41,42,31
185,13,20,0.05533406510949135,player-1,42,41,42,33
185,14,18,0.05904096178710461,player-4,44,42,44,36
185,15,22,0.0651658046990633,none,44,48,45,38
185,16,18,0.04683295264840126,player-2,47,50,45,38
185,17,19,0.042584026232361794,player-4,47,51,47,38
185,18,18,0.06745802238583565,player-4,53,54,50,42
186,1,19,0.0702498946338892,player-2,5,0,5,1
186,2,18,0.04591606557369232,player-2,7,4,10,5
186,3,21,0.050833215937018394,player-2,10,9,12,5
186,4,29,0.051042065024375916,player-3,12,10,14,9
186,5,19,0.054541975259780884,player-2,12,15,19,11
186,6,18,0.051999930292367935,player-2,12,21,26,14
186,7,17,0.06641610525548458,player-2,17,26,29,14
186,8,19,0.07958291098475456,player-1,18,30,32,14
186,9,18,0.04737498238682747,player-1,21,34,35,15
186,10,21,0.05516689270734787,player-1,26,38,37,23
186,11,20,0.0727078877389431,player-1,39,42,37,27
186,12,20,0.04904181696474552,player-2,39,47,41,27
186,13,18,0.039250124245882034,player-1,42,50,41,32
186,14,17,0.04520895890891552,player-1,53,50,41,33
186,15,20,0.056625111028552055,player-1,61,58,41,40
187,1,19,0.04837499000132084,player-4,5,3,3,9
187,2,18,0.05779205821454525,player-4,10,7,4,16
187,3,24,0.05608284845948219,player-3,16,8,9,17
187,4,17,0.04720897413790226,player-1,18,11,11,20
187,5,20,0.04779198206961155,player-1,24,13,12,21
187,6,18,0.05137501284480095,player-4,24,15,17,26
187,7,18,0.061959028244018555,player-1,24,19,21,29
187,8,20,0.05841604433953762,player-4,27,19,24,41
187,9,20,0.052208080887794495,player-1,30,21,24,43
187,10,21,0.055999960750341415,player-3,32,21,28,43
187,11,18,0.04854192957282066,player-1,36,25,31,52
187,12,18,0.04958314821124077,player-2,41,27,31,53
187,13,17,0.03741704858839512,player-2,42,36,32,53
187,14,21,0.0491670798510313,player-3,43,39,34,53
187,15,19,0.057582976296544075,player-2,43,46,35,57
188,1,20,0.0813330989331007,player-3,1,1,8,2
188,2,17,0.03679189831018448,player-1,4,3,10,2
188,3,18,0.05283299833536148,player-3,6,5,11,4
188,4,17,0.045625027269124985,player-3,8,6,15,6
188,5,18,0.0463749747723341,player-1,13,6,18,7
188,6,18,0.04575005732476711,player-2,18,12,23,9
188,7,17,0.06325007416307926,player-2,19,19,23,14
188,8,17,0.07108389399945736,player-3,27,26,26,20
188,9,20,0.05012494511902332,player-3,28,28,35,23
188,10,20,0.048040878027677536,player-4,32,30,37,26
188,11,23,0.05454104393720627,player-4,36,35,42,31
188,12,20,0.059750163927674294,player-2,46,44,43,33
188,13,17,0.056791817769408226,player-4,53,46,46,35
188,14,18,0.049040885642170906,player-2,54,51,51,37
189,1,17,0.0955001451075077,player-1,11,3,2,2
189,2,24,0.07733399979770184,player-1,20,5,3,8
189,3,17,0.06733299233019352,player-3,20,10,6,13
189,4,17,0.05983305163681507,player-4,20,11,7,20
189,5,18,0.062374863773584366,player-2,21,19,10,27
189,6,20,0.08308305405080318,player-1,24,23,15,29
189,7,23,0.06045913323760033,player-1,31,25,16,31
189,8,18,0.05783303640782833,player-1,34,28,18,32
189,9,17,0.05383300594985485,player-1,37,30,18,34
189,10,19,0.05224999040365219,player-4,39,32,19,38
189,11,19,0.05191704258322716,player-1,40,33,19,41
189,12,17,0.050416914746165276,player-4,44,35,21,43
189,13,19,0.0653339084237814,player-3,45,37,24,45
189,14,18,0.08754199370741844,player-3,47,38,27,51
189,15,24,0.09454204700887203,player-2,47,40,32,51
189,16,19,0.057541998103260994,player-2,53,45,41,52
189,17,18,0.053165946155786514,player-2,56,47,42,54
190,1,18,0.056582968682050705,player-1,4,4,4,4
190,2,19,0.0779579859226942,player-3,11,6,14,5
190,3,29,0.11150003410875797,player-2,11,10,15,7
190,4,21,0.05779089406132698,player-3,16,11,22,7
190,5,17,0.0577080063521862,player-4,23,11,25,13
190,6,26,0.07958291098475456,player-2,31,17,25,16
190,7,17,0.05066697485744953,player-2,35,18,26,17
190,8,19,0.05095801316201687,player-1,38,18,29,19
190,9,40,0.11750007979571819,none,48,20,32,21
190,10,17,0.05937507376074791,player-1,54,24,36,23
190,11,15,0.033833086490631104,none,57,26,36,27
190,12,17,0.05674990825355053,player-3,59,28,42,27
191,1,17,0.05091703496873379,player-1,3,0,6,0
191,2,17,0.05204114131629467,player-2,6,4,8,0
191,3,17,0.05458388477563858,player-3,10,6,11,2
191,4,22,0.06595789454877377,player-1,15,6,15,10
191,5,17,0.049083027988672256,player-1,18,8,17,10
191,6,19,0.08504092693328857,player-4,19,10,18,16
191,7,17,0.052999937906861305,player-3,19,10,21,20
191,8,17,0.05841581150889397,player-4,19,11,25,24
191,9,19,0.045040855184197426,player-3,19,13,28,27
191,10,17,0.054582953453063965,player-2,22,14,30,30
191,11,17,0.06325007416307926,player-3,25,16,32,37
191,12,17,0.05137501284480095,player-4,27,20,33,43
191,13,24,0.08129095658659935,player-4,28,23,37,49
191,14,19,0.06520887836813927,player-4,31,30,42,59
191,15,18,0.07187481969594955,player-4,33,35,46,65
192,1,17,0.05033309571444988,player-2,0,4,3,5
192,2,25,0.0730000901967287,player-3,4,6,6,7
192,3,17,0.06050011143088341,player-4,8,9,10,10
192,4,19,0.0602079089730978,player-3,11,11,12,17
192,5,17,0.0499580055475235,player-2,11,14,15,18
192,6,18,0.06237509660422802,player-4,12,16,19,25
192,7,17,0.0427919439971447,player-4,12,20,19,33
192,8,19,0.06162491627037525,player-3,15,26,19,33
192,9,20,0.0577499158680439,player-1,18,26,22,33
192,10,17,0.05987496115267277,player-3,21,28,36,33
192,11,19,0.0499580055475235,player-2,23,32,37,34
192,12,17,0.05529099144041538,player-1,28,35,44,43
192,13,18,0.04941713996231556,player-3,30,37,48,43
192,14,18,0.05095801316201687,player-4,30,39,51,48
192,15,17,0.05362485535442829,player-4,30,43,55,50
192,16,22,0.056999968364834785,player-2,36,48,57,57
193,1,17,0.05983305163681507,player-2,5,5,0,4
193,2,19,0.05558389239013195,player-1,8,11,3,8
193,3,20,0.06600003689527512,player-3,14,14,8,12
193,4,23,0.06791600026190281,player-3,15,14,13,12
193,5,17,0.05274987779557705,player-2,16,18,13,14
193,6,19,0.044250162318348885,none,21,21,15,16
193,7,19,0.051582930609583855,player-2,24,32,18,21
193,8,16,0.0399160198867321,none,28,33,18,24
193,9,21,0.053958967328071594,player-2,31,37,21,25
193,10,18,0.06466684862971306,player-4,33,40,25,30
193,11,18,0.05337502807378769,player-1,41,40,26,31
193,12,17,0.07733306847512722,player-1,54,44,37,33
193,13,17,0.052999937906861305,player-2,58,47,37,36
193,14,17,0.05562487058341503,player-3,60,52,38,37
193,15,24,0.05179201252758503,none,61,55,43,39
194,1,17,0.05879090167582035,player-3,2,4,5,1
194,2,20,0.06529083475470543,player-3,3,5,11,3
194,3,17,0.04912493750452995,player-1,9,6,11,3
194,4,21,0.06004096940159798,player-2,9,9,11,7
194,5,17,0.05187490023672581,player-3,14,11,13,9
194,6,21,0.04666694439947605,player-4,16,11,17,14
194,7,18,0.05183299072086811,player-2,18,19,17,15
194,8,20,0.057999975979328156,player-1,25,22,26,19
194,9,18,0.06183306686580181,player-4,30,23,29,20
194,10,18,0.05908403545618057,player-1,32,24,35,24
194,11,22,0.0840409193187952,player-2,36,25,42,28
194,12,18,0.05012517794966698,player-3,37,31,46,28
194,13,18,0.06370805203914642,player-4,37,34,49,32
194,14,17,0.04675006493926048,player-4,38,35,51,38
194,15,17,0.05200016312301159,player-1,40,38,52,41
194,16,17,0.053791794925928116,player-2,40,43,52,47
194,17,17,0.03945804201066494,player-3,41,43,60,49
195,1,20,0.0696659553796053,player-2,10,0,5,2
195,2,18,0.06454112008213997,player-1,15,1,8,6
195,3,17,0.052791088819503784,player-1,15,1,16,11
195,4,17,0.05037500523030758,player-2,19,6,19,16
195,5,18,0.05541602149605751,player-4,19,8,26,24
195,6,25,0.05625002086162567,player-4,20,10,28,29
195,7,24,0.052999937906861305,player-4,22,15,28,36
195,8,16,0.035624951124191284,none,27,16,31,38
195,9,17,0.03691692836582661,none,29,18,37,39
195,10,21,0.0616670586168766,player-4,35,21,40,40
195,11,20,0.06962497718632221,player-4,37,23,44,47
195,12,18,0.07445784285664558,player-3,42,25,48,48
195,13,17,0.060582999140024185,player-3,43,27,55,48
195,14,22,0.05533290095627308,player-1,43,27,55,51
195,15,21,0.0689169391989708,player-1,49,29,59,57
196,1,18,0.04541710950434208,player-2,2,5,0,1
196,2,20,0.048584071919322014,player-1,10,8,2,2
196,3,20,0.05087512545287609,player-2,11,16,5,4
196,4,20,0.05437503568828106,player-3,11,18,16,12
196,5,17,0.051333801820874214,player-1,15,23,16,17
196,6,17,0.07654097862541676,player-2,25,31,28,19
196,7,17,0.05541718564927578,player-3,33,36,37,22
196,8,17,0.042667146772146225,player-4,41,39,45,25
196,9,17,0.046083005145192146,player-1,53,43,45,25
196,10,17,0.04445808008313179,player-2,53,47,46,30
196,11,18,0.051333801820874214,player-4,53,56,47,39
197,1,17,0.04795799031853676,player-4,3,3,1,5
197,2,17,0.0439169816672802,player-1,10,3,3,5
197,3,18,0.05383300594985485,player-3,12,7,9,8
197,4,20,0.06620795466005802,player-2,15,9,11,10
197,5,17,0.04537496715784073,player-4,17,12,16,15
197,6,25,0.058042118325829506,none,17,12,20,17
197,7,17,0.07687509059906006,player-2,26,17,20,17
197,8,17,0.054999953135848045,player-3,28,20,26,18
197,9,17,0.055541982874274254,player-4,28,20,28,24
197,10,17,0.06579211913049221,player-1,35,21,30,27
197,11,17,0.05475012585520744,player-2,36,29,38,28
197,12,17,0.04449998959898949,player-3,40,31,43,28
197,13,20,0.06108381785452366,player-3,40,37,52,30
197,14,18,0.056791119277477264,player-2,46,39,57,32
198,1,17,0.05729193799197674,player-4,8,11,4,11
198,2,17,0.06474996916949749,player-1,12,14,9,13
198,3,17,0.05324999801814556,player-2,18,18,9,13
198,4,19,0.06879190914332867,player-1,22,23,12,16
198,5,18,0.05287514068186283,player-1,23,24,16,22
198,6,20,0.06895791739225388,player-4,24,29,16,28
198,7,19,0.04358310252428055,player-4,25,32,16,32
198,8,17,0.04379195161163807,player-3,25,34,21,34
198,9,18,0.05220784805715084,player-1,37,34,23,35
198,10,23,0.07170811295509338,player-3,38,34,27,36
198,11,17,0.04791701212525368,player-2,43,36,30,37
198,12,17,0.056957826018333435,player-3,44,37,38,40
198,13,20,0.10091695003211498,player-3,50,37,47,42
198,14,17,0.06674998439848423,player-1,54,40,50,44
199,1,17,0.07950002327561378,player-3,0,2,11,1
199,2,18,0.050999922677874565,player-1,1,2,17,3
199,3,18,0.07616705261170864,player-2,8,4,17,6
199,4,17,0.050416914746165276,player-2,12,8,17,7
199,5,23,0.07937499321997166,player-1,15,10,21,7
199,6,18,0.05374988541007042,player-1,19,11,21,8
199,7,17,0.043042004108428955,player-1,23,13,23,12
199,8,22,0.08641695603728294,player-3,25,17,26,14
199,9,18,0.06587477400898933,player-4,28,19,31,21
199,10,17,0.06783311255276203,player-4,33,20,33,25
199,11,17,0.042082974687218666,player-1,36,23,38,25
199,12,22,0.08099991828203201,player-3,37,31,43,25
199,13,20,0.050416914746165276,player-2,40,35,46,28
199,14,17,0.05570799112319946,player-4,42,37,46,39
199,15,18,0.057999975979328156,player-2,43,45,48,41
199,16,19,0.05816691555082798,player-4,45,47,49,44
199,17,18,0.04545808769762516,player-4,47,48,52,52
200,1,23,0.04549999721348286,none,7,2,1,2
200,2,18,0.05483301356434822,player-1,15,4,6,4
200,3,18,0.05012517794966698,player-2,20,5,8,14
200,4,18,0.04970887675881386,player-3,22,9,24,14
200,5,17,0.048457877710461617,player-3,25,11,29,15
200,6,17,0.053416937589645386,player-4,25,16,31,20
200,7,19,0.05116616375744343,player-3,28,19,35,23
200,8,17,0.05316687747836113,player-2,30,27,37,25
200,9,17,0.04987511783838272,player-3,31,31,40,27
200,10,17,0.04754192195832729,player-4,34,32,44,30
200,11,17,0.04633283242583275,player-1,36,34,44,30
200,12,20,0.07075001485645771,player-1,42,40,50,33
200,13,17,0.05345791578292847,player-3,42,42,61,39
201,1,18,0.046457862481474876,player-4,0,0,2,3
201,2,20,0.0677919015288353,player-3,1,5,4,7
201,3,18,0.05195802077651024,player-2,4,5,5,9
201,4,19,0.0538751482963562,player-4,9,6,8,22
201,5,19,0.06829202175140381,player-1,18,10,9,22
201,6,17,0.05866703577339649,player-4,19,11,12,28
201,7,17,0.05874992348253727,player-1,24,13,15,28
201,8,17,0.051459064707159996,player-2,25,18,17,34
201,9,18,0.05666702054440975,player-4,26,29,17,39
201,10,18,0.057208118960261345,player-1,32,29,20,42
201,11,19,0.0577080063521862,player-3,32,32,27,48
201,12,20,0.07462501525878906,player-1,38,35,30,49
201,13,17,0.05083298310637474,player-3,41,40,33,49
201,14,19,0.047459034249186516,player-2,42,40,34,49
201,15,18,0.06141583435237408,player-2,46,42,34,50
201,16,18,0.06366707384586334,player-3,47,44,40,51
201,17,17,0.0463330652564764,player-3,52,47,41,56
202,1,17,0.06350013427436352,player-1,10,2,3,0
202,2,19,0.05050003528594971,player-4,15,3,7,5
202,3,17,0.05520787090063095,player-3,17,4,13,6
202,4,18,0.09912485256791115,player-1,23,5,19,15
202,5,17,0.06125005893409252,player-1,27,7,23,24
202,6,20,0.060167163610458374,player-1,35,8,27,26
202,7,20,0.06437511183321476,player-2,36,13,29,31
202,8,17,0.05612499080598354,player-4,41,17,34,35
202,9,17,0.04924996756017208,player-1,45,17,35,36
202,10,17,0.046208035200834274,player-2,48,20,35,40
202,11,20,0.05308398976922035,player-2,48,23,36,44
202,12,18,0.06854208186268806,player-1,50,24,38,47
202,13,24,0.06641587242484093,player-4,59,28,41,49
203,1,26,0.055208103731274605,player-3,0,1,9,3
203,2,17,0.05808286368846893,player-3,3,5,12,11
203,3,19,0.05691591650247574,player-2,5,10,13,12
203,4,17,0.04904111847281456,player-1,12,14,14,13
203,5,18,0.056957826018333435,player-3,18,17,23,16
203,6,18,0.05245814099907875,player-4,19,19,28,22
203,7,17,0.05791708827018738,player-4,24,24,33,28
203,8,17,0.05487492308020592,player-1,31,27,33,29
203,9,18,0.04916684702038765,player-3,33,30,38,34
203,10,20,0.03791716881096363,none,34,30,39,34
203,11,17,0.07008295506238937,player-4,37,30,42,40
203,12,17,0.0712911132723093,player-1,44,35,44,43
203,13,17,0.05420902743935585,player-2,46,37,50,47
203,14,17,0.05725002847611904,player-3,46,43,54,49
204,1,17,0.07049995474517345,player-3,5,2,6,4
204,2,19,0.05008396692574024,player-2,8,6,12,6
204,3,17,0.045082997530698776,player-1,15,10,14,6
204,4,19,0.05550007335841656,player-4,16,10,14,9
204,5,18,0.05395803600549698,player-4,18,10,17,11
204,6,22,0.0711251050233841,player-1,23,22,17,12
204,7,20,0.06916699931025505,player-4,24,22,23,17
204,8,18,0.051459064707159996,player-3,29,27,29,20
204,9,18,0.060542020946741104,player-4,33,28,35,22
204,10,18,0.06704195402562618,player-1,41,30,40,25
204,11,17,0.06004190072417259,player-1,50,32,48,26
204,12,17,0.054582953453063965,player-2,53,35,52,30
205,1,18,0.05037500523030758,player-4,2,6,3,1
205,2,17,0.0527501106262207,player-4,2,6,6,7
205,3,18,0.04741712473332882,player-2,7,8,9,8
205,4,17,0.051541952416300774,player-2,9,19,12,12
205,5,18,0.07475004531443119,player-4,13,23,12,16
205,6,17,0.04695798270404339,player-4,14,26,14,22
205,7,17,0.048083020374178886,player-1,19,26,16,25
205,8,21,0.053541967645287514,player-2,20,35,20,27
205,9,18,0.058125006034970284,player-4,23,37,22,29
205,10,21,0.07454189471900463,player-4,26,42,24,34
205,11,19,0.04375004209578037,player-3,29,45,24,36
205,12,19,0.07504201494157314,player-4,31,51,26,45
205,13,32,0.09604194201529026,player-2,35,60,28,50
206,1,37,0.09454204700887203,player-1,8,24,0,6
206,2,24,0.0752501655369997,player-1,26,32,0,7
206,3,17,0.04912517033517361,player-3,26,37,6,7
206,4,18,0.06587500683963299,player-1,26,37,8,11
206,5,28,0.06658397614955902,player-4,29,47,9,17
206,6,19,0.058999983593821526,player-4,32,53,13,19
206,7,17,0.048999907448887825,player-3,35,53,18,21
206,8,17,0.04541710950434208,player-4,38,55,19,25
206,9,19,0.05479087121784687,player-3,39,60,23,26
206,10,17,0.053416937589645386,player-2,41,67,24,27
206,11,17,0.0574158038944006,player-3,43,70,28,34
207,1,19,0.09970879182219505,player-1,9,6,5,1
207,2,17,0.05420902743935585,player-4,11,8,7,8
207,3,17,0.06841681897640228,player-1,15,8,12,8
207,4,18,0.06954092532396317,player-3,19,11,19,9
207,5,17,0.06287498399615288,player-3,19,17,20,9
207,6,17,0.06191595457494259,player-4,22,19,23,16
207,7,22,0.06195809692144394,player-2,25,24,25,18
207,8,24,0.06016693077981472,player-1,27,26,27,26
207,9,20,0.05937507376074791,player-2,29,30,31,26
207,10,18,0.04316703416407108,player-1,37,31,32,30
207,11,17,0.049208989366889,player-1,44,33,35,32
207,12,18,0.05987496115267277,player-3,48,40,40,37
207,13,19,0.06458279676735401,player-1,57,48,44,40
208,1,17,0.05154102109372616,player-3,1,3,4,1
208,2,17,0.04679081030189991,player-4,3,4,6,2
208,3,19,0.05029188469052315,player-3,8,4,9,2
208,4,17,0.04458311013877392,player-2,9,9,9,2
208,5,18,0.06066588684916496,player-4,9,12,10,18
208,6,22,0.06029196083545685,player-1,20,16,14,20
208,7,22,0.05929195322096348,player-2,20,25,14,22
208,8,17,0.04287506453692913,player-2,21,30,15,25
208,9,20,0.05866587162017822,player-2,23,40,20,27
208,10,20,0.059165991842746735,player-3,26,44,25,27
208,11,17,0.04470790736377239,player-1,29,46,28,29
208,12,20,0.05695805884897709,player-1,39,50,32,29
208,13,18,0.05512498319149017,player-4,39,52,38,38
208,14,21,0.05137501284480095,player-4,41,53,39,46
208,15,19,0.04379195161163807,player-3,43,53,47,48
209,1,19,0.05183299072086811,player-2,2,4,4,1
209,2,21,0.07712515071034431,player-1,9,7,7,2
209,3,17,0.07924996316432953,player-2,11,13,8,3
209,4,17,0.05679205060005188,player-3,14,14,13,4
209,5,17,0.04608393646776676,player-4,15,17,14,6
209,6,17,0.049459049478173256,player-1,17,20,14,7
209,7,17,0.06224983371794224,player-2,18,26,14,8
209,8,17,0.05850009620189667,player-3,20,30,18,11
209,9,18,0.04737498238682747,player-1,26,33,22,12
209,10,17,0.062000006437301636,player-1,37,38,24,12
209,11,17,0.05150004290044308,player-2,39,47,26,16
209,12,23,0.06362493149936199,player-1,46,55,27,20
209,13,18,0.04470790736377239,player-1,51,55,31,23
209,14,26,0.07845903746783733,none,52,58,34,26
209,15,17,0.04670885391533375,player-2,53,64,36,27
209,16,17,0.059791142120957375,player-3,54,66,42,29
209,17,19,0.05700020119547844,player-2,58,73,42,32
210,1,19,0.05837506614625454,player-2,1,10,0,2
210,2,18,0.05408283323049545,player-2,3,12,0,4
210,3,27,0.09391689673066139,player-4,3,13,11,9
210,4,21,0.05312496796250343,player-3,6,17,12,11
210,5,17,0.04950002767145634,player-4,12,17,12,14
210,6,17,0.05645886994898319,player-1,15,18,13,23
210,7,21,0.054625095799565315,player-2,18,20,19,31
210,8,23,0.07379194721579552,player-1,21,30,20,44
210,9,18,0.061125028878450394,player-1,24,32,21,49
210,10,40,0.08612498641014099,none,26,33,25,49
210,11,21,0.05895807407796383,player-2,27,37,27,50
210,12,19,0.08345814421772957,player-1,36,40,32,52
210,13,17,0.05833292379975319,player-4,43,47,36,58
211,1,17,0.057499855756759644,player-1,2,0,0,4
211,2,17,0.05033309571444988,player-2,4,0,3,6
211,3,17,0.0566248781979084,player-3,5,4,7,9
211,4,19,0.06250012665987015,player-2,14,7,13,9
211,5,17,0.07016700692474842,player-1,18,12,17,9
211,6,19,0.05270913243293762,player-4,20,13,21,15
211,7,17,0.04579196684062481,player-3,22,17,30,20
211,8,17,0.04941597580909729,player-4,22,20,35,29
211,9,17,0.05191611126065254,player-1,26,24,39,29
211,10,17,0.04383292980492115,player-2,31,29,45,33
211,11,25,0.05054217763245106,none,31,30,49,37
211,12,24,0.09849993512034416,player-3,33,38,55,46
211,13,18,0.04874984733760357,player-2,34,40,57,47
211,14,18,0.059959013015031815,player-3,36,44,66,52
212,1,23,0.0630419235676527,player-4,0,5,1,6
212,2,17,0.05783303640782833,player-3,2,10,8,8
212,3,24,0.07737497799098492,player-3,10,11,16,11
212,4,17,0.05966704338788986,player-1,12,15,16,12
212,5,23,0.059999991208314896,player-4,16,17,22,13
212,6,17,0.04470907151699066,player-3,19,22,27,13
212,7,20,0.05762488581240177,player-3,20,25,33,15
212,8,17,0.05408306606113911,player-1,22,35,34,18
212,9,17,0.045042019337415695,player-2,23,40,38,20
212,10,19,0.05112495273351669,player-1,28,44,40,20
212,11,22,0.06895791739225388,player-1,35,44,45,24
212,12,17,0.057625118643045425,player-1,39,45,47,31
212,13,20,0.055999960750341415,player-1,48,46,47,31
212,14,18,0.035665929317474365,none,49,46,48,31
212,15,17,0.04733284004032612,player-4,49,47,53,41
213,1,20,0.07487484253942966,player-1,9,1,2,8
213,2,19,0.05054101347923279,player-1,15,1,4,8
213,3,17,0.04829186946153641,player-4,18,1,4,12
213,4,20,0.04841713234782219,player-4,19,2,4,16
213,5,18,0.045459019020199776,player-3,21,3,13,16
213,6,17,0.06462493911385536,player-3,23,4,23,18
213,7,17,0.05100015550851822,player-4,24,9,23,21
213,8,18,0.053040916100144386,player-2,28,19,25,25
213,9,17,0.059540849179029465,player-2,30,25,25,26
213,10,19,0.062417006120085716,player-1,33,31,30,30
213,11,17,0.03979098983108997,none,35,36,32,38
213,12,17,0.052833929657936096,player-1,37,39,35,38
213,13,18,0.04100007936358452,player-3,40,42,37,39
213,14,19,0.044999876990914345,player-1,43,42,38,41
213,15,17,0.04512490704655647,player-4,47,44,38,45
213,16,17,0.046958914026618004,player-1,53,46,41,45
213,17,19,0.04854216240346432,player-4,54,50,45,48
213,18,18,0.04479079507291317,player-4,54,56,48,52
214,1,20,0.05850009620189667,player-2,0,4,4,3
214,2,20,0.06345892325043678,player-3,2,10,5,5
214,3,17,0.04775007255375385,player-1,5,11,7,6
214,4,21,0.05979207344353199,player-2,5,16,10,9
214,5,18,0.06512505933642387,player-4,8,19,15,17
214,6,22,0.06400002166628838,player-1,14,20,15,19
214,7,18,0.061125028878450394,player-2,18,22,15,21
214,8,17,0.054042087867856026,player-2,21,26,16,28
214,9,18,0.04587485454976559,player-4,22,28,19,30
214,10,17,0.06158393807709217,player-4,28,30,22,34
214,11,17,0.05095917731523514,player-1,35,30,22,36
214,12,22,0.07212511263787746,player-3,36,30,29,37
214,13,20,0.06374996155500412,player-2,43,37,33,37
214,14,18,0.048584071919322014,player-1,49,44,34,43
214,15,19,0.05274987779557705,player-3,51,45,36,46
214,16,17,0.05020899698138237,player-2,57,50,36,48
214,17,18,0.049459049478173256,player-4,59,52,39,52
215,1,25,0.059416983276605606,none,3,1,0,3
215,2,19,0.044416869059205055,player-2,4,5,1,6
215,3,23,0.04495796747505665,none,6,7,1,6
215,4,18,0.053541967645287514,player-3,6,9,8,8
215,5,19,0.057499855756759644,player-1,11,16,12,8
215,6,21,0.051459064707159996,player-4,11,21,14,11
215,7,26,0.0627501867711544,player-2,14,28,16,14
215,8,17,0.05787494592368603,player-2,16,30,21,14
215,9,18,0.04495796747505665,player-4,16,32,23,19
215,10,17,0.04724995233118534,player-4,17,35,27,23
215,11,18,0.04624994471669197,player-2,18,43,30,24
215,12,17,0.039999838918447495,player-2,21,48,33,24
215,13,17,0.057999975979328156,player-3,25,51,38,24
215,14,18,0.05633407272398472,player-1,31,55,41,25
215,15,17,0.06204098463058472,player-1,41,57,47,29
215,16,17,0.047582900151610374,player-2,43,63,47,29
215,17,17,0.05545793101191521,player-3,43,67,54,37
216,1,17,0.04870886914432049,player-4,6,5,0,7
216,2,24,0.0702079851180315,player-4,10,9,5,7
216,3,19,0.05295919254422188,none,10,11,5,7
216,4,17,0.043416162952780724,player-3,11,16,8,13
216,5,17,0.04170904867351055,player-4,13,19,8,17
216,6,17,0.05395803600549698,player-1,16,25,16,17
216,7,17,0.044833170250058174,player-2,16,30,20,19
216,8,21,0.053416937589645386,none,21,32,24,21
216,9,17,0.05120900459587574,player-4,23,33,24,25
216,10,18,0.05470798350870609,player-2,25,41,29,29
216,11,19,0.05116686224937439,player-4,31,43,32,29
216,12,17,0.042625004425644875,none,33,43,34,30
216,13,25,0.08175009861588478,player-4,33,52,36,38
216,14,18,0.05520787090063095,player-2,38,55,44,43
216,15,18,0.05120784044265747,player-3,39,59,49,44
217,1,17,0.04987488500773907,player-1,8,1,2,0
217,2,17,0.06433296948671341,player-2,9,5,9,0
217,3,17,0.043042004108428955,player-3,9,5,18,0
217,4,18,0.06854184903204441,player-1,13,5,23,0
217,5,19,0.05612499080598354,player-3,15,6,28,0
217,6,21,0.06441702134907246,player-2,22,18,28,1
217,7,17,0.04841713234782219,player-3,31,19,41,3
217,8,17,0.05779205821454525,player-4,31,22,41,12
217,9,22,0.0524579081684351,none,32,22,45,15
217,10,19,0.07854192517697811,player-4,37,29,47,24
217,11,22,0.05350005812942982,player-4,40,35,48,27
217,12,17,0.058416975662112236,player-4,47,41,54,34
218,1,20,0.04970887675881386,player-1,2,2,3,0
218,2,18,0.058916863054037094,player-4,9,2,6,4
218,3,18,0.058584148064255714,player-1,12,2,9,11
218,4,19,0.05137501284480095,player-3,14,6,14,11
218,5,19,0.05925004370510578,player-4,21,11,14,14
218,6,17,0.05070911720395088,player-3,26,11,21,18
218,7,18,0.05116616375744343,player-1,34,17,23,27
218,8,19,0.04812492989003658,player-3,39,21,24,27
218,9,17,0.03929203376173973,player-2,39,26,24,27
218,10,17,0.05391612648963928,player-3,44,27,28,31
218,11,18,0.0624160747975111,player-1,47,30,32,34
218,12,21,0.05729217082262039,player-1,47,36,34,40
218,13,23,0.046208035200834274,player-4,47,38,34,45
218,14,19,0.06491690874099731,player-1,55,42,35,48
218,15,26,0.10191695764660835,player-1,63,42,35,50
218,16,17,0.06758398376405239,player-1,69,42,40,58
219,1,20,0.06374996155500412,none,0,5,1,1
219,2,20,0.04604109562933445,player-2,3,13,1,1
219,3,18,0.04933401942253113,player-1,8,13,4,4
219,4,17,0.05024997517466545,player-1,14,13,7,7
219,5,17,0.08541694842278957,player-2,17,19,10,8
219,6,20,0.06595812737941742,player-2,21,24,12,9
219,7,18,0.06266706623136997,player-1,23,28,13,10
219,8,19,0.058167148381471634,player-3,25,29,17,10
219,9,17,0.05116616375744343,player-2,26,34,19,12
219,10,19,0.07754191756248474,player-1,33,34,21,17
219,11,17,0.05437503568828106,player-4,35,35,24,23
219,12,17,0.05374988541007042,player-1,39,41,29,23
219,13,19,0.07533305324614048,player-4,46,46,36,32
219,14,17,0.06829202175140381,player-3,50,50,41,36
219,15,21,0.06345892325043678,player-4,53,55,43,43
219,16,17,0.04029180854558945,player-1,55,57,43,44
220,1,17,0.05666702054440975,player-3,5,3,11,3
220,2,17,0.053208088502287865,player-4,5,3,11,5
220,3,17,0.04779198206961155,player-1,8,4,12,5
220,4,18,0.07004104554653168,player-3,10,9,15,5
220,5,18,0.06191595457494259,player-4,18,12,20,13
220,6,20,0.06083305925130844,player-3,20,13,31,13
220,7,18,0.042791012674570084,player-2,22,17,35,18
220,8,14,0.041207997128367424,none,22,18,35,18
220,9,17,0.04974985495209694,player-3,22,19,42,18
220,10,17,0.06429082714021206,player-4,23,24,46,29
220,11,22,0.06583379581570625,none,26,24,48,31
220,12,18,0.05658390000462532,player-3,30,28,54,31
220,13,30,0.0605839304625988,none,31,29,56,34
220,14,17,0.05687493830919266,player-4,35,34,56,34
220,15,18,0.03983289934694767,player-2,35,40,57,34
220,16,29,0.09370781481266022,player-2,36,46,58,40
220,17,17,0.05579087883234024,player-3,36,48,59,40
220,18,17,0.04466692917048931,player-4,38,53,60,43
220,19,17,0.04366692155599594,player-1,42,58,63,43
221,1,21,0.05408306606113911,player-1,14,2,7,5
221,2,17,0.04316703416407108,player-2,18,9,9,8
221,3,20,0.06587500683963299,player-2,21,10,10,12
221,4,21,0.043250154703855515,none,23,11,12,13
221,5,17,0.04570884630084038,player-1,29,14,13,18
221,6,17,0.05062483251094818,player-2,30,22,14,19
221,7,18,0.048582907766103745,player-4,35,23,17,32
221,8,18,0.05737505853176117,player-1,39,28,18,34
221,9,17,0.04983413964509964,player-1,43,34,18,37
221,10,17,0.04237494431436062,player-2,48,39,21,37
221,11,17,0.049042049795389175,player-3,48,41,26,40
221,12,17,0.04875008016824722,player-4,50,41,29,44
221,13,18,0.042958883568644524,player-2,52,47,31,45
221,14,19,0.0627920962870121,player-4,52,49,32,51
222,1,18,0.05625002086162567,player-3,2,1,4,4
222,2,17,0.060416990891098976,player-3,7,6,7,4
222,3,19,0.05595805123448372,player-2,10,12,10,8
222,4,23,0.05045882426202297,player-3,11,14,13,9
222,5,18,0.05462486296892166,player-3,12,15,17,11
222,6,17,0.07337518036365509,player-3,25,22,27,14
222,7,17,0.05191587843000889,player-4,27,24,29,16
222,8,21,0.05445815622806549,player-1,30,27,29,18
222,9,17,0.04954217001795769,player-2,34,33,35,18
222,10,19,0.059959013015031815,player-1,37,33,37,19
222,11,17,0.05483301356434822,player-4,40,38,40,24
222,12,19,0.04512513987720013,player-3,48,38,43,24
222,13,17,0.06283307448029518,player-2,52,40,52,26
223,1,18,0.06091594696044922,player-4,6,2,5,7
223,2,17,0.05287490785121918,player-4,15,11,10,13
223,3,18,0.04354189150035381,player-2,15,14,12,13
223,4,17,0.05150004290044308,player-2,16,20,14,15
223,5,17,0.05462486296892166,player-3,16,20,20,17
223,6,17,0.05520787090063095,player-4,19,21,20,19
223,7,19,0.05987496115267277,player-3,19,21,28,26
223,8,20,0.04812492989003658,player-1,28,22,28,29
223,9,27,0.07708300836384296,none,31,24,31,31
223,10,19,0.05337502807378769,player-2,33,29,34,32
223,11,17,0.042750034481287,player-1,35,29,34,35
223,12,18,0.07341708987951279,player-3,35,33,42,42
223,13,17,0.04712515510618687,player-3,44,33,47,48
223,14,17,0.06462493911385536,player-4,48,35,52,53
224,1,17,0.05350005812942982,player-2,1,4,1,0
224,2,17,0.05591707304120064,player-3,5,7,11,0
224,3,17,0.04579196684062481,player-4,5,9,11,2
224,4,17,0.0616670586168766,player-1,8,11,17,5
224,5,17,0.05916692316532135,player-2,16,21,20,7
224,6,17,0.0800001434981823,player-3,22,26,24,7
224,7,18,0.07020891644060612,player-1,28,31,37,9
224,8,17,0.05895807407796383,player-1,33,32,38,9
224,9,16,0.04091695882380009,none,39,35,38,10
224,10,18,0.049541937187314034,player-4,40,38,38,11
224,11,18,0.054833944886922836,player-1,45,46,46,21
224,12,22,0.061333877965807915,player-2,52,52,48,21
225,1,20,0.06087496876716614,player-2,3,12,2,0
225,2,17,0.0463330652564764,player-4,4,12,2,6
225,3,17,0.05208305083215237,player-1,9,15,8,9
225,4,20,0.06841705180704594,player-1,19,17,9,13
225,5,18,0.048625050112605095,player-4,20,18,13,19
225,6,18,0.05270889960229397,player-1,21,20,16,28
225,7,32,0.06379210390150547,player-4,31,20,23,39
225,8,24,0.07795891724526882,player-1,36,21,26,45
225,9,17,0.0639171339571476,player-3,39,23,28,48
225,10,17,0.05133403465151787,player-4,43,23,32,50
225,11,29,0.05287490785121918,none,46,25,33,52
225,12,17,0.05041598342359066,player-2,46,30,34,54
225,13,17,0.06458302959799767,player-3,54,31,42,54
225,14,32,0.07845787331461906,player-3,62,33,47,54
226,1,17,0.056208111345767975,player-4,5,2,0,7
226,2,19,0.06233295425772667,player-3,9,5,0,9
226,3,17,0.06429199129343033,player-2,16,8,6,11
226,4,19,0.04891701973974705,player-1,20,8,8,11
226,5,20,0.04341709427535534,none,24,8,11,14
226,6,18,0.05087512545287609,player-2,28,13,13,16
226,7,17,0.06812508217990398,player-2,33,19,17,16
226,8,18,0.050625065341591835,player-4,34,22,20,24
226,9,18,0.047584064304828644,player-1,41,24,21,28
226,10,19,0.061125028878450394,player-3,45,26,29,32
226,11,19,0.07383408956229687,player-4,47,32,34,37
226,12,18,0.06025005131959915,player-4,50,33,36,40
226,13,23,0.04879198968410492,player-2,52,38,37,48
226,14,19,0.044625019654631615,player-3,54,41,38,49
226,15,21,0.0694170594215393,player-2,60,43,43,54
227,1,18,0.05291705019772053,player-2,4,3,0,1
227,2,20,0.05050003528594971,player-1,4,6,1,6
227,3,17,0.05895807407796383,player-3,5,12,9,6
227,4,20,0.05962490104138851,player-3,7,13,12,9
227,5,18,0.06620795466005802,player-2,11,15,16,14
227,6,24,0.07529184222221375,player-1,19,17,18,18
227,7,17,0.05633290857076645,player-3,21,19,21,21
227,8,21,0.04912493750452995,none,26,22,23,23
227,9,20,0.07395818829536438,player-4,28,22,25,35
227,10,19,0.062042148783802986,player-4,29,27,25,43
227,11,17,0.04920782521367073,player-3,31,27,30,47
227,12,17,0.05012517794966698,player-4,33,32,32,57
227,13,19,0.05650008097290993,player-3,36,34,37,63
227,14,19,0.05162484012544155,player-4,39,36,41,66
228,1,23,0.06316695362329483,player-1,4,2,5,0
228,2,17,0.05312520079314709,player-4,5,2,5,9
228,3,18,0.06900005973875523,player-2,9,4,16,14
228,4,18,0.058999983593821526,player-3,10,6,21,15
228,5,18,0.05150004290044308,player-4,13,10,24,20
228,6,17,0.0541668850928545,player-4,14,10,24,22
228,7,17,0.08012494072318077,player-1,22,12,28,22
228,8,18,0.06045796908438206,player-3,22,16,32,22
228,9,28,0.07091695442795753,player-2,25,19,33,22
228,10,18,0.06758305244147778,player-1,26,28,36,25
228,11,17,0.07358402945101261,player-1,30,32,38,27
228,12,17,0.06133317947387695,player-2,32,35,38,30
228,13,21,0.05312496796250343,player-3,34,40,41,30
228,14,25,0.0802499707788229,player-4,34,44,46,34
228,15,21,0.05570799112319946,player-1,41,44,49,38
228,16,17,0.058416975662112236,player-2,48,45,54,39
229,1,17,0.05095801316201687,player-1,6,0,1,1
229,2,17,0.04716706462204456,player-2,6,3,1,3
229,3,19,0.053999945521354675,player-1,12,3,3,6
229,4,24,0.044999876990914345,none,14,3,10,8
229,5,19,0.06458302959799767,player-3,16,6,11,12
229,6,21,0.044042011722922325,none,16,12,13,12
229,7,20,0.049666035920381546,player-2,17,19,14,12
229,8,17,0.04508323036134243,player-4,17,21,16,16
229,9,20,0.07704203017055988,player-4,19,26,20,22
229,10,20,0.06450014188885689,player-1,24,28,22,24
229,11,17,0.045459019020199776,player-3,25,30,26,24
229,12,20,0.05716690793633461,player-3,30,30,28,29
229,13,17,0.06229197606444359,player-1,33,32,30,30
229,14,17,0.04329183138906956,player-2,33,36,33,35
229,15,18,0.044791027903556824,player-4,33,38,36,38
229,16,17,0.04475004971027374,player-4,36,48,38,43
229,17,17,0.047666020691394806,player-1,46,52,40,46
229,18,17,0.05825003609061241,player-2,48,57,40,47
230,1,19,0.05462486296892166,player-3,2,4,12,5
230,2,20,0.04329206421971321,player-1,5,8,13,9
230,3,32,0.05674990825355053,player-2,7,15,16,11
230,4,18,0.054915901273489,player-1,10,16,19,13
230,5,27,0.05866703577339649,player-3,12,17,21,16
230,6,19,0.046416884288191795,player-4,18,20,22,18
230,7,22,0.06654206663370132,player-4,28,29,26,24
230,8,19,0.0838330015540123,player-2,36,30,29,24
230,9,19,0.05583302117884159,player-3,37,32,33,24
230,10,18,0.04512490704655647,player-3,42,37,38,27
230,11,19,0.04966580308973789,player-1,51,38,42,32
230,12,21,0.05208398215472698,player-4,55,42,44,36
230,13,17,0.06554205901920795,player-1,65,45,49,37
231,1,18,0.055625103414058685,player-1,1,2,3,2
231,2,17,0.05287490785121918,player-1,10,3,8,4
231,3,22,0.04829210229218006,none,10,7,11,5
231,4,18,0.050666043534874916,player-4,11,12,18,12
231,5,20,0.05341600626707077,player-3,13,16,27,17
231,6,20,0.04854192957282066,player-4,15,17,30,20
231,7,22,0.0616670586168766,player-3,15,26,38,30
231,8,20,0.0577080063521862,player-2,17,36,39,34
231,9,21,0.05216686986386776,player-4,17,36,40,42
231,10,18,0.0552500132471323,player-2,19,41,41,46
231,11,21,0.05666702054440975,player-2,23,45,41,46
231,12,17,0.051999930292367935,player-3,27,50,46,46
231,13,19,0.05150004290044308,player-2,32,57,49,52
232,1,17,0.0502078328281641,player-2,0,4,4,0
232,2,19,0.06354204379022121,player-1,9,7,7,4
232,3,18,0.055167125537991524,player-1,16,7,10,6
232,4,17,0.051582930609583855,player-1,18,9,10,13
232,5,18,0.04658312536776066,player-3,19,12,17,15
232,6,20,0.053541967645287514,player-2,21,18,20,15
232,7,17,0.05287490785121918,player-4,21,22,25,21
232,8,17,0.0514171551913023,player-1,30,26,25,26
232,9,17,0.04975008778274059,player-2,30,30,27,26
232,10,17,0.05112495273351669,player-3,33,31,29,26
232,11,25,0.05291705019772053,player-4,33,34,29,33
232,12,20,0.08458294905722141,player-4,44,41,33,45
232,13,17,0.051999930292367935,player-2,52,51,35,45
232,14,18,0.04470907151699066,player-4,54,53,38,47
233,1,17,0.043791020289063454,player-2,2,3,0,0
233,2,20,0.05037500523030758,player-2,6,5,4,3
233,3,17,0.0625841785222292,player-4,8,7,11,8
233,4,17,0.061542028561234474,player-1,16,9,16,11
233,5,18,0.04937499761581421,player-3,18,15,23,17
233,6,17,0.05450006574392319,player-3,22,17,32,19
233,7,17,0.059916870668530464,player-4,26,23,36,21
233,8,17,0.05087489262223244,player-1,32,25,36,22
233,9,18,0.06820796988904476,player-3,37,31,39,23
233,10,18,0.04791701212525368,player-4,41,32,40,25
233,11,19,0.0688750296831131,player-2,44,43,42,28
233,12,17,0.04795799031853676,player-1,51,48,46,30
233,13,20,0.051958952099084854,player-1,59,50,47,31
234,1,29,0.07637497037649155,player-4,1,2,4,9
234,2,17,0.056625111028552055,player-1,12,3,4,12
234,3,17,0.06129196844995022,player-2,21,6,7,23
234,4,17,0.060999998822808266,player-3,23,6,14,23
234,5,23,0.059582991525530815,player-2,26,8,17,25
234,6,17,0.052625080570578575,player-1,32,9,17,26
234,7,18,0.07070903666317463,player-3,40,13,23,26
234,8,17,0.042208004742860794,player-3,40,18,28,26
234,9,21,0.06979098543524742,player-4,42,24,32,36
234,10,19,0.0687912106513977,player-3,48,28,39,41
234,11,17,0.04695914685726166,player-2,49,43,39,44
234,12,18,0.04979199729859829,player-4,55,46,40,47
234,13,21,0.05679088644683361,player-4,55,51,44,55
235,1,17,0.059916870668530464,player-3,4,2,3,2
235,2,17,0.055416952818632126,player-4,4,5,4,11
235,3,17,0.04612491466104984,player-1,8,10,9,18
235,4,17,0.048457877710461617,player-2,9,15,11,21
235,5,25,0.05187490023672581,none,9,15,11,24
235,6,17,0.06550014950335026,player-4,16,15,16,27
235,7,21,0.059416983276605606,player-1,20,19,21,28
235,8,17,0.05470798350870609,player-2,23,23,26,35
235,9,17,0.04316610284149647,player-3,25,27,29,35
235,10,18,0.04579080268740654,player-1,33,27,31,36
235,11,18,0.04645809531211853,player-2,34,35,31,36
235,12,19,0.07645809091627598,player-4,35,36,35,47
235,13,20,0.07704179733991623,player-2,37,44,37,49
235,14,17,0.05966704338788986,player-4,37,47,39,64
236,1,18,0.057416968047618866,player-3,0,4,9,3
236,2,19,0.053999945521354675,player-1,4,6,13,6
236,3,18,0.050250208005309105,player-1,15,14,14,9
236,4,19,0.048083020374178886,player-3,18,17,19,9
236,5,17,0.05316687747836113,player-2,22,19,19,12
236,6,22,0.05474989302456379,player-4,26,20,23,16
236,7,17,0.053791096433997154,player-4,30,25,23,24
236,8,17,0.04758383147418499,player-1,41,25,27,29
236,9,17,0.05050003528594971,player-2,41,29,29,33
236,10,21,0.05533406510949135,player-3,44,32,34,33
236,11,27,0.063000014051795,none,44,33,34,41
236,12,20,0.04687486216425896,player-4,48,33,37,50
236,13,17,0.055625103414058685,player-2,51,39,39,52
236,14,18,0.046582892537117004,player-4,58,39,40,54
236,15,18,0.053541967645287514,player-1,64,40,43,54
237,1,17,0.04324992187321186,player-2,0,4,0,0
237,2,18,0.06379187107086182,player-4,4,9,7,9
237,3,19,0.07129204459488392,player-2,4,17,13,12
237,4,18,0.050625065341591835,player-2,5,23,13,14
237,5,18,0.04441593773663044,player-3,5,24,15,16
237,6,17,0.07012509740889072,player-3,8,26,16,20
237,7,17,0.058999983593821526,player-4,8,26,18,26
237,8,18,0.04866695962846279,player-2,12,31,19,28
237,9,17,0.05387491546571255,player-2,16,38,19,33
237,10,25,0.056999968364834785,none,17,43,21,36
237,11,18,0.049250200390815735,player-1,23,44,23,39
237,12,18,0.05716620944440365,player-2,25,46,23,39
237,13,17,0.0427919439971447,player-2,25,47,23,41
237,14,17,0.05400017835199833,player-3,29,47,25,41
237,15,20,0.05224999040365219,player-3,31,47,27,43
237,16,23,0.04724995233118534,none,37,47,27,44
237,17,17,0.03795791417360306,player-2,39,51,29,44
237,18,20,0.057208118960261345,player-2,39,55,30,45
238,1,19,0.06658397614955902,player-3,1,1,11,1
238,2,17,0.06000022403895855,player-2,3,6,12,3
238,3,17,0.057582976296544075,player-3,6,10,15,5
238,4,17,0.057416968047618866,player-4,6,10,16,12
238,5,17,0.04483293741941452,player-1,9,11,20,13
238,6,17,0.05016685463488102,player-2,12,15,21,14
238,7,17,0.05787494592368603,player-3,15,18,25,16
238,8,17,0.05658320151269436,player-4,18,21,27,23
238,9,17,0.06091594696044922,player-1,23,22,31,25
238,10,17,0.054042087867856026,player-2,23,25,35,28
238,11,17,0.05066697485744953,player-3,23,28,45,31
238,12,22,0.062417006120085716,player-1,25,32,55,36
238,13,17,0.059625133872032166,player-1,36,34,59,38
238,14,20,0.048625050112605095,player-1,39,36,60,42
238,15,19,0.05541602149605751,player-1,47,39,61,46
239,1,17,0.048999907448887825,player-3,0,3,4,0
239,2,18,0.04179216921329498,player-1,7,3,6,1
239,3,17,0.09754183702170849,player-1,12,9,14,1
239,4,23,0.07045804522931576,player-4,15,12,18,5
239,5,17,0.04733307287096977,player-3,15,16,26,7
239,6,21,0.059167155995965004,player-4,20,17,27,8
239,7,19,0.057499855756759644,player-3,22,18,29,11
239,8,17,0.05612499080598354,player-2,24,23,34,14
239,9,17,0.05324999801814556,player-3,26,23,39,15
239,10,19,0.05366699770092964,player-2,29,28,41,19
239,11,17,0.046584056690335274,player-1,38,28,42,23
239,12,18,0.06120884791016579,player-3,41,34,49,25
239,13,17,0.05174987018108368,player-3,41,38,58,29
239,14,17,0.05237502045929432,player-4,45,42,59,33
240,1,20,0.05862489342689514,player-3,4,2,10,2
240,2,18,0.08412497118115425,player-2,9,10,13,5
240,3,18,0.08862512186169624,player-3,11,18,24,9
240,4,17,0.050208065658807755,player-3,11,19,29,10
240,5,17,0.09612506255507469,player-4,13,20,32,12
240,6,20,0.05645793862640858,player-4,14,25,33,16
240,7,22,0.058959005400538445,player-3,19,27,41,16
240,8,17,0.0463749747723341,player-3,21,32,47,16
240,9,18,0.05516689270734787,player-1,24,34,50,18
240,10,17,0.05808309651911259,player-1,32,38,50,21
240,11,18,0.05950010381639004,player-3,44,41,59,23
241,1,17,0.055582961067557335,player-2,0,2,3,2
241,2,17,0.04854216240346432,player-3,4,5,6,3
241,3,17,0.05062483251094818,player-4,4,8,8,7
241,4,17,0.05187513306736946,player-1,6,9,9,13
241,5,27,0.06487499922513962,none,6,13,13,18
241,6,28,0.06620795466005802,player-2,6,16,16,18
241,7,17,0.050958944484591484,player-4,10,22,22,18
241,8,17,0.06137508898973465,player-1,13,27,22,18
241,9,17,0.06812508217990398,player-2,17,32,27,20
241,10,19,0.04812492989003658,player-1,24,32,31,23
241,11,17,0.045084161683917046,player-4,24,33,32,27
241,12,18,0.05191587843000889,player-2,28,34,33,28
241,13,17,0.04791608080267906,player-2,31,39,38,30
241,14,17,0.05187490023672581,player-3,32,40,43,31
241,15,17,0.04737498238682747,player-4,32,41,43,32
241,16,17,0.07137516513466835,player-1,38,49,47,39
241,17,17,0.05050003528594971,player-2,42,53,50,39
241,18,17,0.05441717803478241,player-3,42,63,53,41
242,1,17,0.04533398896455765,player-2,3,10,1,0
242,2,19,0.05775014869868755,player-1,15,12,4,1
242,3,17,0.04645809531211853,player-4,15,12,6,5
242,4,17,0.043457839637994766,player-1,18,15,8,11
242,5,18,0.04508392885327339,player-3,22,15,17,14
242,6,23,0.056042103096842766,player-1,22,16,19,17
242,7,20,0.040084123611450195,none,24,16,20,19
242,8,17,0.08412497118115425,player-1,34,19,25,27
242,9,18,0.0588330440223217,player-3,35,23,29,28
242,10,20,0.06187497638165951,player-2,41,23,32,33
242,11,24,0.06412481889128685,player-3,47,31,35,33
242,12,18,0.048916786909103394,player-2,49,34,37,37
242,13,19,0.07075001485645771,player-4,51,36,40,38
242,14,17,0.053584109991788864,player-3,54,40,46,38
243,1,17,0.07037492468953133,player-4,2,2,2,1
243,2,17,0.053625088185071945,player-1,6,5,2,1
243,3,18,0.06145797669887543,player-3,18,6,3,7
243,4,19,0.04895799793303013,player-1,22,9,5,7
243,5,21,0.05970895290374756,player-4,26,11,7,14
243,6,17,0.08395803160965443,player-1,31,13,9,20
243,7,18,0.06291689351201057,player-3,37,18,11,24
243,8,20,0.04950002767145634,player-2,39,24,12,28
243,9,17,0.05925004370510578,player-4,40,30,14,36
243,10,18,0.059125013649463654,player-2,41,36,16,44
243,11,17,0.04700012505054474,player-2,49,42,22,52
243,12,18,0.05066697485744953,player-4,56,48,22,53
244,1,20,0.053208088502287865,player-4,1,3,5,6
244,2,18,0.04400010220706463,player-3,4,4,7,10
244,3,25,0.08629192598164082,player-3,10,6,11,14
244,4,18,0.06529106758534908,player-1,12,6,15,17
244,5,17,0.05350005812942982,player-1,15,8,17,23
244,6,17,0.05991710349917412,player-2,15,17,17,26
244,7,21,0.07491582073271275,player-3,20,19,24,26
244,8,18,0.04987488500773907,player-1,21,19,26,31
244,9,17,0.05333288572728634,player-1,24,20,30,31
244,10,19,0.06616697646677494,player-4,25,20,31,34
244,11,19,0.0585832167416811,player-1,28,28,33,41
244,12,17,0.04691607318818569,player-4,31,29,36,43
244,13,17,0.04820898175239563,player-1,34,29,40,49
244,14,18,0.05520903505384922,player-3,36,32,41,50
244,15,17,0.06108288653194904,player-3,38,33,57,50
244,16,17,0.03987504169344902,player-4,38,33,58,59
244,17,17,0.056916847825050354,player-1,46,37,61,61
245,1,18,0.05729193799197674,player-4,4,0,6,2
245,2,17,0.056040938943624496,player-4,4,0,10,4
245,3,19,0.04591606557369232,player-3,6,2,17,5
245,4,18,0.06733392365276814,player-3,6,4,20,10
245,5,20,0.0747081357985735,player-2,11,9,22,13
245,6,17,0.081624835729599,player-4,13,12,30,13
245,7,19,0.05483301356434822,player-3,14,21,37,20
245,8,21,0.0510411337018013,player-2,15,29,38,22
245,9,18,0.06183306686580181,player-4,18,34,38,24
245,10,17,0.06945803761482239,player-4,21,41,40,33
245,11,17,0.06279186345636845,player-1,24,43,45,35
245,12,17,0.04295795224606991,player-2,28,47,45,35
245,13,17,0.05566701292991638,player-3,32,53,50,41
245,14,17,0.048832967877388,player-4,33,55,51,41
245,15,21,0.07404107600450516,player-1,34,58,55,49
246,1,25,0.05229096859693527,player-1,2,1,2,4
246,2,21,0.058374833315610886,player-2,2,4,2,8
246,3,21,0.06279093213379383,player-3,7,11,9,9
246,4,17,0.041499966755509377,player-4,12,12,13,10
246,5,18,0.04412513226270676,player-2,18,15,15,18
246,6,20,0.05091703496873379,player-1,21,20,15,20
246,7,29,0.05120900459587574,none,26,22,20,21
246,8,18,0.059999991208314896,player-1,37,27,22,24
246,9,20,0.05733408033847809,player-4,39,30,26,33
246,10,18,0.04729186184704304,player-3,41,34,28,36
246,11,19,0.06366684101521969,player-1,46,36,33,39
246,12,17,0.05237502045929432,player-4,46,37,38,42
246,13,20,0.053791096433997154,none,46,37,38,45
246,14,24,0.06604217924177647,player-1,54,38,38,54
246,15,21,0.04437495954334736,none,56,40,38,56
246,16,17,0.03800005652010441,player-4,56,42,39,61
247,1,22,0.06316695362329483,player-2,0,4,1,2
247,2,18,0.058999983593821526,player-3,2,9,4,3
247,3,17,0.05645793862640858,player-3,5,11,12,3
247,4,17,0.04724995233118534,player-4,8,11,18,6
247,5,18,0.05349982529878616,player-2,13,18,18,9
247,6,17,0.04645809531211853,player-2,13,31,18,11
247,7,20,0.057666096836328506,player-2,16,42,20,15
247,8,17,0.0475000124424696,player-4,18,43,21,23
247,9,17,0.042958883568644524,player-1,20,46,23,24
247,10,19,0.03858399577438831,none,20,47,24,26
247,11,17,0.04449998959898949,player-3,21,50,30,26
247,12,18,0.051541952416300774,player-1,24,51,32,31
247,13,24,0.071709044277668,player-4,26,56,39,32
247,14,20,0.04475004971027374,player-1,28,59,39,32
247,15,23,0.05266699008643627,none,31,61,44,35
247,16,25,0.07129204459488392,player-4,32,62,52,37
247,17,17,0.04974985495209694,player-1,33,64,54,40
248,1,17,0.05195918492972851,player-2,7,8,5,6
248,2,17,0.04404108040034771,player-3,12,10,10,9
248,3,17,0.05050003528594971,player-4,17,11,13,12
248,4,19,0.056833960115909576,player-3,21,18,17,13
248,5,17,0.05075009539723396,player-2,23,23,19,16
248,6,18,0.05208305083215237,player-4,24,25,20,21
248,7,20,0.07329205982387066,player-3,26,30,24,24
248,8,23,0.06937514990568161,player-3,33,43,28,24
248,9,17,0.05175010301172733,player-2,34,50,36,25
248,10,17,0.04904111847281456,player-3,37,50,40,25
248,11,18,0.055291224271059036,player-1,41,53,42,25
248,12,19,0.04658312536776066,player-3,44,56,46,26
248,13,17,0.05179084837436676,player-2,48,62,53,26
249,1,19,0.049042049795389175,player-1,2,2,3,0
249,2,19,0.05595805123448372,player-2,2,8,7,2
249,3,19,0.06033293902873993,player-3,6,8,13,5
249,4,17,0.06404216401278973,player-2,6,9,13,7
249,5,17,0.05925004370510578,player-3,8,10,16,7
249,6,20,0.054541975259780884,player-3,12,12,16,10
249,7,20,0.0702079851180315,player-4,16,16,17,18
249,8,21,0.0800001434981823,player-2,17,27,22,21
249,9,17,0.05145790055394173,player-3,21,30,25,21
249,10,21,0.06858422420918941,player-4,24,32,27,24
249,11,17,0.06400002166628838,player-1,34,36,27,32
249,12,18,0.06995792500674725,player-3,37,38,33,32
249,13,27,0.05383417010307312,player-1,39,39,35,33
249,14,17,0.05745887756347656,player-4,42,48,37,46
249,15,17,0.05270889960229397,player-1,46,53,39,47
250,1,18,0.05591590888798237,player-1,4,2,5,0
250,2,17,0.04141614772379398,player-1,8,2,11,1
250,3,19,0.0439169816672802,player-4,8,5,11,5
250,4,19,0.04195794463157654,player-1,13,6,12,5
250,5,18,0.059165991842746735,player-1,18,6,15,8
250,6,17,0.041082967072725296,player-1,26,6,15,11
250,7,17,0.062417006120085716,player-2,26,10,18,13
250,8,21,0.058042118325829506,player-3,26,10,25,18
250,9,19,0.0566248781979084,player-2,27,12,28,21
250,10,18,0.060625141486525536,player-2,30,19,32,23
250,11,17,0.04624994471669197,player-2,31,24,37,28
250,12,20,0.06766687147319317,player-2,38,28,41,28
250,13,17,0.04879198968410492,player-4,43,28,43,33
250,14,19,0.05291705019772053,player-3,50,32,47,39
250,15,18,0.05674990825355053,player-3,50,33,54,39
251,1,18,0.0689169391989708,player-2,5,4,2,1
251,2,17,0.0377078540623188,player-2,5,7,2,4
251,3,17,0.054208096116781235,player-3,9,9,12,4
251,4,20,0.05433405749499798,player-3,13,10,18,9
251,5,18,0.061125028878450394,player-2,23,18,19,9
251,6,17,0.07037492468953133,player-2,26,26,19,11
251,7,22,0.06558396853506565,player-4,30,26,23,18
251,8,17,0.04712492227554321,player-4,30,32,24,24
251,9,19,0.05425000563263893,player-3,32,33,28,25
251,10,19,0.04449998959898949,none,32,37,28,25
251,11,17,0.04595797508955002,player-3,36,40,35,27
251,12,17,0.043082982301712036,player-4,38,42,38,31
251,13,17,0.047040870413184166,player-1,42,44,40,31
251,14,17,0.055040931329131126,player-2,43,46,42,31
251,15,17,0.04116701893508434,player-3,43,47,44,31
251,16,18,0.04537496715784073,player-1,52,48,45,32
251,17,18,0.0389590859413147,player-2,54,54,46,33
252,1,18,0.05445792339742184,player-2,2,1,2,4
252,2,18,0.05266699008643627,player-3,2,2,12,4
252,3,19,0.05016685463488102,player-1,9,4,14,7
252,4,18,0.07083313539624214,player-1,10,6,19,12
252,5,17,0.04687509499490261,player-1,21,11,19,14
252,6,17,0.05570799112319946,player-2,24,15,20,15
252,7,17,0.07195817306637764,player-3,26,18,31,15
252,8,18,0.046791043132543564,player-1,30,20,31,19
252,9,23,0.06579188629984856,player-3,36,21,36,21
252,10,17,0.05804188549518585,player-2,47,38,41,25
252,11,20,0.046833185479044914,player-2,49,43,48,26
252,12,19,0.06287498399615288,player-2,53,44,48,28
253,1,17,0.0467090867459774,player-3,4,2,10,4
253,2,19,0.05445885471999645,player-2,6,9,14,6
253,3,19,0.04800013266503811,player-3,11,11,20,9
253,4,17,0.05587493069469929,player-2,13,21,23,11
253,5,18,0.05570799112319946,player-4,19,29,26,15
253,6,20,0.05941581912338734,player-3,21,30,36,16
253,7,25,0.055459095165133476,player-1,26,31,37,16
253,8,20,0.06033317185938358,player-1,27,35,43,24
253,9,19,0.07058284245431423,player-1,39,35,52,28
253,10,19,0.05862489342689514,player-2,41,44,56,38
253,11,18,0.05729100666940212,player-2,45,49,58,44
254,1,19,0.04545808769762516,player-2,1,9,0,3
254,2,17,0.051083043217659,player-1,3,9,1,6
254,3,19,0.040041981264948845,none,3,11,1,8
254,4,17,0.062374863773584366,player-3,5,11,7,12
254,5,18,0.057416968047618866,player-1,9,12,13,12
254,6,17,0.056582968682050705,player-1,13,16,13,17
254,7,17,0.05529192276299,player-2,13,21,13,18
254,8,23,0.058916863054037094,player-1,18,23,13,23
254,9,18,0.05929195322096348,player-1,22,25,13,27
254,10,19,0.07700012065470219,player-3,23,30,18,33
254,11,18,0.05824980325996876,player-3,24,34,19,35
254,12,18,0.06512505933642387,player-4,24,36,25,43
254,13,20,0.05224999040365219,player-3,28,36,35,45
254,14,17,0.037667108699679375,player-1,36,37,37,45
254,15,18,0.04375004209578037,player-3,36,44,38,50
254,16,17,0.04379218444228172,player-3,40,48,41,53
255,1,19,0.05483417771756649,player-2,2,3,5,4
255,2,25,0.060999998822808266,player-1,7,6,7,4
255,3,23,0.09479210712015629,player-4,11,12,18,11
255,4,14,0.02787495031952858,none,11,12,20,16
255,5,22,0.060582999140024185,player-1,15,12,22,22
255,6,17,0.04045804962515831,player-1,22,16,27,28
255,7,17,0.04983297549188137,player-2,23,23,33,29
255,8,18,0.05312496796250343,player-4,23,24,37,35
255,9,22,0.051999930292367935,player-1,28,24,38,36
255,10,17,0.05024997517466545,player-1,35,25,40,41
255,11,18,0.05187513306736946,player-3,37,28,45,42
255,12,17,0.05008396692574024,player-3,37,31,50,45
255,13,17,0.05095801316201687,player-4,40,37,55,50
255,14,19,0.04066689871251583,none,40,37,55,51
255,15,18,0.040499959141016006,player-3,41,38,56,54
255,16,20,0.06616697646677494,player-2,45,44,67,54
256,1,19,0.04645879380404949,player-3,4,2,4,4
256,2,22,0.0588749535381794,player-3,4,6,11,4
256,3,17,0.05408399738371372,player-3,10,12,20,9
256,4,17,0.052208080887794495,player-4,11,15,27,13
256,5,17,0.046457862481474876,player-1,13,17,27,17
256,6,17,0.04691700451076031,player-2,13,22,27,20
256,7,29,0.07012486457824707,player-3,15,29,32,25
256,8,18,0.05329190753400326,player-1,22,29,32,33
256,9,18,0.060374848544597626,player-2,25,38,33,41
256,10,17,0.051582930609583855,player-2,27,38,36,46
256,11,17,0.05329190753400326,player-3,29,40,39,48
256,12,17,0.06445799954235554,player-4,30,44,42,55
256,13,17,0.06695790216326714,player-1,44,46,42,56
257,1,20,0.04858383908867836,player-4,2,1,5,1
257,2,17,0.04416704177856445,player-2,9,2,6,3
257,3,34,0.06433296948671341,none,10,4,13,3
257,4,17,0.04641711711883545,player-4,11,6,13,8
257,5,18,0.05333404988050461,player-2,14,11,15,8
257,6,21,0.06345799192786217,player-2,18,16,15,9
257,7,17,0.06087520159780979,player-3,21,16,24,9
257,8,17,0.05254102870821953,player-4,25,21,24,13
257,9,17,0.056582968682050705,player-1,26,23,33,13
257,10,18,0.0403339508920908,player-3,28,24,34,18
257,11,29,0.06295787170529366,player-3,28,27,37,22
257,12,17,0.04575005732476711,player-4,31,34,37,30
257,13,18,0.05620904266834259,player-2,36,41,40,36
257,14,17,0.04991702735424042,player-2,36,44,42,41
257,15,17,0.049833906814455986,player-3,38,50,47,44
257,16,21,0.04912493750452995,player-4,39,54,50,47
258,1,20,0.04700012505054474,player-1,4,4,5,1
258,2,17,0.06124982610344887,player-3,10,14,10,1
258,3,18,0.06170780397951603,player-1,16,21,12,3
258,4,20,0.05791708827018738,player-4,21,21,21,11
258,5,17,0.04929187707602978,player-2,24,30,21,11
258,6,19,0.0602498184889555,player-1,28,33,23,11
258,7,25,0.05129212513566017,player-4,34,36,24,19
258,8,17,0.05783303640782833,player-1,38,38,24,28
258,9,17,0.05445792339742184,player-2,38,43,26,33
258,10,18,0.05691708065569401,player-4,44,49,32,41
258,11,17,0.049291178584098816,player-4,45,52,32,46
258,12,18,0.04445808008313179,player-2,46,53,33,49
259,1,17,0.07420801557600498,player-3,7,1,4,2
259,2,25,0.0535410363227129,none,7,3,6,6
259,3,17,0.06562494672834873,player-1,13,8,11,9
259,4,17,0.04775007255375385,player-2,15,11,17,10
259,5,17,0.03616698086261749,player-3,17,11,20,12
259,6,17,0.050291186198592186,player-4,20,11,21,17
259,7,20,0.05983398295938969,player-4,22,12,23,24
259,8,17,0.06025005131959915,player-2,28,19,25,29
259,9,17,0.04837499000132084,player-3,32,19,34,29
259,10,17,0.060374848544597626,player-4,32,20,35,38
259,11,18,0.05804188549518585,player-2,38,28,39,41
259,12,22,0.060582999140024185,player-3,43,32,42,45
259,13,18,0.10212487541139126,player-4,49,39,51,60
260,1,17,0.05804095417261124,player-4,0,3,2,3
260,2,17,0.04191580228507519,player-1,3,5,5,3
260,3,18,0.0494588166475296,player-3,4,7,7,7
260,4,18,0.05245814099907875,player-4,4,9,8,18
260,5,17,0.05970918573439121,player-4,8,9,11,23
260,6,17,0.05329214036464691,player-1,12,14,18,29
260,7,19,0.06541586481034756,player-4,19,17,23,39
260,8,21,0.053791096433997154,player-3,23,19,33,40
260,9,23,0.055416952818632126,player-2,24,22,34,43
260,10,27,0.07270812056958675,player-3,30,26,59,52
260,11,20,0.056666089221835136,player-1,36,28,64,55
261,1,17,0.05766702815890312,player-1,6,2,5,2
261,2,19,0.04824995994567871,player-4,8,3,7,6
261,3,17,0.05137501284480095,player-3,10,7,9,8
261,4,20,0.05487515591084957,player-3,14,13,20,8
261,5,18,0.07999991066753864,player-2,19,21,25,11
261,6,21,0.05550007335841656,player-2,21,26,26,16
261,7,18,0.0516669824719429,player-4,23,31,34,24
261,8,18,0.04491698928177357,player-1,28,31,36,26
261,9,18,0.043208012357354164,player-2,31,35,42,26
261,10,17,0.04654214717447758,player-2,33,42,42,28
261,11,21,0.06741611286997795,player-3,42,45,43,37
261,12,17,0.0588749535381794,player-4,44,45,51,41
261,13,20,0.055999960750341415,player-4,46,46,56,46
262,1,18,0.052999937906861305,player-2,1,0,0,3
262,2,18,0.04175002686679363,player-3,1,2,3,7
262,3,18,0.06125005893409252,player-4,3,6,4,11
262,4,17,0.08854200132191181,player-4,3,9,5,21
262,5,21,0.05691708065569401,player-1,10,11,10,24
262,6,17,0.053042080253362656,player-2,16,16,13,28
262,7,17,0.07412489503622055,player-3,20,17,16,30
262,8,17,0.05804188549518585,player-4,20,23,21,38
262,9,19,0.06245891563594341,player-3,20,25,28,39
262,10,29,0.12008310295641422,player-2,23,33,36,45
262,11,29,0.07745809853076935,none,24,35,40,47
262,12,18,0.057584140449762344,player-1,28,40,41,49
262,13,22,0.05508307367563248,player-2,34,40,42,54
262,14,17,0.055582961067557335,player-2,41,42,43,55
262,15,17,0.04966696724295616,player-3,44,45,47,59
263,1,18,0.0539170578122139,player-4,6,2,6,3
263,2,19,0.05458388477563858,player-2,9,12,10,5
263,3,20,0.07470790296792984,player-4,13,12,10,10
263,4,17,0.04945811815559864,player-2,13,15,14,11
263,5,22,0.05479203537106514,player-4,14,15,17,18
263,6,17,0.04091695882380009,player-4,14,17,19,30
263,7,17,0.06320909596979618,player-1,21,17,20,30
263,8,18,0.055333832278847694,player-3,26,19,28,30
263,9,18,0.05633407272398472,player-4,27,21,30,34
263,10,20,0.060374848544597626,player-3,31,25,35,34
263,11,17,0.04983297549188137,player-1,43,25,36,36
263,12,18,0.05095801316201687,player-3,43,30,40,37
263,13,18,0.06337510421872139,player-4,44,32,45,39
263,14,17,0.052165938541293144,player-4,45,35,52,42
263,15,17,0.04033301956951618,player-1,48,35,54,43
264,1,19,0.04724995233118534,player-3,2,2,3,3
264,2,25,0.05945796146988869,player-2,3,5,3,4
264,3,19,0.055165961384773254,player-1,7,7,4,5
264,4,18,0.053916824981570244,player-1,10,8,7,11
264,5,18,0.04316703416407108,player-2,14,15,7,13
264,6,17,0.050083035603165627,player-2,24,20,16,16
264,7,19,0.0510411337018013,player-1,35,24,18,18
264,8,18,0.04145805723965168,player-1,37,28,21,21
264,9,25,0.06412481889128685,player-1,43,31,23,21
264,10,22,0.05220901221036911,player-3,46,32,30,22
264,11,24,0.05437503568828106,player-2,46,36,35,27
264,12,19,0.047083012759685516,player-2,48,43,35,28
264,13,17,0.05012517794966698,player-1,57,45,40,29
264,14,17,0.059125013649463654,player-2,59,55,41,34
265,1,17,0.047582900151610374,player-2,6,9,0,0
265,2,17,0.060916878283023834,player-3,8,13,8,2
265,3,19,0.04575005732476711,player-2,10,14,12,2
265,4,17,0.046459026634693146,player-1,15,14,14,3
265,5,21,0.05983398295938969,player-2,20,18,18,7
265,6,20,0.06316695362329483,player-2,23,25,20,9
265,7,17,0.04445808008313179,player-4,25,27,23,12
265,8,18,0.0527920201420784,player-2,30,30,24,16
265,9,18,0.0724580604583025,player-3,37,37,25,16
265,10,20,0.08183298632502556,player-2,43,48,27,16
265,11,18,0.05266699008643627,player-1,46,53,29,21
265,12,18,0.05154218524694443,player-2,46,59,30,22
265,13,17,0.07212511263787746,player-2,49,67,32,23
265,14,17,0.0477079302072525,player-3,50,67,43,23
265,15,19,0.05183415487408638,player-2,52,71,45,26
265,16,19,0.05441717803478241,player-3,59,73,51,28
266,1,17,0.045208027586340904,player-1,12,0,1,1
266,2,17,0.04854099825024605,player-2,13,4,2,3
266,3,20,0.062417006120085716,player-2,19,11,6,7
266,4,17,0.04512513987720013,player-4,22,11,6,9
266,5,19,0.06445799954235554,player-3,25,17,12,10
266,6,19,0.05112495273351669,player-4,28,17,13,13
266,7,24,0.05833315663039684,player-2,33,20,18,15
266,8,18,0.04600011743605137,player-1,38,22,19,17
266,9,17,0.051999930292367935,player-1,40,27,22,18
266,10,17,0.04474981687963009,player-2,41,33,23,20
266,11,19,0.047208042815327644,player-1,48,33,25,20
266,12,18,0.04816707223653793,player-1,58,38,28,22
266,13,19,0.06087496876716614,player-3,59,41,33,23
266,14,21,0.06362493149936199,player-2,59,48,34,26
266,15,23,0.042041996493935585,none,62,51,35,26
266,16,17,0.04462478682398796,player-4,66,56,40,32
267,1,18,0.054459087550640106,player-4,3,2,15,7
267,2,29,0.06279186345636845,player-4,6,5,16,11
267,3,27,0.06579188629984856,none,10,6,17,13
267,4,18,0.04308321513235569,player-3,12,11,19,14
267,5,18,0.05208398215472698,player-4,16,13,23,20
267,6,17,0.047416891902685165,player-4,17,14,24,21
267,7,17,0.05100015550851822,player-1,28,18,28,23
267,8,19,0.05737505853176117,player-4,29,20,33,25
267,9,17,0.05033286288380623,player-3,31,25,37,30
267,10,17,0.05091587081551552,player-4,31,27,39,42
267,11,17,0.04583294503390789,player-1,38,27,39,44
267,12,26,0.07037515752017498,player-3,39,31,47,46
267,13,18,0.046625034883618355,player-4,43,36,48,49
267,14,19,0.0627078115940094,player-2,48,40,51,52
267,15,27,0.06541702896356583,none,49,40,55,55
268,1,17,0.04800013266503811,player-1,7,0,0,1
268,2,17,0.0414170790463686,player-2,12,8,0,1
268,3,18,0.0594588927924633,player-4,13,11,1,4
268,4,17,0.04683295264840126,player-4,13,11,3,14
268,5,20,0.06033293902873993,player-4,18,14,9,15
268,6,21,0.06858282722532749,player-2,23,25,15,23
268,7,18,0.05820905789732933,player-4,23,31,19,31
268,8,17,0.04291604273021221,player-4,24,31,21,34
268,9,19,0.049791065976023674,player-3,25,37,26,40
268,10,22,0.06758398376405239,player-3,27,44,35,44
268,11,17,0.04624994471669197,player-3,28,47,42,44
268,12,17,0.051625072956085205,player-4,28,52,44,47
268,13,18,0.054625095799565315,player-2,32,54,44,50
269,1,17,0.04324992187321186,player-2,2,2,0,4
269,2,17,0.05570799112319946,player-3,6,5,6,11
269,3,24,0.07487507537007332,player-3,8,9,12,13
269,4,17,0.04975008778274059,player-1,11,10,14,18
269,5,17,0.047042034566402435,player-2,14,17,17,20
269,6,22,0.06341584958136082,player-4,15,18,19,24
269,7,17,0.041041988879442215,player-4,15,19,22,31
269,8,17,0.057042110711336136,player-1,21,20,24,32
269,9,20,0.05370890721678734,player-1,25,20,29,33
269,10,18,0.045082997530698776,player-4,27,20,31,40
269,11,17,0.04975008778274059,player-4,31,26,31,45
269,12,17,0.07562479004263878,player-1,34,31,38,48
269,13,17,0.06333296187222004,player-2,34,43,38,51
269,14,17,0.05625002086162567,player-3,34,43,41,51
269,15,17,0.05262484773993492,player-4,38,47,45,53
270,1,17,0.03841589204967022,player-3,5,2,4,1
270,2,17,0.045082997530698776,player-4,10,4,6,5
270,3,17,0.050165923312306404,player-1,15,13,14,10
270,4,19,0.046582892537117004,player-4,17,15,19,14
270,5,19,0.10058400221168995,player-1,25,25,27,28
270,6,17,0.06645778194069862,player-4,28,25,31,31
270,7,20,0.09845802560448647,player-4,31,28,32,41
270,8,18,0.06849993951618671,player-3,32,33,35,47
270,9,17,0.06629107519984245,player-3,36,45,46,49
270,10,19,0.058625126257538795,player-2,38,48,48,50
270,11,20,0.06037508137524128,player-4,40,51,49,54
271,1,17,0.06983405910432339,player-2,9,1,1,5
271,2,17,0.06329198367893696,player-3,9,6,8,6
271,3,17,0.05449983291327953,player-4,13,11,8,9
271,4,24,0.08566700853407383,player-4,16,12,11,13
271,5,17,0.04554097540676594,none,16,13,11,15
271,6,25,0.07762503810226917,player-3,25,16,12,16
271,7,18,0.06325007416307926,player-1,34,16,12,17
271,8,19,0.04924996756017208,player-3,35,19,25,19
271,9,22,0.05808309651911259,player-3,36,24,27,20
271,10,17,0.05150004290044308,player-3,40,26,31,20
271,11,19,0.043459003791213036,none,40,27,33,20
271,12,28,0.06074993871152401,none,42,29,34,20
271,13,19,0.05670799873769283,player-4,48,31,34,26
271,14,19,0.05245814099907875,player-1,50,35,37,30
271,15,20,0.05270796827971935,player-3,53,37,42,32
271,16,17,0.050541944801807404,player-1,58,45,45,34
272,1,17,0.0452499371021986,player-2,7,5,2,3
272,2,17,0.046625034883618355,player-3,7,6,8,3
272,3,18,0.05829217843711376,player-1,17,11,10,7
272,4,20,0.06395811215043068,player-4,19,14,17,10
272,5,19,0.056625111028552055,player-4,20,19,20,15
272,6,17,0.06091617979109287,player-3,20,23,23,17
272,7,17,0.05474989302456379,player-4,22,24,31,20
272,8,21,0.05124998278915882,player-1,27,28,32,20
272,9,18,0.04862481728196144,player-3,29,31,33,20
272,10,17,0.04654214717447758,player-3,29,34,39,22
272,11,17,0.04679197445511818,player-4,30,39,40,28
272,12,19,0.05370797589421272,player-3,33,39,43,33
272,13,17,0.053167110309004784,player-2,35,44,45,33
272,14,17,0.057999975979328156,player-3,35,49,51,37
272,15,21,0.051584094762802124,none,37,49,54,38
272,16,17,0.04187505692243576,player-1,41,49,56,38
272,17,20,0.06929202936589718,player-1,49,54,60,41
273,1,19,0.0439169816672802,player-4,3,4,1,3
273,2,22,0.057666096836328506,none,6,7,1,5
273,3,20,0.06849993951618671,player-3,12,7,6,12
273,4,18,0.05829101428389549,player-2,12,12,9,15
273,5,22,0.065250089392066,player-3,12,15,12,21
273,6,23,0.057833967730402946,player-1,22,17,14,21
273,7,17,0.05362485535442829,player-4,24,19,14,27
273,8,21,0.054042087867856026,player-1,29,19,17,28
273,9,19,0.05454104393720627,player-4,32,23,22,40
273,10,21,0.04587485454976559,none,34,23,24,40
273,11,17,0.06041605956852436,player-4,34,25,26,42
273,12,18,0.06854208186268806,player-2,36,28,29,42
273,13,17,0.05187513306736946,player-2,39,28,34,46
273,14,17,0.07070810534060001,player-3,39,33,41,51
273,15,17,0.0630838330835104,player-4,47,33,46,58
273,16,17,0.046666013076901436,player-1,52,39,51,60
274,1,18,0.05095801316201687,player-4,0,2,3,3
274,2,17,0.040084123611450195,player-4,4,3,3,5
274,3,17,0.05966704338788986,player-1,8,4,10,7
274,4,19,0.04316703416407108,player-4,8,4,11,9
274,5,17,0.052042072638869286,player-3,11,5,19,11
274,6,17,0.04354189150035381,player-4,12,8,20,13
274,7,18,0.05891709588468075,player-2,14,12,20,13
274,8,18,0.05791592411696911,player-3,14,17,22,14
274,9,18,0.06050011143088341,player-4,16,23,22,15
274,10,18,0.05874992348253727,player-1,18,27,22,18
274,11,18,0.05891593173146248,player-2,20,30,26,18
274,12,25,0.055541982874274254,none,21,32,30,18
274,13,17,0.06045796908438206,player-3,21,35,32,21
274,14,22,0.06562517955899239,player-1,28,38,37,27
274,15,17,0.06566592492163181,player-1,43,40,46,27
274,16,19,0.05283299833536148,player-4,43,45,46,29
274,17,17,0.055999960750341415,player-3,46,50,52,29
274,18,17,0.04720897413790226,player-4,46,54,54,34
275,1,17,0.059333862736821175,player-3,0,1,8,0
275,2,19,0.051541952416300774,player-2,0,5,11,2
275,3,22,0.05645817145705223,player-2,4,8,13,7
275,4,21,0.06458302959799767,player-2,7,13,20,8
275,5,17,0.05216686986386776,player-3,11,19,24,12
275,6,17,0.05100015550851822,player-4,11,19,28,19
275,7,17,0.060999998822808266,player-1,18,24,33,20
275,8,18,0.05187513306736946,player-3,19,25,34,23
275,9,17,0.040708109736442566,player-3,19,27,38,26
275,10,17,0.0541668850928545,player-4,25,37,40,31
275,11,17,0.04433305002748966,player-1,30,39,43,31
275,12,21,0.05370890721678734,player-2,30,41,45,36
275,13,17,0.04491605795919895,player-3,30,45,49,36
275,14,19,0.06550014950335026,player-2,32,51,61,41
275,15,17,0.0427919439971447,player-1,34,54,61,46
276,1,18,0.07316609844565392,player-1,5,2,1,7
276,2,17,0.04687486216425896,player-1,8,7,1,14
276,3,17,0.04112487658858299,player-2,9,14,3,16
276,4,19,0.07070787250995636,player-1,18,16,5,24
276,5,18,0.062125036492943764,player-1,23,23,10,28
276,6,18,0.049582915380597115,player-2,23,26,17,35
276,7,18,0.04912493750452995,player-3,25,27,21,37
276,8,17,0.05612499080598354,player-3,27,30,23,45
276,9,18,0.06541702896356583,player-1,35,38,30,46
276,10,17,0.047208042815327644,player-1,48,38,33,52
276,11,18,0.06545800715684891,player-3,52,38,41,52
276,12,22,0.08391612209379673,player-4,53,43,45,58
277,1,17,0.06383401341736317,player-1,6,3,0,0
277,2,17,0.04866695962846279,player-2,11,3,3,4
277,3,18,0.04445808008313179,player-4,15,3,4,13
277,4,21,0.05925004370510578,player-4,17,11,7,24
277,5,18,0.06037508137524128,player-2,18,14,13,28
277,6,18,0.054541975259780884,player-3,18,14,17,28
277,7,22,0.06295810453593731,player-4,25,18,22,34
277,8,17,0.04154094494879246,player-4,25,20,24,37
277,9,21,0.05804095417261124,player-1,30,22,24,39
277,10,17,0.051999930292367935,player-2,32,27,24,42
277,11,19,0.06316695362329483,player-1,35,28,29,44
277,12,17,0.05079200491309166,player-4,36,30,31,55
277,13,18,0.04891701973974705,player-2,42,32,34,56
277,14,17,0.07420801557600498,player-2,44,39,38,64
278,1,19,0.06074993871152401,none,1,1,1,0
278,2,23,0.06308313459157944,player-3,3,6,5,2
278,3,17,0.05208305083215237,player-2,5,16,6,3
278,4,19,0.05783303640782833,player-1,6,19,11,5
278,5,18,0.054791104048490524,player-1,11,24,18,7
278,6,17,0.04454096779227257,player-1,20,24,18,9
278,7,21,0.06008311174809933,player-2,21,38,18,9
278,8,19,0.042750034481287,player-1,25,40,19,10
278,9,18,0.06025005131959915,player-1,33,41,22,16
278,10,20,0.06254087202250957,player-4,36,41,23,21
278,11,18,0.061916885897517204,player-3,40,46,28,21
278,12,17,0.04987488500773907,player-3,41,49,37,25
278,13,17,0.05016615614295006,player-4,45,51,37,32
278,14,18,0.04237494431436062,player-2,46,55,37,36
278,15,17,0.06429105997085571,player-2,50,64,40,38
279,1,19,0.04833401180803776,player-2,2,14,2,2
279,2,19,0.050416914746165276,player-3,6,18,7,6
279,3,18,0.07470906712114811,player-3,6,19,8,11
279,4,20,0.06062490865588188,player-2,9,28,14,14
279,5,18,0.04987488500773907,player-1,11,32,15,18
279,6,18,0.055208802223205566,player-2,16,38,15,20
279,7,17,0.04791701212525368,player-2,17,42,16,20
279,8,17,0.04595797508955002,player-3,17,42,23,21
279,9,19,0.5033339839428663,player-2,20,49,25,27
279,10,20,0.0524579081684351,player-4,21,51,26,31
279,11,18,0.04841713234782219,player-3,24,53,26,35
279,12,20,0.05574990063905716,player-2,29,57,26,37
279,13,34,0.08100015111267567,player-1,35,59,27,50
280,1,19,0.10724994353950024,player-3,1,4,10,0
280,2,18,0.05845795385539532,player-3,2,6,13,1
280,3,18,0.06299978122115135,player-4,2,7,18,6
280,4,17,0.06508314982056618,player-4,4,10,20,9
280,5,20,0.057165976613759995,player-4,6,15,20,16
280,6,19,0.052416929975152016,player-4,11,19,22,22
280,7,18,0.05133403465151787,none,14,22,23,23
280,8,17,0.052625080570578575,player-4,15,24,26,32
280,9,28,0.060957856476306915,player-4,18,24,27,40
280,10,17,0.053541967645287514,player-2,18,33,29,46
280,11,22,0.04037492908537388,none,18,35,32,51
280,12,19,0.06508314982056618,player-2,19,49,35,59
281,1,17,0.04095793701708317,player-1,4,1,1,1
281,2,21,0.05966704338788986,player-2,8,7,4,1
281,3,25,0.06220885552465916,player-3,12,8,11,3
281,4,19,0.0616670586168766,player-2,17,15,15,5
281,5,17,0.04616682417690754,player-1,23,15,15,7
281,6,18,0.04416704177856445,player-3,32,16,22,9
281,7,21,0.056999968364834785,player-3,36,17,28,10
281,8,19,0.0554998405277729,player-2,39,22,35,14
281,9,17,0.05287490785121918,player-1,46,23,37,18
281,10,17,0.048791058361530304,player-2,48,26,42,25
281,11,18,0.05333404988050461,player-4,49,31,43,31
281,12,19,0.07299985736608505,player-2,58,33,48,35
282,1,21,0.06445893086493015,player-1,2,4,2,1
282,2,17,0.0697087962180376,player-2,2,7,5,1
282,3,18,0.06595905870199203,player-4,4,13,9,10
282,4,23,0.09445915929973125,player-2,5,14,10,12
282,5,18,0.06554112769663334,player-2,6,16,11,13
282,6,24,0.04924996756017208,none,11,18,11,15
282,7,18,0.036207959055900574,none,15,20,13,15
282,8,17,0.05941605195403099,player-4,18,20,17,23
282,9,17,0.05312496796250343,player-1,21,21,19,23
282,10,18,0.056916847825050354,player-3,27,30,27,27
282,11,18,0.05712499842047691,player-4,27,31,30,32
282,12,17,0.05200016312301159,player-4,27,31,35,37
282,13,17,0.05433312617242336,player-1,33,33,35,39
282,14,17,0.04895799793303013,player-2,35,38,36,39
282,15,17,0.05854107439517975,player-3,35,41,39,39
282,16,20,0.07858406752347946,player-3,35,45,40,45
282,17,21,0.0707919243723154,player-1,36,51,46,49
283,1,17,0.05341600626707077,player-3,4,3,8,6
283,2,17,0.05358387716114521,player-4,6,6,10,9
283,3,17,0.04237517714500427,player-1,12,7,13,10
283,4,18,0.05533290095627308,player-3,20,8,22,11
283,5,17,0.050791073590517044,player-3,22,11,25,13
283,6,17,0.049459049478173256,player-4,24,14,26,21
283,7,27,0.07554213516414165,player-3,30,19,36,21
283,8,17,0.045999884605407715,player-2,32,29,36,21
283,9,19,0.05274987779557705,player-1,36,29,40,26
283,10,18,0.05925004370510578,player-1,43,32,44,31
283,11,18,0.05537504330277443,player-2,49,39,45,33
283,12,17,0.061125028878450394,player-2,54,43,50,33
284,1,20,0.05237502045929432,player-3,4,3,7,2
284,2,17,0.05083298310637474,player-1,10,6,10,4
284,3,18,0.04387483932077885,player-3,13,8,16,7
284,4,20,0.04175002686679363,none,15,10,18,7
284,5,17,0.06354204379022121,player-4,18,12,22,15
284,6,18,0.051582930609583855,player-2,22,18,28,15
284,7,32,0.07279193960130215,player-1,24,21,29,16
284,8,21,0.05633290857076645,player-3,28,26,37,16
284,9,20,0.055791810154914856,player-3,28,29,41,22
284,10,17,0.052333809435367584,player-1,35,34,43,23
284,11,20,0.04949979484081268,player-1,40,36,46,27
284,12,18,0.05874992348253727,player-4,48,37,51,29
284,13,18,0.03879191353917122,player-1,52,37,58,33
285,1,18,0.05833292379975319,player-2,2,5,0,0
285,2,17,0.06216694600880146,player-2,5,7,4,5
285,3,17,0.0541668850928545,player-3,8,8,7,9
285,4,17,0.05408399738371372,player-4,8,9,12,13
285,5,20,0.051999930292367935,player-4,10,13,13,16
285,6,19,0.06145890802145004,player-4,10,14,14,24
285,7,17,0.06083399057388306,player-3,10,14,19,26
285,8,18,0.0524159986525774,player-1,16,17,19,29
285,9,19,0.060042133554816246,player-3,20,21,22,30
285,10,17,0.05295802839100361,player-2,24,21,23,34
285,11,17,0.06333412602543831,player-3,24,23,25,36
285,12,19,0.059916870668530464,player-2,24,30,26,38
285,13,17,0.04787486977875233,player-1,30,30,26,43
285,14,17,0.04349998198449612,player-2,31,39,26,43
285,15,18,0.058542005717754364,player-4,37,39,28,49
285,16,17,0.0491670798510313,player-4,38,44,28,53
285,17,17,0.07008388638496399,player-1,52,46,37,56
286,1,17,0.04824995994567871,player-4,1,3,2,6
286,2,17,0.057958997786045074,player-1,7,6,2,11
286,3,20,0.056833960115909576,player-1,18,12,2,16
286,4,28,0.05950010381639004,none,21,12,3,20
286,5,20,0.06425008177757263,player-3,24,15,8,25
286,6,17,0.061957864090800285,player-1,27,18,13,29
286,7,22,0.07041706703603268,player-3,31,22,18,29
286,8,17,0.054625095799565315,player-3,34,22,23,31
286,9,19,0.06699981167912483,player-2,40,31,27,34
286,10,21,0.04487507976591587,none,42,31,27,35
286,11,18,0.04775007255375385,player-3,45,35,31,37
286,12,17,0.04875008016824722,player-3,45,35,34,37
286,13,17,0.05445815622806549,player-4,49,38,35,41
286,14,17,0.04933401942253113,player-1,58,40,37,42
286,15,17,0.045999884605407715,player-2,66,42,39,44
287,1,21,0.06254203617572784,player-3,0,2,6,4
287,2,18,0.057958997786045074,player-1,9,3,10,5
287,3,19,0.05308398976922035,player-3,12,8,15,9
287,4,18,0.04612491466104984,player-3,12,13,17,10
287,5,17,0.05675014108419418,player-3,13,16,24,15
287,6,20,0.050165923312306404,player-3,15,20,29,18
287,7,17,0.0635830219835043,player-1,22,23,35,23
287,8,19,0.06716698408126831,player-4,23,26,39,27
287,9,18,0.052582938224077225,player-4,23,28,43,34
287,10,17,0.04408392123878002,player-4,23,31,43,44
287,11,27,0.05012494511902332,none,29,32,52,48
287,12,18,0.04754192195832729,player-3,34,34,54,49
287,13,17,0.04379195161163807,player-3,40,35,63,51
288,1,17,0.050584087148308754,player-3,2,0,2,3
288,2,17,0.050541944801807404,player-4,3,3,3,12
288,3,17,0.03908388316631317,player-1,8,4,7,15
288,4,17,0.060999998822808266,player-2,18,9,14,19
288,5,20,0.053999945521354675,player-2,18,11,18,19
288,6,18,0.06350013427436352,player-1,23,15,19,26
288,7,19,0.08354103192687035,player-3,27,19,24,30
288,8,17,0.07337494753301144,player-2,27,25,31,34
288,9,19,0.05950010381639004,player-1,33,27,37,34
288,10,18,0.05795806646347046,player-1,35,32,37,37
288,11,20,0.054541975259780884,player-4,37,33,41,42
288,12,18,0.050791073590517044,player-3,37,33,50,45
288,13,17,0.06220908835530281,player-3,39,34,53,49
288,14,17,0.056957826018333435,player-4,41,42,53,58
289,1,18,0.062417006120085716,player-1,7,3,5,3
289,2,19,0.052958959713578224,player-3,10,4,18,3
289,3,17,0.045000109821558,player-2,14,9,20,5
289,4,19,0.05416618660092354,player-1,20,15,22,8
289,5,18,0.052833929657936096,player-1,26,26,25,19
289,6,24,0.05350005812942982,none,28,28,26,26
289,7,18,0.050667207688093185,player-3,29,30,28,27
289,8,17,0.05083298310637474,player-3,34,32,33,31
289,9,34,0.06895908154547215,player-1,36,37,34,31
289,10,19,0.05591707304120064,player-3,40,37,38,35
289,11,18,0.054958974942564964,player-3,42,40,39,36
289,12,17,0.05712499842047691,player-3,46,44,43,38
289,13,22,0.05187490023672581,player-1,48,50,43,45
289,14,18,0.0516669824719429,player-2,52,53,48,48
290,1,17,0.05033286288380623,player-1,6,0,0,3
290,2,18,0.07458403706550598,player-3,11,6,8,9
290,3,17,0.05870778113603592,player-3,11,8,18,13
290,4,21,0.0641250517219305,player-4,11,8,20,18
290,5,17,0.0491670798510313,player-1,15,8,25,20
290,6,19,0.05212496034801006,player-4,19,10,30,24
290,7,17,0.03845803439617157,player-3,20,13,33,24
290,8,17,0.05987496115267277,player-4,25,15,37,28
290,9,17,0.056540826335549355,player-1,34,17,37,29
290,10,17,0.0844169408082962,player-2,36,22,41,29
290,11,17,0.08750008419156075,player-3,37,24,49,32
290,12,17,0.07258402183651924,player-4,37,25,56,36
290,13,17,0.06708293221890926,player-1,42,26,58,39
291,1,17,0.04487507976591587,player-4,0,2,6,8
291,2,22,0.0537908636033535,player-2,2,5,10,8
291,3,18,0.05987496115267277,player-3,2,7,10,14
291,4,20,0.05050003528594971,player-2,6,10,10,15
291,5,17,0.039041973650455475,player-4,10,15,14,20
291,6,17,0.043582869693636894,player-1,12,15,16,20
291,7,21,0.052416929975152016,player-2,17,24,16,23
291,8,17,0.063000014051795,player-3,21,24,25,25
291,9,27,0.08512521162629128,player-2,25,25,28,33
291,10,19,0.08083297871053219,player-3,30,31,34,35
291,11,17,0.041165854781866074,player-2,33,39,36,39
291,12,21,0.05425000563263893,player-3,37,41,41,41
291,13,20,0.05933293141424656,player-3,41,47,44,49
291,14,18,0.06454181857407093,player-2,44,49,47,51
292,1,17,0.05287490785121918,player-4,2,2,2,6
292,2,17,0.04258309490978718,player-1,3,6,4,9
292,3,20,0.058625126257538795,player-1,8,8,11,13
292,4,19,0.06266706623136997,player-1,16,11,14,15
292,5,17,0.042582862079143524,player-4,17,14,17,15
292,6,18,0.04820781759917736,player-2,19,21,17,15
292,7,17,0.039665959775447845,player-2,19,26,19,17
292,8,18,0.04800013266503811,player-4,23,27,22,23
292,9,17,0.04475004971027374,player-4,23,32,22,30
292,10,23,0.06320816464722157,player-3,26,41,24,33
292,11,19,0.05087489262223244,player-4,26,44,24,34
292,12,17,0.05445792339742184,player-3,30,49,27,36
292,13,17,0.048916786909103394,player-4,31,54,27,42
292,14,24,0.06691692396998405,player-4,32,57,29,53
293,1,17,0.04966580308973789,player-3,3,4,10,0
293,2,18,0.04845811054110527,player-1,10,5,10,2
293,3,19,0.04475004971027374,player-3,11,6,15,7
293,4,18,0.0499580055475235,player-3,12,11,18,17
293,5,17,0.05591614171862602,player-3,12,12,23,19
293,6,19,0.05650008097290993,player-2,15,17,27,22
293,7,19,0.056584132835268974,player-3,19,25,31,25
293,8,19,0.08154194802045822,player-4,27,29,36,32
293,9,20,0.05425000563263893,player-2,29,34,41,36
293,10,21,0.06541609764099121,player-4,35,43,43,44
293,11,18,0.057042110711336136,player-2,38,48,44,45
293,12,32,0.06637489423155785,none,40,54,47,46
294,1,20,0.0499580055475235,player-2,1,3,1,2
294,2,17,0.053041847422719,player-4,3,4,1,15
294,3,18,0.05333288572728634,player-2,10,8,4,17
294,4,18,0.04341709427535534,player-3,12,12,5,20
294,5,18,0.05645817145705223,player-4,15,14,8,24
294,6,17,0.04337518475949764,player-4,19,18,8,34
294,7,18,0.04495796747505665,player-2,23,25,10,37
294,8,17,0.046584056690335274,player-2,24,37,15,38
294,9,19,0.044042011722922325,player-1,30,40,17,39
294,10,26,0.06274995394051075,none,30,40,17,40
294,11,28,0.062125036492943764,player-4,30,42,19,50
294,12,17,0.05087512545287609,player-2,33,46,19,54
295,1,17,0.041624996811151505,player-1,5,2,0,5
295,2,40,0.08150003850460052,none,7,4,6,7
295,3,16,0.04175002686679363,none,7,5,8,7
295,4,17,0.04041707143187523,player-4,10,6,11,10
295,5,19,0.058625126257538795,player-3,14,10,13,12
295,6,17,0.05516689270734787,player-2,16,12,16,12
295,7,17,0.043791020289063454,player-3,20,12,25,12
295,8,17,0.04587485454976559,player-4,20,17,25,14
295,9,17,0.05725002847611904,player-1,25,17,25,20
295,10,17,0.05387491546571255,player-2,29,26,28,22
295,11,17,0.04937499761581421,player-3,33,29,37,23
295,12,18,0.055416952818632126,player-1,37,30,40,29
295,13,20,0.053208088502287865,player-4,38,36,43,34
295,14,18,0.05050003528594971,player-3,40,42,45,38
295,15,20,0.05191587843000889,player-2,43,46,46,38
295,16,19,0.046999892219901085,player-2,43,54,49,38
295,17,19,0.044208019971847534,player-3,45,54,50,43
295,18,17,0.05625002086162567,player-2,47,57,52,44
296,1,18,0.043416861444711685,player-3,2,2,3,2
296,2,17,0.06087496876716614,player-3,8,4,7,5
296,3,17,0.06700004450976849,player-4,13,5,13,6
296,4,19,0.06683287210762501,player-3,19,7,18,13
296,5,17,0.07683294825255871,player-2,23,10,20,16
296,6,20,0.0677080824971199,player-2,23,16,22,16
296,7,19,0.06308290176093578,player-2,23,17,23,18
296,8,33,0.07404200732707977,none,32,20,23,20
296,9,19,0.056541990488767624,none,35,24,24,22
296,10,18,0.054915901273489,player-4,37,24,25,31
296,11,20,0.06283307448029518,player-3,37,30,30,36
296,12,19,0.04737498238682747,player-3,37,30,33,37
296,13,17,0.05891709588468075,player-2,42,32,33,38
296,14,20,0.06333296187222004,player-2,42,38,39,39
296,15,19,0.08308305405080318,player-2,47,42,44,41
296,16,23,0.07125013507902622,player-3,50,46,47,45
296,17,17,0.04679197445511818,player-2,55,48,47,47
297,1,17,0.053541967645287514,player-3,4,5,2,4
297,2,17,0.051208073273301125,player-4,7,7,3,7
297,3,17,0.0566248781979084,player-1,8,11,9,10
297,4,19,0.055957818403840065,player-4,13,12,14,12
297,5,19,0.0946668442338705,player-1,14,14,15,20
297,6,17,0.0475000124424696,player-4,14,15,16,28
297,7,17,0.05150004290044308,player-1,21,20,21,28
297,8,17,0.044208019971847534,player-2,23,33,21,30
297,9,19,0.06487499922513962,player-1,33,36,25,31
297,10,21,0.05787494592368603,player-4,34,38,29,34
297,11,17,0.05241716280579567,player-1,41,38,30,36
297,12,17,0.048791058361530304,player-2,41,42,31,40
297,13,19,0.05195918492972851,player-1,43,42,33,46
297,14,17,0.051291193813085556,player-4,45,43,34,51
297,15,20,0.06291596218943596,player-4,49,43,34,53
297,16,18,0.06391596980392933,player-3,53,47,37,55
298,1,17,0.0425421167165041,player-4,5,6,0,10
298,2,23,0.06245891563594341,player-3,7,14,3,13
298,3,18,0.05187513306736946,player-3,8,19,6,17
298,4,19,0.05137501284480095,player-1,15,29,9,25
298,5,17,0.05333288572728634,player-4,16,29,12,33
298,6,27,0.05841604433953762,player-3,19,31,15,33
298,7,20,0.05050003528594971,player-1,23,31,16,35
298,8,17,0.0730419997125864,player-3,29,35,26,39
298,9,22,0.052208080887794495,none,29,35,27,42
298,10,17,0.052042072638869286,player-1,31,35,27,45
298,11,20,0.06899982690811157,player-1,40,41,33,54
298,12,18,0.05925004370510578,player-4,40,42,37,59
299,1,20,0.06133411079645157,player-2,2,3,4,0
299,2,20,0.06020884029567242,player-3,4,8,8,4
299,3,18,0.04483293741941452,player-2,6,15,8,7
299,4,20,0.08083297871053219,player-1,16,18,13,7
299,5,20,0.045625027269124985,player-2,18,24,14,7
299,6,17,0.04649977199733257,player-4,22,28,14,11
299,7,17,0.06050011143088341,player-1,31,29,14,15
299,8,18,0.05683302879333496,player-3,35,30,24,15
299,9,17,0.06608315743505955,player-3,42,34,33,18
299,10,19,0.050584087148308754,player-2,46,35,33,19
299,11,38,0.08483394049108028,player-2,50,41,36,32
299,12,17,0.03520911559462547,none,51,46,38,33
299,13,18,0.0541249755769968,player-4,51,46,45,37
299,14,20,0.04854216240346432,player-3,51,52,55,38
300,1,17,0.043582869693636894,player-3,0,3,3,2
300,2,21,0.048625050112605095,player-4,2,3,4,7
300,3,19,0.062374863773584366,player-3,6,3,8,8
300,4,21,0.07683411240577698,player-2,6,7,10,14
300,5,22,0.07483293302357197,player-4,8,8,13,14
300,6,17,0.05404185503721237,player-4,13,10,17,23
300,7,17,0.04154210910201073,player-1,15,10,18,24
300,8,18,0.056958990171551704,player-3,17,13,25,31
300,9,17,0.04179193638265133,player-3,17,13,34,34
300,10,19,0.06741704419255257,player-2,26,14,38,38
300,11,17,0.05191587843000889,player-1,34,17,45,40
300,12,17,0.050083035603165627,player-2,35,19,48,40
300,13,18,0.06091711111366749,player-4,35,25,50,45
300,14,19,0.058999983593821526,player-2,37,28,50,47
300,15,17,0.0541249755769968,player-1,37,29,52,52
300,16,17,0.039874808862805367,player-2,39,33,54,53
300,17,21,0.07724994793534279,player-3,42,40,59,60
301,1,23,0.10254094377160072,player-1,2,7,4,10
301,2,17,0.060999998822808266,player-4,6,12,11,16
301,3,17,0.05641602911055088,player-1,16,16,17,16
301,4,18,0.048833200708031654,player-3,20,17,18,16
301,5,20,0.07229112088680267,player-2,20,26,20,20
301,6,19,0.07624994032084942,player-2,25,28,20,24
301,7,17,0.036041950806975365,player-1,30,28,20,26
301,8,20,0.05520903505384922,player-1,38,29,23,31
301,9,18,0.05375011824071407,player-4,41,30,25,36
301,10,18,0.06945803761482239,player-1,50,32,30,43
301,11,17,0.04679197445511818,player-1,52,32,33,45
301,12,18,0.056541990488767624,player-3,56,35,42,55
301,13,17,0.037667108699679375,none,56,42,45,55
302,1,17,0.06070802919566631,player-3,0,1,4,0
302,2,17,0.05845795385539532,player-4,0,3,9,3
302,3,21,0.05887518636882305,player-1,1,7,11,9
302,4,20,0.05616690032184124,player-1,2,9,12,11
302,5,20,0.05137501284480095,player-2,4,18,17,11
302,6,25,0.053957803174853325,none,4,18,21,17
302,7,17,0.05250005051493645,player-1,7,19,25,17
302,8,17,0.06395787931978703,player-2,11,25,27,26
302,9,17,0.05370914004743099,player-3,14,26,28,33
302,10,18,0.05287490785121918,player-1,17,26,28,34
302,11,17,0.04654191434383392,player-1,20,29,30,35
302,12,17,0.042625004425644875,player-2,23,32,30,37
302,13,24,0.07375003769993782,none,31,36,32,41
302,14,17,0.06454088725149632,player-4,34,41,39,51
302,15,17,0.06454181857407093,player-1,36,43,44,54
302,16,17,0.05433312617242336,player-2,38,46,46,57
303,1,19,0.06679189391434193,player-2,7,1,7,2
303,2,18,0.059999991208314896,player-2,10,6,10,6
303,3,17,0.0490827951580286,player-2,10,10,10,6
303,4,17,0.047042034566402435,player-3,12,14,17,8
303,5,17,0.05087489262223244,player-4,16,16,21,16
303,6,21,0.06512505933642387,player-1,29,20,23,18
303,7,17,0.040958868339657784,player-2,29,22,26,19
303,8,17,0.056625111028552055,player-3,32,25,35,24
303,9,17,0.04975008778274059,player-4,34,25,36,26
303,10,17,0.04787510260939598,player-1,41,27,36,27
303,11,18,0.047250185161828995,player-3,42,28,45,28
303,12,18,0.049625057727098465,player-4,42,28,46,33
303,13,17,0.04624994471669197,player-4,45,31,54,36
303,14,19,0.049625057727098465,player-3,47,35,61,39
304,1,17,0.05845888517796993,player-2,1,4,2,2
304,2,17,0.07449998520314693,player-3,7,7,4,2
304,3,19,0.058499863371253014,player-2,12,13,5,4
304,4,19,0.08262507617473602,player-3,16,16,11,12
304,5,19,0.09220791980624199,player-4,16,24,14,18
304,6,30,0.06970902904868126,none,17,27,14,20
304,7,26,0.06120791658759117,player-1,20,28,15,22
304,8,18,0.08470797911286354,player-2,23,29,15,25
304,9,18,0.051541952416300774,player-3,25,33,27,26
304,10,17,0.048999907448887825,player-3,26,34,28,28
304,11,19,0.06341701373457909,player-2,34,36,33,32
304,12,17,0.05762488581240177,player-1,40,40,36,34
304,13,18,0.05725002847611904,player-3,48,41,47,34
304,14,17,0.06062490865588188,player-3,48,46,49,42
304,15,17,0.053541967645287514,player-4,51,46,52,53
305,1,21,0.0637909397482872,player-3,3,3,3,3
305,2,17,0.0516669824719429,player-4,5,6,3,6
305,3,22,0.05512498319149017,none,5,7,4,6
305,4,17,0.05625002086162567,player-2,7,11,6,6
305,5,17,0.05987496115267277,player-3,7,13,11,8
305,6,18,0.050083035603165627,player-1,15,17,13,10
305,7,17,0.04833401180803776,player-1,23,21,18,11
305,8,18,0.07245899178087711,player-3,31,23,22,19
305,9,18,0.044708140194416046,player-4,32,24,23,27
305,10,18,0.04574982449412346,player-1,35,24,28,30
305,11,20,0.06304099224507809,player-4,37,24,33,40
305,12,17,0.05179084837436676,player-2,39,32,39,43
305,13,17,0.059374840930104256,player-3,41,37,47,43
305,14,19,0.04987511783838272,player-2,46,39,49,47
305,15,17,0.06220792420208454,player-1,52,41,50,50
306,1,18,0.05208305083215237,player-1,5,4,4,4
306,2,19,0.051459064707159996,player-3,11,8,12,4
306,3,18,0.04312512464821339,player-3,11,10,15,7
306,4,17,0.042041996493935585,player-3,14,12,20,8
306,5,19,0.060959020629525185,player-2,16,14,21,10
306,6,18,0.04283408634364605,player-2,17,19,21,14
306,7,17,0.06374996155500412,player-2,21,27,24,19
306,8,18,0.0514171551913023,player-4,27,27,28,23
306,9,17,0.05033286288380623,player-4,28,28,30,28
306,10,20,0.04937499761581421,player-4,31,30,32,32
306,11,14,0.030792085453867912,none,31,31,36,37
306,12,18,0.04924996756017208,player-4,32,32,38,39
306,13,18,0.062000006437301636,player-1,40,35,43,39
306,14,18,0.051042065024375916,player-2,45,42,43,40
306,15,17,0.05120784044265747,player-2,46,46,43,42
306,16,18,0.05529099144041538,player-4,46,47,46,49
306,17,17,0.053459079936146736,player-4,50,47,48,56
307,1,18,0.054582953453063965,player-1,8,2,5,4
307,2,18,0.048833899199962616,player-2,10,5,11,13
307,3,23,0.05587516352534294,player-4,11,6,21,15
307,4,18,0.056582968682050705,player-4,11,7,24,20
307,5,17,0.05095801316201687,player-4,11,11,25,25
307,6,22,0.04549999721348286,none,12,13,25,28
307,7,18,0.053374795243144035,player-3,12,18,30,29
307,8,17,0.045040855184197426,player-3,14,19,34,32
307,9,26,0.08583301678299904,player-1,18,21,40,34
307,10,21,0.07083313539624214,player-1,23,23,41,34
307,11,17,0.04754122346639633,player-2,24,27,44,34
307,12,17,0.08591706864535809,player-3,26,30,46,36
307,13,17,0.059999991208314896,player-4,27,32,47,46
307,14,17,0.05324999801814556,player-1,32,34,49,46
307,15,17,0.06041722372174263,player-2,32,41,50,53
307,16,17,0.062166014686226845,player-3,32,47,57,57
308,1,17,0.048416899517178535,player-2,0,9,0,1
308,2,21,0.07016700692474842,player-3,3,18,4,5
308,3,17,0.05779205821454525,player-4,5,18,10,14
308,4,20,0.06837490946054459,player-4,9,18,13,16
308,5,17,0.055999960750341415,player-2,13,20,15,23
308,6,17,0.052625080570578575,player-3,16,24,24,23
308,7,23,0.05745794624090195,player-2,19,29,24,30
308,8,17,0.05570799112319946,player-1,21,30,32,33
308,9,19,0.05650008097290993,player-4,21,34,37,34
308,10,17,0.048958929255604744,player-3,22,34,43,34
308,11,17,0.04083290696144104,player-4,23,35,46,42
308,12,17,0.057540833950042725,player-1,26,39,48,42
308,13,18,0.04929094575345516,player-3,32,43,54,46
308,14,24,0.06320886313915253,player-2,32,53,56,46
308,15,21,0.05866680294275284,player-4,34,59,59,52
309,1,19,0.04804111085832119,player-4,3,2,0,3
309,2,17,0.05612499080598354,player-3,5,7,6,3
309,3,19,0.051666051149368286,player-2,7,12,7,8
309,4,17,0.049791065976023674,player-1,14,12,7,9
309,5,18,0.05529099144041538,player-3,16,19,9,13
309,6,17,0.07820804603397846,player-3,23,19,14,16
309,7,21,0.051208073273301125,player-4,26,24,17,18
309,8,18,0.06991717964410782,player-2,28,30,23,18
309,9,17,0.05837506614625454,player-2,28,39,33,24
309,10,17,0.05420902743935585,player-3,28,39,39,27
309,11,19,0.05204114131629467,player-2,28,44,46,29
309,12,17,0.041040824726223946,player-1,31,46,47,30
309,13,25,0.052208080887794495,player-2,35,51,49,32
309,14,22,0.05291705019772053,player-4,39,54,57,35
309,15,17,0.046083005145192146,player-4,41,55,60,39
310,1,17,0.058125006034970284,player-4,0,3,2,3
310,2,18,0.04295795224606991,player-2,3,11,4,4
310,3,18,0.051459064707159996,player-3,3,14,6,11
310,4,17,0.05737505853176117,player-3,8,18,10,13
310,5,17,0.05862489342689514,player-4,8,22,15,19
310,6,19,0.06045913323760033,player-3,10,25,20,21
310,7,17,0.04533305764198303,player-2,10,34,21,24
310,8,19,0.06512505933642387,player-1,11,38,29,29
310,9,26,0.05049980245530605,none,11,38,29,37
310,10,17,0.05937507376074791,player-1,13,41,31,40
310,11,23,0.05608308129012585,player-4,15,41,31,42
310,12,18,0.04537496715784073,player-4,15,44,34,43
310,13,20,0.08654105477035046,player-3,15,57,41,47
311,1,17,0.04333304241299629,player-1,6,0,0,2
311,2,19,0.04775007255375385,player-4,8,0,2,8
311,3,17,0.051083043217659,player-3,10,4,6,16
311,4,17,0.04837499000132084,player-4,10,4,13,21
311,5,19,0.04341593012213707,player-3,12,4,20,23
311,6,22,0.055999960750341415,player-3,18,6,24,23
311,7,17,0.04879198968410492,player-3,18,8,33,32
311,8,19,0.05891593173146248,player-2,23,14,34,34
311,9,20,0.050582922995090485,player-4,27,14,37,38
311,10,21,0.04495913162827492,player-2,28,18,41,44
311,11,17,0.0738748349249363,player-3,39,26,47,49
311,12,18,0.062499893829226494,player-1,45,28,48,51
311,13,19,0.06262492388486862,player-3,47,30,55,51
312,1,35,0.07045897655189037,player-2,2,0,5,1
312,2,17,0.058125006034970284,player-1,8,3,11,1
312,3,24,0.08566700853407383,player-1,24,10,13,1
312,4,20,0.061166007071733475,player-2,25,17,19,7
312,5,20,0.05962490104138851,player-3,26,17,24,11
312,6,23,0.055459095165133476,none,29,18,31,16
312,7,19,0.0688750296831131,player-4,32,25,34,19
312,8,25,0.09174994193017483,player-3,36,30,36,19
312,9,18,0.0688750296831131,player-1,46,33,40,21
312,10,20,0.06312481127679348,player-4,51,34,45,22
312,11,17,0.04729093052446842,player-2,58,35,46,27
313,1,18,0.06720796227455139,player-3,4,2,10,4
313,2,17,0.05625002086162567,player-3,6,2,16,5
313,3,19,0.07062498480081558,player-2,8,5,16,7
313,4,18,0.06345799192786217,player-2,13,10,18,8
313,5,17,0.042665982618927956,player-2,13,18,20,9
313,6,17,0.04295911639928818,player-3,13,19,23,12
313,7,17,0.055167125537991524,player-4,13,19,26,17
313,8,19,0.05187513306736946,player-3,16,20,33,19
313,9,17,0.042708124965429306,player-2,16,22,33,24
313,10,19,0.05829194560647011,player-1,23,23,39,25
313,11,22,0.06962521001696587,player-1,29,26,39,30
313,12,19,0.04908395931124687,player-3,35,29,41,32
313,13,18,0.04591699689626694,player-3,35,31,43,32
313,14,17,0.07524993270635605,player-3,45,45,49,40
313,15,17,0.057541998103260994,player-4,47,46,52,42
313,16,19,0.06083305925130844,player-3,52,53,55,42
314,1,17,0.04874984733760357,player-3,6,3,5,3
314,2,17,0.055666081607341766,player-4,10,3,6,11
314,3,20,0.04724995233118534,player-4,15,4,8,13
314,4,33,0.07550022564828396,player-2,18,15,11,17
314,5,17,0.041958875954151154,player-3,20,15,16,21
314,6,20,0.06929179653525352,player-3,27,20,19,28
314,7,30,0.06150011904537678,player-2,31,24,20,28
314,8,20,0.041665975004434586,none,32,26,22,28
314,9,17,0.04270789213478565,player-3,32,28,27,28
314,10,17,0.053041847422719,player-4,36,28,32,32
314,11,28,0.07558311335742474,player-4,39,30,33,34
314,12,17,0.05050003528594971,player-2,43,35,33,37
314,13,27,0.056958990171551704,none,46,36,35,38
314,14,20,0.06341701373457909,player-3,59,36,48,43
315,1,19,0.05366699770092964,player-4,1,4,3,7
315,2,17,0.06379187107086182,player-3,4,4,6,7
315,3,19,0.04687509499490261,player-2,8,14,6,15
315,4,17,0.04233303479850292,player-1,13,16,7,17
315,5,17,0.0439169816672802,player-2,13,21,11,18
315,6,17,0.04383292980492115,player-3,13,29,15,18
315,7,20,0.04966696724295616,player-3,18,31,17,25
315,8,17,0.04591699689626694,player-1,28,33,17,27
315,9,23,0.05929102189838886,player-4,30,37,19,32
315,10,17,0.047625042498111725,player-3,33,40,22,33
315,11,18,0.05450006574392319,player-1,37,41,23,40
315,12,17,0.0644591636955738,player-1,46,42,27,40
315,13,19,0.0491670798510313,player-4,49,43,27,50
315,14,22,0.06087496876716614,player-4,54,44,31,51
315,15,19,0.058125006034970284,player-2,58,51,32,52
316,1,24,0.06258301436901093,player-3,2,1,5,5
316,2,17,0.05287514068186283,player-1,7,3,5,8
316,3,17,0.049999915063381195,player-2,15,16,7,14
316,4,21,0.05241716280579567,player-3,16,17,10,14
316,5,17,0.049999915063381195,player-4,16,19,11,20
316,6,17,0.05591707304120064,player-1,22,22,13,24
316,7,17,0.049042049795389175,player-2,29,30,13,24
316,8,24,0.05116686224937439,player-2,33,36,16,24
316,9,19,0.038125086575746536,none,33,37,18,25
316,10,17,0.04887511022388935,player-1,36,37,18,29
316,11,20,0.05987496115267277,player-1,38,40,19,30
316,12,27,0.05683302879333496,none,44,44,20,32
316,13,17,0.0614591408520937,player-4,52,44,27,35
316,14,17,0.04429207183420658,player-1,56,44,28,40
316,15,17,0.054541975259780884,player-2,63,50,30,45
316,16,17,0.04575005732476711,player-3,63,52,33,45
316,17,25,0.05966704338788986,player-4,68,52,34,54
317,1,19,0.05683302879333496,player-2,7,3,4,4
317,2,17,0.04554097540676594,player-1,10,5,5,4
317,3,17,0.04595797508955002,player-2,12,7,5,5
317,4,20,0.0666668638586998,player-2,16,18,7,10
317,5,17,0.05779205821454525,player-4,17,20,9,16
317,6,24,0.07475004531443119,player-4,22,27,28,25
317,7,17,0.06183306686580181,player-2,26,31,31,25
317,8,18,0.04545808769762516,player-4,27,34,32,27
317,9,29,0.05941721610724926,player-4,27,41,33,35
317,10,17,0.04729209467768669,player-1,35,45,33,40
317,11,17,0.04537496715784073,player-2,36,50,36,43
317,12,17,0.05270796827971935,player-3,43,55,40,49
318,1,18,0.05966704338788986,player-1,2,2,2,4
318,2,18,0.0441248994320631,player-2,2,5,2,5
318,3,17,0.06474996916949749,player-2,7,10,3,10
318,4,17,0.05179201252758503,player-3,12,14,4,13
318,5,17,0.05595805123448372,player-4,12,15,6,18
318,6,17,0.058999983593821526,player-1,13,16,8,22
318,7,18,0.052459072321653366,player-3,22,18,9,26
318,8,19,0.05074986256659031,player-1,25,18,11,27
318,9,20,0.05974993109703064,player-3,25,23,16,28
318,10,18,0.041499966755509377,player-2,27,27,16,29
318,11,22,0.06295787170529366,player-3,27,30,18,31
318,12,20,0.060208141803741455,player-2,32,37,20,37
318,13,17,0.04691700451076031,player-4,33,37,24,42
318,14,18,0.04924996756017208,player-2,39,39,26,44
318,15,18,0.05895807407796383,player-3,45,45,27,44
318,16,26,0.06266706623136997,player-4,49,52,28,59
319,1,17,0.055958982557058334,player-4,3,3,3,3
319,2,20,0.051208073273301125,player-4,7,3,3,11
319,3,19,0.06995908915996552,player-4,8,9,8,15
319,4,26,0.0716671347618103,player-4,8,10,15,17
319,5,17,0.046791043132543564,player-4,8,12,18,25
319,6,18,0.05712499842047691,player-2,13,14,19,26
319,7,20,0.061125028878450394,player-1,16,18,24,27
319,8,17,0.05574990063905716,player-3,18,18,28,29
319,9,19,0.04870793782174587,player-2,20,26,29,31
319,10,17,0.05124998278915882,player-1,25,27,33,33
319,11,17,0.04549999721348286,player-2,28,31,33,35
319,12,17,0.05350005812942982,player-3,33,37,36,38
319,13,17,0.060791848227381706,player-4,33,39,38,41
319,14,18,0.0485831405967474,player-2,35,41,40,47
319,15,21,0.05437503568828106,player-2,36,52,41,48
320,1,23,0.07787486538290977,player-3,3,5,6,5
320,2,18,0.05904096178710461,player-3,4,9,14,6
320,3,24,0.060999998822808266,player-2,4,10,17,8
320,4,18,0.04900014027953148,player-1,6,11,17,12
320,5,20,0.06025005131959915,player-4,10,17,18,16
320,6,24,0.07012509740889072,player-1,18,22,18,16
320,7,20,0.051582930609583855,player-2,22,25,23,16
320,8,24,0.07999991066753864,player-3,28,30,33,21
320,9,17,0.04629208706319332,player-1,29,32,39,27
320,10,17,0.05470798350870609,player-2,35,39,39,32
320,11,17,0.05208398215472698,player-3,38,39,49,35
320,12,20,0.06516720168292522,player-3,43,44,55,37
320,13,17,0.06466684862971306,player-1,47,48,59,38
321,1,17,0.06629107519984245,player-3,0,10,9,6
321,2,17,0.04862481728196144,player-4,1,12,9,13
321,3,21,0.06845896132290363,player-1,11,12,14,21
321,4,18,0.047457870095968246,player-3,12,15,23,24
321,5,18,0.05574990063905716,player-4,13,19,24,27
321,6,17,0.06979098543524742,player-4,15,21,25,32
321,7,19,0.058999983593821526,player-3,21,29,34,39
321,8,18,0.06066611967980862,player-3,21,29,35,41
321,9,17,0.05679088644683361,player-3,24,29,42,43
321,10,18,0.05041598342359066,player-1,26,30,42,44
321,11,19,0.06383308209478855,player-3,27,39,46,48
321,12,17,0.042250147089362144,player-2,30,45,46,51
321,13,18,0.046958914026618004,player-4,31,45,53,59
322,1,17,0.06104097701609135,player-3,0,5,3,4
322,2,17,0.04383292980492115,player-4,1,7,7,6
322,3,17,0.06795907393097878,player-1,9,11,8,10
322,4,17,0.052040908485651016,player-2,14,17,14,11
322,5,17,0.06374996155500412,player-3,17,21,17,19
322,6,19,0.06550014950335026,player-2,20,29,23,23
322,7,17,0.05187513306736946,player-1,28,29,23,25
322,8,23,0.05483301356434822,player-4,31,32,29,31
322,9,33,0.06508291698992252,player-3,38,34,34,33
322,10,17,0.043833162635564804,player-4,43,34,35,39
322,11,17,0.051541952416300774,player-1,49,39,40,40
322,12,18,0.052165938541293144,player-3,49,44,50,49
322,13,17,0.06429199129343033,player-3,52,44,53,50
323,1,19,0.09129196405410767,player-4,1,3,0,6
323,2,17,0.06204191595315933,player-3,1,8,4,6
323,3,26,0.0930421520024538,player-1,8,9,6,7
323,4,20,0.09141582995653152,player-4,13,17,10,16
323,5,20,0.06675021722912788,player-1,19,19,13,20
323,6,18,0.05608284845948219,player-4,26,26,15,23
323,7,18,0.06362516433000565,player-1,28,33,15,33
323,8,19,0.050291186198592186,player-3,32,36,15,35
323,9,18,0.04687486216425896,player-3,36,38,18,38
323,10,17,0.05137501284480095,player-3,42,43,25,39
323,11,17,0.054833944886922836,player-4,42,43,26,43
323,12,17,0.04320894367992878,player-1,45,43,28,44
323,13,18,0.04633283242583275,player-3,45,46,32,47
323,14,19,0.04912493750452995,player-1,46,49,32,50
323,15,19,0.04541594535112381,player-2,46,60,32,53
324,1,20,0.06829202175140381,player-1,6,3,3,4
324,2,20,0.05425000563263893,player-2,7,11,4,5
324,3,17,0.07441593334078789,player-4,11,11,7,9
324,4,25,0.08579087443649769,player-1,13,13,11,12
324,5,17,0.05691591650247574,player-2,17,15,11,14
324,6,17,0.04233280196785927,player-3,24,15,18,18
324,7,18,0.05224999040365219,player-1,31,16,24,20
324,8,19,0.050165923312306404,player-3,32,19,32,20
324,9,19,0.05733314901590347,player-4,39,22,32,20
324,10,17,0.05083298310637474,player-3,39,22,41,20
324,11,18,0.05033309571444988,player-1,40,25,42,20
324,12,20,0.056416960433125496,player-4,44,25,42,21
324,13,20,0.06737490184605122,player-1,51,29,42,25
324,14,19,0.056791119277477264,player-1,60,32,46,28
325,1,22,0.06620795466005802,player-4,2,3,7,9
325,2,18,0.04424992948770523,player-1,7,7,11,9
325,3,17,0.0502921175211668,player-1,13,8,13,10
325,4,17,0.039665959775447845,player-2,13,12,13,11
325,5,18,0.04720897413790226,player-4,13,15,23,12
325,6,18,0.05491706542670727,player-1,22,15,28,21
325,7,20,0.08670799434185028,player-4,28,23,28,34
325,8,17,0.06354204379022121,player-2,29,27,33,38
325,9,21,0.06670900620520115,none,29,28,33,40
325,10,17,0.06295903585851192,none,29,29,33,45
325,11,17,0.053208088502287865,player-1,34,29,39,46
325,12,21,0.049042049795389175,player-2,35,34,41,46
325,13,18,0.06404099985957146,player-4,35,46,45,57
326,1,25,0.07279100827872753,player-4,2,0,5,4
326,2,17,0.06566685624420643,player-1,6,1,7,7
326,3,29,0.07400009781122208,player-2,6,6,7,13
326,4,17,0.052957795560359955,player-3,14,9,11,14
326,5,21,0.05566584877669811,player-4,19,9,13,26
326,6,17,0.06345799192786217,player-1,25,16,13,29
326,7,17,0.05712499842047691,player-2,31,18,17,31
326,8,17,0.04150019958615303,player-3,33,19,23,32
326,9,24,0.06612506695091724,player-3,35,22,33,36
326,10,20,0.05979090929031372,none,37,25,33,36
326,11,21,0.06125005893409252,player-2,40,33,35,40
326,12,35,0.08533312939107418,player-1,42,35,35,49
326,13,24,0.07283315062522888,player-3,42,35,44,53
326,14,17,0.0541668850928545,player-1,48,45,52,58
327,1,19,0.055625103414058685,player-1,3,2,2,3
327,2,25,0.06641680374741554,player-4,11,6,3,10
327,3,17,0.04237494431436062,player-1,14,8,6,10
327,4,17,0.054042087867856026,player-2,17,15,7,13
327,5,19,0.05329214036464691,player-1,19,20,10,13
327,6,21,0.06333296187222004,player-4,23,20,14,16
327,7,17,0.03883405588567257,player-1,27,25,18,16
327,8,17,0.03604218363761902,player-2,29,28,18,17
327,9,20,0.05825003609061241,player-2,29,33,27,23
327,10,28,0.06841612048447132,none,31,34,28,25
327,11,21,0.054459087550640106,player-1,36,36,32,27
327,12,23,0.06483402103185654,player-4,37,38,32,28
327,13,18,0.045999884605407715,player-4,38,38,35,35
327,14,18,0.04287506453692913,player-1,42,38,38,36
327,15,38,0.10224990546703339,none,49,38,39,42
327,16,17,0.03983289934694767,player-2,51,42,39,44
327,17,17,0.05170796066522598,player-3,51,43,39,49
327,18,26,0.0639171339571476,player-1,54,43,39,50
327,19,21,0.06404216401278973,player-1,61,48,39,55
328,1,20,0.061542028561234474,player-4,4,2,0,6
328,2,17,5.681917071342468,player-2,8,8,1,9
328,3,20,0.08341716602444649,player-2,8,15,6,12
328,4,18,0.05483301356434822,player-1,10,16,10,14
328,5,34,0.060165999457240105,none,12,19,10,15
328,6,19,0.05337502807378769,player-4,14,22,19,20
328,7,17,0.055541982874274254,player-3,16,25,24,22
328,8,25,0.06374996155500412,player-4,16,30,29,27
328,9,19,0.046999892219901085,player-3,19,31,32,27
328,10,17,0.05674990825355053,player-2,20,31,34,30
328,11,18,0.05074986256659031,player-4,23,31,38,33
328,12,17,0.06658281199634075,player-4,26,32,45,40
328,13,18,0.05362485535442829,player-2,34,37,50,44
328,14,17,0.044625019654631615,player-2,37,38,51,47
328,15,18,0.04837499000132084,player-4,39,41,56,49
328,16,18,0.04454189911484718,player-1,45,43,57,51
329,1,21,0.05595805123448372,player-1,4,2,5,3
329,2,17,0.04741596058011055,player-2,7,6,6,6
329,3,18,0.061374856159090996,player-4,9,9,13,9
329,4,20,0.049416907131671906,player-3,9,12,18,11
329,5,19,0.04404108040034771,player-3,10,14,18,14
329,6,18,0.05466700531542301,player-3,12,16,21,15
329,7,21,0.052625080570578575,player-3,12,16,25,19
329,8,19,0.04174979403614998,player-2,13,21,26,21
329,9,19,0.05029095336794853,player-3,13,24,30,24
329,10,18,0.05766586400568485,player-3,17,30,36,27
329,11,21,0.07395795546472073,player-3,23,30,41,29
329,12,18,0.054957810789346695,player-1,30,33,41,34
329,13,20,0.05262484773993492,player-4,30,34,44,37
329,14,20,0.04612491466104984,player-1,34,34,45,39
329,15,21,0.07341708987951279,player-3,39,37,52,41
329,16,17,0.06541609764099121,player-4,44,37,56,44
330,1,19,0.06674998439848423,player-3,3,5,9,2
330,2,19,0.06787502206861973,player-4,8,7,14,13
330,3,18,0.05079200491309166,player-4,12,7,18,19
330,4,18,0.05420902743935585,player-1,13,11,20,25
330,5,24,0.055042095482349396,player-4,16,13,20,36
330,6,25,0.07054093293845654,player-2,20,15,26,39
330,7,18,0.063000014051795,player-4,21,15,35,48
330,8,17,0.034665921702980995,player-4,22,19,35,53
330,9,17,0.047042034566402435,player-1,24,21,42,60
330,10,20,0.05683302879333496,player-1,24,24,45,63
330,11,17,0.05450006574392319,player-3,26,25,48,68
330,12,18,0.0524159986525774,player-1,32,27,50,72
330,13,20,0.07141707465052605,player-4,35,29,52,80
331,1,19,0.07441593334078789,player-3,2,0,9,8
331,2,17,0.07720803841948509,player-2,3,11,14,11
331,3,18,0.03958400338888168,player-4,5,13,18,12
331,4,17,0.04437519237399101,player-4,5,15,21,19
331,5,17,0.05037500523030758,player-1,12,17,23,22
331,6,19,0.06929086521267891,player-4,16,19,25,35
331,7,18,0.04716706462204456,player-4,18,22,29,35
331,8,20,0.07204199209809303,player-3,24,25,39,37
331,9,19,0.057541998103260994,player-3,26,30,48,43
331,10,17,0.053582945838570595,player-2,26,37,50,47
331,11,18,0.06674998439848423,player-4,30,45,51,62
332,1,17,0.045584049075841904,player-3,2,5,3,0
332,2,17,0.042625004425644875,player-4,3,5,3,5
332,3,22,0.0630419235676527,player-2,5,12,5,11
332,4,24,0.04870793782174587,player-1,8,16,9,13
332,5,19,0.04866695962846279,player-1,13,19,11,19
332,6,20,0.05841720849275589,player-3,13,19,18,20
332,7,19,0.06533297710120678,player-3,16,23,18,24
332,8,26,0.07837498560547829,player-3,21,27,25,26
332,9,17,0.0537908636033535,player-3,21,32,33,29
332,10,20,0.05725002847611904,player-3,23,33,36,29
332,11,18,0.049666035920381546,player-2,26,36,36,31
332,12,15,0.03345799632370472,none,29,38,36,35
332,13,35,0.07783295586705208,player-1,34,39,41,37
332,14,19,0.046999892219901085,player-2,37,42,41,42
332,15,26,0.05504186265170574,none,38,45,46,48
332,16,18,0.04129204899072647,player-3,38,47,48,48
332,17,22,0.06462493911385536,player-4,43,56,54,56
333,1,17,0.044042011722922325,player-2,2,2,1,4
333,2,18,0.05825003609061241,player-4,4,4,1,10
333,3,18,0.05870801396667957,player-1,10,5,3,14
333,4,18,0.05450006574392319,player-2,12,7,5,21
333,5,23,0.07745902985334396,player-4,19,12,11,27
333,6,18,0.04587508738040924,player-4,19,12,15,28
333,7,19,0.04950002767145634,player-2,24,19,16,30
333,8,17,0.06425008177757263,player-1,26,21,17,35
333,9,20,0.06408384069800377,player-1,31,23,22,39
333,10,17,0.04337518475949764,player-3,34,25,26,39
333,11,17,0.04966696724295616,player-4,36,26,33,40
333,12,23,0.04208390600979328,none,36,27,34,41
333,13,22,0.06554205901920795,none,36,29,37,43
333,14,18,0.053416937589645386,player-4,37,31,44,44
333,15,18,0.042791012674570084,player-1,40,33,44,45
333,16,22,0.06579188629984856,player-2,40,36,46,47
333,17,17,0.05708308890461922,player-2,44,43,46,47
333,18,17,0.055416952818632126,player-3,46,43,55,48
334,1,26,0.06479211151599884,player-4,6,3,5,5
334,2,17,0.05608284845948219,player-4,11,9,7,11
334,3,18,0.05487515591084957,player-2,14,15,10,11
334,4,18,0.07049995474517345,player-3,17,19,17,14
334,5,18,0.05195802077651024,player-4,18,19,20,19
334,6,24,0.056165968999266624,player-3,18,20,27,20
334,7,22,0.06400002166628838,player-2,19,31,34,22
334,8,17,0.0737910158932209,player-2,21,41,40,27
334,9,17,0.04833308048546314,player-3,23,43,43,33
334,10,19,0.061542028561234474,player-2,31,47,46,36
334,11,20,0.060999998822808266,player-4,31,50,47,46
334,12,17,0.056791817769408226,player-2,33,58,51,53
335,1,19,0.05879206582903862,player-2,3,10,3,2
335,2,19,0.05137501284480095,player-3,8,11,6,4
335,3,18,0.04737498238682747,player-3,9,11,9,7
335,4,18,0.05704187788069248,player-4,13,12,11,13
335,5,17,0.05804188549518585,player-4,16,18,17,21
335,6,20,0.045625027269124985,player-4,17,22,20,22
335,7,17,0.04679197445511818,player-2,19,28,23,23
335,8,19,0.08699996396899223,player-1,28,36,31,23
335,9,21,0.05712499842047691,player-4,30,40,33,27
335,10,19,0.04795799031853676,player-3,31,42,39,29
335,11,18,0.0602921936661005,player-3,31,43,47,33
335,12,19,0.05266699008643627,player-1,40,48,49,37
335,13,17,0.04924996756017208,player-4,42,48,51,41
335,14,17,0.0599161721765995,player-1,51,49,54,44
336,1,25,0.07854192517697811,player-1,4,3,3,2
336,2,19,0.06491690874099731,player-4,4,13,7,7
336,3,20,0.07362500764429569,player-2,4,22,9,15
336,4,22,0.05612499080598354,player-1,13,22,15,18
336,5,20,0.056916847825050354,none,16,23,15,21
336,6,20,0.046208035200834274,player-1,26,25,19,23
336,7,18,0.07349997758865356,player-4,28,33,25,31
336,8,20,0.052541960030794144,player-3,30,35,30,31
336,9,17,0.05274987779557705,player-1,32,36,30,33
336,10,19,0.053416937589645386,player-4,32,41,32,37
336,11,17,0.04854192957282066,player-3,35,41,36,39
336,12,17,0.05370797589421272,player-4,41,48,40,42
336,13,20,0.05645793862640858,player-4,48,49,41,49
336,14,17,0.05391612648963928,player-2,48,57,45,53
337,1,18,0.058499863371253014,player-4,7,9,2,2
337,2,17,0.0475000124424696,player-4,7,12,3,9
337,3,19,0.067833811044693,player-3,10,18,12,10
337,4,19,0.047250185161828995,player-4,12,18,13,20
337,5,18,0.05733291618525982,player-4,20,18,22,23
337,6,17,0.07816706784069538,player-4,26,20,23,27
337,7,23,0.07445784285664558,player-3,32,25,27,28
337,8,17,0.05291611887514591,player-2,34,34,31,28
337,9,19,0.04924996756017208,player-1,36,34,33,31
337,10,27,0.05554105155169964,none,37,36,36,32
337,11,17,0.050584087148308754,player-1,42,36,36,35
337,12,17,0.0505838543176651,player-2,42,44,39,37
337,13,18,0.04337495192885399,player-4,45,49,42,42
337,14,17,0.0412908848375082,player-4,47,50,43,44
337,15,17,0.04812492989003658,player-1,51,53,48,44
337,16,24,0.0574581790715456,none,56,60,48,48
338,1,18,0.05145790055394173,player-4,0,2,2,5
338,2,17,0.056208111345767975,player-4,1,3,2,11
338,3,26,0.061542028561234474,player-2,2,6,8,17
338,4,19,0.06329198367893696,player-4,2,7,11,22
338,5,17,0.059165991842746735,player-3,3,14,14,22
338,6,17,0.04695798270404339,player-4,4,17,16,24
338,7,17,0.0439169816672802,player-1,8,20,17,26
338,8,29,0.060125021263957024,none,13,28,25,33
338,9,19,0.062000006437301636,player-1,14,31,25,38
338,10,29,0.08245790377259254,player-4,20,32,25,44
338,11,18,0.04600011743605137,player-2,23,35,27,44
338,12,21,0.04229205660521984,none,25,36,27,48
338,13,19,0.04945811815559864,none,28,37,29,50
338,14,25,0.06008287891745567,player-4,28,39,34,58
338,15,19,0.05733314901590347,player-3,38,42,41,58
339,1,18,0.05208398215472698,player-4,1,4,2,4
339,2,20,0.05187513306736946,player-3,1,13,13,5
339,3,22,0.05679088644683361,player-2,2,21,16,10
339,4,21,0.08241692557930946,player-2,3,30,16,14
339,5,17,0.0441248994320631,player-3,5,35,19,18
339,6,20,0.0516669824719429,player-3,10,35,21,19
339,7,17,0.05375011824071407,player-1,13,38,23,20
339,8,24,0.052999937906861305,player-1,23,39,26,21
339,9,18,0.04333304241299629,player-4,24,42,30,25
339,10,18,0.07166690193116665,player-1,25,42,32,27
339,11,20,0.060125021263957024,player-4,27,45,34,29
339,12,18,0.05966704338788986,player-3,27,48,39,32
339,13,17,0.04470907151699066,none,27,48,42,32
339,14,19,0.07195794023573399,player-2,36,53,42,33
339,15,17,0.04291604273021221,player-1,37,53,43,35
339,16,19,0.05316687747836113,player-4,39,58,49,41
339,17,19,0.06695790216326714,player-1,43,59,51,43
340,1,23,0.06437511183321476,player-1,4,2,1,1
340,2,17,0.05245814099907875,player-4,7,3,2,11
340,3,17,0.06120908074080944,player-1,15,13,9,13
340,4,18,0.06895908154547215,player-3,16,17,15,17
340,5,17,0.05133403465151787,player-3,16,17,26,21
340,6,19,0.04591699689626694,player-2,16,23,26,21
340,7,18,0.06658397614955902,player-2,17,27,27,24
340,8,23,0.04850002005696297,none,17,30,30,24
340,9,17,0.04370883107185364,player-3,19,30,37,26
340,10,17,0.05320901982486248,player-4,19,34,42,34
340,11,17,0.049042049795389175,player-1,24,35,44,34
340,12,20,0.04549999721348286,player-1,27,36,46,38
340,13,19,0.05420786328613758,player-1,30,39,51,40
340,14,17,0.0477498397231102,player-4,36,40,55,42
340,15,20,0.05816691555082798,player-4,38,42,56,47
340,16,19,0.04595797508955002,player-4,38,45,59,54
340,17,18,0.05529192276299,player-4,39,50,59,58
341,1,18,0.03870786167681217,none,3,0,0,0
341,2,18,0.04795799031853676,player-1,8,4,4,3
341,3,17,0.06362493149936199,player-1,13,10,7,8
341,4,17,0.0617089681327343,player-2,13,19,11,8
341,5,20,0.049250200390815735,player-2,13,23,13,8
341,6,17,0.0635830219835043,player-4,16,32,19,15
341,7,17,0.05070911720395088,player-1,24,32,19,21
341,8,17,0.050291186198592186,player-2,26,35,21,22
341,9,24,0.0713749323040247,player-2,28,41,23,28
341,10,17,0.050416216254234314,player-4,29,44,26,40
341,11,23,0.06404099985957146,player-3,32,48,32,41
341,12,17,0.05570799112319946,player-2,38,55,34,48
342,1,17,0.04591699689626694,player-4,4,4,0,5
342,2,20,0.0616670586168766,player-4,6,6,3,12
342,3,19,0.05512498319149017,player-4,7,8,10,13
342,4,19,0.07312488742172718,player-1,8,10,12,15
342,5,18,0.046208035200834274,player-1,13,13,13,17
342,6,17,0.04987511783838272,player-1,21,13,18,18
342,7,19,0.055582961067557335,player-4,25,16,18,24
342,8,19,0.06145890802145004,player-1,26,16,19,30
342,9,26,0.07387506775557995,player-1,30,16,20,35
342,10,17,0.04116608761250973,player-1,33,19,24,35
342,11,20,0.05441601388156414,player-1,38,22,30,38
342,12,17,0.04895799793303013,player-3,43,24,33,40
342,13,18,0.07004197686910629,player-1,54,27,39,42
342,14,18,0.04683295264840126,player-2,57,34,40,42
342,15,18,0.047582900151610374,player-3,62,35,45,50
343,1,18,0.05475012585520744,player-2,3,7,3,5
343,2,20,0.04458311013877392,player-1,5,12,4,6
343,3,17,0.05991593934595585,player-3,11,14,9,9
343,4,21,0.05070795305073261,player-4,13,14,14,13
343,5,17,0.059499870985746384,player-1,16,16,14,15
343,6,20,0.0513328704982996,player-1,24,19,16,23
343,7,19,0.0439169816672802,player-1,32,22,18,23
343,8,17,0.045291148126125336,player-4,32,28,19,30
343,9,17,0.05183415487408638,player-1,34,34,21,38
343,10,21,0.05616690032184124,none,34,38,25,41
343,11,19,0.06191711872816086,player-1,46,39,29,47
343,12,20,0.048582907766103745,player-3,49,42,32,50
343,13,17,0.054999953135848045,player-1,55,43,32,57
344,1,22,0.055999960750341415,player-3,5,0,1,5
344,2,19,0.05187513306736946,player-1,12,5,5,7
344,3,17,0.048832967877388,player-4,14,5,6,15
344,4,17,0.055167125537991524,player-1,18,7,6,20
344,5,17,0.05229213275015354,player-2,20,19,6,20
344,6,24,0.06649992428719997,none,26,19,13,22
344,7,18,0.04820898175239563,player-1,32,23,15,23
344,8,22,0.05570799112319946,player-2,36,24,15,23
344,9,17,0.0705840066075325,player-2,38,40,17,26
344,10,17,0.05979207344353199,player-3,43,42,21,29
344,11,18,0.05112518556416035,player-1,48,43,25,30
344,12,21,0.057625118643045425,player-1,52,47,29,33
344,13,18,0.08029211312532425,player-3,53,55,30,33
344,14,20,0.05237502045929432,player-2,56,64,32,33
344,15,17,0.07712515071034431,player-4,56,67,36,42
345,1,17,0.06183306686580181,player-3,4,3,7,2
345,2,17,0.08437503129243851,player-4,7,6,10,8
345,3,20,0.05687493830919266,player-4,11,10,12,11
345,4,17,0.058916863054037094,player-2,16,15,15,15
345,5,21,0.05195802077651024,player-3,19,18,20,20
345,6,17,0.044457847252488136,player-4,21,23,24,24
345,7,21,0.05154102109372616,player-1,24,23,26,24
345,8,20,0.06037508137524128,player-1,27,27,26,25
345,9,19,0.05429098382592201,player-1,30,30,26,25
345,10,18,0.04541594535112381,player-1,32,34,31,26
345,11,17,0.04616705700755119,player-1,39,37,32,26
345,12,17,0.05470914766192436,player-2,40,39,38,26
345,13,17,0.0421660952270031,player-3,41,44,41,26
345,14,33,0.09374995715916157,none,42,44,47,32
345,15,17,0.04195794463157654,player-1,43,48,48,35
345,16,17,0.04041707143187523,player-2,44,53,48,37
345,17,17,0.04962482489645481,player-3,47,54,57,40
346,1,19,0.08099991828203201,player-1,2,0,5,3
346,2,18,0.05904096178710461,player-1,7,2,5,10
346,3,17,0.061625149101018906,player-1,14,3,13,12
346,4,17,0.04987511783838272,player-2,23,5,14,18
346,5,17,0.04212488420307636,player-3,26,10,16,18
346,6,18,0.04987488500773907,player-1,30,13,16,22
346,7,19,0.060125021263957024,player-3,35,17,16,27
346,8,18,0.06858399137854576,player-3,38,22,18,29
346,9,18,0.047165900468826294,player-4,40,22,22,35
346,10,19,0.051625072956085205,player-2,42,35,23,42
346,11,17,0.043665990233421326,player-1,50,35,27,42
346,12,17,0.03991695120930672,player-2,51,43,27,43
346,13,17,0.04266691394150257,player-3,53,43,30,43
346,14,17,0.04779198206961155,player-4,55,43,31,47
346,15,20,0.045082997530698776,player-4,60,43,37,52
346,16,17,0.0637909397482872,player-2,61,48,40,56
347,1,24,0.06920797750353813,player-4,4,0,2,3
347,2,17,0.05595921538770199,player-2,7,8,3,4
347,3,17,0.08933315984904766,player-3,16,8,10,7
347,4,17,0.05545793101191521,player-4,20,13,13,19
347,5,18,0.05054217763245106,player-2,22,20,14,23
347,6,18,0.06500002928078175,player-3,22,25,19,29
347,7,19,0.07679197005927563,player-1,25,30,22,33
347,8,17,0.060957856476306915,player-4,25,32,23,45
347,9,17,0.052541960030794144,player-1,29,33,23,47
347,10,17,0.07162499241530895,player-2,29,36,27,47
347,11,17,0.07108296267688274,player-3,31,41,32,49
347,12,17,0.045459019020199776,player-4,33,46,37,51
347,13,20,0.07200008258223534,player-4,34,48,39,54
348,1,19,0.07833284325897694,player-2,2,7,4,6
348,2,20,0.0502921175211668,player-4,6,7,4,10
348,3,19,0.05983398295938969,player-4,12,9,9,16
348,4,19,0.0658340286463499,player-1,15,12,14,21
348,5,19,0.06441702134907246,player-2,21,13,17,29
348,6,21,0.07712515071034431,player-1,32,14,26,31
348,7,19,0.05379202775657177,player-4,39,16,26,35
348,8,17,0.05350005812942982,player-3,44,19,30,40
348,9,17,0.06083282642066479,player-4,46,22,31,45
348,10,17,0.03970903344452381,player-1,51,22,32,47
348,11,18,0.05020899698138237,player-3,52,27,37,51
348,12,18,0.06116693839430809,player-4,56,28,40,55
348,13,17,0.05841604433953762,player-4,58,31,42,59
349,1,17,0.04741712473332882,player-4,2,2,0,6
349,2,17,0.060165999457240105,player-1,10,2,3,7
349,3,18,0.043416861444711685,player-3,10,6,7,10
349,4,18,0.07879198528826237,player-4,14,10,12,22
349,5,17,0.04824995994567871,player-4,14,10,15,28
349,6,18,0.05491613410413265,player-2,18,18,21,31
349,7,17,0.04495796747505665,player-2,21,25,22,34
349,8,17,0.05683279596269131,player-3,26,32,29,34
349,9,17,0.059582991525530815,player-4,27,34,33,40
349,10,17,0.05087489262223244,player-1,36,36,36,42
349,11,17,0.049708178266882896,player-2,41,44,36,45
349,12,19,0.054167117923498154,player-1,46,44,43,48
349,13,17,0.05087512545287609,player-4,49,45,51,52
350,1,17,0.06612483412027359,player-2,0,5,1,2
350,2,17,0.050916802138090134,player-3,0,8,10,5
350,3,20,0.059125013649463654,player-3,2,8,19,8
350,4,19,0.062499893829226494,player-3,5,10,21,13
350,5,25,0.060374848544597626,player-2,14,10,21,13
350,6,21,0.04916684702038765,player-3,20,24,21,22
350,7,19,0.0475000124424696,player-2,24,28,23,22
350,8,17,0.047040870413184166,player-1,26,33,23,25
350,9,17,0.04912493750452995,player-2,29,40,23,25
350,10,18,0.046791043132543564,player-4,34,42,23,27
350,11,17,0.050040893256664276,player-4,39,42,27,34
350,12,20,0.050625065341591835,player-4,43,46,28,38
350,13,17,0.052167102694511414,player-2,43,59,28,42
351,1,19,0.09175017476081848,player-4,5,5,11,0
351,2,20,0.060582999140024185,player-2,8,7,12,2
351,3,17,0.04533305764198303,player-4,10,9,15,7
351,4,21,0.054040923714637756,player-1,17,12,15,10
351,5,17,0.04487507976591587,player-2,21,19,15,14
351,6,18,0.045999884605407715,player-4,22,24,25,25
351,7,31,0.0754999928176403,player-2,25,27,27,28
351,8,18,0.05033309571444988,player-2,25,34,29,30
351,9,23,0.05645793862640858,player-4,25,36,31,37
351,10,17,0.04370906390249729,player-3,26,40,34,38
351,11,17,0.040833139792084694,player-4,33,41,36,44
351,12,20,0.04316610284149647,player-4,36,42,36,51
351,13,26,0.06387499161064625,player-3,40,46,42,58
352,1,18,0.05516689270734787,player-2,3,9,4,4
352,2,17,0.05304114893078804,player-2,8,13,10,6
352,3,18,0.04816707223653793,player-4,13,13,15,11
352,4,18,0.06749993190169334,player-1,22,18,17,15
352,5,21,0.07483293302357197,player-1,30,19,21,19
352,6,17,0.05016708746552467,player-2,38,23,24,24
352,7,18,0.04312489181756973,player-4,39,26,24,29
352,8,17,0.03679096698760986,player-4,41,26,26,35
352,9,18,0.05000014789402485,player-2,42,33,27,35
352,10,17,0.05837506614625454,player-2,44,33,31,39
352,11,17,0.039708102121949196,player-3,45,33,47,39
352,12,19,0.05795806646347046,player-2,49,36,48,42
352,13,18,0.051208073273301125,player-2,57,47,50,42
353,1,17,0.052625080570578575,player-1,2,9,6,0
353,2,18,0.06645801477134228,player-3,5,12,11,1
353,3,18,0.07120799273252487,player-4,9,12,23,6
353,4,17,0.052999937906861305,player-4,17,15,23,9
353,5,17,0.06591714918613434,player-1,32,21,27,9
353,6,18,0.054208096116781235,player-3,37,26,29,9
353,7,17,0.05708402022719383,player-3,39,28,34,9
353,8,17,0.051541952416300774,player-4,45,28,39,10
353,9,18,0.05050003528594971,player-2,47,29,44,11
353,10,18,0.060916878283023834,player-3,51,33,47,15
353,11,17,0.06362516433000565,player-3,54,37,50,19
354,1,27,0.09241700172424316,player-2,0,7,0,6
354,2,20,0.07741688750684261,player-4,7,13,3,17
354,3,21,0.07824995554983616,player-2,8,23,3,26
354,4,17,0.04154094494879246,player-3,11,25,5,27
354,5,17,0.0654999166727066,player-4,14,26,7,33
354,6,20,0.05037500523030758,player-4,15,29,9,38
354,7,35,0.06283307448029518,none,15,29,13,40
354,8,17,0.04287506453692913,player-3,20,32,25,43
354,9,19,0.050582922995090485,player-2,20,36,28,44
354,10,18,0.05287490785121918,player-2,30,42,33,44
354,11,18,0.04058307968080044,player-3,30,46,35,48
354,12,17,0.06387499161064625,player-3,32,49,37,49
354,13,18,0.062000006437301636,player-1,34,54,38,51
355,1,19,0.053042080253362656,player-1,6,4,4,1
355,2,18,0.05374988541007042,player-1,13,6,5,8
355,3,17,0.04812516272068024,player-1,18,10,5,8
355,4,17,0.04412513226270676,player-2,22,20,7,10
355,5,24,0.06949994713068008,player-2,26,23,13,14
355,6,17,0.04349998198449612,player-4,32,29,17,20
355,7,14,0.029665883630514145,none,33,29,17,22
355,8,18,0.056833960115909576,player-3,35,30,21,25
355,9,17,0.06670807488262653,player-3,41,32,31,26
355,10,18,0.06183399818837643,player-1,49,40,36,33
355,11,18,0.05229189991950989,player-2,55,53,38,42
355,12,20,0.0654999166727066,player-1,64,53,40,47
356,1,18,0.05970802158117294,player-4,5,2,2,1
356,2,17,0.04633399657905102,player-4,5,6,6,9
356,3,17,0.06325007416307926,player-1,8,7,6,13
356,4,23,0.06737513467669487,player-4,13,8,7,21
356,5,17,0.04979199729859829,player-3,18,11,19,21
356,6,17,0.05491706542670727,player-4,21,11,22,25
356,7,17,0.04187505692243576,player-1,25,11,24,28
356,8,18,0.04787486977875233,player-3,29,15,27,32
356,9,17,0.052167102694511414,player-3,33,15,35,32
356,10,17,0.055999960750341415,player-4,36,18,37,40
356,11,17,0.04620896652340889,player-1,39,19,41,45
356,12,17,0.04950002767145634,player-2,39,24,42,46
356,13,17,0.04354189150035381,player-3,40,26,51,47
356,14,17,0.04837499000132084,player-4,40,30,54,50
356,15,20,0.05329190753400326,player-4,46,30,58,58
357,1,17,0.06208382546901703,player-3,2,0,4,2
357,2,18,0.060999998822808266,player-1,9,2,7,4
357,3,17,0.04941597580909729,player-1,18,5,8,4
357,4,28,0.06408314220607281,player-1,21,11,11,7
357,5,17,0.050541944801807404,player-3,25,14,13,8
357,6,18,0.049667200073599815,player-1,34,17,19,10
357,7,18,0.040582846850156784,player-2,36,20,21,10
357,8,17,0.04291720688343048,player-2,37,22,21,10
357,9,22,0.06745895370841026,player-4,41,29,23,15
357,10,17,0.05787517875432968,player-4,44,33,24,19
357,11,18,0.07558311335742474,player-2,48,37,26,22
357,12,18,0.0537908636033535,player-3,48,38,31,23
357,13,20,0.0538751482963562,player-2,50,48,35,23
357,14,21,0.058625126257538795,player-4,51,50,39,30
357,15,17,0.04712492227554321,player-1,51,50,39,33
357,16,18,0.047708163037896156,player-3,51,51,43,35
357,17,17,0.04391605034470558,player-3,53,52,44,37
357,18,22,0.048958929255604744,player-1,56,53,44,43
358,1,18,0.048832967877388,player-4,2,0,4,5
358,2,20,0.06254203617572784,player-3,3,5,8,5
358,3,17,0.06245891563594341,player-1,8,5,14,8
358,4,18,0.0952498521655798,player-3,16,7,14,9
358,5,17,0.04675006493926048,player-3,23,11,22,9
358,6,17,0.051333801820874214,player-4,26,13,27,15
358,7,18,0.062374863773584366,player-2,28,19,30,23
358,8,17,0.05237502045929432,player-2,30,21,32,28
358,9,17,0.05937507376074791,player-3,34,27,35,31
358,10,26,0.06466684862971306,player-1,34,33,37,40
358,11,22,0.05970802158117294,player-2,40,38,39,48
358,12,17,0.06408407352864742,player-2,44,42,42,51
358,13,31,0.08999998681247234,none,45,42,44,51
358,14,17,0.05554105155169964,player-4,50,47,50,53
359,1,19,0.06187497638165951,player-1,2,4,0,11
359,2,20,0.06279093213379383,player-3,7,6,8,16
359,3,17,0.07600011304020882,player-1,10,9,12,19
359,4,19,0.058208126574754715,player-4,17,10,16,20
359,5,21,0.0617089681327343,player-3,20,10,19,23
359,6,17,0.06291689351201057,player-4,25,11,20,26
359,7,17,0.054165953770279884,player-1,27,11,23,26
359,8,17,0.041665975004434586,player-2,28,23,24,27
359,9,20,0.04991702735424042,player-2,28,24,32,30
359,10,17,0.05062483251094818,player-4,34,27,39,39
359,11,23,0.05608284845948219,player-3,38,30,46,43
359,12,19,0.05595805123448372,player-4,39,35,46,47
359,13,20,0.04770886152982712,player-2,40,39,48,49
359,14,17,0.04979199729859829,player-4,45,48,54,49
359,15,27,0.060999998822808266,player-3,47,54,59,50
360,1,17,0.05929102189838886,player-1,9,4,2,1
360,2,17,0.05312496796250343,player-2,10,12,5,5
360,3,17,0.04875008016824722,player-3,14,14,10,8
360,4,18,0.06395811215043068,player-1,21,18,17,11
360,5,18,0.054791104048490524,player-2,25,20,17,14
360,6,17,0.047042034566402435,player-2,32,23,19,19
360,7,18,0.046625034883618355,player-4,35,27,21,24
360,8,19,0.05612499080598354,player-2,40,33,27,24
360,9,19,0.05229189991950989,player-3,43,38,30,31
360,10,19,0.05658320151269436,player-4,50,39,38,31
360,11,17,0.05366699770092964,player-3,53,39,43,31
360,12,18,0.05358387716114521,player-1,55,43,45,38
361,1,17,0.05062483251094818,player-3,8,8,5,3
361,2,21,0.05633290857076645,player-4,11,8,9,6
361,3,17,0.055541982874274254,player-1,15,11,13,12
361,4,17,0.059791840612888336,player-2,20,13,18,14
361,5,23,0.058666104450821877,none,20,14,25,17
361,6,17,0.04816683940589428,player-4,21,16,28,20
361,7,21,0.06704195402562618,player-1,30,23,33,26
361,8,17,0.052625080570578575,player-2,30,31,33,29
361,9,17,0.0541249755769968,player-3,34,31,40,30
361,10,17,0.05324999801814556,player-4,36,36,41,37
361,11,25,0.07516704499721527,player-1,38,40,47,44
361,12,17,0.04787510260939598,player-2,40,46,47,44
361,13,18,0.05529099144041538,player-4,40,48,50,46
361,14,19,0.05629216320812702,player-2,42,54,50,47
362,1,17,0.06812484934926033,player-4,3,3,2,8
362,2,18,0.07337494753301144,player-2,4,14,3,10
362,3,17,0.048416899517178535,player-2,10,17,5,13
362,4,17,0.04304107278585434,player-3,10,19,10,13
362,5,17,0.050833914428949356,player-4,13,22,11,14
362,6,17,0.05237502045929432,player-1,17,26,15,20
362,7,20,0.06262492388486862,player-1,24,32,18,22
362,8,19,0.0527920201420784,player-1,31,32,19,26
362,9,17,0.03695813938975334,player-4,31,34,20,30
362,10,19,0.04633399657905102,player-3,38,34,27,34
362,11,25,0.05666702054440975,player-2,38,47,28,38
362,12,17,0.04187482409179211,player-3,40,47,32,43
362,13,26,0.05874992348253727,none,41,47,37,45
362,14,24,0.06137508898973465,player-4,44,50,43,52
363,1,29,0.10062498040497303,player-2,5,8,1,9
363,2,17,0.04449998959898949,player-3,6,9,8,11
363,3,18,0.05266699008643627,player-1,12,12,12,14
363,4,21,0.053999945521354675,none,18,12,14,15
363,5,19,0.05016708746552467,player-4,22,15,18,21
363,6,30,0.05583302117884159,none,22,19,18,22
363,7,20,0.05950010381639004,player-3,27,23,21,25
363,8,17,0.05108397454023361,player-1,32,23,23,28
363,9,17,0.05529099144041538,player-2,36,33,23,33
363,10,23,0.061791855841875076,player-1,38,42,24,33
363,11,18,0.045459019020199776,player-1,41,43,26,36
363,12,17,0.05891709588468075,player-1,44,48,29,43
363,13,18,0.058167148381471634,player-3,51,51,34,43
363,14,18,0.05437503568828106,player-4,54,53,41,47
364,1,19,0.051582930609583855,player-1,3,1,1,4
364,2,17,0.044625019654631615,player-4,4,3,3,9
364,3,17,0.057958997786045074,player-1,7,4,3,13
364,4,24,0.04583294503390789,player-1,16,7,3,14
364,5,17,0.04970794543623924,player-3,17,9,5,14
364,6,17,0.06208312697708607,player-4,19,10,8,23
364,7,18,0.04595797508955002,player-2,20,12,10,26
364,8,17,0.047416891902685165,player-2,29,19,12,26
364,9,19,0.04475004971027374,player-1,31,19,18,28
364,10,18,0.038125086575746536,player-1,36,20,19,31
364,11,29,0.060167163610458374,none,39,21,19,36
364,12,17,0.04195794463157654,player-2,39,24,24,37
364,13,17,0.049666035920381546,player-3,41,26,28,40
364,14,17,0.05212496034801006,player-4,41,28,30,44
364,15,23,0.0566248781979084,none,41,31,32,46
364,16,18,0.054625095799565315,player-3,41,35,35,48
364,17,17,0.05708308890461922,player-3,44,36,38,48
364,18,18,0.056999968364834785,player-1,49,41,39,49
364,19,24,0.0616670586168766,player-4,49,46,39,53
364,20,20,0.07737497799098492,player-1,52,52,43,60
365,1,17,0.0499580055475235,player-1,6,1,5,2
365,2,17,0.057582976296544075,player-2,6,6,8,2
365,3,28,0.06387499161064625,none,9,12,10,2
365,4,21,0.0577080063521862,player-4,10,16,17,12
365,5,17,0.05925004370510578,player-1,12,20,19,16
365,6,19,0.05545793101191521,player-4,21,22,19,18
365,7,19,0.05837506614625454,player-1,25,22,20,19
365,8,17,0.056916847825050354,player-4,28,24,27,21
365,9,17,0.04629185423254967,player-1,33,27,27,22
365,10,18,0.04329090006649494,player-3,36,31,33,22
365,11,17,0.043042004108428955,player-3,36,33,36,25
365,12,18,0.04870886914432049,player-1,40,35,36,27
365,13,17,0.048958929255604744,player-1,45,35,38,27
365,14,17,0.04762480966746807,player-2,46,38,38,30
365,15,17,0.04987511783838272,player-3,49,42,46,30
365,16,23,0.06833299994468689,player-2,51,43,48,33
365,17,17,0.05425000563263893,player-1,55,45,48,34
366,1,18,0.04537496715784073,player-2,2,1,2,4
366,2,20,0.0541249755769968,player-1,5,1,7,8
366,3,24,0.048416899517178535,none,6,5,9,8
366,4,19,0.05462486296892166,player-2,8,9,9,12
366,5,17,0.045833177864551544,player-1,16,11,9,15
366,6,20,0.05783280357718468,player-1,25,13,13,24
366,7,18,0.05533290095627308,player-4,27,17,18,27
366,8,17,0.057540833950042725,player-4,28,17,24,31
366,9,18,0.05787494592368603,player-2,30,21,24,37
366,10,17,0.04308391362428665,player-2,33,26,26,37
366,11,17,0.03633392043411732,player-3,33,28,30,39
366,12,17,0.0617089681327343,player-4,37,29,30,44
366,13,17,0.04954100586473942,player-1,46,29,33,45
366,14,19,0.05666702054440975,player-4,48,33,33,51
366,15,20,0.059582991525530815,player-2,52,41,36,56
366,16,21,0.06454205140471458,player-4,52,45,41,64
367,1,22,0.0768748577684164,player-2,3,6,1,3
367,2,18,0.04716683179140091,player-3,3,8,13,8
367,3,19,0.05504186265170574,player-1,6,10,15,8
367,4,17,0.04854099825024605,player-4,10,11,15,9
367,5,17,0.07349997758865356,player-1,16,11,19,15
367,6,17,0.043416861444711685,player-2,17,18,20,15
367,7,17,0.04233396612107754,player-3,17,21,25,17
367,8,18,0.05712499842047691,player-1,22,29,34,21
367,9,17,0.051582930609583855,player-1,25,29,36,21
367,10,17,0.05033309571444988,player-2,25,35,38,23
367,11,17,0.06174994632601738,player-3,29,37,47,26
367,12,36,0.07512513548135757,player-3,30,37,53,27
367,13,17,0.045625027269124985,player-1,42,38,56,32
367,14,17,0.060042133554816246,player-2,48,43,60,34
368,1,22,0.06370805203914642,none,2,1,2,2
368,2,18,0.06616697646677494,player-2,3,8,4,5
368,3,22,0.06229197606444359,player-3,3,10,10,8
368,4,17,0.05654105916619301,player-3,3,14,18,8
368,5,17,0.09470805525779724,player-4,10,14,23,11
368,6,18,0.04075001925230026,none,11,14,25,13
368,7,27,0.06516603752970695,player-4,13,16,26,20
368,8,18,0.06145797669887543,player-4,15,17,28,21
368,9,17,0.04158401861786842,player-4,15,19,33,23
368,10,17,0.0387909822165966,player-1,21,21,33,26
368,11,20,0.06274995394051075,player-1,25,23,34,32
368,12,17,0.04775007255375385,player-3,33,23,38,33
368,13,18,0.04679197445511818,player-1,36,23,41,34
368,14,17,0.04554190672934055,player-1,36,26,48,42
368,15,23,0.06891600787639618,player-4,36,26,51,47
368,16,17,0.04824995994567871,player-3,36,32,56,49
368,17,19,0.05704187788069248,player-2,42,38,56,57
368,18,19,0.053666066378355026,player-3,44,40,61,60
369,1,17,0.06370805203914642,player-4,5,2,3,12
369,2,22,0.06562494672834873,none,5,5,3,14
369,3,18,0.058833975344896317,player-3,9,15,13,15
369,4,18,0.056582968682050705,player-4,12,16,19,23
369,5,18,0.059584155678749084,player-1,20,19,24,28
369,6,18,0.051791081205010414,player-2,25,23,26,28
369,7,17,0.04712492227554321,player-2,29,27,27,29
369,8,23,0.06879214197397232,player-1,32,29,30,39
369,9,17,0.05145790055394173,player-4,33,29,34,41
369,10,19,0.045999884605407715,player-3,37,31,36,41
369,11,18,0.05691591650247574,player-3,38,34,43,43
369,12,19,0.04949979484081268,player-1,39,34,44,45
369,13,17,0.05029188469052315,player-4,42,35,47,48
369,14,17,0.05691614933311939,player-1,52,35,49,52
370,1,17,0.05895807407796383,player-2,2,3,3,0
370,2,17,0.08895806968212128,player-3,2,5,4,4
370,3,17,0.05095801316201687,player-4,2,6,7,13
370,4,17,0.06145820952951908,player-1,6,7,10,14
370,5,17,0.04629092290997505,player-2,9,11,12,16
370,6,17,0.05450006574392319,player-3,9,20,15,18
370,7,20,0.06991601549088955,player-3,9,24,26,20
370,8,18,0.04841596819460392,player-2,10,26,27,22
370,9,19,0.06862496957182884,player-4,11,29,37,23
370,10,18,0.041833147406578064,player-4,13,33,45,25
370,11,19,0.06333296187222004,player-2,18,35,47,25
370,12,18,0.0700000673532486,player-2,24,46,55,33
370,13,20,0.06533297710120678,player-1,27,50,61,33
370,14,20,0.053666066378355026,player-2,28,54,63,34
370,15,17,0.053999945521354675,player-4,30,55,65,37
370,16,17,0.05404115654528141,player-1,32,55,67,38
370,17,17,0.048625050112605095,player-2,33,59,72,40
371,1,18,0.04187505692243576,player-4,2,2,3,5
371,2,17,0.03850017674267292,player-4,4,4,3,8
371,3,17,0.057499855756759644,player-1,8,8,3,14
371,4,17,0.06162491627037525,player-2,14,15,3,18
371,5,19,0.04537519998848438,player-1,19,17,6,20
371,6,19,0.0438750721514225,player-2,22,21,6,22
371,7,23,0.07366691716015339,player-3,24,30,6,25
371,8,23,0.05420786328613758,none,28,32,8,25
371,9,17,0.05004182457923889,player-3,30,34,16,25
371,10,20,0.04791701212525368,player-3,34,35,19,26
371,11,17,0.043667154386639595,player-1,40,36,19,27
371,12,17,0.05337502807378769,player-2,42,44,20,27
371,13,20,0.058167148381471634,player-2,47,47,20,32
371,14,17,0.05466700531542301,player-4,48,53,23,35
371,15,20,0.05933409556746483,player-4,50,56,26,40
371,16,17,0.04141614772379398,player-2,54,61,26,40
372,1,17,0.05170796066522598,player-2,2,4,2,8
372,2,18,0.0499580055475235,player-4,3,6,4,18
372,3,20,0.06425008177757263,player-3,8,7,15,20
372,4,28,0.06629200652241707,player-4,17,9,15,25
372,5,18,0.05183299072086811,player-3,18,12,18,26
372,6,17,0.05295802839100361,player-3,22,14,22,27
372,7,18,0.043208012357354164,player-1,25,15,23,27
372,8,26,0.07341592572629452,player-2,28,16,27,32
372,9,17,0.040125101804733276,player-2,31,21,29,33
372,10,18,0.048666028305888176,player-4,35,25,30,35
372,11,18,0.0477498397231102,player-1,43,25,30,39
372,12,17,0.04370906390249729,player-1,51,27,34,39
372,13,17,0.04137493669986725,player-2,57,32,37,39
372,14,20,0.04354189150035381,player-2,59,38,38,42
372,15,25,0.05000014789402485,none,61,41,42,49
373,1,19,0.055165961384773254,player-3,1,0,0,3
373,2,23,0.06229104474186897,player-4,3,6,2,17
373,3,19,0.04437519237399101,player-1,3,10,4,19
373,4,25,0.06695813499391079,none,10,13,9,23
373,5,17,0.047208042815327644,player-1,12,18,11,25
373,6,19,0.056582968682050705,player-4,13,22,11,31
373,7,17,0.05454104393720627,player-3,13,27,15,33
373,8,19,0.048208050429821014,player-2,16,31,22,39
373,9,17,0.05045789293944836,player-1,18,31,26,47
373,10,18,0.05762488581240177,player-3,20,35,28,48
373,11,19,0.058625126257538795,player-1,27,41,34,52
373,12,17,0.044999876990914345,player-4,27,42,34,58
374,1,19,0.06187497638165951,player-4,6,3,3,1
374,2,17,0.05466584116220474,player-3,11,6,11,1
374,3,18,0.06174994632601738,player-1,15,9,13,2
374,4,19,0.0674158800393343,player-3,17,12,23,3
374,5,20,0.05479203537106514,player-1,24,18,28,6
374,6,25,0.06408407352864742,player-3,26,22,33,11
374,7,17,0.06258301436901093,player-4,32,25,40,14
374,8,22,0.0679998192936182,player-2,33,36,44,20
374,9,18,0.04824995994567871,player-3,34,37,49,24
374,10,25,0.07420801557600498,player-3,43,46,55,30
374,11,17,0.042125117033720016,player-4,46,51,59,40
375,1,17,0.07495912723243237,player-1,3,2,2,0
375,2,17,0.060959020629525185,player-2,10,6,4,3
375,3,17,0.06449990905821323,player-3,11,10,7,8
375,4,23,0.07283291779458523,player-2,21,17,9,14
375,5,17,0.05370797589421272,player-1,35,17,9,17
375,6,21,0.07504108361899853,player-2,37,25,10,18
375,7,17,0.053042080253362656,player-3,37,27,23,20
375,8,17,0.05145813338458538,player-4,43,34,28,24
375,9,18,0.05329214036464691,player-2,46,48,31,27
375,10,24,0.05162484012544155,player-1,49,48,33,29
375,11,22,0.06325007416307926,player-4,50,51,34,35
375,12,22,0.050833914428949356,player-1,54,53,34,39
375,13,20,0.05391589365899563,player-4,59,53,34,47
376,1,19,0.05462486296892166,player-3,1,2,7,2
376,2,20,0.05712499842047691,player-1,7,2,12,7
376,3,20,0.05408283323049545,player-2,9,7,15,7
376,4,21,0.05220784805715084,player-4,9,10,18,10
376,5,19,0.05224999040365219,player-3,12,10,21,10
376,6,19,0.05587516352534294,player-4,15,13,28,13
376,7,30,0.07954193279147148,player-4,16,17,30,22
376,8,17,0.04512513987720013,player-4,16,20,32,26
376,9,19,0.06425008177757263,player-3,19,21,43,36
376,10,17,0.06229197606444359,player-2,26,28,51,39
376,11,21,0.061791855841875076,player-3,26,35,54,40
376,12,18,0.05100015550851822,player-1,32,37,56,44
376,13,18,0.07183407433331013,player-2,35,42,59,47
376,14,17,0.047999899834394455,player-2,37,47,60,50
376,15,32,0.06408314220607281,player-2,43,54,62,54
377,1,26,0.07116701453924179,player-3,10,5,6,3
377,2,18,0.053791096433997154,player-4,10,7,10,7
377,3,17,0.05504186265170574,player-4,13,9,18,15
377,4,17,0.04570791497826576,player-1,19,9,18,15
377,5,25,0.06620795466005802,player-2,29,12,23,21
377,6,19,0.047999899834394455,player-1,35,14,24,21
377,7,20,0.044040847569704056,none,36,14,25,24
377,8,17,0.04891701973974705,player-1,41,18,26,30
377,9,18,0.0563750509172678,player-3,42,19,28,33
377,10,17,0.0665830448269844,player-3,47,19,30,37
377,11,19,0.05895807407796383,player-2,48,26,36,39
377,12,17,0.06125005893409252,player-1,57,26,39,39
377,13,18,0.04454096779227257,player-3,57,29,45,39
378,1,18,0.05854107439517975,player-4,0,2,2,1
378,2,19,0.05154218524694443,player-2,4,6,10,3
378,3,28,0.056459102779626846,player-4,7,8,11,5
378,4,19,0.06374996155500412,player-4,12,10,14,8
378,5,18,0.05329190753400326,player-4,14,10,14,10
378,6,17,0.05154218524694443,player-4,16,10,16,13
378,7,18,0.05516689270734787,player-2,18,17,21,15
378,8,17,0.046416185796260834,player-2,19,22,21,15
378,9,18,0.04924996756017208,player-4,19,22,26,16
378,10,21,0.08487515151500702,player-4,24,33,31,16
378,11,18,0.06224983371794224,player-2,26,39,31,20
378,12,18,0.07049995474517345,player-3,26,46,32,28
378,13,20,0.10641617700457573,player-2,32,51,35,31
378,14,18,0.04733307287096977,player-1,38,51,38,37
378,15,18,0.04712492227554321,player-2,40,51,41,38
378,16,18,0.04716706462204456,player-3,40,55,51,40
378,17,17,0.046459026634693146,player-3,42,61,58,41
379,1,17,0.04900014027953148,player-4,2,3,3,3
379,2,17,0.045082997530698776,player-1,5,4,3,3
379,3,17,0.05095801316201687,player-2,8,10,6,5
379,4,19,0.06187497638165951,player-1,16,10,12,6
379,5,17,0.06104190833866596,player-4,16,15,13,18
379,6,18,0.06108288653194904,player-2,19,23,15,22
379,7,23,0.06520794704556465,none,23,24,19,25
379,8,19,0.05029095336794853,player-1,28,26,21,26
379,9,20,0.055540818721055984,player-3,31,26,26,31
379,10,17,0.04733400419354439,player-1,35,30,26,39
379,11,17,0.04429207183420658,player-2,38,35,31,39
379,12,17,0.06987503729760647,player-3,41,41,37,41
379,13,19,0.05625002086162567,player-2,46,45,37,42
379,14,18,0.06045796908438206,player-2,46,54,41,44
379,15,17,0.045082997530698776,player-2,48,59,43,50
380,1,17,0.036125071346759796,player-4,0,1,1,4
380,2,17,0.04675006493926048,player-1,4,1,4,7
380,3,17,0.04741712473332882,player-2,8,8,4,8
380,4,17,0.0490827951580286,player-3,9,13,12,8
380,5,18,0.05725002847611904,player-1,11,16,14,12
380,6,17,0.04237494431436062,player-1,16,17,15,17
380,7,17,0.04449998959898949,player-2,18,22,19,18
380,8,17,0.049625057727098465,player-3,19,24,21,18
380,9,19,0.04529207944869995,player-2,22,27,21,22
380,10,17,0.05324999801814556,player-1,28,31,21,23
380,11,17,0.0441248994320631,player-2,29,39,21,23
380,12,17,0.05587516352534294,player-3,31,42,27,26
380,13,17,0.04891608841717243,player-4,33,49,29,36
380,14,17,0.061957864090800285,player-1,38,52,31,37
380,15,17,0.05091703496873379,player-2,41,54,31,41
380,16,17,0.061042141169309616,player-3,43,57,40,45
381,1,17,0.044958898797631264,player-3,0,3,6,1
381,2,17,0.05562487058341503,player-4,2,3,7,6
381,3,18,0.05579204298555851,player-2,3,7,10,10
381,4,18,0.05370890721678734,player-3,3,8,16,11
381,5,17,0.042457832023501396,player-3,5,13,20,12
381,6,17,0.045584049075841904,player-4,8,15,22,13
381,7,17,0.04475004971027374,player-1,13,19,22,14
381,8,18,0.06612506695091724,player-3,16,20,32,18
381,9,18,0.0461251474916935,player-4,16,21,35,22
381,10,17,0.04291604273021221,player-4,18,21,37,25
381,11,23,0.054999953135848045,player-3,24,26,43,26
381,12,18,0.05874992348253727,player-3,25,28,46,29
381,13,17,0.06183399818837643,player-3,27,28,58,29
381,14,17,0.04341709427535534,player-4,29,32,61,33
381,15,19,0.058125006034970284,player-3,30,35,65,37
381,16,19,0.05991710349917412,player-4,32,37,65,40
381,17,23,0.06800005212426186,player-1,51,43,72,40
382,1,20,0.06108288653194904,player-3,7,1,4,1
382,2,17,0.053999945521354675,player-1,13,1,9,5
382,3,20,0.0602079089730978,player-1,20,7,10,9
382,4,19,0.04812516272068024,player-1,23,7,12,14
382,5,17,0.057042110711336136,player-4,27,9,15,17
382,6,32,0.07874984294176102,none,32,14,19,31
382,7,17,0.047582900151610374,player-2,34,19,21,33
382,8,18,0.06045890040695667,player-4,35,23,23,35
382,9,18,0.046083005145192146,player-1,38,25,23,35
382,10,24,0.08595897816121578,player-4,41,33,27,36
382,11,17,0.0702498946338892,player-2,45,39,31,36
382,12,18,0.06145890802145004,player-4,47,42,33,41
382,13,17,0.05133310332894325,player-4,48,44,36,51
382,14,26,0.06041605956852436,player-2,50,49,37,54
383,1,17,0.04291580989956856,player-3,3,0,5,2
383,2,17,0.04466692917048931,player-4,3,3,6,13
383,3,18,0.047833193093538284,player-2,6,7,6,15
383,4,19,0.07058307528495789,player-4,12,11,12,19
383,5,17,0.060042133554816246,player-3,14,13,16,21
383,6,18,0.047625042498111725,player-1,15,18,17,26
383,7,17,0.05041714757680893,player-1,18,23,20,30
383,8,17,0.04079192876815796,player-2,20,28,20,32
383,9,19,0.07062498480081558,player-1,26,34,25,32
383,10,18,0.0405418686568737,player-1,32,37,27,32
383,11,18,0.044457847252488136,player-2,33,42,28,32
383,12,22,0.06008287891745567,player-3,35,45,34,35
383,13,18,0.04041707143187523,player-4,35,47,39,36
383,14,25,0.06399978883564472,player-4,40,49,43,43
383,15,18,0.04512490704655647,player-2,43,49,43,47
383,16,19,0.050541944801807404,player-4,43,53,43,50
384,1,17,0.05841604433953762,player-4,4,2,3,7
384,2,18,0.05270796827971935,player-2,5,5,11,8
384,3,24,0.06812508217990398,player-1,13,6,12,12
384,4,19,0.052459072321653366,player-1,19,11,12,16
384,5,19,0.06108405068516731,player-2,20,15,15,25
384,6,20,0.059791840612888336,player-4,25,17,20,33
384,7,17,0.04058401100337505,player-2,28,25,22,34
384,8,18,0.05083298310637474,player-4,30,26,22,37
384,9,17,0.05374988541007042,player-4,34,31,28,46
384,10,17,0.04679197445511818,player-1,36,32,28,46
384,11,17,0.04691607318818569,player-2,37,38,29,47
384,12,24,0.07120799273252487,player-2,39,51,31,51
385,1,17,0.055999960750341415,player-2,2,4,1,3
385,2,17,0.04004104994237423,player-3,2,7,3,3
385,3,18,0.04929210990667343,player-1,12,11,12,8
385,4,17,0.04979199729859829,player-1,19,12,15,11
385,5,20,0.06533297710120678,player-1,25,17,16,16
385,6,22,0.07045804522931576,player-4,30,19,20,22
385,7,20,0.05758390761911869,player-3,31,29,25,25
385,8,17,0.05308305844664574,player-1,39,29,25,26
385,9,18,0.0641250517219305,player-3,41,30,26,30
385,10,21,0.05191704258322716,player-3,44,35,29,31
385,11,20,0.062333885580301285,player-3,46,42,30,36
385,12,19,0.057459110394120216,player-3,48,44,32,39
385,13,17,0.057167140766978264,player-2,51,51,33,41
385,14,20,0.05991593934595585,player-2,54,58,39,50
386,1,19,0.06866594776511192,player-3,3,5,5,1
386,2,19,0.06216694600880146,player-4,3,8,5,6
386,3,17,0.050083035603165627,player-3,7,8,12,7
386,4,17,0.04670792259275913,player-4,12,8,14,8
386,5,17,0.043999869376420975,player-1,16,9,17,10
386,6,17,0.053291209042072296,player-2,17,14,17,12
386,7,23,0.0639590434730053,player-1,23,25,22,12
386,8,17,0.0427919439971447,player-4,24,26,25,21
386,9,19,0.05704187788069248,player-3,29,29,29,22
386,10,22,0.058042118325829506,player-3,33,29,32,22
386,11,17,0.045582884922623634,player-3,39,31,43,27
386,12,20,0.0525421928614378,player-3,40,34,46,29
386,13,22,0.04654191434383392,none,41,39,51,30
386,14,17,0.040999846532940865,player-2,45,45,51,30
386,15,22,0.054374802857637405,none,46,47,53,30
386,16,20,0.05224999040365219,player-3,50,52,58,33
387,1,17,0.05212496034801006,player-3,2,4,6,2
387,2,17,0.04400010220706463,player-4,3,6,6,8
387,3,17,0.05779205821454525,player-1,6,10,14,15
387,4,18,0.07045804522931576,player-3,9,12,17,18
387,5,17,0.04987488500773907,player-3,9,12,21,20
387,6,20,0.049042049795389175,player-3,9,19,25,21
387,7,20,0.05454104393720627,player-4,14,22,31,31
387,8,18,0.0480839516967535,player-3,16,23,39,31
387,9,20,0.05312496796250343,player-2,16,28,41,36
387,10,17,0.04341709427535534,none,19,30,41,40
387,11,18,0.04291697405278683,player-2,21,40,46,40
387,12,18,0.04641595296561718,player-3,21,45,51,41
387,13,25,0.050582922995090485,player-3,23,46,55,41
387,14,17,0.05145790055394173,player-4,24,48,56,45
387,15,17,0.04837499000132084,player-1,30,48,61,48
387,16,17,0.05733314901590347,player-2,36,51,64,51
388,1,17,0.05374988541007042,player-3,3,0,3,4
388,2,18,0.0517088919878006,player-1,5,0,4,8
388,3,17,0.055042095482349396,player-1,9,1,7,10
388,4,20,0.07120799273252487,player-1,14,7,9,11
388,5,18,0.046042026951909065,player-4,14,11,13,22
388,6,17,0.05374988541007042,player-4,16,13,17,28
388,7,18,0.06712507456541061,player-2,24,23,25,34
388,8,19,0.06725010462105274,player-4,27,28,28,35
388,9,17,0.048250192776322365,player-3,29,28,35,35
388,10,19,0.05283299833536148,player-2,35,34,40,35
388,11,17,0.1016249880194664,player-1,41,38,42,35
388,12,19,0.06579188629984856,player-4,45,38,49,40
388,13,18,0.07341708987951279,player-4,50,40,51,40
389,1,17,0.07245782762765884,player-1,4,2,5,0
389,2,17,0.053999945521354675,player-2,5,6,7,3
389,3,18,0.050667207688093185,player-4,6,11,10,9
389,4,22,0.06858399137854576,player-1,12,11,18,15
389,5,18,0.053666066378355026,player-2,17,16,20,17
389,6,21,0.06670807488262653,player-2,19,21,21,22
389,7,17,0.08087512105703354,player-3,24,21,25,22
389,8,17,0.0441248994320631,player-4,26,22,26,23
389,9,17,0.07512513548135757,player-1,28,23,26,26
389,10,17,0.0747081357985735,player-2,33,24,27,33
389,11,17,0.047999899834394455,player-3,36,31,29,37
389,12,19,0.06225006654858589,player-2,40,39,31,42
389,13,21,0.062000006437301636,none,44,44,34,45
389,14,26,0.06699981167912483,none,44,47,36,45
389,15,17,0.04950002767145634,player-3,45,47,40,46
389,16,21,0.0819170381873846,player-4,47,49,45,51
390,1,17,0.05224999040365219,player-1,2,1,0,2
390,2,17,0.06437511183321476,player-2,6,15,4,5
390,3,17,0.05024997517466545,player-3,9,18,6,7
390,4,17,0.05095801316201687,player-4,11,18,10,9
390,5,19,0.07341708987951279,player-3,17,20,14,12
390,6,17,0.05329190753400326,player-2,18,28,16,15
390,7,17,0.058374833315610886,player-3,20,30,25,17
390,8,17,0.04824995994567871,player-4,21,30,28,22
390,9,17,0.0679579097777605,player-1,24,32,31,24
390,10,19,0.07400009781122208,player-4,28,34,38,27
390,11,17,0.053999945521354675,player-3,32,38,43,29
390,12,18,0.04591606557369232,player-1,37,42,43,30
390,13,18,0.05062483251094818,player-2,40,47,43,34
390,14,29,0.05866703577339649,player-2,40,54,44,34
390,15,17,0.05450006574392319,player-3,43,56,50,36
390,16,17,0.03995909355580807,player-4,43,61,54,39
391,1,17,0.05308398976922035,player-1,13,1,2,0
391,2,19,0.05879206582903862,player-4,17,5,8,4
391,3,17,0.05425000563263893,player-3,19,6,15,6
391,4,18,0.05070911720395088,player-1,26,9,18,9
391,5,17,0.05587493069469929,player-1,27,12,28,17
391,6,17,0.06104097701609135,player-2,30,14,33,19
391,7,17,0.051083043217659,player-3,30,18,37,21
391,8,20,0.052957795560359955,player-3,30,18,45,25
391,9,20,0.06741681136190891,player-4,36,21,45,36
391,10,18,0.061166007071733475,player-3,39,25,51,39
391,11,18,0.05254102870821953,player-4,43,31,51,50
391,12,17,0.05095801316201687,player-4,48,31,52,55
392,1,18,0.0399579294025898,player-1,2,2,3,6
392,2,20,0.05274987779557705,player-4,2,2,8,13
392,3,17,0.051625072956085205,player-2,4,6,10,15
392,4,19,0.049833906814455986,player-1,7,6,14,19
392,5,28,0.06095808930695057,none,13,11,14,22
392,6,17,0.06770784966647625,player-1,21,14,15,25
392,7,17,0.04683411680161953,player-2,21,20,18,25
392,8,18,0.053459079936146736,player-4,21,23,20,38
392,9,19,0.0463749747723341,player-2,21,28,20,40
392,10,17,0.05258317105472088,player-1,25,32,26,42
392,11,17,0.04712492227554321,player-2,27,46,27,43
392,12,17,0.04733307287096977,player-3,29,47,31,44
392,13,20,0.06270804442465305,player-3,30,49,38,45
392,14,23,0.051167095080018044,none,30,53,40,46
392,15,18,0.056416960433125496,player-3,32,55,46,46
393,1,24,0.06808293983340263,player-4,1,4,8,5
393,2,17,0.050791073590517044,player-2,1,11,8,5
393,3,17,0.046708155423402786,player-3,3,12,14,5
393,4,23,0.06208289414644241,player-2,6,13,18,6
393,5,17,0.057416968047618866,player-1,8,16,20,11
393,6,24,0.06633391603827477,player-1,10,17,21,13
393,7,19,0.06208405829966068,player-1,17,20,26,18
393,8,17,0.05966704338788986,player-4,21,21,32,23
393,9,17,0.05037500523030758,player-1,25,22,37,25
393,10,21,0.04370906390249729,none,27,25,39,30
393,11,18,0.06233295425772667,player-4,29,28,42,34
393,12,17,0.062000006437301636,player-4,34,30,45,41
393,13,24,0.06237509660422802,player-4,39,33,46,44
393,14,19,0.05474989302456379,player-4,42,34,46,48
393,15,17,0.04533398896455765,player-3,42,35,50,52
393,16,18,0.04520895890891552,player-1,43,36,54,56
393,17,18,0.05258386954665184,player-2,47,39,58,58
394,1,17,0.04016701132059097,player-1,5,0,0,0
394,2,17,0.04195817746222019,player-2,6,4,0,0
394,3,17,0.059582991525530815,player-3,7,10,6,2
394,4,17,0.041207997128367424,player-4,7,11,9,5
394,5,17,0.04895799793303013,player-1,13,13,12,8
394,6,17,0.0513328704982996,player-2,16,19,14,8
394,7,17,0.052291201427578926,player-3,16,26,19,11
394,8,17,0.07283315062522888,player-4,19,34,21,13
394,9,20,0.07208390161395073,player-4,19,37,28,15
394,10,17,0.05345814861357212,player-2,20,44,30,21
394,11,25,0.05004112608730793,player-3,22,44,32,21
394,12,19,0.05875015631318092,player-2,25,53,32,25
394,13,19,0.04950002767145634,player-3,29,54,37,27
394,14,19,0.04216702654957771,player-4,31,56,37,33
394,15,17,0.05312496796250343,player-3,33,58,44,38
394,16,18,0.044208019971847534,player-1,36,59,44,43
395,1,20,0.05745794624090195,player-1,5,2,0,0
395,2,22,0.0641250517219305,player-4,6,2,1,5
395,3,17,0.04775007255375385,player-4,8,4,4,11
395,4,18,0.05716690793633461,player-2,11,6,4,14
395,5,25,0.06316695362329483,player-2,11,9,5,16
395,6,17,0.04733284004032612,player-3,13,17,9,16
395,7,17,0.0391670037060976,player-4,18,18,10,28
395,8,18,0.04533305764198303,player-2,21,25,12,29
395,9,17,0.050582922995090485,player-2,29,28,12,37
395,10,20,0.05745794624090195,player-2,31,32,17,37
395,11,17,0.07083406671881676,player-4,31,36,22,49
395,12,19,0.06287498399615288,player-3,32,38,29,52
395,13,27,0.06954185664653778,player-4,34,40,32,61
396,1,19,0.06470899097621441,player-1,4,1,1,3
396,2,18,0.05608308129012585,player-1,5,2,2,6
396,3,17,0.04466692917048931,player-1,8,4,4,8
396,4,17,0.05929078906774521,player-2,8,9,6,8
396,5,19,0.06404099985957146,player-1,17,12,10,12
396,6,17,0.050208065658807755,player-4,20,18,14,16
396,7,18,0.045708147808909416,player-2,26,23,14,16
396,8,17,0.044958898797631264,player-2,27,26,14,16
396,9,17,0.047416891902685165,player-3,27,30,18,18
396,10,19,0.06316718645393848,player-2,28,35,18,19
396,11,17,0.04345807246863842,player-1,37,35,18,19
396,12,19,0.05037500523030758,player-4,39,37,20,23
396,13,19,0.048582907766103745,player-1,42,43,24,24
396,14,20,0.060165999457240105,player-3,45,43,31,26
396,15,17,0.04891701973974705,player-1,54,44,35,28
396,16,19,0.058125006034970284,player-4,55,47,40,34
396,17,17,0.05470798350870609,player-3,57,49,48,35
397,1,17,0.050582922995090485,player-2,5,3,1,2
397,2,21,0.056416960433125496,player-3,9,4,8,2
397,3,18,0.05733314901590347,player-1,14,6,11,5
397,4,18,0.05916692316532135,player-2,22,9,17,5
397,5,17,0.041665975004434586,player-2,25,12,19,8
397,6,18,0.044625019654631615,player-4,26,13,19,10
397,7,20,0.06758305244147778,player-3,31,13,23,18
397,8,21,0.058542005717754364,player-1,42,19,29,18
397,9,18,0.04137493669986725,player-3,43,22,32,18
397,10,20,0.05870801396667957,player-2,49,24,40,19
397,11,18,0.0552500132471323,player-1,56,24,41,24
397,12,23,0.058999983593821526,player-3,58,26,45,28
398,1,17,0.04683295264840126,player-2,1,5,2,0
398,2,20,0.07766601629555225,player-2,1,9,7,6
398,3,18,0.04704180173575878,player-1,5,11,8,10
398,4,18,0.04291697405278683,player-2,7,17,10,11
398,5,17,0.05983305163681507,player-2,7,24,10,13
398,6,17,0.04308321513235569,player-3,13,24,16,13
398,7,17,0.05283299833536148,player-4,14,24,16,24
398,8,26,0.07175002247095108,none,19,24,18,28
398,9,17,0.04512513987720013,player-2,24,28,20,30
398,10,17,0.05224999040365219,player-3,25,28,33,32
398,11,19,0.05841604433953762,player-2,28,40,34,38
398,12,17,0.049040885642170906,player-1,34,42,35,38
398,13,21,0.10229204781353474,player-2,39,48,39,47
398,14,18,0.06233295425772667,player-4,43,48,40,48
398,15,17,0.08341693319380283,player-4,52,50,48,49
399,1,17,0.07362500764429569,player-1,4,1,4,1
399,2,17,0.0588330440223217,player-2,7,5,8,5
399,3,17,0.0613329466432333,player-3,9,11,12,7
399,4,18,0.056999968364834785,player-1,10,11,16,13
399,5,18,0.06291689351201057,player-2,10,12,21,15
399,6,18,0.047999899834394455,player-3,12,12,29,17
399,7,18,0.06008311174809933,player-4,13,14,36,19
399,8,17,0.05191704258322716,player-4,14,17,39,22
399,9,17,0.0452499371021986,player-1,17,17,40,23
399,10,20,0.07041706703603268,player-1,21,17,41,26
399,11,19,0.050459057092666626,player-1,26,19,42,28
399,12,17,0.04454096779227257,player-4,31,19,42,46
399,13,19,0.0741251278668642,player-3,35,27,45,49
399,14,17,0.05458388477563858,player-2,41,27,46,52
399,15,21,0.06970902904868126,player-3,41,29,48,60
399,16,19,0.08175009861588478,player-2,48,35,50,65
400,1,17,0.0503340270370245,player-1,5,0,0,3
400,2,24,0.058542005717754364,player-1,12,1,4,3
400,3,22,0.058791832998394966,player-4,13,10,17,15
400,4,25,0.05795806646347046,player-4,16,10,17,23
400,5,20,0.08699996396899223,player-4,23,11,26,23
400,6,17,0.05129212513566017,player-2,24,17,29,28
400,7,17,0.04204106517136097,player-3,25,19,35,30
400,8,17,0.04249997437000275,player-4,25,20,40,33
400,9,24,0.08954200893640518,player-4,27,33,51,38
400,10,18,0.050999922677874565,player-3,34,39,55,40
400,11,22,0.04700012505054474,none,35,40,57,41
400,12,17,0.0490827951580286,player-4,43,42,57,47
401,1,17,0.04016607999801636,player-3,1,4,3,1
401,2,17,0.056208111345767975,player-4,3,11,8,7
401,3,17,0.053958967328071594,player-1,8,13,14,13
401,4,17,0.06091594696044922,player-2,14,18,18,17
401,5,18,0.065250089392066,player-4,19,21,20,24
401,6,18,0.07145805284380913,player-1,26,23,27,27
401,7,18,0.0643748790025711,player-2,28,28,29,30
401,8,18,0.06125005893409252,player-3,30,31,32,30
401,9,17,0.05091587081551552,player-3,30,41,37,34
401,10,29,0.08691614493727684,player-4,32,45,39,38
401,11,20,0.049667200073599815,player-4,34,48,41,46
401,12,18,0.06900005973875523,player-3,34,53,49,49
402,1,17,0.05287490785121918,player-2,0,4,2,3
402,2,18,0.0577499158680439,player-4,8,8,5,11
402,3,17,0.0461251474916935,player-4,8,10,7,14
402,4,18,0.05625002086162567,player-2,12,16,9,14
402,5,17,0.04045804962515831,player-2,15,18,10,16
402,6,18,0.06933300755918026,player-4,19,18,16,20
402,7,17,0.04991702735424042,player-4,20,21,21,25
402,8,17,0.057666096836328506,player-1,26,24,24,27
402,9,27,0.06179208867251873,none,27,26,26,28
402,10,19,0.05683302879333496,player-1,32,26,32,31
402,11,19,0.06625009700655937,player-2,35,31,33,41
402,12,32,0.07066712714731693,player-4,40,31,35,49
402,13,24,0.054999953135848045,player-1,44,34,36,51
402,14,17,0.07291696965694427,player-3,44,36,43,54
402,15,22,0.0577080063521862,player-1,48,36,43,59
402,16,17,0.05825003609061241,player-1,49,39,48,64
403,1,17,0.055957818403840065,player-2,0,14,2,5
403,2,18,0.05904096178710461,player-4,0,18,4,8
403,3,17,0.05150004290044308,player-4,1,22,8,11
403,4,17,0.06258301436901093,player-1,3,23,13,11
403,5,17,0.05195802077651024,player-2,7,27,18,15
403,6,20,0.05674990825355053,player-2,9,30,23,18
403,7,19,0.08762488141655922,player-2,11,35,24,23
403,8,17,0.06679212674498558,player-1,18,36,25,27
403,9,17,0.050666043534874916,player-2,22,38,28,31
403,10,17,0.05233287811279297,player-3,22,41,38,38
403,11,17,0.05404185503721237,player-4,22,45,41,49
403,12,19,0.057625118643045425,player-3,25,49,46,52
404,1,17,0.056541990488767624,player-1,4,0,1,4
404,2,19,0.07841596379876137,player-4,10,6,6,7
404,3,29,0.06637489423155785,player-3,19,7,9,7
404,4,21,0.05816691555082798,player-4,20,8,11,14
404,5,19,0.06216694600880146,player-3,25,8,19,17
404,6,17,0.045666005462408066,player-2,30,13,19,18
404,7,17,0.05687493830919266,player-3,30,17,27,20
404,8,18,0.0475000124424696,player-1,32,18,31,25
404,9,17,0.042791012674570084,player-1,40,18,32,30
404,10,17,0.061499886214733124,player-2,41,29,32,30
404,11,17,0.04533398896455765,player-3,43,32,34,37
404,12,19,0.06558303721249104,player-2,48,35,34,40
404,13,17,0.05570892244577408,player-1,49,39,34,42
404,14,21,0.06645894609391689,player-2,50,44,35,44
404,15,17,0.059499870985746384,player-3,51,48,38,49
404,16,17,0.05229213275015354,player-4,53,49,41,51
405,1,18,0.0716671347618103,player-4,1,3,2,7
405,2,25,0.08241599425673485,none,2,6,12,9
405,3,26,0.07774983532726765,player-2,4,15,13,11
405,4,17,0.05287490785121918,player-2,5,18,14,14
405,5,17,0.04050019197165966,player-3,6,19,14,14
405,6,17,0.06279093213379383,player-4,7,23,21,18
405,7,18,0.05124998278915882,player-2,12,26,23,25
405,8,18,0.05237502045929432,player-3,16,29,26,28
405,9,17,0.04820898175239563,player-3,16,32,33,28
405,10,22,0.04570791497826576,none,18,35,34,30
405,11,20,0.05154102109372616,player-4,20,38,41,32
405,12,34,0.08637504652142525,player-3,25,39,44,35
405,13,17,0.04179193638265133,player-3,28,43,47,35
405,14,18,0.05729193799197674,player-1,41,43,52,38
405,15,17,0.054541975259780884,player-1,46,45,56,41
406,1,28,0.08991709910333157,player-1,13,4,2,3
406,2,18,0.06591691635549068,player-4,15,4,7,15
406,3,17,0.06325007416307926,player-4,18,6,10,23
406,4,20,0.06066588684916496,player-4,21,6,11,30
406,5,17,0.05983305163681507,player-2,21,17,13,37
406,6,18,0.05583278834819794,player-4,21,19,15,41
406,7,17,0.06129196844995022,player-4,29,19,18,45
406,8,17,0.05362485535442829,player-1,32,20,20,50
406,9,20,0.0664170365780592,player-1,39,25,26,51
406,10,17,0.05208305083215237,player-3,45,30,28,53
406,11,18,0.050582922995090485,player-1,55,33,34,61
406,12,20,0.059791840612888336,player-4,56,34,41,65
406,13,19,0.04966696724295616,player-4,56,41,47,71
407,1,17,0.04350021481513977,player-2,5,3,1,3
407,2,18,0.04766695201396942,player-4,6,3,2,9
407,3,18,0.04983297549188137,player-1,10,3,5,14
407,4,17,0.05529215559363365,player-1,13,8,8,16
407,5,17,0.05024997517466545,player-2,17,9,12,22
407,6,19,0.06408290937542915,player-1,24,10,16,27
407,7,20,0.06033293902873993,player-3,27,12,26,31
407,8,22,0.05133403465151787,none,28,20,30,34
407,9,17,0.055666081607341766,player-2,29,24,33,36
407,10,17,0.060542020946741104,player-3,34,29,36,39
407,11,17,0.04674983210861683,player-4,36,30,36,44
407,12,26,0.06933300755918026,player-2,36,38,38,47
407,13,17,0.06812484934926033,player-2,40,43,44,53
407,14,17,0.05237502045929432,player-3,40,44,47,57
408,1,18,0.045708147808909416,player-2,2,10,6,4
408,2,19,0.0541249755769968,player-4,9,10,12,6
408,3,17,0.05504116415977478,player-3,9,12,22,6
408,4,22,0.05983305163681507,player-1,16,14,23,7
408,5,16,0.03508315421640873,none,17,14,24,9
408,6,17,0.05087489262223244,player-2,18,17,24,9
408,7,17,0.05300017073750496,player-3,20,22,31,13
408,8,18,0.05712499842047691,player-1,22,24,31,18
408,9,20,0.06891717202961445,player-4,30,29,45,29
408,10,17,0.05804118700325489,player-2,30,33,49,34
408,11,21,0.06625009700655937,player-3,30,33,55,34
408,12,18,0.05708402022719383,player-1,31,35,60,38
408,13,19,0.09612506255507469,player-3,37,45,61,40
408,14,20,0.10220799595117569,player-1,51,48,61,40
409,1,17,0.05983281880617142,player-2,5,2,0,0
409,2,17,0.0552500132471323,player-3,5,5,5,4
409,3,17,0.05079200491309166,player-4,11,11,7,10
409,4,22,0.056625111028552055,player-2,16,19,11,10
409,5,17,0.0575000885874033,player-2,19,27,13,10
409,6,18,0.0535410363227129,player-4,20,27,16,16
409,7,18,0.06225006654858589,player-1,22,28,19,18
409,8,18,0.04558311775326729,player-2,23,33,20,21
409,9,18,0.047042034566402435,player-3,26,33,25,23
409,10,17,0.06808387115597725,player-3,28,39,32,29
409,11,17,0.057916855439543724,player-4,31,40,39,35
409,12,17,0.06541609764099121,player-1,37,43,39,36
409,13,17,0.060042133554816246,player-2,41,47,41,40
409,14,18,0.0535410363227129,player-4,43,50,47,41
409,15,17,0.04574982449412346,player-4,44,52,50,45
409,16,20,0.07045804522931576,player-4,44,57,55,53
410,1,17,0.0662908423691988,player-2,4,4,5,2
410,2,17,0.05345884710550308,player-3,11,7,7,2
410,3,17,0.04383292980492115,player-4,12,9,12,8
410,4,17,0.060125021263957024,player-1,18,11,17,11
410,5,19,0.04891701973974705,player-4,21,11,17,16
410,6,17,0.061750179156661034,player-3,24,11,24,19
410,7,18,0.041499966755509377,player-1,26,11,30,21
410,8,19,0.06349990144371986,player-3,30,12,38,22
410,9,17,0.061416998505592346,player-2,33,15,43,24
410,10,18,0.04654191434383392,player-4,37,17,47,32
410,11,17,0.05087512545287609,player-4,37,17,48,37
410,12,22,0.08391705341637135,player-2,40,27,51,48
410,13,18,0.051333801820874214,player-3,46,31,62,55
411,1,20,0.049999915063381195,player-1,7,2,3,2
411,2,17,0.04595797508955002,player-3,10,3,8,2
411,3,21,0.05833315663039684,player-4,11,5,9,10
411,4,18,0.043208012357354164,player-2,14,13,11,12
411,5,17,0.06062490865588188,player-2,18,17,11,16
411,6,18,0.03924989141523838,none,24,17,13,21
411,7,17,0.051042065024375916,player-4,26,20,15,23
411,8,23,0.046165892854332924,player-3,27,24,17,23
411,9,17,0.054915901273489,player-2,31,25,22,25
411,10,21,0.07645809091627598,player-3,33,32,23,35
411,11,17,0.05041598342359066,player-4,35,39,27,37
411,12,19,0.06495881825685501,player-3,36,40,33,39
411,13,17,0.065250089392066,player-2,38,43,42,39
411,14,17,0.04491698928177357,player-3,40,47,45,39
411,15,17,0.044082989916205406,player-4,40,49,47,43
411,16,20,0.05574990063905716,player-4,46,61,50,52
412,1,17,0.04816683940589428,player-3,1,3,8,4
412,2,17,0.037624966353178024,player-4,1,3,11,7
412,3,19,0.042625004425644875,player-3,4,6,17,8
412,4,18,0.05879206582903862,player-3,4,8,20,14
412,5,18,0.06429105997085571,player-4,7,15,27,15
412,6,17,0.04224991425871849,player-4,9,15,27,19
412,7,17,0.05004182457923889,player-1,13,15,31,20
412,8,17,0.060999998822808266,player-2,15,21,33,20
412,9,18,0.0641669612377882,player-4,26,36,43,25
412,10,18,0.044165877625346184,player-1,26,37,47,29
412,11,17,0.05112495273351669,player-1,32,41,47,30
412,12,20,0.057333847507834435,player-1,37,41,47,34
412,13,20,0.06845779716968536,player-2,42,46,50,37
412,14,19,0.06829178892076015,player-2,47,47,51,39
412,15,19,0.06258301436901093,player-3,49,47,53,41
413,1,20,0.05970802158117294,player-1,5,0,3,3
413,2,18,0.055541982874274254,player-4,11,1,4,7
413,3,18,0.05408399738371372,player-1,20,5,6,11
413,4,19,0.06470782682299614,player-3,23,7,7,14
413,5,15,0.0338749960064888,none,24,8,7,14
413,6,17,0.04770909436047077,player-3,28,12,10,17
413,7,17,0.05670893006026745,player-4,30,14,15,19
413,8,17,0.07262500002980232,player-1,37,14,17,22
413,9,17,0.04445808008313179,player-2,37,20,18,24
413,10,17,0.0641250517219305,player-3,40,21,22,26
413,11,18,0.05145790055394173,player-1,50,21,22,28
413,12,20,0.07258309051394463,player-4,56,23,27,34
413,13,23,0.06350013427436352,player-4,57,29,37,36
413,14,17,0.06374996155500412,player-3,62,29,45,39
414,1,17,0.048416899517178535,player-2,3,7,0,0
414,2,19,0.05787494592368603,player-1,6,8,6,1
414,3,20,0.059582991525530815,player-3,7,8,9,5
414,4,17,0.071709044277668,player-1,9,13,13,12
414,5,17,0.06420793943107128,player-2,9,19,15,15
414,6,20,0.06612506695091724,player-2,17,24,16,15
414,7,20,0.057582976296544075,player-3,17,24,24,15
414,8,17,0.04779198206961155,player-1,24,28,26,16
414,9,20,0.06808293983340263,player-1,37,34,31,17
414,10,19,0.07974985055625439,player-1,44,38,32,24
414,11,17,0.0477079302072525,player-4,48,41,37,27
414,12,18,0.05783303640782833,player-2,51,50,39,32
414,13,17,0.06458302959799767,player-2,55,58,41,35
414,14,26,0.056042103096842766,player-4,57,61,42,38
414,15,27,0.06062490865588188,player-2,62,62,46,42
415,1,21,0.06820913404226303,player-1,5,0,2,3
415,2,19,0.07229112088680267,player-4,8,1,13,7
415,3,19,0.04979199729859829,player-1,11,9,15,7
415,4,19,0.050999922677874565,player-2,13,15,16,12
415,5,18,0.06083305925130844,player-2,16,18,20,14
415,6,17,0.049541937187314034,player-2,18,19,24,15
415,7,18,0.06995792500674725,player-4,21,24,30,20
415,8,17,0.06500002928078175,player-4,25,30,31,22
415,9,27,0.06500002928078175,none,27,32,37,23
415,10,27,0.07445784285664558,player-4,30,37,38,29
415,11,19,0.053666066378355026,player-1,41,43,48,29
415,12,18,0.06145797669887543,player-1,44,48,50,31
415,13,17,0.05870801396667957,player-1,52,48,55,35
416,1,17,0.039624981582164764,player-3,0,4,12,1
416,2,17,0.05383300594985485,player-4,0,5,12,5
416,3,17,0.04862481728196144,player-1,9,7,12,7
416,4,18,0.05629193037748337,player-3,14,8,19,9
416,5,18,0.04679081030189991,player-4,14,10,20,13
416,6,18,0.051625072956085205,player-1,20,17,21,16
416,7,18,0.06324984133243561,player-2,22,30,23,19
416,8,23,0.06208289414644241,player-4,29,31,26,24
416,9,22,0.06837490946054459,player-4,34,37,27,26
416,10,18,0.05183415487408638,player-1,41,37,29,30
416,11,19,0.07583294063806534,player-3,43,42,35,33
416,12,23,0.07675006054341793,player-4,43,46,42,36
416,13,17,0.06683403626084328,player-3,47,50,48,40
416,14,18,0.06166612729430199,player-1,52,55,49,47
417,1,19,0.06091617979109287,player-3,3,5,5,2
417,2,17,0.06395811215043068,player-2,10,14,11,9
417,3,19,0.057208118960261345,player-1,16,20,13,16
417,4,17,0.043667154386639595,player-4,18,21,15,17
417,5,18,0.051999930292367935,player-2,21,27,16,18
417,6,32,0.058582983911037445,none,21,31,20,18
417,7,17,0.06608408875763416,player-3,21,32,30,27
417,8,19,0.060999998822808266,player-2,26,41,33,27
417,9,19,0.06758398376405239,player-3,31,44,35,33
417,10,17,0.05608308129012585,player-2,34,54,36,38
417,11,17,0.056541990488767624,player-3,34,54,39,42
417,12,18,0.05108397454023361,player-1,38,55,42,51
418,1,18,0.06012478843331337,player-2,3,4,4,5
418,2,17,0.051791081205010414,player-2,11,6,7,8
418,3,18,0.05291588604450226,player-4,11,10,9,10
418,4,17,0.043040839955210686,player-4,14,14,10,13
418,5,18,0.045833876356482506,player-2,18,17,10,14
418,6,17,0.07454096339643002,player-2,26,20,10,20
418,7,29,0.07804087363183498,none,28,23,15,22
418,8,17,0.05400017835199833,player-4,31,24,17,26
418,9,24,0.06716698408126831,player-4,38,34,20,37
418,10,19,0.050625065341591835,player-4,40,35,20,45
418,11,18,0.05641579627990723,player-4,44,35,20,48
418,12,18,0.04587508738040924,player-1,45,37,20,54
418,13,17,0.0654999166727066,player-1,47,37,22,55
418,14,24,0.05862489342689514,none,50,39,24,59
418,15,19,0.04695798270404339,player-1,51,45,25,61
419,1,19,0.06520887836813927,player-3,14,0,10,10
419,2,18,0.06254203617572784,player-3,18,4,14,11
419,3,17,0.05904096178710461,player-3,20,6,27,14
419,4,17,0.06087496876716614,player-4,22,7,35,17
419,5,17,0.044582877308130264,player-1,24,7,37,17
419,6,18,0.06570899859070778,player-3,26,10,42,20
419,7,20,0.07279100827872753,player-2,27,28,47,30
419,8,18,0.062167178839445114,player-1,31,28,49,35
419,9,17,0.059125013649463654,player-1,33,33,50,38
419,10,18,0.05250005051493645,player-3,35,33,53,39
419,11,17,0.06625009700655937,player-3,41,39,62,40
420,1,17,0.05854107439517975,player-3,4,0,10,0
420,2,19,0.05137501284480095,player-2,5,3,11,2
420,3,20,0.05262484773993492,player-4,6,5,18,5
420,4,18,0.058625126257538795,player-3,7,8,23,6
420,5,19,0.05820905789732933,player-1,11,13,24,7
420,6,17,0.0580840278416872,player-4,14,15,28,16
420,7,18,0.06083305925130844,player-2,17,20,28,19
420,8,17,0.049209222197532654,player-2,18,23,30,21
420,9,18,0.050582922995090485,player-4,20,26,31,22
420,10,20,0.06316695362329483,player-3,23,33,34,23
420,11,18,0.06433296948671341,player-2,33,47,36,33
420,12,18,0.045042019337415695,player-3,34,52,41,34
420,13,17,0.04587508738040924,player-3,36,53,46,38
420,14,17,0.07329205982387066,player-4,36,58,46,46
421,1,18,0.046582892537117004,player-4,0,2,7,2
421,2,21,0.04549999721348286,none,2,3,9,3
421,3,19,0.10620895773172379,player-3,6,6,14,7
421,4,20,0.05983305163681507,player-1,11,9,15,11
421,5,19,0.06012478843331337,player-1,19,9,21,13
421,6,18,0.05791708827018738,player-1,21,12,26,16
421,7,17,0.048584071919322014,player-1,25,13,28,18
421,8,18,0.04537519998848438,player-3,25,18,32,21
421,9,17,0.058416975662112236,player-3,31,19,34,23
421,10,20,0.06745895370841026,player-3,34,23,38,28
421,11,20,0.06287498399615288,player-4,37,29,41,29
421,12,17,0.060999998822808266,player-2,39,37,43,33
421,13,19,0.050416914746165276,player-1,43,40,48,38
421,14,19,0.06254110485315323,player-2,43,46,50,40
421,15,18,0.05262484773993492,player-2,49,49,50,40
421,16,17,0.04095793701708317,player-2,50,52,53,41
422,1,34,0.06395787931978703,none,0,3,0,5
422,2,21,0.06654206663370132,player-4,4,4,3,7
422,3,17,0.0775421503931284,player-1,10,6,5,14
422,4,17,0.0616670586168766,player-2,18,11,7,20
422,5,17,0.06683310493826866,player-3,21,11,20,21
422,6,18,0.06316718645393848,player-1,26,15,23,24
422,7,19,0.057416968047618866,player-3,28,17,33,29
422,8,18,0.06408290937542915,player-3,32,23,35,31
422,9,20,0.05370914004743099,player-2,37,30,36,33
422,10,17,0.07833307608962059,player-4,37,36,36,44
422,11,19,0.05591590888798237,player-3,43,40,40,49
422,12,20,0.07620803080499172,player-1,46,46,40,52
422,13,17,0.04054093733429909,player-3,46,48,44,53
423,1,18,0.05629099905490875,player-4,1,0,5,3
423,2,17,0.03891694359481335,player-4,4,0,6,8
423,3,18,0.07066689431667328,player-2,7,3,6,8
423,4,17,0.04937499761581421,player-2,12,8,9,8
423,5,19,0.05991710349917412,player-1,20,12,12,10
423,6,18,0.06837490946054459,player-1,22,18,15,18
423,7,20,0.05991593934595585,player-4,24,29,16,20
423,8,18,0.06091711111366749,player-3,28,32,21,22
423,9,17,0.05000014789402485,player-3,32,35,24,27
423,10,17,0.05779089406132698,player-4,32,39,29,32
423,11,17,0.05408399738371372,player-1,34,41,34,33
423,12,21,0.05766702815890312,player-2,36,43,41,33
423,13,18,0.05925004370510578,player-4,40,46,41,40
423,14,18,0.05587493069469929,player-1,47,48,45,46
423,15,19,0.05070795305073261,player-3,49,48,46,50
423,16,17,0.05791708827018738,player-2,55,51,48,50
424,1,17,0.0475000124424696,player-3,3,4,14,2
424,2,18,0.060374848544597626,player-1,4,8,17,7
424,3,17,0.04195910878479481,player-1,6,8,20,9
424,4,19,0.05866703577339649,player-4,9,10,23,11
424,5,25,0.06316695362329483,player-3,10,13,33,16
424,6,17,0.03829202614724636,player-4,10,15,34,19
424,7,20,0.05791615694761276,player-4,11,15,45,26
424,8,18,0.054999953135848045,player-3,14,19,55,28
424,9,25,0.07625017315149307,player-3,14,22,59,29
424,10,24,0.05679205060005188,player-3,17,22,68,32
424,11,17,0.05220901221036911,player-1,21,25,69,32
424,12,17,0.06204191595315933,player-2,24,30,70,34
424,13,18,0.054791802540421486,player-4,25,34,73,39
424,14,18,0.06337487138807774,player-1,32,36,79,44
425,1,17,0.056540826335549355,player-1,10,0,2,2
425,2,22,0.05337502807378769,player-3,17,8,7,6
425,3,17,0.05145813338458538,player-3,18,10,13,8
425,4,19,0.05866703577339649,player-2,26,11,14,13
425,5,18,0.057957833632826805,player-2,30,14,18,16
425,6,18,0.044042011722922325,player-3,34,15,28,19
425,7,17,0.05320901982486248,player-3,42,19,36,23
425,8,17,0.04345807246863842,player-4,44,19,38,26
425,9,20,0.04516704939305782,player-4,46,19,44,32
425,10,17,0.053584109991788864,player-2,50,21,49,33
425,11,22,0.05970802158117294,player-4,50,23,50,34
426,1,24,0.07070787250995636,player-1,12,8,4,4
426,2,21,0.04870886914432049,player-3,12,10,5,7
426,3,17,0.04679197445511818,player-4,21,12,11,11
426,4,19,0.05437503568828106,player-3,26,13,12,11
426,5,19,0.041250139474868774,player-4,28,14,12,18
426,6,17,0.04079192876815796,player-3,29,16,19,18
426,7,18,0.05541718564927578,player-1,36,22,19,21
426,8,17,0.060042133554816246,player-1,40,24,22,21
426,9,17,0.08395803160965443,player-2,42,34,27,23
426,10,20,0.06274995394051075,player-2,46,35,29,23
426,11,19,0.05654105916619301,player-2,46,37,30,29
426,12,18,0.05112518556416035,player-2,48,40,33,32
426,13,20,0.06295787170529366,player-1,49,44,41,43
426,14,21,0.06254203617572784,player-3,53,47,52,44
427,1,18,0.04216702654957771,player-2,2,4,3,4
427,2,17,0.04770909436047077,player-2,5,5,5,7
427,3,17,0.05195802077651024,player-3,7,7,13,7
427,4,18,0.04224991425871849,player-1,13,7,13,9
427,5,27,0.06329198367893696,player-3,14,8,19,13
427,6,22,0.05337502807378769,none,18,8,26,15
427,7,22,0.05320785567164421,player-4,22,10,30,17
427,8,18,0.05891593173146248,player-1,31,10,35,19
427,9,24,0.054666073992848396,player-4,32,13,37,28
427,10,17,0.06070896051824093,player-2,32,16,38,35
427,11,19,0.05320785567164421,player-1,33,19,44,36
427,12,17,0.04833308048546314,player-4,35,24,45,38
427,13,17,0.05237502045929432,player-1,41,27,50,39
427,14,17,0.05695805884897709,player-2,41,32,52,44
427,15,17,0.1002501230686903,player-3,44,35,57,48
428,1,18,0.06954208947718143,player-4,0,8,2,4
428,2,17,0.08579203858971596,player-4,8,8,9,7
428,3,21,0.05875015631318092,player-1,15,10,9,7
428,4,17,0.060750171542167664,player-2,18,12,12,9
428,5,17,0.0525421928614378,player-3,21,13,18,12
428,6,18,0.04987488500773907,player-1,27,14,20,16
428,7,18,0.04758313298225403,player-2,27,21,21,18
428,8,20,0.0516669824719429,player-1,34,22,21,20
428,9,20,0.06508384831249714,player-2,37,29,23,31
428,10,17,0.04850002005696297,player-4,38,31,26,35
428,11,17,0.0463330652564764,player-1,48,34,29,42
428,12,18,0.061166007071733475,player-3,51,40,32,45
428,13,17,0.04683295264840126,player-3,54,42,34,45
428,14,19,0.05449983291327953,player-2,56,54,36,47
429,1,17,0.052833929657936096,player-3,4,2,2,1
429,2,18,0.04895799793303013,player-1,9,2,2,2
429,3,19,0.06812508217990398,player-3,11,6,5,7
429,4,17,0.04787510260939598,player-2,14,8,6,8
429,5,17,0.056584132835268974,player-3,15,8,11,11
429,6,21,0.05379202775657177,player-4,19,11,12,14
429,7,18,0.0488748773932457,player-2,21,16,12,16
429,8,19,0.073959119617939,player-4,21,22,13,24
429,9,17,0.057541998103260994,player-3,26,26,20,24
429,10,17,0.05229096859693527,player-4,28,28,20,29
429,11,19,0.09783310815691948,player-3,30,30,30,34
429,12,26,0.08295802399516106,none,33,35,34,35
429,13,17,0.04783296026289463,player-3,36,35,42,38
429,14,17,0.04187505692243576,player-4,37,37,43,40
429,15,17,0.054416945204138756,player-1,39,42,43,46
429,16,19,0.04466692917048931,player-4,39,45,43,54
429,17,17,0.06116693839430809,player-3,39,45,46,58
430,1,18,0.050541944801807404,player-1,7,9,3,4
430,2,19,0.04912493750452995,player-3,7,9,12,6
430,3,17,0.04824995994567871,player-2,9,13,14,12
430,4,17,0.05191704258322716,player-3,11,13,19,13
430,5,18,0.06195809692144394,player-1,19,15,20,17
430,6,18,0.059416983276605606,player-2,23,20,21,20
430,7,23,0.06104097701609135,player-4,23,25,24,31
430,8,17,0.03850017674267292,player-3,27,25,31,32
430,9,19,0.05716690793633461,player-2,28,34,32,33
430,10,17,0.053999945521354675,player-1,32,39,35,37
430,11,17,0.06045796908438206,player-2,33,43,39,42
430,12,17,0.05800020880997181,player-3,34,43,44,43
430,13,19,0.045582884922623634,player-2,37,44,47,46
430,14,17,0.05291705019772053,player-1,43,48,51,47
430,15,20,0.05533406510949135,player-1,49,52,51,47
431,1,17,0.04224991425871849,player-3,0,1,5,0
431,2,18,0.05187513306736946,player-1,8,2,10,2
431,3,19,0.04429207183420658,player-3,8,2,10,5
431,4,31,0.05712499842047691,none,10,6,12,5
431,5,17,0.04533398896455765,player-3,15,7,13,8
431,6,19,0.03787502646446228,none,15,14,14,9
431,7,17,0.05562487058341503,player-1,20,14,19,14
431,8,27,0.07008388638496399,player-4,20,15,24,17
431,9,19,0.054042087867856026,player-1,25,20,24,19
431,10,19,0.051625072956085205,player-2,27,22,26,24
431,11,18,0.04512513987720013,player-2,29,27,28,31
431,12,18,0.046625034883618355,player-3,30,28,30,31
431,13,18,0.06916699931025505,player-4,33,30,32,39
431,14,17,0.045958906412124634,player-4,35,30,36,43
431,15,17,0.042750034481287,player-1,41,30,36,46
431,16,25,0.05820789374411106,player-2,44,39,39,51
431,17,17,0.04837499000132084,player-3,44,41,44,54
431,18,18,0.053582945838570595,player-1,51,44,44,57
432,1,18,0.06274995394051075,player-2,6,2,0,4
432,2,17,0.06004190072417259,player-2,6,10,1,6
432,3,17,0.0641250517219305,player-3,8,13,8,8
432,4,22,0.05566701292991638,player-1,13,13,11,10
432,5,18,0.053208088502287865,player-2,16,21,18,18
432,6,18,0.04400010220706463,player-3,19,22,18,19
432,7,17,0.05129189230501652,player-3,20,23,18,19
432,8,18,0.051625072956085205,player-1,25,23,21,24
432,9,17,0.04687509499490261,player-1,31,23,25,29
432,10,24,0.06320793181657791,player-1,37,26,30,30
432,11,17,0.04591699689626694,player-3,38,30,35,32
432,12,17,0.047833193093538284,player-4,40,31,36,36
432,13,17,0.03841705620288849,player-1,42,32,36,39
432,14,17,0.04591699689626694,player-2,43,33,40,39
432,15,22,0.053041847422719,player-4,44,33,47,44
432,16,17,0.05708285607397556,player-4,46,36,54,50
433,1,19,0.04824995994567871,player-3,2,2,1,5
433,2,17,0.04574982449412346,player-2,2,8,1,7
433,3,18,0.044625019654631615,player-4,5,8,1,8
433,4,19,0.04945788532495499,player-2,7,13,4,11
433,5,17,0.061167171224951744,player-1,14,17,6,17
433,6,17,0.05037500523030758,player-2,17,21,6,19
433,7,19,0.05570892244577408,player-1,22,21,13,25
433,8,22,0.058165984228253365,player-1,23,23,17,28
433,9,21,0.054416945204138756,player-1,29,25,20,33
433,10,19,0.05508307367563248,player-4,33,27,26,37
433,11,17,0.07104105316102505,player-3,36,30,31,37
433,12,19,0.041499966755509377,player-2,38,35,34,39
433,13,17,0.040999846532940865,player-1,53,36,34,39
433,14,17,0.06187520921230316,player-2,54,42,34,40
433,15,19,0.05475012585520744,player-1,61,42,35,40
433,16,17,0.04429207183420658,player-4,61,43,35,44
433,17,19,0.06375019438564777,player-3,63,47,39,44
434,1,17,0.06570806726813316,player-2,4,19,0,11
434,2,17,0.04791584797203541,player-3,7,19,4,11
434,3,19,0.06574997678399086,player-2,9,21,6,16
434,4,19,0.05841604433953762,player-3,14,28,10,16
434,5,19,0.06474996916949749,player-4,19,31,13,20
434,6,23,0.07483316585421562,player-1,22,36,16,22
434,7,24,0.06324984133243561,player-3,22,38,17,23
434,8,17,0.06308290176093578,player-1,32,44,20,30
434,9,21,0.05333288572728634,player-2,37,51,20,32
434,10,17,0.05045882426202297,player-3,37,51,26,33
434,11,17,0.05041598342359066,player-4,39,55,29,37
434,12,21,0.06308406591415405,player-1,45,60,29,38
434,13,19,0.05508307367563248,player-4,50,62,31,43
435,1,17,0.05550007335841656,player-1,6,10,10,8
435,2,17,0.0392089132219553,player-2,7,15,11,10
435,3,20,0.05837506614625454,player-2,7,17,17,10
435,4,19,0.05229213275015354,player-2,14,17,21,19
435,5,21,0.05791592411696911,player-1,20,20,23,25
435,6,23,0.06845803000032902,player-4,26,21,27,33
435,7,17,0.04412513226270676,player-3,29,29,30,35
435,8,18,0.05016708746552467,player-1,37,34,30,38
435,9,17,0.04037492908537388,player-1,46,34,32,40
435,10,17,0.06208289414644241,player-2,52,43,32,46
435,11,22,0.07049995474517345,player-4,55,44,37,54
435,12,17,0.043042004108428955,player-4,59,44,37,60
436,1,17,0.051999930292367935,player-2,2,3,1,4
436,2,19,0.06762519478797913,player-1,6,9,8,8
436,3,19,0.05550007335841656,player-2,11,13,14,12
436,4,18,0.04316703416407108,player-2,12,17,18,13
436,5,18,0.06008287891745567,player-3,13,22,21,13
436,6,17,0.05704187788069248,player-3,18,24,27,20
436,7,17,0.058125006034970284,player-4,18,25,30,32
436,8,17,0.048999907448887825,player-1,23,31,30,37
436,9,21,0.062000006437301636,player-2,31,41,32,45
436,10,17,0.04083407111465931,player-3,32,42,42,45
436,11,18,0.06616697646677494,player-1,38,44,46,52
436,12,17,0.05291611887514591,player-1,45,44,47,55
436,13,18,0.0474581029266119,player-3,46,46,52,57
437,1,17,0.05937507376074791,player-4,4,5,2,6
437,2,20,0.05641579627990723,player-4,7,8,4,11
437,3,20,0.06358418613672256,player-1,13,11,7,11
437,4,21,0.05041714757680893,player-3,17,13,18,11
437,5,21,0.05695805884897709,player-4,20,19,18,19
437,6,17,0.04920782521367073,player-1,27,23,18,23
437,7,22,0.05987496115267277,player-3,31,25,24,23
437,8,17,0.038624973967671394,player-3,33,25,27,25
437,9,17,0.052167102694511414,player-4,33,26,27,29
437,10,17,0.04154210910201073,player-1,35,28,30,29
437,11,20,0.052040908485651016,player-1,44,29,32,32
437,12,18,0.06220792420208454,player-4,49,34,34,33
437,13,19,0.08112494833767414,player-2,59,39,39,40
437,14,17,0.042082974687218666,player-1,62,43,40,41
438,1,19,0.04737498238682747,player-3,3,0,7,6
438,2,21,0.0563750509172678,player-2,9,3,9,6
438,3,24,0.05741603672504425,none,15,5,10,6
438,4,18,0.03720913082361221,player-1,18,6,14,6
438,5,18,0.05091610364615917,none,20,6,15,7
438,6,22,0.05233287811279297,player-3,24,9,17,9
438,7,19,0.06695813499391079,player-1,36,9,20,11
438,8,17,0.0588749535381794,player-4,40,12,27,22
438,9,20,0.06649992428719997,player-4,42,17,27,26
438,10,20,0.06679189391434193,player-1,53,22,27,34
438,11,17,0.05224999040365219,player-3,58,24,36,34
438,12,17,0.06050011143088341,player-4,61,30,40,44
439,1,19,0.072915805503726,player-4,2,9,2,8
439,2,24,0.07600011304020882,player-2,5,15,9,8
439,3,25,0.07449998520314693,player-4,9,17,15,16
439,4,21,0.05862489342689514,none,12,20,15,21
439,5,17,0.05179201252758503,player-2,13,25,17,22
439,6,17,0.05629216320812702,player-3,18,30,27,25
439,7,17,0.05229189991950989,player-4,23,36,28,31
439,8,18,0.03983289934694767,none,24,37,29,34
439,9,18,0.054167117923498154,player-3,27,37,36,38
439,10,17,0.055833952501416206,player-3,35,40,38,38
439,11,17,0.06274995394051075,player-4,40,41,40,40
439,12,20,0.05445815622806549,player-4,40,46,40,45
439,13,18,0.043459003791213036,player-3,44,47,43,46
439,14,17,0.0494588166475296,player-3,48,54,48,50
440,1,17,0.04620780237019062,player-3,0,1,2,3
440,2,17,0.055625103414058685,player-4,4,5,6,8
440,3,19,0.07399986498057842,player-3,5,12,11,10
440,4,17,0.04983297549188137,player-2,7,12,13,14
440,5,17,0.04975008778274059,player-3,8,20,24,14
440,6,17,0.05120900459587574,player-4,15,20,24,18
440,7,17,0.0499160960316658,player-1,20,22,28,21
440,8,19,0.05845795385539532,player-4,21,29,30,30
440,9,18,0.04191696643829346,player-4,23,29,31,34
440,10,19,0.06787502206861973,player-2,29,34,38,42
440,11,18,0.061374856159090996,player-2,30,44,41,49
440,12,17,0.09191618300974369,player-2,35,49,44,49
440,13,17,0.06474996916949749,player-3,35,49,48,52
441,1,17,0.04783296026289463,player-3,0,1,8,0
441,2,25,0.07216609083116055,none,1,2,8,5
441,3,17,0.05408306606113911,player-1,8,4,10,7
441,4,20,0.053208088502287865,player-1,19,8,12,10
441,5,19,0.0677499920129776,player-1,26,17,13,23
441,6,17,0.06037508137524128,player-4,26,19,16,31
441,7,16,0.03620889037847519,none,30,19,17,35
441,8,20,0.07158308289945126,player-1,35,21,22,38
441,9,18,0.05141599103808403,player-4,38,24,24,43
441,10,17,0.053916824981570244,player-4,38,29,25,48
441,11,19,0.05891709588468075,player-3,38,35,28,58
441,12,18,0.04433305002748966,player-3,40,39,29,59
441,13,17,0.05437503568828106,player-3,40,39,35,59
441,14,17,0.0679579097777605,player-4,42,45,38,64
442,1,17,0.05133403465151787,player-1,5,1,4,1
442,2,22,0.06366614252328873,player-3,7,3,6,4
442,3,17,0.05233311094343662,player-3,14,3,10,6
442,4,18,0.04870793782174587,player-1,18,3,15,6
442,5,20,0.07516681216657162,player-4,22,9,15,15
442,6,19,0.054999953135848045,player-4,24,12,15,20
442,7,18,0.052042072638869286,player-4,30,13,17,22
442,8,18,0.04470790736377239,player-1,38,13,17,23
442,9,17,0.044625019654631615,player-1,40,15,21,23
442,10,17,0.05545886233448982,player-2,42,16,21,24
442,11,17,0.051791779696941376,player-3,48,24,27,26
442,12,22,0.05150004290044308,player-1,49,25,27,26
442,13,17,0.04395912401378155,player-1,53,25,28,28
442,14,17,0.04891585558652878,player-2,53,30,34,30
442,15,17,0.055666081607341766,player-3,55,31,41,30
442,16,17,0.055582961067557335,player-4,60,33,45,31
443,1,18,0.05570799112319946,player-2,3,6,4,2
443,2,18,0.05575013346970081,player-3,3,8,9,2
443,3,18,0.05537504330277443,player-4,3,13,10,23
443,4,17,0.04816707223653793,player-4,6,13,12,27
443,5,17,0.04920782521367073,player-1,9,17,19,30
443,6,18,0.06083399057388306,player-3,9,20,21,35
443,7,20,0.06329105235636234,player-2,11,24,25,35
443,8,24,0.054165953770279884,none,13,26,25,38
443,9,19,0.056040938943624496,player-3,16,26,28,40
443,10,20,0.0641250517219305,player-1,22,26,32,40
443,11,19,0.05770893767476082,player-1,33,29,34,41
443,12,29,0.05870917811989784,player-4,33,29,39,45
443,13,20,0.050999922677874565,player-4,36,33,42,53
443,14,17,0.055540818721055984,player-2,38,41,44,54
443,15,17,0.048791058361530304,player-3,38,44,48,58
444,1,17,0.057666096836328506,player-2,2,2,0,3
444,2,18,0.05587516352534294,player-4,8,4,4,12
444,3,18,0.057666096836328506,player-1,14,4,9,14
444,4,18,0.058916863054037094,player-2,20,10,9,14
444,5,18,0.0602921936661005,player-3,22,10,11,14
444,6,22,0.06395811215043068,player-4,25,13,11,16
444,7,23,0.055958982557058334,player-2,28,16,11,21
444,8,17,0.0614591408520937,player-1,29,23,13,24
444,9,18,0.05175010301172733,player-3,32,24,20,28
444,10,23,0.05029095336794853,none,37,25,23,29
444,11,18,0.05508307367563248,player-1,40,27,26,32
444,12,19,0.07808301597833633,player-3,45,31,28,40
444,13,17,0.060416990891098976,player-2,47,41,33,48
444,14,17,0.04979199729859829,player-3,47,44,39,48
444,15,17,0.05145790055394173,player-4,48,44,42,50
444,16,30,0.057541998103260994,none,54,47,44,52
444,17,19,0.05433289334177971,player-4,61,50,46,54
445,1,20,0.049625057727098465,player-4,1,1,1,2
445,2,18,0.04779198206961155,player-3,2,3,9,2
445,3,18,0.04737498238682747,player-4,2,3,9,11
445,4,18,0.05124998278915882,player-1,3,3,12,17
445,5,17,0.06187497638165951,player-1,12,5,15,18
445,6,19,0.05291705019772053,player-4,17,9,24,20
445,7,18,0.05008396692574024,player-4,19,9,26,25
445,8,17,0.03987504169344902,player-4,25,9,30,31
445,9,19,0.05074986256659031,player-3,28,10,32,33
445,10,19,0.037458958104252815,none,29,14,32,35
445,11,17,0.04145922139286995,player-3,31,14,38,36
445,12,17,0.05308282561600208,player-4,32,14,38,40
445,13,20,0.045459019020199776,player-4,33,15,40,45
445,14,28,0.07141684181988239,none,35,15,43,45
445,15,17,0.0499580055475235,player-3,39,15,48,47
445,16,17,0.052791787311434746,player-4,43,24,48,59
445,17,17,0.056416960433125496,player-1,55,26,51,63
446,1,18,0.06612506695091724,player-3,1,1,7,4
446,2,19,0.07999991066753864,player-1,5,6,10,8
446,3,19,0.06324984133243561,player-2,8,7,13,8
446,4,21,0.052582938224077225,player-1,11,11,15,12
446,5,20,0.050582922995090485,player-1,14,13,18,13
446,6,25,0.05466700531542301,player-3,15,15,22,17
446,7,20,0.0563750509172678,player-3,16,15,23,22
446,8,19,0.06562494672834873,player-3,18,19,30,25
446,9,19,0.04429183900356293,player-4,20,24,36,25
446,10,17,0.0466248020529747,player-3,23,28,40,26
446,11,17,0.049208058044314384,player-4,26,30,40,28
446,12,18,0.05741603672504425,player-2,33,35,43,32
446,13,17,0.045999884605407715,player-2,33,43,47,35
446,14,17,0.05083298310637474,player-3,35,46,59,37
446,15,18,0.04712492227554321,player-1,36,50,66,38
447,1,17,0.05483301356434822,player-4,2,3,4,4
447,2,19,0.051999930292367935,player-3,2,4,7,4
447,3,18,0.05170796066522598,player-3,2,8,12,6
447,4,17,0.054167117923498154,player-3,3,8,19,10
447,5,18,0.058582983911037445,player-1,11,12,24,14
447,6,21,0.0626659020781517,player-1,16,13,28,15
447,7,18,0.05479203537106514,player-3,21,15,37,15
447,8,17,0.07012509740889072,player-3,26,26,43,21
447,9,17,0.042791012674570084,player-4,27,28,44,24
447,10,24,0.06741611286997795,player-4,42,34,45,31
447,11,17,0.050208065658807755,player-2,53,38,53,37
448,1,24,0.05687493830919266,player-4,0,4,0,6
448,2,20,0.056499848142266273,player-1,0,5,6,6
448,3,17,0.05270913243293762,player-3,2,9,14,6
448,4,19,0.053041847422719,player-2,6,17,18,11
448,5,17,0.050999922677874565,player-1,8,18,22,12
448,6,21,0.052416929975152016,player-2,10,23,28,13
448,7,17,0.05833315663039684,player-3,12,26,36,13
448,8,19,0.052958959713578224,player-2,17,29,38,16
448,9,20,0.06008404307067394,player-4,19,29,39,19
448,10,20,0.06295810453593731,player-1,25,31,41,21
448,11,19,0.06329105235636234,player-1,30,36,41,23
448,12,20,0.05733291618525982,player-3,37,37,48,23
448,13,17,0.061583006754517555,player-1,49,38,59,27
449,1,17,0.04633399657905102,player-3,1,2,6,0
449,2,17,0.05933293141424656,player-4,5,2,6,6
449,3,17,0.05287514068186283,player-1,14,4,9,7
449,4,18,0.05337502807378769,player-3,17,8,15,10
449,5,26,0.06325007416307926,player-4,23,11,17,10
449,6,17,0.05000014789402485,player-4,26,17,20,14
449,7,17,0.03837491385638714,player-1,32,19,25,14
449,8,18,0.04783296026289463,player-3,34,20,32,14
449,9,18,0.0624579843133688,player-4,41,20,35,16
449,10,17,0.040082959458231926,none,41,20,36,17
449,11,20,0.0752920750528574,player-4,46,23,46,19
449,12,19,0.05012517794966698,player-4,48,25,48,21
449,13,17,0.057208118960261345,player-3,50,35,48,29
449,14,17,0.05233404226601124,player-4,52,37,51,33
450,1,20,0.05887518636882305,player-1,3,5,3,5
450,2,20,0.06554089486598969,player-2,6,13,4,8
450,3,17,0.06037508137524128,player-4,7,14,7,19
450,4,17,0.06066705100238323,player-1,10,16,14,21
450,5,19,0.05374988541007042,player-4,13,18,16,24
450,6,17,0.04133302718400955,player-3,14,18,18,24
450,7,19,0.052916817367076874,player-2,17,23,20,25
450,8,18,0.0588749535381794,player-2,27,31,26,29
450,9,21,0.08083297871053219,player-2,32,37,26,30
450,10,19,0.05533290095627308,player-1,37,39,27,32
450,11,19,0.08012494072318077,player-2,40,50,30,37
450,12,18,0.060957856476306915,player-2,45,59,33,41
451,1,18,0.04087504930794239,player-2,2,1,4,3
451,2,21,0.045000109821558,player-2,5,5,5,3
451,3,18,0.049999915063381195,player-4,6,7,9,5
451,4,17,0.04545808769762516,player-4,9,7,9,8
451,5,20,0.07645785808563232,player-4,10,7,16,14
451,6,18,0.05425000563263893,player-3,13,7,18,14
451,7,18,0.04933308809995651,player-4,13,12,22,22
451,8,18,0.06400002166628838,player-1,18,12,29,28
451,9,17,0.04358310252428055,player-1,27,12,30,30
451,10,20,0.06854115054011345,player-1,29,15,31,35
451,11,24,0.06512505933642387,player-2,32,20,33,37
451,12,17,0.04170788452029228,player-4,33,20,36,46
451,13,21,0.0635830219835043,player-1,36,27,36,51
451,14,17,0.06066588684916496,player-2,42,35,44,53
451,15,17,0.061542028561234474,player-3,43,37,47,58
451,16,17,0.04945811815559864,player-4,43,37,51,68
452,1,17,0.056208809837698936,player-1,3,6,5,1
452,2,17,0.07845787331461906,player-2,3,13,6,3
452,3,20,0.07195794023573399,player-2,7,21,8,5
452,4,17,0.060999998822808266,player-4,7,28,10,8
452,5,17,0.05708285607397556,player-1,13,28,10,11
452,6,19,0.04970794543623924,player-4,13,28,13,16
452,7,17,0.046791043132543564,player-3,16,28,16,17
452,8,17,0.04891701973974705,player-4,18,28,18,24
452,9,17,0.05679205060005188,player-1,23,28,18,27
452,10,19,0.047584064304828644,player-4,23,30,20,33
452,11,21,0.060208141803741455,player-3,31,34,29,37
452,12,17,0.05974993109703064,player-4,37,34,36,42
452,13,17,0.0527920201420784,player-1,44,34,37,46
452,14,18,0.03970903344452381,none,44,35,37,50
452,15,23,0.06124982610344887,player-1,49,40,39,56
452,16,19,0.06625009700655937,player-2,51,43,44,58
453,1,18,0.05137501284480095,player-4,2,5,2,2
453,2,20,0.06262492388486862,player-3,5,8,6,5
453,3,19,0.06325007416307926,player-3,7,17,11,5
453,4,19,0.05987496115267277,player-4,9,24,16,14
453,5,18,0.05037500523030758,player-4,11,28,16,20
453,6,17,0.07933308370411396,player-4,11,34,20,33
453,7,17,0.04604109562933445,player-1,19,34,23,34
453,8,17,0.06929202936589718,player-2,23,36,26,36
453,9,18,0.0517088919878006,player-4,23,38,31,40
453,10,20,0.05608401261270046,player-3,25,41,39,44
453,11,17,0.0577499158680439,player-1,34,44,42,50
453,12,19,0.06370781920850277,player-4,35,49,46,55
454,1,18,0.05991710349917412,player-1,6,7,0,2
454,2,19,0.06220908835530281,player-3,14,12,7,4
454,3,31,0.05541602149605751,none,16,15,7,8
454,4,20,0.06316602230072021,player-2,16,17,9,12
454,5,18,0.04237517714500427,player-1,19,20,9,14
454,6,19,0.056208809837698936,player-3,23,23,19,16
454,7,18,0.0499580055475235,player-3,25,25,20,18
454,8,17,0.041499966755509377,player-3,27,26,29,20
454,9,18,0.06395811215043068,player-1,42,26,32,21
454,10,17,0.060999998822808266,player-1,48,26,35,27
454,11,18,0.05437503568828106,player-3,49,30,44,30
454,12,19,0.054833944886922836,player-1,53,33,47,32
455,1,17,0.05150004290044308,player-1,3,0,2,2
455,2,18,0.06187497638165951,player-3,6,4,10,8
455,3,20,0.07345806807279587,player-2,8,14,15,14
455,4,17,0.04675006493926048,player-4,12,19,17,18
455,5,30,0.06470922380685806,player-2,15,21,17,20
455,6,17,0.045999884605407715,player-2,16,28,19,21
455,7,17,0.05854107439517975,player-3,19,29,26,22
455,8,19,0.05154218524694443,player-2,23,36,28,24
455,9,19,0.04629185423254967,player-3,28,36,29,28
455,10,19,0.04608277231454849,player-4,28,38,34,30
455,11,28,0.07675006054341793,player-2,34,39,43,32
455,12,20,0.0743749551475048,player-3,34,41,54,37
455,13,18,0.08212495595216751,player-2,36,46,55,44
455,14,19,0.0852921511977911,player-4,37,49,56,46
455,15,17,0.048584071919322014,player-3,39,54,61,46
456,1,20,0.05625002086162567,player-3,0,0,5,1
456,2,17,0.05495804361999035,player-1,6,3,10,3
456,3,19,0.05791708827018738,player-4,7,6,10,13
456,4,17,0.0575000885874033,player-3,12,9,12,13
456,5,17,0.0577080063521862,player-4,13,13,17,21
456,6,18,0.04175002686679363,player-2,15,17,19,23
456,7,19,0.05483417771756649,player-4,15,19,20,28
456,8,19,0.06083399057388306,player-1,18,19,21,29
456,9,20,0.05087489262223244,player-3,18,20,23,30
456,10,22,0.060165999457240105,player-2,21,23,25,31
456,11,17,0.0613329466432333,player-2,26,26,30,32
456,12,26,0.06708316504955292,player-4,26,31,34,33
456,13,17,0.04670792259275913,player-4,29,35,36,39
456,14,19,0.060999998822808266,player-3,38,38,42,41
456,15,29,0.06866687908768654,player-2,46,47,44,41
456,16,17,0.0412908848375082,player-3,50,47,49,41
456,17,18,0.0539170578122139,player-1,53,51,53,45
457,1,17,0.054584117606282234,player-4,0,1,2,4
457,2,17,0.047708163037896156,player-1,5,3,4,4
457,3,21,0.06591714918613434,player-2,8,10,4,8
457,4,17,0.050791073590517044,player-3,11,10,8,8
457,5,17,0.05529215559363365,player-4,11,13,14,13
457,6,18,0.06016693077981472,player-2,15,19,18,18
457,7,17,0.057999975979328156,player-2,17,21,20,18
457,8,18,0.05145883187651634,player-4,20,23,24,23
457,9,17,0.04741596058011055,player-4,20,27,24,27
457,10,22,0.08512497879564762,player-2,28,31,25,28
457,11,19,0.04700012505054474,player-4,28,33,29,36
457,12,18,0.05308398976922035,player-4,33,35,30,40
457,13,17,0.06045820191502571,player-4,33,38,30,45
457,14,18,0.05291588604450226,player-2,36,42,38,55
457,15,17,0.05374988541007042,player-2,36,46,39,59
458,1,25,0.0679998192936182,none,0,2,0,2
458,2,17,0.06274995394051075,player-3,5,4,4,4
458,3,17,0.043999869376420975,player-4,8,4,6,13
458,4,18,0.05333404988050461,player-2,10,10,8,16
458,5,17,0.05054101347923279,player-2,13,20,8,16
458,6,17,0.048459041863679886,player-3,17,20,15,20
458,7,19,0.055416952818632126,player-2,25,33,22,23
458,8,19,0.040041981264948845,none,26,34,24,23
458,9,19,0.051541952416300774,player-4,33,38,29,27
458,10,18,0.057916855439543724,player-4,33,45,30,34
458,11,17,0.0363329891115427,player-4,33,48,30,41
458,12,18,0.05887518636882305,player-2,35,53,32,45
458,13,17,0.05229213275015354,player-2,41,60,34,48
459,1,18,0.055167125537991524,player-4,1,1,1,6
459,2,18,0.04612491466104984,player-1,2,3,2,9
459,3,17,0.06904196925461292,player-1,5,5,8,12
459,4,18,0.056499848142266273,player-3,7,9,10,12
459,5,18,0.06037508137524128,player-4,11,13,16,20
459,6,18,0.04504178650677204,player-1,17,13,18,21
459,7,17,0.047416891902685165,player-1,24,13,19,24
459,8,17,0.04970910958945751,player-2,27,14,19,27
459,9,17,0.05137501284480095,player-3,31,15,25,30
459,10,28,0.06474996916949749,player-3,33,16,29,34
459,11,17,0.06150011904537678,player-1,41,16,33,35
459,12,18,0.046416185796260834,player-3,46,21,35,40
459,13,20,0.07612514309585094,player-2,46,32,39,47
459,14,27,0.06737513467669487,player-2,49,37,43,52
459,15,17,0.059750163927674294,player-1,57,40,47,58
460,1,17,0.05050003528594971,player-3,4,0,4,3
460,2,19,0.0649578869342804,player-2,4,8,9,5
460,3,17,0.05066697485744953,player-1,6,8,12,5
460,4,18,0.04579196684062481,player-3,7,8,14,5
460,5,21,0.061499886214733124,player-3,11,9,19,5
460,6,18,0.05612499080598354,player-1,17,14,22,10
460,7,17,0.05550007335841656,player-1,18,15,22,13
460,8,19,0.054666073992848396,player-4,20,17,24,15
460,9,17,0.05066697485744953,player-3,25,21,27,20
460,10,17,0.048667192459106445,player-4,29,22,31,22
460,11,20,0.048625050112605095,player-4,30,24,38,26
460,12,20,0.058791134506464005,player-1,45,32,48,26
460,13,17,0.07362500764429569,player-3,49,38,50,27
460,14,17,0.057374825701117516,player-4,52,42,58,31
461,1,18,0.05250005051493645,player-1,7,0,0,6
461,2,19,0.07287482731044292,player-3,9,1,6,11
461,3,19,0.05320901982486248,player-4,10,2,9,14
461,4,18,0.05287490785121918,player-4,10,3,11,20
461,5,17,0.06845803000032902,player-4,11,3,16,22
461,6,19,0.05870801396667957,player-3,12,3,20,24
461,7,28,0.059165991842746735,player-1,18,4,22,24
461,8,18,0.05187490023672581,player-4,21,6,24,30
461,9,19,0.0614591408520937,player-2,24,9,33,31
461,10,17,0.06304215639829636,player-1,39,15,37,38
461,11,17,0.07162499241530895,player-2,42,21,40,45
461,12,17,0.0502078328281641,player-3,45,24,46,46
461,13,18,0.05983281880617142,player-1,50,26,46,51
461,14,18,0.05408306606113911,player-2,54,37,51,54
462,1,23,0.08599995635449886,player-2,9,2,10,7
462,2,18,0.043665990233421326,player-2,15,4,12,7
462,3,20,0.0665830448269844,player-1,17,9,13,11
462,4,18,0.055666081607341766,player-4,18,11,15,15
462,5,19,0.053040916100144386,player-2,23,13,19,17
462,6,19,0.05645793862640858,player-3,23,14,23,19
462,7,18,0.047459034249186516,player-3,24,19,31,21
462,8,17,0.059042125940322876,player-3,31,23,39,23
462,9,19,0.05029095336794853,player-2,31,27,44,24
462,10,19,0.06162491627037525,player-3,34,29,48,29
462,11,19,0.05350005812942982,player-4,34,29,52,31
462,12,17,0.05312496796250343,player-3,39,30,60,37
462,13,23,0.07091602310538292,player-2,45,38,64,39
463,1,21,0.06079208105802536,player-2,5,8,2,2
463,2,18,0.05745794624090195,player-4,6,10,5,9
463,3,19,0.04687486216425896,player-2,8,12,5,11
463,4,18,0.050083035603165627,player-2,13,17,9,14
463,5,22,0.06604217924177647,player-3,16,22,10,18
463,6,17,0.04887511022388935,player-3,18,26,19,18
463,7,20,0.05212496034801006,player-3,24,30,24,19
463,8,17,0.05974993109703064,player-1,29,30,29,20
463,9,17,0.047708163037896156,player-2,30,34,31,21
463,10,17,0.055042095482349396,player-3,36,35,40,22
463,11,19,0.04758313298225403,player-2,36,39,40,26
463,12,19,0.05287514068186283,player-3,38,39,48,27
463,13,22,0.04758313298225403,player-3,40,40,62,27
464,1,17,0.06670784205198288,player-2,2,14,0,8
464,2,21,0.08820788934826851,player-3,13,14,3,12
464,3,17,0.04512490704655647,player-4,17,16,3,18
464,4,19,0.052666058763861656,player-3,18,23,7,20
464,5,18,0.08641695603728294,player-3,21,31,9,22
464,6,17,0.10120798833668232,player-3,28,33,15,26
464,7,18,0.04850002005696297,player-1,32,33,16,31
464,8,17,0.07175002247095108,player-1,34,38,18,38
464,9,17,0.04579196684062481,player-2,36,42,20,41
464,10,21,0.09429198689758778,player-3,40,43,27,42
464,11,17,0.04170904867351055,player-4,44,43,28,46
464,12,20,0.056167133152484894,player-4,45,43,32,56
464,13,17,0.045958906412124634,player-2,49,47,32,57
465,1,17,0.0452499371021986,player-1,2,2,2,0
465,2,17,0.04279217682778835,player-2,4,6,4,0
465,3,18,0.06787502206861973,player-4,12,10,12,10
465,4,18,0.07433281280100346,player-1,20,12,18,12
465,5,17,0.04279217682778835,player-1,23,12,20,16
465,6,19,0.07945811375975609,player-4,31,14,30,18
465,7,18,0.053625088185071945,player-4,34,16,30,26
465,8,19,0.05970802158117294,player-2,35,24,34,28
465,9,17,0.05529099144041538,player-1,36,27,39,34
465,10,21,0.06949994713068008,player-2,40,37,44,37
465,11,17,0.04570791497826576,player-3,40,37,51,40
465,12,17,0.050999922677874565,player-4,40,38,54,45
465,13,17,0.06329198367893696,player-1,50,45,56,49
466,1,22,0.06287498399615288,player-2,0,5,3,2
466,2,17,0.04645809531211853,player-2,0,12,3,3
466,3,18,0.041207997128367424,player-4,5,14,5,9
466,4,20,0.05341717042028904,player-3,11,19,10,11
466,5,19,0.05091703496873379,player-3,21,19,13,11
466,6,21,0.06070802919566631,player-2,23,22,15,13
466,7,17,0.056541990488767624,player-3,23,27,18,13
466,8,19,0.08012494072318077,player-2,30,31,20,19
466,9,21,0.05679205060005188,player-1,35,32,20,22
466,10,18,0.058916863054037094,player-3,36,35,26,24
466,11,17,0.06091594696044922,player-3,40,40,36,24
466,12,17,0.04950002767145634,player-4,40,45,38,27
466,13,17,0.05450006574392319,player-1,49,57,47,27
466,14,18,0.051167095080018044,player-3,54,63,50,34
467,1,19,0.047416891902685165,player-3,4,1,2,0
467,2,18,0.04591699689626694,player-3,4,8,6,2
467,3,17,0.04687486216425896,player-3,6,10,14,3
467,4,17,0.05208305083215237,player-4,6,10,18,8
467,5,17,0.05712499842047691,player-1,17,11,18,10
467,6,17,0.05229213275015354,player-2,20,17,20,16
467,7,26,0.0677499920129776,none,25,22,22,17
467,8,17,0.04479195922613144,player-4,27,23,24,22
467,9,17,0.04875008016824722,player-1,35,23,24,26
467,10,17,0.056791817769408226,player-2,39,24,28,28
467,11,23,0.055416952818632126,player-1,42,29,29,28
467,12,18,0.04600011743605137,player-1,46,33,32,31
467,13,17,0.04575005732476711,player-1,48,35,34,31
467,14,21,0.05329190753400326,player-2,49,38,34,36
467,15,19,0.04795822314918041,player-1,52,38,39,38
467,16,19,0.045582884922623634,player-2,56,39,39,41
467,17,17,0.04775007255375385,player-1,58,40,48,41
468,1,17,0.04670885391533375,player-3,2,5,4,0
468,2,18,0.0588749535381794,player-1,8,6,6,5
468,3,18,0.04875008016824722,player-2,10,8,10,11
468,4,19,0.052208080887794495,player-4,15,10,12,14
468,5,22,0.0477079302072525,player-4,18,11,17,19
468,6,17,0.045291148126125336,player-4,20,11,18,27
468,7,17,0.04975008778274059,player-1,27,11,18,29
468,8,17,0.040833838284015656,player-2,27,22,21,31
468,9,17,0.05475012585520744,player-3,32,26,27,34
468,10,20,0.04883413203060627,player-3,36,26,28,36
468,11,19,0.06908411160111427,player-3,38,30,29,44
468,12,17,0.05345814861357212,player-2,41,35,29,44
468,13,25,0.056833960115909576,none,42,35,31,48
468,14,18,0.07270812056958675,player-1,48,36,37,53
468,15,17,0.06041605956852436,player-1,58,38,39,55
468,16,20,0.06125005893409252,player-1,72,44,39,58
469,1,19,0.04529207944869995,player-3,4,2,0,3
469,2,23,0.07216702215373516,player-4,7,6,4,6
469,3,19,0.05679205060005188,player-1,12,6,5,8
469,4,17,0.04779198206961155,player-4,13,8,9,11
469,5,17,0.0577080063521862,player-1,19,14,9,19
469,6,18,0.04833308048546314,player-3,19,16,16,25
469,7,17,0.04975008778274059,player-3,26,22,18,26
469,8,18,0.05666702054440975,player-1,39,28,18,27
469,9,17,0.047042034566402435,player-1,45,31,20,28
469,10,18,0.04754099063575268,player-3,46,31,31,29
469,11,18,0.038667116314172745,player-4,46,33,31,31
469,12,17,0.05733314901590347,player-4,48,38,33,38
469,13,20,0.05874992348253727,player-4,53,39,38,39
469,14,18,0.05070795305073261,player-3,53,42,45,41
469,15,17,0.05683302879333496,player-3,60,42,53,42
470,1,17,0.05745794624090195,player-4,4,4,3,2
470,2,17,0.05129212513566017,player-1,7,4,6,4
470,3,15,0.03187498077750206,none,7,5,6,4
470,4,18,0.059416983276605606,player-4,10,8,8,7
470,5,20,0.058459118008613586,player-3,10,10,12,9
470,6,17,0.052541960030794144,player-1,11,14,14,13
470,7,20,0.03916607238352299,none,18,14,14,15
470,8,17,0.04733400419354439,player-3,23,19,20,15
470,9,17,0.05224999040365219,player-4,26,22,20,19
470,10,19,0.06120908074080944,player-3,30,24,28,21
470,11,18,0.050999922677874565,player-3,33,25,32,24
470,12,18,0.043999869376420975,player-4,36,30,34,25
470,13,30,0.06916606798768044,none,40,31,37,30
470,14,18,0.05195802077651024,player-2,40,37,38,34
470,15,19,0.04595797508955002,player-4,40,39,40,40
470,16,18,0.05270913243293762,player-4,40,40,44,45
470,17,21,0.0599580816924572,player-4,41,40,47,54
470,18,18,0.046625034883618355,player-2,43,41,50,57
470,19,17,0.05795806646347046,player-2,47,43,56,57
471,1,29,0.061583006754517555,none,0,0,3,1
471,2,17,0.07516681216657162,player-1,5,0,7,2
471,3,18,0.052541960030794144,player-3,9,5,10,2
471,4,18,0.04979199729859829,player-4,13,10,13,4
471,5,17,0.07041590288281441,player-4,23,12,21,11
471,6,19,0.06433296948671341,player-3,27,15,34,11
471,7,17,0.051208073273301125,player-2,29,19,37,17
471,8,19,0.060125021263957024,player-1,33,20,41,21
471,9,17,0.046042026951909065,player-4,34,22,41,30
471,10,23,0.06458302959799767,player-3,39,25,43,31
471,11,17,0.055999960750341415,player-2,43,30,45,34
471,12,18,0.05137501284480095,player-4,43,31,46,39
471,13,18,0.05625002086162567,player-1,44,35,47,42
471,14,18,0.0491670798510313,player-2,46,46,47,42
471,15,18,0.04491698928177357,player-3,48,49,51,42
471,16,17,0.04779198206961155,player-3,48,49,55,50
472,1,25,0.07979082874953747,player-1,7,6,3,6
472,2,17,0.04912493750452995,player-2,9,9,5,9
472,3,20,0.06183306686580181,player-2,11,20,7,11
472,4,17,0.04337495192885399,player-4,12,20,8,18
472,5,17,0.045459019020199776,player-1,19,23,8,19
472,6,17,0.04479195922613144,player-2,21,28,10,22
472,7,18,0.04658382385969162,player-4,21,29,13,25
472,8,17,0.05791592411696911,player-4,21,30,16,26
472,9,17,0.05612499080598354,player-1,34,30,21,27
472,10,20,0.07104198448359966,player-1,38,36,24,32
472,11,22,0.06600003689527512,player-4,38,39,26,36
472,12,17,0.07745902985334396,player-4,42,45,32,46
472,13,17,0.060165999457240105,player-1,45,49,37,49
472,14,18,0.060542020946741104,player-3,45,52,44,50
473,1,17,0.046457862481474876,player-3,0,4,6,4
473,2,20,0.06062490865588188,player-3,0,6,9,5
473,3,17,0.07283291779458523,player-1,5,12,9,7
473,4,19,0.06120791658759117,player-4,9,13,12,8
473,5,18,0.05154102109372616,player-4,11,17,19,11
473,6,18,0.055999960750341415,player-1,24,19,22,14
473,7,20,0.05874992348253727,player-4,31,21,24,23
473,8,17,0.05212496034801006,player-2,35,25,27,25
473,9,20,0.0665830448269844,player-2,37,32,32,31
473,10,27,0.07579103112220764,player-2,37,37,38,34
473,11,24,0.06679189391434193,player-4,40,42,45,43
473,12,17,0.038250116631388664,player-2,41,48,45,45
473,13,18,0.0627920962870121,player-4,45,50,48,51
474,1,17,0.0491670798510313,player-4,0,2,3,7
474,2,17,0.056999968364834785,player-1,6,2,6,7
474,3,17,0.04595797508955002,player-2,7,8,10,7
474,4,22,0.06458279676735401,player-4,14,8,13,16
474,5,17,0.047999899834394455,player-4,16,10,13,19
474,6,20,0.0575000885874033,player-4,22,15,19,25
474,7,21,0.05595805123448372,player-2,24,21,25,27
474,8,18,0.04895799793303013,player-4,24,23,30,29
474,9,17,0.04912493750452995,player-4,24,24,35,34
474,10,17,0.04654098302125931,player-1,27,24,37,39
474,11,19,0.06404193118214607,player-4,29,27,41,43
474,12,18,0.04708394408226013,player-4,29,29,43,50
474,13,17,0.05383300594985485,player-4,29,34,43,50
474,14,17,0.05054217763245106,player-1,37,36,43,50
474,15,17,0.06437511183321476,player-2,37,40,45,52
474,16,18,0.049833906814455986,player-4,42,42,46,60
475,1,21,0.06816582754254341,player-2,3,1,6,3
475,2,20,0.05295802839100361,player-2,5,2,6,6
475,3,22,0.057416968047618866,player-1,8,5,9,14
475,4,19,0.045666005462408066,player-3,11,12,19,16
475,5,17,0.057666096836328506,player-2,13,20,21,19
475,6,17,0.050582922995090485,player-3,14,27,24,22
475,7,18,0.05425000563263893,player-1,16,35,28,24
475,8,17,0.04912493750452995,player-1,24,39,34,26
475,9,19,0.04466692917048931,player-4,27,42,36,32
475,10,21,0.05512498319149017,player-3,29,42,44,35
475,11,18,0.048083020374178886,player-1,34,45,46,37
475,12,18,0.039874808862805367,player-2,36,48,48,38
475,13,26,0.05012494511902332,none,37,48,48,43
475,14,19,0.048459041863679886,player-1,41,48,48,46
475,15,17,0.05320901982486248,player-4,43,51,52,49
476,1,20,0.047958921641111374,player-3,5,1,5,2
476,2,17,0.04454189911484718,player-1,9,7,6,7
476,3,18,0.06791716441512108,player-3,13,12,7,7
476,4,17,0.05129212513566017,player-3,13,16,15,12
476,5,24,0.06479187868535519,player-3,17,20,21,19
476,6,20,0.04816707223653793,player-4,22,22,22,21
476,7,17,0.05341600626707077,player-2,26,26,28,23
476,8,22,0.0552500132471323,player-4,26,27,33,27
476,9,32,0.065250089392066,none,29,27,36,28
476,10,20,0.06550014950335026,player-4,30,30,40,31
476,11,17,0.04270905628800392,player-2,35,42,40,31
476,12,25,0.04987511783838272,none,36,45,43,34
476,13,20,0.057999975979328156,player-3,42,45,48,35
476,14,25,0.059416983276605606,player-1,49,48,50,42
476,15,22,0.06337510421872139,player-3,51,56,56,46
477,1,17,0.042082974687218666,player-3,0,3,7,2
477,2,18,0.04283292219042778,player-1,5,7,7,3
477,3,17,0.04437495954334736,player-1,6,7,10,6
477,4,19,0.06166589446365833,player-4,7,10,13,13
477,5,28,0.055459095165133476,player-2,8,12,18,15
477,6,18,0.052167102694511414,player-1,20,14,22,16
477,7,21,0.055833952501416206,player-1,21,19,23,23
477,8,18,0.045416876673698425,player-3,25,20,26,29
477,9,17,0.04800013266503811,player-3,25,21,33,31
477,10,17,0.05620904266834259,player-4,28,26,35,36
477,11,29,0.07445807568728924,player-1,31,32,43,45
477,12,17,0.05083298310637474,player-2,34,38,45,48
477,13,18,0.0499580055475235,player-4,35,41,46,54
477,14,30,0.05887518636882305,player-1,38,44,48,57
478,1,18,0.05362485535442829,player-3,0,0,5,1
478,2,23,0.05929218605160713,player-1,6,1,9,2
478,3,17,0.040667131543159485,player-4,9,5,11,3
478,4,17,0.059416983276605606,player-1,15,8,14,4
478,5,22,0.04708394408226013,none,15,10,16,5
478,6,19,0.05408399738371372,player-1,20,10,18,8
478,7,17,0.06150011904537678,player-4,20,20,25,16
478,8,19,0.05024997517466545,player-3,24,20,28,19
478,9,17,0.03954092971980572,player-2,26,26,28,19
478,10,22,0.05895807407796383,none,27,30,30,20
478,11,27,0.0635411124676466,player-2,29,35,33,23
478,12,19,0.06704195402562618,player-3,31,38,34,27
478,13,17,0.04987511783838272,player-2,34,45,34,29
478,14,18,0.04466692917048931,player-4,36,45,34,30
478,15,19,0.05620787851512432,player-2,45,49,39,34
478,16,20,0.052208080887794495,player-4,47,49,43,40
478,17,20,0.058582983911037445,player-1,53,50,46,42
478,18,17,0.042458996176719666,player-3,55,51,52,44
479,1,17,0.04170904867351055,player-4,0,0,0,6
479,2,17,0.05629216320812702,player-1,7,2,3,9
479,3,19,0.048666028305888176,player-4,8,4,4,10
479,4,18,0.052208080887794495,player-4,10,5,5,10
479,5,17,0.045459019020199776,player-4,13,7,5,11
479,6,23,0.06483402103185654,player-3,25,16,9,15
479,7,17,0.06091711111366749,player-2,33,17,10,18
479,8,18,0.04962482489645481,player-4,34,18,11,25
479,9,17,0.042625004425644875,player-4,35,21,15,29
479,10,24,0.046083005145192146,none,36,23,19,30
479,11,30,0.06150011904537678,none,37,23,27,32
479,12,17,0.059540849179029465,player-3,37,25,31,33
479,13,19,0.06037508137524128,player-2,40,38,36,37
479,14,19,0.06941682659089565,player-3,44,41,40,39
479,15,17,0.04437495954334736,player-2,48,42,43,40
479,16,18,0.049625057727098465,player-4,52,50,49,51
480,1,17,0.04412513226270676,player-2,2,7,2,0
480,2,18,0.06529083475470543,player-4,6,10,6,1
480,3,17,0.05654105916619301,player-4,6,13,8,8
480,4,17,0.03958307206630707,player-1,9,13,9,9
480,5,17,0.05970802158117294,player-2,12,19,9,10
480,6,17,0.05533290095627308,player-3,17,19,14,11
480,7,18,0.050250208005309105,player-1,19,23,17,13
480,8,23,0.06208289414644241,player-3,21,28,26,19
480,9,29,0.05704187788069248,player-2,26,28,28,22
480,10,17,0.05091703496873379,player-3,28,30,32,23
480,11,21,0.059374840930104256,player-4,36,32,38,27
480,12,18,0.0513328704982996,player-2,37,39,45,30
480,13,17,0.04658382385969162,player-2,40,41,49,32
480,14,17,0.05429214797914028,player-3,40,47,53,34
480,15,17,0.043208012357354164,player-4,43,47,55,39
480,16,17,0.051958952099084854,player-1,47,50,56,39
481,1,19,0.05920790135860443,player-1,2,2,2,0
481,2,17,0.09929109364748001,player-4,2,2,3,4
481,3,19,0.05929102189838886,player-3,5,4,8,6
481,4,20,0.05041714757680893,player-1,18,6,9,9
481,5,17,0.040125101804733276,player-3,19,8,16,9
481,6,17,0.04691700451076031,player-4,19,11,17,14
481,7,17,0.04791701212525368,player-1,29,16,21,14
481,8,20,0.07695797830820084,player-1,35,21,29,14
481,9,17,0.04437519237399101,player-3,35,23,35,15
481,10,17,0.05208398215472698,player-4,36,25,37,23
481,11,17,0.04395795986056328,player-1,42,28,40,26
481,12,17,0.06641587242484093,player-2,47,37,44,26
481,13,17,0.04933401942253113,player-3,48,39,49,26
481,14,17,0.04754215478897095,player-4,49,42,51,36
482,1,18,0.04933308809995651,player-3,5,2,4,0
482,2,17,0.053042080253362656,player-3,10,3,10,1
482,3,17,0.041250139474868774,player-4,13,5,13,3
482,4,17,0.04470790736377239,player-1,21,5,18,9
482,5,17,0.06712507456541061,player-2,26,8,22,10
482,6,21,0.053374795243144035,none,29,12,27,11
482,7,17,0.055916840210556984,player-4,29,16,31,13
482,8,24,0.07166690193116665,player-4,34,22,34,17
482,9,18,0.05379202775657177,player-3,37,27,39,19
482,10,18,0.058959005400538445,player-4,38,29,47,35
482,11,18,0.04587508738040924,player-1,41,29,51,36
482,12,18,0.05124998278915882,player-2,43,36,56,39
482,13,17,0.051165930926799774,player-2,46,39,56,42
483,1,21,0.06312504410743713,player-4,4,5,0,4
483,2,17,0.042084138840436935,player-1,5,12,1,8
483,3,19,0.05929195322096348,player-4,5,17,1,14
483,4,20,0.05566701292991638,player-2,14,23,6,18
483,5,17,0.08633406832814217,player-4,24,30,13,25
483,6,17,0.049958936870098114,player-1,30,33,19,27
483,7,17,0.04516611807048321,player-2,34,39,21,30
483,8,19,0.06566708907485008,player-1,40,42,25,34
483,9,17,0.053541967645287514,player-4,42,43,30,37
483,10,17,0.05874992348253727,player-1,43,46,32,44
483,11,19,0.05295802839100361,player-4,43,49,33,46
483,12,17,0.053584109991788864,player-3,45,49,35,48
483,13,17,0.06591691635549068,player-4,49,52,43,51
484,1,17,0.0374580267816782,player-4,0,3,3,3
484,2,17,0.05616690032184124,player-1,6,3,5,8
484,3,17,0.050625065341591835,player-2,9,16,5,12
484,4,18,0.06495905108749866,player-4,13,20,10,15
484,5,17,0.048958929255604744,player-4,16,22,11,18
484,6,17,0.05266699008643627,player-1,22,30,12,25
484,7,17,0.04900014027953148,player-2,23,35,16,26
484,8,17,0.059916870668530464,player-3,25,35,21,26
484,9,17,0.056833960115909576,player-4,29,37,24,31
484,10,17,0.03833300434052944,player-1,30,37,26,35
484,11,17,0.05937507376074791,player-2,37,38,27,39
484,12,17,0.057791126891970634,player-3,40,42,31,39
484,13,17,0.040499959141016006,player-4,42,44,33,42
484,14,29,0.056999968364834785,player-1,45,47,33,45
484,15,24,0.05491706542670727,player-1,50,50,36,47
484,16,18,0.062000006437301636,player-4,58,50,41,55
485,1,17,0.04837499000132084,player-1,0,3,0,0
485,2,19,0.05804188549518585,player-4,0,9,0,15
485,3,33,0.07637497037649155,player-3,3,11,7,15
485,4,17,0.0677499920129776,player-4,7,12,11,22
485,5,18,0.049625057727098465,player-2,12,14,12,22
485,6,17,0.0355839729309082,none,15,16,12,23
485,7,17,0.041041988879442215,player-3,16,17,17,25
485,8,17,0.06345799192786217,player-4,19,18,19,30
485,9,27,0.06449990905821323,player-3,22,19,24,30
485,10,23,0.06587500683963299,player-4,22,22,24,42
485,11,17,0.05162484012544155,player-3,22,25,28,42
485,12,17,0.06758305244147778,player-4,25,26,30,47
485,13,20,0.07070810534060001,player-4,30,27,34,51
485,14,17,0.03991695120930672,none,30,30,34,51
485,15,17,0.056999968364834785,player-3,32,30,44,51
485,16,19,0.042625004425644875,player-2,34,41,48,53
485,17,20,0.05383300594985485,player-4,35,47,48,55
486,1,17,0.05333288572728634,player-3,2,0,4,0
486,2,17,0.05237502045929432,player-4,3,4,8,6
486,3,18,0.04579196684062481,player-2,7,9,12,8
486,4,17,0.04650000482797623,player-2,13,14,14,10
486,5,17,0.05079200491309166,player-3,16,17,17,12
486,6,22,0.07641687989234924,player-1,23,17,17,22
486,7,19,0.04950002767145634,player-3,24,19,21,23
486,8,19,0.05616690032184124,player-4,33,23,25,32
486,9,17,0.04775007255375385,player-3,34,23,29,33
486,10,25,0.0738329254090786,player-4,36,30,32,37
486,11,19,0.048582907766103745,player-3,41,33,33,43
486,12,18,0.0644591636955738,player-3,45,43,45,43
486,13,17,0.051666051149368286,player-3,45,47,51,47
486,14,17,0.05012494511902332,player-4,45,48,54,54
487,1,29,0.07212487980723381,player-4,5,2,2,1
487,2,18,0.05412520840764046,player-2,12,4,6,10
487,3,18,0.04787510260939598,player-3,14,8,8,13
487,4,20,0.0575000885874033,player-2,14,13,15,13
487,5,21,0.05970918573439121,player-4,16,17,15,25
487,6,17,0.0624579843133688,player-1,22,25,19,30
487,7,18,0.048208050429821014,player-3,24,30,21,32
487,8,19,0.05904189310967922,player-1,35,36,29,35
487,9,20,0.054999953135848045,player-3,39,45,36,37
487,10,20,0.057958997786045074,player-4,41,49,36,45
487,11,21,0.055999960750341415,player-2,43,54,44,50
488,1,17,0.05024997517466545,player-1,5,0,2,0
488,2,17,0.05170912481844425,player-2,8,12,3,1
488,3,23,0.051250215619802475,none,8,15,4,3
488,4,17,0.04787510260939598,player-4,10,18,7,9
488,5,22,0.05283299833536148,player-2,13,20,8,11
488,6,18,0.05041598342359066,player-3,18,21,9,14
488,7,21,0.05220901221036911,player-3,21,22,15,14
488,8,31,0.07683411240577698,player-2,24,29,16,15
488,9,17,0.0399579294025898,player-1,25,32,16,15
488,10,18,0.05487515591084957,player-3,27,33,20,17
488,11,18,0.04016701132059097,player-4,27,36,20,24
488,12,17,0.050582922995090485,player-4,28,37,22,30
488,13,17,0.053042080253362656,player-1,34,41,22,30
488,14,18,0.050999922677874565,player-3,39,41,28,33
488,15,17,0.04512490704655647,player-3,44,42,31,35
488,16,18,0.06108288653194904,player-1,53,44,35,39
488,17,17,0.06866687908768654,player-1,57,44,36,44
488,18,17,0.04333304241299629,player-2,57,47,38,45
488,19,17,0.049625057727098465,player-3,59,52,41,47
489,1,27,0.0696659553796053,none,2,1,2,3
489,2,17,0.04004104994237423,player-4,2,2,4,6
489,3,17,0.04804180935025215,player-1,8,2,6,7
489,4,18,0.047999899834394455,player-3,10,4,11,10
489,5,17,0.045165885239839554,player-3,15,7,15,16
489,6,18,0.04270905628800392,player-1,17,9,15,19
489,7,17,0.04870910197496414,player-1,18,11,15,19
489,8,17,0.04424992948770523,player-2,18,14,17,22
489,9,20,0.05550007335841656,player-2,20,19,17,24
489,10,17,0.05341717042028904,player-4,24,26,17,28
489,11,18,0.05625002086162567,player-2,27,33,22,28
489,12,17,0.07612491026520729,player-2,27,43,25,31
489,13,20,0.06295787170529366,player-2,36,46,26,37
489,14,24,0.09366706945002079,player-3,36,46,33,40
489,15,18,0.04349998198449612,player-2,36,47,34,44
489,16,20,0.05570892244577408,player-1,43,54,36,50
490,1,17,0.04537496715784073,player-3,2,0,4,1
490,2,17,0.04370789974927902,player-4,4,3,4,2
490,3,18,0.060125021263957024,player-2,5,6,8,3
490,4,18,0.06358395330607891,player-3,7,11,18,6
490,5,17,0.05233287811279297,player-3,11,14,30,6
490,6,18,0.06704102270305157,player-1,15,14,32,12
490,7,17,0.045625027269124985,player-1,24,16,36,12
490,8,17,0.04349998198449612,player-2,24,19,39,12
490,9,17,0.05195802077651024,player-3,30,23,42,13
490,10,18,0.06000022403895855,player-1,36,25,46,21
490,11,17,0.04675006493926048,player-1,44,28,48,24
490,12,23,0.08324999362230301,player-4,44,39,48,39
490,13,19,0.056791119277477264,player-1,47,43,50,44
490,14,20,0.055916840210556984,player-3,47,43,54,45
491,1,17,0.05054217763245106,player-1,3,1,2,2
491,2,17,0.06716698408126831,player-2,3,14,6,5
491,3,22,0.06487499922513962,player-4,8,15,16,7
491,4,18,0.05150004290044308,player-1,11,16,20,7
491,5,19,0.05429098382592201,player-3,13,16,20,9
491,6,17,0.05475012585520744,player-2,16,25,20,10
491,7,18,0.07225014269351959,player-4,17,27,22,11
491,8,17,0.0580840278416872,player-4,17,27,24,26
491,9,24,0.061416998505592346,player-4,21,32,27,28
491,10,20,0.06120791658759117,player-1,27,41,32,31
491,11,17,0.05333311855792999,player-3,28,41,42,33
491,12,18,0.05370890721678734,player-1,38,49,46,40
491,13,18,0.04254188388586044,player-2,38,58,46,41
491,14,20,0.063000014051795,player-1,43,60,50,44
492,1,18,0.06387499161064625,player-2,2,8,4,3
492,2,19,0.042667146772146225,player-4,2,11,6,6
492,3,17,0.04854192957282066,player-3,5,13,7,7
492,4,18,0.05516689270734787,player-1,6,17,7,13
492,5,17,0.04833308048546314,player-1,19,17,13,14
492,6,19,0.05066697485744953,player-4,24,22,16,18
492,7,20,0.07341685704886913,player-2,28,27,19,22
492,8,19,0.06904196925461292,player-2,28,32,19,24
492,9,17,0.05000014789402485,player-1,32,34,20,27
492,10,24,0.05820882506668568,none,35,38,21,27
492,11,17,0.059999991208314896,player-3,37,39,23,29
492,12,19,0.05374988541007042,player-2,38,42,27,32
492,13,18,0.05449983291327953,player-2,41,47,27,34
492,14,17,0.04966696724295616,player-2,41,52,27,38
492,15,17,0.05425000563263893,player-3,47,60,35,39
492,16,17,0.05850009620189667,player-4,53,64,39,45
493,1,18,0.07529184222221375,player-4,2,7,6,7
493,2,17,0.05316687747836113,player-4,7,17,16,15
493,3,17,0.045582884922623634,player-1,14,19,22,15
493,4,17,0.04712492227554321,player-2,16,22,22,16
493,5,17,0.06187520921230316,player-3,19,25,27,20
493,6,17,0.04695798270404339,player-4,22,29,29,25
493,7,17,0.04724995233118534,player-1,27,31,34,32
493,8,19,0.06841588765382767,player-4,29,33,35,37
493,9,18,0.05224999040365219,player-4,31,36,39,38
493,10,17,0.04350021481513977,player-4,32,38,43,43
493,11,19,0.05675014108419418,player-3,39,43,50,50
493,12,28,0.10504201054573059,player-1,44,48,54,51
493,13,17,0.05208281800150871,player-3,48,51,60,51
494,1,35,0.08158409036695957,none,4,4,4,2
494,2,17,0.056541990488767624,player-2,7,10,5,2
494,3,17,0.05016685463488102,player-3,13,16,7,2
494,4,25,0.06700004450976849,player-4,14,18,9,11
494,5,31,0.09070895612239838,player-3,14,18,17,20
494,6,20,0.09429198689758778,player-1,20,24,26,22
494,7,21,0.052541960030794144,player-3,22,29,30,24
494,8,18,0.06366707384586334,player-1,31,29,36,26
494,9,18,0.04554097540676594,player-2,32,29,37,28
494,10,18,0.05454104393720627,player-3,34,31,42,30
494,11,27,0.07650000043213367,player-1,38,31,46,35
494,12,18,0.052958959713578224,player-1,46,34,47,43
494,13,18,0.05175010301172733,player-2,49,39,50,43
494,14,17,0.0503340270370245,player-2,52,43,52,43
495,1,23,0.059165991842746735,player-4,5,3,0,3
495,2,19,0.05066697485744953,player-1,8,6,3,3
495,3,19,0.051042065024375916,player-2,8,9,3,7
495,4,17,0.04991586320102215,player-1,10,12,5,10
495,5,17,0.0537908636033535,player-2,13,17,7,11
495,6,17,0.05283299833536148,player-3,14,19,11,14
495,7,18,0.05429191514849663,player-1,23,20,14,15
495,8,17,0.0463749747723341,player-1,29,21,19,18
495,9,26,0.05808286368846893,player-3,32,24,33,19
495,10,19,0.04837499000132084,player-1,36,24,35,21
495,11,17,0.057042110711336136,player-4,38,29,35,28
495,12,19,0.0477498397231102,player-3,38,29,38,39
495,13,17,0.043665990233421326,player-2,40,36,39,43
495,14,17,0.04987488500773907,player-3,43,39,42,46
495,15,17,0.045042019337415695,player-4,43,41,46,55
495,16,27,0.06420817226171494,player-3,46,44,50,55
495,17,17,0.04958314821124077,player-2,47,48,53,56
496,1,17,0.05645886994898319,player-2,1,8,2,1
496,2,17,0.056499848142266273,player-3,4,12,15,2
496,3,17,0.045708147808909416,player-4,4,15,22,10
496,4,32,0.06666593253612518,player-4,7,16,35,15
496,5,23,0.06487499922513962,player-4,9,18,37,22
496,6,19,0.06541702896356583,player-1,17,21,43,28
496,7,17,0.04279217682778835,player-4,20,24,43,33
496,8,18,0.05258386954665184,player-2,26,30,47,39
496,9,20,0.05900021642446518,player-1,36,30,47,42
496,10,21,0.0637909397482872,player-3,38,33,57,47
496,11,17,0.04304107278585434,player-4,38,33,60,51
496,12,20,0.04866695962846279,player-4,40,34,62,52
497,1,17,0.05904189310967922,player-3,6,1,16,4
497,2,19,0.05541718564927578,player-2,9,11,18,5
497,3,17,0.05787494592368603,player-1,20,12,18,6
497,4,17,0.0425421167165041,player-2,20,19,18,7
497,5,17,0.03812485374510288,player-3,20,22,23,7
497,6,20,0.06604194641113281,player-3,25,26,24,13
497,7,20,0.06233295425772667,player-4,26,27,26,21
497,8,17,0.045208027586340904,player-2,27,32,30,22
497,9,19,0.06166589446365833,player-1,29,35,32,23
497,10,20,0.048999907448887825,player-3,32,41,38,26
497,11,17,0.04850002005696297,player-1,39,41,38,28
497,12,17,0.06449990905821323,player-2,45,41,42,31
497,13,19,0.0463330652564764,none,50,43,42,33
497,14,18,0.058125006034970284,player-1,56,44,45,38
498,1,19,0.05379202775657177,player-2,1,6,4,5
498,2,22,0.06208312697708607,player-2,3,9,5,9
498,3,18,0.07395795546472073,player-3,3,15,11,11
498,4,19,0.07345806807279587,player-1,9,21,17,19
498,5,17,0.054666073992848396,player-4,11,24,20,24
498,6,18,0.0754999928176403,player-2,15,30,23,27
498,7,19,0.05337502807378769,player-4,16,39,23,38
498,8,17,0.05191704258322716,player-3,19,40,24,39
498,9,21,0.05729100666940212,player-4,19,43,25,46
498,10,17,0.05537504330277443,player-1,24,43,26,46
498,11,25,0.06670784205198288,player-2,27,49,26,50
498,12,19,0.06379187107086182,player-1,31,55,26,54
499,1,18,0.05350005812942982,player-2,4,7,6,2
499,2,19,0.0535410363227129,none,4,9,6,2
499,3,18,0.04383409395813942,player-4,4,15,9,15
499,4,17,0.05737505853176117,player-4,9,23,12,20
499,5,21,0.050042057409882545,player-1,15,26,14,21
499,6,18,0.058542005717754364,player-3,15,27,19,21
499,7,19,0.06845803000032902,player-1,21,28,21,29
499,8,18,0.06620888598263264,player-1,23,30,29,34
499,9,19,0.07395888678729534,player-3,25,35,32,35
499,10,18,0.06841705180704594,player-3,25,35,44,36
499,11,17,0.06320793181657791,player-3,25,42,51,42
499,12,22,0.04929187707602978,player-1,30,48,55,43
499,13,18,0.059416983276605606,player-2,36,58,57,45
500,1,17,0.05612499080598354,player-4,8,4,5,14
500,2,19,0.0594588927924633,player-3,11,6,12,14
500,3,22,0.05654222331941128,player-3,11,13,14,20
500,4,17,0.049833906814455986,player-3,12,16,15,24
500,5,17,0.046833883970975876,player-4,14,19,16,30
500,6,17,0.04770886152982712,player-1,20,23,16,31
500,7,19,0.058042118325829506,player-4,24,28,20,36
500,8,21,0.05412520840764046,player-3,24,34,23,42
500,9,18,0.06379187107086182,player-1,30,37,27,49
500,10,20,0.054208096116781235,player-4,32,37,27,54
500,11,18,0.04608393646776676,player-3,36,38,29,59
500,12,17,0.06500002928078175,player-3,42,42,32,61
